Date,Adj Close,Close,High,Low,Open,Volume,DataCollectedAt
2022-03-08,19.55973243713379,25.274999618530273,25.43000030517578,25.200000762939453,25.399999618530273,22000,2026-10-07
2022-03-09,19.110107421875,24.694000244140625,25.256000518798828,24.51300048828125,25.256000518798828,17600,2026-10-07
2022-03-10,19.33144187927246,24.979999542236328,24.979999542236328,24.709999084472656,24.81999969482422,3400,2026-10-07
2022-03-11,19.33220672607422,24.981000900268555,24.981000900268555,24.770000457763672,24.850000381469727,7400,2026-10-07
2022-03-14,18.801332473754883,24.295000076293945,24.739999771118164,24.2450008392334,24.739999771118164,9500,2026-10-07
2022-03-15,18.751039505004883,24.229999542236328,24.420000076293945,24.229999542236328,24.235000610351562,4200,2026-10-07
2022-03-16,18.714664459228516,24.183000564575195,24.239999771118164,24.149999618530273,24.239999771118164,2400,2026-10-07
2022-03-17,18.788179397583008,24.277999877929688,24.459999084472656,24.266000747680664,24.459999084472656,1400,2026-10-07
2022-03-18,18.527376174926758,23.94099998474121,24.219999313354492,23.94099998474121,24.219999313354492,3700,2026-10-07
2022-03-21,18.781986236572266,24.270000457763672,24.34000015258789,24.020000457763672,24.239999771118164,4400,2026-10-07
2022-03-22,18.658166885375977,24.110000610351562,24.219999313354492,24.070999145507812,24.219999313354492,3300,2026-10-07
2022-03-23,18.763412475585938,24.246000289916992,24.299999237060547,24.229999542236328,24.299999237060547,1400,2026-10-07
2022-03-24,18.74019432067871,24.215999603271484,24.290000915527344,24.06999969482422,24.260000228881836,4200,2026-10-07
2022-03-25,18.76263999938965,24.2450008392334,24.270000457763672,24.200000762939453,24.200000762939453,3400,2026-10-07
2022-03-28,18.667451858520508,24.121999740600586,24.190000534057617,24.121999740600586,24.190000534057617,3200,2026-10-07
2022-03-29,18.549821853637695,23.969999313354492,24.0,23.969999313354492,24.0,2000,2026-10-07
2022-03-30,18.699954986572266,24.163999557495117,24.229999542236328,24.163999557495117,24.229999542236328,2400,2026-10-07
2022-03-31,18.625661849975586,24.06800079345703,24.309999465942383,24.06800079345703,24.309999465942383,1900,2026-10-07
2022-04-01,18.706920623779297,24.17300033569336,24.25,24.1299991607666,24.139999389648438,36600,2026-10-07
2022-04-04,18.689119338989258,24.149999618530273,24.31999969482422,24.149999618530273,24.270000457763672,4200,2026-10-07
2022-04-05,18.75490379333496,24.235000610351562,24.235000610351562,24.235000610351562,24.235000610351562,100,2026-10-07
2022-04-06,18.88104248046875,24.398000717163086,24.398000717163086,24.299999237060547,24.299999237060547,700,2026-10-07
2022-04-07,18.952239990234375,24.489999771118164,24.5,24.489999771118164,24.5,300,2026-10-07
2022-04-08,18.88800811767578,24.406999588012695,24.5,24.399999618530273,24.5,6600,2026-10-07
2022-04-11,19.066776275634766,24.63800048828125,24.649999618530273,24.579999923706055,24.610000610351562,3500,2026-10-07
2022-04-12,18.952239990234375,24.489999771118164,24.608999252319336,24.489999771118164,24.608999252319336,4100,2026-10-07
2022-04-13,19.168926239013672,24.770000457763672,24.799999237060547,24.479999542236328,24.56999969482422,6200,2026-10-07
2022-04-14,19.421207427978516,25.09600067138672,25.139999389648438,24.700000762939453,24.700000762939453,2800,2026-10-07
2022-04-18,19.656469345092773,25.399999618530273,25.520000457763672,25.155000686645508,25.209999084472656,14000,2026-10-07
2022-04-19,19.405733108520508,25.076000213623047,25.190000534057617,24.950000762939453,25.190000534057617,4000,2026-10-07
2022-04-20,19.308223724365234,24.950000762939453,25.0,24.8799991607666,25.0,4500,2026-10-07
2022-04-21,19.374006271362305,25.03499984741211,25.09000015258789,24.985000610351562,25.049999237060547,4600,2026-10-07
2022-04-22,19.558185577392578,25.273000717163086,25.329999923706055,25.200000762939453,25.280000686645508,2800,2026-10-07
2022-04-25,19.80350685119629,25.59000015258789,25.649999618530273,25.479000091552734,25.479000091552734,90300,2026-10-07
2022-04-26,19.79808807373047,25.58300018310547,25.649999618530273,25.434999465942383,25.434999465942383,7600,2026-10-07
2022-04-27,20.027158737182617,25.878999710083008,26.96500015258789,25.62700080871582,25.690000534057617,8200,2026-10-07
2022-04-28,20.00935935974121,25.856000900268555,26.038999557495117,25.850000381469727,25.950000762939453,8400,2026-10-07
2022-04-29,20.294139862060547,26.224000930786133,26.270000457763672,25.25,26.059999465942383,18100,2026-10-07
2022-05-02,20.383914947509766,26.34000015258789,26.549999237060547,26.25,26.399999618530273,21700,2026-10-07
2022-05-03,20.383914947509766,26.34000015258789,26.399999618530273,26.260000228881836,26.350000381469727,11700,2026-10-07
2022-05-04,20.20592498779297,26.110000610351562,27.0,26.049999237060547,26.520000457763672,15000,2026-10-07
2022-05-05,20.372303009033203,26.325000762939453,26.5,26.079999923706055,26.079999923706055,9900,2026-10-07
2022-05-06,20.360698699951172,26.309999465942383,26.40999984741211,26.100000381469727,26.3700008392334,95600,2026-10-07
2022-05-09,20.360698699951172,26.309999465942383,28.860000610351562,26.165000915527344,26.43000030517578,167000,2026-10-07
2022-05-10,20.55030059814453,26.55500030517578,26.579999923706055,26.079999923706055,26.079999923706055,25700,2026-10-07
2022-05-11,20.629226684570312,26.656999588012695,26.719999313354492,26.40999984741211,26.559999465942383,22500,2026-10-07
2022-05-12,20.995275497436523,27.1299991607666,28.589000701904297,26.899999618530273,26.979999542236328,66400,2026-10-07
2022-05-13,20.855976104736328,26.950000762939453,27.209999084472656,26.850000381469727,27.030000686645508,55800,2026-10-07
2022-05-16,20.755373001098633,26.81999969482422,27.950000762939453,26.6299991607666,27.030000686645508,62700,2026-10-07
2022-05-17,20.674114227294922,26.71500015258789,26.8799991607666,26.649999618530273,26.770000457763672,82900,2026-10-07
2022-05-18,20.65553855895996,26.69099998474121,26.899999618530273,26.670000076293945,26.809999465942383,14500,2026-10-07
2022-05-19,20.62458610534668,26.650999069213867,27.0,26.549999237060547,26.59000015258789,20900,2026-10-07
2022-05-20,20.612205505371094,26.635000228881836,27.440000534057617,26.34000015258789,26.540000915527344,69700,2026-10-07
2022-05-23,20.67721176147461,26.7189998626709,26.760000228881836,26.459999084472656,26.489999771118164,37800,2026-10-07
2022-05-24,20.53868865966797,26.540000915527344,26.739999771118164,26.43000030517578,26.719999313354492,120100,2026-10-07
2022-05-25,20.76853370666504,26.836999893188477,27.010000228881836,26.700000762939453,26.899999618530273,9100,2026-10-07
2022-05-26,20.70119857788086,26.75,27.110000610351562,26.70800018310547,27.030000686645508,33500,2026-10-07
2022-05-27,20.739896774291992,26.799999237060547,26.829999923706055,26.469999313354492,26.5,27600,2026-10-07
2022-05-31,20.523204803466797,26.520000457763672,26.700000762939453,26.309999465942383,26.649999618530273,68900,2026-10-07
2022-06-01,20.45355987548828,26.43000030517578,26.6200008392334,26.18000030517578,26.6200008392334,30700,2026-10-07
2022-06-02,20.159488677978516,26.049999237060547,27.042999267578125,25.799999237060547,26.170000076293945,43500,2026-10-07
2022-06-03,20.213655471801758,26.1200008392334,26.25,25.979999542236328,26.0,112600,2026-10-07
2022-06-06,20.298786163330078,26.229999542236328,26.239999771118164,26.030000686645508,26.200000762939453,78300,2026-10-07
2022-06-07,20.407129287719727,26.3700008392334,26.459999084472656,26.229999542236328,26.229999542236328,30800,2026-10-07
2022-06-08,20.23687744140625,26.149999618530273,26.399999618530273,26.05500030517578,26.3700008392334,30200,2026-10-07
2022-06-09,20.298786163330078,26.229999542236328,26.229999542236328,25.799999237060547,25.809999465942383,13600,2026-10-07
2022-06-10,20.37618064880371,26.329999923706055,26.350000381469727,26.100000381469727,26.31999969482422,41700,2026-10-07
2022-06-13,20.554170608520508,26.559999465942383,26.639999389648438,26.459999084472656,26.5,13500,2026-10-07
2022-06-14,20.499996185302734,26.489999771118164,26.59000015258789,26.399999618530273,26.59000015258789,52000,2026-10-07
2022-06-15,20.416418075561523,26.381999969482422,26.5,26.309999465942383,26.5,13800,2026-10-07
2022-06-16,20.337480545043945,26.280000686645508,26.450000762939453,26.100000381469727,26.25,108700,2026-10-07
2022-06-17,20.44892120361328,26.423999786376953,26.447999954223633,26.200000762939453,26.260000228881836,10200,2026-10-07
2022-06-21,20.12079429626465,26.0,26.350000381469727,24.229999542236328,26.190000534057617,326800,2026-10-07
2022-06-22,20.44582176208496,26.420000076293945,26.420000076293945,26.290000915527344,26.290000915527344,95600,2026-10-07
2022-06-23,20.739896774291992,26.799999237060547,26.868000030517578,26.485000610351562,26.5,37400,2026-10-07
2022-06-24,20.809541702270508,26.889999389648438,27.25,26.860000610351562,26.8700008392334,70500,2026-10-07
2022-06-27,20.817279815673828,26.899999618530273,27.1200008392334,26.899999618530273,27.049999237060547,11500,2026-10-07
2022-06-28,20.886930465698242,26.989999771118164,27.079999923706055,26.700000762939453,26.889999389648438,51300,2026-10-07
2022-06-29,20.925626754760742,27.040000915527344,27.049999237060547,26.600000381469727,26.790000915527344,23200,2026-10-07
2022-06-30,21.23517608642578,27.440000534057617,27.5,27.020000457763672,27.280000686645508,12600,2026-10-07
2022-07-01,21.475072860717773,27.75,27.940000534057617,27.549999237060547,27.940000534057617,41200,2026-10-07
2022-07-05,22.365039825439453,28.899999618530273,28.969999313354492,28.200000762939453,28.40999984741211,57600,2026-10-07
2022-07-06,22.403732299804688,28.950000762939453,29.55500030517578,28.299999237060547,28.8799991607666,56500,2026-10-07
2022-07-07,22.055484771728516,28.5,30.165000915527344,28.329999923706055,28.510000228881836,29700,2026-10-07
2022-07-08,21.862018585205078,28.25,28.450000762939453,28.0,28.450000762939453,21000,2026-10-07
2022-07-11,21.978097915649414,28.399999618530273,28.41200065612793,28.170000076293945,28.18000030517578,224800,2026-10-07
2022-07-12,22.3572998046875,28.889999389648438,28.889999389648438,28.540000915527344,28.540000915527344,24900,2026-10-07
2022-07-13,22.314735412597656,28.834999084472656,29.040000915527344,28.549999237060547,28.950000762939453,58700,2026-10-07
2022-07-14,22.635894775390625,29.25,29.8799991607666,29.104999542236328,29.329999923706055,55800,2026-10-07
2022-07-15,22.51980972290039,29.100000381469727,29.31999969482422,29.020000457763672,29.239999771118164,34600,2026-10-07
2022-07-18,22.217998504638672,28.709999084472656,28.93000030517578,28.607999801635742,28.93000030517578,46800,2026-10-07
2022-07-19,22.450164794921875,29.010000228881836,29.049999237060547,28.84000015258789,28.850000381469727,18400,2026-10-07
2022-07-20,22.674583435058594,29.299999237060547,29.299999237060547,28.895000457763672,28.920000076293945,22700,2026-10-07
2022-07-21,22.589462280273438,29.190000534057617,29.309999465942383,29.135000228881836,29.30500030517578,33000,2026-10-07
2022-07-22,22.643638610839844,29.260000228881836,29.34000015258789,28.899999618530273,29.09000015258789,55500,2026-10-07
2022-07-25,22.837100982666016,29.510000228881836,29.549999237060547,29.170000076293945,29.170000076293945,44900,2026-10-07
2022-07-26,22.74036979675293,29.385000228881836,29.440000534057617,29.295000076293945,29.440000534057617,191200,2026-10-07
2022-07-27,22.504337310791016,29.079999923706055,29.399999618530273,29.01799964904785,29.190000534057617,47200,2026-10-07
2022-07-28,22.055484771728516,28.5,28.850000381469727,28.389999389648438,28.850000381469727,76400,2026-10-07
2022-07-29,22.016794204711914,28.450000762939453,28.659000396728516,28.31999969482422,28.40999984741211,48900,2026-10-07
2022-08-01,21.99357795715332,28.420000076293945,28.559999465942383,28.389999389648438,28.46500015258789,42300,2026-10-07
2022-08-02,22.217998504638672,28.709999084472656,28.709999084472656,28.510000228881836,28.510000228881836,36800,2026-10-07
2022-08-03,22.202524185180664,28.690000534057617,28.75,28.559999465942383,28.75,26400,2026-10-07
2022-08-04,22.23348045349121,28.729999542236328,28.799999237060547,28.65999984741211,28.65999984741211,39600,2026-10-07
2022-08-05,22.117395401000977,28.579999923706055,28.81999969482422,28.579999923706055,28.690000534057617,23900,2026-10-07
2022-08-08,22.23348045349121,28.729999542236328,28.739999771118164,28.645000457763672,28.729999542236328,110500,2026-10-07
2022-08-09,22.264436721801758,28.770000457763672,28.780000686645508,28.704999923706055,28.739999771118164,19200,2026-10-07
2022-08-10,22.132869720458984,28.600000381469727,29.0,28.3799991607666,28.510000228881836,75800,2026-10-07
2022-08-11,22.047744750976562,28.489999771118164,28.549999237060547,28.389999389648438,28.549999237060547,46400,2026-10-07
2022-08-12,22.04001235961914,28.479999542236328,28.510000228881836,28.389999389648438,28.420000076293945,15100,2026-10-07
2022-08-15,21.994348526000977,28.42099952697754,28.520000457763672,28.334999084472656,28.520000457763672,26900,2026-10-07
2022-08-16,22.202524185180664,28.690000534057617,28.739999771118164,28.459999084472656,28.489999771118164,193600,2026-10-07
2022-08-17,22.310871124267578,28.829999923706055,28.93000030517578,28.760000228881836,28.850000381469727,99100,2026-10-07
2022-08-18,22.341819763183594,28.8700008392334,28.899999618530273,28.739999771118164,28.809999465942383,55800,2026-10-07
2022-08-19,22.341819763183594,28.8700008392334,28.959999084472656,28.790000915527344,28.959999084472656,31700,2026-10-07
2022-08-22,22.597206115722656,29.200000762939453,29.229999542236328,29.033000946044922,29.1299991607666,60000,2026-10-07
2022-08-23,22.415340423583984,28.96500015258789,29.299999237060547,28.825000762939453,29.299999237060547,143800,2026-10-07
2022-08-24,22.42694854736328,28.979999542236328,30.100000381469727,28.924999237060547,28.979999542236328,76600,2026-10-07
2022-08-25,22.450164794921875,29.010000228881836,29.04800033569336,28.89299964904785,28.969999313354492,50800,2026-10-07
2022-08-26,22.496841430664062,28.920000076293945,28.950000762939453,28.719999313354492,28.719999313354492,11800,2026-10-07
2022-08-29,22.613521575927734,29.06999969482422,29.100000381469727,28.902999877929688,29.040000915527344,113500,2026-10-07
2022-08-30,22.745765686035156,29.239999771118164,29.350000381469727,29.040000915527344,29.110000610351562,72100,2026-10-07
2022-08-31,22.948020935058594,29.5,29.540000915527344,29.281999588012695,29.334999084472656,99200,2026-10-07
2022-09-01,23.049148559570312,29.6299991607666,29.770000457763672,29.530000686645508,29.770000457763672,204200,2026-10-07
2022-09-02,22.621301651000977,29.079999923706055,29.420000076293945,28.959999084472656,29.420000076293945,194700,2026-10-07
2022-09-06,22.76910400390625,29.270000457763672,29.382999420166016,29.10099983215332,29.18000030517578,99800,2026-10-07
2022-09-07,22.364595413208008,28.75,29.170000076293945,28.75,29.100000381469727,41700,2026-10-07
2022-09-08,22.434602737426758,28.84000015258789,29.01799964904785,28.790000915527344,28.8700008392334,300800,2026-10-07
2022-09-09,22.48906135559082,28.90999984741211,29.027000427246094,28.760000228881836,28.920000076293945,58000,2026-10-07
2022-09-12,22.372371673583984,28.760000228881836,28.81999969482422,28.549999237060547,28.670000076293945,258200,2026-10-07
2022-09-13,22.89356803894043,29.43000030517578,29.450000762939453,29.110000610351562,29.270000457763672,75600,2026-10-07
2022-09-14,23.080265045166016,29.670000076293945,29.700000762939453,29.450000762939453,29.59000015258789,239400,2026-10-07
2022-09-15,23.07248306274414,29.65999984741211,29.709999084472656,29.510000228881836,29.59000015258789,126700,2026-10-07
2022-09-16,22.986913681030273,29.549999237060547,29.690000534057617,29.545000076293945,29.64699935913086,189100,2026-10-07
2022-09-19,23.14249610900879,29.75,29.799999237060547,29.690000534057617,29.780000686645508,402400,2026-10-07
2022-09-20,23.119155883789062,29.719999313354492,29.770000457763672,29.639999389648438,29.65999984741211,69100,2026-10-07
2022-09-21,23.126941680908203,29.729999542236328,29.87700080871582,29.566999435424805,29.649999618530273,86800,2026-10-07
2022-09-22,23.15805435180664,29.770000457763672,29.790000915527344,29.639999389648438,29.760000228881836,101100,2026-10-07
2022-09-23,23.344745635986328,30.010000228881836,30.06999969482422,29.709999084472656,29.709999084472656,127900,2026-10-07
2022-09-26,23.445877075195312,30.139999389648438,30.309999465942383,29.770000457763672,29.889999389648438,220200,2026-10-07
2022-09-27,23.375511169433594,29.899999618530273,31.440000534057617,29.610000610351562,29.799999237060547,952300,2026-10-07
2022-09-28,22.77353286743164,29.1299991607666,29.55699920654297,29.110000610351562,29.450000762939453,324300,2026-10-07
2022-09-29,22.828266143798828,29.200000762939453,29.53499984741211,29.200000762939453,29.229999542236328,91100,2026-10-07
2022-09-30,22.92989158630371,29.329999923706055,29.489999771118164,29.14299964904785,29.389999389648438,261100,2026-10-07
2022-10-03,22.718807220458984,29.059999465942383,29.163999557495117,28.860000610351562,29.15999984741211,229100,2026-10-07
2022-10-04,22.50773048400879,28.790000915527344,28.8700008392334,28.59000015258789,28.8700008392334,304800,2026-10-07
2022-10-05,22.55463409423828,28.850000381469727,29.094999313354492,28.790000915527344,29.030000686645508,121900,2026-10-07
2022-10-06,22.85171127319336,29.229999542236328,29.290000915527344,28.999000549316406,29.09000015258789,91800,2026-10-07
2022-10-07,23.031522750854492,29.459999084472656,29.520000457763672,29.365999221801758,29.450000762939453,278100,2026-10-07
2022-10-10,22.96116828918457,29.3700008392334,29.549999237060547,29.29199981689453,29.549999237060547,202800,2026-10-07
2022-10-11,22.867351531982422,29.25,29.415000915527344,29.059999465942383,29.15999984741211,351000,2026-10-07
2022-10-12,22.953351974487305,29.360000610351562,29.450000762939453,29.27400016784668,29.450000762939453,122400,2026-10-07
2022-10-13,23.297330856323242,29.799999237060547,29.920000076293945,29.5,29.920000076293945,307000,2026-10-07
2022-10-14,23.500600814819336,30.059999465942383,30.059999465942383,29.6200008392334,29.889999389648438,119000,2026-10-07
2022-10-17,23.28169822692871,29.780000686645508,29.809999465942383,29.520000457763672,29.719999313354492,310600,2026-10-07
2022-10-18,23.187883377075195,29.65999984741211,29.700000762939453,29.579999923706055,29.690000534057617,164200,2026-10-07
2022-10-19,23.375511169433594,29.899999618530273,29.940000534057617,29.700000762939453,29.84000015258789,207800,2026-10-07
2022-10-20,23.391145706176758,29.920000076293945,29.950000762939453,29.709999084472656,29.950000762939453,203700,2026-10-07
2022-10-21,23.031522750854492,29.459999084472656,29.829999923706055,29.34000015258789,29.799999237060547,932300,2026-10-07
2022-10-24,23.14097785949707,29.600000381469727,29.71500015258789,29.459999084472656,29.459999084472656,254700,2026-10-07
2022-10-25,23.254335403442383,29.7450008392334,29.790000915527344,29.600000381469727,29.790000915527344,150500,2026-10-07
2022-10-26,23.030393600463867,29.309999465942383,29.600000381469727,29.200000762939453,29.600000381469727,482800,2026-10-07
2022-10-27,23.030393600463867,29.309999465942383,29.389999389648438,29.170000076293945,29.350000381469727,206400,2026-10-07
2022-10-28,23.14040184020996,29.450000762939453,29.579999923706055,29.450000762939453,29.559999465942383,386900,2026-10-07
2022-10-31,23.336841583251953,29.700000762939453,29.829999923706055,29.606000900268555,29.829999923706055,164900,2026-10-07
2022-11-01,22.991111755371094,29.260000228881836,29.579999923706055,29.200000762939453,29.579999923706055,350700,2026-10-07
2022-11-02,23.40755844116211,29.790000915527344,29.920000076293945,29.31999969482422,29.459999084472656,220900,2026-10-07
2022-11-03,23.470417022705078,29.8700008392334,30.030000686645508,29.719999313354492,29.969999313354492,244700,2026-10-07
2022-11-04,23.226831436157227,29.559999465942383,29.780000686645508,29.450000762939453,29.770000457763672,169900,2026-10-07
2022-11-07,23.368268966674805,29.739999771118164,29.899999618530273,29.6200008392334,29.729999542236328,200900,2026-10-07
2022-11-08,22.97539520263672,29.239999771118164,29.649999618530273,29.170000076293945,29.649999618530273,950500,2026-10-07
2022-11-09,22.739667892456055,28.940000534057617,29.059999465942383,28.899999618530273,28.969999313354492,545700,2026-10-07
2022-11-10,22.354652404785156,28.450000762939453,28.549999237060547,28.31999969482422,28.549999237060547,428800,2026-10-07
2022-11-11,22.272146224975586,28.344999313354492,28.66900062561035,28.25,28.450000762939453,293300,2026-10-07
2022-11-14,22.393938064575195,28.5,28.649999618530273,28.06999969482422,28.079999923706055,156800,2026-10-07
2022-11-15,22.22892951965332,28.290000915527344,28.437000274658203,28.209999084472656,28.25,173700,2026-10-07
2022-11-16,21.993200302124023,27.989999771118164,28.280000686645508,27.920000076293945,28.280000686645508,132500,2026-10-07
2022-11-17,22.001060485839844,28.0,28.200000762939453,27.899999618530273,28.200000762939453,250600,2026-10-07
2022-11-18,22.020708084106445,28.024999618530273,28.110000610351562,27.760000228881836,27.969999313354492,134800,2026-10-07
2022-11-21,22.04820442199707,28.059999465942383,28.149999618530273,27.899999618530273,27.989999771118164,201700,2026-10-07
2022-11-22,22.040348052978516,28.049999237060547,28.139999389648438,28.0,28.110000610351562,256500,2026-10-07
2022-11-23,22.13463592529297,28.170000076293945,28.299999237060547,28.062000274658203,28.299999237060547,159400,2026-10-07
2022-11-25,22.087242126464844,27.959999084472656,28.149999618530273,27.90999984741211,28.149999618530273,82300,2026-10-07
2022-11-28,22.158334732055664,28.049999237060547,28.100000381469727,27.878000259399414,28.040000915527344,1523500,2026-10-07
2022-11-29,22.245235443115234,28.15999984741211,28.209999084472656,28.010000228881836,28.100000381469727,181500,2026-10-07
2022-11-30,21.731760025024414,27.510000228881836,28.209999084472656,27.510000228881836,28.209999084472656,274800,2026-10-07
2022-12-01,21.226184844970703,26.8700008392334,27.25,26.84000015258789,27.020000457763672,382400,2026-10-07
2022-12-02,21.076095581054688,26.68000030517578,27.190000534057617,26.610000610351562,26.979999542236328,397300,2026-10-07
2022-12-05,21.131389617919922,26.75,26.809999465942383,26.549999237060547,26.65999984741211,241100,2026-10-07
2022-12-06,21.036598205566406,26.6299991607666,26.799999237060547,26.607999801635742,26.65999984741211,285800,2026-10-07
2022-12-07,21.060293197631836,26.65999984741211,26.825000762939453,26.459999084472656,26.559999465942383,211900,2026-10-07
2022-12-08,21.249887466430664,26.899999618530273,26.95400047302246,26.75200080871582,26.950000762939453,156100,2026-10-07
2022-12-09,21.447372436523438,27.149999618530273,27.15999984741211,26.833999633789062,26.940000534057617,233200,2026-10-07
2022-12-12,21.407875061035156,27.100000381469727,27.200000762939453,26.979999542236328,26.979999542236328,684300,2026-10-07
2022-12-13,21.234085083007812,26.8799991607666,26.89900016784668,26.510000228881836,26.780000686645508,283000,2026-10-07
2022-12-14,21.14719009399414,26.770000457763672,26.899999618530273,26.510000228881836,26.719999313354492,82200,2026-10-07
2022-12-15,21.052400588989258,26.649999618530273,26.780000686645508,26.600000381469727,26.610000610351562,113800,2026-10-07
2022-12-16,21.012895584106445,26.600000381469727,26.989999771118164,26.452999114990234,26.989999771118164,181300,2026-10-07
2022-12-19,20.997098922729492,26.579999923706055,26.75,26.5,26.719999313354492,134500,2026-10-07
2022-12-20,21.091896057128906,26.700000762939453,26.84000015258789,26.649999618530273,26.84000015258789,205200,2026-10-07
2022-12-21,21.012895584106445,26.600000381469727,26.700000762939453,26.229999542236328,26.700000762939453,1140400,2026-10-07
2022-12-22,21.076095581054688,26.68000030517578,26.739999771118164,26.5,26.5,178700,2026-10-07
2022-12-23,21.34468650817871,27.020000457763672,27.100000381469727,26.760000228881836,26.850000381469727,135500,2026-10-07
2022-12-27,21.444360733032227,26.030000686645508,26.299999237060547,25.719999313354492,25.719999313354492,203300,2026-10-07
2022-12-28,21.502031326293945,26.100000381469727,26.15999984741211,25.950000762939453,26.040000915527344,153300,2026-10-07
2022-12-29,21.57617950439453,26.190000534057617,26.309999465942383,26.110000610351562,26.110000610351562,95800,2026-10-07
2022-12-30,21.427888870239258,26.010000228881836,26.3799991607666,25.9950008392334,26.170000076293945,346700,2026-10-07
2023-01-03,21.57617950439453,26.190000534057617,26.200000762939453,25.84000015258789,25.84000015258789,61500,2026-10-07
2023-01-04,21.5596981048584,26.170000076293945,26.229999542236328,26.020000457763672,26.100000381469727,94200,2026-10-07
2023-01-05,21.63384437561035,26.260000228881836,26.389999389648438,26.079999923706055,26.15999984741211,125200,2026-10-07
2023-01-06,21.17249870300293,25.700000762939453,26.34000015258789,25.600000381469727,26.329999923706055,87500,2026-10-07
2023-01-09,20.98301887512207,25.469999313354492,25.679000854492188,25.350000381469727,25.5,65500,2026-10-07
2023-01-10,21.015968322753906,25.510000228881836,25.690000534057617,25.469999313354492,25.520000457763672,29700,2026-10-07
2023-01-11,20.80177116394043,25.25,25.510000228881836,25.25,25.510000228881836,86400,2026-10-07
2023-01-12,20.61229133605957,25.020000457763672,25.420000076293945,25.003000259399414,25.149999618530273,58700,2026-10-07
2023-01-13,20.80177116394043,25.25,25.290000915527344,25.020000457763672,25.020000457763672,41700,2026-10-07
2023-01-17,20.48871612548828,24.8700008392334,25.173999786376953,24.809999465942383,25.15999984741211,68500,2026-10-07
2023-01-18,20.167423248291016,24.479999542236328,24.729999542236328,24.3799991607666,24.65999984741211,150000,2026-10-07
2023-01-19,20.447526931762695,24.81999969482422,24.850000381469727,24.479999542236328,24.479999542236328,37000,2026-10-07
2023-01-20,20.47224235534668,24.850000381469727,25.05500030517578,24.81999969482422,24.850000381469727,40800,2026-10-07
2023-01-23,20.678197860717773,25.100000381469727,25.1200008392334,24.979999542236328,25.1200008392334,652700,2026-10-07
2023-01-24,20.54638671875,24.940000534057617,25.198999404907227,24.93000030517578,25.170000076293945,79100,2026-10-07
2023-01-25,20.38985824584961,24.75,25.09000015258789,24.68000030517578,25.049999237060547,118100,2026-10-07
2023-01-26,20.47224235534668,24.850000381469727,25.040000915527344,24.649999618530273,24.889999389648438,87800,2026-10-07
2023-01-27,20.455766677856445,24.829999923706055,25.0,24.809999465942383,24.93000030517578,94300,2026-10-07
2023-01-30,20.47224235534668,24.850000381469727,25.049999237060547,24.75,25.049999237060547,244500,2026-10-07
2023-01-31,20.550506591796875,24.94499969482422,25.040000915527344,24.829999923706055,24.940000534057617,104500,2026-10-07
2023-02-01,20.2580509185791,24.59000015258789,24.975000381469727,24.540000915527344,24.799999237060547,65300,2026-10-07
2023-02-02,20.134469985961914,24.440000534057617,24.579999923706055,24.290000915527344,24.579999923706055,85000,2026-10-07
2023-02-03,20.571102142333984,24.969999313354492,25.1299991607666,24.75,24.829999923706055,115800,2026-10-07
2023-02-06,20.991254806518555,25.479999542236328,25.5,25.239999771118164,25.25,46400,2026-10-07
2023-02-07,21.015968322753906,25.510000228881836,25.56999969482422,25.29599952697754,25.399999618530273,35400,2026-10-07
2023-02-08,20.887454986572266,25.354000091552734,25.489999771118164,25.309999465942383,25.450000762939453,13800,2026-10-07
2023-02-09,21.213695526123047,25.75,25.760000228881836,25.309999465942383,25.350000381469727,42100,2026-10-07
2023-02-10,21.30431365966797,25.860000610351562,26.0,25.780000686645508,25.790000915527344,49800,2026-10-07
2023-02-13,21.43612289428711,26.020000457763672,26.12299919128418,25.351999282836914,25.979999542236328,123000,2026-10-07
2023-02-14,21.75741958618164,26.40999984741211,26.5,26.174999237060547,26.280000686645508,63600,2026-10-07
2023-02-15,21.83156394958496,26.5,26.690000534057617,26.479999542236328,26.59000015258789,173400,2026-10-07
2023-02-16,21.786256790161133,26.44499969482422,26.549999237060547,26.219999313354492,26.540000915527344,43000,2026-10-07
2023-02-17,21.839805603027344,26.510000228881836,26.780000686645508,26.34000015258789,26.690000534057617,29500,2026-10-07
2023-02-21,21.979854583740234,26.68000030517578,26.75,26.413999557495117,26.639999389648438,48600,2026-10-07
2023-02-22,22.00044822692871,26.704999923706055,26.799999237060547,26.520000457763672,26.719999313354492,43500,2026-10-07
2023-02-23,22.054000854492188,26.770000457763672,26.8799991607666,26.639999389648438,26.75,27900,2026-10-07
2023-02-24,22.523590087890625,27.34000015258789,27.395999908447266,27.049999237060547,27.049999237060547,59800,2026-10-07
2023-02-27,22.54829978942871,27.3700008392334,27.59000015258789,27.299999237060547,27.420000076293945,73000,2026-10-07
2023-02-28,22.457677841186523,27.260000228881836,27.469999313354492,27.260000228881836,27.3700008392334,26800,2026-10-07
2023-03-01,22.589488983154297,27.420000076293945,27.645000457763672,27.299999237060547,27.299999237060547,117700,2026-10-07
2023-03-02,22.641395568847656,27.482999801635742,27.690000534057617,27.420000076293945,27.56999969482422,123100,2026-10-07
2023-03-03,22.400009155273438,27.190000534057617,27.479999542236328,27.15999984741211,27.15999984741211,51500,2026-10-07
2023-03-06,22.581249237060547,27.40999984741211,27.520000457763672,27.149999618530273,27.149999618530273,129500,2026-10-07
2023-03-07,23.190887451171875,28.149999618530273,28.156999588012695,27.579999923706055,27.59000015258789,126100,2026-10-07
2023-03-08,23.166175842285156,28.1200008392334,28.219999313354492,27.709999084472656,27.90999984741211,155100,2026-10-07
2023-03-09,22.902544021606445,27.799999237060547,28.200000762939453,27.780000686645508,28.15999984741211,84700,2026-10-07
2023-03-10,21.856277465820312,26.530000686645508,27.290000915527344,26.520000457763672,27.290000915527344,258800,2026-10-07
2023-03-13,19.3065185546875,23.434999465942383,24.549999237060547,23.434999465942383,24.389999389648438,258500,2026-10-07
2023-03-14,19.8214111328125,24.059999465942383,24.3700008392334,23.8799991607666,23.920000076293945,190200,2026-10-07
2023-03-15,19.409494400024414,23.559999465942383,23.670000076293945,23.450000762939453,23.450000762939453,219500,2026-10-07
2023-03-16,19.60721778869629,23.799999237060547,23.87299919128418,23.639999389648438,23.649999618530273,77700,2026-10-07
2023-03-17,19.467164993286133,23.6299991607666,23.81999969482422,23.582000732421875,23.809999465942383,51600,2026-10-07
2023-03-20,19.467164993286133,23.6299991607666,23.760000228881836,23.6299991607666,23.760000228881836,65400,2026-10-07
2023-03-21,19.68960189819336,23.899999618530273,23.93000030517578,23.649999618530273,23.75,157600,2026-10-07
2023-03-22,19.739030838012695,23.959999084472656,24.030000686645508,23.809999465942383,23.850000381469727,94000,2026-10-07
2023-03-23,19.739030838012695,23.959999084472656,24.0,23.75,23.75,23500,2026-10-07
2023-03-24,19.491878509521484,23.65999984741211,23.90999984741211,23.5,23.90999984741211,83800,2026-10-07
2023-03-27,19.368305206298828,23.510000228881836,23.774999618530273,23.5,23.639999389648438,88800,2026-10-07
2023-03-28,19.351829528808594,23.489999771118164,23.57900047302246,23.43000030517578,23.510000228881836,26200,2026-10-07
2023-03-29,19.310638427734375,23.440000534057617,23.489999771118164,23.360000610351562,23.440000534057617,62100,2026-10-07
2023-03-30,19.376544952392578,23.520000457763672,23.540000915527344,23.3799991607666,23.40999984741211,27200,2026-10-07
2023-03-31,19.29416275024414,23.420000076293945,23.709999084472656,23.360000610351562,23.709999084472656,65000,2026-10-07
2023-04-03,19.25296974182129,23.3700008392334,23.510000228881836,23.299999237060547,23.459999084472656,41600,2026-10-07
2023-04-04,19.41773223876953,23.56999969482422,23.719999313354492,23.469999313354492,23.719999313354492,25400,2026-10-07
2023-04-05,19.384782791137695,23.530000686645508,23.729999542236328,23.43000030517578,23.59000015258789,47800,2026-10-07
2023-04-06,19.54130744934082,23.719999313354492,23.7549991607666,23.31999969482422,23.31999969482422,70600,2026-10-07
2023-04-10,19.648408889770508,23.850000381469727,23.989999771118164,23.684999465942383,23.739999771118164,30000,2026-10-07
2023-04-11,19.87908172607422,24.1299991607666,24.18000030517578,23.799999237060547,23.799999237060547,14100,2026-10-07
2023-04-12,19.928504943847656,24.190000534057617,24.239999771118164,24.0,24.0,32900,2026-10-07
2023-04-13,19.99441909790039,24.270000457763672,24.350000381469727,24.149999618530273,24.25,71000,2026-10-07
2023-04-14,19.8214111328125,24.059999465942383,24.3700008392334,24.059999465942383,24.3700008392334,18100,2026-10-07
2023-04-17,19.722553253173828,23.940000534057617,24.170000076293945,23.90999984741211,24.170000076293945,19000,2026-10-07
2023-04-18,19.662412643432617,23.867000579833984,23.899999618530273,23.719999313354492,23.850000381469727,26500,2026-10-07
2023-04-19,19.722553253173828,23.940000534057617,24.079999923706055,23.799999237060547,23.8799991607666,31700,2026-10-07
2023-04-20,19.92027473449707,24.18000030517578,24.34000015258789,24.020000457763672,24.020000457763672,30400,2026-10-07
2023-04-21,20.010894775390625,24.290000915527344,24.40999984741211,24.1299991607666,24.1299991607666,40300,2026-10-07
2023-04-24,20.208616256713867,24.530000686645508,24.600000381469727,24.350000381469727,24.399999618530273,19300,2026-10-07
2023-04-25,20.20037841796875,24.520000457763672,24.729999542236328,24.520000457763672,24.604999542236328,12600,2026-10-07
2023-04-26,20.3198299407959,24.665000915527344,24.770000457763672,24.559999465942383,24.559999465942383,47900,2026-10-07
2023-04-27,20.70291519165039,25.1299991607666,25.209999084472656,24.940000534057617,24.950000762939453,40500,2026-10-07
2023-04-28,20.59581756591797,25.0,25.149999618530273,24.875,25.0,21400,2026-10-07
2023-05-01,20.605703353881836,25.011999130249023,25.219999313354492,24.940000534057617,25.139999389648438,40400,2026-10-07
2023-05-02,20.711153030395508,25.139999389648438,25.239999771118164,24.950000762939453,25.239999771118164,52200,2026-10-07
2023-05-03,20.388208389282227,24.74799919128418,25.239999771118164,24.719999313354492,25.239999771118164,27800,2026-10-07
2023-05-04,20.2580509185791,24.59000015258789,24.799999237060547,24.420000076293945,24.670000076293945,133800,2026-10-07
2023-05-05,20.15094757080078,24.459999084472656,24.579999923706055,24.43000030517578,24.510000228881836,142000,2026-10-07
2023-05-08,20.15094757080078,24.459999084472656,24.559999465942383,24.329999923706055,24.399999618530273,76100,2026-10-07
2023-05-09,20.332185745239258,24.68000030517578,24.850000381469727,24.549999237060547,24.549999237060547,52500,2026-10-07
2023-05-10,20.4055118560791,24.768999099731445,24.850000381469727,24.68000030517578,24.84000015258789,59600,2026-10-07
2023-05-11,20.480480194091797,24.860000610351562,24.989999771118164,24.75,24.850000381469727,73800,2026-10-07
2023-05-12,20.571102142333984,24.969999313354492,25.0,24.690000534057617,24.690000534057617,108600,2026-10-07
2023-05-15,20.30747413635254,24.649999618530273,24.790000915527344,24.610000610351562,24.780000686645508,62700,2026-10-07
2023-05-16,20.587575912475586,24.989999771118164,25.045000076293945,24.81999969482422,24.81999969482422,25100,2026-10-07
2023-05-17,20.63947868347168,25.05299949645996,25.174999237060547,24.920000076293945,24.920000076293945,55100,2026-10-07
2023-05-18,20.645244598388672,25.059999465942383,25.329999923706055,25.040000915527344,25.329999923706055,18000,2026-10-07
2023-05-19,20.760583877563477,25.200000762939453,25.280000686645508,24.899999618530273,24.969999313354492,69800,2026-10-07
2023-05-22,20.727632522583008,25.15999984741211,25.25,25.079999923706055,25.25,30400,2026-10-07
2023-05-23,20.777061462402344,25.219999313354492,25.25,25.059999465942383,25.110000610351562,80700,2026-10-07
2023-05-24,20.884157180786133,25.350000381469727,25.440000534057617,25.139999389648438,25.139999389648438,35500,2026-10-07
2023-05-25,20.99949073791504,25.489999771118164,25.5,25.299999237060547,25.5,37700,2026-10-07
2023-05-26,20.957481384277344,25.43899917602539,25.510000228881836,25.190000534057617,25.5,70600,2026-10-07
2023-05-30,20.958301544189453,25.440000534057617,25.65999984741211,25.299999237060547,25.299999237060547,68600,2026-10-07
2023-05-31,20.99949073791504,25.489999771118164,25.549999237060547,25.3799991607666,25.510000228881836,29500,2026-10-07
2023-06-01,20.941822052001953,25.420000076293945,25.469999313354492,25.139999389648438,25.190000534057617,98300,2026-10-07
2023-06-02,21.090112686157227,25.600000381469727,25.649999618530273,25.489999771118164,25.5,47500,2026-10-07
2023-06-05,21.04892349243164,25.549999237060547,25.698999404907227,25.479999542236328,25.645000457763672,13300,2026-10-07
2023-06-06,21.015968322753906,25.510000228881836,25.593000411987305,25.4950008392334,25.549999237060547,22200,2026-10-07
2023-06-07,21.156023025512695,25.68000030517578,25.799999237060547,25.440000534057617,25.440000534057617,30700,2026-10-07
2023-06-08,21.00773048400879,25.5,25.618000030517578,25.399999618530273,25.450000762939453,19400,2026-10-07
2023-06-09,21.065401077270508,25.56999969482422,25.639999389648438,25.469999313354492,25.610000610351562,33600,2026-10-07
2023-06-12,21.123071670532227,25.639999389648438,25.714000701904297,25.459999084472656,25.459999084472656,36200,2026-10-07
2023-06-13,21.254880905151367,25.799999237060547,25.84000015258789,25.520000457763672,25.530000686645508,61300,2026-10-07
2023-06-14,21.29606819152832,25.850000381469727,25.959999084472656,25.6299991607666,25.780000686645508,103500,2026-10-07
2023-06-15,20.98795509338379,25.47599983215332,25.719999313354492,25.450000762939453,25.68000030517578,199100,2026-10-07
2023-06-16,21.024208068847656,25.520000457763672,25.639999389648438,25.40999984741211,25.40999984741211,74800,2026-10-07
2023-06-20,20.98301887512207,25.469999313354492,25.479999542236328,25.350000381469727,25.469999313354492,63300,2026-10-07
2023-06-21,20.884157180786133,25.350000381469727,25.510000228881836,25.299999237060547,25.450000762939453,103500,2026-10-07
2023-06-22,21.00526237487793,25.496999740600586,25.5,25.15999984741211,25.40999984741211,56200,2026-10-07
2023-06-23,20.93358612060547,25.40999984741211,25.459999084472656,25.030000686645508,25.270000457763672,57700,2026-10-07
2023-06-26,20.84296417236328,25.299999237060547,25.489999771118164,25.25,25.489999771118164,80600,2026-10-07
2023-06-27,20.942216873168945,25.31999969482422,25.43000030517578,25.059999465942383,25.219999313354492,34900,2026-10-07
2023-06-28,20.80988311767578,25.15999984741211,25.360000610351562,25.059999465942383,25.059999465942383,266300,2026-10-07
2023-06-29,21.033201217651367,25.43000030517578,25.600000381469727,25.350000381469727,25.450000762939453,246500,2026-10-07
2023-06-30,21.091096878051758,25.5,25.520000457763672,25.350000381469727,25.469999313354492,105900,2026-10-07
2023-07-03,21.115909576416016,25.530000686645508,25.56999969482422,25.280000686645508,25.5,40300,2026-10-07
2023-07-05,21.198617935180664,25.6299991607666,25.639999389648438,25.510000228881836,25.6299991607666,140800,2026-10-07
2023-07-06,21.297876358032227,25.75,26.041000366210938,25.739999771118164,25.799999237060547,118900,2026-10-07
2023-07-07,21.256515502929688,25.700000762939453,25.71500015258789,25.53499984741211,25.6200008392334,25400,2026-10-07
2023-07-10,21.19034767150879,25.6200008392334,25.959999084472656,25.56999969482422,25.959999084472656,26600,2026-10-07
2023-07-11,21.33922576904297,25.799999237060547,25.829999923706055,25.579999923706055,25.641000747680664,81200,2026-10-07
2023-07-12,20.959585189819336,25.340999603271484,25.600000381469727,25.25,25.600000381469727,248200,2026-10-07
2023-07-13,20.685813903808594,25.010000228881836,25.209999084472656,24.899999618530273,25.209999084472656,177500,2026-10-07
2023-07-14,20.785066604614258,25.1299991607666,25.21500015258789,25.020000457763672,25.020000457763672,126400,2026-10-07
2023-07-17,20.735443115234375,25.06999969482422,25.219999313354492,25.0,25.18000030517578,339700,2026-10-07
2023-07-18,20.785066604614258,25.1299991607666,25.1560001373291,24.989999771118164,25.0,78100,2026-10-07
2023-07-19,20.661001205444336,24.979999542236328,25.149999618530273,24.969999313354492,25.1299991607666,24200,2026-10-07
2023-07-20,20.801607131958008,25.149999618530273,25.31999969482422,25.06999969482422,25.06999969482422,106100,2026-10-07
2023-07-21,20.785066604614258,25.1299991607666,25.260000228881836,25.09000015258789,25.09000015258789,31700,2026-10-07
2023-07-24,21.091096878051758,25.5,25.59000015258789,25.200000762939453,25.200000762939453,34600,2026-10-07
2023-07-25,21.17215347290039,25.597999572753906,25.809999465942383,25.479999542236328,25.809999465942383,49200,2026-10-07
2023-07-26,20.967031478881836,25.350000381469727,25.56599998474121,25.31599998474121,25.43000030517578,14400,2026-10-07
2023-07-27,21.33922576904297,25.799999237060547,25.850000381469727,25.559999465942383,25.84000015258789,30100,2026-10-07
2023-07-28,21.264781951904297,25.709999084472656,25.790000915527344,25.549999237060547,25.6200008392334,23300,2026-10-07
2023-07-31,21.223434448242188,25.65999984741211,25.739999771118164,25.56999969482422,25.739999771118164,49900,2026-10-07
2023-08-01,21.231704711914062,25.670000076293945,25.735000610351562,25.59000015258789,25.729999542236328,23600,2026-10-07
2023-08-02,21.148998260498047,25.56999969482422,25.65999984741211,25.479999542236328,25.649999618530273,504900,2026-10-07
2023-08-03,21.39712142944336,25.8700008392334,25.899999618530273,25.715999603271484,25.735000610351562,22000,2026-10-07
2023-08-04,21.198617935180664,25.6299991607666,25.760000228881836,25.56999969482422,25.614999771118164,187500,2026-10-07
2023-08-07,21.273054122924805,25.719999313354492,25.739999771118164,25.610000610351562,25.709999084472656,36000,2026-10-07
2023-08-08,21.297876358032227,25.75,25.780000686645508,25.299999237060547,25.299999237060547,156900,2026-10-07
2023-08-09,21.463293075561523,25.950000762939453,25.950000762939453,25.743000030517578,25.850000381469727,83300,2026-10-07
2023-08-10,21.39712142944336,25.8700008392334,25.969999313354492,25.729999542236328,25.969999313354492,90900,2026-10-07
2023-08-11,21.504648208618164,26.0,26.104999542236328,25.899999618530273,25.979999542236328,108800,2026-10-07
2023-08-14,21.65352439880371,26.18000030517578,26.29800033569336,26.04599952697754,26.059999465942383,66900,2026-10-07
2023-08-15,21.722999572753906,26.263999938964844,26.31999969482422,26.079999923706055,26.299999237060547,47500,2026-10-07
2023-08-16,21.636985778808594,26.15999984741211,26.280000686645508,25.780000686645508,26.280000686645508,53300,2026-10-07
2023-08-17,21.61216926574707,26.1299991607666,26.375,26.075000762939453,26.1200008392334,57200,2026-10-07
2023-08-18,21.62870979309082,26.149999618530273,26.229999542236328,26.0049991607666,26.100000381469727,51200,2026-10-07
2023-08-21,21.60390281677246,26.1200008392334,26.341999053955078,26.084999084472656,26.18000030517578,37600,2026-10-07
2023-08-22,21.620437622070312,26.139999389648438,26.209999084472656,26.079999923706055,26.15999984741211,12400,2026-10-07
2023-08-23,21.008386611938477,25.399999618530273,25.729999542236328,25.299999237060547,25.729999542236328,73200,2026-10-07
2023-08-24,21.215164184570312,25.649999618530273,25.649999618530273,25.433000564575195,25.5,82100,2026-10-07
2023-08-25,21.297876358032227,25.75,25.8700008392334,25.579999923706055,25.670000076293945,58100,2026-10-07
2023-08-28,21.173803329467773,25.600000381469727,25.739999771118164,25.600000381469727,25.621000289916992,30200,2026-10-07
2023-08-29,21.091096878051758,25.5,25.799999237060547,25.440000534057617,25.799999237060547,29900,2026-10-07
2023-08-30,20.925674438476562,25.299999237060547,25.479999542236328,25.260000228881836,25.34000015258789,257100,2026-10-07
2023-08-31,20.98357391357422,25.3700008392334,25.483999252319336,25.280000686645508,25.280000686645508,34000,2026-10-07
2023-09-01,21.199447631835938,25.631000518798828,25.639999389648438,25.3799991607666,25.3799991607666,159800,2026-10-07
2023-09-05,21.504648208618164,26.0,26.040000915527344,25.850000381469727,25.950000762939453,19900,2026-10-07
2023-09-06,21.61216926574707,26.1299991607666,26.15999984741211,25.940000534057617,25.989999771118164,129800,2026-10-07
2023-09-07,21.405397415161133,25.8799991607666,26.099000930786133,25.850000381469727,26.099000930786133,71100,2026-10-07
2023-09-08,21.488109588623047,25.979999542236328,26.040000915527344,25.920000076293945,25.93000030517578,16200,2026-10-07
2023-09-11,21.62870979309082,26.149999618530273,26.209999084472656,26.059999465942383,26.09000015258789,17200,2026-10-07
2023-09-12,21.719694137573242,26.260000228881836,26.483999252319336,26.260000228881836,26.290000915527344,30800,2026-10-07
2023-09-13,21.636985778808594,26.15999984741211,26.549999237060547,26.097999572753906,26.549999237060547,78600,2026-10-07
2023-09-14,22.025720596313477,26.6299991607666,26.729999542236328,26.34000015258789,26.34000015258789,11600,2026-10-07
2023-09-15,22.27385139465332,26.93000030517578,26.93000030517578,26.600000381469727,26.764999389648438,40300,2026-10-07
2023-09-18,22.282123565673828,26.940000534057617,27.209999084472656,26.889999389648438,27.209999084472656,45500,2026-10-07
2023-09-19,22.612966537475586,27.34000015258789,27.424999237060547,27.225000381469727,27.290000915527344,132400,2026-10-07
2023-09-20,22.629505157470703,27.360000610351562,27.490999221801758,27.06999969482422,27.06999969482422,23500,2026-10-07
2023-09-21,22.753570556640625,27.510000228881836,27.690000534057617,27.389999389648438,27.690000534057617,39300,2026-10-07
2023-09-22,22.64604949951172,27.3799991607666,27.584999084472656,27.3700008392334,27.5,34400,2026-10-07
2023-09-25,22.67085838317871,27.40999984741211,27.610000610351562,27.34000015258789,27.610000610351562,28900,2026-10-07
2023-09-26,22.67913055419922,27.420000076293945,27.59000015258789,27.350000381469727,27.59000015258789,29200,2026-10-07
2023-09-27,22.94477653503418,27.639999389648438,27.639999389648438,27.280000686645508,27.41900062561035,63000,2026-10-07
2023-09-28,22.82855224609375,27.5,27.700000762939453,27.356000900268555,27.459999084472656,40100,2026-10-07
2023-09-29,22.87006187438965,27.549999237060547,27.579999923706055,27.15999984741211,27.420000076293945,85200,2026-10-07
2023-10-02,22.88666343688965,27.56999969482422,27.950000762939453,27.299999237060547,27.950000762939453,319300,2026-10-07
2023-10-03,22.90326690673828,27.59000015258789,27.780000686645508,27.3799991607666,27.59000015258789,612500,2026-10-07
2023-10-04,22.69573211669922,27.34000015258789,27.520000457763672,27.15999984741211,27.520000457763672,430400,2026-10-07
2023-10-05,22.446697235107422,27.040000915527344,27.290000915527344,26.90999984741211,27.239999771118164,326200,2026-10-07
2023-10-06,22.413488388061523,27.0,27.139999389648438,26.799999237060547,26.93000030517578,142300,2026-10-07
2023-10-09,22.23916244506836,26.790000915527344,26.850000381469727,26.600000381469727,26.690000534057617,162100,2026-10-07
2023-10-10,22.23501205444336,26.78499984741211,27.030000686645508,26.670000076293945,26.940000534057617,119700,2026-10-07
2023-10-11,22.181055068969727,26.719999313354492,27.0,26.670000076293945,26.790000915527344,95300,2026-10-07
2023-10-12,22.313873291015625,26.8799991607666,27.09000015258789,26.790000915527344,26.899999618530273,56500,2026-10-07
2023-10-13,22.14784812927246,26.68000030517578,26.81999969482422,26.610000610351562,26.719999313354492,186300,2026-10-07
2023-10-16,22.118793487548828,26.645000457763672,26.760000228881836,26.600000381469727,26.75,43500,2026-10-07
2023-10-17,22.313873291015625,26.8799991607666,26.989999771118164,26.65999984741211,26.65999984741211,88100,2026-10-07
2023-10-18,22.33877944946289,26.90999984741211,26.989999771118164,26.770000457763672,26.899999618530273,250900,2026-10-07
2023-10-19,22.33877944946289,26.90999984741211,27.049999237060547,26.893999099731445,26.979999542236328,111500,2026-10-07
2023-10-20,22.251615524291992,26.80500030517578,26.889999389648438,26.670000076293945,26.889999389648438,90800,2026-10-07
2023-10-23,22.164453506469727,26.700000762939453,26.8700008392334,26.6299991607666,26.8700008392334,64500,2026-10-07
2023-10-24,22.11464500427246,26.639999389648438,26.829999923706055,26.6299991607666,26.6299991607666,137000,2026-10-07
2023-10-25,22.205955505371094,26.75,26.799999237060547,26.600000381469727,26.760000228881836,278300,2026-10-07
2023-10-26,22.039928436279297,26.549999237060547,26.672000885009766,26.43000030517578,26.43000030517578,480600,2026-10-07
2023-10-27,22.122941970825195,26.649999618530273,26.68000030517578,26.43000030517578,26.510000228881836,128900,2026-10-07
2023-10-30,22.01502799987793,26.520000457763672,26.65999984741211,26.510000228881836,26.65999984741211,83500,2026-10-07
2023-10-31,21.932016372680664,26.420000076293945,26.549999237060547,26.3799991607666,26.549999237060547,203300,2026-10-07
2023-11-01,22.11464500427246,26.639999389648438,26.780000686645508,26.450000762939453,26.690000534057617,463600,2026-10-07
2023-11-02,22.122941970825195,26.649999618530273,26.84000015258789,26.617000579833984,26.6299991607666,82300,2026-10-07
2023-11-03,22.048234939575195,26.559999465942383,26.56999969482422,26.420000076293945,26.5,159800,2026-10-07
2023-11-06,22.14784812927246,26.68000030517578,26.68000030517578,26.40999984741211,26.649999618530273,110900,2026-10-07
2023-11-07,22.197654724121094,26.739999771118164,26.850000381469727,26.6200008392334,26.709999084472656,156000,2026-10-07
2023-11-08,22.222562789916992,26.770000457763672,26.8799991607666,26.700000762939453,26.790000915527344,79900,2026-10-07
2023-11-09,22.454994201660156,27.049999237060547,27.09600067138672,26.729999542236328,26.8700008392334,64200,2026-10-07
2023-11-10,22.40518569946289,26.989999771118164,27.059999465942383,26.875999450683594,26.979999542236328,61400,2026-10-07
2023-11-13,22.334627151489258,26.905000686645508,27.190000534057617,26.8799991607666,27.049999237060547,56400,2026-10-07
2023-11-14,21.384130477905273,25.760000228881836,26.0,25.700000762939453,26.0,309900,2026-10-07
2023-11-15,21.583358764648438,26.0,26.134000778198242,25.920000076293945,25.920000076293945,80800,2026-10-07
2023-11-16,21.7078800201416,26.149999618530273,26.149999618530273,25.850000381469727,25.850000381469727,29700,2026-10-07
2023-11-17,21.6663761138916,26.100000381469727,26.200000762939453,26.06999969482422,26.1200008392334,127100,2026-10-07
2023-11-20,21.6829776763916,26.1200008392334,26.219999313354492,26.100000381469727,26.149999618530273,42100,2026-10-07
2023-11-21,21.6912784576416,26.1299991607666,26.200000762939453,26.01099967956543,26.139999389648438,536800,2026-10-07
2023-11-22,21.7825927734375,26.239999771118164,26.34000015258789,26.040000915527344,26.139999389648438,55400,2026-10-07
2023-11-24,21.948617935180664,26.440000534057617,26.450000762939453,26.315000534057617,26.329999923706055,54400,2026-10-07
2023-11-27,21.9071102142334,26.389999389648438,26.5,26.350000381469727,26.489999771118164,25500,2026-10-07
2023-11-28,21.475444793701172,25.8700008392334,26.39299964904785,25.85300064086914,26.389999389648438,91800,2026-10-07
2023-11-29,21.201501846313477,25.540000915527344,25.59000015258789,25.34000015258789,25.530000686645508,95000,2026-10-07
2023-11-30,21.326021194458008,25.690000534057617,25.799999237060547,25.26099967956543,25.530000686645508,186500,2026-10-07
2023-12-01,21.168292999267578,25.5,25.847999572753906,25.402000427246094,25.799999237060547,47600,2026-10-07
2023-12-04,21.33431625366211,25.700000762939453,25.889999389648438,25.68000030517578,25.75,91100,2026-10-07
2023-12-05,21.292816162109375,25.649999618530273,25.700000762939453,25.479999542236328,25.700000762939453,27900,2026-10-07
2023-12-06,21.458839416503906,25.850000381469727,25.940000534057617,25.700000762939453,25.700000762939453,26000,2026-10-07
2023-12-07,21.483745574951172,25.8799991607666,25.940000534057617,25.770000457763672,25.84000015258789,21700,2026-10-07
2023-12-08,21.815799713134766,26.280000686645508,26.3799991607666,26.049999237060547,26.049999237060547,31600,2026-10-07
2023-12-11,21.815799713134766,26.280000686645508,26.690000534057617,26.280000686645508,26.579999923706055,59700,2026-10-07
2023-12-12,22.122941970825195,26.649999618530273,26.65999984741211,26.31999969482422,26.31999969482422,35800,2026-10-07
2023-12-13,21.40903663635254,25.790000915527344,26.540000915527344,25.679000854492188,26.540000915527344,56500,2026-10-07
2023-12-14,21.085285186767578,25.399999618530273,25.56999969482422,25.309999465942383,25.469999313354492,70400,2026-10-07
2023-12-15,21.076980590820312,25.389999389648438,25.469999313354492,25.299999237060547,25.469999313354492,21000,2026-10-07
2023-12-18,21.101886749267578,25.420000076293945,25.5,25.280000686645508,25.360000610351562,35200,2026-10-07
2023-12-19,21.143394470214844,25.469999313354492,25.64900016784668,25.450000762939453,25.625,17100,2026-10-07
2023-12-20,21.03547477722168,25.34000015258789,25.56999969482422,25.25,25.510000228881836,66700,2026-10-07
2023-12-21,21.110187530517578,25.43000030517578,25.43000030517578,25.288999557495117,25.360000610351562,95500,2026-10-07
2023-12-22,20.93585968017578,25.219999313354492,25.3799991607666,25.139999389648438,25.329999923706055,520000,2026-10-07
2023-12-26,20.97580337524414,23.6299991607666,24.0,23.3700008392334,24.0,139300,2026-10-07
2023-12-27,20.9047908782959,23.549999237060547,23.670000076293945,23.472000122070312,23.530000686645508,127400,2026-10-07
2023-12-28,20.87816047668457,23.520000457763672,23.959999084472656,23.479999542236328,23.520000457763672,371400,2026-10-07
2023-12-29,20.94917869567871,23.600000381469727,23.760000228881836,23.5049991607666,23.649999618530273,169900,2026-10-07
2024-01-02,21.2243595123291,23.90999984741211,23.969999313354492,23.700000762939453,23.739999771118164,95700,2026-10-07
2024-01-03,21.126708984375,23.799999237060547,23.899999618530273,23.660999298095703,23.899999618530273,125000,2026-10-07
2024-01-04,21.31311798095703,24.010000228881836,24.049999237060547,23.719999313354492,23.719999313354492,118600,2026-10-07
2024-01-05,21.233232498168945,23.920000076293945,24.1200008392334,23.729999542236328,24.1200008392334,57100,2026-10-07
2024-01-08,21.31311798095703,24.010000228881836,24.180999755859375,23.950000762939453,24.09000015258789,60400,2026-10-07
2024-01-09,21.2243595123291,23.90999984741211,24.040000915527344,23.860000610351562,23.860000610351562,29900,2026-10-07
2024-01-10,21.315786361694336,24.01300048828125,24.027000427246094,23.8799991607666,23.884000778198242,21700,2026-10-07
2024-01-11,21.091203689575195,23.760000228881836,23.950000762939453,23.68000030517578,23.899999618530273,43000,2026-10-07
2024-01-12,20.887042999267578,23.530000686645508,23.65999984741211,23.200000762939453,23.329999923706055,36800,2026-10-07
2024-01-16,21.16221809387207,23.84000015258789,23.979999542236328,23.530000686645508,23.530000686645508,32400,2026-10-07
2024-01-17,21.54391860961914,24.270000457763672,24.3799991607666,24.149999618530273,24.3799991607666,45500,2026-10-07
2024-01-18,21.437395095825195,24.149999618530273,24.350000381469727,24.107999801635742,24.290000915527344,26700,2026-10-07
2024-01-19,21.517284393310547,24.239999771118164,24.299999237060547,23.624000549316406,24.09000015258789,22600,2026-10-07
2024-01-22,21.42852020263672,24.139999389648438,24.327999114990234,23.959999084472656,24.239999771118164,38300,2026-10-07
2024-01-23,21.31311798095703,24.010000228881836,24.110000610351562,23.940000534057617,24.079999923706055,26700,2026-10-07
2024-01-24,21.2243595123291,23.90999984741211,24.1299991607666,23.850000381469727,23.858999252319336,40500,2026-10-07
2024-01-25,21.17997169494629,23.860000610351562,24.0,23.85099983215332,23.860000610351562,39900,2026-10-07
2024-01-26,21.295368194580078,23.989999771118164,24.100000381469727,23.972000122070312,24.0,190600,2026-10-07
2024-01-29,21.282052993774414,23.975000381469727,24.100000381469727,23.940000534057617,23.940000534057617,123900,2026-10-07
2024-01-30,21.375261306762695,24.079999923706055,24.159000396728516,23.905000686645508,23.969999313354492,27900,2026-10-07
2024-01-31,21.100078582763672,23.770000457763672,23.899999618530273,23.559999465942383,23.860000610351562,29300,2026-10-07
2024-02-01,20.94917869567871,23.600000381469727,23.729999542236328,23.451000213623047,23.59000015258789,32700,2026-10-07
2024-02-02,21.464025497436523,24.18000030517578,24.31999969482422,23.360000610351562,23.940000534057617,198200,2026-10-07
2024-02-05,21.64156150817871,24.3799991607666,24.5,24.32699966430664,24.350000381469727,76600,2026-10-07
2024-02-06,21.62380599975586,24.360000610351562,24.399999618530273,24.238000869750977,24.389999389648438,53800,2026-10-07
2024-02-07,21.526166915893555,24.25,24.469999313354492,24.219999313354492,24.469999313354492,116600,2026-10-07
2024-02-08,21.659313201904297,24.399999618530273,24.489999771118164,24.30699920654297,24.385000228881836,54100,2026-10-07
2024-02-09,21.765838623046875,24.520000457763672,24.600000381469727,24.3700008392334,24.40999984741211,78500,2026-10-07
2024-02-12,21.907867431640625,24.68000030517578,24.68000030517578,24.527999877929688,24.579999923706055,24500,2026-10-07
2024-02-13,22.227434158325195,25.040000915527344,25.079999923706055,24.850000381469727,24.899999618530273,36000,2026-10-07
2024-02-14,22.280689239501953,25.100000381469727,25.200000762939453,25.0,25.200000762939453,23900,2026-10-07
2024-02-15,22.298444747924805,25.1200008392334,25.219999313354492,24.90999984741211,25.040000915527344,23500,2026-10-07
2024-02-16,22.48485565185547,25.329999923706055,25.399999618530273,25.219999313354492,25.299999237060547,31700,2026-10-07
2024-02-20,22.183046340942383,24.989999771118164,25.139999389648438,24.93000030517578,25.139999389648438,40300,2026-10-07
2024-02-21,22.271814346313477,25.09000015258789,25.25,24.790000915527344,24.790000915527344,24500,2026-10-07
2024-02-22,22.48485565185547,25.329999923706055,25.440000534057617,25.149999618530273,25.209999084472656,20700,2026-10-07
2024-02-23,22.511486053466797,25.360000610351562,25.399999618530273,25.211999893188477,25.329999923706055,30800,2026-10-07
2024-02-26,22.493730545043945,25.34000015258789,25.469999313354492,25.309999465942383,25.469999313354492,22800,2026-10-07
2024-02-27,22.555871963500977,25.40999984741211,25.440000534057617,25.209999084472656,25.329999923706055,35200,2026-10-07
2024-02-28,22.42271614074707,25.260000228881836,25.420000076293945,25.235000610351562,25.420000076293945,42100,2026-10-07
2024-02-29,22.36058235168457,25.190000534057617,25.239999771118164,25.049999237060547,25.239999771118164,23700,2026-10-07
2024-03-01,22.041019439697266,24.829999923706055,25.239999771118164,24.70400047302246,25.190000534057617,48100,2026-10-07
2024-03-04,22.041019439697266,24.829999923706055,24.8799991607666,24.760000228881836,24.799999237060547,55300,2026-10-07
2024-03-05,21.836851119995117,24.600000381469727,24.690000534057617,24.53499984741211,24.6200008392334,103700,2026-10-07
2024-03-06,21.81909942626953,24.579999923706055,24.670000076293945,24.469999313354492,24.479999542236328,50500,2026-10-07
2024-03-07,21.970003128051758,24.75,24.80500030517578,24.645000457763672,24.68000030517578,87600,2026-10-07
2024-03-08,21.723228454589844,24.472000122070312,24.950000762939453,24.399999618530273,24.540000915527344,24600,2026-10-07
2024-03-11,21.827980041503906,24.59000015258789,24.6299991607666,24.5,24.5,20200,2026-10-07
2024-03-12,21.970003128051758,24.75,24.790000915527344,24.524999618530273,24.6200008392334,30600,2026-10-07
2024-03-13,22.387210845947266,25.219999313354492,25.239999771118164,25.0049991607666,25.010000228881836,34300,2026-10-07
2024-03-14,22.511486053466797,25.360000610351562,25.420000076293945,25.25,25.25,28400,2026-10-07
2024-03-15,22.83992576599121,25.729999542236328,25.729999542236328,25.485000610351562,25.5,49400,2026-10-07
2024-03-18,22.893192291259766,25.790000915527344,25.829999923706055,25.674999237060547,25.719999313354492,120000,2026-10-07
2024-03-19,22.555871963500977,25.40999984741211,25.549999237060547,25.3799991607666,25.549999237060547,30300,2026-10-07
2024-03-20,22.48485565185547,25.329999923706055,25.40999984741211,25.209999084472656,25.3700008392334,51200,2026-10-07
2024-03-21,22.378332138061523,25.209999084472656,25.329999923706055,25.200000762939453,25.209999084472656,57300,2026-10-07
2024-03-22,22.067649841308594,24.860000610351562,25.069000244140625,24.809999465942383,25.0,41900,2026-10-07
2024-03-25,22.308774948120117,24.979999542236328,25.0,24.729999542236328,24.729999542236328,21300,2026-10-07
2024-03-26,22.27305030822754,24.940000534057617,25.1200008392334,24.860000610351562,25.079999923706055,32500,2026-10-07
2024-03-27,22.264122009277344,24.93000030517578,25.059999465942383,24.823999404907227,25.059999465942383,30400,2026-10-07
2024-03-28,22.281984329223633,24.950000762939453,25.06800079345703,24.8700008392334,25.049999237060547,45000,2026-10-07
2024-04-01,22.63027572631836,25.34000015258789,25.389999389648438,25.0,25.0,65100,2026-10-07
2024-04-02,22.657066345214844,25.3700008392334,25.509000778198242,25.299999237060547,25.5,105900,2026-10-07
2024-04-03,22.657066345214844,25.3700008392334,25.56999969482422,25.309999465942383,25.489999771118164,87400,2026-10-07
2024-04-04,22.567768096923828,25.270000457763672,25.549999237060547,25.270000457763672,25.350000381469727,119400,2026-10-07
2024-04-05,22.924985885620117,25.670000076293945,25.670000076293945,25.364999771118164,25.520000457763672,83800,2026-10-07
2024-04-08,23.09467887878418,25.860000610351562,25.860000610351562,25.59000015258789,25.75,44200,2026-10-07
2024-04-09,22.87140464782715,25.610000610351562,25.75,25.459999084472656,25.75,46200,2026-10-07
2024-04-10,23.603723526000977,26.43000030517578,26.450000762939453,26.06999969482422,26.100000381469727,74000,2026-10-07
2024-04-11,23.800195693969727,26.649999618530273,26.729999542236328,26.190000534057617,26.420000076293945,51200,2026-10-07
2024-04-12,23.710887908935547,26.549999237060547,26.799999237060547,26.458999633789062,26.690000534057617,115800,2026-10-07
2024-04-15,24.05025291442871,26.93000030517578,26.93000030517578,26.72800064086914,26.75,126100,2026-10-07
2024-04-16,24.139556884765625,27.030000686645508,27.040000915527344,26.799999237060547,26.829999923706055,209000,2026-10-07
2024-04-17,24.068117141723633,26.950000762939453,27.097999572753906,26.829999923706055,26.899999618530273,94900,2026-10-07
2024-04-18,24.16634750366211,27.059999465942383,27.15999984741211,26.920000076293945,26.920000076293945,55000,2026-10-07
2024-04-19,24.264591217041016,27.170000076293945,27.26099967956543,27.13599967956543,27.18000030517578,29000,2026-10-07
2024-04-22,24.34496307373047,27.260000228881836,27.280000686645508,27.110000610351562,27.110000610351562,53900,2026-10-07
2024-04-23,24.318164825439453,27.229999542236328,27.260000228881836,27.15999984741211,27.170000076293945,50400,2026-10-07
2024-04-24,24.237794876098633,27.139999389648438,27.284000396728516,27.139999389648438,27.149999618530273,24100,2026-10-07
2024-04-25,24.63074493408203,27.579999923706055,27.670000076293945,27.350000381469727,27.510000228881836,35600,2026-10-07
2024-04-26,24.702190399169922,27.65999984741211,27.68000030517578,27.489999771118164,27.579999923706055,70700,2026-10-07
2024-04-29,24.550373077392578,27.489999771118164,27.56999969482422,27.31999969482422,27.56999969482422,185300,2026-10-07
2024-04-30,24.461061477661133,27.389999389648438,27.579999923706055,27.3700008392334,27.579999923706055,64900,2026-10-07
2024-05-01,24.353891372680664,27.270000457763672,27.549999237060547,27.270000457763672,27.360000610351562,92000,2026-10-07
2024-05-02,24.371755599975586,27.290000915527344,27.479999542236328,27.280000686645508,27.299999237060547,38100,2026-10-07
2024-05-03,24.309240341186523,27.219999313354492,27.299999237060547,27.139999389648438,27.200000762939453,35700,2026-10-07
2024-05-06,24.291378021240234,27.200000762939453,27.25,27.06100082397461,27.25,52600,2026-10-07
2024-05-07,24.184213638305664,27.079999923706055,27.079999923706055,26.940000534057617,27.020000457763672,65200,2026-10-07
2024-05-08,24.14849281311035,27.040000915527344,27.270000457763672,26.899999618530273,27.270000457763672,68200,2026-10-07
2024-05-09,24.121700286865234,27.010000228881836,27.110000610351562,26.930999755859375,27.100000381469727,180200,2026-10-07
2024-05-10,24.505718231201172,27.440000534057617,27.464000701904297,27.190000534057617,27.190000534057617,58800,2026-10-07
2024-05-13,24.755773544311523,27.719999313354492,27.75,27.454999923706055,27.5,67200,2026-10-07
2024-05-14,24.728986740112305,27.690000534057617,27.739999771118164,27.600000381469727,27.600000381469727,47600,2026-10-07
2024-05-15,24.461061477661133,27.389999389648438,27.639999389648438,27.350000381469727,27.5,81000,2026-10-07
2024-05-16,24.60395622253418,27.549999237060547,27.579999923706055,27.381999969482422,27.479999542236328,73800,2026-10-07
2024-05-17,24.91652488708496,27.899999618530273,27.93000030517578,27.729999542236328,27.75,28400,2026-10-07
2024-05-20,25.21123695373535,28.229999542236328,28.25,27.999000549316406,28.020000457763672,68300,2026-10-07
2024-05-21,25.13979148864746,28.149999618530273,28.159000396728516,28.030000686645508,28.100000381469727,73200,2026-10-07
2024-05-22,25.068349838256836,28.06999969482422,28.18000030517578,27.899999618530273,28.18000030517578,45700,2026-10-07
2024-05-23,24.871875762939453,27.850000381469727,28.329999923706055,27.764999389648438,28.1200008392334,141900,2026-10-07
2024-05-24,24.648605346679688,27.600000381469727,27.79800033569336,27.600000381469727,27.719999313354492,67600,2026-10-07
2024-05-28,24.99690055847168,27.989999771118164,28.03499984741211,27.649999618530273,27.649999618530273,47700,2026-10-07
2024-05-29,24.923669815063477,27.908000946044922,28.0,27.85700035095215,27.90999984741211,24300,2026-10-07
2024-05-30,24.6530704498291,27.604999542236328,27.68000030517578,27.510000228881836,27.670000076293945,81100,2026-10-07
2024-05-31,24.380685806274414,27.299999237060547,27.538999557495117,27.149999618530273,27.530000686645508,225400,2026-10-07
2024-06-03,24.34496307373047,27.260000228881836,27.479999542236328,27.049999237060547,27.479999542236328,175300,2026-10-07
2024-06-04,23.99666976928711,26.8700008392334,27.1200008392334,26.81999969482422,27.040000915527344,241700,2026-10-07
2024-06-05,23.916292190551758,26.780000686645508,26.940000534057617,26.719999313354492,26.850000381469727,150900,2026-10-07
2024-06-06,23.773399353027344,26.6200008392334,26.739999771118164,26.6200008392334,26.719999313354492,132900,2026-10-07
2024-06-07,24.041324615478516,26.920000076293945,26.969999313354492,26.790000915527344,26.790000915527344,79800,2026-10-07
2024-06-10,24.157419204711914,27.049999237060547,27.059999465942383,26.95199966430664,26.969999313354492,164100,2026-10-07
2024-06-11,23.99666976928711,26.8700008392334,26.950000762939453,26.829999923706055,26.950000762939453,29100,2026-10-07
2024-06-12,23.800195693969727,26.649999618530273,26.690000534057617,26.5,26.600000381469727,176700,2026-10-07
2024-06-13,23.58585548400879,26.40999984741211,26.530000686645508,26.31999969482422,26.530000686645508,107200,2026-10-07
2024-06-14,23.576927185058594,26.399999618530273,26.40999984741211,26.299999237060547,26.3700008392334,77400,2026-10-07
2024-06-17,23.689449310302734,26.525999069213867,26.6200008392334,26.5,26.6200008392334,89700,2026-10-07
2024-06-18,23.64836883544922,26.479999542236328,26.548999786376953,26.3799991607666,26.479999542236328,99500,2026-10-07
2024-06-20,23.666234970092773,26.5,26.639999389648438,26.479999542236328,26.639999389648438,35700,2026-10-07
2024-06-21,23.773399353027344,26.6200008392334,26.690000534057617,26.489999771118164,26.559999465942383,72000,2026-10-07
2024-06-24,23.960948944091797,26.829999923706055,26.860000610351562,26.6560001373291,26.700000762939453,148600,2026-10-07
2024-06-25,23.98788833618164,26.709999084472656,26.82900047302246,26.704999923706055,26.770000457763672,47200,2026-10-07
2024-06-26,24.221385955810547,26.969999313354492,27.040000915527344,26.770000457763672,26.809999465942383,73500,2026-10-07
2024-06-27,24.13158416748047,26.8700008392334,26.950000762939453,26.790000915527344,26.899999618530273,116600,2026-10-07
2024-06-28,24.176490783691406,26.920000076293945,27.059999465942383,26.716999053955078,26.770000457763672,162100,2026-10-07
2024-07-01,24.248329162597656,27.0,27.1299991607666,26.920000076293945,27.030000686645508,89900,2026-10-07
2024-07-02,24.311199188232422,27.06999969482422,27.06999969482422,26.84000015258789,26.84000015258789,134400,2026-10-07
2024-07-03,24.158523559570312,26.899999618530273,27.1200008392334,26.875,27.079999923706055,67000,2026-10-07
2024-07-05,23.83521270751953,26.540000915527344,26.850000381469727,26.540000915527344,26.81999969482422,95300,2026-10-07
2024-07-08,23.844192504882812,26.549999237060547,26.729999542236328,26.540000915527344,26.639999389648438,108500,2026-10-07
2024-07-09,23.83521270751953,26.540000915527344,26.700000762939453,26.479999542236328,26.6299991607666,157000,2026-10-07
2024-07-10,23.853178024291992,26.559999465942383,26.709999084472656,26.520000457763672,26.520000457763672,59100,2026-10-07
2024-07-11,23.583749771118164,26.260000228881836,26.270000457763672,26.030000686645508,26.200000762939453,1678300,2026-10-07
2024-07-12,23.359228134155273,26.010000228881836,26.17300033569336,26.010000228881836,26.15999984741211,287900,2026-10-07
2024-07-15,23.646617889404297,26.329999923706055,26.39900016784668,26.079999923706055,26.139999389648438,150900,2026-10-07
2024-07-16,23.475976943969727,26.139999389648438,26.320999145507812,26.091999053955078,26.309999465942383,99100,2026-10-07
2024-07-17,23.44903564453125,26.110000610351562,26.260000228881836,26.0,26.09000015258789,77500,2026-10-07
2024-07-18,23.577465057373047,26.253000259399414,26.260000228881836,26.049999237060547,26.15999984741211,106900,2026-10-07
2024-07-19,23.619672775268555,26.299999237060547,26.31999969482422,26.06100082397461,26.190000534057617,67600,2026-10-07
2024-07-22,23.36821174621582,26.020000457763672,26.200000762939453,26.020000457763672,26.1299991607666,134100,2026-10-07
2024-07-23,23.305341720581055,25.950000762939453,26.079999923706055,25.85300064086914,26.0,75500,2026-10-07
2024-07-24,23.287384033203125,25.93000030517578,25.959999084472656,25.665000915527344,25.860000610351562,88600,2026-10-07
2024-07-25,23.179609298706055,25.809999465942383,25.90999984741211,25.75,25.889999389648438,58300,2026-10-07
2024-07-26,23.538843154907227,26.209999084472656,26.280000686645508,25.90999984741211,25.90999984741211,66300,2026-10-07
2024-07-29,23.601713180541992,26.280000686645508,26.459999084472656,26.15999984741211,26.15999984741211,152000,2026-10-07
2024-07-30,23.709482192993164,26.399999618530273,26.579999923706055,26.350000381469727,26.530000686645508,128900,2026-10-07
2024-07-31,23.170625686645508,25.799999237060547,26.209999084472656,25.75,26.110000610351562,90600,2026-10-07
2024-08-01,23.251455307006836,25.889999389648438,25.958999633789062,25.65999984741211,25.709999084472656,56300,2026-10-07
2024-08-02,23.107757568359375,25.729999542236328,25.885000228881836,25.709999084472656,25.81999969482422,162100,2026-10-07
2024-08-05,23.35024642944336,26.0,26.079999923706055,25.899999618530273,25.969999313354492,223700,2026-10-07
2024-08-06,23.50292205810547,26.170000076293945,26.270000457763672,26.020000457763672,26.219999313354492,219200,2026-10-07
2024-08-07,23.399639129638672,26.05500030517578,26.209999084472656,26.01099967956543,26.170000076293945,52000,2026-10-07
2024-08-08,23.377187728881836,26.030000686645508,26.040000915527344,25.850000381469727,25.98699951171875,62700,2026-10-07
2024-08-09,23.36821174621582,26.020000457763672,26.079999923706055,25.959999084472656,26.030000686645508,67300,2026-10-07
2024-08-12,23.323301315307617,25.969999313354492,26.100000381469727,25.89699935913086,25.940000534057617,89500,2026-10-07
2024-08-13,23.583749771118164,26.260000228881836,26.329999923706055,26.100000381469727,26.100000381469727,142900,2026-10-07
2024-08-14,23.520883560180664,26.190000534057617,26.25,26.1200008392334,26.239999771118164,89900,2026-10-07
2024-08-15,23.529865264892578,26.200000762939453,26.312999725341797,26.079999923706055,26.149999618530273,82800,2026-10-07
2024-08-16,23.82623291015625,26.530000686645508,26.636999130249023,26.459999084472656,26.540000915527344,77400,2026-10-07
2024-08-19,23.727439880371094,26.420000076293945,26.59000015258789,26.358999252319336,26.59000015258789,79100,2026-10-07
2024-08-20,23.799291610717773,26.5,26.56999969482422,26.417999267578125,26.56999969482422,62000,2026-10-07
2024-08-21,23.745407104492188,26.440000534057617,26.499000549316406,26.350000381469727,26.469999313354492,99300,2026-10-07
2024-08-22,23.766958236694336,26.464000701904297,26.489999771118164,26.320999145507812,26.389999389648438,61400,2026-10-07
2024-08-23,23.583749771118164,26.260000228881836,26.440000534057617,26.25,26.440000534057617,136500,2026-10-07
2024-08-26,23.583749771118164,26.260000228881836,26.270000457763672,26.040000915527344,26.25,197600,2026-10-07
2024-08-27,23.484960556030273,26.149999618530273,26.290000915527344,26.049999237060547,26.290000915527344,237500,2026-10-07
2024-08-28,23.484960556030273,26.149999618530273,26.260000228881836,26.1299991607666,26.219999313354492,276800,2026-10-07
2024-08-29,23.50292205810547,26.170000076293945,26.200000762939453,26.09000015258789,26.09000015258789,57200,2026-10-07
2024-08-30,23.395145416259766,26.049999237060547,26.239999771118164,26.030000686645508,26.219999313354492,90200,2026-10-07
2024-09-03,23.646617889404297,26.329999923706055,26.420000076293945,26.260000228881836,26.360000610351562,202000,2026-10-07
2024-09-04,23.583749771118164,26.260000228881836,26.31999969482422,26.187000274658203,26.31999969482422,123300,2026-10-07
2024-09-05,23.619672775268555,26.299999237060547,26.329999923706055,26.18000030517578,26.25,60000,2026-10-07
2024-09-06,23.655595779418945,26.34000015258789,26.5,26.280000686645508,26.329999923706055,141800,2026-10-07
2024-09-09,23.628652572631836,26.309999465942383,26.40999984741211,26.270000457763672,26.3799991607666,166600,2026-10-07
2024-09-10,23.718461990356445,26.40999984741211,26.5,26.1299991607666,26.239999771118164,72000,2026-10-07
2024-09-11,23.79030990600586,26.489999771118164,26.600000381469727,26.3799991607666,26.40999984741211,62100,2026-10-07
2024-09-12,23.628652572631836,26.309999465942383,26.469999313354492,26.229999542236328,26.450000762939453,93700,2026-10-07
2024-09-13,23.610698699951172,26.290000915527344,26.440000534057617,26.158000946044922,26.299999237060547,175000,2026-10-07
2024-09-16,23.431072235107422,26.09000015258789,26.170000076293945,25.96500015258789,26.1200008392334,140400,2026-10-07
2024-09-17,23.323301315307617,25.969999313354492,26.100000381469727,25.850000381469727,26.100000381469727,104100,2026-10-07
2024-09-18,23.242469787597656,25.8799991607666,26.0,25.850000381469727,25.979999542236328,63100,2026-10-07
2024-09-19,23.179609298706055,25.809999465942383,25.929000854492188,25.780000686645508,25.829999923706055,94500,2026-10-07
2024-09-20,23.242469787597656,25.8799991607666,25.899999618530273,25.764999389648438,25.84000015258789,104100,2026-10-07
2024-09-23,23.426584243774414,26.084999084472656,26.139999389648438,25.93400001525879,25.979999542236328,121700,2026-10-07
2024-09-24,23.422094345092773,26.079999923706055,26.229999542236328,26.059999465942383,26.110000610351562,132000,2026-10-07
2024-09-25,23.56745719909668,25.940000534057617,26.030000686645508,25.84000015258789,25.84000015258789,83900,2026-10-07
2024-09-26,23.803680419921875,26.200000762939453,26.30500030517578,26.09000015258789,26.209999084472656,98600,2026-10-07
2024-09-27,23.740989685058594,26.131000518798828,26.200000762939453,26.06999969482422,26.1299991607666,71600,2026-10-07
2024-09-30,23.621971130371094,26.0,26.010000228881836,25.829999923706055,26.010000228881836,128300,2026-10-07
2024-10-01,23.44025993347168,25.799999237060547,25.989999771118164,25.690000534057617,25.989999771118164,157900,2026-10-07
2024-10-02,23.712825775146484,26.100000381469727,26.1299991607666,25.760000228881836,25.770000457763672,170600,2026-10-07
2024-10-03,23.69465446472168,26.079999923706055,26.100000381469727,25.867000579833984,25.979999542236328,96000,2026-10-07
2024-10-04,23.794593811035156,26.190000534057617,26.25,26.100000381469727,26.1299991607666,116500,2026-10-07
2024-10-07,23.621971130371094,26.0,26.239999771118164,25.979999542236328,26.239999771118164,135500,2026-10-07
2024-10-08,23.503860473632812,25.8700008392334,25.959999084472656,25.709999084472656,25.959999084472656,235100,2026-10-07
2024-10-09,23.56745719909668,25.940000534057617,25.940000534057617,25.760000228881836,25.8700008392334,90900,2026-10-07
2024-10-10,23.903615951538086,26.309999465942383,26.360000610351562,25.989999771118164,26.040000915527344,112800,2026-10-07
2024-10-11,24.121665954589844,26.549999237060547,26.55500030517578,26.420000076293945,26.459999084472656,105700,2026-10-07
2024-10-14,24.18526268005371,26.6200008392334,26.774999618530273,26.5,26.59000015258789,117600,2026-10-07
2024-10-15,24.14892578125,26.579999923706055,26.6200008392334,26.3700008392334,26.479999542236328,244400,2026-10-07
2024-10-16,24.167091369628906,26.600000381469727,26.674999237060547,26.450000762939453,26.639999389648438,110200,2026-10-07
2024-10-17,24.18526268005371,26.6200008392334,26.809999465942383,26.610000610351562,26.639999389648438,100900,2026-10-07
2024-10-18,24.36697006225586,26.81999969482422,26.9060001373291,26.558000564575195,26.610000610351562,119400,2026-10-07
2024-10-21,24.303369522094727,26.75,26.889999389648438,26.722999572753906,26.889999389648438,182300,2026-10-07
2024-10-22,24.121665954589844,26.549999237060547,26.700000762939453,26.482999801635742,26.700000762939453,167800,2026-10-07
2024-10-23,23.99447250366211,26.40999984741211,26.690000534057617,26.360000610351562,26.690000534057617,74900,2026-10-07
2024-10-24,23.821853637695312,26.219999313354492,26.364999771118164,26.1299991607666,26.309999465942383,252500,2026-10-07
2024-10-25,23.96721649169922,26.3799991607666,26.450000762939453,26.139999389648438,26.139999389648438,56900,2026-10-07
2024-10-28,24.548681259155273,27.020000457763672,27.100000381469727,26.719999313354492,26.719999313354492,132400,2026-10-07
2024-10-29,24.75764274597168,27.25,27.45199966430664,27.219999313354492,27.34000015258789,66200,2026-10-07
2024-10-30,24.694046020507812,27.18000030517578,27.18000030517578,26.954999923706055,27.040000915527344,119000,2026-10-07
2024-10-31,24.303369522094727,26.75,27.02400016784668,26.719999313354492,26.989999771118164,162900,2026-10-07
2024-11-01,24.45783042907715,26.920000076293945,27.05500030517578,26.649999618530273,26.65999984741211,294500,2026-10-07
2024-11-04,24.2761173248291,26.719999313354492,26.780000686645508,26.579999923706055,26.719999313354492,180900,2026-10-07
2024-11-05,24.330629348754883,26.780000686645508,26.8700008392334,26.690000534057617,26.700000762939453,207300,2026-10-07
2024-11-06,24.158010482788086,26.59000015258789,26.739999771118164,26.54800033569336,26.68000030517578,130700,2026-10-07
2024-11-07,24.203432083129883,26.639999389648438,26.80900001525879,26.575000762939453,26.600000381469727,115700,2026-10-07
2024-11-08,23.976295471191406,26.389999389648438,26.59000015258789,26.200000762939453,26.59000015258789,294200,2026-10-07
2024-11-11,23.894533157348633,26.299999237060547,26.350000381469727,26.100000381469727,26.229999542236328,134400,2026-10-07
2024-11-12,24.230695724487305,26.670000076293945,26.799999237060547,26.469999313354492,26.559999465942383,182600,2026-10-07
2024-11-13,24.2761173248291,26.719999313354492,26.82900047302246,26.559999465942383,26.6200008392334,306400,2026-10-07
2024-11-14,24.548681259155273,27.020000457763672,27.049999237060547,26.68000030517578,26.709999084472656,91800,2026-10-07
2024-11-15,24.475997924804688,26.940000534057617,27.152000427246094,26.790000915527344,27.079999923706055,229500,2026-10-07
2024-11-18,24.421483993530273,26.8799991607666,26.940000534057617,26.790000915527344,26.790000915527344,141200,2026-10-07
2024-11-19,24.621366500854492,27.100000381469727,27.149999618530273,26.701000213623047,26.780000686645508,75100,2026-10-07
2024-11-20,24.948434829711914,27.459999084472656,27.46500015258789,27.200000762939453,27.290000915527344,121300,2026-10-07
2024-11-21,25.230083465576172,27.770000457763672,27.780000686645508,27.420000076293945,27.479999542236328,145500,2026-10-07
2024-11-22,25.457218170166016,28.020000457763672,28.158000946044922,27.854999542236328,27.90999984741211,150600,2026-10-07
2024-11-25,25.139230728149414,27.670000076293945,28.100000381469727,27.670000076293945,27.799999237060547,366700,2026-10-07
2024-11-26,25.457218170166016,28.020000457763672,28.125999450683594,27.729999542236328,27.760000228881836,184200,2026-10-07
2024-11-27,25.330020904541016,27.8799991607666,27.93000030517578,27.68000030517578,27.68000030517578,165900,2026-10-07
2024-11-29,25.257339477539062,27.799999237060547,27.948999404907227,27.75,27.81999969482422,38100,2026-10-07
2024-12-02,25.021120071411133,27.540000915527344,27.913000106811523,27.420000076293945,27.809999465942383,520900,2026-10-07
2024-12-03,24.74855613708496,27.239999771118164,27.395000457763672,27.110000610351562,27.170000076293945,197400,2026-10-07
2024-12-04,24.73038673400879,27.219999313354492,27.610000610351562,27.170000076293945,27.5,220500,2026-10-07
2024-12-05,24.77581214904785,27.270000457763672,27.639999389648438,27.239999771118164,27.549999237060547,280400,2026-10-07
2024-12-06,24.684961318969727,27.170000076293945,27.24799919128418,27.06999969482422,27.100000381469727,209900,2026-10-07
2024-12-09,24.948434829711914,27.459999084472656,27.56999969482422,27.219999313354492,27.469999313354492,505800,2026-10-07
2024-12-10,25.248254776000977,27.790000915527344,27.829999923706055,27.6299991607666,27.729999542236328,369400,2026-10-07
2024-12-11,25.29368019104004,27.84000015258789,27.850000381469727,27.402999877929688,27.5,147500,2026-10-07
2024-12-12,25.4027042388916,27.959999084472656,28.030000686645508,27.8700008392334,27.920000076293945,140800,2026-10-07
2024-12-13,25.693437576293945,28.280000686645508,28.329999923706055,28.059999465942383,28.06999969482422,253100,2026-10-07
2024-12-16,25.793376922607422,28.389999389648438,28.6200008392334,28.360000610351562,28.520000457763672,385100,2026-10-07
2024-12-17,25.920568466186523,28.530000686645508,28.549999237060547,28.31999969482422,28.450000762939453,313600,2026-10-07
2024-12-18,26.320327758789062,28.969999313354492,29.06999969482422,28.56999969482422,28.639999389648438,353000,2026-10-07
2024-12-19,25.947826385498047,28.559999465942383,29.170000076293945,28.549999237060547,29.170000076293945,430600,2026-10-07
2024-12-20,26.075021743774414,28.700000762939453,28.768999099731445,28.510000228881836,28.610000610351562,240100,2026-10-07
2024-12-23,25.93328094482422,27.809999465942383,27.989999771118164,27.770000457763672,27.979999542236328,685400,2026-10-07
2024-12-24,25.886653900146484,27.760000228881836,27.889999389648438,27.704999923706055,27.81999969482422,317100,2026-10-07
2024-12-26,25.830703735351562,27.700000762939453,27.760000228881836,27.540000915527344,27.639999389648438,310600,2026-10-07
2024-12-27,25.625545501708984,27.479999542236328,27.690000534057617,27.3700008392334,27.690000534057617,686400,2026-10-07
2024-12-30,25.895978927612305,27.770000457763672,27.93000030517578,27.729000091552734,27.760000228881836,538000,2026-10-07
2024-12-31,26.00787925720215,27.889999389648438,27.940000534057617,27.698999404907227,27.709999084472656,541600,2026-10-07
2025-01-02,26.09181022644043,27.979999542236328,27.989999771118164,27.700000762939453,27.8700008392334,485800,2026-10-07
2025-01-03,26.045183181762695,27.93000030517578,28.0,27.792999267578125,27.850000381469727,504400,2026-10-07
2025-01-06,26.082481384277344,27.969999313354492,28.04800033569336,27.81999969482422,27.969999313354492,572800,2026-10-07
2025-01-07,26.063831329345703,27.950000762939453,28.075000762939453,27.885000228881836,27.93000030517578,598900,2026-10-07
2025-01-08,25.93328094482422,27.809999465942383,27.8700008392334,27.600000381469727,27.84000015258789,500700,2026-10-07
2025-01-10,26.43683624267578,28.350000381469727,28.479999542236328,28.229999542236328,28.229999542236328,860300,2026-10-07
2025-01-13,26.76321792602539,28.700000762939453,28.790000915527344,28.55699920654297,28.68000030517578,961300,2026-10-07
2025-01-14,26.809844970703125,28.75,28.790000915527344,28.549999237060547,28.65999984741211,434500,2026-10-07
2025-01-15,27.089597702026367,29.049999237060547,29.059999465942383,28.719999313354492,28.719999313354492,1222100,2026-10-07
2025-01-16,26.949722290039062,28.899999618530273,28.90999984741211,28.520000457763672,28.90999984741211,455000,2026-10-07
2025-01-17,26.753896713256836,28.690000534057617,28.860000610351562,28.5,28.700000762939453,526900,2026-10-07
2025-01-21,26.74456787109375,28.68000030517578,28.739999771118164,28.530000686645508,28.6299991607666,566400,2026-10-07
2025-01-22,26.987022399902344,28.940000534057617,28.940000534057617,28.67799949645996,28.690000534057617,346400,2026-10-07
2025-01-23,26.996349334716797,28.950000762939453,29.059999465942383,28.858999252319336,29.020000457763672,690900,2026-10-07
2025-01-24,26.93107032775879,28.8799991607666,28.96500015258789,28.773000717163086,28.850000381469727,465900,2026-10-07
2025-01-27,26.474136352539062,28.389999389648438,28.65999984741211,28.209999084472656,28.65999984741211,823500,2026-10-07
2025-01-28,26.55806541442871,28.479999542236328,28.604999542236328,28.299999237060547,28.299999237060547,250100,2026-10-07
2025-01-29,26.800519943237305,28.739999771118164,28.799999237060547,28.577999114990234,28.670000076293945,525100,2026-10-07
2025-01-30,26.63266372680664,28.559999465942383,28.780000686645508,28.520000457763672,28.780000686645508,867600,2026-10-07
2025-01-31,26.57671546936035,28.5,28.68000030517578,28.402000427246094,28.5,770100,2026-10-07
2025-02-03,26.809844970703125,28.75,28.860000610351562,28.490999221801758,28.600000381469727,683500,2026-10-07
2025-02-04,26.83782196044922,28.780000686645508,29.0,28.739999771118164,29.0,453400,2026-10-07
2025-02-05,27.061626434326172,29.020000457763672,29.049999237060547,28.81999969482422,28.84000015258789,700700,2026-10-07
2025-02-06,27.089597702026367,29.049999237060547,29.049999237060547,28.799999237060547,29.030000686645508,1252500,2026-10-07
2025-02-07,27.089597702026367,29.049999237060547,29.170000076293945,28.940000534057617,29.110000610351562,558400,2026-10-07
2025-02-10,27.406654357910156,29.389999389648438,29.40999984741211,29.079999923706055,29.110000610351562,690400,2026-10-07
2025-02-11,27.070945739746094,29.030000686645508,29.290000915527344,29.0,29.25,431500,2026-10-07
2025-02-12,27.43463134765625,29.420000076293945,29.489999771118164,29.170000076293945,29.170000076293945,708200,2026-10-07
2025-02-13,27.54653549194336,29.540000915527344,29.6299991607666,29.440000534057617,29.510000228881836,601300,2026-10-07
2025-02-14,27.41598129272461,29.399999618530273,29.65999984741211,29.3700008392334,29.579999923706055,325500,2026-10-07
2025-02-18,27.900888442993164,29.920000076293945,29.979999542236328,29.399999618530273,29.690000534057617,677400,2026-10-07
2025-02-19,28.171314239501953,30.209999084472656,30.21299934387207,29.969999313354492,30.100000381469727,505800,2026-10-07
2025-02-20,27.788984298706055,29.799999237060547,29.90999984741211,29.700000762939453,29.90999984741211,391600,2026-10-07
2025-02-21,27.75168800354004,29.760000228881836,29.920000076293945,29.656999588012695,29.920000076293945,561100,2026-10-07
2025-02-24,27.509233474731445,29.5,29.6200008392334,29.357999801635742,29.6200008392334,1058400,2026-10-07
2025-02-25,27.229482650756836,29.200000762939453,29.290000915527344,29.030000686645508,29.219999313354492,681700,2026-10-07
2025-02-26,27.108247756958008,29.06999969482422,29.170000076293945,29.0,29.149999618530273,346700,2026-10-07
2025-02-27,26.959047317504883,28.90999984741211,29.059999465942383,28.799999237060547,28.959999084472656,355000,2026-10-07
2025-02-28,26.791196823120117,28.729999542236328,28.8799991607666,28.649999618530273,28.8799991607666,502200,2026-10-07
2025-03-03,26.903095245361328,28.850000381469727,28.91900062561035,28.690000534057617,28.690000534057617,548100,2026-10-07
2025-03-04,27.089597702026367,29.049999237060547,29.149999618530273,28.954999923706055,29.040000915527344,1077800,2026-10-07
2025-03-05,27.34138298034668,29.31999969482422,29.389999389648438,29.09000015258789,29.09000015258789,726600,2026-10-07
2025-03-06,27.182851791381836,29.149999618530273,29.260000228881836,29.059999465942383,29.260000228881836,1018400,2026-10-07
2025-03-07,27.108247756958008,29.06999969482422,29.079999923706055,28.850000381469727,28.959999084472656,392800,2026-10-07
2025-03-10,27.2574520111084,29.229999542236328,29.299999237060547,29.1299991607666,29.219999313354492,568100,2026-10-07
2025-03-11,27.37868309020996,29.360000610351562,29.389999389648438,29.152000427246094,29.239999771118164,809100,2026-10-07
2025-03-12,27.145553588867188,29.110000610351562,29.219999313354492,29.030000686645508,29.209999084472656,632700,2026-10-07
2025-03-13,27.490583419799805,29.479999542236328,29.53499984741211,29.0,29.020000457763672,470400,2026-10-07
2025-03-14,27.2574520111084,29.229999542236328,29.3700008392334,29.148000717163086,29.34000015258789,789300,2026-10-07
2025-03-17,27.369356155395508,29.350000381469727,29.451000213623047,29.163000106811523,29.280000686645508,658800,2026-10-07
2025-03-18,27.6118106842041,29.610000610351562,29.68000030517578,29.326000213623047,29.3700008392334,793400,2026-10-07
2025-03-19,27.928863525390625,29.950000762939453,29.989999771118164,29.540000915527344,29.639999389648438,398900,2026-10-07
2025-03-20,27.900888442993164,29.920000076293945,30.1200008392334,29.860000610351562,30.020000457763672,464800,2026-10-07
2025-03-21,27.66775894165039,29.670000076293945,30.0,29.51099967956543,30.0,610500,2026-10-07
2025-03-24,27.322725296020508,29.299999237060547,29.6560001373291,29.229999542236328,29.639999389648438,791200,2026-10-07
2025-03-25,27.499908447265625,29.489999771118164,29.62299919128418,29.350000381469727,29.350000381469727,416500,2026-10-07
2025-03-26,27.387544631958008,29.25,29.3799991607666,29.107999801635742,29.3799991607666,450600,2026-10-07
2025-03-27,27.387544631958008,29.25,29.329999923706055,29.040000915527344,29.079999923706055,417100,2026-10-07
2025-03-28,27.55608558654785,29.43000030517578,29.56999969482422,29.3799991607666,29.3799991607666,480100,2026-10-07
2025-03-31,27.715259552001953,29.600000381469727,29.6200008392334,29.430999755859375,29.6200008392334,618300,2026-10-07
2025-04-01,27.87443733215332,29.770000457763672,29.780000686645508,29.610000610351562,29.639999389648438,521700,2026-10-07
2025-04-02,27.996156692504883,29.899999618530273,29.899999618530273,29.780000686645508,29.84000015258789,1273200,2026-10-07
2025-04-03,27.55608558654785,29.43000030517578,29.530000686645508,29.25,29.399999618530273,1139500,2026-10-07
2025-04-04,27.013017654418945,28.850000381469727,29.3799991607666,28.805999755859375,29.3799991607666,3125000,2026-10-07
2025-04-07,26.32013702392578,28.110000610351562,28.649999618530273,28.10099983215332,28.649999618530273,1426900,2026-10-07
2025-04-08,26.292043685913086,28.079999923706055,28.1299991607666,27.90999984741211,28.049999237060547,1068500,2026-10-07
2025-04-09,26.06732940673828,27.84000015258789,28.110000610351562,27.469999313354492,27.899999618530273,1172400,2026-10-07
2025-04-10,25.936241149902344,27.700000762939453,27.940000534057617,27.6560001373291,27.809999465942383,1253900,2026-10-07
2025-04-11,25.739614486694336,27.489999771118164,27.670000076293945,27.3700008392334,27.670000076293945,645500,2026-10-07
2025-04-14,26.011150360107422,27.780000686645508,27.889999389648438,27.610000610351562,27.690000534057617,364700,2026-10-07
2025-04-15,26.13286590576172,27.90999984741211,27.999000549316406,27.809999465942383,27.850000381469727,320900,2026-10-07
2025-04-16,26.3388614654541,28.1299991607666,28.200000762939453,27.979999542236328,28.040000915527344,225400,2026-10-07
2025-04-17,26.301408767700195,28.09000015258789,28.200000762939453,27.979999542236328,28.190000534057617,518600,2026-10-07
2025-04-21,26.310773849487305,28.100000381469727,28.260000228881836,28.0,28.170000076293945,387100,2026-10-07
2025-04-22,26.348224639892578,28.139999389648438,28.25200080871582,28.06999969482422,28.149999618530273,518000,2026-10-07
2025-04-23,26.1141414642334,27.889999389648438,28.187000274658203,27.809999465942383,28.18000030517578,350200,2026-10-07
2025-04-24,26.469947814941406,28.270000457763672,28.290000915527344,28.040000915527344,28.200000762939453,725700,2026-10-07
2025-04-25,26.498037338256836,28.299999237060547,28.3700008392334,28.219999313354492,28.34000015258789,338800,2026-10-07
2025-04-28,26.45121955871582,28.25,28.350000381469727,28.145000457763672,28.190000534057617,225500,2026-10-07
2025-04-29,26.423131942749023,28.219999313354492,28.239999771118164,28.0939998626709,28.170000076293945,517100,2026-10-07
2025-04-30,26.273319244384766,28.059999465942383,28.200000762939453,28.014999389648438,28.200000762939453,343000,2026-10-07
2025-05-01,25.954967498779297,27.719999313354492,28.049999237060547,27.6200008392334,28.0,878800,2026-10-07
2025-05-02,25.571075439453125,27.309999465942383,27.56999969482422,27.25,27.56999969482422,542300,2026-10-07
2025-05-05,25.62725257873535,27.3700008392334,27.40999984741211,27.219999313354492,27.309999465942383,398100,2026-10-07
2025-05-06,25.97369384765625,27.739999771118164,27.760000228881836,27.520000457763672,27.520000457763672,334400,2026-10-07
2025-05-07,25.889427185058594,27.649999618530273,27.709999084472656,27.520000457763672,27.700000762939453,200700,2026-10-07
2025-05-08,25.767704010009766,27.520000457763672,27.659000396728516,27.506999969482422,27.549999237060547,233400,2026-10-07
2025-05-09,25.945602416992188,27.709999084472656,27.760000228881836,27.610000610351562,27.6200008392334,258000,2026-10-07
2025-05-12,25.90814971923828,27.670000076293945,27.690000534057617,27.5,27.5,580200,2026-10-07
2025-05-13,26.076690673828125,27.850000381469727,27.8700008392334,27.69300079345703,27.700000762939453,592700,2026-10-07
2025-05-14,25.8613338470459,27.6200008392334,27.8700008392334,27.570999145507812,27.8700008392334,334100,2026-10-07
2025-05-15,25.64597511291504,27.389999389648438,27.530000686645508,27.280000686645508,27.350000381469727,1240800,2026-10-07
2025-05-16,25.758342742919922,27.510000228881836,27.600000381469727,27.339000701904297,27.389999389648438,336200,2026-10-07
2025-05-19,25.945602416992188,27.709999084472656,27.84000015258789,27.5939998626709,27.600000381469727,620300,2026-10-07
2025-05-20,25.8332462310791,27.59000015258789,27.69499969482422,27.489999771118164,27.639999389648438,523500,2026-10-07
2025-05-21,25.851972579956055,27.610000610351562,27.715999603271484,27.469999313354492,27.600000381469727,295900,2026-10-07
2025-05-22,25.8613338470459,27.6200008392334,27.722000122070312,27.540000915527344,27.540000915527344,245200,2026-10-07
2025-05-23,25.720882415771484,27.469999313354492,27.700000762939453,27.3799991607666,27.5,395700,2026-10-07
2025-05-27,25.524261474609375,27.260000228881836,27.46500015258789,27.149999618530273,27.450000762939453,294700,2026-10-07
2025-05-28,25.5148983001709,27.25,27.413999557495117,27.25,27.260000228881836,379200,2026-10-07
2025-05-29,25.45871353149414,27.190000534057617,27.23699951171875,27.030000686645508,27.1299991607666,855000,2026-10-07
2025-05-30,25.383808135986328,27.110000610351562,27.209999084472656,27.020000457763672,27.18000030517578,560700,2026-10-07
2025-06-02,25.4212646484375,27.149999618530273,27.2450008392334,27.100000381469727,27.149999618530273,566500,2026-10-07
2025-06-03,25.49616813659668,27.229999542236328,27.433000564575195,27.149999618530273,27.25,587900,2026-10-07
2025-06-04,25.5148983001709,27.25,27.489999771118164,27.190000534057617,27.489999771118164,256400,2026-10-07
2025-06-05,25.777063369750977,27.530000686645508,27.639999389648438,27.399999618530273,27.399999618530273,442300,2026-10-07
2025-06-06,26.14223289489746,27.920000076293945,27.950000762939453,27.76099967956543,27.829999923706055,470800,2026-10-07
2025-06-09,26.366952896118164,28.15999984741211,28.190000534057617,28.010000228881836,28.110000610351562,415200,2026-10-07
2025-06-10,26.3388614654541,28.1299991607666,28.219999313354492,27.940000534057617,28.139999389648438,234000,2026-10-07
2025-06-11,26.366952896118164,28.15999984741211,28.239999771118164,28.0,28.190000534057617,195600,2026-10-07
2025-06-12,26.348224639892578,28.139999389648438,28.18000030517578,27.996999740600586,28.059999465942383,311000,2026-10-07
2025-06-13,26.15159797668457,27.93000030517578,28.299999237060547,27.841999053955078,28.299999237060547,183700,2026-10-07
2025-06-16,26.498037338256836,28.299999237060547,28.299999237060547,28.020000457763672,28.030000686645508,254000,2026-10-07
2025-06-17,26.104778289794922,27.8799991607666,28.277000427246094,27.829999923706055,28.270000457763672,341000,2026-10-07
2025-06-18,26.011150360107422,27.780000686645508,27.950000762939453,27.670000076293945,27.81999969482422,306500,2026-10-07
2025-06-20,25.88006019592285,27.639999389648438,27.81999969482422,27.562999725341797,27.649999618530273,226300,2026-10-07
2025-06-23,25.62725257873535,27.3700008392334,27.724000930786133,27.270000457763672,27.639999389648438,300000,2026-10-07
2025-06-24,25.196542739868164,26.90999984741211,27.139999389648438,26.799999237060547,27.139999389648438,413300,2026-10-07
2025-06-25,25.1492862701416,26.610000610351562,26.719999313354492,26.551000595092773,26.600000381469727,334200,2026-10-07
2025-06-26,25.29105567932129,26.760000228881836,26.860000610351562,26.575000762939453,26.709999084472656,466600,2026-10-07
2025-06-27,25.27215003967285,26.739999771118164,26.75,26.479999542236328,26.56999969482422,287000,2026-10-07
2025-06-30,25.27215003967285,26.739999771118164,26.770000457763672,26.56999969482422,26.739999771118164,593800,2026-10-07
2025-07-01,25.29105567932129,26.760000228881836,26.867000579833984,26.648000717163086,26.75,420800,2026-10-07
2025-07-02,25.546234130859375,27.030000686645508,27.128999710083008,26.760000228881836,26.760000228881836,571800,2026-10-07
2025-07-03,25.593486785888672,27.079999923706055,27.110000610351562,26.941999435424805,27.030000686645508,418200,2026-10-07
2025-07-07,25.735252380371094,27.229999542236328,27.299999237060547,26.959999084472656,26.979999542236328,426000,2026-10-07
2025-07-08,26.07549476623535,27.59000015258789,27.760000228881836,27.280000686645508,27.399999618530273,1006400,2026-10-07
2025-07-09,26.11329460144043,27.6299991607666,27.687999725341797,27.489999771118164,27.6299991607666,190700,2026-10-07
2025-07-10,25.98098373413086,27.489999771118164,27.700000762939453,27.389999389648438,27.6299991607666,401100,2026-10-07
2025-07-11,26.349571228027344,27.8799991607666,28.059999465942383,27.610000610351562,27.610000610351562,271800,2026-10-07
2025-07-14,26.01878547668457,27.530000686645508,27.844999313354492,27.510000228881836,27.829999923706055,244500,2026-10-07
2025-07-15,26.132200241088867,27.649999618530273,27.759000778198242,27.479999542236328,27.479999542236328,310300,2026-10-07
2025-07-16,26.160551071166992,27.68000030517578,27.708999633789062,27.481000900268555,27.6200008392334,232300,2026-10-07
2025-07-17,26.23615837097168,27.760000228881836,27.81999969482422,27.5,27.549999237060547,142700,2026-10-07
2025-07-18,26.1983585357666,27.719999313354492,27.975000381469727,27.690000534057617,27.799999237060547,1551600,2026-10-07
2025-07-21,26.51024055480957,28.049999237060547,28.086999893188477,27.729999542236328,27.760000228881836,386500,2026-10-07
2025-07-22,26.538593292236328,28.079999923706055,28.079999923706055,27.834999084472656,28.020000457763672,221500,2026-10-07
2025-07-23,26.8693790435791,28.43000030517578,28.43000030517578,28.139999389648438,28.209999084472656,395400,2026-10-07
2025-07-24,26.73706817626953,28.290000915527344,28.399999618530273,28.1299991607666,28.399999618530273,136200,2026-10-07
2025-07-25,26.538593292236328,28.079999923706055,28.209999084472656,27.940000534057617,28.209999084472656,305800,2026-10-07
2025-07-28,26.765419006347656,28.31999969482422,28.354999542236328,28.1299991607666,28.280000686645508,559900,2026-10-07
2025-07-29,26.83157730102539,28.389999389648438,28.40999984741211,28.065000534057617,28.190000534057617,245600,2026-10-07
2025-07-30,26.51024055480957,28.049999237060547,28.55900001525879,28.0,28.350000381469727,488600,2026-10-07
2025-07-31,25.962078094482422,27.469999313354492,27.989999771118164,27.309999465942383,27.950000762939453,264700,2026-10-07
2025-08-01,25.064226150512695,26.520000457763672,26.969999313354492,26.450000762939453,26.969999313354492,811300,2026-10-07
2025-08-04,25.007522583007812,26.459999084472656,26.799999237060547,26.360000610351562,26.469999313354492,468700,2026-10-07
2025-08-05,25.33831024169922,26.809999465942383,26.979000091552734,26.530000686645508,26.59000015258789,199000,2026-10-07
2025-08-06,25.546234130859375,27.030000686645508,27.139999389648438,26.770000457763672,27.030000686645508,252000,2026-10-07
2025-08-07,25.867568969726562,27.3700008392334,27.399999618530273,26.96500015258789,27.1200008392334,205300,2026-10-07
2025-08-08,25.48007583618164,26.959999084472656,27.549999237060547,26.8799991607666,27.459999084472656,179300,2026-10-07
2025-08-11,25.423368453979492,26.899999618530273,27.135000228881836,26.75,26.93000030517578,657000,2026-10-07
2025-08-12,25.70690155029297,27.200000762939453,27.280000686645508,26.920000076293945,26.979999542236328,277800,2026-10-07
2025-08-13,25.6407413482666,27.1299991607666,27.329999923706055,26.969999313354492,27.18000030517578,160700,2026-10-07
2025-08-14,25.470623016357422,26.950000762939453,27.219999313354492,26.81999969482422,27.219999313354492,151500,2026-10-07
2025-08-15,25.754159927368164,27.25,27.388999938964844,26.770000457763672,26.850000381469727,211900,2026-10-07
2025-08-18,26.00933837890625,27.520000457763672,27.554000854492188,27.222999572753906,27.34000015258789,174500,2026-10-07
2025-08-19,25.943174362182617,27.450000762939453,27.55699920654297,27.3700008392334,27.510000228881836,229000,2026-10-07
2025-08-20,26.132200241088867,27.649999618530273,27.700000762939453,27.450000762939453,27.479999542236328,222600,2026-10-07
2025-08-21,26.29286766052246,27.81999969482422,27.899999618530273,27.600000381469727,27.610000610351562,139200,2026-10-07
2025-08-22,26.36847686767578,27.899999618530273,27.969999313354492,27.6560001373291,27.8700008392334,341900,2026-10-07
2025-08-25,26.4913387298584,28.030000686645508,28.09000015258789,27.875,27.90999984741211,149000,2026-10-07
2025-08-26,26.339576721191406,27.770000457763672,27.850000381469727,27.660999298095703,27.729999542236328,565200,2026-10-07
2025-08-27,26.358549118041992,27.790000915527344,28.059999465942383,27.75,27.75,433800,2026-10-07
2025-08-28,26.3016414642334,27.729999542236328,27.969999313354492,27.68000030517578,27.959999084472656,243800,2026-10-07
2025-08-29,26.472368240356445,27.90999984741211,27.969999313354492,27.740999221801758,27.790000915527344,296000,2026-10-07
2025-09-02,26.832794189453125,28.290000915527344,28.43899917602539,28.1299991607666,28.139999389648438,556900,2026-10-07
2025-09-03,26.614643096923828,28.059999465942383,28.270000457763672,27.950000762939453,28.219999313354492,202300,2026-10-07
2025-09-04,26.405977249145508,27.84000015258789,28.006000518798828,27.750999450683594,27.899999618530273,195600,2026-10-07
2025-09-05,25.969667434692383,27.3799991607666,27.389999389648438,27.100000381469727,27.3799991607666,366200,2026-10-07
2025-09-08,25.922245025634766,27.329999923706055,27.44099998474121,27.260000228881836,27.309999465942383,381300,2026-10-07
2025-09-09,25.84636688232422,27.25,27.492000579833984,27.18000030517578,27.459999084472656,208200,2026-10-07
2025-09-10,25.998125076293945,27.40999984741211,27.43000030517578,27.174999237060547,27.219999313354492,156600,2026-10-07
2025-09-11,25.893789291381836,27.299999237060547,27.3799991607666,27.139999389648438,27.15999984741211,198800,2026-10-07
2025-09-12,26.0170955657959,27.43000030517578,27.700000762939453,27.43000030517578,27.5,243400,2026-10-07
2025-09-15,26.311126708984375,27.739999771118164,27.80500030517578,27.469999313354492,27.469999313354492,188400,2026-10-07
2025-09-16,26.292158126831055,27.719999313354492,27.809999465942383,27.62700080871582,27.75,289500,2026-10-07
2025-09-17,26.074003219604492,27.489999771118164,27.610000610351562,27.389999389648438,27.469999313354492,225500,2026-10-07
2025-09-18,26.206790924072266,27.6299991607666,27.708999633789062,27.520000457763672,27.670000076293945,449500,2026-10-07
2025-09-19,26.235244750976562,27.65999984741211,27.714000701904297,27.549999237060547,27.59000015258789,1389200,2026-10-07
2025-09-22,26.55773162841797,28.0,28.030000686645508,27.641000747680664,27.65999984741211,319600,2026-10-07
2025-09-23,26.481855392456055,27.920000076293945,28.06999969482422,27.899999618530273,28.0,502800,2026-10-07
2025-09-24,26.624126434326172,28.06999969482422,28.1299991607666,27.959999084472656,28.06999969482422,238700,2026-10-07
2025-09-25,26.68124008178711,28.030000686645508,28.09000015258789,27.90999984741211,28.049999237060547,233200,2026-10-07
2025-09-26,26.814502716064453,28.170000076293945,28.25,28.05699920654297,28.09000015258789,360900,2026-10-07
2025-09-29,26.65268325805664,28.0,28.139999389648438,27.968000411987305,28.1200008392334,610800,2026-10-07
2025-09-30,26.624122619628906,27.969999313354492,28.0,27.77199935913086,27.899999618530273,304500,2026-10-07
2025-10-01,26.462305068969727,27.799999237060547,27.90999984741211,27.709999084472656,27.799999237060547,393500,2026-10-07
2025-10-02,26.16722297668457,27.489999771118164,27.790000915527344,27.413999557495117,27.790000915527344,682400,2026-10-07
2025-10-03,26.41471290588379,27.75,27.84000015258789,27.639999389648438,27.700000762939453,345300,2026-10-07
2025-10-06,26.72883415222168,28.079999923706055,28.149999618530273,27.8799991607666,27.93000030517578,480700,2026-10-07
2025-10-07,26.852575302124023,28.209999084472656,28.280000686645508,28.049999237060547,28.06999969482422,245100,2026-10-07
2025-10-08,27.147661209106445,28.520000457763672,28.549999237060547,28.329999923706055,28.3700008392334,231600,2026-10-07
2025-10-09,27.071510314941406,28.440000534057617,28.6299991607666,28.31999969482422,28.559999465942383,251400,2026-10-07
2025-10-10,26.900171279907227,28.260000228881836,28.469999313354492,27.95400047302246,28.360000610351562,299000,2026-10-07
2025-10-13,27.4141845703125,28.799999237060547,28.881999969482422,28.549999237060547,28.549999237060547,232900,2026-10-07
2025-10-14,27.499858856201172,28.889999389648438,28.969999313354492,28.600000381469727,28.690000534057617,152900,2026-10-07
2025-10-15,27.576007843017578,28.969999313354492,29.139999389648438,28.829999923706055,29.0,344400,2026-10-07
2025-10-16,27.804458618164062,29.209999084472656,29.239999771118164,29.09000015258789,29.110000610351562,250400,2026-10-07
2025-10-17,27.13814353942871,28.510000228881836,28.93000030517578,28.43000030517578,28.93000030517578,264100,2026-10-07
2025-10-20,27.395153045654297,28.780000686645508,28.809999465942383,28.53499984741211,28.600000381469727,161600,2026-10-07
2025-10-21,27.11910629272461,28.489999771118164,28.579999923706055,28.43000030517578,28.43000030517578,175300,2026-10-07
2025-10-22,26.852575302124023,28.209999084472656,28.510000228881836,28.135000228881836,28.510000228881836,183200,2026-10-07
2025-10-23,26.605091094970703,27.950000762939453,28.350000381469727,27.899999618530273,28.15999984741211,221700,2026-10-07
2025-10-24,26.20529556274414,27.530000686645508,27.90999984741211,27.530000686645508,27.90999984741211,435800,2026-10-07
2025-10-27,25.786470413208008,27.09000015258789,27.5,26.940000534057617,27.489999771118164,452300,2026-10-07
2025-10-28,25.700485229492188,26.899999618530273,27.04800033569336,26.760000228881836,26.940000534057617,310100,2026-10-07
2025-10-29,25.92022705078125,27.1299991607666,27.15999984741211,26.950000762939453,26.950000762939453,307900,2026-10-07
2025-10-30,26.034875869750977,27.25,27.55500030517578,27.1200008392334,27.209999084472656,1416800,2026-10-07
2025-10-31,26.01576805114746,27.229999542236328,27.280000686645508,27.1299991607666,27.239999771118164,849100,2026-10-07
2025-11-03,26.063539505004883,27.280000686645508,27.3700008392334,27.18000030517578,27.219999313354492,711400,2026-10-07
2025-11-04,25.76736068725586,26.969999313354492,27.104999542236328,26.940000534057617,27.09000015258789,347100,2026-10-07
2025-11-05,26.025325775146484,27.239999771118164,27.270000457763672,27.010000228881836,27.049999237060547,320600,2026-10-07
2025-11-06,25.681371688842773,26.8799991607666,27.010000228881836,26.78499984741211,27.010000228881836,360300,2026-10-07
2025-11-07,25.805578231811523,27.010000228881836,27.040000915527344,26.899999618530273,26.899999618530273,167700,2026-10-07
2025-11-10,26.50302505493164,27.739999771118164,27.799999237060547,27.049999237060547,27.049999237060547,261900,2026-10-07
2025-11-11,26.2259578704834,27.450000762939453,27.450000762939453,27.312999725341797,27.389999389648438,313200,2026-10-07
2025-11-12,26.178184509277344,27.399999618530273,27.424999237060547,27.290000915527344,27.329999923706055,234600,2026-10-07
2025-11-13,26.197296142578125,27.420000076293945,27.610000610351562,27.40999984741211,27.549999237060547,208800,2026-10-07
2025-11-14,26.053983688354492,27.270000457763672,27.440000534057617,27.149999618530273,27.420000076293945,287800,2026-10-07
2025-11-17,26.197296142578125,27.420000076293945,27.530000686645508,27.270000457763672,27.270000457763672,238300,2026-10-07
2025-11-18,26.206850051879883,27.43000030517578,27.489999771118164,27.260000228881836,27.350000381469727,185600,2026-10-07
2025-11-19,26.07309341430664,27.290000915527344,27.389999389648438,27.190000534057617,27.389999389648438,235600,2026-10-07
2025-11-20,25.71003532409668,26.90999984741211,27.25,26.829999923706055,27.25,219500,2026-10-07
2025-11-21,25.719629287719727,26.81999969482422,26.895999908447266,26.56999969482422,26.760000228881836,429100,2026-10-07
2025-11-24,25.67167854309082,26.770000457763672,27.0049991607666,26.600000381469727,26.649999618530273,1147600,2026-10-07
2025-11-25,25.83470344543457,26.940000534057617,27.0,26.8700008392334,27.0,253100,2026-10-07
2025-11-26,26.045677185058594,27.15999984741211,27.25,26.940000534057617,26.940000534057617,483000,2026-10-07
2025-11-28,26.189523696899414,27.309999465942383,27.5,27.260000228881836,27.5,101600,2026-10-07
2025-12-01,26.08403968811035,27.200000762939453,27.299999237060547,27.110000610351562,27.270000457763672,317500,2026-10-07
2025-12-02,26.074447631835938,27.190000534057617,27.200000762939453,27.010000228881836,27.200000762939453,418200,2026-10-07
2025-12-03,25.892244338989258,27.0,27.239999771118164,27.0,27.149999618530273,296900,2026-10-07
2025-12-04,25.84429359436035,26.950000762939453,27.059999465942383,26.8799991607666,27.059999465942383,311300,2026-10-07
2025-12-05,25.527833938598633,26.6200008392334,26.8799991607666,26.549999237060547,26.799999237060547,387200,2026-10-07
2025-12-08,25.55660057067871,26.649999618530273,26.768999099731445,26.510000228881836,26.579999923706055,360700,2026-10-07
2025-12-09,25.585371017456055,26.68000030517578,26.68000030517578,26.549999237060547,26.579999923706055,299300,2026-10-07
2025-12-10,25.51824378967285,26.610000610351562,26.65999984741211,26.450000762939453,26.520000457763672,199600,2026-10-07
2025-12-11,25.738807678222656,26.84000015258789,26.860000610351562,26.6299991607666,26.75,190300,2026-10-07
2025-12-12,25.66208839416504,26.760000228881836,27.0,26.62299919128418,27.0,648800,2026-10-07
2025-12-15,25.79634666442871,26.899999618530273,26.974000930786133,26.844999313354492,26.959999084472656,219100,2026-10-07
2025-12-16,25.92101287841797,27.030000686645508,27.040000915527344,26.850000381469727,26.850000381469727,325000,2026-10-07
2025-12-17,25.9401912689209,27.049999237060547,27.139999389648438,26.969999313354492,27.020000457763672,279500,2026-10-07
2025-12-18,26.112810134887695,27.229999542236328,27.229999542236328,26.9950008392334,27.030000686645508,390100,2026-10-07
2025-12-19,26.08403968811035,27.200000762939453,27.309999465942383,27.15999984741211,27.15999984741211,315100,2026-10-07
2025-12-22,26.227880477905273,27.350000381469727,27.398000717163086,27.280000686645508,27.309999465942383,735400,2026-10-07
2025-12-23,26.3433837890625,27.3700008392334,27.415000915527344,27.229999542236328,27.25,288100,2026-10-07
2025-12-24,26.247133255004883,27.270000457763672,27.360000610351562,27.170000076293945,27.329999923706055,259400,2026-10-07
2025-12-26,26.680253982543945,27.719999313354492,27.75200080871582,27.469999313354492,27.469999313354492,315100,2026-10-07
2025-12-29,26.141258239746094,27.15999984741211,27.530000686645508,27.059999465942383,27.530000686645508,466600,2026-10-07
2025-12-30,26.093135833740234,27.110000610351562,27.270000457763672,27.030000686645508,27.09000015258789,315800,2026-10-07
2025-12-31,26.237510681152344,27.260000228881836,27.315000534057617,27.059999465942383,27.200000762939453,579100,2026-10-07
2026-01-02,26.141258239746094,27.15999984741211,27.399999618530273,27.15999984741211,27.31999969482422,633700,2026-10-07
2026-01-05,26.487756729125977,27.520000457763672,27.6299991607666,27.450000762939453,27.510000228881836,365000,2026-10-07
2026-01-06,26.6610050201416,27.700000762939453,27.75,27.59000015258789,27.6299991607666,486900,2026-10-07
2026-01-07,26.468503952026367,27.5,27.6299991607666,27.440000534057617,27.6299991607666,338700,2026-10-07
2026-01-08,26.50700569152832,27.540000915527344,27.610000610351562,27.350000381469727,27.350000381469727,508500,2026-10-07
2026-01-09,26.795751571655273,27.84000015258789,28.030000686645508,27.707000732421875,27.770000457763672,639300,2026-10-07
2026-01-12,26.920873641967773,27.969999313354492,28.1200008392334,27.8700008392334,27.8700008392334,348600,2026-10-07
2026-01-13,26.920873641967773,27.969999313354492,28.09000015258789,27.920000076293945,28.09000015258789,171900,2026-10-07
2026-01-14,27.286623001098633,28.350000381469727,28.350000381469727,28.138999938964844,28.139999389648438,199900,2026-10-07
2026-01-15,26.959375381469727,28.010000228881836,28.139999389648438,27.950000762939453,28.139999389648438,338400,2026-10-07
2026-01-16,26.52625274658203,27.559999465942383,27.860000610351562,27.459999084472656,27.719999313354492,269500,2026-10-07
2026-01-20,26.709129333496094,27.75,27.84000015258789,27.639999389648438,27.639999389648438,427400,2026-10-07
2026-01-21,26.603256225585938,27.639999389648438,27.80500030517578,27.506999969482422,27.709999084472656,320800,2026-10-07
2026-01-22,26.7861270904541,27.829999923706055,27.889999389648438,27.520000457763672,27.530000686645508,275300,2026-10-07
2026-01-23,27.142250061035156,28.200000762939453,28.200000762939453,27.770000457763672,27.770000457763672,193700,2026-10-07
2026-01-26,27.450246810913086,28.520000457763672,28.799999237060547,28.399999618530273,28.399999618530273,427400,2026-10-07
2026-01-27,27.392295837402344,28.360000610351562,28.40999984741211,28.125,28.280000686645508,443200,2026-10-07
2026-01-28,27.90420913696289,28.889999389648438,28.889999389648438,28.46500015258789,28.59000015258789,346500,2026-10-07
2026-01-29,28.020112991333008,29.010000228881836,29.43199920654297,28.649999618530273,29.149999618530273,288800,2026-10-07
2026-01-30,27.092870712280273,28.049999237060547,28.68000030517578,27.719999313354492,28.579999923706055,411400,2026-10-07
2026-02-02,26.68720245361328,27.6299991607666,27.860000610351562,27.54400062561035,27.780000686645508,493900,2026-10-07
2026-02-03,27.092870712280273,28.049999237060547,28.09000015258789,27.780000686645508,27.850000381469727,221000,2026-10-07
2026-02-04,27.37298011779785,28.34000015258789,28.43899917602539,28.1299991607666,28.170000076293945,323700,2026-10-07
2026-02-05,27.15082359313965,28.110000610351562,28.190000534057617,28.0,28.190000534057617,163100,2026-10-07
2026-02-06,27.36331558227539,28.329999923706055,28.440000534057617,28.110000610351562,28.110000610351562,280600,2026-10-07
2026-02-09,27.69171714782715,28.670000076293945,28.670000076293945,28.34000015258789,28.399999618530273,2567100,2026-10-07
2026-02-10,27.749670028686523,28.729999542236328,28.868999481201172,28.690000534057617,28.690000534057617,524500,2026-10-07
2026-02-11,27.952503204345703,28.940000534057617,29.059999465942383,28.850000381469727,28.920000076293945,208700,2026-10-07
2026-02-12,27.711034774780273,28.690000534057617,28.979999542236328,28.639999389648438,28.979999542236328,292700,2026-10-07
2026-02-13,27.846256256103516,28.829999923706055,28.91200065612793,28.790000915527344,28.790000915527344,201000,2026-10-07
2026-02-17,28.107044219970703,29.100000381469727,29.190000534057617,29.020000457763672,29.020000457763672,219500,2026-10-07
2026-02-18,28.551345825195312,29.559999465942383,29.6200008392334,29.469999313354492,29.479999542236328,526100,2026-10-07
2026-02-19,28.754182815551758,29.770000457763672,29.863000869750977,29.65999984741211,29.670000076293945,588500,2026-10-07
2026-02-20,28.783157348632812,29.799999237060547,29.8700008392334,29.600000381469727,29.790000915527344,362600,2026-10-07
2026-02-23,28.985994338989258,30.010000228881836,30.040000915527344,29.871000289916992,29.90999984741211,368300,2026-10-07
2026-02-24,28.995702743530273,29.8700008392334,29.899999618530273,29.714000701904297,29.799999237060547,134700,2026-10-07
2026-02-25,29.053945541381836,29.93000030517578,30.030000686645508,29.760000228881836,29.850000381469727,254100,2026-10-07
2026-02-26,29.112186431884766,29.989999771118164,30.030000686645508,29.760000228881836,29.8799991607666,185800,2026-10-07
2026-02-27,29.35487174987793,30.239999771118164,30.31999969482422,30.06999969482422,30.31999969482422,437000,2026-10-07
2026-03-02,29.413114547729492,30.299999237060547,30.399999618530273,30.011999130249023,30.3700008392334,290600,2026-10-07
2026-03-03,28.85009002685547,29.719999313354492,29.899999618530273,29.600000381469727,29.81999969482422,2110100,2026-10-07
2026-03-04,29.257797241210938,30.139999389648438,30.219999313354492,29.84000015258789,29.84000015258789,596200,2026-10-07
2026-03-05,29.199552536010742,30.079999923706055,30.219999313354492,30.010000228881836,30.149999618530273,413800,2026-10-07
2026-03-06,29.33545684814453,30.219999313354492,30.40999984741211,30.170000076293945,30.229999542236328,570400,2026-10-07
2026-03-09,29.18984603881836,30.06999969482422,30.5,29.889999389648438,30.350000381469727,1463700,2026-10-07
2026-03-10,29.539310455322266,30.43000030517578,30.469999313354492,30.17099952697754,30.450000762939453,378900,2026-10-07
2026-03-11,29.38399314880371,30.270000457763672,30.43000030517578,30.219999313354492,30.3799991607666,275100,2026-10-07
2026-03-12,29.597553253173828,30.489999771118164,30.65999984741211,30.3700008392334,30.6299991607666,543300,2026-10-07
2026-03-13,29.549015045166016,30.440000534057617,30.514999389648438,30.290000915527344,30.489999771118164,846600,2026-10-07
2026-03-16,29.005407333374023,29.8799991607666,30.3700008392334,29.81999969482422,30.299999237060547,469600,2026-10-07
2026-03-17,29.743160247802734,30.639999389648438,30.639999389648438,30.299999237060547,30.299999237060547,466100,2026-10-07
2026-03-18,29.927600860595703,30.829999923706055,30.920000076293945,30.649999618530273,30.84000015258789,2423400,2026-10-07
2026-03-19,29.442237854003906,30.329999923706055,30.790000915527344,30.010000228881836,30.65999984741211,742600,2026-10-07
2026-03-20,29.481067657470703,30.3700008392334,30.489999771118164,30.040000915527344,30.3799991607666,1502400,2026-10-07
2026-03-23,28.015262603759766,28.860000610351562,29.450000762939453,28.575000762939453,29.170000076293945,1409800,2026-10-07
2026-03-24,28.364727020263672,29.219999313354492,29.469999313354492,29.070999145507812,29.170000076293945,703100,2026-10-07
2026-03-25,28.1997013092041,29.049999237060547,29.40999984741211,28.520000457763672,28.56999969482422,2626400,2026-10-07
2026-03-26,28.668067932128906,29.3799991607666,29.600000381469727,28.5,28.5,522200,2026-10-07
2026-03-27,29.390138626098633,30.1200008392334,30.27199935913086,29.799999237060547,29.799999237060547,1127700,2026-10-07
2026-03-30,29.878023147583008,30.6200008392334,30.80900001525879,30.43000030517578,30.549999237060547,975600,2026-10-07
2026-03-31,29.487716674804688,30.219999313354492,30.600000381469727,29.899999618530273,30.520000457763672,1020100,2026-10-07
2026-04-01,28.755887985229492,29.469999313354492,29.75,29.332000732421875,29.639999389648438,1195500,2026-10-07
2026-04-02,29.995115280151367,30.739999771118164,30.860000610351562,29.6200008392334,30.700000762939453,2728300,2026-10-07
2026-04-06,30.20978355407715,30.959999084472656,31.280000686645508,30.670000076293945,30.899999618530273,915600,2026-10-07
2026-04-07,30.004871368408203,30.75,31.260000228881836,30.5,31.1299991607666,743000,2026-10-07
2026-04-08,28.43388557434082,29.139999389648438,29.31999969482422,28.549999237060547,28.610000610351562,751800,2026-10-07
2026-04-09,28.726613998413086,29.440000534057617,29.709999084472656,29.0,29.469999313354492,475300,2026-10-07
2026-04-10,28.52170181274414,29.229999542236328,29.579999923706055,29.135000228881836,29.34000015258789,214500,2026-10-07
2026-04-13,29.048622131347656,29.770000457763672,30.344999313354492,29.649999618530273,30.25,1568400,2026-10-07
2026-04-14,28.638795852661133,29.350000381469727,29.780000686645508,29.219999313354492,29.68000030517578,610600,2026-10-07
2026-04-15,28.590007781982422,29.299999237060547,29.489999771118164,29.190000534057617,29.309999465942383,518900,2026-10-07
2026-04-16,28.902254104614258,29.6200008392334,29.8799991607666,29.479999542236328,29.489999771118164,1046500,2026-10-07
2026-04-17,27.69230079650879,28.3799991607666,28.510000228881836,27.739999771118164,28.479999542236328,968000,2026-10-07
2026-04-20,28.19969940185547,28.899999618530273,29.06999969482422,28.649999618530273,28.700000762939453,1443700,2026-10-07
2026-04-21,28.82419204711914,29.540000915527344,29.59000015258789,28.920000076293945,29.020000457763672,350000,2026-10-07
2026-04-22,28.99983024597168,29.719999313354492,29.829999923706055,29.530000686645508,29.530000686645508,501000,2026-10-07
2026-04-23,29.58529281616211,30.31999969482422,30.440000534057617,29.770000457763672,29.860000610351562,427700,2026-10-07
2026-04-24,29.516986846923828,30.25,30.405000686645508,30.06100082397461,30.167999267578125,1169100,2026-10-07
2026-04-27,30.144590377807617,30.739999771118164,30.920000076293945,30.3700008392334,30.399999618530273,553400,2026-10-07
2026-04-28,30.75258445739746,31.360000610351562,31.360000610351562,30.878000259399414,31.010000228881836,404900,2026-10-07
2026-04-29,31.899917602539062,32.529998779296875,32.54999923706055,32.0,32.0,504200,2026-10-07
2026-04-30,31.723405838012695,32.349998474121094,32.67499923706055,32.029998779296875,32.060001373291016,317300,2026-10-07
2026-05-01,31.41941261291504,32.040000915527344,32.279998779296875,31.829999923706055,32.209999084472656,510500,2026-10-07
2026-05-04,31.978370666503906,32.61000061035156,32.709999084472656,31.969999313354492,32.15999984741211,464200,2026-10-07
2026-05-05,31.605728149414062,32.22999954223633,32.310001373291016,32.04999923706055,32.18000030517578,373700,2026-10-07
2026-05-06,30.242652893066406,30.84000015258789,31.30500030517578,30.79199981689453,31.219999313354492,1035000,2026-10-07
2026-05-07,30.242652893066406,30.84000015258789,30.989999771118164,29.809999465942383,30.260000228881836,386000,2026-10-07
2026-05-08,30.124977111816406,30.719999313354492,30.940000534057617,30.489999771118164,30.489999771118164,399900,2026-10-07
2026-05-11,30.674135208129883,31.280000686645508,31.440000534057617,31.030000686645508,31.079999923706055,381100,2026-10-07
2026-05-12,31.370378494262695,31.989999771118164,32.18000030517578,31.799999237060547,31.93000030517578,889200,2026-10-07
2026-05-13,31.07619285583496,31.690000534057617,32.2599983215332,31.690000534057617,32.05799865722656,393400,2026-10-07
2026-05-14,31.085996627807617,31.700000762939453,31.7450008392334,31.459999084472656,31.559999465942383,318900,2026-10-07
2026-05-15,31.39980125427246,32.02000045776367,32.09000015258789,31.645000457763672,31.75,746600,2026-10-07
2026-05-18,31.50766944885254,32.130001068115234,32.7599983215332,31.889999389648438,31.889999389648438,799800,2026-10-07
2026-05-19,31.71360206604004,32.34000015258789,32.47999954223633,32.05500030517578,32.31999969482422,887300,2026-10-07
2026-05-20,30.75258445739746,31.360000610351562,32.060001373291016,31.010000228881836,32.060001373291016,508500,2026-10-07
2026-05-21,30.34071922302246,30.940000534057617,31.889999389648438,30.604999542236328,31.780000686645508,357100,2026-10-07
2026-05-22,30.10536766052246,30.700000762939453,31.020000457763672,30.492000579833984,30.799999237060547,603400,2026-10-07
2026-05-26,29.405698776245117,29.84000015258789,30.049999237060547,29.760000228881836,29.81999969482422,912400,2026-10-07
2026-05-27,28.804576873779297,29.229999542236328,29.479999542236328,29.079999923706055,29.139999389648438,560800,2026-10-07
2026-05-28,28.706031799316406,29.1299991607666,29.440000534057617,28.729999542236328,29.3799991607666,563800,2026-10-07
2026-05-29,28.459671020507812,28.8799991607666,29.020000457763672,28.549999237060547,28.829999923706055,561400,2026-10-07
2026-06-01,29.14948272705078,29.579999923706055,30.020000457763672,29.200000762939453,29.200000762939453,805200,2026-10-07
2026-06-02,29.307153701782227,29.739999771118164,29.809999465942383,29.450000762939453,29.540000915527344,502000,2026-10-07
2026-06-03,29.464824676513672,29.899999618530273,30.049999237060547,29.719999313354492,29.950000762939453,391400,2026-10-07
2026-06-04,29.05093765258789,29.479999542236328,29.559999465942383,29.312999725341797,29.399999618530273,563100,2026-10-07
2026-06-05,28.61734390258789,29.040000915527344,29.399999618530273,28.979999542236328,29.299999237060547,336400,2026-10-07
2026-06-08,28.765161514282227,29.190000534057617,29.389999389648438,29.010000228881836,29.010000228881836,402200,2026-10-07
2026-06-09,28.459671020507812,28.8799991607666,28.940000534057617,28.469999313354492,28.920000076293945,496700,2026-10-07
2026-06-10,28.71588706970215,29.139999389648438,29.329999923706055,28.881999969482422,28.90999984741211,500100,2026-10-07
2026-06-11,28.183746337890625,28.600000381469727,29.260000228881836,28.524999618530273,29.040000915527344,291300,2026-10-07
2026-06-12,27.83884048461914,28.25,28.670000076293945,28.184999465942383,28.510000228881836,484200,2026-10-07
2026-06-15,27.454519271850586,27.860000610351562,27.8799991607666,27.600000381469727,27.739999771118164,453700,2026-10-07
2026-06-16,26.971649169921875,27.3700008392334,27.489999771118164,27.170000076293945,27.329999923706055,554200,2026-10-07
2026-06-17,26.784414291381836,27.18000030517578,27.739999771118164,27.18000030517578,27.3799991607666,513000,2026-10-07
2026-06-18,26.804122924804688,27.200000762939453,27.20800018310547,26.829999923706055,27.1200008392334,494400,2026-10-07
2026-06-22,26.577470779418945,26.969999313354492,27.0,26.799999237060547,26.920000076293945,472700,2026-10-07
2026-06-23,26.301544189453125,26.690000534057617,26.760000228881836,26.600000381469727,26.665000915527344,456800,2026-10-07
2026-06-24,25.828533172607422,26.209999084472656,26.350000381469727,26.149999618530273,26.239999771118164,398300,2026-10-07
2026-06-25,26.016700744628906,26.270000457763672,26.309999465942383,26.040000915527344,26.1200008392334,745800,2026-10-07
2026-06-26,25.670074462890625,25.920000076293945,25.969999313354492,25.84000015258789,25.969999313354492,292000,2026-10-07
2026-06-29,25.729496002197266,25.979999542236328,26.06999969482422,25.881999969482422,26.06999969482422,480300,2026-10-07
2026-06-30,25.689882278442383,25.940000534057617,26.09000015258789,25.860000610351562,26.09000015258789,805200,2026-10-07
2026-07-01,25.521520614624023,25.770000457763672,25.8799991607666,25.68000030517578,25.75,828800,2026-10-07
2026-07-02,25.442293167114258,25.690000534057617,25.82699966430664,25.639999389648438,25.770000457763672,490200,2026-10-07
2026-07-06,25.818628311157227,26.06999969482422,26.1299991607666,25.760000228881836,25.760000228881836,957700,2026-10-07
2026-07-07,25.779014587402344,26.030000686645508,26.110000610351562,25.860000610351562,26.010000228881836,412200,2026-10-07
2026-07-08,25.907760620117188,26.15999984741211,26.200000762939453,25.91699981689453,26.030000686645508,455800,2026-10-07
2026-07-09,25.699787139892578,25.950000762939453,26.190000534057617,25.8700008392334,26.1299991607666,439100,2026-10-07
2026-07-10,25.63045883178711,25.8799991607666,26.0,25.639999389648438,25.639999389648438,730200,2026-10-07
2026-07-13,26.323711395263672,26.579999923706055,26.709999084472656,26.134000778198242,26.15999984741211,455600,2026-10-07
2026-07-14,26.630722045898438,26.889999389648438,27.1299991607666,26.690000534057617,26.899999618530273,356600,2026-10-07
2026-07-15,26.5613956451416,26.81999969482422,26.969999313354492,26.469999313354492,26.969999313354492,320700,2026-10-07
2026-07-16,26.254384994506836,26.510000228881836,26.90399932861328,26.510000228881836,26.860000610351562,253800,2026-10-07
2026-07-17,26.858503341674805,27.1200008392334,27.149999618530273,26.639999389648438,26.639999389648438,469600,2026-10-07
2026-07-20,27.086286544799805,27.350000381469727,27.43000030517578,27.059999465942383,27.1200008392334,350100,2026-10-07
2026-07-21,27.442813873291016,27.709999084472656,27.739999771118164,27.5,27.5,480300,2026-10-07
2026-07-22,27.640886306762695,27.90999984741211,28.040000915527344,27.809999465942383,27.8700008392334,391400,2026-10-07
2026-07-23,28.38365364074707,28.65999984741211,28.940000534057617,28.540000915527344,28.540000915527344,314400,2026-10-07
2026-07-24,27.84886360168457,28.1200008392334,28.229999542236328,27.829999923706055,28.229999542236328,524500,2026-10-07
2026-07-27,26.531686782836914,26.790000915527344,27.399999618530273,26.790000915527344,27.399999618530273,629400,2026-10-07
2026-07-28,26.193321228027344,26.31999969482422,26.709999084472656,26.09000015258789,26.600000381469727,275400,2026-10-07
2026-07-29,27.0690860748291,27.200000762939453,27.295000076293945,26.8799991607666,27.219999313354492,444700,2026-10-07
2026-07-30,26.899904251098633,27.030000686645508,27.149999618530273,26.950000762939453,27.0,435800,2026-10-07
2026-07-31,27.009374618530273,27.139999389648438,27.34000015258789,27.0,27.31999969482422,387200,2026-10-07
2026-08-03,26.1037540435791,26.229999542236328,26.489999771118164,25.899999618530273,25.899999618530273,412500,2026-10-07
2026-08-04,25.3275089263916,25.450000762939453,25.68000030517578,25.389999389648438,25.65999984741211,762900,2026-10-07
2026-08-05,25.397172927856445,25.520000457763672,25.709999084472656,25.43000030517578,25.670000076293945,830200,2026-10-07
2026-08-06,25.934572219848633,26.059999465942383,26.1200008392334,25.559999465942383,25.559999465942383,661800,2026-10-07
2026-08-07,25.745487213134766,25.8700008392334,26.170000076293945,25.75,25.75,350900,2026-10-07
2026-08-10,26.860095977783203,26.989999771118164,27.108999252319336,26.399999618530273,26.399999618530273,636900,2026-10-07
2026-08-11,27.049182891845703,27.18000030517578,27.219999313354492,26.760000228881836,26.850000381469727,256600,2026-10-07
2026-08-12,27.01932716369629,27.149999618530273,27.260000228881836,27.079999923706055,27.1200008392334,309600,2026-10-07
2026-08-13,26.81033706665039,26.940000534057617,27.184999465942383,26.639999389648438,26.8799991607666,194900,2026-10-07
2026-08-14,27.05913543701172,27.190000534057617,27.229999542236328,26.709999084472656,26.739999771118164,362500,2026-10-07
2026-08-17,27.745811462402344,27.8799991607666,27.959999084472656,27.399999618530273,27.399999618530273,414500,2026-10-07
2026-08-18,27.79557228088379,27.93000030517578,28.104999542236328,27.854000091552734,28.0,345400,2026-10-07
2026-08-19,27.98465919494629,28.1200008392334,28.31999969482422,27.969999313354492,27.989999771118164,362700,2026-10-07
2026-08-20,28.342924118041992,28.479999542236328,28.6200008392334,28.350000381469727,28.5,229400,2026-10-07
2026-08-21,28.412588119506836,28.549999237060547,28.75,28.530000686645508,28.649999618530273,365600,2026-10-07
2026-08-24,27.75576400756836,27.889999389648438,28.420000076293945,27.81999969482422,28.420000076293945,320700,2026-10-07
2026-08-25,26.880001068115234,27.010000228881836,27.485000610351562,26.950000762939453,27.3799991607666,268200,2026-10-07
2026-08-26,26.989999771118164,26.989999771118164,27.309999465942383,26.8700008392334,26.8700008392334,765100,2026-10-07
2026-08-27,27.479999542236328,27.479999542236328,27.6299991607666,27.020000457763672,27.06999969482422,254100,2026-10-07
2026-08-28,27.52199935913086,27.52199935913086,27.649999618530273,27.3799991607666,27.40999984741211,436800,2026-10-07
2026-08-31,28.270000457763672,28.270000457763672,28.360000610351562,27.959999084472656,27.959999084472656,820300,2026-10-07
2026-09-01,29.079999923706055,29.079999923706055,29.1200008392334,28.5,28.530000686645508,887800,2026-10-07
2026-09-02,28.940000534057617,28.940000534057617,29.190000534057617,28.709999084472656,28.809999465942383,1030800,2026-10-07
2026-09-03,28.389999389648438,28.389999389648438,28.850000381469727,28.389999389648438,28.530000686645508,603200,2026-10-07
2026-09-04,28.440000534057617,28.440000534057617,28.530000686645508,27.979999542236328,28.15999984741211,989900,2026-10-07
2026-09-08,28.959999084472656,28.959999084472656,29.010000228881836,28.611000061035156,28.770000457763672,977900,2026-10-07
2026-09-09,29.799999237060547,29.799999237060547,29.850000381469727,29.420000076293945,29.450000762939453,602000,2026-10-07
2026-09-10,31.079999923706055,31.079999923706055,31.110000610351562,30.299999237060547,30.329999923706055,1265700,2026-10-07
2026-09-11,30.290000915527344,30.290000915527344,30.540000915527344,30.06999969482422,30.170000076293945,819800,2026-10-07
2026-09-14,30.290000915527344,30.290000915527344,31.1299991607666,29.950000762939453,30.860000610351562,1510900,2026-10-07
2026-09-15,31.0,31.0,31.149999618530273,30.65999984741211,30.65999984741211,1672700,2026-10-07
2026-09-16,30.65999984741211,30.65999984741211,31.06999969482422,30.229999542236328,31.010000228881836,1164300,2026-10-07
2026-09-17,29.979999542236328,29.979999542236328,30.239999771118164,29.799999237060547,29.799999237060547,477300,2026-10-07
2026-09-18,29.829999923706055,29.829999923706055,30.260000228881836,29.729999542236328,30.079999923706055,393700,2026-10-07
2026-09-21,29.15999984741211,29.15999984741211,29.399999618530273,28.8799991607666,29.360000610351562,777800,2026-10-07
2026-09-22,29.049999237060547,29.049999237060547,29.420000076293945,28.893999099731445,28.989999771118164,625400,2026-10-07
2026-09-23,29.700000762939453,29.700000762939453,29.719999313354492,29.209999084472656,29.440000534057617,511900,2026-10-07
2026-09-24,29.670000076293945,29.670000076293945,30.2549991607666,29.440000534057617,29.549999237060547,346900,2026-10-07
2026-09-25,28.940000534057617,28.940000534057617,29.329999923706055,28.6200008392334,29.110000610351562,621100,2026-10-07
2026-09-28,28.860000610351562,28.860000610351562,29.229999542236328,28.479999542236328,29.06999969482422,453200,2026-10-07
2026-09-29,28.329999923706055,28.329999923706055,28.549999237060547,28.209999084472656,28.350000381469727,326100,2026-10-07
2026-09-30,28.84000015258789,28.84000015258789,29.139999389648438,28.760000228881836,29.06999969482422,694900,2026-10-07
2026-10-01,29.239999771118164,29.239999771118164,29.28499984741211,28.84000015258789,28.84000015258789,2020100,2026-10-07
2026-10-02,29.149999618530273,29.149999618530273,29.149999618530273,28.280000686645508,28.639999389648438,917600,2026-10-07
2026-10-05,28.829999923706055,28.829999923706055,29.139999389648438,28.690000534057617,29.0,1297300,2026-10-07
2026-10-06,28.93000030517578,28.93000030517578,28.969999313354492,28.34000015258789,28.43000030517578,521700,2026-10-07
2026-10-07,28.780000686645508,28.780000686645508,29.229999542236328,28.56100082397461,29.110000610351562,1644600,2026-10-07
