Date,Adj Close,Close,High,Low,Open,Volume,DataCollectedAt
2020-12-02,20.57521629333496,25.09000015258789,25.09000015258789,25.010000228881836,25.010000228881836,999500,2026-10-09
2020-12-03,20.84993553161621,25.424999237060547,25.424999237060547,25.424999237060547,25.424999237060547,0,2026-10-09
2020-12-04,20.70232582092285,25.2450008392334,25.2450008392334,25.2450008392334,25.2450008392334,0,2026-10-09
2020-12-07,20.854036331176758,25.43000030517578,25.43000030517578,25.43000030517578,25.43000030517578,0,2026-10-09
2020-12-08,20.69002342224121,25.229999542236328,25.229999542236328,25.229999542236328,25.229999542236328,100,2026-10-09
2020-12-09,20.854036331176758,25.43000030517578,25.530000686645508,25.43000030517578,25.530000686645508,400,2026-10-09
2020-12-10,20.7269287109375,25.274999618530273,25.274999618530273,25.274999618530273,25.274999618530273,0,2026-10-09
2020-12-11,20.772029876708984,25.329999923706055,25.329999923706055,25.329999923706055,25.329999923706055,0,2026-10-09
2020-12-14,20.82041358947754,25.388999938964844,25.479999542236328,25.388999938964844,25.469999313354492,400,2026-10-09
2020-12-15,20.91143798828125,25.5,25.5,25.5,25.5,0,2026-10-09
2020-12-16,20.86797523498535,25.44700050354004,25.44700050354004,25.44700050354004,25.44700050354004,0,2026-10-09
2020-12-17,21.07545280456543,25.700000762939453,25.700000762939453,25.700000762939453,25.700000762939453,100,2026-10-09
2020-12-18,20.945064544677734,25.541000366210938,25.541000366210938,25.541000366210938,25.541000366210938,100,2026-10-09
2020-12-21,21.046751022338867,25.665000915527344,25.665000915527344,25.665000915527344,25.665000915527344,0,2026-10-09
2020-12-22,20.812213897705078,25.378999710083008,25.378999710083008,25.378999710083008,25.378999710083008,0,2026-10-09
2020-12-23,21.193538665771484,25.8439998626709,25.8439998626709,25.8439998626709,25.8439998626709,0,2026-10-09
2020-12-24,21.07954978942871,25.704999923706055,25.704999923706055,25.704999923706055,25.704999923706055,100,2026-10-09
2020-12-28,20.874536514282227,25.454999923706055,25.454999923706055,25.454999923706055,25.454999923706055,0,2026-10-09
2020-12-29,21.436275482177734,26.139999389648438,26.139999389648438,26.09000015258789,26.09000015258789,300,2026-10-09
2020-12-30,21.710994720458984,26.475000381469727,26.518999099731445,26.475000381469727,26.518999099731445,300,2026-10-09
2020-12-31,21.687211990356445,26.445999145507812,26.450000762939453,26.445999145507812,26.450000762939453,200,2026-10-09
2021-01-04,21.623247146606445,26.368000030517578,26.368000030517578,26.368000030517578,26.368000030517578,200,2026-10-09
2021-01-05,22.055419921875,26.895000457763672,26.895000457763672,26.895000457763672,26.895000457763672,100,2026-10-09
2021-01-06,21.92256736755371,26.732999801635742,26.732999801635742,26.649999618530273,26.649999618530273,100,2026-10-09
2021-01-07,21.706893920898438,26.469999313354492,26.469999313354492,26.469999313354492,26.469999313354492,100,2026-10-09
2021-01-08,21.653593063354492,26.405000686645508,26.405000686645508,26.405000686645508,26.405000686645508,100,2026-10-09
2021-01-11,21.292766571044922,25.96500015258789,25.96500015258789,25.96500015258789,25.96500015258789,100,2026-10-09
2021-01-12,21.83154296875,26.621999740600586,26.621999740600586,26.604999542236328,26.604999542236328,100,2026-10-09
2021-01-13,21.70853614807129,26.472000122070312,26.472000122070312,26.472000122070312,26.472000122070312,100,2026-10-09
2021-01-14,22.0988826751709,26.947999954223633,26.975000381469727,26.947999954223633,26.969999313354492,300,2026-10-09
2021-01-15,21.682292938232422,26.440000534057617,26.440000534057617,26.440000534057617,26.440000534057617,100,2026-10-09
2021-01-19,21.88812828063965,26.69099998474121,26.69099998474121,26.69099998474121,26.69099998474121,100,2026-10-09
2021-01-20,21.90616798400879,26.71299934387207,26.850000381469727,26.71299934387207,26.84000015258789,300,2026-10-09
2021-01-21,22.008676528930664,26.83799934387207,26.83799934387207,26.83799934387207,26.83799934387207,100,2026-10-09
2021-01-22,21.674091339111328,26.43000030517578,26.43000030517578,26.43000030517578,26.43000030517578,0,2026-10-09
2021-01-25,21.738056182861328,26.507999420166016,26.507999420166016,26.507999420166016,26.507999420166016,100,2026-10-09
2021-01-26,21.981613159179688,26.80500030517578,26.80500030517578,26.80500030517578,26.80500030517578,100,2026-10-09
2021-01-27,21.731496810913086,26.5,26.709999084472656,26.5,26.709999084472656,200,2026-10-09
2021-01-28,21.71509552001953,26.479999542236328,26.690000534057617,26.479999542236328,26.690000534057617,200,2026-10-09
2021-01-29,21.81268310546875,26.599000930786133,26.6200008392334,26.599000930786133,26.6200008392334,300,2026-10-09
2021-02-01,21.653593063354492,26.405000686645508,26.405000686645508,26.405000686645508,26.405000686645508,600,2026-10-09
2021-02-02,21.653593063354492,26.405000686645508,26.405000686645508,26.405000686645508,26.405000686645508,600,2026-10-09
2021-02-03,21.8110408782959,26.597000122070312,26.597000122070312,26.597000122070312,26.597000122070312,0,2026-10-09
2021-02-04,21.6453914642334,26.395000457763672,26.395000457763672,26.395000457763672,26.395000457763672,0,2026-10-09
2021-02-05,21.887306213378906,26.690000534057617,26.690000534057617,26.600000381469727,26.600000381469727,400,2026-10-09
2021-02-08,22.121023178100586,26.975000381469727,27.020000457763672,26.975000381469727,27.020000457763672,100,2026-10-09
2021-02-09,22.280933380126953,27.170000076293945,27.170000076293945,27.170000076293945,27.170000076293945,100,2026-10-09
2021-02-10,22.170225143432617,27.03499984741211,27.03499984741211,26.996000289916992,27.006999969482422,200,2026-10-09
2021-02-11,22.170225143432617,27.03499984741211,27.040000915527344,27.03499984741211,27.040000915527344,400,2026-10-09
2021-02-12,22.260433197021484,27.145000457763672,27.145000457763672,27.139999389648438,27.139999389648438,200,2026-10-09
2021-02-16,22.531051635742188,27.475000381469727,27.475000381469727,27.475000381469727,27.475000381469727,100,2026-10-09
2021-02-17,22.375240325927734,27.28499984741211,27.299999237060547,27.28499984741211,27.299999237060547,400,2026-10-09
2021-02-18,22.588455200195312,27.545000076293945,27.559999465942383,27.545000076293945,27.559999465942383,100,2026-10-09
2021-02-19,22.761489868164062,27.756000518798828,27.875,27.756000518798828,27.875,1200,2026-10-09
2021-02-22,23.155115127563477,28.236000061035156,28.236000061035156,28.236000061035156,28.236000061035156,0,2026-10-09
2021-02-23,23.273202896118164,28.3799991607666,28.3799991607666,28.3799991607666,28.3799991607666,100,2026-10-09
2021-02-24,23.588102340698242,28.763999938964844,28.763999938964844,28.549999237060547,28.56999969482422,900,2026-10-09
2021-02-25,23.56350326538086,28.733999252319336,28.733999252319336,28.68000030517578,28.700000762939453,1100,2026-10-09
2021-02-26,23.080490112304688,28.145000457763672,28.299999237060547,28.1299991607666,28.28499984741211,2500,2026-10-09
2021-03-01,22.76968765258789,27.766000747680664,28.0,27.766000747680664,28.0,4200,2026-10-09
2021-03-02,22.809871673583984,27.815000534057617,27.889999389648438,27.815000534057617,27.8799991607666,1300,2026-10-09
2021-03-03,22.89597511291504,27.920000076293945,27.920000076293945,27.8700008392334,27.8700008392334,300,2026-10-09
2021-03-04,22.98208236694336,28.024999618530273,28.024999618530273,28.020000457763672,28.020000457763672,1000,2026-10-09
2021-03-05,23.16249656677246,28.2450008392334,28.2450008392334,28.2450008392334,28.2450008392334,0,2026-10-09
2021-03-08,23.039485931396484,28.094999313354492,28.094999313354492,28.094999313354492,28.094999313354492,100,2026-10-09
2021-03-09,22.8549747467041,27.8700008392334,27.959999084472656,27.8700008392334,27.959999084472656,3800,2026-10-09
2021-03-10,22.87547492980957,27.895000457763672,27.895000457763672,27.895000457763672,27.895000457763672,100,2026-10-09
2021-03-11,23.113290786743164,28.184999465942383,28.184999465942383,28.184999465942383,28.184999465942383,0,2026-10-09
2021-03-12,23.297805786132812,28.40999984741211,28.40999984741211,28.209999084472656,28.209999084472656,900,2026-10-09
2021-03-15,23.248600006103516,28.350000381469727,28.350000381469727,28.350000381469727,28.350000381469727,100,2026-10-09
2021-03-16,23.170696258544922,28.2549991607666,28.2549991607666,28.2549991607666,28.2549991607666,0,2026-10-09
2021-03-17,23.133792877197266,28.209999084472656,28.209999084472656,28.209999084472656,28.209999084472656,0,2026-10-09
2021-03-18,22.76968765258789,27.766000747680664,27.766000747680664,27.766000747680664,27.766000747680664,700,2026-10-09
2021-03-19,22.840211868286133,27.851999282836914,27.851999282836914,27.790000915527344,27.790000915527344,400,2026-10-09
2021-03-22,22.78936767578125,27.790000915527344,28.1299991607666,27.780000686645508,28.1299991607666,7400,2026-10-09
2021-03-23,22.387540817260742,27.299999237060547,27.549999237060547,27.299999237060547,27.549999237060547,300,2026-10-09
2021-03-24,22.469547271728516,27.399999618530273,27.399999618530273,27.399999618530273,27.399999618530273,0,2026-10-09
2021-03-25,22.19072723388672,27.059999465942383,27.530000686645508,27.059999465942383,27.530000686645508,900,2026-10-09
2021-03-26,22.445764541625977,27.371000289916992,27.3799991607666,27.371000289916992,27.3799991607666,200,2026-10-09
2021-03-29,22.71556282043457,27.700000762939453,27.700000762939453,27.56999969482422,27.600000381469727,2000,2026-10-09
2021-03-30,22.48594856262207,27.420000076293945,27.420000076293945,27.420000076293945,27.420000076293945,0,2026-10-09
2021-03-31,22.63437843322754,27.60099983215332,27.780000686645508,27.43000030517578,27.780000686645508,5900,2026-10-09
2021-04-01,22.543352127075195,27.489999771118164,27.68000030517578,27.489999771118164,27.68000030517578,600,2026-10-09
2021-04-05,22.592554092407227,27.549999237060547,27.549999237060547,27.5,27.5,200,2026-10-09
2021-04-06,22.608957290649414,27.56999969482422,27.690000534057617,27.56999969482422,27.65999984741211,3400,2026-10-09
2021-04-07,22.585174560546875,27.541000366210938,27.541000366210938,27.459999084472656,27.459999084472656,200,2026-10-09
2021-04-08,22.49414825439453,27.43000030517578,27.43000030517578,27.389999389648438,27.389999389648438,700,2026-10-09
2021-04-09,22.65406036376953,27.625,28.760000228881836,27.625,28.760000228881836,1900,2026-10-09
2021-04-12,22.518749237060547,27.459999084472656,27.459999084472656,27.459999084472656,27.459999084472656,100,2026-10-09
2021-04-13,22.48594856262207,27.420000076293945,27.420000076293945,27.420000076293945,27.420000076293945,1600,2026-10-09
2021-04-14,22.95338249206543,27.989999771118164,27.989999771118164,27.989999771118164,27.989999771118164,0,2026-10-09
2021-04-15,22.932880401611328,27.96500015258789,27.96500015258789,27.96500015258789,27.96500015258789,0,2026-10-09
2021-04-16,22.96158218383789,28.0,28.0,28.0,28.0,0,2026-10-09
2021-04-19,22.92877769470215,27.959999084472656,28.010000228881836,27.94300079345703,27.94300079345703,600,2026-10-09
2021-04-20,23.059988021850586,28.1200008392334,28.1200008392334,28.1200008392334,28.1200008392334,100,2026-10-09
2021-04-21,23.031286239624023,28.084999084472656,28.084999084472656,28.084999084472656,28.084999084472656,0,2026-10-09
2021-04-22,23.273202896118164,28.3799991607666,28.3799991607666,28.3799991607666,28.3799991607666,100,2026-10-09
2021-04-23,23.322406768798828,28.440000534057617,28.520000457763672,28.440000534057617,28.520000457763672,600,2026-10-09
2021-04-26,23.613525390625,28.795000076293945,28.795000076293945,28.795000076293945,28.795000076293945,100,2026-10-09
2021-04-27,23.826740264892578,29.05500030517578,29.05500030517578,29.05500030517578,29.05500030517578,0,2026-10-09
2021-04-28,23.673391342163086,28.868000030517578,28.868000030517578,28.868000030517578,28.868000030517578,100,2026-10-09
2021-04-29,23.933347702026367,29.184999465942383,29.270000457763672,29.184999465942383,29.270000457763672,100,2026-10-09
2021-04-30,24.007152557373047,29.274999618530273,29.274999618530273,29.274999618530273,29.274999618530273,100,2026-10-09
2021-05-03,23.863643646240234,29.100000381469727,29.100000381469727,29.100000381469727,29.100000381469727,100,2026-10-09
2021-05-04,24.019454956054688,29.290000915527344,29.290000915527344,29.290000915527344,29.290000915527344,100,2026-10-09
2021-05-05,24.135900497436523,29.43199920654297,29.43199920654297,29.43199920654297,29.43199920654297,100,2026-10-09
2021-05-06,24.167062759399414,29.469999313354492,29.479999542236328,29.450000762939453,29.450000762939453,300,2026-10-09
2021-05-07,24.281869888305664,29.610000610351562,29.610000610351562,29.610000610351562,29.610000610351562,0,2026-10-09
2021-05-10,24.167062759399414,29.469999313354492,29.469999313354492,29.469999313354492,29.469999313354492,100,2026-10-09
2021-05-11,24.450803756713867,29.81599998474121,29.81599998474121,29.73699951171875,29.73699951171875,400,2026-10-09
2021-05-12,24.945297241210938,30.41900062561035,30.440000534057617,29.860000610351562,29.860000610351562,2200,2026-10-09
2021-05-13,24.093257904052734,29.3799991607666,29.507999420166016,29.3799991607666,29.507999420166016,200,2026-10-09
2021-05-14,24.10965919494629,29.399999618530273,29.399999618530273,29.399999618530273,29.399999618530273,700,2026-10-09
2021-05-17,24.306472778320312,29.639999389648438,29.639999389648438,29.639999389648438,29.639999389648438,100,2026-10-09
2021-05-18,24.281051635742188,29.608999252319336,29.608999252319336,29.608999252319336,29.608999252319336,0,2026-10-09
2021-05-19,24.071117401123047,29.35300064086914,29.35300064086914,29.260000228881836,29.260000228881836,200,2026-10-09
2021-05-20,23.716032028198242,28.920000076293945,29.559999465942383,28.920000076293945,29.549999237060547,2800,2026-10-09
2021-05-21,23.893983840942383,29.136999130249023,29.136999130249023,29.136999130249023,29.136999130249023,100,2026-10-09
2021-05-24,24.00223159790039,29.268999099731445,29.268999099731445,29.268999099731445,29.268999099731445,0,2026-10-09
2021-05-25,23.707834243774414,28.90999984741211,28.90999984741211,28.90999984741211,28.90999984741211,100,2026-10-09
2021-05-26,23.958770751953125,29.215999603271484,29.260000228881836,29.215999603271484,29.260000228881836,700,2026-10-09
2021-05-27,24.072757720947266,29.354999542236328,29.354999542236328,29.354999542236328,29.354999542236328,0,2026-10-09
2021-05-28,24.009614944458008,29.277999877929688,29.277999877929688,29.030000686645508,29.030000686645508,1100,2026-10-09
2021-06-01,24.462284088134766,29.829999923706055,29.829999923706055,29.829999923706055,29.829999923706055,100,2026-10-09
2021-06-02,24.33107566833496,29.670000076293945,29.799999237060547,29.670000076293945,29.799999237060547,800,2026-10-09
2021-06-03,24.363876342773438,29.709999084472656,29.709999084472656,29.709999084472656,29.709999084472656,100,2026-10-09
2021-06-04,24.454084396362305,29.81999969482422,29.81999969482422,29.81999969482422,29.81999969482422,0,2026-10-09
2021-06-07,24.23676872253418,29.55500030517578,29.93000030517578,29.55500030517578,29.93000030517578,500,2026-10-09
2021-06-08,24.39668083190918,29.75,29.75,29.75,29.75,100,2026-10-09
2021-06-09,24.162961959838867,29.46500015258789,29.579999923706055,29.46500015258789,29.559999465942383,600,2026-10-09
2021-06-10,24.19166374206543,29.5,29.5,29.5,29.5,100,2026-10-09
2021-06-11,24.167062759399414,29.469999313354492,29.469999313354492,29.469999313354492,29.469999313354492,0,2026-10-09
2021-06-14,24.195764541625977,29.5049991607666,29.5049991607666,29.5049991607666,29.5049991607666,0,2026-10-09
2021-06-15,24.149023056030273,29.447999954223633,29.447999954223633,29.447999954223633,29.447999954223633,100,2026-10-09
2021-06-16,24.02437400817871,29.29599952697754,29.510000228881836,29.29599952697754,29.489999771118164,1000,2026-10-09
2021-06-17,23.3781681060791,28.507999420166016,28.507999420166016,28.507999420166016,28.507999420166016,0,2026-10-09
2021-06-18,23.16741371154785,28.250999450683594,28.250999450683594,28.059999465942383,28.059999465942383,1000,2026-10-09
2021-06-21,23.228099822998047,28.325000762939453,28.325000762939453,28.325000762939453,28.325000762939453,100,2026-10-09
2021-06-22,23.08540916442871,28.150999069213867,28.150999069213867,28.150999069213867,28.150999069213867,0,2026-10-09
2021-06-23,23.375709533691406,28.5049991607666,28.510000228881836,28.5049991607666,28.510000228881836,400,2026-10-09
2021-06-24,23.597124099731445,28.774999618530273,28.774999618530273,28.774999618530273,28.774999618530273,0,2026-10-09
2021-06-25,23.59302520751953,28.770000457763672,28.770000457763672,28.770000457763672,28.770000457763672,0,2026-10-09
2021-06-28,23.597124099731445,28.774999618530273,28.774999618530273,28.774999618530273,28.774999618530273,0,2026-10-09
2021-06-29,23.617626190185547,28.799999237060547,28.799999237060547,28.799999237060547,28.799999237060547,0,2026-10-09
2021-06-30,23.958770751953125,29.215999603271484,29.215999603271484,29.215999603271484,29.215999603271484,0,2026-10-09
2021-07-01,23.915307998657227,29.163000106811523,29.163000106811523,29.163000106811523,29.163000106811523,0,2026-10-09
2021-07-02,23.880046844482422,29.1200008392334,29.219999313354492,29.1200008392334,29.200000762939453,700,2026-10-09
2021-07-06,23.412612915039062,28.549999237060547,28.549999237060547,28.549999237060547,28.549999237060547,100,2026-10-09
2021-07-07,23.148555755615234,28.22800064086914,28.969999313354492,27.8799991607666,27.8799991607666,18900,2026-10-09
2021-07-08,23.21579933166504,28.309999465942383,28.309999465942383,28.309999465942383,28.309999465942383,100,2026-10-09
2021-07-09,23.403593063354492,28.538999557495117,28.538999557495117,28.538999557495117,28.538999557495117,0,2026-10-09
2021-07-12,23.27730369567871,28.385000228881836,28.385000228881836,28.385000228881836,28.385000228881836,100,2026-10-09
2021-07-13,23.44541358947754,28.59000015258789,28.59000015258789,28.59000015258789,28.59000015258789,0,2026-10-09
2021-07-14,23.154293060302734,28.235000610351562,28.235000610351562,28.235000610351562,28.235000610351562,200,2026-10-09
2021-07-15,23.20349884033203,28.295000076293945,28.295000076293945,28.295000076293945,28.295000076293945,200,2026-10-09
2021-07-16,23.232200622558594,28.329999923706055,28.329999923706055,28.329999923706055,28.329999923706055,0,2026-10-09
2021-07-19,22.673742294311523,27.64900016784668,27.670000076293945,27.510000228881836,27.670000076293945,6900,2026-10-09
2021-07-20,22.891878128051758,27.915000915527344,27.915000915527344,27.915000915527344,27.915000915527344,1000,2026-10-09
2021-07-21,22.915658950805664,27.944000244140625,28.05900001525879,27.829999923706055,28.040000915527344,400,2026-10-09
2021-07-22,23.30600357055664,28.420000076293945,28.52899932861328,28.420000076293945,28.5,300,2026-10-09
2021-07-23,23.31830406188965,28.434999465942383,28.670000076293945,28.434999465942383,28.65999984741211,900,2026-10-09
2021-07-26,23.51922035217285,28.68000030517578,28.68000030517578,28.597999572753906,28.670000076293945,500,2026-10-09
2021-07-27,23.26500129699707,28.3700008392334,28.3700008392334,28.3700008392334,28.3700008392334,0,2026-10-09
2021-07-28,23.416711807250977,28.55500030517578,28.55500030517578,28.55500030517578,28.55500030517578,0,2026-10-09
2021-07-29,23.49871826171875,28.655000686645508,28.655000686645508,28.655000686645508,28.655000686645508,100,2026-10-09
2021-07-30,23.281402587890625,28.389999389648438,28.389999389648438,28.389999389648438,28.389999389648438,100,2026-10-09
2021-08-02,23.494617462158203,28.649999618530273,28.649999618530273,28.6200008392334,28.6200008392334,100,2026-10-09
2021-08-03,23.252700805664062,28.354999542236328,28.354999542236328,28.354999542236328,28.354999542236328,100,2026-10-09
2021-08-04,23.141992568969727,28.219999313354492,28.3700008392334,28.219999313354492,28.3700008392334,200,2026-10-09
2021-08-05,23.315845489501953,28.43199920654297,28.540000915527344,28.43199920654297,28.540000915527344,300,2026-10-09
2021-08-06,23.287961959838867,28.398000717163086,28.510000228881836,28.398000717163086,28.510000228881836,100,2026-10-09
2021-08-09,23.039485931396484,28.094999313354492,28.094999313354492,28.094999313354492,28.094999313354492,0,2026-10-09
2021-08-10,23.437211990356445,28.579999923706055,28.579999923706055,28.579999923706055,28.579999923706055,0,2026-10-09
2021-08-11,23.64632797241211,28.834999084472656,28.834999084472656,28.834999084472656,28.834999084472656,500,2026-10-09
2021-08-12,23.67913055419922,28.875,28.875,28.875,28.875,100,2026-10-09
2021-08-13,23.629928588867188,28.815000534057617,28.815000534057617,28.815000534057617,28.815000534057617,100,2026-10-09
2021-08-16,23.535619735717773,28.700000762939453,28.700000762939453,28.700000762939453,28.700000762939453,0,2026-10-09
2021-08-17,23.322406768798828,28.440000534057617,28.440000534057617,28.440000534057617,28.440000534057617,0,2026-10-09
2021-08-18,23.223997116088867,28.31999969482422,28.31999969482422,28.31999969482422,28.31999969482422,0,2026-10-09
2021-08-19,23.039485931396484,28.094999313354492,28.094999313354492,28.094999313354492,28.094999313354492,100,2026-10-09
2021-08-20,22.744266510009766,27.735000610351562,27.781999588012695,27.735000610351562,27.781999588012695,100,2026-10-09
2021-08-23,22.95256233215332,27.98900032043457,27.98900032043457,27.98900032043457,27.98900032043457,0,2026-10-09
2021-08-24,23.15839385986328,28.239999771118164,28.239999771118164,28.239999771118164,28.239999771118164,0,2026-10-09
2021-08-25,23.363407135009766,28.489999771118164,28.489999771118164,28.343000411987305,28.343000411987305,200,2026-10-09
2021-08-26,23.403593063354492,28.538999557495117,28.538999557495117,28.538999557495117,28.538999557495117,0,2026-10-09
2021-08-27,23.553661346435547,28.722000122070312,28.850000381469727,28.722000122070312,28.836000442504883,1300,2026-10-09
2021-08-30,23.42655372619629,28.566999435424805,28.566999435424805,28.566999435424805,28.566999435424805,100,2026-10-09
2021-08-31,23.197755813598633,28.288000106811523,28.288000106811523,28.030000686645508,28.110000610351562,5000,2026-10-09
2021-09-01,23.031286239624023,28.084999084472656,28.139999389648438,28.06999969482422,28.100000381469727,5900,2026-10-09
2021-09-02,23.195297241210938,28.28499984741211,28.28499984741211,28.28499984741211,28.28499984741211,100,2026-10-09
2021-09-03,23.146093368530273,28.225000381469727,28.225000381469727,28.149999618530273,28.149999618530273,200,2026-10-09
2021-09-07,23.010784149169922,28.059999465942383,28.059999465942383,28.059999465942383,28.059999465942383,100,2026-10-09
2021-09-08,23.067367553710938,28.128999710083008,28.128999710083008,28.128999710083008,28.128999710083008,100,2026-10-09
2021-09-09,23.010784149169922,28.059999465942383,28.059999465942383,28.059999465942383,28.059999465942383,0,2026-10-09
2021-09-10,23.10837173461914,28.179000854492188,28.179000854492188,28.179000854492188,28.179000854492188,0,2026-10-09
2021-09-13,23.199398040771484,28.290000915527344,28.290000915527344,28.290000915527344,28.290000915527344,0,2026-10-09
2021-09-14,23.252700805664062,28.354999542236328,28.440000534057617,28.354999542236328,28.43000030517578,4600,2026-10-09
2021-09-15,23.53152084350586,28.69499969482422,28.69499969482422,28.69499969482422,28.69499969482422,0,2026-10-09
2021-09-16,23.420812606811523,28.559999465942383,28.559999465942383,28.559999465942383,28.559999465942383,700,2026-10-09
2021-09-17,23.31830406188965,28.434999465942383,28.509000778198242,28.434999465942383,28.509000778198242,200,2026-10-09
2021-09-20,23.30600357055664,28.420000076293945,28.420000076293945,28.420000076293945,28.420000076293945,0,2026-10-09
2021-09-21,23.059988021850586,28.1200008392334,28.1200008392334,28.0,28.0,200,2026-10-09
2021-09-22,23.27730369567871,28.385000228881836,28.385000228881836,28.385000228881836,28.385000228881836,100,2026-10-09
2021-09-23,23.46591567993164,28.614999771118164,28.614999771118164,28.614999771118164,28.614999771118164,0,2026-10-09
2021-09-24,23.543819427490234,28.709999084472656,28.709999084472656,28.709999084472656,28.709999084472656,0,2026-10-09
2021-09-27,23.71931266784668,28.923999786376953,28.923999786376953,28.923999786376953,28.923999786376953,100,2026-10-09
2021-09-28,23.650428771972656,28.84000015258789,29.209999084472656,28.84000015258789,29.170000076293945,3400,2026-10-09
2021-09-29,23.720134735107422,28.924999237060547,28.924999237060547,28.924999237060547,28.924999237060547,0,2026-10-09
2021-09-30,23.773435592651367,28.989999771118164,28.989999771118164,28.850000381469727,28.89900016784668,1400,2026-10-09
2021-10-01,23.7529354095459,28.96500015258789,29.020000457763672,28.8700008392334,28.8700008392334,2300,2026-10-09
2021-10-04,24.076858520507812,29.360000610351562,29.5,29.360000610351562,29.409000396728516,4800,2026-10-09
2021-10-05,24.249069213867188,29.56999969482422,29.56999969482422,29.500999450683594,29.510000228881836,500,2026-10-09
2021-10-06,24.130163192749023,29.424999237060547,29.424999237060547,29.424999237060547,29.424999237060547,100,2026-10-09
2021-10-07,24.150665283203125,29.450000762939453,30.114999771118164,29.299999237060547,29.299999237060547,2400,2026-10-09
2021-10-08,24.249069213867188,29.56999969482422,29.65999984741211,29.56999969482422,29.65999984741211,400,2026-10-09
2021-10-11,24.639415740966797,30.04599952697754,30.049999237060547,29.719999313354492,30.0,2200,2026-10-09
2021-10-12,24.351573944091797,29.69499969482422,29.799999237060547,29.68000030517578,29.799999237060547,6100,2026-10-09
2021-10-13,24.179365158081055,29.485000610351562,29.485000610351562,29.450000762939453,29.450000762939453,1500,2026-10-09
2021-10-14,24.265470504760742,29.59000015258789,31.049999237060547,29.489999771118164,29.489999771118164,31800,2026-10-09
2021-10-15,24.54429054260254,29.93000030517578,29.93000030517578,29.8799991607666,29.920000076293945,2300,2026-10-09
2021-10-18,24.503286361694336,29.8799991607666,30.040000915527344,29.8700008392334,30.040000915527344,3800,2026-10-09
2021-10-19,24.486886978149414,29.860000610351562,29.860000610351562,29.719999313354492,29.850000381469727,2500,2026-10-09
2021-10-20,24.507387161254883,29.885000228881836,29.885000228881836,29.597999572753906,29.597999572753906,2000,2026-10-09
2021-10-21,24.53445053100586,29.917999267578125,29.917999267578125,29.6200008392334,29.684999465942383,300,2026-10-09
2021-10-22,24.486886978149414,29.860000610351562,29.860000610351562,29.850000381469727,29.850000381469727,1300,2026-10-09
2021-10-25,24.568891525268555,29.959999084472656,30.010000228881836,29.959999084472656,29.979999542236328,6400,2026-10-09
2021-10-26,24.56068992614746,29.950000762939453,29.950000762939453,29.899999618530273,29.899999618530273,400,2026-10-09
2021-10-27,24.39668083190918,29.75,29.899999618530273,29.600000381469727,29.899999618530273,2900,2026-10-09
2021-10-28,24.22610855102539,29.54199981689453,29.760000228881836,29.459999084472656,29.760000228881836,3200,2026-10-09
2021-10-29,24.67877960205078,30.0939998626709,30.0939998626709,30.02199935913086,30.040000915527344,1100,2026-10-09
2021-11-01,24.526248931884766,29.908000946044922,29.950000762939453,29.908000946044922,29.950000762939453,700,2026-10-09
2021-11-02,24.51968765258789,29.899999618530273,29.899999618530273,29.81999969482422,29.829999923706055,1700,2026-10-09
2021-11-03,24.13836097717285,29.434999465942383,29.790000915527344,29.434999465942383,29.75,1400,2026-10-09
2021-11-04,24.195764541625977,29.5049991607666,29.68000030517578,29.46500015258789,29.670000076293945,400,2026-10-09
2021-11-05,23.96204948425293,29.219999313354492,29.450000762939453,29.219999313354492,29.450000762939453,200,2026-10-09
2021-11-08,24.175264358520508,29.479999542236328,29.479999542236328,29.440000534057617,29.440000534057617,3400,2026-10-09
2021-11-09,24.0350341796875,29.30900001525879,29.329999923706055,29.28499984741211,29.31999969482422,1200,2026-10-09
2021-11-10,24.467206954956055,29.836000442504883,29.836000442504883,29.719999313354492,29.719999313354492,100,2026-10-09
2021-11-11,24.484426498413086,29.85700035095215,29.85700035095215,29.85700035095215,29.85700035095215,100,2026-10-09
2021-11-12,24.2531681060791,29.575000762939453,29.575000762939453,29.575000762939453,29.575000762939453,0,2026-10-09
2021-11-15,24.452444076538086,29.81800079345703,29.81800079345703,29.639999389648438,29.639999389648438,100,2026-10-09
2021-11-16,24.82474708557129,30.27199935913086,30.31999969482422,29.815000534057617,29.860000610351562,3500,2026-10-09
2021-11-17,24.441781997680664,29.80500030517578,30.114999771118164,29.80500030517578,30.100000381469727,700,2026-10-09
2021-11-18,24.408981323242188,29.764999389648438,29.764999389648438,29.709999084472656,29.709999084472656,200,2026-10-09
2021-11-19,24.399961471557617,29.753999710083008,29.753999710083008,29.753999710083008,29.753999710083008,0,2026-10-09
2021-11-22,24.603336334228516,30.00200080871582,30.06999969482422,30.00200080871582,30.06999969482422,200,2026-10-09
2021-11-23,24.8780517578125,30.336999893188477,30.3700008392334,30.336999893188477,30.3700008392334,300,2026-10-09
2021-11-24,24.919876098632812,30.38800048828125,30.38800048828125,30.38800048828125,30.38800048828125,100,2026-10-09
2021-11-26,23.915307998657227,29.163000106811523,29.5,29.05900001525879,29.5,1500,2026-10-09
2021-11-29,23.851343154907227,29.084999084472656,29.290000915527344,29.084999084472656,29.290000915527344,200,2026-10-09
2021-11-30,23.356847763061523,28.48200035095215,29.010000228881836,28.420000076293945,29.010000228881836,1400,2026-10-09
2021-12-01,23.165773391723633,28.249000549316406,28.249000549316406,28.249000549316406,28.249000549316406,600,2026-10-09
2021-12-02,23.314205169677734,28.43000030517578,28.43000030517578,28.309999465942383,28.364999771118164,300,2026-10-09
2021-12-03,23.21661949157715,28.31100082397461,28.40999984741211,28.31100082397461,28.40999984741211,300,2026-10-09
2021-12-06,23.371610641479492,28.5,28.5,28.5,28.5,100,2026-10-09
2021-12-07,23.55202293395996,28.719999313354492,28.724000930786133,28.43000030517578,28.43000030517578,800,2026-10-09
2021-12-08,23.64715003967285,28.836000442504883,28.836000442504883,28.836000442504883,28.836000442504883,0,2026-10-09
2021-12-09,23.523319244384766,28.684999465942383,28.809999465942383,28.684999465942383,28.799999237060547,800,2026-10-09
2021-12-10,23.549560546875,28.716999053955078,28.716999053955078,28.716999053955078,28.716999053955078,0,2026-10-09
2021-12-13,23.5553035736084,28.724000930786133,28.724000930786133,28.724000930786133,28.724000930786133,100,2026-10-09
2021-12-14,23.535619735717773,28.700000762939453,28.700000762939453,28.700000762939453,28.700000762939453,200,2026-10-09
2021-12-15,23.369966506958008,28.49799919128418,28.49799919128418,28.450000762939453,28.450000762939453,1000,2026-10-09
2021-12-16,23.33880615234375,28.459999084472656,28.459999084472656,28.459999084472656,28.459999084472656,100,2026-10-09
2021-12-17,23.337167739868164,28.45800018310547,28.469999313354492,28.45800018310547,28.469999313354492,126100,2026-10-09
2021-12-20,23.282224655151367,28.391000747680664,28.440000534057617,27.670000076293945,28.31999969482422,3100,2026-10-09
2021-12-21,23.44541358947754,28.59000015258789,28.59000015258789,28.549999237060547,28.549999237060547,400,2026-10-09
2021-12-22,23.48641586303711,28.639999389648438,28.639999389648438,28.56100082397461,28.56100082397461,200,2026-10-09
2021-12-23,23.527420043945312,28.690000534057617,28.690000534057617,28.56999969482422,28.570999145507812,600,2026-10-09
2021-12-27,23.601226806640625,28.780000686645508,28.780000686645508,28.780000686645508,28.780000686645508,100,2026-10-09
2021-12-28,23.601226806640625,28.780000686645508,28.780000686645508,28.780000686645508,28.780000686645508,300,2026-10-09
2021-12-29,23.546913146972656,26.8799991607666,26.950000762939453,26.820999145507812,26.8700008392334,1400,2026-10-09
2021-12-30,23.402372360229492,26.71500015258789,26.950000762939453,26.71500015258789,26.950000762939453,8700,2026-10-09
2021-12-31,23.214033126831055,26.5,26.68000030517578,26.489999771118164,26.674999237060547,1200,2026-10-09
2022-01-03,23.380474090576172,26.690000534057617,26.739999771118164,26.649999618530273,26.73900032043457,3200,2026-10-09
2022-01-04,23.483840942382812,26.808000564575195,26.808000564575195,26.709999084472656,26.731000900268555,3200,2026-10-09
2022-01-05,23.471576690673828,26.79400062561035,26.79400062561035,26.79400062561035,26.79400062561035,0,2026-10-09
2022-01-06,23.555673599243164,26.889999389648438,26.889999389648438,26.889999389648438,26.889999389648438,100,2026-10-09
2022-01-07,23.489974975585938,26.815000534057617,26.850000381469727,26.815000534057617,26.850000381469727,200,2026-10-09
2022-01-10,23.41551399230957,26.729999542236328,26.729999542236328,26.729999542236328,26.729999542236328,100,2026-10-09
2022-01-11,23.485593795776367,26.809999465942383,26.809999465942383,26.75,26.75,300,2026-10-09
2022-01-12,23.40587615966797,26.7189998626709,26.7189998626709,26.670000076293945,26.670000076293945,2200,2026-10-09
2022-01-13,23.261337280273438,26.554000854492188,26.700000762939453,26.554000854492188,26.700000762939453,400,2026-10-09
2022-01-14,23.531145095825195,26.86199951171875,26.86199951171875,26.86199951171875,26.86199951171875,0,2026-10-09
2022-01-18,23.798324584960938,27.16699981689453,28.030000686645508,27.049999237060547,28.030000686645508,3900,2026-10-09
2022-01-19,23.817598342895508,27.18899917602539,27.18899917602539,27.18899917602539,27.18899917602539,0,2026-10-09
2022-01-20,23.87979507446289,27.260000228881836,27.989999771118164,27.260000228881836,27.290000915527344,27300,2026-10-09
2022-01-21,23.761533737182617,27.125,27.190000534057617,27.125,27.170000076293945,2500,2026-10-09
2022-01-24,23.821102142333984,27.19300079345703,27.19300079345703,27.099000930786133,27.149999618530273,900,2026-10-09
2022-01-25,23.949874877929688,27.34000015258789,27.34000015258789,27.34000015258789,27.34000015258789,100,2026-10-09
2022-01-26,24.281002044677734,27.718000411987305,27.718000411987305,27.604999542236328,27.635000228881836,600,2026-10-09
2022-01-27,24.500003814697266,27.968000411987305,27.968000411987305,27.809999465942383,27.809999465942383,200,2026-10-09
2022-01-28,24.49299430847168,27.959999084472656,28.1299991607666,27.899999618530273,28.1200008392334,800,2026-10-09
2022-01-31,24.383493423461914,27.834999084472656,27.8799991607666,27.805999755859375,27.864999771118164,2700,2026-10-09
2022-02-01,24.490367889404297,27.957000732421875,28.059999465942383,27.90999984741211,28.059999465942383,800,2026-10-09
2022-02-02,24.580595016479492,28.059999465942383,28.149999618530273,27.969999313354492,27.969999313354492,5500,2026-10-09
2022-02-03,24.692724227905273,28.187999725341797,28.270000457763672,28.187999725341797,28.270000457763672,300,2026-10-09
2022-02-04,25.031736373901367,28.575000762939453,28.75,28.52899932861328,28.679000854492188,400,2026-10-09
2022-02-07,24.821495056152344,28.334999084472656,28.450000762939453,28.270000457763672,28.399999618530273,6000,2026-10-09
2022-02-08,24.893325805664062,28.41699981689453,28.479999542236328,28.41699981689453,28.479999542236328,200,2026-10-09
2022-02-09,24.83463478088379,28.350000381469727,28.350000381469727,28.17799949645996,28.270000457763672,2100,2026-10-09
2022-02-10,25.036991119384766,28.58099937438965,28.58099937438965,28.58099937438965,28.58099937438965,100,2026-10-09
2022-02-11,25.036991119384766,28.58099937438965,28.58099937438965,28.440000534057617,28.440000534057617,1600,2026-10-09
2022-02-14,25.408414840698242,29.0049991607666,29.0049991607666,28.8700008392334,28.969999313354492,4100,2026-10-09
2022-02-15,25.149993896484375,28.709999084472656,28.760000228881836,28.663999557495117,28.663999557495117,6500,2026-10-09
2022-02-16,25.141237258911133,28.700000762939453,28.760000228881836,28.700000762939453,28.760000228881836,800,2026-10-09
2022-02-17,24.970413208007812,28.5049991607666,28.700000762939453,28.445999145507812,28.700000762939453,3400,2026-10-09
2022-02-18,25.062397003173828,28.610000610351562,28.770000457763672,28.610000610351562,28.770000457763672,3000,2026-10-09
2022-02-22,25.35235023498535,28.94099998474121,29.25,28.829999923706055,29.25,8600,2026-10-09
2022-02-23,25.524925231933594,29.13800048828125,29.149999618530273,29.09000015258789,29.099000930786133,2800,2026-10-09
2022-02-24,25.877077102661133,29.540000915527344,30.200000762939453,29.200000762939453,29.200000762939453,152300,2026-10-09
2022-02-25,25.139484405517578,28.697999954223633,29.059999465942383,28.697999954223633,29.0,8300,2026-10-09
2022-02-28,25.347095489501953,28.934999465942383,29.09000015258789,28.91900062561035,28.954999923706055,500,2026-10-09
2022-03-01,25.87619972229004,29.538999557495117,29.538999557495117,29.524999618530273,29.524999618530273,200,2026-10-09
2022-03-02,26.549846649169922,30.308000564575195,30.399999618530273,30.1560001373291,30.1560001373291,900,2026-10-09
2022-03-03,27.04916763305664,30.878000259399414,31.170000076293945,30.704999923706055,30.889999389648438,6400,2026-10-09
2022-03-04,27.3732852935791,31.24799919128418,31.510000228881836,30.5,31.510000228881836,5600,2026-10-09
2022-03-07,27.86647605895996,31.81100082397461,32.72999954223633,31.391000747680664,32.72999954223633,5600,2026-10-09
2022-03-08,28.37017822265625,32.38600158691406,32.59000015258789,31.530000686645508,32.59000015258789,4800,2026-10-09
2022-03-09,26.901996612548828,30.709999084472656,32.38999938964844,30.643999099731445,32.38999938964844,11900,2026-10-09
2022-03-10,26.960689544677734,30.777000427246094,30.920000076293945,30.729999542236328,30.858999252319336,6000,2026-10-09
2022-03-11,27.36189842224121,31.235000610351562,31.309999465942383,31.235000610351562,31.309999465942383,700,2026-10-09
2022-03-14,27.283933639526367,31.145999908447266,31.43000030517578,31.0,31.43000030517578,3200,2026-10-09
2022-03-15,26.88535499572754,30.69099998474121,30.69099998474121,30.649999618530273,30.649999618530273,400,2026-10-09
2022-03-16,26.612916946411133,30.3799991607666,32.5,30.3799991607666,32.5,3400,2026-10-09
2022-03-17,27.219987869262695,31.072999954223633,31.072999954223633,30.90999984741211,30.90999984741211,800,2026-10-09
2022-03-18,27.261157989501953,31.1200008392334,31.1200008392334,31.110000610351562,31.110000610351562,500,2026-10-09
2022-03-21,28.041677474975586,32.01100158691406,32.125,31.579999923706055,31.579999923706055,6700,2026-10-09
2022-03-22,28.119640350341797,32.099998474121094,32.099998474121094,32.0099983215332,32.08000183105469,4800,2026-10-09
2022-03-23,28.297468185424805,32.303001403808594,32.470001220703125,32.20000076293945,32.310001373291016,3100,2026-10-09
2022-03-24,28.469165802001953,32.499000549316406,32.790000915527344,32.459999084472656,32.790000915527344,700,2026-10-09
2022-03-25,28.810806274414062,32.888999938964844,32.888999938964844,32.849998474121094,32.849998474121094,400,2026-10-09
2022-03-28,28.102121353149414,32.08000183105469,33.0,32.08000183105469,33.0,2700,2026-10-09
2022-03-29,27.68864631652832,31.607999801635742,31.607999801635742,30.989999771118164,31.170000076293945,9900,2026-10-09
2022-03-30,27.970720291137695,31.93000030517578,31.979999542236328,31.8700008392334,31.979999542236328,7200,2026-10-09
2022-03-31,27.66236686706543,31.577999114990234,31.940000534057617,31.577999114990234,31.940000534057617,9600,2026-10-09
2022-04-01,27.664121627807617,31.579999923706055,32.0,31.489999771118164,31.940000534057617,9200,2026-10-09
2022-04-04,27.926042556762695,31.878999710083008,32.08000183105469,31.768999099731445,31.950000762939453,3200,2026-10-09
2022-04-05,28.321996688842773,32.33100128173828,32.599998474121094,32.33100128173828,32.52000045776367,1600,2026-10-09
2022-04-06,28.356159210205078,32.369998931884766,32.80500030517578,32.189998626708984,32.75,3700,2026-10-09
2022-04-07,28.451642990112305,32.479000091552734,32.689998626708984,32.20000076293945,32.689998626708984,8200,2026-10-09
2022-04-08,28.815185546875,32.89400100708008,32.970001220703125,32.814998626708984,32.970001220703125,800,2026-10-09
2022-04-11,29.01053237915039,33.117000579833984,33.31999969482422,32.994998931884766,33.20000076293945,12400,2026-10-09
2022-04-12,29.420499801635742,33.584999084472656,33.650001525878906,33.209999084472656,33.470001220703125,7200,2026-10-09
2022-04-13,29.721847534179688,33.92900085449219,34.189998626708984,33.51499938964844,34.130001068115234,8100,2026-10-09
2022-04-14,30.406003952026367,34.709999084472656,34.849998474121094,34.189998626708984,34.189998626708984,4100,2026-10-09
2022-04-18,30.998180389404297,35.38600158691406,35.67499923706055,34.970001220703125,35.099998474121094,24400,2026-10-09
2022-04-19,30.441043853759766,34.75,35.25,34.56999969482422,35.25,20200,2026-10-09
2022-04-20,30.038959503173828,34.29100036621094,34.349998474121094,33.900001525878906,34.349998474121094,11100,2026-10-09
2022-04-21,30.45243263244629,34.76300048828125,34.849998474121094,34.57500076293945,34.689998626708984,33700,2026-10-09
2022-04-22,30.03632926940918,34.28799819946289,34.81999969482422,34.28799819946289,34.689998626708984,22000,2026-10-09
2022-04-25,29.57730484008789,33.763999938964844,34.0,33.349998474121094,34.0,10500,2026-10-09
2022-04-26,30.090641021728516,34.349998474121094,34.349998474121094,33.790000915527344,34.099998474121094,5200,2026-10-09
2022-04-27,30.44805145263672,34.757999420166016,34.779998779296875,34.15999984741211,34.31999969482422,13500,2026-10-09
2022-04-28,30.712602615356445,35.060001373291016,35.189998626708984,34.810001373291016,34.970001220703125,18800,2026-10-09
2022-04-29,30.360450744628906,34.65800094604492,35.130001068115234,34.65800094604492,35.130001068115234,5500,2026-10-09
2022-05-02,30.964893341064453,35.347999572753906,35.66999816894531,34.30099868774414,35.66999816894531,23400,2026-10-09
2022-05-03,30.984163284301758,35.369998931884766,35.4900016784668,35.042999267578125,35.400001525878906,17900,2026-10-09
2022-05-04,31.153230667114258,35.5629997253418,35.970001220703125,35.48500061035156,35.970001220703125,23100,2026-10-09
2022-05-05,31.762928009033203,36.25899887084961,36.540000915527344,35.97999954223633,35.9900016784668,38300,2026-10-09
2022-05-06,31.903963088989258,36.41999816894531,36.599998474121094,35.72999954223633,36.599998474121094,40800,2026-10-09
2022-05-09,30.9578857421875,35.34000015258789,36.06999969482422,35.0,36.06999969482422,31000,2026-10-09
2022-05-10,30.755529403686523,35.10900115966797,35.22700119018555,34.89099884033203,35.0,24500,2026-10-09
2022-05-11,31.176883697509766,35.59000015258789,35.59000015258789,35.20000076293945,35.209999084472656,14400,2026-10-09
2022-05-12,31.369606018066406,35.810001373291016,35.810001373291016,35.06999969482422,35.349998474121094,26900,2026-10-09
2022-05-13,31.38800048828125,35.83100128173828,35.97999954223633,35.67100143432617,35.93000030517578,17700,2026-10-09
2022-05-16,31.763803482055664,36.2599983215332,36.439998626708984,36.16699981689453,36.400001525878906,23200,2026-10-09
2022-05-17,31.922361373901367,36.441001892089844,36.65999984741211,36.33000183105469,36.52000045776367,24900,2026-10-09
2022-05-18,31.417787551879883,35.8650016784668,36.599998474121094,35.65999984741211,36.599998474121094,14200,2026-10-09
2022-05-19,30.782682418823242,35.13999938964844,35.400001525878906,34.66999816894531,34.84000015258789,28300,2026-10-09
2022-05-20,31.163745880126953,35.57500076293945,35.779998779296875,35.31999969482422,35.31999969482422,107000,2026-10-09
2022-05-23,31.24346160888672,35.66600036621094,36.02000045776367,35.09600067138672,35.75,44300,2026-10-09
2022-05-24,30.9578857421875,35.34000015258789,35.66999816894531,35.20000076293945,35.66999816894531,14500,2026-10-09
2022-05-25,31.14535140991211,35.55400085449219,35.72999954223633,35.48099899291992,35.630001068115234,4800,2026-10-09
2022-05-26,31.07176399230957,35.470001220703125,36.13999938964844,35.470001220703125,35.619998931884766,23500,2026-10-09
2022-05-27,31.027090072631836,35.41899871826172,35.54899978637695,34.720001220703125,35.380001068115234,57300,2026-10-09
2022-05-31,30.940364837646484,35.31999969482422,36.189998626708984,35.209999084472656,35.849998474121094,45800,2026-10-09
2022-06-01,31.662187576293945,36.14400100708008,36.400001525878906,35.5099983215332,35.5099983215332,67200,2026-10-09
2022-06-02,31.246963500976562,35.66999816894531,36.61000061035156,35.64799880981445,35.97999954223633,1241000,2026-10-09
2022-06-03,31.746286392211914,36.2400016784668,36.689998626708984,35.72999954223633,35.72999954223633,30800,2026-10-09
2022-06-06,32.66609191894531,37.290000915527344,37.290000915527344,36.452999114990234,36.93000030517578,27000,2026-10-09
2022-06-07,32.62228775024414,37.2400016784668,37.400001525878906,36.810001373291016,37.38999938964844,217200,2026-10-09
2022-06-08,32.63629913330078,37.25600051879883,37.63999938964844,37.02000045776367,37.459999084472656,24500,2026-10-09
2022-06-09,33.007728576660156,37.68000030517578,38.220001220703125,37.25,37.459999084472656,62700,2026-10-09
2022-06-10,33.393165588378906,38.119998931884766,38.36000061035156,37.849998474121094,37.97999954223633,100400,2026-10-09
2022-06-13,34.023887634277344,38.84000015258789,39.22999954223633,38.20000076293945,38.88999938964844,230400,2026-10-09
2022-06-14,33.866207122802734,38.65999984741211,40.459999084472656,38.0,40.459999084472656,129300,2026-10-09
2022-06-15,32.70988845825195,37.34000015258789,38.70000076293945,37.29999923706055,38.70000076293945,52900,2026-10-09
2022-06-16,32.998966217041016,37.66999816894531,38.22999954223633,37.33000183105469,37.869998931884766,201000,2026-10-09
2022-06-17,32.631046295166016,37.25,38.04999923706055,36.97999954223633,38.04999923706055,59500,2026-10-09
2022-06-21,32.902610778808594,37.560001373291016,37.56999969482422,37.04999923706055,37.04999923706055,77300,2026-10-09
2022-06-22,32.00908660888672,36.540000915527344,36.970001220703125,36.5,36.91999816894531,50800,2026-10-09
2022-06-23,31.40464210510254,35.849998474121094,36.505001068115234,35.5,36.5,101300,2026-10-09
2022-06-24,31.571086883544922,36.040000915527344,36.15999984741211,35.5,35.5,39000,2026-10-09
2022-06-27,31.746286392211914,36.2400016784668,36.40999984741211,35.59000015258789,35.95000076293945,28200,2026-10-09
2022-06-28,32.14048385620117,36.689998626708984,36.81999969482422,36.40999984741211,36.5,39900,2026-10-09
2022-06-29,31.75504493713379,36.25,37.060001373291016,36.060001373291016,36.83000183105469,54500,2026-10-09
2022-06-30,30.49360466003418,34.810001373291016,36.150001525878906,34.72999954223633,36.150001525878906,87600,2026-10-09
2022-07-01,30.70384407043457,35.04999923706055,35.59000015258789,34.75,35.119998931884766,1325300,2026-10-09
2022-07-05,29.784042358398438,34.0,35.59000015258789,33.97999954223633,35.59000015258789,132200,2026-10-09
2022-07-06,29.55628204345703,33.7400016784668,34.150001525878906,33.5,34.150001525878906,467500,2026-10-09
2022-07-07,30.48484230041504,34.79999923706055,34.90999984741211,33.93000030517578,33.93000030517578,25800,2026-10-09
2022-07-08,30.984163284301758,35.369998931884766,35.63999938964844,34.79999923706055,34.79999923706055,180900,2026-10-09
2022-07-11,31.3257999420166,35.7599983215332,35.97999954223633,35.54399871826172,35.900001525878906,105500,2026-10-09
2022-07-12,30.353443145751953,34.650001525878906,35.7599983215332,34.314998626708984,35.7599983215332,35700,2026-10-09
2022-07-13,30.581201553344727,34.90999984741211,35.45000076293945,34.5,34.5,19800,2026-10-09
2022-07-14,31.001684188842773,35.38999938964844,35.70899963378906,35.03200149536133,35.209999084472656,16200,2026-10-09
2022-07-15,30.922842025756836,35.29999923706055,35.29999923706055,34.880001068115234,35.0,28100,2026-10-09
2022-07-18,31.098045349121094,35.5,35.689998626708984,35.35499954223633,35.689998626708984,39600,2026-10-09
2022-07-19,31.04548454284668,35.439998626708984,35.459999084472656,34.808998107910156,35.099998474121094,24600,2026-10-09
2022-07-20,30.896568298339844,35.27000045776367,35.689998626708984,35.08000183105469,35.08000183105469,17300,2026-10-09
2022-07-21,30.773923873901367,35.130001068115234,35.400001525878906,34.70000076293945,35.400001525878906,51400,2026-10-09
2022-07-22,30.096771240234375,34.356998443603516,34.77000045776367,34.00600051879883,34.77000045776367,37500,2026-10-09
2022-07-25,30.581201553344727,34.90999984741211,34.91999816894531,34.0,34.0,51700,2026-10-09
2022-07-26,30.721364974975586,35.06999969482422,35.099998474121094,34.68000030517578,35.099998474121094,39200,2026-10-09
2022-07-27,30.32716178894043,34.619998931884766,35.040000915527344,34.512001037597656,34.97999954223633,16700,2026-10-09
2022-07-28,29.89792251586914,34.130001068115234,34.40999984741211,33.805999755859375,34.27000045776367,88100,2026-10-09
2022-07-29,29.73147964477539,33.939998626708984,34.52199935913086,33.779998779296875,34.27000045776367,107500,2026-10-09
2022-08-01,29.083242416381836,33.20000076293945,33.24700164794922,32.63999938964844,32.63999938964844,56400,2026-10-09
2022-08-02,29.713958740234375,33.91999816894531,33.93000030517578,32.91999816894531,33.20600128173828,310500,2026-10-09
2022-08-03,29.740243911743164,33.95000076293945,34.03900146484375,33.47999954223633,33.93000030517578,35000,2026-10-09
2022-08-04,28.94308090209961,33.040000915527344,33.689998626708984,33.040000915527344,33.59199905395508,14600,2026-10-09
2022-08-05,29.486202239990234,33.65999984741211,34.279998779296875,33.65999984741211,33.77000045776367,21000,2026-10-09
2022-08-08,29.398603439331055,33.560001373291016,33.560001373291016,33.17499923706055,33.2400016784668,16900,2026-10-09
2022-08-09,29.79279899597168,34.0099983215332,34.0099983215332,33.599998474121094,33.880001068115234,23400,2026-10-09
2022-08-10,29.091999053955078,33.209999084472656,33.66999816894531,32.40399932861328,33.25,27900,2026-10-09
2022-08-11,29.959243774414062,34.20000076293945,34.220001220703125,33.5,33.512001037597656,8900,2026-10-09
2022-08-12,29.751632690429688,33.9630012512207,34.369998931884766,33.650001525878906,33.650001525878906,15800,2026-10-09
2022-08-15,29.740243911743164,33.95000076293945,33.97999954223633,33.61399841308594,33.79999923706055,12900,2026-10-09
2022-08-16,29.99428367614746,34.2400016784668,34.2400016784668,34.0,34.13999938964844,32700,2026-10-09
2022-08-17,30.660045623779297,35.0,35.119998931884766,34.54999923706055,34.560001373291016,100800,2026-10-09
2022-08-18,31.21192741394043,35.630001068115234,35.6349983215332,35.150001525878906,35.189998626708984,44200,2026-10-09
2022-08-19,31.457202911376953,35.90999984741211,36.11000061035156,35.74599838256836,35.900001525878906,42500,2026-10-09
2022-08-22,31.75504493713379,36.25,36.4900016784668,35.8380012512207,36.29999923706055,44600,2026-10-09
2022-08-23,31.877685546875,36.38999938964844,36.81999969482422,36.20000076293945,36.81999969482422,32800,2026-10-09
2022-08-24,31.956525802612305,36.47999954223633,36.849998474121094,36.25,36.25,22600,2026-10-09
2022-08-25,31.72876739501953,36.220001220703125,36.58000183105469,36.02299880981445,36.20000076293945,34200,2026-10-09
2022-08-26,31.903963088989258,36.41999816894531,36.577999114990234,36.06999969482422,36.10499954223633,23400,2026-10-09
2022-08-29,32.254364013671875,36.81999969482422,36.939998626708984,36.47999954223633,36.91999816894531,60800,2026-10-09
2022-08-30,32.22808837890625,36.790000915527344,36.95000076293945,36.52000045776367,36.70000076293945,20600,2026-10-09
2022-08-31,32.3156852722168,36.88999938964844,37.03499984741211,36.58000183105469,36.869998931884766,50000,2026-10-09
2022-09-01,32.45584487915039,37.04999923706055,37.290000915527344,36.900001525878906,36.959999084472656,79100,2026-10-09
2022-09-02,32.45584487915039,37.04999923706055,37.18000030517578,36.51100158691406,37.18000030517578,45400,2026-10-09
2022-09-06,32.74492645263672,37.380001068115234,37.599998474121094,37.09199905395508,37.400001525878906,76500,2026-10-09
2022-09-07,31.72000503540039,36.209999084472656,37.34000015258789,36.13999938964844,37.34000015258789,341400,2026-10-09
2022-09-08,32.07916259765625,36.619998931884766,37.0,36.5,36.599998474121094,33100,2026-10-09
2022-09-09,31.91710662841797,36.435001373291016,36.650001525878906,36.196998596191406,36.650001525878906,237700,2026-10-09
2022-09-12,31.93024444580078,36.45000076293945,36.58000183105469,36.15999984741211,36.209999084472656,50900,2026-10-09
2022-09-13,32.71864700317383,37.349998474121094,37.45000076293945,36.79999923706055,36.79999923706055,94900,2026-10-09
2022-09-14,32.521549224853516,37.125,37.470001220703125,36.869998931884766,37.470001220703125,49300,2026-10-09
2022-09-15,32.4996452331543,37.099998474121094,37.189998626708984,36.77399826049805,37.16999816894531,70200,2026-10-09
2022-09-16,32.14924621582031,36.70000076293945,37.2400016784668,36.630001068115234,36.77000045776367,48300,2026-10-09
2022-09-19,32.569725036621094,37.18000030517578,37.349998474121094,36.689998626708984,36.689998626708984,46100,2026-10-09
2022-09-20,32.68360900878906,37.310001373291016,37.68000030517578,37.29899978637695,37.5,127100,2026-10-09
2022-09-21,32.62228775024414,37.2400016784668,37.63999938964844,37.13100051879883,37.63999938964844,113800,2026-10-09
2022-09-22,32.85880661010742,37.5099983215332,37.7400016784668,37.36000061035156,37.650001525878906,79600,2026-10-09
2022-09-23,33.41944885253906,38.150001525878906,38.369998931884766,37.71799850463867,38.369998931884766,189800,2026-10-09
2022-09-26,34.216609954833984,39.060001373291016,39.20500183105469,38.27000045776367,38.4900016784668,524900,2026-10-09
2022-09-27,34.33049011230469,39.189998626708984,39.66999816894531,38.810001373291016,39.279998779296875,241200,2026-10-09
2022-09-28,33.2354850769043,37.939998626708984,39.380001068115234,37.849998474121094,39.380001068115234,153600,2026-10-09
2022-09-29,33.64720916748047,38.40999984741211,38.650001525878906,38.029998779296875,38.33000183105469,171000,2026-10-09
2022-09-30,33.60340881347656,38.36000061035156,38.689998626708984,38.084999084472656,38.689998626708984,114400,2026-10-09
2022-10-03,32.902610778808594,37.560001373291016,37.849998474121094,37.20000076293945,37.209999084472656,151000,2026-10-09
2022-10-04,32.263126373291016,36.83000183105469,37.29999923706055,36.689998626708984,36.959999084472656,177700,2026-10-09
2022-10-05,33.09182357788086,37.7760009765625,38.04999923706055,37.29999923706055,37.29999923706055,49600,2026-10-09
2022-10-06,33.892486572265625,38.689998626708984,38.779998779296875,38.209999084472656,38.209999084472656,75700,2026-10-09
2022-10-07,34.234130859375,39.08000183105469,39.189998626708984,38.810001373291016,38.970001220703125,92600,2026-10-09
2022-10-10,34.49692916870117,39.380001068115234,39.7400016784668,39.13999938964844,39.20000076293945,139600,2026-10-09
2022-10-11,34.667747497558594,39.57500076293945,39.72999954223633,38.97999954223633,39.45000076293945,185600,2026-10-09
2022-10-12,34.54072952270508,39.43000030517578,40.04100036621094,39.2400016784668,39.970001220703125,208600,2026-10-09
2022-10-13,34.38304901123047,39.25,40.189998626708984,38.9900016784668,40.189998626708984,69800,2026-10-09
2022-10-14,34.987491607666016,39.939998626708984,40.0,38.75,39.150001525878906,176200,2026-10-09
2022-10-17,34.207847595214844,39.04999923706055,39.13999938964844,38.40999984741211,39.13999938964844,308500,2026-10-09
2022-10-18,33.82240676879883,38.61000061035156,39.13999938964844,38.599998474121094,39.13999938964844,213400,2026-10-09
2022-10-19,34.207847595214844,39.04999923706055,39.150001525878906,38.709999084472656,39.13999938964844,130900,2026-10-09
2022-10-20,34.25164794921875,39.099998474121094,39.20000076293945,38.54999923706055,39.04999923706055,504400,2026-10-09
2022-10-21,33.87496566772461,38.66999816894531,39.470001220703125,38.45000076293945,39.459999084472656,242400,2026-10-09
2022-10-24,33.76984786987305,38.54999923706055,38.790000915527344,38.40999984741211,38.790000915527344,273300,2026-10-09
2022-10-25,33.2354850769043,37.939998626708984,38.02000045776367,37.560001373291016,38.0,750900,2026-10-09
2022-10-26,32.578487396240234,37.189998626708984,37.630001068115234,37.04999923706055,37.56999969482422,418600,2026-10-09
2022-10-27,32.30692672729492,36.880001068115234,37.189998626708984,36.599998474121094,36.970001220703125,314000,2026-10-09
2022-10-28,32.70988845825195,37.34000015258789,37.470001220703125,36.88999938964844,36.88999938964844,546000,2026-10-09
2022-10-31,33.130367279052734,37.81999969482422,37.83300018310547,37.52000045776367,37.65999984741211,186000,2026-10-09
2022-11-01,32.990203857421875,37.65999984741211,37.78499984741211,37.189998626708984,37.189998626708984,209200,2026-10-09
2022-11-02,33.34061050415039,38.060001373291016,38.150001525878906,37.310001373291016,37.54999923706055,117100,2026-10-09
2022-11-03,33.883724212646484,38.68000030517578,38.849998474121094,38.15999984741211,38.720001220703125,496300,2026-10-09
2022-11-04,33.37564468383789,38.099998474121094,38.540000915527344,37.941001892089844,38.459999084472656,136300,2026-10-09
2022-11-07,33.36688995361328,38.09000015258789,38.189998626708984,37.75,38.040000915527344,181800,2026-10-09
2022-11-08,32.93764877319336,37.599998474121094,38.2599983215332,37.36000061035156,38.2400016784668,418000,2026-10-09
2022-11-09,32.7974853515625,37.439998626708984,37.65999984741211,37.220001220703125,37.650001525878906,224400,2026-10-09
2022-11-10,31.098045349121094,35.5,36.220001220703125,35.5,35.849998474121094,540600,2026-10-09
2022-11-11,30.765161514282227,35.119998931884766,35.571998596191406,35.029998779296875,35.290000915527344,192700,2026-10-09
2022-11-14,30.9578857421875,35.34000015258789,35.426998138427734,35.0,35.0,169400,2026-10-09
2022-11-15,30.572446823120117,34.900001525878906,35.16600036621094,34.79999923706055,34.81999969482422,154400,2026-10-09
2022-11-16,30.20452117919922,34.47999954223633,34.900001525878906,34.459999084472656,34.900001525878906,230500,2026-10-09
2022-11-17,30.60748291015625,34.939998626708984,35.13999938964844,34.52000045776367,34.52000045776367,248600,2026-10-09
2022-11-18,30.70384407043457,35.04999923706055,35.150001525878906,34.77799987792969,34.83000183105469,133000,2026-10-09
2022-11-21,30.800201416015625,35.15999984741211,35.279998779296875,35.020999908447266,35.16999816894531,1122200,2026-10-09
2022-11-22,30.49360466003418,34.810001373291016,35.130001068115234,34.75,35.11000061035156,273700,2026-10-09
2022-11-23,29.65264129638672,33.849998474121094,34.459999084472656,33.849998474121094,34.459999084472656,207900,2026-10-09
2022-11-25,29.7595157623291,33.97200012207031,34.25,33.900001525878906,34.0,45000,2026-10-09
2022-11-28,30.108163833618164,34.369998931884766,34.45000076293945,34.029998779296875,34.029998779296875,395500,2026-10-09
2022-11-29,30.248321533203125,34.529998779296875,34.529998779296875,34.15999984741211,34.34000015258789,61400,2026-10-09
2022-11-30,29.801563262939453,34.02000045776367,34.69599914550781,33.959999084472656,34.529998779296875,85100,2026-10-09
2022-12-01,29.083242416381836,33.20000076293945,33.630001068115234,33.13999938964844,33.630001068115234,545100,2026-10-09
2022-12-02,29.021923065185547,33.130001068115234,33.64799880981445,33.130001068115234,33.36000061035156,105600,2026-10-09
2022-12-05,29.477441787719727,33.650001525878906,33.7400016784668,33.279998779296875,33.279998779296875,90200,2026-10-09
2022-12-06,29.3723201751709,33.529998779296875,33.62099838256836,33.40999984741211,33.619998931884766,150100,2026-10-09
2022-12-07,29.092876434326172,33.21099853515625,33.439998626708984,33.11000061035156,33.369998931884766,143400,2026-10-09
2022-12-08,29.127042770385742,33.25,33.41999816894531,33.08000183105469,33.08000183105469,123800,2026-10-09
2022-12-09,29.459922790527344,33.630001068115234,33.70000076293945,33.356998443603516,33.400001525878906,141100,2026-10-09
2022-12-12,29.512481689453125,33.689998626708984,33.84000015258789,33.27000045776367,33.5,273700,2026-10-09
2022-12-13,29.135799407958984,33.2599983215332,33.34000015258789,32.779998779296875,33.0,234100,2026-10-09
2022-12-14,29.10076332092285,33.220001220703125,33.5,33.040000915527344,33.20000076293945,110000,2026-10-09
2022-12-15,29.661405563354492,33.86000061035156,33.86000061035156,33.29999923706055,33.29999923706055,106500,2026-10-09
2022-12-16,29.889162063598633,34.119998931884766,34.29999923706055,33.93000030517578,34.18000030517578,155100,2026-10-09
2022-12-19,29.959243774414062,34.20000076293945,34.43000030517578,34.119998931884766,34.43000030517578,196700,2026-10-09
2022-12-20,30.033702850341797,34.28499984741211,34.47999954223633,34.220001220703125,34.47999954223633,100200,2026-10-09
2022-12-21,30.090641021728516,34.349998474121094,34.349998474121094,34.060001373291016,34.279998779296875,33000,2026-10-09
2022-12-22,30.335926055908203,34.630001068115234,34.720001220703125,34.38999938964844,34.38999938964844,261600,2026-10-09
2022-12-23,30.318405151367188,34.61000061035156,34.810001373291016,34.470001220703125,34.720001220703125,95800,2026-10-09
2022-12-27,30.134443283081055,34.400001525878906,34.59600067138672,34.209999084472656,34.400001525878906,115800,2026-10-09
2022-12-28,29.13465118408203,30.860000610351562,31.04599952697754,30.0,30.8799991607666,145900,2026-10-09
2022-12-29,28.908069610595703,30.6200008392334,31.149999618530273,30.610000610351562,30.75,93000,2026-10-09
2022-12-30,28.841981887817383,30.549999237060547,30.940000534057617,30.549999237060547,30.899999618530273,243400,2026-10-09
2023-01-03,29.021360397338867,30.739999771118164,30.81999969482422,30.3799991607666,30.549999237060547,258000,2026-10-09
2023-01-04,28.709810256958008,30.40999984741211,30.549999237060547,30.280000686645508,30.43000030517578,137400,2026-10-09
2023-01-05,29.078004837036133,30.799999237060547,30.959999084472656,30.57900047302246,30.719999313354492,225900,2026-10-09
2023-01-06,28.369935989379883,30.049999237060547,30.780000686645508,30.040000915527344,30.56999969482422,102800,2026-10-09
2023-01-09,28.200000762939453,29.8700008392334,30.100000381469727,29.709999084472656,30.100000381469727,86600,2026-10-09
2023-01-10,28.473785400390625,30.15999984741211,30.36400032043457,30.100000381469727,30.100000381469727,91700,2026-10-09
2023-01-11,27.93565559387207,29.59000015258789,29.959999084472656,29.540000915527344,29.829999923706055,116400,2026-10-09
2023-01-12,27.520254135131836,29.149999618530273,29.5,29.06999969482422,29.1299991607666,111500,2026-10-09
2023-01-13,27.652429580688477,29.290000915527344,29.469999313354492,29.020000457763672,29.190000534057617,86900,2026-10-09
2023-01-17,27.541025161743164,29.172000885009766,29.299999237060547,29.115999221801758,29.299999237060547,202700,2026-10-09
2023-01-18,27.397523880004883,29.020000457763672,29.079999923706055,28.56999969482422,28.780000686645508,169200,2026-10-09
2023-01-19,27.444726943969727,29.06999969482422,29.139999389648438,29.0,29.139999389648438,72200,2026-10-09
2023-01-20,27.567459106445312,29.200000762939453,29.299999237060547,29.10300064086914,29.299999237060547,137600,2026-10-09
2023-01-23,27.444726943969727,29.06999969482422,29.200000762939453,29.059999465942383,29.200000762939453,114100,2026-10-09
2023-01-24,27.425844192504883,29.049999237060547,29.25,29.049999237060547,29.18000030517578,133500,2026-10-09
2023-01-25,27.45888900756836,29.084999084472656,29.110000610351562,28.969999313354492,29.06999969482422,68300,2026-10-09
2023-01-26,27.690189361572266,29.329999923706055,29.405000686645508,29.202999114990234,29.299999237060547,44100,2026-10-09
2023-01-27,27.756277084350586,29.399999618530273,29.469999313354492,29.299999237060547,29.399999618530273,179900,2026-10-09
2023-01-30,28.0206241607666,29.68000030517578,29.690000534057617,29.530000686645508,29.65999984741211,133800,2026-10-09
2023-01-31,28.011180877685547,29.670000076293945,29.757999420166016,29.6299991607666,29.729999542236328,60700,2026-10-09
2023-02-01,27.92621421813965,29.579999923706055,29.709999084472656,29.520000457763672,29.6200008392334,116600,2026-10-09
2023-02-02,27.69963264465332,29.34000015258789,29.690000534057617,29.03499984741211,29.690000534057617,152700,2026-10-09
2023-02-03,27.77515983581543,29.420000076293945,29.739999771118164,29.360000610351562,29.739999771118164,162400,2026-10-09
2023-02-06,27.963979721069336,29.6200008392334,29.649999618530273,29.469999313354492,29.649999618530273,93400,2026-10-09
2023-02-07,27.831804275512695,29.479999542236328,29.739999771118164,29.40999984741211,29.739999771118164,51400,2026-10-09
2023-02-08,28.001741409301758,29.65999984741211,29.670000076293945,29.530000686645508,29.639999389648438,38100,2026-10-09
2023-02-09,28.0206241607666,29.68000030517578,29.690000534057617,29.549999237060547,29.549999237060547,33700,2026-10-09
2023-02-10,27.869569778442383,29.520000457763672,29.809999465942383,29.458999633789062,29.809999465942383,70700,2026-10-09
2023-02-13,28.08670997619629,29.75,29.780000686645508,29.649999618530273,29.780000686645508,49700,2026-10-09
2023-02-14,28.166955947875977,29.834999084472656,29.8700008392334,29.760000228881836,29.8700008392334,30400,2026-10-09
2023-02-15,28.228322982788086,29.899999618530273,29.899999618530273,29.68000030517578,29.68000030517578,77100,2026-10-09
2023-02-16,28.388818740844727,30.06999969482422,30.139999389648438,29.8700008392334,30.139999389648438,48000,2026-10-09
2023-02-17,28.436025619506836,30.1200008392334,30.270000457763672,30.100000381469727,30.270000457763672,78200,2026-10-09
2023-02-21,28.96471405029297,30.68000030517578,30.719999313354492,30.200000762939453,30.200000762939453,195900,2026-10-09
2023-02-22,28.747573852539062,30.450000762939453,30.670000076293945,30.420000076293945,30.670000076293945,284700,2026-10-09
2023-02-23,28.50210952758789,30.190000534057617,30.479999542236328,30.15999984741211,30.399999618530273,196500,2026-10-09
2023-02-24,28.57763671875,30.270000457763672,30.489999771118164,30.200000762939453,30.299999237060547,125200,2026-10-09
2023-02-27,28.66260528564453,30.360000610351562,30.5,30.281999588012695,30.5,258200,2026-10-09
2023-02-28,28.50210952758789,30.190000534057617,30.59000015258789,30.170000076293945,30.59000015258789,79500,2026-10-09
2023-03-01,28.672046661376953,30.3700008392334,30.479999542236328,30.299999237060547,30.389999389648438,205700,2026-10-09
2023-03-02,28.73813247680664,30.440000534057617,30.510000228881836,30.26099967956543,30.3700008392334,234900,2026-10-09
2023-03-03,28.40770149230957,30.09000015258789,30.459999084472656,30.027999877929688,30.459999084472656,241000,2026-10-09
2023-03-06,28.73813247680664,30.440000534057617,30.510000228881836,30.219999313354492,30.219999313354492,156200,2026-10-09
2023-03-07,28.908069610595703,30.6200008392334,30.6200008392334,30.270000457763672,30.43000030517578,96400,2026-10-09
2023-03-08,28.945831298828125,30.65999984741211,30.739999771118164,30.5,30.6200008392334,316300,2026-10-09
2023-03-09,29.087446212768555,30.809999465942383,30.81999969482422,30.450000762939453,30.489999771118164,209600,2026-10-09
2023-03-10,28.42658233642578,30.110000610351562,30.270000457763672,30.025999069213867,30.270000457763672,372300,2026-10-09
2023-03-13,27.5768985748291,29.209999084472656,29.3700008392334,28.860000610351562,29.3700008392334,394300,2026-10-09
2023-03-14,27.973417282104492,29.6299991607666,29.690000534057617,29.450000762939453,29.450000762939453,770800,2026-10-09
2023-03-15,27.78459930419922,29.43000030517578,29.520000457763672,29.030000686645508,29.260000228881836,660400,2026-10-09
2023-03-16,27.92621421813965,29.579999923706055,29.649999618530273,29.25,29.31999969482422,143000,2026-10-09
2023-03-17,27.605222702026367,29.239999771118164,29.299999237060547,29.049999237060547,29.260000228881836,183800,2026-10-09
2023-03-20,27.61466407775879,29.25,29.40999984741211,29.1200008392334,29.1200008392334,115900,2026-10-09
2023-03-21,27.897890090942383,29.549999237060547,29.760000228881836,29.5310001373291,29.610000610351562,79100,2026-10-09
2023-03-22,27.897890090942383,29.549999237060547,29.898000717163086,29.450000762939453,29.850000381469727,31400,2026-10-09
2023-03-23,27.718515396118164,29.360000610351562,29.459999084472656,29.309999465942383,29.448999404907227,47400,2026-10-09
2023-03-24,27.53913688659668,29.170000076293945,29.299999237060547,29.040000915527344,29.100000381469727,110800,2026-10-09
2023-03-27,27.756277084350586,29.399999618530273,29.600000381469727,29.325000762939453,29.489999771118164,112600,2026-10-09
2023-03-28,27.79404067993164,29.440000534057617,29.530000686645508,29.360000610351562,29.440000534057617,54600,2026-10-09
2023-03-29,27.992300033569336,29.649999618530273,29.649999618530273,29.361000061035156,29.520000457763672,52600,2026-10-09
2023-03-30,28.17167854309082,29.84000015258789,29.8700008392334,29.68000030517578,29.690000534057617,94700,2026-10-09
2023-03-31,27.831804275512695,29.479999542236328,29.690000534057617,29.479999542236328,29.649999618530273,469400,2026-10-09
2023-04-03,27.61466407775879,29.25,29.389999389648438,29.059999465942383,29.389999389648438,163100,2026-10-09
2023-04-04,27.690189361572266,29.329999923706055,29.510000228881836,29.270000457763672,29.510000228881836,110800,2026-10-09
2023-04-05,27.633544921875,29.270000457763672,29.399999618530273,29.18000030517578,29.399999618530273,55700,2026-10-09
2023-04-06,27.916772842407227,29.56999969482422,29.597999572753906,29.270000457763672,29.270000457763672,159400,2026-10-09
2023-04-10,27.841245651245117,29.489999771118164,29.579999923706055,29.43000030517578,29.579999923706055,174000,2026-10-09
2023-04-11,28.00646209716797,29.665000915527344,29.719999313354492,29.579999923706055,29.579999923706055,24400,2026-10-09
2023-04-12,28.133913040161133,29.799999237060547,29.799999237060547,29.65999984741211,29.65999984741211,149000,2026-10-09
2023-04-13,28.237764358520508,29.90999984741211,30.0,29.81999969482422,30.0,313000,2026-10-09
2023-04-14,28.133913040161133,29.799999237060547,29.913000106811523,29.649999618530273,29.850000381469727,419700,2026-10-09
2023-04-17,28.030065536499023,29.690000534057617,29.719999313354492,29.610000610351562,29.655000686645508,130700,2026-10-09
2023-04-18,28.081045150756836,29.743999481201172,29.81999969482422,29.600000381469727,29.600000381469727,31200,2026-10-09
2023-04-19,28.40770149230957,30.09000015258789,30.100000381469727,29.950000762939453,30.079999923706055,36900,2026-10-09
2023-04-20,28.587078094482422,30.280000686645508,30.290000915527344,30.170000076293945,30.25,99600,2026-10-09
2023-04-21,28.596519470214844,30.290000915527344,30.290000915527344,30.110000610351562,30.280000686645508,41400,2026-10-09
2023-04-24,28.72869110107422,30.43000030517578,30.450000762939453,30.219999313354492,30.440000534057617,56100,2026-10-09
2023-04-25,28.690927505493164,30.389999389648438,30.423999786376953,30.25,30.420000076293945,31200,2026-10-09
2023-04-26,29.078004837036133,30.799999237060547,30.799999237060547,30.559999465942383,30.700000762939453,56800,2026-10-09
2023-04-27,29.219619750976562,30.950000762939453,30.989999771118164,30.780000686645508,30.899999618530273,86600,2026-10-09
2023-04-28,29.096885681152344,30.81999969482422,30.979999542236328,30.764999389648438,30.979999542236328,90400,2026-10-09
2023-05-01,29.096885681152344,30.81999969482422,31.030000686645508,30.69700050354004,31.030000686645508,82400,2026-10-09
2023-05-02,29.28570556640625,31.020000457763672,31.229999542236328,30.934999465942383,31.229999542236328,49800,2026-10-09
2023-05-03,29.47452163696289,31.219999313354492,31.299999237060547,31.020000457763672,31.299999237060547,270200,2026-10-09
2023-05-04,29.417877197265625,31.15999984741211,31.3700008392334,31.0,31.3700008392334,55800,2026-10-09
2023-05-05,29.38011360168457,31.1200008392334,31.34000015258789,30.940000534057617,31.25,53100,2026-10-09
2023-05-08,29.247941970825195,30.979999542236328,31.59000015258789,30.739999771118164,31.59000015258789,401200,2026-10-09
2023-05-09,29.191295623779297,30.920000076293945,31.1200008392334,30.829999923706055,30.950000762939453,99200,2026-10-09
2023-05-10,29.20073699951172,30.93000030517578,31.0,30.709999084472656,30.93000030517578,96500,2026-10-09
2023-05-11,29.115768432617188,30.84000015258789,31.114999771118164,30.672000885009766,30.860000610351562,57200,2026-10-09
2023-05-12,29.257381439208984,30.989999771118164,31.040000915527344,30.690000534057617,30.75,127800,2026-10-09
2023-05-15,28.9930362701416,30.709999084472656,31.0,30.68000030517578,31.0,40200,2026-10-09
2023-05-16,29.0496826171875,30.770000457763672,30.770000457763672,30.465999603271484,30.600000381469727,63500,2026-10-09
2023-05-17,29.0496826171875,30.770000457763672,31.540000915527344,30.579999923706055,31.540000915527344,32000,2026-10-09
2023-05-18,28.9930362701416,30.709999084472656,30.950000762939453,30.65999984741211,30.850000381469727,79500,2026-10-09
2023-05-19,29.238500595092773,30.969999313354492,31.010000228881836,30.65999984741211,30.65999984741211,48000,2026-10-09
2023-05-22,29.295146942138672,31.030000686645508,31.1299991607666,30.93000030517578,31.1299991607666,278800,2026-10-09
2023-05-23,29.181856155395508,30.90999984741211,31.110000610351562,30.809999465942383,31.110000610351562,47800,2026-10-09
2023-05-24,29.115768432617188,30.84000015258789,30.899999618530273,30.670000076293945,30.829999923706055,42900,2026-10-09
2023-05-25,29.417877197265625,31.15999984741211,31.299999237060547,30.860000610351562,31.06999969482422,42100,2026-10-09
2023-05-26,29.389554977416992,31.1299991607666,31.239999771118164,31.09000015258789,31.170000076293945,68500,2026-10-09
2023-05-30,29.69166374206543,31.450000762939453,31.479999542236328,31.299999237060547,31.34000015258789,50500,2026-10-09
2023-05-31,29.512287139892578,31.260000228881836,31.469999313354492,31.200000762939453,31.329999923706055,370100,2026-10-09
2023-06-01,29.47452163696289,31.219999313354492,31.34000015258789,31.05500030517578,31.34000015258789,87500,2026-10-09
2023-06-02,29.16297149658203,30.889999389648438,31.100000381469727,30.84000015258789,30.93000030517578,86000,2026-10-09
2023-06-05,29.21017837524414,30.940000534057617,30.959999084472656,30.691999435424805,30.739999771118164,45800,2026-10-09
2023-06-06,29.125211715698242,30.850000381469727,30.899999618530273,30.70400047302246,30.899999618530273,79900,2026-10-09
2023-06-07,29.115768432617188,30.84000015258789,30.950000762939453,30.700000762939453,30.950000762939453,276200,2026-10-09
2023-06-08,29.20073699951172,30.93000030517578,31.079999923706055,30.829999923706055,30.850000381469727,69400,2026-10-09
2023-06-09,29.257381439208984,30.989999771118164,31.06999969482422,30.8700008392334,31.020000457763672,92800,2026-10-09
2023-06-12,29.43675994873047,31.18000030517578,31.329999923706055,31.0,31.040000915527344,40800,2026-10-09
2023-06-13,29.427318572998047,31.170000076293945,31.170000076293945,30.780000686645508,30.780000686645508,73300,2026-10-09
2023-06-14,29.47452163696289,31.219999313354492,31.280000686645508,31.010000228881836,31.030000686645508,43800,2026-10-09
2023-06-15,28.87030601501465,30.579999923706055,31.0,30.530000686645508,30.959999084472656,1777800,2026-10-09
2023-06-16,28.66260528564453,30.360000610351562,30.809999465942383,30.309999465942383,30.549999237060547,46100,2026-10-09
2023-06-20,28.643722534179688,30.34000015258789,30.65999984741211,30.329999923706055,30.489999771118164,266600,2026-10-09
2023-06-21,28.33217430114746,30.010000228881836,30.523000717163086,29.950000762939453,30.450000762939453,46100,2026-10-09
2023-06-22,28.681486129760742,30.3799991607666,30.469999313354492,30.110000610351562,30.229999542236328,44600,2026-10-09
2023-06-23,28.351055145263672,30.030000686645508,30.56999969482422,30.010000228881836,30.56999969482422,47400,2026-10-09
2023-06-26,28.200000762939453,29.8700008392334,30.440000534057617,29.770000457763672,30.440000534057617,53800,2026-10-09
2023-06-27,28.55875587463379,30.25,30.440000534057617,29.924999237060547,29.979999542236328,27200,2026-10-09
2023-06-28,28.55875587463379,30.25,30.601999282836914,30.139999389648438,30.30500030517578,30600,2026-10-09
2023-06-29,28.75701332092285,30.459999084472656,30.547000885009766,30.319000244140625,30.440000534057617,54400,2026-10-09
2023-06-30,28.76456642150879,30.468000411987305,30.649999618530273,30.319000244140625,30.649999618530273,49100,2026-10-09
2023-07-03,28.9930362701416,30.709999084472656,30.84000015258789,30.34000015258789,30.34000015258789,68000,2026-10-09
2023-07-05,29.040241241455078,30.760000228881836,30.81999969482422,30.61400032043457,30.61400032043457,86000,2026-10-09
2023-07-06,29.394275665283203,31.135000228881836,31.30900001525879,30.989999771118164,30.989999771118164,65700,2026-10-09
2023-07-07,29.531169891357422,31.280000686645508,31.385000228881836,31.09000015258789,31.25,147000,2026-10-09
2023-07-10,29.455642700195312,31.200000762939453,31.280000686645508,31.040000915527344,31.280000686645508,126200,2026-10-09
2023-07-11,29.408437728881836,31.149999618530273,31.170000076293945,31.049999237060547,31.101999282836914,70300,2026-10-09
2023-07-12,29.314027786254883,31.049999237060547,31.190000534057617,30.860000610351562,31.020000457763672,156200,2026-10-09
2023-07-13,29.22905731201172,30.959999084472656,31.079999923706055,30.899999618530273,31.049999237060547,75300,2026-10-09
2023-07-14,29.389554977416992,31.1299991607666,31.239999771118164,30.920000076293945,30.920000076293945,71200,2026-10-09
2023-07-17,29.408437728881836,31.149999618530273,31.219999313354492,30.979999542236328,31.1200008392334,34200,2026-10-09
2023-07-18,29.20073699951172,30.93000030517578,31.040000915527344,30.799999237060547,31.040000915527344,93300,2026-10-09
2023-07-19,28.87030601501465,30.579999923706055,30.780000686645508,30.5,30.780000686645508,42800,2026-10-09
2023-07-20,28.860864639282227,30.56999969482422,30.700000762939453,30.459999084472656,30.459999084472656,83000,2026-10-09
2023-07-21,29.021360397338867,30.739999771118164,30.90999984741211,30.520999908447266,30.90999984741211,65600,2026-10-09
2023-07-24,28.634281158447266,30.329999923706055,30.59000015258789,30.299999237060547,30.59000015258789,63500,2026-10-09
2023-07-25,28.633338928222656,30.32900047302246,30.709999084472656,30.31999969482422,30.329999923706055,25000,2026-10-09
2023-07-26,28.955272674560547,30.670000076293945,30.670000076293945,30.40999984741211,30.600000381469727,19000,2026-10-09
2023-07-27,28.823101043701172,30.530000686645508,30.729999542236328,30.40999984741211,30.639999389648438,122400,2026-10-09
2023-07-28,28.804218292236328,30.510000228881836,30.760000228881836,30.469999313354492,30.5,64000,2026-10-09
2023-07-31,28.96471405029297,30.68000030517578,30.81999969482422,30.43000030517578,30.43000030517578,81800,2026-10-09
2023-08-01,29.238500595092773,30.969999313354492,31.049999237060547,30.760000228881836,30.889999389648438,68600,2026-10-09
2023-08-02,29.03080177307129,30.75,31.0,30.729999542236328,31.0,39500,2026-10-09
2023-08-03,29.266822814941406,31.0,31.0,30.829999923706055,30.889999389648438,26000,2026-10-09
2023-08-04,28.983596801757812,30.700000762939453,30.940000534057617,30.700000762939453,30.940000534057617,52700,2026-10-09
2023-08-07,28.926950454711914,30.639999389648438,30.79400062561035,30.510000228881836,30.510000228881836,27000,2026-10-09
2023-08-08,28.653165817260742,30.350000381469727,30.510000228881836,30.200000762939453,30.510000228881836,49100,2026-10-09
2023-08-09,28.624841690063477,30.31999969482422,30.530000686645508,30.149999618530273,30.200000762939453,50800,2026-10-09
2023-08-10,28.89862823486328,30.610000610351562,30.709999084472656,30.3799991607666,30.530000686645508,49700,2026-10-09
2023-08-11,29.219619750976562,30.950000762939453,31.079999923706055,30.68000030517578,30.68000030517578,165100,2026-10-09
2023-08-14,29.238500595092773,30.969999313354492,31.18000030517578,30.950000762939453,31.049999237060547,26100,2026-10-09
2023-08-15,29.432039260864258,31.174999237060547,31.34000015258789,31.079999923706055,31.229999542236328,34000,2026-10-09
2023-08-16,29.44620132446289,31.190000534057617,31.440000534057617,31.190000534057617,31.3700008392334,216700,2026-10-09
2023-08-17,29.597253799438477,31.350000381469727,31.6200008392334,31.301000595092773,31.43000030517578,214600,2026-10-09
2023-08-18,29.455642700195312,31.200000762939453,31.3700008392334,31.1299991607666,31.34000015258789,151700,2026-10-09
2023-08-21,29.67278289794922,31.43000030517578,31.514999389648438,31.209999084472656,31.209999084472656,73000,2026-10-09
2023-08-22,29.587814331054688,31.34000015258789,31.454999923706055,31.264999389648438,31.43000030517578,26500,2026-10-09
2023-08-23,29.219619750976562,30.950000762939453,31.100000381469727,30.83799934387207,31.100000381469727,78600,2026-10-09
2023-08-24,29.238500595092773,30.969999313354492,31.200000762939453,30.8700008392334,31.200000762939453,46600,2026-10-09
2023-08-25,29.653900146484375,31.40999984741211,31.450000762939453,30.969999313354492,30.969999313354492,70100,2026-10-09
2023-08-28,29.644458770751953,31.399999618530273,31.520000457763672,31.1299991607666,31.1299991607666,13900,2026-10-09
2023-08-29,29.597253799438477,31.350000381469727,31.514999389648438,31.233999252319336,31.440000534057617,41300,2026-10-09
2023-08-30,29.531169891357422,31.280000686645508,31.5,31.270000457763672,31.290000915527344,42000,2026-10-09
2023-08-31,29.389554977416992,31.1299991607666,31.3700008392334,31.1200008392334,31.309999465942383,30300,2026-10-09
2023-09-01,29.663341522216797,31.420000076293945,31.5,31.219999313354492,31.219999313354492,38000,2026-10-09
2023-09-05,30.16370964050293,31.950000762939453,32.189998626708984,31.68000030517578,31.68000030517578,64900,2026-10-09
2023-09-06,30.17314910888672,31.959999084472656,32.13999938964844,31.850000381469727,31.959999084472656,30000,2026-10-09
2023-09-07,30.18259048461914,31.969999313354492,32.06999969482422,31.809999465942383,31.924999237060547,28300,2026-10-09
2023-09-08,30.34308624267578,32.13999938964844,32.13999938964844,31.899999618530273,31.950000762939453,72900,2026-10-09
2023-09-11,30.428054809570312,32.22999954223633,32.310001373291016,32.09199905395508,32.310001373291016,37600,2026-10-09
2023-09-12,30.446935653686523,32.25,32.29999923706055,32.06999969482422,32.22999954223633,43000,2026-10-09
2023-09-13,30.361968994140625,32.15999984741211,32.290000915527344,32.020999908447266,32.290000915527344,88000,2026-10-09
2023-09-14,30.456377029418945,32.2599983215332,32.2599983215332,31.989999771118164,32.029998779296875,21800,2026-10-09
2023-09-15,30.399734497070312,32.20000076293945,32.36000061035156,32.119998931884766,32.36000061035156,41300,2026-10-09
2023-09-18,30.5507869720459,32.36000061035156,32.5,32.224998474121094,32.459999084472656,143400,2026-10-09
2023-09-19,30.616872787475586,32.43000030517578,32.47999954223633,32.31800079345703,32.400001525878906,37700,2026-10-09
2023-09-20,30.399734497070312,32.20000076293945,32.310001373291016,32.08000183105469,32.310001373291016,25000,2026-10-09
2023-09-21,30.64519500732422,32.459999084472656,32.53499984741211,32.33000183105469,32.47999954223633,52800,2026-10-09
2023-09-22,30.48470115661621,32.290000915527344,32.52000045776367,32.209999084472656,32.5,231100,2026-10-09
2023-09-25,30.594215393066406,32.40599822998047,32.709999084472656,32.263999938964844,32.290000915527344,235200,2026-10-09
2023-09-26,30.607431411743164,32.41999816894531,32.474998474121094,32.097999572753906,32.41999816894531,115400,2026-10-09
2023-09-27,30.84345245361328,32.66999816894531,32.7599983215332,32.28499984741211,32.36000061035156,206300,2026-10-09
2023-09-28,30.805692672729492,32.630001068115234,32.86199951171875,32.619998931884766,32.77000045776367,47400,2026-10-09
2023-09-29,30.749048233032227,32.56999969482422,32.59000015258789,32.189998626708984,32.4900016784668,161600,2026-10-09
2023-10-02,30.937864303588867,32.77000045776367,32.86000061035156,32.630001068115234,32.63999938964844,168300,2026-10-09
2023-10-03,31.003950119018555,32.84000015258789,32.880001068115234,32.61000061035156,32.849998474121094,114300,2026-10-09
2023-10-04,30.531906127929688,32.34000015258789,32.65999984741211,32.2599983215332,32.63999938964844,92700,2026-10-09
2023-10-05,30.0220947265625,31.799999237060547,32.150001525878906,31.6299991607666,32.11000061035156,81600,2026-10-09
2023-10-06,30.050418853759766,31.829999923706055,32.150001525878906,31.809999465942383,32.150001525878906,44600,2026-10-09
2023-10-09,29.984333038330078,31.760000228881836,32.13999938964844,31.66699981689453,32.13999938964844,79100,2026-10-09
2023-10-10,29.871042251586914,31.639999389648438,31.950000762939453,31.58099937438965,31.8799991607666,25600,2026-10-09
2023-10-11,29.587814331054688,31.34000015258789,31.614999771118164,31.31999969482422,31.5,47800,2026-10-09
2023-10-12,30.097623825073242,31.8799991607666,31.940000534057617,31.510000228881836,31.510000228881836,45100,2026-10-09
2023-10-13,30.097623825073242,31.8799991607666,32.040000915527344,31.709999084472656,31.759000778198242,24600,2026-10-09
2023-10-16,30.305322647094727,32.099998474121094,32.2599983215332,31.90999984741211,31.90999984741211,450400,2026-10-09
2023-10-17,30.64519500732422,32.459999084472656,32.47999954223633,32.23099899291992,32.40999984741211,64500,2026-10-09
2023-10-18,30.89065933227539,32.720001220703125,32.75,32.47200012207031,32.70000076293945,75600,2026-10-09
2023-10-19,31.060598373413086,32.900001525878906,32.970001220703125,32.540000915527344,32.95000076293945,128000,2026-10-09
2023-10-20,30.9945125579834,32.83000183105469,32.9900016784668,32.599998474121094,32.9900016784668,79700,2026-10-09
2023-10-23,30.56966781616211,32.380001068115234,32.97800064086914,32.27799987792969,32.810001373291016,66400,2026-10-09
2023-10-24,30.475255966186523,32.279998779296875,32.49800109863281,32.22999954223633,32.34000015258789,44500,2026-10-09
2023-10-25,30.918981552124023,32.75,32.790000915527344,32.380001068115234,32.380001068115234,53500,2026-10-09
2023-10-26,30.503582000732422,32.310001373291016,32.7400016784668,32.279998779296875,32.7400016784668,40000,2026-10-09
2023-10-27,30.597991943359375,32.40999984741211,32.4900016784668,32.150001525878906,32.33000183105469,193700,2026-10-09
2023-10-30,30.513023376464844,32.31999969482422,32.560001373291016,32.20000076293945,32.540000915527344,62800,2026-10-09
2023-10-31,30.541345596313477,32.349998474121094,32.5,32.2400016784668,32.27000045776367,108400,2026-10-09
2023-11-01,30.371408462524414,32.16999816894531,32.65399932861328,32.0,32.41999816894531,50800,2026-10-09
2023-11-02,30.116504669189453,31.899999618530273,32.02000045776367,31.56999969482422,31.610000610351562,145000,2026-10-09
2023-11-03,29.408437728881836,31.149999618530273,31.399999618530273,30.959999084472656,31.399999618530273,273700,2026-10-09
2023-11-06,29.795513153076172,31.559999465942383,31.64900016784668,31.219999313354492,31.219999313354492,142700,2026-10-09
2023-11-07,29.559492111206055,31.309999465942383,31.6200008392334,31.299999237060547,31.530000686645508,31800,2026-10-09
2023-11-08,29.323467254638672,31.059999465942383,31.299999237060547,31.0,31.299999237060547,29700,2026-10-09
2023-11-09,29.738868713378906,31.5,31.65999984741211,31.1299991607666,31.1299991607666,104200,2026-10-09
2023-11-10,29.86159896850586,31.6299991607666,31.889999389648438,31.350000381469727,31.350000381469727,27700,2026-10-09
2023-11-13,29.94656753540039,31.719999313354492,32.060001373291016,31.549999237060547,32.060001373291016,32700,2026-10-09
2023-11-14,29.06856346130371,30.790000915527344,31.059999465942383,30.774999618530273,31.059999465942383,73400,2026-10-09
2023-11-15,29.323467254638672,31.059999465942383,31.170000076293945,30.770000457763672,30.770000457763672,49300,2026-10-09
2023-11-16,28.983596801757812,30.700000762939453,30.899999618530273,30.547000885009766,30.899999618530273,44300,2026-10-09
2023-11-17,28.9930362701416,30.709999084472656,30.889999389648438,30.579999923706055,30.600000381469727,22300,2026-10-09
2023-11-20,29.144092559814453,30.8700008392334,30.989999771118164,30.729999542236328,30.81999969482422,65300,2026-10-09
2023-11-21,29.191295623779297,30.920000076293945,31.0,30.610000610351562,30.850000381469727,55400,2026-10-09
2023-11-22,29.21017837524414,30.940000534057617,30.96500015258789,30.610000610351562,30.670000076293945,159200,2026-10-09
2023-11-24,29.21017837524414,30.940000534057617,31.5,30.940000534057617,31.5,36500,2026-10-09
2023-11-27,29.13465118408203,30.860000610351562,30.979999542236328,30.600000381469727,30.709999084472656,208700,2026-10-09
2023-11-28,28.951496124267578,30.666000366210938,30.950000762939453,30.610000610351562,30.950000762939453,181100,2026-10-09
2023-11-29,28.75701332092285,30.459999084472656,30.670000076293945,30.280000686645508,30.5,109200,2026-10-09
2023-11-30,28.73813247680664,30.440000534057617,30.84000015258789,30.329999923706055,30.559999465942383,126400,2026-10-09
2023-12-01,28.058385848999023,29.719999313354492,30.420000076293945,29.719999313354492,30.15999984741211,81700,2026-10-09
2023-12-04,28.25664520263672,29.93000030517578,30.18000030517578,29.81999969482422,29.8799991607666,81700,2026-10-09
2023-12-05,27.869569778442383,29.520000457763672,30.09000015258789,29.510000228881836,30.09000015258789,69400,2026-10-09
2023-12-06,27.737394332885742,29.3799991607666,29.40999984741211,29.170000076293945,29.25,68100,2026-10-09
2023-12-07,27.482492446899414,29.110000610351562,29.399999618530273,28.950000762939453,29.399999618530273,70300,2026-10-09
2023-12-08,27.803483963012695,29.450000762939453,29.450000762939453,29.219999313354492,29.399999618530273,83600,2026-10-09
2023-12-11,28.115032196044922,29.780000686645508,29.8799991607666,29.459999084472656,29.459999084472656,69400,2026-10-09
2023-12-12,27.850685119628906,29.5,29.81999969482422,29.44499969482422,29.780000686645508,301500,2026-10-09
2023-12-13,27.444726943969727,29.06999969482422,29.540000915527344,29.055999755859375,29.40999984741211,102000,2026-10-09
2023-12-14,27.255908966064453,28.8700008392334,29.0,28.809999465942383,28.809999465942383,107600,2026-10-09
2023-12-15,27.114295959472656,28.719999313354492,28.899999618530273,28.610000610351562,28.809999465942383,71200,2026-10-09
2023-12-18,27.22758674621582,28.84000015258789,28.90999984741211,28.719999313354492,28.760000228881836,203200,2026-10-09
2023-12-19,27.31255531311035,28.93000030517578,29.110000610351562,28.8700008392334,28.979999542236328,74600,2026-10-09
2023-12-20,27.340877532958984,28.959999084472656,29.0,28.881000518798828,29.0,175600,2026-10-09
2023-12-21,27.15205955505371,28.760000228881836,28.899999618530273,28.75,28.760000228881836,170800,2026-10-09
2023-12-22,27.14261817932129,28.75,28.940000534057617,28.709999084472656,28.940000534057617,236600,2026-10-09
2023-12-26,27.114295959472656,28.719999313354492,28.860000610351562,28.610000610351562,28.739999771118164,103400,2026-10-09
2023-12-27,27.237028121948242,28.850000381469727,28.899999618530273,28.65999984741211,28.760000228881836,63300,2026-10-09
2023-12-28,27.1048526763916,28.709999084472656,28.81800079345703,28.59600067138672,28.600000381469727,152900,2026-10-09
2023-12-29,27.208703994750977,28.81999969482422,28.84000015258789,28.59000015258789,28.59000015258789,346300,2026-10-09
2024-01-02,27.05765151977539,28.65999984741211,28.829999923706055,28.59000015258789,28.829999923706055,318700,2026-10-09
2024-01-03,27.15205955505371,28.760000228881836,28.899999618530273,28.617000579833984,28.65999984741211,54800,2026-10-09
2024-01-04,27.085973739624023,28.690000534057617,28.799999237060547,28.5,28.760000228881836,360200,2026-10-09
2024-01-05,27.14261817932129,28.75,28.829999923706055,28.5,28.639999389648438,165100,2026-10-09
2024-01-08,27.21814727783203,28.829999923706055,29.1200008392334,28.65999984741211,29.1200008392334,60800,2026-10-09
2024-01-09,27.048208236694336,28.649999618530273,28.799999237060547,28.5,28.65999984741211,130900,2026-10-09
2024-01-10,27.170942306518555,28.780000686645508,28.790000915527344,28.600000381469727,28.600000381469727,46200,2026-10-09
2024-01-11,27.15205955505371,28.760000228881836,28.780000686645508,28.59000015258789,28.75,21200,2026-10-09
2024-01-12,27.274791717529297,28.889999389648438,28.90999984741211,28.739999771118164,28.90999984741211,696900,2026-10-09
2024-01-16,27.085973739624023,28.690000534057617,28.829999923706055,28.59000015258789,28.809999465942383,38000,2026-10-09
2024-01-17,26.925477981567383,28.520000457763672,28.65999984741211,28.459999084472656,28.614999771118164,103300,2026-10-09
2024-01-18,26.81218719482422,28.399999618530273,28.670000076293945,28.399999618530273,28.600000381469727,50000,2026-10-09
2024-01-19,27.038766860961914,28.639999389648438,28.770000457763672,28.40999984741211,28.68000030517578,76400,2026-10-09
2024-01-22,27.123737335205078,28.729999542236328,28.8700008392334,28.559999465942383,28.860000610351562,119000,2026-10-09
2024-01-23,26.878271102905273,28.469999313354492,28.729999542236328,28.450000762939453,28.729999542236328,86100,2026-10-09
2024-01-24,26.538400650024414,28.110000610351562,28.575000762939453,28.06999969482422,28.40999984741211,206500,2026-10-09
2024-01-25,26.727216720581055,28.309999465942383,28.479999542236328,28.049999237060547,28.049999237060547,182400,2026-10-09
2024-01-26,26.887712478637695,28.479999542236328,28.65999984741211,28.31999969482422,28.31999969482422,47200,2026-10-09
2024-01-29,27.237028121948242,28.850000381469727,28.8799991607666,28.579999923706055,28.579999923706055,71300,2026-10-09
2024-01-30,26.972681045532227,28.56999969482422,28.75,28.395000457763672,28.649999618530273,677000,2026-10-09
2024-01-31,26.934919357299805,28.530000686645508,28.790000915527344,28.510000228881836,28.649999618530273,34200,2026-10-09
2024-02-01,27.133176803588867,28.739999771118164,28.799999237060547,28.559999465942383,28.65999984741211,104800,2026-10-09
2024-02-02,27.1048526763916,28.709999084472656,28.790000915527344,28.5,28.790000915527344,79100,2026-10-09
2024-02-05,27.1614990234375,28.770000457763672,28.809999465942383,28.540000915527344,28.540000915527344,316200,2026-10-09
2024-02-06,27.1048526763916,28.709999084472656,28.81999969482422,28.621999740600586,28.719999313354492,91200,2026-10-09
2024-02-07,27.284231185913086,28.899999618530273,28.899999618530273,28.719999313354492,28.719999313354492,52600,2026-10-09
2024-02-08,27.444726943969727,29.06999969482422,29.06999969482422,28.780000686645508,28.780000686645508,38300,2026-10-09
2024-02-09,27.567459106445312,29.200000762939453,29.200000762939453,28.95199966430664,29.149999618530273,24900,2026-10-09
2024-02-12,27.633544921875,29.270000457763672,29.290000915527344,29.020000457763672,29.290000915527344,68200,2026-10-09
2024-02-13,27.71379280090332,29.354999542236328,29.489999771118164,29.288000106811523,29.40999984741211,26100,2026-10-09
2024-02-14,27.723234176635742,29.364999771118164,29.483999252319336,29.079999923706055,29.079999923706055,44000,2026-10-09
2024-02-15,27.897890090942383,29.549999237060547,29.579999923706055,29.350000381469727,29.579999923706055,23700,2026-10-09
2024-02-16,27.92621421813965,29.579999923706055,29.579999923706055,29.260000228881836,29.360000610351562,62600,2026-10-09
2024-02-20,27.61466407775879,29.25,29.5,29.25,29.309999465942383,73000,2026-10-09
2024-02-21,27.491933822631836,29.1200008392334,29.239999771118164,29.09000015258789,29.09000015258789,79500,2026-10-09
2024-02-22,27.652429580688477,29.290000915527344,29.290000915527344,29.073999404907227,29.15999984741211,48600,2026-10-09
2024-02-23,27.737394332885742,29.3799991607666,29.450000762939453,29.200000762939453,29.200000762939453,40000,2026-10-09
2024-02-26,27.756277084350586,29.399999618530273,29.450000762939453,29.219999313354492,29.3799991607666,47500,2026-10-09
2024-02-27,27.661867141723633,29.299999237060547,29.38800048828125,29.110000610351562,29.350000381469727,55200,2026-10-09
2024-02-28,27.482492446899414,29.110000610351562,29.329999923706055,29.07200050354004,29.229999542236328,76500,2026-10-09
2024-02-29,27.5768985748291,29.209999084472656,29.290000915527344,29.110000610351562,29.110000610351562,38300,2026-10-09
2024-03-01,27.78459930419922,29.43000030517578,29.520000457763672,29.350000381469727,29.389999389648438,45000,2026-10-09
2024-03-04,27.69963264465332,29.34000015258789,29.48900032043457,29.25,29.309999465942383,64800,2026-10-09
2024-03-05,27.567459106445312,29.200000762939453,29.520000457763672,29.110000610351562,29.520000457763672,97000,2026-10-09
2024-03-06,27.491933822631836,29.1200008392334,29.299999237060547,29.100000381469727,29.25,49700,2026-10-09
2024-03-07,27.482492446899414,29.110000610351562,29.25,29.040000915527344,29.049999237060547,43400,2026-10-09
2024-03-08,27.38808250427246,29.010000228881836,29.235000610351562,29.010000228881836,29.049999237060547,82700,2026-10-09
2024-03-11,27.425844192504883,29.049999237060547,29.149999618530273,28.961000442504883,29.049999237060547,110400,2026-10-09
2024-03-12,27.529695510864258,29.15999984741211,29.299999237060547,28.979999542236328,28.979999542236328,62200,2026-10-09
2024-03-13,27.709074020385742,29.350000381469727,29.399999618530273,29.139999389648438,29.170000076293945,49200,2026-10-09
2024-03-14,27.888450622558594,29.540000915527344,29.658000946044922,29.290000915527344,29.290000915527344,65000,2026-10-09
2024-03-15,27.991355895996094,29.64900016784668,29.790000915527344,29.549999237060547,29.700000762939453,43400,2026-10-09
2024-03-18,28.181119918823242,29.850000381469727,29.959999084472656,29.649999618530273,29.649999618530273,48800,2026-10-09
2024-03-19,28.228322982788086,29.899999618530273,29.979999542236328,29.809999465942383,29.850000381469727,34400,2026-10-09
2024-03-20,28.133913040161133,29.799999237060547,30.0,29.729999542236328,29.979999542236328,436100,2026-10-09
2024-03-21,28.058385848999023,29.719999313354492,29.899999618530273,29.66699981689453,29.709999084472656,46300,2026-10-09
2024-03-22,28.125417709350586,29.791000366210938,29.8700008392334,29.719999313354492,29.719999313354492,58200,2026-10-09
2024-03-25,28.24720573425293,29.920000076293945,29.979999542236328,29.683000564575195,29.809999465942383,129900,2026-10-09
2024-03-26,28.124475479125977,29.790000915527344,29.920000076293945,29.670000076293945,29.81999969482422,60900,2026-10-09
2024-03-27,28.294408798217773,29.969999313354492,30.0,29.770000457763672,29.770000457763672,42100,2026-10-09
2024-03-28,28.218881607055664,29.889999389648438,30.0,29.719999313354492,30.0,99600,2026-10-09
2024-04-01,28.50210952758789,30.190000534057617,30.25,29.840999603271484,29.899999618530273,332100,2026-10-09
2024-04-02,28.66260528564453,30.360000610351562,30.368000030517578,30.049999237060547,30.139999389648438,112800,2026-10-09
2024-04-03,28.643722534179688,30.34000015258789,30.5,30.139999389648438,30.489999771118164,183100,2026-10-09
2024-04-04,28.653165817260742,30.350000381469727,30.59000015258789,30.209999084472656,30.59000015258789,184900,2026-10-09
2024-04-05,28.66260528564453,30.360000610351562,30.49799919128418,30.350000381469727,30.360000610351562,172200,2026-10-09
2024-04-08,28.672046661376953,30.3700008392334,30.5,30.219999313354492,30.360000610351562,68000,2026-10-09
2024-04-09,28.73813247680664,30.440000534057617,30.5,30.28499984741211,30.479999542236328,247300,2026-10-09
2024-04-10,28.97415542602539,30.690000534057617,30.799999237060547,30.424999237060547,30.440000534057617,69900,2026-10-09
2024-04-11,29.125211715698242,30.850000381469727,30.979000091552734,30.66900062561035,30.760000228881836,67600,2026-10-09
2024-04-12,29.153532028198242,30.8799991607666,31.158000946044922,30.8700008392334,31.049999237060547,81700,2026-10-09
2024-04-15,29.587814331054688,31.34000015258789,31.350000381469727,30.961000442504883,31.260000228881836,212300,2026-10-09
2024-04-16,29.531169891357422,31.280000686645508,31.399999618530273,31.16200065612793,31.350000381469727,187600,2026-10-09
2024-04-17,29.323467254638672,31.059999465942383,31.399999618530273,31.049999237060547,31.209999084472656,31700,2026-10-09
2024-04-18,29.455642700195312,31.200000762939453,31.200000762939453,30.950000762939453,31.059999465942383,52300,2026-10-09
2024-04-19,29.36311912536621,31.101999282836914,31.25,30.94700050354004,31.239999771118164,35700,2026-10-09
2024-04-22,29.13465118408203,30.860000610351562,31.100000381469727,30.75,31.100000381469727,151900,2026-10-09
2024-04-23,28.96471405029297,30.68000030517578,30.780000686645508,30.510000228881836,30.760000228881836,56800,2026-10-09
2024-04-24,29.087446212768555,30.809999465942383,30.94700050354004,30.69099998474121,30.69099998474121,24200,2026-10-09
2024-04-25,29.253604888916016,30.986000061035156,31.052000045776367,30.809999465942383,30.969999313354492,52300,2026-10-09
2024-04-26,29.37067413330078,31.110000610351562,31.229999542236328,30.950000762939453,31.229999542236328,66200,2026-10-09
2024-04-29,29.078004837036133,30.799999237060547,31.06399917602539,30.6299991607666,31.059999465942383,98500,2026-10-09
2024-04-30,29.398996353149414,31.139999389648438,31.15999984741211,30.760000228881836,30.84000015258789,81500,2026-10-09
2024-05-01,29.219619750976562,30.950000762939453,31.190000534057617,30.738000869750977,30.850000381469727,51700,2026-10-09
2024-05-02,28.526655197143555,30.215999603271484,30.729999542236328,30.139999389648438,30.729999542236328,84500,2026-10-09
2024-05-03,28.011180877685547,29.670000076293945,29.8700008392334,29.520000457763672,29.520000457763672,53000,2026-10-09
2024-05-06,27.897890090942383,29.549999237060547,29.90999984741211,29.40999984741211,29.75,368000,2026-10-09
2024-05-07,27.850685119628906,29.5,29.600000381469727,29.309999465942383,29.600000381469727,71900,2026-10-09
2024-05-08,28.162235260009766,29.829999923706055,29.90999984741211,29.600000381469727,29.600000381469727,106200,2026-10-09
2024-05-09,28.00646209716797,29.665000915527344,29.850000381469727,29.649999618530273,29.670000076293945,72600,2026-10-09
2024-05-10,28.096149444580078,29.760000228881836,29.899999618530273,29.559999465942383,29.559999465942383,67000,2026-10-09
2024-05-13,28.067827224731445,29.729999542236328,29.850000381469727,29.530000686645508,29.719999313354492,41600,2026-10-09
2024-05-14,27.992300033569336,29.649999618530273,29.76099967956543,29.56999969482422,29.68000030517578,43900,2026-10-09
2024-05-15,27.718515396118164,29.360000610351562,29.520000457763672,29.14299964904785,29.469999313354492,77600,2026-10-09
2024-05-16,27.727954864501953,29.3700008392334,29.479999542236328,29.1200008392334,29.260000228881836,194600,2026-10-09
2024-05-17,27.869569778442383,29.520000457763672,29.68000030517578,29.3799991607666,29.559999465942383,62300,2026-10-09
2024-05-20,27.718515396118164,29.360000610351562,29.770000457763672,29.2549991607666,29.770000457763672,70200,2026-10-09
2024-05-21,27.727954864501953,29.3700008392334,29.459999084472656,29.15999984741211,29.43000030517578,80500,2026-10-09
2024-05-22,27.482492446899414,29.110000610351562,29.349000930786133,29.010000228881836,29.295000076293945,79300,2026-10-09
2024-05-23,27.510812759399414,29.139999389648438,29.235000610351562,28.863000869750977,28.989999771118164,96700,2026-10-09
2024-05-24,27.605222702026367,29.239999771118164,29.350000381469727,29.15999984741211,29.200000762939453,56100,2026-10-09
2024-05-28,27.79404067993164,29.440000534057617,29.5049991607666,29.170000076293945,29.170000076293945,98800,2026-10-09
2024-05-29,28.25664520263672,29.93000030517578,29.979999542236328,29.530000686645508,29.6299991607666,329000,2026-10-09
2024-05-30,28.0206241607666,29.68000030517578,29.829999923706055,29.59000015258789,29.6200008392334,96000,2026-10-09
2024-05-31,27.94509506225586,29.600000381469727,29.68000030517578,29.479999542236328,29.649999618530273,89500,2026-10-09
2024-06-03,27.558019638061523,29.190000534057617,29.493000030517578,29.159000396728516,29.360000610351562,71400,2026-10-09
2024-06-04,27.293672561645508,28.90999984741211,29.100000381469727,28.834999084472656,29.100000381469727,134600,2026-10-09
2024-06-05,27.208703994750977,28.81999969482422,29.040000915527344,28.75,29.040000915527344,93100,2026-10-09
2024-06-06,27.1614990234375,28.770000457763672,28.899999618530273,28.674999237060547,28.81999969482422,100700,2026-10-09
2024-06-07,27.14261817932129,28.75,28.929000854492188,28.75,28.920000076293945,185100,2026-10-09
2024-06-10,27.340877532958984,28.959999084472656,28.989999771118164,28.799999237060547,28.850000381469727,211800,2026-10-09
2024-06-11,27.189821243286133,28.799999237060547,28.950000762939453,28.75,28.920000076293945,68200,2026-10-09
2024-06-12,27.05765151977539,28.65999984741211,28.670000076293945,28.469999313354492,28.649999618530273,149100,2026-10-09
2024-06-13,26.897153854370117,28.489999771118164,28.670000076293945,28.40999984741211,28.579999923706055,101700,2026-10-09
2024-06-14,26.897153854370117,28.489999771118164,28.670000076293945,28.32699966430664,28.670000076293945,81700,2026-10-09
2024-06-17,27.06709098815918,28.670000076293945,28.790000915527344,28.520000457763672,28.760000228881836,152000,2026-10-09
2024-06-18,26.953800201416016,28.549999237060547,28.809999465942383,28.450000762939453,28.809999465942383,158800,2026-10-09
2024-06-20,27.255908966064453,28.8700008392334,28.8700008392334,28.56999969482422,28.860000610351562,182300,2026-10-09
2024-06-21,27.237028121948242,28.850000381469727,29.0,28.6299991607666,29.0,76000,2026-10-09
2024-06-24,27.010446548461914,28.610000610351562,28.85099983215332,28.600000381469727,28.850000381469727,65400,2026-10-09
2024-06-25,27.208703994750977,28.81999969482422,28.822999954223633,28.6200008392334,28.6200008392334,28600,2026-10-09
2024-06-26,27.350317001342773,28.969999313354492,29.010000228881836,28.836999893188477,29.010000228881836,65000,2026-10-09
2024-06-27,27.32577133178711,28.944000244140625,28.989999771118164,28.85300064086914,28.989999771118164,113500,2026-10-09
2024-06-28,27.529695510864258,29.15999984741211,29.229999542236328,28.959999084472656,28.959999084472656,97200,2026-10-09
2024-07-01,27.680749893188477,29.31999969482422,29.56999969482422,29.209999084472656,29.56999969482422,153400,2026-10-09
2024-07-02,27.62410545349121,29.260000228881836,29.31999969482422,29.170000076293945,29.209999084472656,2467400,2026-10-09
2024-07-03,27.61466407775879,29.25,29.450000762939453,29.190000534057617,29.229999542236328,36900,2026-10-09
2024-07-05,27.822362899780273,29.469999313354492,29.559999465942383,29.260000228881836,29.479999542236328,74500,2026-10-09
2024-07-08,27.93565559387207,29.59000015258789,29.690000534057617,29.5,29.5,82100,2026-10-09
2024-07-09,27.94509506225586,29.600000381469727,29.780000686645508,29.5,29.600000381469727,67800,2026-10-09
2024-07-10,28.133913040161133,29.799999237060547,29.84000015258789,29.600000381469727,29.6299991607666,56600,2026-10-09
2024-07-11,28.039505004882812,29.700000762939453,29.760000228881836,29.540000915527344,29.540000915527344,42300,2026-10-09
2024-07-12,28.0914306640625,29.7549991607666,29.959999084472656,29.719999313354492,29.899999618530273,130100,2026-10-09
2024-07-15,28.313291549682617,29.989999771118164,30.0,29.81100082397461,29.850000381469727,50700,2026-10-09
2024-07-16,28.313291549682617,29.989999771118164,29.99799919128418,29.90999984741211,29.950000762939453,66300,2026-10-09
2024-07-17,28.28496742248535,29.959999084472656,30.04199981689453,29.809999465942383,30.0,72600,2026-10-09
2024-07-18,28.237764358520508,29.90999984741211,30.030000686645508,29.860000610351562,29.899999618530273,53000,2026-10-09
2024-07-19,28.077268600463867,29.739999771118164,29.958999633789062,29.739999771118164,29.899999618530273,82600,2026-10-09
2024-07-22,27.897890090942383,29.549999237060547,29.700000762939453,29.530000686645508,29.600000381469727,81600,2026-10-09
2024-07-23,27.897890090942383,29.549999237060547,29.6200008392334,29.437000274658203,29.6200008392334,126300,2026-10-09
2024-07-24,27.879009246826172,29.530000686645508,29.670000076293945,29.437999725341797,29.649999618530273,45600,2026-10-09
2024-07-25,27.841245651245117,29.489999771118164,29.489999771118164,29.305999755859375,29.450000762939453,74700,2026-10-09
2024-07-26,28.058385848999023,29.719999313354492,29.719999313354492,29.5,29.549999237060547,77800,2026-10-09
2024-07-29,28.0489444732666,29.709999084472656,29.729999542236328,29.5,29.690000534057617,65200,2026-10-09
2024-07-30,27.992300033569336,29.649999618530273,29.700000762939453,29.548999786376953,29.6299991607666,71600,2026-10-09
2024-07-31,28.058385848999023,29.719999313354492,29.739999771118164,29.510000228881836,29.510000228881836,189200,2026-10-09
2024-08-01,28.1055908203125,29.770000457763672,29.799999237060547,29.579999923706055,29.6299991607666,38000,2026-10-09
2024-08-02,27.79404067993164,29.440000534057617,29.6299991607666,29.309999465942383,29.6299991607666,337100,2026-10-09
2024-08-05,27.46360969543457,29.09000015258789,29.18000030517578,29.0,29.139999389648438,73800,2026-10-09
2024-08-06,27.340877532958984,28.959999084472656,29.09000015258789,28.857999801635742,29.09000015258789,145300,2026-10-09
2024-08-07,27.208703994750977,28.81999969482422,29.018999099731445,28.81999969482422,28.920000076293945,52600,2026-10-09
2024-08-08,27.22758674621582,28.84000015258789,28.989999771118164,28.75,28.940000534057617,52300,2026-10-09
2024-08-09,27.331438064575195,28.950000762939453,29.045000076293945,28.81999969482422,28.950000762939453,74500,2026-10-09
2024-08-12,27.397523880004883,29.020000457763672,29.239999771118164,28.860000610351562,28.860000610351562,171500,2026-10-09
2024-08-13,27.605222702026367,29.239999771118164,29.31999969482422,29.1200008392334,29.15999984741211,126600,2026-10-09
2024-08-14,27.595781326293945,29.229999542236328,29.290000915527344,29.152000427246094,29.260000228881836,78300,2026-10-09
2024-08-15,27.652429580688477,29.290000915527344,29.350000381469727,29.059999465942383,29.229999542236328,61900,2026-10-09
2024-08-16,27.727954864501953,29.3700008392334,29.520000457763672,29.290000915527344,29.290000915527344,155000,2026-10-09
2024-08-19,27.79404067993164,29.440000534057617,29.510000228881836,29.288000106811523,29.350000381469727,61700,2026-10-09
2024-08-20,27.93565559387207,29.59000015258789,29.610000610351562,29.43899917602539,29.549999237060547,79300,2026-10-09
2024-08-21,28.0489444732666,29.709999084472656,29.739999771118164,29.549999237060547,29.600000381469727,24200,2026-10-09
2024-08-22,28.030065536499023,29.690000534057617,29.709999084472656,29.56999969482422,29.709999084472656,40000,2026-10-09
2024-08-23,27.982858657836914,29.639999389648438,29.65999984741211,29.549999237060547,29.65999984741211,51400,2026-10-09
2024-08-26,27.812923431396484,29.459999084472656,29.499000549316406,29.389999389648438,29.450000762939453,47100,2026-10-09
2024-08-27,27.718515396118164,29.360000610351562,29.389999389648438,29.229999542236328,29.389999389648438,61900,2026-10-09
2024-08-28,27.727954864501953,29.3700008392334,29.429000854492188,29.339000701904297,29.389999389648438,20600,2026-10-09
2024-08-29,27.53913688659668,29.170000076293945,29.299999237060547,29.100000381469727,29.299999237060547,49000,2026-10-09
2024-08-30,27.491933822631836,29.1200008392334,29.229999542236328,29.049999237060547,29.18000030517578,53700,2026-10-09
2024-09-03,27.633544921875,29.270000457763672,29.389999389648438,29.13800048828125,29.290000915527344,223300,2026-10-09
2024-09-04,27.86012840270996,29.510000228881836,29.510000228881836,29.31999969482422,29.3799991607666,90900,2026-10-09
2024-09-05,27.982858657836914,29.639999389648438,29.649999618530273,29.399999618530273,29.5,53300,2026-10-09
2024-09-06,28.096149444580078,29.760000228881836,29.850000381469727,29.368000030517578,29.75,202300,2026-10-09
2024-09-09,28.08670997619629,29.75,29.850000381469727,29.700000762939453,29.799999237060547,104900,2026-10-09
2024-09-10,28.464345932006836,30.149999618530273,30.15999984741211,29.790000915527344,29.90999984741211,94900,2026-10-09
2024-09-11,28.360496520996094,30.040000915527344,30.190000534057617,29.950000762939453,30.0,90300,2026-10-09
2024-09-12,28.209440231323242,29.8799991607666,30.010000228881836,29.770000457763672,30.010000228881836,131700,2026-10-09
2024-09-13,28.25664520263672,29.93000030517578,30.049999237060547,29.81999969482422,29.959999084472656,79400,2026-10-09
2024-09-16,28.42658233642578,30.110000610351562,30.15999984741211,29.969999313354492,29.969999313354492,67000,2026-10-09
2024-09-17,28.200000762939453,29.8700008392334,29.959999084472656,29.780000686645508,29.889999389648438,92300,2026-10-09
2024-09-18,27.95453643798828,29.610000610351562,29.860000610351562,29.565000534057617,29.780000686645508,47500,2026-10-09
2024-09-19,27.912052154541016,29.565000534057617,29.565000534057617,29.420000076293945,29.420000076293945,98900,2026-10-09
2024-09-20,27.69963264465332,29.34000015258789,29.479999542236328,29.290000915527344,29.479999542236328,75200,2026-10-09
2024-09-23,27.633544921875,29.270000457763672,29.34000015258789,28.950000762939453,29.260000228881836,57300,2026-10-09
2024-09-24,27.642988204956055,29.280000686645508,29.354999542236328,28.948999404907227,29.030000686645508,53500,2026-10-09
2024-09-25,27.38808250427246,29.010000228881836,29.235000610351562,29.010000228881836,29.200000762939453,32100,2026-10-09
2024-09-26,27.765718460083008,29.40999984741211,29.40999984741211,29.100000381469727,29.170000076293945,103700,2026-10-09
2024-09-27,27.77515983581543,29.420000076293945,29.589000701904297,29.30699920654297,29.469999313354492,45800,2026-10-09
2024-09-30,27.595781326293945,29.229999542236328,29.358999252319336,29.15999984741211,29.270000457763672,64400,2026-10-09
2024-10-01,27.529695510864258,29.15999984741211,29.434999465942383,28.979999542236328,29.399999618530273,57400,2026-10-09
2024-10-02,27.208703994750977,28.81999969482422,28.899999618530273,28.510000228881836,28.899999618530273,73900,2026-10-09
2024-10-03,26.67057228088379,28.25,28.5,28.219999313354492,28.5,126400,2026-10-09
2024-10-04,26.35902214050293,27.920000076293945,27.94700050354004,27.760000228881836,27.90999984741211,71900,2026-10-09
2024-10-07,26.094676971435547,27.639999389648438,27.780000686645508,27.56999969482422,27.75,87600,2026-10-09
2024-10-08,26.35902214050293,27.920000076293945,27.950000762939453,27.7450008392334,27.770000457763672,53800,2026-10-09
2024-10-09,26.226850509643555,27.780000686645508,27.90999984741211,27.709999084472656,27.889999389648438,39200,2026-10-09
2024-10-10,26.1324405670166,27.68000030517578,27.770000457763672,27.549999237060547,27.770000457763672,287700,2026-10-09
2024-10-11,26.27405548095703,27.829999923706055,27.843000411987305,27.559999465942383,27.559999465942383,65800,2026-10-09
2024-10-14,26.44399070739746,28.010000228881836,28.010000228881836,27.725000381469727,27.850000381469727,43700,2026-10-09
2024-10-15,26.736658096313477,28.31999969482422,28.392000198364258,28.27199935913086,28.280000686645508,76100,2026-10-09
2024-10-16,26.81218719482422,28.399999618530273,28.408000946044922,28.309999465942383,28.329999923706055,43000,2026-10-09
2024-10-17,26.698896408081055,28.280000686645508,28.3700008392334,28.25,28.34000015258789,41300,2026-10-09
2024-10-18,27.001005172729492,28.600000381469727,28.600000381469727,28.469999313354492,28.479999542236328,70800,2026-10-09
2024-10-21,26.642250061035156,28.219999313354492,28.40999984741211,28.18000030517578,28.40999984741211,106500,2026-10-09
2024-10-22,26.50063705444336,28.06999969482422,28.204999923706055,27.950000762939453,28.170000076293945,101400,2026-10-09
2024-10-23,26.387346267700195,27.950000762939453,28.079999923706055,27.90999984741211,28.049999237060547,54600,2026-10-09
2024-10-24,26.34014129638672,27.899999618530273,28.049999237060547,27.899999618530273,27.989999771118164,239100,2026-10-09
2024-10-25,26.349580764770508,27.90999984741211,28.059999465942383,27.8700008392334,28.059999465942383,233500,2026-10-09
2024-10-28,26.793304443359375,28.3799991607666,28.38599967956543,28.25,28.25,45200,2026-10-09
2024-10-29,26.67057228088379,28.25,28.3700008392334,28.235000610351562,28.34000015258789,79400,2026-10-09
2024-10-30,26.576162338256836,28.149999618530273,28.343000411987305,28.149999618530273,28.25,57900,2026-10-09
2024-10-31,26.5903263092041,28.165000915527344,28.329999923706055,28.09000015258789,28.27899932861328,67600,2026-10-09
2024-11-01,26.623369216918945,28.200000762939453,28.239999771118164,28.09000015258789,28.209999084472656,585300,2026-10-09
2024-11-04,26.42510986328125,27.989999771118164,28.1200008392334,27.950000762939453,28.049999237060547,81200,2026-10-09
2024-11-05,26.481754302978516,28.049999237060547,28.079999923706055,27.90999984741211,27.969999313354492,86700,2026-10-09
2024-11-06,26.35902214050293,27.920000076293945,28.15999984741211,27.920000076293945,28.111000061035156,58600,2026-10-09
2024-11-07,26.415666580200195,27.979999542236328,28.229999542236328,27.969999313354492,28.18000030517578,60100,2026-10-09
2024-11-08,26.486474990844727,28.05500030517578,28.079999923706055,27.950000762939453,28.0,75000,2026-10-09
2024-11-11,26.453432083129883,28.020000457763672,28.100000381469727,27.964000701904297,28.079999923706055,60600,2026-10-09
2024-11-12,26.491195678710938,28.059999465942383,28.110000610351562,27.93400001525879,27.950000762939453,38900,2026-10-09
2024-11-13,26.528961181640625,28.100000381469727,28.21500015258789,28.006000518798828,28.049999237060547,87300,2026-10-09
2024-11-14,26.878271102905273,28.469999313354492,28.469999313354492,28.100000381469727,28.100000381469727,49400,2026-10-09
2024-11-15,26.764982223510742,28.350000381469727,28.459999084472656,28.22599983215332,28.450000762939453,39200,2026-10-09
2024-11-18,26.406227111816406,27.969999313354492,28.299999237060547,27.950000762939453,28.299999237060547,128300,2026-10-09
2024-11-19,26.406227111816406,27.969999313354492,28.0049991607666,27.809999465942383,27.899999618530273,65200,2026-10-09
2024-11-20,26.349580764770508,27.90999984741211,28.020000457763672,27.820999145507812,28.010000228881836,55500,2026-10-09
2024-11-21,26.151323318481445,27.700000762939453,27.788000106811523,27.58099937438965,27.610000610351562,79200,2026-10-09
2024-11-22,26.28349494934082,27.84000015258789,27.95800018310547,27.799999237060547,27.829999923706055,29700,2026-10-09
2024-11-25,26.11355972290039,27.65999984741211,27.75,27.600000381469727,27.65999984741211,242500,2026-10-09
2024-11-26,26.217411041259766,27.770000457763672,27.889999389648438,27.673999786376953,27.729999542236328,67200,2026-10-09
2024-11-27,26.179645538330078,27.729999542236328,27.799999237060547,27.65999984741211,27.799999237060547,125200,2026-10-09
2024-11-29,25.97194480895996,27.510000228881836,27.607999801635742,27.469999313354492,27.59000015258789,48000,2026-10-09
2024-12-02,26.151323318481445,27.700000762939453,27.90999984741211,27.639999389648438,27.75,656600,2026-10-09
2024-12-03,26.255170822143555,27.809999465942383,27.809999465942383,27.570999145507812,27.6299991607666,74300,2026-10-09
2024-12-04,26.339197158813477,27.89900016784668,27.950000762939453,27.780000686645508,27.950000762939453,50900,2026-10-09
2024-12-05,26.137161254882812,27.684999465942383,27.815000534057617,27.6200008392334,27.690000534057617,52300,2026-10-09
2024-12-06,26.415666580200195,27.979999542236328,27.979999542236328,27.719999313354492,27.81999969482422,61000,2026-10-09
2024-12-09,26.26461410522461,27.81999969482422,27.899999618530273,27.670000076293945,27.760000228881836,65700,2026-10-09
2024-12-10,26.34014129638672,27.899999618530273,28.010000228881836,27.81999969482422,27.81999969482422,165400,2026-10-09
2024-12-11,26.373184204101562,27.934999465942383,27.979999542236328,27.80900001525879,27.920000076293945,32900,2026-10-09
2024-12-12,26.387346267700195,27.950000762939453,28.020000457763672,27.850000381469727,27.920000076293945,57000,2026-10-09
2024-12-13,26.51007652282715,28.079999923706055,28.167999267578125,28.020000457763672,28.040000915527344,137100,2026-10-09
2024-12-16,26.58560562133789,28.15999984741211,28.229999542236328,28.09000015258789,28.09000015258789,189300,2026-10-09
2024-12-17,26.737903594970703,28.09000015258789,28.204999923706055,28.040000915527344,28.170000076293945,73800,2026-10-09
2024-12-18,27.080575942993164,28.450000762939453,28.520000457763672,27.979999542236328,28.1299991607666,222500,2026-10-09
2024-12-19,27.213836669921875,28.59000015258789,28.59000015258789,28.389999389648438,28.489999771118164,140600,2026-10-09
2024-12-20,26.842609405517578,28.200000762939453,28.479999542236328,28.174999237060547,28.459999084472656,176400,2026-10-09
2024-12-23,27.061538696289062,28.43000030517578,28.511999130249023,28.329999923706055,28.459999084472656,149900,2026-10-09
2024-12-24,27.01394271850586,28.3799991607666,28.420000076293945,28.299999237060547,28.420000076293945,69600,2026-10-09
2024-12-26,27.042499542236328,28.40999984741211,28.503999710083008,28.3799991607666,28.3799991607666,117200,2026-10-09
2024-12-27,27.052019119262695,28.420000076293945,28.469999313354492,28.261999130249023,28.290000915527344,91500,2026-10-09
2024-12-30,26.661754608154297,28.010000228881836,28.15999984741211,27.90999984741211,28.040000915527344,106700,2026-10-09
2024-12-31,26.74742317199707,28.100000381469727,28.219999313354492,28.079999923706055,28.100000381469727,101000,2026-10-09
2025-01-02,26.92827796936035,28.290000915527344,28.31999969482422,28.040000915527344,28.040000915527344,462100,2026-10-09
2025-01-03,27.099611282348633,28.469999313354492,28.469999313354492,28.243000030517578,28.299999237060547,152600,2026-10-09
2025-01-06,26.81405258178711,28.170000076293945,28.649999618530273,28.049999237060547,28.479999542236328,341800,2026-10-09
2025-01-07,26.94731330871582,28.309999465942383,28.31999969482422,28.025999069213867,28.149999618530273,143400,2026-10-09
2025-01-08,27.17576026916504,28.549999237060547,28.59000015258789,28.420000076293945,28.5,145000,2026-10-09
2025-01-10,27.080575942993164,28.450000762939453,28.579999923706055,28.229999542236328,28.229999542236328,99200,2026-10-09
2025-01-13,26.88068389892578,28.239999771118164,28.3799991607666,28.15999984741211,28.3799991607666,94500,2026-10-09
2025-01-14,26.83308982849121,28.190000534057617,28.260000228881836,28.121999740600586,28.219999313354492,49200,2026-10-09
2025-01-15,26.40475082397461,27.739999771118164,27.860000610351562,27.621000289916992,27.75,209300,2026-10-09
2025-01-16,26.366676330566406,27.700000762939453,27.849000930786133,27.56999969482422,27.739999771118164,125900,2026-10-09
2025-01-17,26.547529220581055,27.889999389648438,27.889999389648438,27.716999053955078,27.8700008392334,83100,2026-10-09
2025-01-21,26.166784286499023,27.489999771118164,27.649999618530273,27.424999237060547,27.520000457763672,80700,2026-10-09
2025-01-22,26.233413696289062,27.559999465942383,27.645000457763672,27.399999618530273,27.399999618530273,59400,2026-10-09
2025-01-23,26.26197052001953,27.59000015258789,27.690000534057617,27.469999313354492,27.65999984741211,48200,2026-10-09
2025-01-24,26.12870979309082,27.450000762939453,27.599000930786133,27.399999618530273,27.489999771118164,85800,2026-10-09
2025-01-27,26.071596145629883,27.389999389648438,27.389999389648438,27.239999771118164,27.25,57900,2026-10-09
2025-01-28,26.204858779907227,27.530000686645508,27.547000885009766,27.399999618530273,27.399999618530273,30200,2026-10-09
2025-01-29,26.176301956176758,27.5,27.540000915527344,27.420000076293945,27.540000915527344,35700,2026-10-09
2025-01-30,26.06207847595215,27.3799991607666,27.381999969482422,27.233999252319336,27.299999237060547,42700,2026-10-09
2025-01-31,26.166784286499023,27.489999771118164,27.5,27.229999542236328,27.389999389648438,189900,2026-10-09
2025-02-03,26.24293327331543,27.56999969482422,27.624000549316406,27.399999618530273,27.5,141900,2026-10-09
2025-02-04,25.78603744506836,27.09000015258789,27.600000381469727,27.09000015258789,27.40999984741211,195100,2026-10-09
2025-02-05,25.662294387817383,26.959999084472656,26.959999084472656,26.785999298095703,26.950000762939453,130400,2026-10-09
2025-02-06,25.586145401000977,26.8799991607666,26.996000289916992,26.841999053955078,26.93000030517578,129200,2026-10-09
2025-02-07,25.65277671813965,26.950000762939453,27.079999923706055,26.940000534057617,26.959999084472656,162200,2026-10-09
2025-02-10,25.795557022094727,27.100000381469727,27.219999313354492,26.979999542236328,26.979999542236328,88300,2026-10-09
2025-02-11,25.85266876220703,27.15999984741211,27.299999237060547,27.15999984741211,27.25,40500,2026-10-09
2025-02-12,26.052560806274414,27.3700008392334,27.54400062561035,27.309999465942383,27.43000030517578,65800,2026-10-09
2025-02-13,25.71940803527832,27.020000457763672,27.309999465942383,27.020000457763672,27.260000228881836,98200,2026-10-09
2025-02-14,25.529033660888672,26.81999969482422,26.979999542236328,26.799999237060547,26.979999542236328,91400,2026-10-09
2025-02-18,25.85266876220703,27.15999984741211,27.200000762939453,26.959999084472656,26.979999542236328,123300,2026-10-09
2025-02-19,26.147747039794922,27.469999313354492,27.469999313354492,27.31999969482422,27.350000381469727,107800,2026-10-09
2025-02-20,25.78603744506836,27.09000015258789,27.268999099731445,27.079999923706055,27.239999771118164,31300,2026-10-09
2025-02-21,25.681331634521484,26.979999542236328,27.219999313354492,26.972999572753906,27.219999313354492,66200,2026-10-09
2025-02-24,25.847909927368164,27.155000686645508,27.200000762939453,26.979999542236328,27.010000228881836,316400,2026-10-09
2025-02-25,25.605182647705078,26.899999618530273,27.02199935913086,26.856000900268555,26.93000030517578,384800,2026-10-09
2025-02-26,25.595664978027344,26.889999389648438,27.030000686645508,26.8799991607666,26.979999542236328,164900,2026-10-09
2025-02-27,25.91929817199707,27.229999542236328,27.2549991607666,27.149999618530273,27.170000076293945,99800,2026-10-09
2025-02-28,25.824111938476562,27.1299991607666,27.17799949645996,27.062000274658203,27.139999389648438,165300,2026-10-09
2025-03-03,25.8812255859375,27.190000534057617,27.309999465942383,27.079999923706055,27.18000030517578,235700,2026-10-09
2025-03-04,26.01448631286621,27.329999923706055,27.450000762939453,27.249000549316406,27.25,149900,2026-10-09
2025-03-05,26.20009994506836,27.524999618530273,27.538999557495117,27.239999771118164,27.34000015258789,212300,2026-10-09
2025-03-06,25.890743255615234,27.200000762939453,27.469999313354492,27.200000762939453,27.350000381469727,141300,2026-10-09
2025-03-07,26.043041229248047,27.360000610351562,27.417999267578125,27.020000457763672,27.020000457763672,105500,2026-10-09
2025-03-10,26.01448631286621,27.329999923706055,27.450000762939453,27.239999771118164,27.25,158300,2026-10-09
2025-03-11,26.090635299682617,27.40999984741211,27.489999771118164,27.389999389648438,27.389999389648438,57200,2026-10-09
2025-03-12,25.938335418701172,27.25,27.538999557495117,27.25,27.496999740600586,44400,2026-10-09
2025-03-13,26.043041229248047,27.360000610351562,27.450000762939453,27.32900047302246,27.329999923706055,3517900,2026-10-09
2025-03-14,26.01448631286621,27.329999923706055,27.429000854492188,27.31999969482422,27.350000381469727,78500,2026-10-09
2025-03-17,25.91929817199707,27.229999542236328,27.325000762939453,27.219999313354492,27.239999771118164,72100,2026-10-09
2025-03-18,25.91929817199707,27.229999542236328,27.329999923706055,27.211999893188477,27.229999542236328,63600,2026-10-09
2025-03-19,26.052560806274414,27.3700008392334,27.503999710083008,27.3700008392334,27.3799991607666,284500,2026-10-09
2025-03-20,26.024003982543945,27.34000015258789,27.499000549316406,27.34000015258789,27.420000076293945,60000,2026-10-09
2025-03-21,26.033523559570312,27.350000381469727,27.45400047302246,27.350000381469727,27.389999389648438,53700,2026-10-09
2025-03-24,26.024003982543945,27.34000015258789,27.479999542236328,27.34000015258789,27.440000534057617,81700,2026-10-09
2025-03-25,26.08111572265625,27.399999618530273,27.479999542236328,27.360000610351562,27.360000610351562,41600,2026-10-09
2025-03-26,26.06778907775879,27.38599967956543,27.43000030517578,27.350000381469727,27.3799991607666,32800,2026-10-09
2025-03-27,26.08111572265625,27.399999618530273,27.520000457763672,27.299999237060547,27.299999237060547,158000,2026-10-09
2025-03-28,26.119192123413086,27.440000534057617,27.469999313354492,27.3799991607666,27.464000701904297,51800,2026-10-09
2025-03-31,25.96689224243164,27.280000686645508,27.459999084472656,27.280000686645508,27.420000076293945,144900,2026-10-09
2025-04-01,25.862186431884766,27.170000076293945,27.229999542236328,27.06999969482422,27.229999542236328,216800,2026-10-09
2025-04-02,25.8812255859375,27.190000534057617,27.190000534057617,27.09000015258789,27.110000610351562,208700,2026-10-09
2025-04-03,25.595664978027344,26.889999389648438,27.0,26.81999969482422,27.0,382700,2026-10-09
2025-04-04,25.576627731323242,26.8700008392334,27.040000915527344,26.81999969482422,26.93000030517578,140700,2026-10-09
2025-04-07,25.500478744506836,26.790000915527344,26.97100067138672,26.780000686645508,26.8700008392334,144600,2026-10-09
2025-04-08,25.424327850341797,26.709999084472656,26.8700008392334,26.68000030517578,26.829999923706055,92900,2026-10-09
2025-04-09,25.70037078857422,27.0,27.020000457763672,26.81999969482422,26.8700008392334,221600,2026-10-09
2025-04-10,25.252994537353516,26.530000686645508,26.854999542236328,26.520000457763672,26.809999465942383,80700,2026-10-09
2025-04-11,25.23395538330078,26.510000228881836,26.6200008392334,26.440000534057617,26.520000457763672,62700,2026-10-09
2025-04-14,25.23395538330078,26.510000228881836,26.542999267578125,26.3799991607666,26.5,144400,2026-10-09
2025-04-15,25.14828872680664,26.420000076293945,26.506999969482422,26.360000610351562,26.3700008392334,43100,2026-10-09
2025-04-16,25.024545669555664,26.290000915527344,26.399999618530273,26.290000915527344,26.329999923706055,83700,2026-10-09
2025-04-17,24.96743392944336,26.229999542236328,26.29400062561035,26.19499969482422,26.219999313354492,54900,2026-10-09
2025-04-21,24.98647117614746,26.25,26.44300079345703,26.231000900268555,26.308000564575195,54000,2026-10-09
2025-04-22,24.96743392944336,26.229999542236328,26.350000381469727,26.170000076293945,26.350000381469727,49400,2026-10-09
2025-04-23,24.98647117614746,26.25,26.34000015258789,26.138999938964844,26.229999542236328,38300,2026-10-09
2025-04-24,24.85321044921875,26.110000610351562,26.170000076293945,26.101999282836914,26.167999267578125,62600,2026-10-09
2025-04-25,24.80561637878418,26.059999465942383,26.149999618530273,26.049999237060547,26.125,21100,2026-10-09
2025-04-28,25.0531005859375,26.31999969482422,26.389999389648438,26.18000030517578,26.18000030517578,29600,2026-10-09
2025-04-29,25.157806396484375,26.43000030517578,26.510000228881836,26.350000381469727,26.350000381469727,63800,2026-10-09
2025-04-30,25.0531005859375,26.31999969482422,26.420000076293945,26.200000762939453,26.31999969482422,45100,2026-10-09
2025-05-01,24.938879013061523,26.200000762939453,26.350000381469727,26.149999618530273,26.231000900268555,171500,2026-10-09
2025-05-02,25.138769149780273,26.40999984741211,26.40999984741211,26.280000686645508,26.299999237060547,50100,2026-10-09
2025-05-05,25.18636131286621,26.459999084472656,26.540000915527344,26.430999755859375,26.440000534057617,51100,2026-10-09
2025-05-06,25.18636131286621,26.459999084472656,26.55500030517578,26.389999389648438,26.450000762939453,62100,2026-10-09
2025-05-07,25.17684555053711,26.450000762939453,26.584999084472656,26.450000762939453,26.459999084472656,98200,2026-10-09
2025-05-08,25.0340633392334,26.299999237060547,26.450000762939453,26.170000076293945,26.3700008392334,67600,2026-10-09
2025-05-09,25.043582916259766,26.309999465942383,26.3700008392334,26.260000228881836,26.360000610351562,27600,2026-10-09
2025-05-12,24.815134048461914,26.06999969482422,26.166000366210938,25.950000762939453,25.959999084472656,103700,2026-10-09
2025-05-13,24.796096801757812,26.049999237060547,26.124000549316406,25.93000030517578,26.06999969482422,89900,2026-10-09
2025-05-14,24.80561637878418,26.059999465942383,26.0939998626709,25.940000534057617,26.020000457763672,271700,2026-10-09
2025-05-15,24.796096801757812,26.049999237060547,26.200000762939453,26.049999237060547,26.100000381469727,66600,2026-10-09
2025-05-16,24.748504638671875,26.0,26.106000900268555,26.0,26.0,58200,2026-10-09
2025-05-19,24.89128303527832,26.149999618530273,26.25,26.149999618530273,26.200000762939453,57100,2026-10-09
2025-05-20,25.024545669555664,26.290000915527344,26.298999786376953,26.139999389648438,26.139999389648438,30300,2026-10-09
2025-05-21,25.167325973510742,26.440000534057617,26.450000762939453,26.270000457763672,26.270000457763672,43100,2026-10-09
2025-05-22,25.18636131286621,26.459999084472656,26.524999618530273,26.399999618530273,26.489999771118164,26700,2026-10-09
2025-05-23,25.310104370117188,26.59000015258789,26.59000015258789,26.399999618530273,26.399999618530273,84900,2026-10-09
2025-05-27,25.138769149780273,26.40999984741211,26.579999923706055,26.381999969482422,26.520000457763672,100900,2026-10-09
2025-05-28,25.129249572753906,26.399999618530273,26.479999542236328,26.34000015258789,26.360000610351562,35600,2026-10-09
2025-05-29,25.157806396484375,26.43000030517578,26.559999465942383,26.43000030517578,26.440000534057617,13200,2026-10-09
2025-05-30,25.18636131286621,26.459999084472656,26.579999923706055,26.459999084472656,26.5,39400,2026-10-09
2025-06-02,25.433847427368164,26.719999313354492,26.729999542236328,26.510000228881836,26.510000228881836,165600,2026-10-09
2025-06-03,25.291067123413086,26.56999969482422,26.610000610351562,26.454999923706055,26.56999969482422,84600,2026-10-09
2025-06-04,25.252994537353516,26.530000686645508,26.621000289916992,26.450000762939453,26.5,37200,2026-10-09
2025-06-05,25.367216110229492,26.649999618530273,26.652000427246094,26.540000915527344,26.58099937438965,24000,2026-10-09
2025-06-06,25.224437713623047,26.5,26.600000381469727,26.450000762939453,26.55500030517578,23100,2026-10-09
2025-06-09,25.205398559570312,26.479999542236328,26.6299991607666,26.479999542236328,26.6299991607666,31400,2026-10-09
2025-06-10,25.110212326049805,26.3799991607666,26.450000762939453,26.31999969482422,26.43000030517578,58500,2026-10-09
2025-06-11,24.948394775390625,26.209999084472656,26.350000381469727,26.209999084472656,26.270000457763672,196100,2026-10-09
2025-06-12,25.072139739990234,26.34000015258789,26.465999603271484,26.28499984741211,26.309999465942383,50700,2026-10-09
2025-06-13,24.82465362548828,26.079999923706055,26.176000595092773,25.90999984741211,26.09000015258789,46400,2026-10-09
2025-06-16,24.758024215698242,26.010000228881836,26.299999237060547,26.010000228881836,26.1200008392334,18100,2026-10-09
2025-06-17,24.41535186767578,25.649999618530273,26.010000228881836,25.600000381469727,25.889999389648438,40200,2026-10-09
2025-06-18,24.18690299987793,25.40999984741211,25.6200008392334,25.389999389648438,25.6200008392334,137100,2026-10-09
2025-06-20,24.139310836791992,25.360000610351562,25.51300048828125,25.302000045776367,25.5,21700,2026-10-09
2025-06-23,24.577167510986328,25.81999969482422,25.81999969482422,25.280000686645508,25.280000686645508,89100,2026-10-09
2025-06-24,24.71042823791504,25.959999084472656,26.030000686645508,25.902999877929688,25.940000534057617,53900,2026-10-09
2025-06-25,24.815134048461914,26.06999969482422,26.114999771118164,26.020999908447266,26.042999267578125,27100,2026-10-09
2025-06-26,25.005508422851562,26.270000457763672,26.329999923706055,26.229999542236328,26.229999542236328,142400,2026-10-09
2025-06-27,24.929359436035156,26.190000534057617,26.274999618530273,26.149999618530273,26.270000457763672,31700,2026-10-09
2025-06-30,25.104501724243164,26.374000549316406,26.424999237060547,26.22100067138672,26.270000457763672,32600,2026-10-09
2025-07-01,25.138769149780273,26.40999984741211,26.59000015258789,26.3700008392334,26.479999542236328,39500,2026-10-09
2025-07-02,25.291067123413086,26.56999969482422,26.58799934387207,26.43000030517578,26.559999465942383,43300,2026-10-09
2025-07-03,25.072139739990234,26.34000015258789,26.489999771118164,26.34000015258789,26.479999542236328,28000,2026-10-09
2025-07-07,25.0531005859375,26.31999969482422,26.40999984741211,26.25,26.309999465942383,70400,2026-10-09
2025-07-08,25.405292510986328,26.690000534057617,26.798999786376953,26.450000762939453,26.479999542236328,70900,2026-10-09
2025-07-09,25.367216110229492,26.649999618530273,26.829999923706055,26.6299991607666,26.75,79400,2026-10-09
2025-07-10,25.414810180664062,26.700000762939453,26.798999786376953,26.65999984741211,26.68000030517578,31400,2026-10-09
2025-07-11,25.605182647705078,26.899999618530273,26.93000030517578,26.74799919128418,26.74799919128418,30300,2026-10-09
2025-07-14,25.39101219177246,26.674999237060547,26.860000610351562,26.670000076293945,26.780000686645508,139100,2026-10-09
2025-07-15,25.50999641418457,26.799999237060547,26.799999237060547,26.652999877929688,26.68000030517578,70000,2026-10-09
2025-07-16,25.34817886352539,26.6299991607666,26.81999969482422,26.579999923706055,26.690000534057617,74400,2026-10-09
2025-07-17,25.500478744506836,26.790000915527344,26.790000915527344,26.523000717163086,26.6200008392334,25700,2026-10-09
2025-07-18,25.433847427368164,26.719999313354492,26.84000015258789,26.610000610351562,26.740999221801758,35300,2026-10-09
2025-07-21,25.567110061645508,26.860000610351562,26.8700008392334,26.610000610351562,26.610000610351562,35100,2026-10-09
2025-07-22,25.605182647705078,26.899999618530273,26.945999145507812,26.724000930786133,26.860000610351562,16700,2026-10-09
2025-07-23,25.957374572753906,27.270000457763672,27.350000381469727,27.059999465942383,27.09000015258789,65200,2026-10-09
2025-07-24,25.78603744506836,27.09000015258789,27.479999542236328,27.079999923706055,27.479999542236328,69100,2026-10-09
2025-07-25,25.747962951660156,27.049999237060547,27.170000076293945,27.040000915527344,27.170000076293945,84200,2026-10-09
2025-07-28,25.53855323791504,26.829999923706055,27.02199935913086,26.829999923706055,27.0,71200,2026-10-09
2025-07-29,25.452884674072266,26.739999771118164,26.93000030517578,26.670000076293945,26.8700008392334,33300,2026-10-09
2025-07-30,25.024545669555664,26.290000915527344,26.770000457763672,26.239999771118164,26.729999542236328,39700,2026-10-09
2025-07-31,24.89128303527832,26.149999618530273,26.27899932861328,26.084999084472656,26.18000030517578,60300,2026-10-09
2025-08-01,24.79990577697754,26.054000854492188,26.163000106811523,26.030000686645508,26.149999618530273,31900,2026-10-09
2025-08-04,24.929359436035156,26.190000534057617,26.209999084472656,26.07200050354004,26.100000381469727,94700,2026-10-09
2025-08-05,24.943635940551758,26.204999923706055,26.249000549316406,26.139999389648438,26.249000549316406,18700,2026-10-09
2025-08-06,24.929359436035156,26.190000534057617,26.457000732421875,26.18000030517578,26.31999969482422,74300,2026-10-09
2025-08-07,25.0531005859375,26.31999969482422,26.4060001373291,26.239999771118164,26.360000610351562,43500,2026-10-09
2025-08-08,25.129249572753906,26.399999618530273,26.562999725341797,26.389999389648438,26.39699935913086,15000,2026-10-09
2025-08-11,24.929359436035156,26.190000534057617,26.452999114990234,26.190000534057617,26.34000015258789,29200,2026-10-09
2025-08-12,25.252994537353516,26.530000686645508,26.639999389648438,26.43600082397461,26.469999313354492,24200,2026-10-09
2025-08-13,25.08165740966797,26.350000381469727,26.61199951171875,26.350000381469727,26.530000686645508,20800,2026-10-09
2025-08-14,25.2786922454834,26.55699920654297,26.614999771118164,26.374000549316406,26.5,51600,2026-10-09
2025-08-15,25.39577293395996,26.68000030517578,26.714000701904297,26.4950008392334,26.520000457763672,39300,2026-10-09
2025-08-18,25.462404251098633,26.75,26.760000228881836,26.558000564575195,26.670000076293945,38600,2026-10-09
2025-08-19,25.529033660888672,26.81999969482422,26.899999618530273,26.68000030517578,26.770000457763672,84200,2026-10-09
2025-08-20,25.452884674072266,26.739999771118164,26.829999923706055,26.600000381469727,26.729999542236328,34100,2026-10-09
2025-08-21,25.481441497802734,26.770000457763672,26.770000457763672,26.601999282836914,26.719999313354492,27300,2026-10-09
2025-08-22,25.567110061645508,26.860000610351562,26.959999084472656,26.641000747680664,26.739999771118164,96800,2026-10-09
2025-08-25,25.50999641418457,26.799999237060547,26.910999298095703,26.020000457763672,26.020000457763672,125100,2026-10-09
2025-08-26,25.500478744506836,26.790000915527344,26.913000106811523,26.700000762939453,26.799999237060547,36900,2026-10-09
2025-08-27,25.53855323791504,26.829999923706055,26.899999618530273,26.65999984741211,26.84000015258789,23200,2026-10-09
2025-08-28,25.357698440551758,26.639999389648438,26.900999069213867,26.6299991607666,26.790000915527344,90500,2026-10-09
2025-08-29,25.4433650970459,26.729999542236328,26.889999389648438,26.670000076293945,26.770000457763672,107100,2026-10-09
2025-09-02,25.643259048461914,26.940000534057617,27.0,26.8799991607666,26.93000030517578,78000,2026-10-09
2025-09-03,25.65277671813965,26.950000762939453,26.96500015258789,26.8799991607666,26.940000534057617,24600,2026-10-09
2025-09-04,25.542360305786133,26.833999633789062,26.959999084472656,26.829999923706055,26.850000381469727,65700,2026-10-09
2025-09-05,25.55759048461914,26.850000381469727,26.950000762939453,26.809999465942383,26.809999465942383,55000,2026-10-09
2025-09-08,25.605182647705078,26.899999618530273,27.030000686645508,26.889999389648438,26.969999313354492,147300,2026-10-09
2025-09-09,25.586145401000977,26.8799991607666,26.959999084472656,26.790000915527344,26.93600082397461,90100,2026-10-09
2025-09-10,25.53855323791504,26.829999923706055,26.899999618530273,26.780000686645508,26.829999923706055,32400,2026-10-09
2025-09-11,25.524274826049805,26.815000534057617,26.899999618530273,26.799999237060547,26.829999923706055,22100,2026-10-09
2025-09-12,25.65277671813965,26.950000762939453,26.993000030517578,26.871000289916992,26.895000457763672,47800,2026-10-09
2025-09-15,25.681331634521484,26.979999542236328,27.0,26.934999465942383,26.950000762939453,63900,2026-10-09
2025-09-16,25.72797393798828,27.02899932861328,27.149999618530273,26.948999404907227,26.979999542236328,27800,2026-10-09
2025-09-17,25.71940803527832,27.020000457763672,27.0310001373291,26.90999984741211,26.90999984741211,21500,2026-10-09
2025-09-18,25.747962951660156,27.049999237060547,27.059999465942383,26.950000762939453,26.985000610351562,32400,2026-10-09
2025-09-19,25.728925704956055,27.030000686645508,27.059999465942383,26.950000762939453,26.969999313354492,42100,2026-10-09
2025-09-22,25.91929817199707,27.229999542236328,27.264999389648438,27.049999237060547,27.049999237060547,32300,2026-10-09
2025-09-23,25.94785499572754,27.260000228881836,27.33099937438965,27.139999389648438,27.209999084472656,322200,2026-10-09
2025-09-24,25.633739471435547,26.93000030517578,27.110000610351562,26.93000030517578,27.030000686645508,142500,2026-10-09
2025-09-25,25.567110061645508,26.860000610351562,26.969999313354492,26.823999404907227,26.969999313354492,25200,2026-10-09
2025-09-26,25.69085121154785,26.989999771118164,27.007999420166016,26.829999923706055,26.950000762939453,89900,2026-10-09
2025-09-29,25.65277671813965,26.950000762939453,27.100000381469727,26.889999389648438,27.079999923706055,75600,2026-10-09
2025-09-30,25.633739471435547,26.93000030517578,27.0,26.83099937438965,26.8799991607666,112700,2026-10-09
2025-10-01,25.529033660888672,26.81999969482422,27.110000610351562,26.81999969482422,26.969999313354492,113700,2026-10-09
2025-10-02,25.367216110229492,26.649999618530273,26.860000610351562,26.600000381469727,26.81999969482422,86500,2026-10-09
2025-10-03,25.433847427368164,26.719999313354492,26.77199935913086,26.660999298095703,26.729999542236328,57100,2026-10-09
2025-10-06,25.567110061645508,26.860000610351562,26.875,26.68000030517578,26.780000686645508,80200,2026-10-09
2025-10-07,25.567110061645508,26.860000610351562,26.989999771118164,26.81100082397461,26.860000610351562,42700,2026-10-09
2025-10-08,25.576627731323242,26.8700008392334,26.98900032043457,26.850000381469727,26.850000381469727,81100,2026-10-09
2025-10-09,25.605182647705078,26.899999618530273,26.979999542236328,26.8799991607666,26.940000534057617,58200,2026-10-09
2025-10-10,25.70037078857422,27.0,27.079999923706055,26.8700008392334,26.940000534057617,169000,2026-10-09
2025-10-13,25.862186431884766,27.170000076293945,27.235000610351562,27.09000015258789,27.1200008392334,60700,2026-10-09
2025-10-14,25.814594268798828,27.1200008392334,27.131999969482422,27.0,27.110000610351562,37000,2026-10-09
2025-10-15,25.85266876220703,27.15999984741211,27.229999542236328,27.1299991607666,27.200000762939453,57200,2026-10-09
2025-10-16,25.914539337158203,27.225000381469727,27.270000457763672,27.034000396728516,27.270000457763672,111000,2026-10-09
2025-10-17,25.866945266723633,27.174999237060547,27.326000213623047,27.07900047302246,27.25,111000,2026-10-09
2025-10-20,25.776519775390625,27.079999923706055,27.200000762939453,27.040000915527344,27.170000076293945,158000,2026-10-09
2025-10-21,25.62421989440918,26.920000076293945,27.100000381469727,26.920000076293945,26.989999771118164,15900,2026-10-09
2025-10-22,25.567110061645508,26.860000610351562,26.93000030517578,26.829999923706055,26.8799991607666,26400,2026-10-09
2025-10-23,25.55759048461914,26.850000381469727,27.010000228881836,26.850000381469727,26.940000534057617,39200,2026-10-09
2025-10-24,25.65277671813965,26.950000762939453,27.139999389648438,26.920000076293945,26.989999771118164,124900,2026-10-09
2025-10-27,25.71940803527832,27.020000457763672,27.020000457763672,26.82200050354004,26.950000762939453,46400,2026-10-09
2025-10-28,25.614702224731445,26.90999984741211,26.989999771118164,26.7810001373291,26.8799991607666,184400,2026-10-09
2025-10-29,25.53855323791504,26.829999923706055,27.010000228881836,26.795000076293945,27.010000228881836,64800,2026-10-09
2025-10-30,25.471921920776367,26.760000228881836,26.93000030517578,26.719999313354492,26.739999771118164,15500,2026-10-09
2025-10-31,25.424327850341797,26.709999084472656,26.81999969482422,26.56999969482422,26.770000457763672,36600,2026-10-09
2025-11-03,25.17684555053711,26.450000762939453,26.670000076293945,26.420000076293945,26.56999969482422,143200,2026-10-09
2025-11-04,25.067378997802734,26.334999084472656,26.510000228881836,26.290000915527344,26.450000762939453,65800,2026-10-09
2025-11-05,25.060714721679688,26.327999114990234,26.40999984741211,26.290000915527344,26.399999618530273,35200,2026-10-09
2025-11-06,25.220630645751953,26.496000289916992,26.559999465942383,26.40999984741211,26.40999984741211,31500,2026-10-09
2025-11-07,25.272029876708984,26.549999237060547,26.634000778198242,26.450000762939453,26.479999542236328,48400,2026-10-09
2025-11-10,25.359601974487305,26.642000198364258,26.729999542236328,26.510000228881836,26.510000228881836,108800,2026-10-09
2025-11-11,25.50999641418457,26.799999237060547,26.815000534057617,26.649999618530273,26.739999771118164,109800,2026-10-09
2025-11-12,25.433847427368164,26.719999313354492,26.799999237060547,26.649999618530273,26.799999237060547,116700,2026-10-09
2025-11-13,25.357698440551758,26.639999389648438,26.780000686645508,26.520000457763672,26.780000686645508,76000,2026-10-09
2025-11-14,25.310104370117188,26.59000015258789,26.59000015258789,26.45400047302246,26.469999313354492,109600,2026-10-09
2025-11-17,25.26251220703125,26.540000915527344,26.59000015258789,26.40999984741211,26.56999969482422,71600,2026-10-09
2025-11-18,25.34817886352539,26.6299991607666,26.700000762939453,26.549999237060547,26.56999969482422,75400,2026-10-09
2025-11-19,25.19112205505371,26.46500015258789,26.56999969482422,26.43000030517578,26.5,113400,2026-10-09
2025-11-20,25.173988342285156,26.44700050354004,26.6200008392334,26.415000915527344,26.59000015258789,91600,2026-10-09
2025-11-21,25.128299713134766,26.39900016784668,26.440000534057617,26.323999404907227,26.360000610351562,58000,2026-10-09
2025-11-24,25.129249572753906,26.399999618530273,26.479999542236328,26.260000228881836,26.399999618530273,95400,2026-10-09
2025-11-25,25.26251220703125,26.540000915527344,26.579999923706055,26.469999313354492,26.579999923706055,48900,2026-10-09
2025-11-26,25.38149642944336,26.665000915527344,26.68899917602539,26.520000457763672,26.59000015258789,92000,2026-10-09
2025-11-28,25.424327850341797,26.709999084472656,26.739999771118164,26.645000457763672,26.709999084472656,34700,2026-10-09
2025-12-01,25.338661193847656,26.6200008392334,26.719999313354492,26.6200008392334,26.709999084472656,90800,2026-10-09
2025-12-02,25.28154945373535,26.559999465942383,26.700000762939453,26.530000686645508,26.700000762939453,102600,2026-10-09
2025-12-03,25.400531768798828,26.684999465942383,26.81999969482422,26.670000076293945,26.81999969482422,54100,2026-10-09
2025-12-04,25.319623947143555,26.600000381469727,26.783000946044922,26.579999923706055,26.700000762939453,38400,2026-10-09
2025-12-05,25.224437713623047,26.5,26.628999710083008,26.489999771118164,26.625,44000,2026-10-09
2025-12-08,25.367216110229492,26.649999618530273,26.649999618530273,26.415000915527344,26.450000762939453,36400,2026-10-09
2025-12-09,25.4433650970459,26.729999542236328,26.729999542236328,26.6200008392334,26.700000762939453,57300,2026-10-09
2025-12-10,25.481441497802734,26.770000457763672,26.7810001373291,26.649999618530273,26.700000762939453,62600,2026-10-09
2025-12-11,25.709888458251953,27.010000228881836,27.020000457763672,26.850000381469727,26.850000381469727,149600,2026-10-09
2025-12-12,25.628978729248047,26.924999237060547,27.018999099731445,26.850000381469727,27.0,66500,2026-10-09
2025-12-15,25.67181396484375,26.969999313354492,27.079999923706055,26.959999084472656,27.040000915527344,77900,2026-10-09
2025-12-16,25.686092376708984,26.985000610351562,27.09000015258789,26.969999313354492,27.030000686645508,24400,2026-10-09
2025-12-17,25.70037078857422,27.0,27.059999465942383,26.989999771118164,27.049999237060547,30800,2026-10-09
2025-12-18,25.871706008911133,27.18000030517578,27.18000030517578,26.959999084472656,27.139999389648438,98100,2026-10-09
2025-12-19,25.767000198364258,27.06999969482422,27.240999221801758,27.06999969482422,27.18000030517578,32800,2026-10-09
2025-12-22,25.989999771118164,25.989999771118164,26.040000915527344,25.899999618530273,26.040000915527344,153200,2026-10-09
2025-12-23,25.954999923706055,25.954999923706055,26.0,25.8700008392334,26.0,145500,2026-10-09
2025-12-24,25.906999588012695,25.906999588012695,25.979999542236328,25.8700008392334,25.959999084472656,23500,2026-10-09
2025-12-26,25.93000030517578,25.93000030517578,26.099000930786133,25.90999984741211,25.950000762939453,88500,2026-10-09
2025-12-29,25.780000686645508,25.780000686645508,25.91900062561035,25.770000457763672,25.8799991607666,111800,2026-10-09
2025-12-30,25.969999313354492,25.969999313354492,26.030000686645508,25.8799991607666,25.8799991607666,80400,2026-10-09
2025-12-31,25.950000762939453,25.950000762939453,26.020000457763672,25.898000717163086,25.969999313354492,118500,2026-10-09
2026-01-02,26.100000381469727,26.100000381469727,26.299999237060547,26.06999969482422,26.299999237060547,167100,2026-10-09
2026-01-05,26.31999969482422,26.31999969482422,26.40999984741211,26.295000076293945,26.360000610351562,134200,2026-10-09
2026-01-06,26.450000762939453,26.450000762939453,26.450000762939453,26.329999923706055,26.399999618530273,116500,2026-10-09
2026-01-07,26.100000381469727,26.100000381469727,26.399999618530273,26.100000381469727,26.399999618530273,105000,2026-10-09
2026-01-08,26.209999084472656,26.209999084472656,26.209999084472656,26.072999954223633,26.100000381469727,65500,2026-10-09
2026-01-09,26.347000122070312,26.347000122070312,26.360000610351562,26.260000228881836,26.34000015258789,90800,2026-10-09
2026-01-12,26.510000228881836,26.510000228881836,26.6299991607666,26.329999923706055,26.329999923706055,76700,2026-10-09
2026-01-13,26.510000228881836,26.510000228881836,26.648000717163086,26.43000030517578,26.610000610351562,54800,2026-10-09
2026-01-14,26.670000076293945,26.670000076293945,26.700000762939453,26.520000457763672,26.520000457763672,142400,2026-10-09
2026-01-15,26.579999923706055,26.579999923706055,26.6299991607666,26.506999969482422,26.579999923706055,71900,2026-10-09
2026-01-16,26.399999618530273,26.399999618530273,26.520000457763672,26.350000381469727,26.5,47600,2026-10-09
2026-01-20,26.40999984741211,26.40999984741211,26.440000534057617,26.309999465942383,26.309999465942383,134800,2026-10-09
2026-01-21,26.209999084472656,26.209999084472656,26.350000381469727,26.209999084472656,26.219999313354492,78700,2026-10-09
2026-01-22,26.360000610351562,26.360000610351562,26.3700008392334,26.079999923706055,26.139999389648438,135200,2026-10-09
2026-01-23,26.31999969482422,26.31999969482422,26.458999633789062,26.28700065612793,26.360000610351562,111900,2026-10-09
2026-01-26,26.360000610351562,26.360000610351562,26.56999969482422,26.329999923706055,26.459999084472656,217200,2026-10-09
2026-01-27,26.59000015258789,26.59000015258789,26.65999984741211,26.329999923706055,26.420000076293945,55800,2026-10-09
2026-01-28,26.690000534057617,26.690000534057617,26.690000534057617,26.434999465942383,26.5,146700,2026-10-09
2026-01-29,26.579999923706055,26.579999923706055,26.850000381469727,26.364999771118164,26.850000381469727,110800,2026-10-09
2026-01-30,25.959999084472656,25.959999084472656,26.440000534057617,25.950000762939453,26.299999237060547,249000,2026-10-09
2026-02-02,26.420000076293945,26.420000076293945,26.540000915527344,26.270000457763672,26.270000457763672,145600,2026-10-09
2026-02-03,26.670000076293945,26.670000076293945,26.739999771118164,26.59000015258789,26.59000015258789,134600,2026-10-09
2026-02-04,26.6200008392334,26.6200008392334,26.770000457763672,26.510000228881836,26.68000030517578,100600,2026-10-09
2026-02-05,26.200000762939453,26.200000762939453,26.489999771118164,26.200000762939453,26.489999771118164,201200,2026-10-09
2026-02-06,26.625999450683594,26.625999450683594,26.68000030517578,26.375,26.440000534057617,204800,2026-10-09
2026-02-09,26.889999389648438,26.889999389648438,26.969999313354492,26.700000762939453,26.700000762939453,113100,2026-10-09
2026-02-10,26.84000015258789,26.84000015258789,26.93000030517578,26.719999313354492,26.93000030517578,154900,2026-10-09
2026-02-11,26.799999237060547,26.799999237060547,26.8799991607666,26.729999542236328,26.8700008392334,103900,2026-10-09
2026-02-12,26.440000534057617,26.440000534057617,26.739999771118164,26.420000076293945,26.68000030517578,120800,2026-10-09
2026-02-13,26.530000686645508,26.530000686645508,26.579999923706055,26.440000534057617,26.469999313354492,100500,2026-10-09
2026-02-17,26.530000686645508,26.530000686645508,26.579999923706055,26.3700008392334,26.420000076293945,177700,2026-10-09
2026-02-18,26.68000030517578,26.68000030517578,26.749000549316406,26.6299991607666,26.6299991607666,108500,2026-10-09
2026-02-19,26.68000030517578,26.68000030517578,26.760000228881836,26.520000457763672,26.549999237060547,101900,2026-10-09
2026-02-20,26.65999984741211,26.65999984741211,26.739999771118164,26.625,26.690000534057617,98300,2026-10-09
2026-02-23,26.770000457763672,26.770000457763672,26.799999237060547,26.67099952697754,26.719999313354492,158200,2026-10-09
2026-02-24,26.850000381469727,26.850000381469727,26.889999389648438,26.670000076293945,26.709999084472656,93700,2026-10-09
2026-02-25,26.860000610351562,26.860000610351562,27.0,26.860000610351562,26.882999420166016,88100,2026-10-09
2026-02-26,26.969999313354492,26.969999313354492,26.989999771118164,26.84000015258789,26.899999618530273,75800,2026-10-09
2026-02-27,27.059999465942383,27.059999465942383,27.100000381469727,26.979999542236328,27.100000381469727,96100,2026-10-09
2026-03-02,27.25,27.25,27.290000915527344,27.079999923706055,27.100000381469727,136700,2026-10-09
2026-03-03,27.024999618530273,27.024999618530273,27.138999938964844,26.920000076293945,27.020000457763672,147700,2026-10-09
2026-03-04,27.360000610351562,27.360000610351562,27.360000610351562,27.1299991607666,27.1299991607666,100600,2026-10-09
2026-03-05,27.280000686645508,27.280000686645508,27.350000381469727,27.229999542236328,27.280000686645508,83500,2026-10-09
2026-03-06,27.479999542236328,27.479999542236328,27.530000686645508,27.25,27.270000457763672,183000,2026-10-09
2026-03-09,27.40999984741211,27.40999984741211,27.770000457763672,27.149999618530273,27.6299991607666,1810700,2026-10-09
2026-03-10,27.6299991607666,27.6299991607666,27.739999771118164,27.31999969482422,27.670000076293945,226300,2026-10-09
2026-03-11,27.829999923706055,27.829999923706055,27.829999923706055,27.540000915527344,27.540000915527344,329700,2026-10-09
2026-03-12,28.049999237060547,28.049999237060547,28.05500030517578,27.850000381469727,27.850000381469727,235700,2026-10-09
2026-03-13,27.8799991607666,27.8799991607666,27.90999984741211,27.81999969482422,27.8799991607666,205300,2026-10-09
2026-03-16,27.93000030517578,27.93000030517578,28.059999465942383,27.860000610351562,27.969999313354492,181100,2026-10-09
2026-03-17,28.229999542236328,28.229999542236328,28.229999542236328,28.069000244140625,28.079999923706055,131500,2026-10-09
2026-03-18,28.170000076293945,28.170000076293945,28.579999923706055,28.09000015258789,28.579999923706055,169300,2026-10-09
2026-03-19,27.84000015258789,27.84000015258789,28.39900016784668,27.729999542236328,27.829999923706055,148000,2026-10-09
2026-03-20,27.969999313354492,27.969999313354492,28.040000915527344,27.839000701904297,27.989999771118164,217700,2026-10-09
2026-03-23,27.350000381469727,27.350000381469727,27.799999237060547,27.17099952697754,27.799999237060547,363800,2026-10-09
2026-03-24,27.510000228881836,27.510000228881836,27.584999084472656,27.43000030517578,27.440000534057617,172800,2026-10-09
2026-03-25,27.479999542236328,27.479999542236328,27.520000457763672,27.229999542236328,27.229999542236328,123700,2026-10-09
2026-03-26,27.739999771118164,27.739999771118164,27.860000610351562,27.6200008392334,27.729999542236328,115900,2026-10-09
2026-03-27,28.06999969482422,28.06999969482422,28.155000686645508,27.735000610351562,27.735000610351562,184100,2026-10-09
2026-03-30,28.280000686645508,28.280000686645508,28.360000610351562,28.200000762939453,28.200000762939453,175500,2026-10-09
2026-03-31,28.200000762939453,28.200000762939453,28.31999969482422,28.0,28.200000762939453,279000,2026-10-09
2026-04-01,27.989999771118164,27.989999771118164,28.040000915527344,27.8799991607666,28.040000915527344,402300,2026-10-09
2026-04-02,28.34000015258789,28.34000015258789,28.5,28.229999542236328,28.5,105200,2026-10-09
2026-04-06,28.489999771118164,28.489999771118164,28.540000915527344,28.31999969482422,28.31999969482422,218100,2026-10-09
2026-04-07,28.530000686645508,28.530000686645508,28.729000091552734,28.389999389648438,28.549999237060547,227900,2026-10-09
2026-04-08,27.860000610351562,27.860000610351562,27.940000534057617,27.469999313354492,27.639999389648438,227600,2026-10-09
2026-04-09,28.079999923706055,28.079999923706055,28.559999465942383,27.8799991607666,28.15999984741211,170400,2026-10-09
2026-04-10,28.1200008392334,28.1200008392334,28.336000442504883,28.1200008392334,28.219999313354492,137500,2026-10-09
2026-04-13,28.40999984741211,28.40999984741211,28.719999313354492,28.260000228881836,28.559999465942383,281100,2026-10-09
2026-04-14,28.200000762939453,28.200000762939453,28.40999984741211,28.09000015258789,28.3799991607666,455400,2026-10-09
2026-04-15,28.299999237060547,28.299999237060547,28.389999389648438,28.149999618530273,28.15999984741211,151000,2026-10-09
2026-04-16,28.510000228881836,28.510000228881836,28.59000015258789,28.31999969482422,28.31999969482422,172000,2026-10-09
2026-04-17,27.8799991607666,27.8799991607666,27.93000030517578,27.549999237060547,27.850000381469727,265000,2026-10-09
2026-04-20,28.100000381469727,28.100000381469727,28.200000762939453,27.959999084472656,28.09000015258789,1346500,2026-10-09
2026-04-21,28.579999923706055,28.579999923706055,28.579999923706055,28.1200008392334,28.1299991607666,103600,2026-10-09
2026-04-22,28.635000228881836,28.635000228881836,28.65999984741211,28.440000534057617,28.450000762939453,90200,2026-10-09
2026-04-23,28.950000762939453,28.950000762939453,29.059999465942383,28.649999618530273,28.649999618530273,113600,2026-10-09
2026-04-24,28.860000610351562,28.860000610351562,29.0,28.75,28.8799991607666,146700,2026-10-09
2026-04-27,29.209999084472656,29.209999084472656,29.219999313354492,28.889999389648438,28.889999389648438,1507800,2026-10-09
2026-04-28,29.469999313354492,29.469999313354492,29.489999771118164,29.170000076293945,29.290000915527344,148300,2026-10-09
2026-04-29,29.940000534057617,29.940000534057617,29.959999084472656,29.64299964904785,29.68000030517578,168600,2026-10-09
2026-04-30,29.639999389648438,29.639999389648438,29.780000686645508,29.479999542236328,29.520000457763672,229600,2026-10-09
2026-05-01,29.329999923706055,29.329999923706055,29.43000030517578,29.18000030517578,29.309999465942383,208400,2026-10-09
2026-05-04,29.459999084472656,29.459999084472656,29.5,29.190000534057617,29.229999542236328,245300,2026-10-09
2026-05-05,29.510000228881836,29.510000228881836,29.510000228881836,29.34000015258789,29.469999313354492,159200,2026-10-09
2026-05-06,29.040000915527344,29.040000915527344,29.1299991607666,28.950000762939453,29.06999969482422,199700,2026-10-09
2026-05-07,29.18000030517578,29.18000030517578,29.209999084472656,28.770000457763672,28.81999969482422,158800,2026-10-09
2026-05-08,29.18000030517578,29.18000030517578,29.219999313354492,28.899999618530273,28.899999618530273,143900,2026-10-09
2026-05-11,29.530000686645508,29.530000686645508,29.59000015258789,29.299999237060547,29.299999237060547,222100,2026-10-09
2026-05-12,30.170000076293945,30.170000076293945,30.170000076293945,29.889999389648438,29.899999618530273,222000,2026-10-09
2026-05-13,29.8799991607666,29.8799991607666,30.110000610351562,29.815000534057617,29.989999771118164,126600,2026-10-09
2026-05-14,29.6299991607666,29.6299991607666,30.05500030517578,29.459999084472656,29.690000534057617,169900,2026-10-09
2026-05-15,29.84000015258789,29.84000015258789,29.8700008392334,29.642000198364258,29.709999084472656,282200,2026-10-09
2026-05-18,29.90999984741211,29.90999984741211,30.09000015258789,29.81999969482422,29.850000381469727,230800,2026-10-09
2026-05-19,29.940000534057617,29.940000534057617,29.989999771118164,29.84000015258789,29.969999313354492,132500,2026-10-09
2026-05-20,29.420000076293945,29.420000076293945,29.780000686645508,29.360000610351562,29.780000686645508,352300,2026-10-09
2026-05-21,29.190000534057617,29.190000534057617,29.538999557495117,29.020000457763672,29.440000534057617,120900,2026-10-09
2026-05-22,29.21500015258789,29.21500015258789,29.297000885009766,29.111000061035156,29.159000396728516,103100,2026-10-09
2026-05-26,28.889999389648438,28.889999389648438,29.0,28.854999542236328,28.969999313354492,203700,2026-10-09
2026-05-27,28.600000381469727,28.600000381469727,28.690000534057617,28.450000762939453,28.450000762939453,268200,2026-10-09
2026-05-28,28.540000915527344,28.540000915527344,28.739999771118164,28.3799991607666,28.68000030517578,128700,2026-10-09
2026-05-29,28.270000457763672,28.270000457763672,28.459999084472656,28.184999465942383,28.360000610351562,411500,2026-10-09
2026-06-01,28.549999237060547,28.549999237060547,28.829999923706055,28.549999237060547,28.639999389648438,1783900,2026-10-09
2026-06-02,28.700000762939453,28.700000762939453,28.700000762939453,28.510000228881836,28.6299991607666,164600,2026-10-09
2026-06-03,28.75,28.75,28.825000762939453,28.690000534057617,28.729999542236328,178000,2026-10-09
2026-06-04,28.479999542236328,28.479999542236328,28.559999465942383,28.34000015258789,28.559999465942383,164900,2026-10-09
2026-06-05,28.3799991607666,28.3799991607666,28.579999923706055,28.309999465942383,28.489999771118164,104700,2026-10-09
2026-06-08,28.5,28.5,28.600000381469727,28.43400001525879,28.489999771118164,301300,2026-10-09
2026-06-09,28.34000015258789,28.34000015258789,28.479999542236328,28.229999542236328,28.43000030517578,81000,2026-10-09
2026-06-10,28.520000457763672,28.520000457763672,29.0,28.0,28.549999237060547,261300,2026-10-09
2026-06-11,28.260000228881836,28.260000228881836,28.604999542236328,28.200000762939453,28.399999618530273,211000,2026-10-09
2026-06-12,28.110000610351562,28.110000610351562,28.290000915527344,28.06999969482422,28.190000534057617,206800,2026-10-09
2026-06-15,28.0,28.0,28.007999420166016,27.799999237060547,27.84000015258789,212000,2026-10-09
2026-06-16,27.7450008392334,27.7450008392334,27.844999313354492,27.6299991607666,27.799999237060547,213300,2026-10-09
2026-06-17,27.770000457763672,27.770000457763672,27.98900032043457,27.670000076293945,27.670000076293945,205100,2026-10-09
2026-06-18,27.81999969482422,27.81999969482422,27.885000228881836,27.649999618530273,27.739999771118164,219700,2026-10-09
2026-06-22,27.979999542236328,27.979999542236328,27.979999542236328,27.850000381469727,27.889999389648438,174000,2026-10-09
2026-06-23,27.760000228881836,27.760000228881836,27.979999542236328,27.690000534057617,27.979999542236328,255400,2026-10-09
2026-06-24,27.399999618530273,27.399999618530273,27.5,27.360000610351562,27.5,213600,2026-10-09
2026-06-25,27.59000015258789,27.59000015258789,27.59000015258789,27.316999435424805,27.43000030517578,173300,2026-10-09
2026-06-26,27.270000457763672,27.270000457763672,27.295000076293945,27.15999984741211,27.270000457763672,97900,2026-10-09
2026-06-29,27.350000381469727,27.350000381469727,27.43000030517578,27.309999465942383,27.3700008392334,428900,2026-10-09
2026-06-30,27.520000457763672,27.520000457763672,27.639999389648438,27.420000076293945,27.479999542236328,275600,2026-10-09
2026-07-01,27.540000915527344,27.540000915527344,27.639999389648438,27.450000762939453,27.559999465942383,175800,2026-10-09
2026-07-02,27.43000030517578,27.43000030517578,27.450000762939453,27.34000015258789,27.43000030517578,99500,2026-10-09
2026-07-06,27.549999237060547,27.549999237060547,27.6299991607666,27.520000457763672,27.540000915527344,129000,2026-10-09
2026-07-07,27.760000228881836,27.760000228881836,27.799999237060547,27.549999237060547,27.65999984741211,207500,2026-10-09
2026-07-08,28.165000915527344,28.165000915527344,28.270000457763672,27.920000076293945,27.959999084472656,241200,2026-10-09
2026-07-09,28.100000381469727,28.100000381469727,28.149999618530273,28.049999237060547,28.079999923706055,208200,2026-10-09
2026-07-10,28.100000381469727,28.100000381469727,28.209999084472656,28.020000457763672,28.190000534057617,235200,2026-10-09
2026-07-13,28.690000534057617,28.690000534057617,28.75,28.329999923706055,28.34000015258789,274000,2026-10-09
2026-07-14,28.809999465942383,28.809999465942383,28.84000015258789,28.6299991607666,28.790000915527344,124700,2026-10-09
2026-07-15,28.829999923706055,28.829999923706055,28.969999313354492,28.649999618530273,28.8700008392334,190300,2026-10-09
2026-07-16,28.959999084472656,28.959999084472656,29.040000915527344,28.920000076293945,29.0,94300,2026-10-09
2026-07-17,28.985000610351562,28.985000610351562,29.020000457763672,28.8700008392334,29.010000228881836,215700,2026-10-09
2026-07-20,29.25,29.25,29.25,29.0,29.0,1725800,2026-10-09
2026-07-21,29.440000534057617,29.440000534057617,29.440000534057617,29.290000915527344,29.309999465942383,160700,2026-10-09
2026-07-22,29.459999084472656,29.459999084472656,29.559999465942383,29.43000030517578,29.559999465942383,117700,2026-10-09
2026-07-23,29.860000610351562,29.860000610351562,29.950000762939453,29.75,29.75,235000,2026-10-09
2026-07-24,29.6200008392334,29.6200008392334,29.850000381469727,29.479999542236328,29.850000381469727,205300,2026-10-09
2026-07-27,29.34000015258789,29.34000015258789,29.415000915527344,29.270000457763672,29.40999984741211,1697500,2026-10-09
2026-07-28,29.229999542236328,29.229999542236328,29.350000381469727,29.079999923706055,29.350000381469727,159800,2026-10-09
2026-07-29,29.549999237060547,29.549999237060547,29.6299991607666,29.40999984741211,29.40999984741211,167500,2026-10-09
2026-07-30,29.239999771118164,29.239999771118164,29.459999084472656,29.18000030517578,29.450000762939453,232600,2026-10-09
2026-07-31,29.309999465942383,29.309999465942383,29.489999771118164,29.299999237060547,29.489999771118164,166300,2026-10-09
2026-08-03,28.709999084472656,28.709999084472656,28.809999465942383,28.610000610351562,28.729999542236328,363900,2026-10-09
2026-08-04,28.350000381469727,28.350000381469727,28.709999084472656,28.350000381469727,28.709999084472656,408300,2026-10-09
2026-08-05,28.3799991607666,28.3799991607666,28.399999618530273,28.25,28.309999465942383,235200,2026-10-09
2026-08-06,28.610000610351562,28.610000610351562,28.6200008392334,28.3799991607666,28.3799991607666,294600,2026-10-09
2026-08-07,28.209999084472656,28.209999084472656,28.388999938964844,28.200000762939453,28.299999237060547,169000,2026-10-09
2026-08-10,28.799999237060547,28.799999237060547,28.850000381469727,28.6200008392334,28.670000076293945,1655600,2026-10-09
2026-08-11,28.829999923706055,28.829999923706055,28.829999923706055,28.59000015258789,28.729999542236328,115900,2026-10-09
2026-08-12,28.899999618530273,28.899999618530273,28.899999618530273,28.639999389648438,28.719999313354492,147000,2026-10-09
2026-08-13,28.799999237060547,28.799999237060547,28.840999603271484,28.670000076293945,28.780000686645508,136000,2026-10-09
2026-08-14,29.139999389648438,29.139999389648438,29.139999389648438,28.777000427246094,28.84000015258789,184300,2026-10-09
2026-08-17,29.450000762939453,29.450000762939453,29.469999313354492,29.141000747680664,29.200000762939453,247500,2026-10-09
2026-08-18,29.360000610351562,29.360000610351562,29.5,29.329999923706055,29.5,218700,2026-10-09
2026-08-19,29.010000228881836,29.010000228881836,29.1299991607666,29.0,29.049999237060547,189700,2026-10-09
2026-08-20,29.239999771118164,29.239999771118164,29.260000228881836,29.110000610351562,29.110000610351562,99200,2026-10-09
2026-08-21,29.350000381469727,29.350000381469727,29.395000457763672,29.239999771118164,29.239999771118164,214400,2026-10-09
2026-08-24,29.100000381469727,29.100000381469727,29.209999084472656,29.010000228881836,29.209999084472656,306300,2026-10-09
2026-08-25,28.81999969482422,28.81999969482422,28.950000762939453,28.709999084472656,28.860000610351562,262900,2026-10-09
2026-08-26,29.1200008392334,29.1200008392334,29.200000762939453,28.829999923706055,28.829999923706055,200100,2026-10-09
2026-08-27,29.399999618530273,29.399999618530273,29.399999618530273,29.065000534057617,29.1299991607666,247200,2026-10-09
2026-08-28,29.639999389648438,29.639999389648438,29.676000595092773,29.290000915527344,29.479999542236328,353700,2026-10-09
2026-08-31,29.899999618530273,29.899999618530273,29.90999984741211,29.76099967956543,29.90999984741211,284300,2026-10-09
2026-09-01,30.440000534057617,30.440000534057617,30.469999313354492,30.100000381469727,30.100000381469727,743200,2026-10-09
2026-09-02,30.34000015258789,30.34000015258789,30.4950008392334,30.290000915527344,30.31999969482422,330600,2026-10-09
2026-09-03,30.0,30.0,30.0,29.729000091552734,29.790000915527344,271300,2026-10-09
2026-09-04,29.969999313354492,29.969999313354492,29.969999313354492,29.739999771118164,29.8799991607666,246000,2026-10-09
2026-09-08,30.1200008392334,30.1200008392334,30.190000534057617,30.010000228881836,30.100000381469727,1656400,2026-10-09
2026-09-09,30.469999313354492,30.469999313354492,30.469999313354492,30.19499969482422,30.31999969482422,251300,2026-10-09
2026-09-10,31.110000610351562,31.110000610351562,31.110000610351562,30.639999389648438,30.75,556900,2026-10-09
2026-09-11,31.010000228881836,31.010000228881836,31.010000228881836,30.614999771118164,30.969999313354492,431600,2026-10-09
2026-09-14,30.809999465942383,30.809999465942383,31.114999771118164,30.610000610351562,30.989999771118164,553700,2026-10-09
2026-09-15,31.110000610351562,31.110000610351562,31.184999465942383,30.8799991607666,30.899999618530273,390200,2026-10-09
2026-09-16,31.040000915527344,31.040000915527344,31.079999923706055,30.700000762939453,31.020000457763672,640000,2026-10-09
2026-09-17,30.829999923706055,30.829999923706055,30.889999389648438,30.584999084472656,30.799999237060547,222000,2026-10-09
2026-09-18,30.81999969482422,30.81999969482422,30.959999084472656,30.729999542236328,30.93000030517578,302200,2026-10-09
2026-09-21,30.690000534057617,30.690000534057617,30.760000228881836,30.59000015258789,30.600000381469727,657400,2026-10-09
2026-09-22,30.6200008392334,30.6200008392334,30.790000915527344,30.524999618530273,30.59000015258789,211300,2026-10-09
2026-09-23,31.06999969482422,31.06999969482422,31.097999572753906,30.6299991607666,30.6299991607666,304600,2026-10-09
2026-09-24,31.06999969482422,31.06999969482422,31.28499984741211,30.899999618530273,31.1200008392334,395900,2026-10-09
2026-09-25,30.899999618530273,30.899999618530273,31.100000381469727,30.799999237060547,30.950000762939453,302100,2026-10-09
2026-09-28,30.979999542236328,30.979999542236328,31.190000534057617,30.8700008392334,31.190000534057617,251500,2026-10-09
2026-09-29,30.989999771118164,30.989999771118164,31.170000076293945,30.93000030517578,30.940000534057617,196600,2026-10-09
2026-09-30,31.09000015258789,31.09000015258789,31.274999618530273,31.079999923706055,31.219999313354492,332500,2026-10-09
2026-10-01,31.15999984741211,31.15999984741211,31.334999084472656,30.90999984741211,31.149999618530273,425800,2026-10-09
2026-10-02,31.079999923706055,31.079999923706055,31.170000076293945,30.690000534057617,30.829999923706055,235500,2026-10-09
2026-10-05,31.290000915527344,31.290000915527344,31.46500015258789,31.25,31.31999969482422,360900,2026-10-09
2026-10-06,31.40999984741211,31.40999984741211,31.420000076293945,31.079999923706055,31.25,335300,2026-10-09
2026-10-07,31.420000076293945,31.420000076293945,31.735000610351562,31.239999771118164,31.6200008392334,250600,2026-10-09
2026-10-08,31.329999923706055,31.329999923706055,31.635000228881836,31.270000457763672,31.399999618530273,586700,2026-10-09
2026-10-09,,,31.420000076293945,30.979999542236328,31.31999969482422,419342,2026-10-09
