Date,Adj Close,Close,High,Low,Open,Volume,DataCollectedAt
2003-05-01,17.770845413208008,25.4950008392334,25.587499618530273,25.167499542236328,25.25,157200,2026-09-30
2003-05-02,18.1019344329834,25.969999313354492,25.969999313354492,25.467500686645508,25.467500686645508,61200,2026-09-30
2003-05-05,18.140275955200195,26.024999618530273,26.137500762939453,25.934999465942383,26.020000457763672,140000,2026-09-30
2003-05-06,18.284912109375,26.232500076293945,26.352500915527344,26.049999237060547,26.049999237060547,30000,2026-09-30
2003-05-07,18.21346092224121,26.1299991607666,26.3174991607666,26.0,26.075000762939453,20800,2026-09-30
2003-05-08,18.016551971435547,25.84749984741211,26.020000457763672,25.837499618530273,25.889999389648438,92800,2026-09-30
2003-05-09,18.270977020263672,26.212499618530273,26.272499084472656,25.934999465942383,26.049999237060547,28800,2026-09-30
2003-05-12,18.610767364501953,26.700000762939453,26.719999313354492,26.212499618530273,26.25,36800,2026-09-30
2003-05-13,18.56720733642578,26.637500762939453,26.762500762939453,26.55500030517578,26.625,16800,2026-09-30
2003-05-14,18.610767364501953,26.700000762939453,26.700000762939453,26.575000762939453,26.68000030517578,35600,2026-09-30
2003-05-15,18.804197311401367,26.977500915527344,26.977500915527344,26.75749969482422,26.899999618530273,41600,2026-09-30
2003-05-16,18.83730697631836,27.024999618530273,27.024999618530273,26.74250030517578,26.917499542236328,44800,2026-09-30
2003-05-19,18.347646713256836,26.322500228881836,26.912500381469727,26.322500228881836,26.912500381469727,38800,2026-09-30
2003-05-20,18.324983596801758,26.290000915527344,26.4950008392334,26.082500457763672,26.462499618530273,224400,2026-09-30
2003-05-21,18.398174285888672,26.395000457763672,26.395000457763672,26.112499237060547,26.225000381469727,617600,2026-09-30
2003-05-22,18.65955924987793,26.770000457763672,26.809999465942383,26.462499618530273,26.462499618530273,17200,2026-09-30
2003-05-23,18.764116287231445,26.920000076293945,26.93000030517578,26.69499969482422,26.725000381469727,124800,2026-09-30
2003-05-27,19.16839599609375,27.5,27.502500534057617,26.850000381469727,26.850000381469727,28800,2026-09-30
2003-05-28,19.218936920166016,27.572500228881836,27.677499771118164,27.44499969482422,27.56999969482422,136000,2026-09-30
2003-05-29,19.150970458984375,27.475000381469727,27.822500228881836,27.420000076293945,27.63249969482422,92000,2026-09-30
2003-05-30,19.52562713623047,28.012500762939453,28.012500762939453,27.670000076293945,27.674999237060547,19600,2026-09-30
2003-06-02,19.633670806884766,28.167499542236328,28.485000610351562,28.167499542236328,28.274999618530273,49200,2026-09-30
2003-06-03,19.626699447631836,28.157499313354492,28.237499237060547,28.032499313354492,28.112499237060547,129200,2026-09-30
2003-06-04,20.03795051574707,28.747499465942383,28.75749969482422,28.162500381469727,28.162500381469727,144400,2026-09-30
2003-06-05,20.179100036621094,28.950000762939453,28.950000762939453,28.572500228881836,28.572500228881836,31200,2026-09-30
2003-06-06,20.074541091918945,28.799999237060547,29.545000076293945,28.799999237060547,29.237499237060547,57200,2026-09-30
2003-06-09,19.748674392700195,28.332500457763672,28.639999389648438,28.287500381469727,28.600000381469727,104000,2026-09-30
2003-06-10,19.891572952270508,28.537500381469727,28.575000762939453,28.36750030517578,28.549999237060547,70400,2026-09-30
2003-06-11,20.233110427856445,29.02750015258789,29.02750015258789,28.5,28.5,88800,2026-09-30
2003-06-12,20.316762924194336,29.147499084472656,29.212499618530273,28.952499389648438,29.212499618530273,54400,2026-09-30
2003-06-13,20.004840850830078,28.700000762939453,29.137500762939453,28.614999771118164,29.137500762939453,155600,2026-09-30
2003-06-16,20.40912437438965,29.280000686645508,29.280000686645508,28.81999969482422,28.875,63200,2026-09-30
2003-06-17,20.44570541381836,29.332500457763672,29.362499237060547,29.149999618530273,29.362499237060547,34800,2026-09-30
2003-06-18,20.349872589111328,29.19499969482422,29.362499237060547,29.087499618530273,29.200000762939453,29200,2026-09-30
2003-06-19,20.084989547729492,28.815000534057617,29.337499618530273,28.80500030517578,29.274999618530273,62400,2026-09-30
2003-06-20,20.065832138061523,28.787500381469727,29.125,28.77750015258789,28.950000762939453,78000,2026-09-30
2003-06-23,19.783525466918945,28.38249969482422,28.4375,28.25,28.4375,32000,2026-09-30
2003-06-24,19.726024627685547,28.299999237060547,28.399999618530273,28.112499237060547,28.299999237060547,109200,2026-09-30
2003-06-25,19.621463775634766,28.149999618530273,28.520000457763672,28.149999618530273,28.387500762939453,36800,2026-09-30
2003-06-26,19.79050064086914,28.392499923706055,28.4375,28.11750030517578,28.137500762939453,70000,2026-09-30
2003-06-27,19.680713653564453,28.235000610351562,28.512500762939453,28.225000381469727,28.502500534057617,22400,2026-09-30
2003-06-30,19.694660186767578,28.2549991607666,28.462499618530273,28.162500381469727,28.462499618530273,53600,2026-09-30
2003-07-01,19.76087760925293,28.350000381469727,28.375,27.8174991607666,28.162500381469727,62400,2026-09-30
2003-07-02,20.01180648803711,28.709999084472656,28.709999084472656,28.375,28.375,117600,2026-09-30
2003-07-03,19.902021408081055,28.552499771118164,28.760000228881836,28.395000457763672,28.572500228881836,25200,2026-09-30
2003-07-07,20.23659324645996,29.032499313354492,29.094999313354492,28.875,28.875,47600,2026-09-30
2003-07-08,20.424795150756836,29.302499771118164,29.302499771118164,28.962499618530273,29.049999237060547,48800,2026-09-30
2003-07-09,20.436988830566406,29.31999969482422,29.377500534057617,29.1299991607666,29.1875,21600,2026-09-30
2003-07-10,20.05537223815918,28.772499084472656,29.0625,28.645000457763672,29.0625,24800,2026-09-30
2003-07-11,20.177358627319336,28.947500228881836,29.037500381469727,28.8700008392334,28.912500381469727,17200,2026-09-30
2003-07-14,20.471845626831055,29.3700008392334,29.452499389648438,29.252500534057617,29.280000686645508,28800,2026-09-30
2003-07-15,20.213953018188477,29.0,29.3125,28.967500686645508,29.3125,98000,2026-09-30
2003-07-16,20.03795051574707,28.747499465942383,29.087499618530273,28.655000686645508,29.087499618530273,27200,2026-09-30
2003-07-17,19.74344825744629,28.325000762939453,28.642499923706055,28.325000762939453,28.642499923706055,14800,2026-09-30
2003-07-18,20.01180648803711,28.709999084472656,28.747499465942383,28.387500762939453,28.387500762939453,22800,2026-09-30
2003-07-21,19.75042152404785,28.334999084472656,28.407499313354492,28.325000762939453,28.407499313354492,70800,2026-09-30
2003-07-22,19.99786949157715,28.690000534057617,28.700000762939453,28.325000762939453,28.325000762939453,26800,2026-09-30
2003-07-23,19.834060668945312,28.454999923706055,28.725000381469727,28.454999923706055,28.725000381469727,22400,2026-09-30
2003-07-24,19.917709350585938,28.575000762939453,29.00749969482422,28.575000762939453,28.912500381469727,16400,2026-09-30
2003-07-25,20.22266387939453,29.012500762939453,29.012500762939453,28.690000534057617,28.712499618530273,10000,2026-09-30
2003-07-28,20.262739181518555,29.06999969482422,29.149999618530273,29.032499313354492,29.149999618530273,15200,2026-09-30
2003-07-29,20.10939598083496,28.850000381469727,29.084999084472656,28.71500015258789,29.084999084472656,14800,2026-09-30
2003-07-30,20.067569732666016,28.790000915527344,28.9424991607666,28.790000915527344,28.827499389648438,24800,2026-09-30
2003-07-31,20.158185958862305,28.920000076293945,29.290000915527344,28.912500381469727,28.912500381469727,126000,2026-09-30
2003-08-01,20.029239654541016,28.735000610351562,28.764999389648438,28.6200008392334,28.6924991607666,48000,2026-09-30
2003-08-04,19.994380950927734,28.684999465942383,28.7549991607666,28.325000762939453,28.697500228881836,39600,2026-09-30
2003-08-05,19.631925582885742,28.165000915527344,28.662500381469727,28.165000915527344,28.662500381469727,42400,2026-09-30
2003-08-06,19.682470321655273,28.237499237060547,28.364999771118164,28.045000076293945,28.112499237060547,24800,2026-09-30
2003-08-07,19.75042152404785,28.334999084472656,28.3700008392334,28.197500228881836,28.200000762939453,25600,2026-09-30
2003-08-08,19.82361602783203,28.440000534057617,28.482500076293945,28.354999542236328,28.457500457763672,62800,2026-09-30
2003-08-11,19.90376853942871,28.55500030517578,28.657499313354492,28.3700008392334,28.559999465942383,16400,2026-09-30
2003-08-12,20.093704223632812,28.827499389648438,28.84749984741211,28.55500030517578,28.55500030517578,64400,2026-09-30
2003-08-13,20.057104110717773,28.774999618530273,28.987499237060547,28.762500762939453,28.987499237060547,48400,2026-09-30
2003-08-14,20.267967224121094,29.077499389648438,29.100000381469727,28.862499237060547,28.90999984741211,34400,2026-09-30
2003-08-15,20.3115291595459,29.139999389648438,29.139999389648438,29.139999389648438,29.139999389648438,4400,2026-09-30
2003-08-18,20.545040130615234,29.475000381469727,29.475000381469727,29.200000762939453,29.200000762939453,74800,2026-09-30
2003-08-19,20.673980712890625,29.65999984741211,29.65999984741211,29.424999237060547,29.549999237060547,67200,2026-09-30
2003-08-20,20.682701110839844,29.672500610351562,29.747499465942383,29.5,29.524999618530273,50800,2026-09-30
2003-08-21,20.853473663330078,29.917499542236328,30.00749969482422,29.737499237060547,29.832500457763672,121200,2026-09-30
2003-08-22,20.623451232910156,29.587499618530273,30.155000686645508,29.587499618530273,30.149999618530273,108400,2026-09-30
2003-08-25,20.5833683013916,29.530000686645508,29.549999237060547,29.427499771118164,29.549999237060547,42400,2026-09-30
2003-08-26,20.66179656982422,29.642499923706055,29.642499923706055,29.204999923706055,29.5,18000,2026-09-30
2003-08-27,20.72800064086914,29.737499237060547,29.737499237060547,29.575000762939453,29.575000762939453,14400,2026-09-30
2003-08-28,20.905750274658203,29.99250030517578,29.99250030517578,29.592500686645508,29.799999237060547,9200,2026-09-30
2003-08-29,21.027732849121094,30.167499542236328,30.235000610351562,29.825000762939453,29.825000762939453,125200,2026-09-30
2003-09-02,21.3361759185791,30.610000610351562,30.6299991607666,30.177499771118164,30.362499237060547,55600,2026-09-30
2003-09-03,21.390188217163086,30.6875,30.8125,30.625,30.625,279600,2026-09-30
2003-09-04,21.407611846923828,30.712499618530273,30.7450008392334,30.56999969482422,30.674999237060547,18800,2026-09-30
2003-09-05,21.32223129272461,30.59000015258789,30.752500534057617,30.475000381469727,30.565000534057617,37600,2026-09-30
2003-09-08,21.49473762512207,30.837499618530273,30.854999542236328,30.645000457763672,30.645000457763672,34400,2026-09-30
2003-09-09,21.308292388916016,30.56999969482422,30.787500381469727,30.537500381469727,30.787500381469727,35600,2026-09-30
2003-09-10,20.92841148376465,30.024999618530273,30.36750030517578,30.00749969482422,30.334999084472656,160000,2026-09-30
2003-09-11,21.07303810119629,30.232500076293945,30.325000762939453,30.065000534057617,30.1875,106800,2026-09-30
2003-09-12,21.13228988647461,30.3174991607666,30.357500076293945,29.967500686645508,30.170000076293945,293600,2026-09-30
2003-09-15,21.07303810119629,30.232500076293945,30.362499237060547,29.924999237060547,30.362499237060547,420800,2026-09-30
2003-09-16,21.372764587402344,30.662500381469727,30.662500381469727,30.332500457763672,30.364999771118164,65600,2026-09-30
2003-09-17,21.329195022583008,30.600000381469727,30.725000381469727,30.587499618530273,30.674999237060547,76000,2026-09-30
2003-09-18,21.58186912536621,30.962499618530273,30.989999771118164,30.565000534057617,30.612499237060547,99200,2026-09-30
2003-09-19,21.577842712402344,30.802499771118164,30.837499618530273,30.655000686645508,30.75,77200,2026-09-30
2003-09-22,21.285375595092773,30.385000228881836,30.469999313354492,30.299999237060547,30.375,30800,2026-09-30
2003-09-23,21.44124412536621,30.607500076293945,30.607500076293945,30.420000076293945,30.420000076293945,29200,2026-09-30
2003-09-24,21.08922576904297,30.104999542236328,30.607500076293945,30.075000762939453,30.607500076293945,84800,2026-09-30
2003-09-25,20.85456085205078,29.770000457763672,30.125,29.770000457763672,30.125,156000,2026-09-30
2003-09-26,20.686426162719727,29.530000686645508,29.674999237060547,29.5,29.649999618530273,41600,2026-09-30
2003-09-29,20.81252098083496,29.709999084472656,29.71500015258789,29.482500076293945,29.625,20000,2026-09-30
2003-09-30,20.716197967529297,29.572500228881836,29.69499969482422,29.34000015258789,29.69499969482422,32000,2026-09-30
2003-10-01,21.082231521606445,30.094999313354492,30.094999313354492,29.649999618530273,29.649999618530273,10800,2026-09-30
2003-10-02,21.190805435180664,30.25,30.267499923706055,30.13249969482422,30.260000228881836,21600,2026-09-30
2003-10-03,21.439489364624023,30.604999542236328,30.895000457763672,30.594999313354492,30.762500762939453,181200,2026-09-30
2003-10-06,21.570842742919922,30.792499542236328,30.825000762939453,30.6299991607666,30.717500686645508,52400,2026-09-30
2003-10-07,21.675918579101562,30.9424991607666,30.9424991607666,30.56999969482422,30.649999618530273,35200,2026-09-30
2003-10-08,21.61637306213379,30.857500076293945,30.989999771118164,30.792499542236328,30.962499618530273,64000,2026-09-30
2003-10-09,21.751222610473633,31.049999237060547,31.342500686645508,30.97249984741211,31.200000762939453,73200,2026-09-30
2003-10-10,21.733713150024414,31.024999618530273,31.11750030517578,30.97249984741211,31.100000381469727,88800,2026-09-30
2003-10-13,21.95262908935547,31.337499618530273,31.427499771118164,31.227500915527344,31.227500915527344,82800,2026-09-30
2003-10-14,22.03144073486328,31.450000762939453,31.454999923706055,31.219999313354492,31.287500381469727,89200,2026-09-30
2003-10-15,21.96663475036621,31.357500076293945,31.587499618530273,31.272499084472656,31.575000762939453,54400,2026-09-30
2003-10-16,22.001659393310547,31.407499313354492,31.512500762939453,31.262500762939453,31.262500762939453,77200,2026-09-30
2003-10-17,21.740720748901367,31.03499984741211,31.292499542236328,31.0,31.292499542236328,124000,2026-09-30
2003-10-20,21.82127571105957,31.149999618530273,31.149999618530273,30.982500076293945,31.112499237060547,58800,2026-09-30
2003-10-21,21.861549377441406,31.207500457763672,31.28499984741211,31.137500762939453,31.200000762939453,76000,2026-09-30
2003-10-22,21.54107666015625,30.75,30.952499389648438,30.719999313354492,30.950000762939453,93200,2026-09-30
2003-10-23,21.55858039855957,30.774999618530273,30.837499618530273,30.542499542236328,30.612499237060547,88400,2026-09-30
2003-10-24,21.4534969329834,30.625,30.647499084472656,30.375,30.587499618530273,201600,2026-09-30
2003-10-27,21.593616485595703,30.825000762939453,31.0,30.825000762939453,30.912500381469727,63200,2026-09-30
2003-10-28,21.95262908935547,31.337499618530273,31.337499618530273,31.0,31.037500381469727,79600,2026-09-30
2003-10-29,22.036691665649414,31.457500457763672,31.475000381469727,31.280000686645508,31.287500381469727,65200,2026-09-30
2003-10-30,22.14527130126953,31.612499237060547,31.674999237060547,31.399999618530273,31.674999237060547,378400,2026-09-30
2003-10-31,22.150524139404297,31.6200008392334,31.700000762939453,31.530000686645508,31.662500381469727,76400,2026-09-30
2003-11-03,22.339662551879883,31.889999389648438,31.957500457763672,31.6875,31.782499313354492,90000,2026-09-30
2003-11-04,22.24159812927246,31.75,31.927499771118164,31.732500076293945,31.832500457763672,149600,2026-09-30
2003-11-05,22.27311134338379,31.795000076293945,31.822500228881836,31.559999465942383,31.649999618530273,66800,2026-09-30
2003-11-06,22.407962799072266,31.987499237060547,31.987499237060547,31.672500610351562,31.825000762939453,158000,2026-09-30
2003-11-07,22.371185302734375,31.934999465942383,32.17499923706055,31.93000030517578,32.087501525878906,217200,2026-09-30
2003-11-10,22.140024185180664,31.604999542236328,31.905000686645508,31.604999542236328,31.905000686645508,40800,2026-09-30
2003-11-11,22.13475799560547,31.59749984741211,31.65999984741211,31.502500534057617,31.65999984741211,125200,2026-09-30
2003-11-12,22.444738388061523,32.040000915527344,32.040000915527344,31.6875,31.6875,88800,2026-09-30
2003-11-13,22.495534896850586,32.11249923706055,32.11249923706055,31.927499771118164,32.025001525878906,53200,2026-09-30
2003-11-14,22.26786231994629,31.787500381469727,32.26250076293945,31.75,32.14500045776367,70000,2026-09-30
2003-11-17,22.05419921875,31.482500076293945,31.75,31.274999618530273,31.737499237060547,182400,2026-09-30
2003-11-18,21.831785202026367,31.165000915527344,31.665000915527344,31.165000915527344,31.582500457763672,102000,2026-09-30
2003-11-19,21.963136672973633,31.352500915527344,31.352500915527344,31.18000030517578,31.200000762939453,30800,2026-09-30
2003-11-20,21.812519073486328,31.137500762939453,31.482500076293945,31.107500076293945,31.149999618530273,90000,2026-09-30
2003-11-21,21.907093048095703,31.272499084472656,31.30500030517578,31.110000610351562,31.274999618530273,76400,2026-09-30
2003-11-24,22.320402145385742,31.862499237060547,31.862499237060547,31.524999618530273,31.524999618530273,88000,2026-09-30
2003-11-25,22.46225929260254,32.064998626708984,32.15999984741211,31.844999313354492,31.862499237060547,134000,2026-09-30
2003-11-26,22.56207275390625,32.20750045776367,32.209999084472656,31.920000076293945,32.14500045776367,82000,2026-09-30
2003-11-28,22.618122100830078,32.287498474121094,32.33000183105469,32.23749923706055,32.26250076293945,71200,2026-09-30
2003-12-01,22.886064529418945,32.66999816894531,32.68000030517578,32.375,32.375,73200,2026-09-30
2003-12-02,22.802001953125,32.54999923706055,32.689998626708984,32.54249954223633,32.650001525878906,134800,2026-09-30
2003-12-03,22.77574348449707,32.51250076293945,32.79249954223633,32.50749969482422,32.73749923706055,94400,2026-09-30
2003-12-04,22.759979248046875,32.4900016784668,32.584999084472656,32.35499954223633,32.5625,46800,2026-09-30
2003-12-05,22.600603103637695,32.26250076293945,32.50749969482422,32.25,32.4375,44400,2026-09-30
2003-12-08,22.76698112487793,32.5,32.5,32.25749969482422,32.349998474121094,54000,2026-09-30
2003-12-09,22.563833236694336,32.209999084472656,32.5625,32.1875,32.5625,35600,2026-09-30
2003-12-10,22.388700485229492,31.959999084472656,32.25,31.892499923706055,32.25,39200,2026-09-30
2003-12-11,22.784507751464844,32.525001525878906,32.58000183105469,32.087501525878906,32.087501525878906,42800,2026-09-30
2003-12-12,22.8720703125,32.650001525878906,32.65999984741211,32.400001525878906,32.48749923706055,33600,2026-09-30
2003-12-15,22.68816566467285,32.38750076293945,33.025001525878906,32.38750076293945,33.025001525878906,233600,2026-09-30
2003-12-16,22.763477325439453,32.494998931884766,32.54249954223633,32.252498626708984,32.462501525878906,52800,2026-09-30
2003-12-17,22.8317813873291,32.592498779296875,32.592498779296875,32.404998779296875,32.5,53200,2026-09-30
2003-12-18,23.16628074645996,33.06999969482422,33.10749816894531,32.66749954223633,32.66749954223633,40400,2026-09-30
2003-12-19,23.18910789489746,33.00749969482422,33.0625,32.86000061035156,33.0625,77200,2026-09-30
2003-12-22,23.283952713012695,33.14250183105469,33.14250183105469,32.92499923706055,32.92499923706055,22400,2026-09-30
2003-12-23,23.4367618560791,33.36000061035156,33.36000061035156,33.227500915527344,33.23749923706055,126000,2026-09-30
2003-12-24,23.392845153808594,33.29750061035156,33.345001220703125,33.2400016784668,33.32500076293945,70400,2026-09-30
2003-12-26,23.44905662536621,33.377498626708984,33.459999084472656,33.3650016784668,33.38750076293945,25200,2026-09-30
2003-12-29,23.728321075439453,33.775001525878906,33.775001525878906,33.48749923706055,33.54499816894531,70800,2026-09-30
2003-12-30,23.75992774963379,33.81999969482422,33.81999969482422,33.712501525878906,33.8125,85600,2026-09-30
2003-12-31,23.789791107177734,33.86249923706055,33.904998779296875,33.72249984741211,33.875,90800,2026-09-30
2004-01-02,23.677371978759766,33.70249938964844,34.02000045776367,33.61249923706055,34.0,61600,2026-09-30
2004-01-05,23.974210739135742,34.125,34.125,33.73749923706055,33.73749923706055,105200,2026-09-30
2004-01-06,24.02337646484375,34.19499969482422,34.224998474121094,34.025001525878906,34.099998474121094,138000,2026-09-30
2004-01-07,24.037425994873047,34.21500015258789,34.23500061035156,33.95000076293945,34.16999816894531,97600,2026-09-30
2004-01-08,24.220081329345703,34.474998474121094,34.474998474121094,34.279998779296875,34.42499923706055,47600,2026-09-30
2004-01-09,24.091880798339844,34.29249954223633,34.584999084472656,34.224998474121094,34.27000045776367,80000,2026-09-30
2004-01-12,24.237653732299805,34.5,34.5,34.26499938964844,34.375,32800,2026-09-30
2004-01-13,24.10417366027832,34.310001373291016,34.560001373291016,34.150001525878906,34.560001373291016,50000,2026-09-30
2004-01-14,24.32196617126465,34.619998931884766,34.63249969482422,34.4375,34.462501525878906,139600,2026-09-30
2004-01-15,24.388702392578125,34.71500015258789,34.84000015258789,34.44499969482422,34.70500183105469,95600,2026-09-30
2004-01-16,24.615270614624023,35.037498474121094,35.037498474121094,34.86000061035156,34.915000915527344,81200,2026-09-30
2004-01-20,24.664453506469727,35.10749816894531,35.16999816894531,34.935001373291016,35.150001525878906,64400,2026-09-30
2004-01-21,24.769832611083984,35.25749969482422,35.342498779296875,34.93000030517578,35.087501525878906,137600,2026-09-30
2004-01-22,24.674985885620117,35.122501373291016,35.404998779296875,35.122501373291016,35.400001525878906,87600,2026-09-30
2004-01-23,24.615270614624023,35.037498474121094,35.29999923706055,34.9375,35.17499923706055,58000,2026-09-30
2004-01-26,24.83482551574707,35.349998474121094,35.349998474121094,34.970001220703125,35.07500076293945,28000,2026-09-30
2004-01-27,24.64337730407715,35.07749938964844,35.369998931884766,35.067501068115234,35.29999923706055,106000,2026-09-30
2004-01-28,24.31669807434082,34.61249923706055,35.224998474121094,34.537498474121094,35.224998474121094,175600,2026-09-30
2004-01-29,24.32196617126465,34.619998931884766,34.787498474121094,34.23249816894531,34.7400016784668,82400,2026-09-30
2004-01-30,24.353572845458984,34.665000915527344,34.689998626708984,34.494998931884766,34.63750076293945,26800,2026-09-30
2004-02-02,24.379920959472656,34.70249938964844,34.9375,34.522499084472656,34.724998474121094,114000,2026-09-30
2004-02-03,24.386940002441406,34.712501525878906,34.779998779296875,34.63750076293945,34.6875,22800,2026-09-30
2004-02-04,24.12701416015625,34.342498779296875,34.529998779296875,34.255001068115234,34.525001525878906,196400,2026-09-30
2004-02-05,24.191980361938477,34.435001373291016,34.52750015258789,34.3224983215332,34.349998474121094,61200,2026-09-30
2004-02-06,24.559070587158203,34.95750045776367,34.96500015258789,34.494998931884766,34.584999084472656,64000,2026-09-30
2004-02-09,24.580135345458984,34.98749923706055,35.125,34.962501525878906,35.0625,271600,2026-09-30
2004-02-10,24.68903350830078,35.14250183105469,35.17499923706055,34.98749923706055,34.98749923706055,32800,2026-09-30
2004-02-11,24.98761558532715,35.567501068115234,35.599998474121094,35.087501525878906,35.17499923706055,254800,2026-09-30
2004-02-12,24.913856506347656,35.462501525878906,35.6349983215332,35.462501525878906,35.5625,261600,2026-09-30
2004-02-13,24.746986389160156,35.224998474121094,35.505001068115234,35.1150016784668,35.505001068115234,93200,2026-09-30
2004-02-17,25.022743225097656,35.61750030517578,35.665000915527344,35.46500015258789,35.5,133600,2026-09-30
2004-02-18,24.93491554260254,35.49250030517578,35.650001525878906,35.41999816894531,35.650001525878906,54000,2026-09-30
2004-02-19,24.780364990234375,35.272499084472656,35.724998474121094,35.272499084472656,35.724998474121094,51600,2026-09-30
2004-02-20,24.674985885620117,35.122501373291016,35.400001525878906,34.92499923706055,35.400001525878906,144400,2026-09-30
2004-02-23,24.51866340637207,34.900001525878906,35.23749923706055,34.81999969482422,35.23749923706055,59200,2026-09-30
2004-02-24,24.45368766784668,34.807498931884766,34.97249984741211,34.67499923706055,34.875,178000,2026-09-30
2004-02-25,24.62931251525879,35.057498931884766,35.07749938964844,34.81999969482422,34.912498474121094,90000,2026-09-30
2004-02-26,24.732955932617188,35.20500183105469,35.224998474121094,34.89500045776367,35.025001525878906,92800,2026-09-30
2004-02-27,24.81724739074707,35.32500076293945,35.459999084472656,35.165000915527344,35.20000076293945,127200,2026-09-30
2004-03-01,25.128131866455078,35.76750183105469,35.79249954223633,35.47249984741211,35.5,80000,2026-09-30
2004-03-02,25.028017044067383,35.625,35.78499984741211,35.58250045776367,35.75,72000,2026-09-30
2004-03-03,25.03855323791504,35.63999938964844,35.65999984741211,35.35749816894531,35.57500076293945,22800,2026-09-30
2004-03-04,25.133394241333008,35.775001525878906,35.775001525878906,35.57500076293945,35.6875,66000,2026-09-30
2004-03-05,25.228242874145508,35.90999984741211,36.040000915527344,35.622501373291016,35.662498474121094,55600,2026-09-30
2004-03-08,24.940200805664062,35.5,35.935001373291016,35.5,35.92499923706055,92800,2026-09-30
2004-03-09,24.738218307495117,35.212501525878906,35.537498474121094,35.11249923706055,35.537498474121094,56400,2026-09-30
2004-03-10,24.3553409576416,34.66749954223633,35.22999954223633,34.5625,35.22999954223633,164400,2026-09-30
2004-03-11,23.94961929321289,34.09000015258789,34.6974983215332,34.0625,34.375,352800,2026-09-30
2004-03-12,24.307907104492188,34.599998474121094,34.602500915527344,34.279998779296875,34.287498474121094,113600,2026-09-30
2004-03-15,23.930294036865234,34.0625,34.5,34.0625,34.474998474121094,182000,2026-09-30
2004-03-16,24.04972267150879,34.23249816894531,34.349998474121094,33.959999084472656,34.275001525878906,129600,2026-09-30
2004-03-17,24.422077178955078,34.76250076293945,34.81999969482422,34.462501525878906,34.497501373291016,81200,2026-09-30
2004-03-18,24.413291931152344,34.75,34.775001525878906,34.38249969482422,34.712501525878906,157600,2026-09-30
2004-03-19,24.190404891967773,34.349998474121094,34.662498474121094,34.349998474121094,34.662498474121094,60800,2026-09-30
2004-03-22,23.7995548248291,33.79499816894531,34.23749923706055,33.665000915527344,34.23749923706055,217200,2026-09-30
2004-03-23,23.801311492919922,33.79750061035156,34.032501220703125,33.6974983215332,33.98749923706055,214000,2026-09-30
2004-03-24,23.73616600036621,33.70500183105469,33.904998779296875,33.587501525878906,33.837501525878906,90000,2026-09-30
2004-03-25,24.13758087158203,34.275001525878906,34.337501525878906,33.8849983215332,33.95000076293945,88800,2026-09-30
2004-03-26,24.186885833740234,34.345001220703125,34.46500015258789,34.272499084472656,34.275001525878906,30000,2026-09-30
2004-03-29,24.422792434692383,34.68000030517578,34.807498931884766,34.537498474121094,34.537498474121094,111200,2026-09-30
2004-03-30,24.609413146972656,34.94499969482422,34.98249816894531,34.68000030517578,34.68000030517578,133200,2026-09-30
2004-03-31,24.648157119750977,35.0,35.10749816894531,34.810001373291016,34.939998626708984,81600,2026-09-30
2004-04-01,24.79956817626953,35.21500015258789,35.29750061035156,35.07749938964844,35.099998474121094,79600,2026-09-30
2004-04-02,25.079498291015625,35.61249923706055,35.67499923706055,35.40250015258789,35.67499923706055,536000,2026-09-30
2004-04-05,25.225618362426758,35.81999969482422,35.81999969482422,35.54999923706055,35.599998474121094,108400,2026-09-30
2004-04-06,25.174579620361328,35.747501373291016,35.747501373291016,35.60749816894531,35.662498474121094,52400,2026-09-30
2004-04-07,25.044282913208008,35.5625,35.709999084472656,35.42499923706055,35.6875,56400,2026-09-30
2004-04-08,25.017879486083984,35.525001525878906,35.81999969482422,35.40250015258789,35.8125,33200,2026-09-30
2004-04-12,25.098861694335938,35.63999938964844,35.752498626708984,35.54999923706055,35.54999923706055,35200,2026-09-30
2004-04-13,24.71504783630371,35.095001220703125,35.709999084472656,35.025001525878906,35.70000076293945,30000,2026-09-30
2004-04-14,24.560121536254883,34.875,35.14500045776367,34.84000015258789,34.912498474121094,43200,2026-09-30
2004-04-15,24.61117935180664,34.9474983215332,35.182498931884766,34.75,35.04999923706055,30400,2026-09-30
2004-04-16,24.77138900756836,35.17499923706055,35.189998626708984,34.875,35.04999923706055,38800,2026-09-30
2004-04-19,24.77138900756836,35.17499923706055,35.1775016784668,34.959999084472656,35.150001525878906,36400,2026-09-30
2004-04-20,24.408710479736328,34.65999984741211,35.314998626708984,34.65999984741211,35.23749923706055,90800,2026-09-30
2004-04-21,24.560121536254883,34.875,34.90250015258789,34.557498931884766,34.625,128400,2026-09-30
2004-04-22,25.024906158447266,35.53499984741211,35.58000183105469,34.875,34.875,92000,2026-09-30
2004-04-23,24.96153450012207,35.44499969482422,35.525001525878906,35.24250030517578,35.525001525878906,64400,2026-09-30
2004-04-26,24.79603385925293,35.209999084472656,35.59749984741211,35.20000076293945,35.525001525878906,104400,2026-09-30
2004-04-27,24.83477020263672,35.26499938964844,35.61000061035156,35.26499938964844,35.32500076293945,25600,2026-09-30
2004-04-28,24.463293075561523,34.73749923706055,35.125,34.724998474121094,35.125,98000,2026-09-30
2004-04-29,24.18160057067871,34.337501525878906,34.849998474121094,34.13750076293945,34.6974983215332,307600,2026-09-30
2004-04-30,24.06716537475586,34.17499923706055,34.477500915527344,34.07749938964844,34.38750076293945,62800,2026-09-30
2004-05-03,24.225610733032227,34.400001525878906,34.439998626708984,34.13750076293945,34.150001525878906,59600,2026-09-30
2004-05-04,24.296030044555664,34.5,34.752498626708984,34.33000183105469,34.45000076293945,68800,2026-09-30
2004-05-05,24.36821937561035,34.602500915527344,34.66749954223633,34.48749923706055,34.48749923706055,53200,2026-09-30
2004-05-06,24.128786087036133,34.26250076293945,34.4375,34.067501068115234,34.4375,124400,2026-09-30
2004-05-07,23.69919204711914,33.65250015258789,34.29999923706055,33.64500045776367,34.25,338800,2026-09-30
2004-05-10,23.34532356262207,33.150001525878906,33.404998779296875,32.959999084472656,33.32500076293945,351600,2026-09-30
2004-05-11,23.609413146972656,33.525001525878906,33.54999923706055,33.375,33.41749954223633,423600,2026-09-30
2004-05-12,23.619976043701172,33.540000915527344,33.557498931884766,32.907501220703125,33.400001525878906,192800,2026-09-30
2004-05-13,23.707998275756836,33.665000915527344,33.787498474121094,33.43000030517578,33.5625,101200,2026-09-30
2004-05-14,23.649900436401367,33.58250045776367,33.76750183105469,33.34749984741211,33.625,178000,2026-09-30
2004-05-17,23.352365493774414,33.15999984741211,33.30500030517578,33.002498626708984,33.1349983215332,81200,2026-09-30
2004-05-18,23.579469680786133,33.48249816894531,33.505001068115234,33.380001068115234,33.474998474121094,44800,2026-09-30
2004-05-19,23.531951904296875,33.415000915527344,33.99250030517578,33.407501220703125,33.76250076293945,306800,2026-09-30
2004-05-20,23.565399169921875,33.462501525878906,33.50749969482422,33.334999084472656,33.375,32800,2026-09-30
2004-05-21,23.619976043701172,33.540000915527344,33.73500061035156,33.48249816894531,33.61249923706055,100400,2026-09-30
2004-05-24,23.811878204345703,33.8125,33.93000030517578,33.64250183105469,33.875,96400,2026-09-30
2004-05-25,24.239686965942383,34.41999816894531,34.41999816894531,33.627498626708984,33.63999938964844,218800,2026-09-30
2004-05-26,24.287233352661133,34.48749923706055,34.54249954223633,34.31999969482422,34.375,362400,2026-09-30
2004-05-27,24.405187606811523,34.654998779296875,34.82749938964844,34.51499938964844,34.70000076293945,404000,2026-09-30
2004-05-28,24.48793601989746,34.772499084472656,34.775001525878906,34.60749816894531,34.625,106000,2026-09-30
2004-06-01,24.45976448059082,34.73249816894531,34.79999923706055,34.54750061035156,34.650001525878906,114000,2026-09-30
2004-06-02,24.542518615722656,34.849998474121094,34.935001373291016,34.662498474121094,34.897499084472656,154800,2026-09-30
2004-06-03,24.296030044555664,34.5,34.76250076293945,34.5,34.712501525878906,81200,2026-09-30
2004-06-04,24.44743537902832,34.71500015258789,34.875,34.657501220703125,34.775001525878906,177200,2026-09-30
2004-06-07,24.912242889404297,35.375,35.375,34.915000915527344,34.967498779296875,265200,2026-09-30
2004-06-08,24.901668548583984,35.36000061035156,35.38999938964844,35.17499923706055,35.3125,262800,2026-09-30
2004-06-09,24.637588500976562,34.98500061035156,35.34000015258789,34.98249816894531,35.32500076293945,251600,2026-09-30
2004-06-10,24.74323081970215,35.1349983215332,35.20249938964844,35.060001373291016,35.162498474121094,128800,2026-09-30
2004-06-14,24.454496383666992,34.724998474121094,35.01499938964844,34.64500045776367,35.01250076293945,189200,2026-09-30
2004-06-15,24.660470962524414,35.01750183105469,35.17250061035156,34.92250061035156,35.01250076293945,91600,2026-09-30
2004-06-16,24.713293075561523,35.092498779296875,35.127498626708984,34.962501525878906,35.04999923706055,111200,2026-09-30
2004-06-17,24.69216537475586,35.0625,35.07749938964844,34.8650016784668,35.029998779296875,120800,2026-09-30
2004-06-18,24.756946563720703,35.064998626708984,35.192501068115234,34.92499923706055,34.92499923706055,60400,2026-09-30
2004-06-21,24.68458366394043,34.962501525878906,35.16749954223633,34.92499923706055,35.11249923706055,82000,2026-09-30
2004-06-22,24.825786590576172,35.162498474121094,35.20500183105469,34.845001220703125,34.962501525878906,103200,2026-09-30
2004-06-23,25.1293888092041,35.592498779296875,35.622501373291016,35.15999984741211,35.224998474121094,74800,2026-09-30
2004-06-24,25.06936264038086,35.50749969482422,35.70000076293945,35.310001373291016,35.557498931884766,168000,2026-09-30
2004-06-25,25.09054183959961,35.537498474121094,35.712501525878906,35.45000076293945,35.557498931884766,81600,2026-09-30
2004-06-28,24.99699592590332,35.404998779296875,35.724998474121094,35.25,35.709999084472656,390400,2026-09-30
2004-06-29,25.06053924560547,35.494998931884766,35.54249954223633,35.38249969482422,35.4375,333600,2026-09-30
2004-06-30,25.231752395629883,35.73749923706055,35.772499084472656,35.439998626708984,35.599998474121094,417600,2026-09-30
2004-07-01,24.887563705444336,35.25,35.75749969482422,35.1150016784668,35.724998474121094,104400,2026-09-30
2004-07-02,24.802841186523438,35.130001068115234,35.224998474121094,35.01499938964844,35.224998474121094,85200,2026-09-30
2004-07-06,24.520423889160156,34.72999954223633,34.974998474121094,34.66999816894531,34.974998474121094,291600,2026-09-30
2004-07-07,24.55925750732422,34.78499984741211,34.875,34.712501525878906,34.82500076293945,140800,2026-09-30
2004-07-08,24.292734146118164,34.407501220703125,34.71500015258789,34.400001525878906,34.67499923706055,177200,2026-09-30
2004-07-09,24.368633270263672,34.51499938964844,34.599998474121094,34.45750045776367,34.599998474121094,72000,2026-09-30
2004-07-12,24.340391159057617,34.474998474121094,34.567501068115234,34.275001525878906,34.525001525878906,110800,2026-09-30
2004-07-13,24.37921714782715,34.529998779296875,34.57500076293945,34.46500015258789,34.57500076293945,107200,2026-09-30
2004-07-14,24.283893585205078,34.39500045776367,34.70000076293945,34.287498474121094,34.287498474121094,85200,2026-09-30
2004-07-15,24.345680236816406,34.48249816894531,34.61750030517578,34.412498474121094,34.5,56400,2026-09-30
2004-07-16,24.15857696533203,34.217498779296875,34.58250045776367,34.217498779296875,34.58250045776367,120000,2026-09-30
2004-07-19,24.14621925354004,34.20000076293945,34.334999084472656,34.04999923706055,34.275001525878906,203600,2026-09-30
2004-07-20,24.358034133911133,34.5,34.5,34.16999816894531,34.224998474121094,243200,2026-09-30
2004-07-21,23.98031234741211,33.96500015258789,34.70500183105469,33.962501525878906,34.662498474121094,182800,2026-09-30
2004-07-22,23.952068328857422,33.92499923706055,34.02750015258789,33.537498474121094,33.88750076293945,413200,2026-09-30
2004-07-23,23.743791580200195,33.630001068115234,33.79249954223633,33.537498474121094,33.79249954223633,98400,2026-09-30
2004-07-26,23.629058837890625,33.467498779296875,33.7599983215332,33.29499816894531,33.650001525878906,107600,2026-09-30
2004-07-27,23.842636108398438,33.77000045776367,33.814998626708984,33.43000030517578,33.45000076293945,84400,2026-09-30
2004-07-28,23.814401626586914,33.72999954223633,33.842498779296875,33.33000183105469,33.712501525878906,202800,2026-09-30
2004-07-29,24.04032325744629,34.04999923706055,34.1150016784668,33.83000183105469,33.83000183105469,153200,2026-09-30
2004-07-30,24.077396392822266,34.102500915527344,34.154998779296875,33.970001220703125,34.0,124800,2026-09-30
2004-08-02,24.170940399169922,34.23500061035156,34.252498626708984,33.939998626708984,33.974998474121094,121600,2026-09-30
2004-08-03,23.9432373046875,33.912498474121094,34.1775016784668,33.88999938964844,34.1775016784668,128800,2026-09-30
2004-08-04,23.895597457885742,33.845001220703125,33.939998626708984,33.602500915527344,33.75,151200,2026-09-30
2004-08-05,23.463150024414062,33.23249816894531,33.79999923706055,33.23249816894531,33.79999923706055,92800,2026-09-30
2004-08-06,23.041292190551758,32.6349983215332,32.97249984741211,32.622501373291016,32.79499816894531,364400,2026-09-30
2004-08-09,23.168384552001953,32.814998626708984,32.86249923706055,32.6974983215332,32.79999923706055,166800,2026-09-30
2004-08-10,23.433135986328125,33.189998626708984,33.20000076293945,32.88249969482422,32.95000076293945,160400,2026-09-30
2004-08-11,23.348413467407227,33.06999969482422,33.122501373291016,32.83250045776367,32.95000076293945,136000,2026-09-30
2004-08-12,23.087186813354492,32.70000076293945,32.98749923706055,32.665000915527344,32.962501525878906,283600,2026-09-30
2004-08-13,23.051897048950195,32.650001525878906,32.79999923706055,32.59000015258789,32.79999923706055,82800,2026-09-30
2004-08-16,23.484331130981445,33.26250076293945,33.26250076293945,32.82500076293945,32.82500076293945,108400,2026-09-30
2004-08-17,23.546100616455078,33.349998474121094,33.5525016784668,33.33000183105469,33.4375,84000,2026-09-30
2004-08-18,23.840871810913086,33.76750183105469,33.779998779296875,33.29999923706055,33.29999923706055,217600,2026-09-30
2004-08-19,23.752614974975586,33.64250183105469,33.76750183105469,33.522499084472656,33.76750183105469,154800,2026-09-30
2004-08-20,23.989131927490234,33.977500915527344,33.9900016784668,33.65999984741211,33.709999084472656,160400,2026-09-30
2004-08-23,23.872648239135742,33.8125,34.04249954223633,33.8125,34.04249954223633,114400,2026-09-30
2004-08-24,23.872648239135742,33.8125,34.01250076293945,33.720001220703125,34.01250076293945,101200,2026-09-30
2004-08-25,24.119741439819336,34.162498474121094,34.162498474121094,33.73749923706055,33.82500076293945,220000,2026-09-30
2004-08-26,24.0932674407959,34.125,34.13750076293945,34.067501068115234,34.11249923706055,62800,2026-09-30
2004-08-27,24.137393951416016,34.1875,34.25,34.1349983215332,34.1349983215332,63200,2026-09-30
2004-08-30,23.957372665405273,33.932498931884766,34.16749954223633,33.932498931884766,34.16749954223633,124800,2026-09-30
2004-08-31,24.05268096923828,34.067501068115234,34.067501068115234,33.80500030517578,34.02750015258789,94000,2026-09-30
2004-09-01,24.133880615234375,34.182498931884766,34.279998779296875,33.997501373291016,34.17499923706055,37200,2026-09-30
2004-09-02,24.448049545288086,34.627498626708984,34.627498626708984,34.20000076293945,34.20000076293945,42400,2026-09-30
2004-09-03,24.308624267578125,34.43000030517578,34.65999984741211,34.43000030517578,34.54999923706055,56400,2026-09-30
2004-09-07,24.511606216430664,34.717498779296875,34.8125,34.587501525878906,34.724998474121094,348400,2026-09-30
2004-09-08,24.368633270263672,34.51499938964844,34.73249816894531,34.47999954223633,34.70000076293945,101600,2026-09-30
2004-09-09,24.43746566772461,34.61249923706055,34.720001220703125,34.42250061035156,34.64500045776367,310400,2026-09-30
2004-09-10,24.613969802856445,34.86249923706055,34.86750030517578,34.474998474121094,34.54999923706055,46400,2026-09-30
2004-09-13,24.65280532836914,34.91749954223633,35.06999969482422,34.8849983215332,34.932498931884766,438400,2026-09-30
2004-09-14,24.70751953125,34.994998931884766,35.025001525878906,34.86249923706055,35.025001525878906,161200,2026-09-30
2004-09-15,24.5310115814209,34.744998931884766,34.95000076293945,34.709999084472656,34.95000076293945,78800,2026-09-30
2004-09-16,24.672216415405273,34.94499969482422,34.98249816894531,34.787498474121094,34.787498474121094,134400,2026-09-30
2004-09-17,24.760520935058594,34.98249816894531,35.07500076293945,34.872501373291016,34.98749923706055,271200,2026-09-30
2004-09-20,24.68088722229004,34.869998931884766,34.98249816894531,34.79999923706055,34.88750076293945,95200,2026-09-30
2004-09-21,24.843685150146484,35.099998474121094,35.17499923706055,34.88999938964844,34.92499923706055,208800,2026-09-30
2004-09-22,24.534027099609375,34.662498474121094,34.92499923706055,34.650001525878906,34.92499923706055,142000,2026-09-30
2004-09-23,24.463247299194336,34.5625,34.63999938964844,34.494998931884766,34.537498474121094,183200,2026-09-30
2004-09-24,24.457929611206055,34.55500030517578,34.689998626708984,34.540000915527344,34.57500076293945,153200,2026-09-30
2004-09-27,24.295150756835938,34.32500076293945,34.47999954223633,34.3025016784668,34.369998931884766,86800,2026-09-30
2004-09-28,24.431396484375,34.51750183105469,34.5525016784668,34.23249816894531,34.32500076293945,129600,2026-09-30
2004-09-29,24.534027099609375,34.662498474121094,34.662498474121094,34.48500061035156,34.502498626708984,271200,2026-09-30
2004-09-30,24.670269012451172,34.85499954223633,34.875,34.65999984741211,34.70000076293945,220400,2026-09-30
2004-10-01,25.075483322143555,35.4275016784668,35.4375,35.025001525878906,35.032501220703125,340400,2026-09-30
2004-10-04,25.19758415222168,35.599998474121094,35.772499084472656,35.58000183105469,35.6875,186400,2026-09-30
2004-10-05,25.15510368347168,35.540000915527344,35.63750076293945,35.45249938964844,35.599998474121094,252000,2026-09-30
2004-10-06,25.31791114807129,35.77000045776367,35.779998779296875,35.462501525878906,35.5099983215332,224400,2026-09-30
2004-10-07,25.080795288085938,35.435001373291016,35.75,35.435001373291016,35.75,101600,2026-09-30
2004-10-08,24.856081008911133,35.11750030517578,35.41999816894531,35.025001525878906,35.33000183105469,186800,2026-09-30
2004-10-11,24.838375091552734,35.092498779296875,35.224998474121094,35.07500076293945,35.224998474121094,131600,2026-09-30
2004-10-12,24.778221130371094,35.00749969482422,35.04499816894531,34.782501220703125,34.875,152000,2026-09-30
2004-10-13,24.57649040222168,34.72249984741211,35.13750076293945,34.60499954223633,35.13750076293945,80800,2026-09-30
2004-10-14,24.396013259887695,34.467498779296875,34.74250030517578,34.39500045776367,34.73749923706055,105200,2026-09-30
2004-10-15,24.488014221191406,34.59749984741211,34.79499816894531,34.42250061035156,34.587501525878906,86800,2026-09-30
2004-10-18,24.572961807250977,34.717498779296875,34.76250076293945,34.43000030517578,34.57500076293945,92000,2026-09-30
2004-10-19,24.362377166748047,34.41999816894531,34.932498931884766,34.41999816894531,34.837501525878906,228800,2026-09-30
2004-10-20,24.388933181762695,34.45750045776367,34.45750045776367,34.1150016784668,34.34000015258789,85200,2026-09-30
2004-10-21,24.583566665649414,34.73249816894531,34.779998779296875,34.45249938964844,34.47249984741211,53200,2026-09-30
2004-10-22,24.39069175720215,34.459999084472656,34.82500076293945,34.45249938964844,34.787498474121094,124800,2026-09-30
2004-10-25,24.422555923461914,34.505001068115234,34.54999923706055,34.3125,34.4375,94800,2026-09-30
2004-10-26,24.774677276611328,35.002498626708984,35.002498626708984,34.51250076293945,34.57500076293945,220800,2026-09-30
2004-10-27,25.13920021057129,35.51750183105469,35.52750015258789,34.9474983215332,34.97999954223633,288000,2026-09-30
2004-10-28,25.123271942138672,35.494998931884766,35.63750076293945,35.34749984741211,35.5,280400,2026-09-30
2004-10-29,25.25596809387207,35.682498931884766,35.72999954223633,35.47999954223633,35.650001525878906,89600,2026-09-30
2004-11-01,25.28960609436035,35.72999954223633,35.79249954223633,35.61750030517578,35.70000076293945,218800,2026-09-30
2004-11-02,25.2595157623291,35.6875,36.0625,35.6775016784668,35.814998626708984,391600,2026-09-30
2004-11-03,25.55326271057129,36.102500915527344,36.3125,35.96500015258789,36.3125,1280800,2026-09-30
2004-11-04,26.004478454589844,36.7400016784668,36.747501373291016,36.125,36.17499923706055,987600,2026-09-30
2004-11-05,26.184961318969727,36.994998931884766,37.125,36.82500076293945,36.92499923706055,974400,2026-09-30
2004-11-08,26.135421752929688,36.92499923706055,37.029998779296875,36.849998474121094,37.0,306800,2026-09-30
2004-11-09,26.153114318847656,36.95000076293945,37.04999923706055,36.869998931884766,36.9375,219200,2026-09-30
2004-11-10,26.170801162719727,36.974998474121094,37.10499954223633,36.904998779296875,36.92499923706055,398800,2026-09-30
2004-11-11,26.429141998291016,37.34000015258789,37.369998931884766,37.02000045776367,37.0625,352400,2026-09-30
2004-11-12,26.652097702026367,37.654998779296875,37.657501220703125,37.220001220703125,37.375,253200,2026-09-30
2004-11-15,26.67865562438965,37.692501068115234,37.755001068115234,37.557498931884766,37.599998474121094,267600,2026-09-30
2004-11-16,26.524700164794922,37.474998474121094,37.650001525878906,37.439998626708984,37.650001525878906,238000,2026-09-30
2004-11-17,26.68572425842285,37.70249938964844,37.95500183105469,37.63249969482422,37.79999923706055,277200,2026-09-30
2004-11-18,26.768898010253906,37.81999969482422,37.82500076293945,37.64250183105469,37.724998474121094,181600,2026-09-30
2004-11-19,26.45215606689453,37.372501373291016,37.790000915527344,37.352500915527344,37.787498474121094,162800,2026-09-30
2004-11-22,26.63971710205078,37.63750076293945,37.63999938964844,37.25749969482422,37.3125,238000,2026-09-30
2004-11-23,26.668027877807617,37.6775016784668,37.752498626708984,37.477500915527344,37.61249923706055,242000,2026-09-30
2004-11-24,26.867977142333984,37.959999084472656,37.959999084472656,37.76750183105469,37.912498474121094,245200,2026-09-30
2004-11-26,26.928144454956055,38.04499816894531,38.125,37.9900016784668,38.01250076293945,86000,2026-09-30
2004-11-29,26.788360595703125,37.84749984741211,38.1875,37.654998779296875,38.1875,294000,2026-09-30
2004-11-30,26.71934700012207,37.75,37.89500045776367,37.72249984741211,37.875,258400,2026-09-30
2004-12-01,27.0873966217041,38.27000045776367,38.27000045776367,37.88750076293945,37.91749954223633,317600,2026-09-30
2004-12-02,27.03608512878418,38.1974983215332,38.349998474121094,38.07749938964844,38.247501373291016,252000,2026-09-30
2004-12-03,27.07324981689453,38.25,38.41999816894531,38.125,38.27750015258789,515200,2026-09-30
2004-12-06,27.05909538269043,38.22999954223633,38.279998779296875,38.0,38.25,193200,2026-09-30
2004-12-07,26.71934700012207,37.75,38.25,37.75,38.25,161600,2026-09-30
2004-12-08,26.783065795898438,37.84000015258789,37.90250015258789,37.662498474121094,37.8125,290000,2026-09-30
2004-12-09,26.924602508544922,38.040000915527344,38.0625,37.494998931884766,37.67499923706055,247600,2026-09-30
2004-12-10,26.95115852355957,38.07749938964844,38.1875,37.942501068115234,37.977500915527344,466400,2026-09-30
2004-12-13,27.172344207763672,38.38999938964844,38.38999938964844,38.14500045776367,38.32500076293945,285200,2026-09-30
2004-12-14,27.34752082824707,38.63750076293945,38.66749954223633,38.412498474121094,38.5,316000,2026-09-30
2004-12-15,27.450136184692383,38.782501220703125,38.79249954223633,38.560001373291016,38.665000915527344,234000,2026-09-30
2004-12-16,27.312129974365234,38.587501525878906,38.817501068115234,38.45500183105469,38.73749923706055,269200,2026-09-30
2004-12-17,27.255878448486328,38.400001525878906,38.48500061035156,38.13999938964844,38.474998474121094,346800,2026-09-30
2004-12-20,27.18488883972168,38.29999923706055,38.61750030517578,38.244998931884766,38.51250076293945,151200,2026-09-30
2004-12-21,27.443967819213867,38.665000915527344,38.67250061035156,38.36750030517578,38.400001525878906,194000,2026-09-30
2004-12-22,27.539798736572266,38.79999923706055,38.83250045776367,38.6875,38.70000076293945,146800,2026-09-30
2004-12-23,27.553997039794922,38.81999969482422,38.869998931884766,38.7599983215332,38.84749984741211,170000,2026-09-30
2004-12-27,27.39783477783203,38.599998474121094,38.92499923706055,38.58250045776367,38.92499923706055,176800,2026-09-30
2004-12-28,27.624958038330078,38.91999816894531,38.91999816894531,38.717498779296875,38.717498779296875,228800,2026-09-30
2004-12-29,27.667545318603516,38.97999954223633,39.0,38.88999938964844,38.912498474121094,132800,2026-09-30
2004-12-30,27.72078514099121,39.05500030517578,39.11000061035156,39.00749969482422,39.037498474121094,321600,2026-09-30
2004-12-31,27.71013832092285,39.040000915527344,39.227500915527344,39.029998779296875,39.07500076293945,322000,2026-09-30
2005-01-03,27.326847076416016,38.5,39.20000076293945,38.48500061035156,39.20000076293945,247200,2026-09-30
2005-01-04,26.945343017578125,37.962501525878906,38.650001525878906,37.842498779296875,38.650001525878906,376000,2026-09-30
2005-01-05,26.73771858215332,37.66999816894531,38.040000915527344,37.66999816894531,37.92499923706055,206400,2026-09-30
2005-01-06,26.817581176757812,37.782501220703125,37.90999984741211,37.6349983215332,37.787498474121094,274800,2026-09-30
2005-01-07,26.74660873413086,37.682498931884766,37.89250183105469,37.55500030517578,37.89250183105469,277200,2026-09-30
2005-01-10,26.799827575683594,37.75749969482422,37.994998931884766,37.68000030517578,37.682498931884766,134400,2026-09-30
2005-01-11,26.661426544189453,37.5625,37.75,37.474998474121094,37.75,257600,2026-09-30
2005-01-12,26.79451560974121,37.75,37.75,37.3025016784668,37.599998474121094,619600,2026-09-30
2005-01-13,26.611743927001953,37.49250030517578,37.807498931884766,37.45500183105469,37.744998931884766,215200,2026-09-30
2005-01-14,26.842424392700195,37.817501068115234,37.82500076293945,37.38750076293945,37.38750076293945,221200,2026-09-30
2005-01-18,27.103267669677734,38.185001373291016,38.185001373291016,37.662498474121094,37.755001068115234,242800,2026-09-30
2005-01-19,26.86549186706543,37.849998474121094,38.1974983215332,37.834999084472656,38.1974983215332,220800,2026-09-30
2005-01-20,26.657894134521484,37.557498931884766,37.77000045776367,37.52000045776367,37.67499923706055,249600,2026-09-30
2005-01-21,26.503494262695312,37.34000015258789,37.65250015258789,37.33000183105469,37.599998474121094,177600,2026-09-30
2005-01-24,26.350889205932617,37.125,37.45000076293945,37.09749984741211,37.35499954223633,353600,2026-09-30
2005-01-25,26.386384963989258,37.17499923706055,37.45500183105469,37.154998779296875,37.400001525878906,270400,2026-09-30
2005-01-26,26.579805374145508,37.4474983215332,37.497501373291016,37.21500015258789,37.36249923706055,244800,2026-09-30
2005-01-27,26.66498374938965,37.567501068115234,37.64250183105469,37.352500915527344,37.36249923706055,152800,2026-09-30
2005-01-28,26.558496475219727,37.41749954223633,37.599998474121094,37.24250030517578,37.599998474121094,173600,2026-09-30
2005-01-31,26.856616973876953,37.837501525878906,37.84000015258789,37.63999938964844,37.724998474121094,158400,2026-09-30
2005-02-01,27.05537223815918,38.11750030517578,38.127498626708984,37.834999084472656,37.900001525878906,277600,2026-09-30
2005-02-02,27.163597106933594,38.27000045776367,38.30500030517578,38.064998626708984,38.064998626708984,283200,2026-09-30
2005-02-03,27.10504722595215,38.1875,38.1875,38.01250076293945,38.1875,131200,2026-09-30
2005-02-04,27.42622947692871,38.63999938964844,38.64500045776367,38.1875,38.1875,235600,2026-09-30
2005-02-07,27.37653160095215,38.56999969482422,38.717498779296875,38.51750183105469,38.57500076293945,187600,2026-09-30
2005-02-08,27.344593048095703,38.525001525878906,38.68000030517578,38.497501373291016,38.54999923706055,205600,2026-09-30
2005-02-09,27.097944259643555,38.1775016784668,38.61750030517578,38.157501220703125,38.599998474121094,179600,2026-09-30
2005-02-10,27.204425811767578,38.32749938964844,38.34000015258789,38.14500045776367,38.29999923706055,126800,2026-09-30
2005-02-11,27.4936580657959,38.73500061035156,38.76750183105469,38.20000076293945,38.34000015258789,218400,2026-09-30
2005-02-14,27.467041015625,38.6974983215332,38.71500015258789,38.6150016784668,38.70000076293945,101600,2026-09-30
2005-02-15,27.569961547851562,38.842498779296875,38.95249938964844,38.70500183105469,38.724998474121094,131600,2026-09-30
2005-02-16,27.559314727783203,38.82749938964844,38.91749954223633,38.654998779296875,38.75,88800,2026-09-30
2005-02-17,27.365901947021484,38.55500030517578,38.86000061035156,38.5525016784668,38.82500076293945,105200,2026-09-30
2005-02-18,27.364124298095703,38.5525016784668,38.60749816894531,38.48249816894531,38.505001068115234,104000,2026-09-30
2005-02-22,26.91517448425293,37.91999816894531,38.5525016784668,37.91999816894531,38.537498474121094,512400,2026-09-30
2005-02-23,27.062458038330078,38.127498626708984,38.192501068115234,37.974998474121094,38.04999923706055,226400,2026-09-30
2005-02-24,27.29136848449707,38.45000076293945,38.474998474121094,38.02750015258789,38.17499923706055,199600,2026-09-30
2005-02-25,27.577070236206055,38.852500915527344,38.8849983215332,38.4375,38.51250076293945,245200,2026-09-30
2005-02-28,27.42799949645996,38.64250183105469,38.85499954223633,38.407501220703125,38.82500076293945,124800,2026-09-30
2005-03-01,27.617870330810547,38.90999984741211,38.94499969482422,38.76250076293945,38.76250076293945,174800,2026-09-30
2005-03-02,27.578838348388672,38.85499954223633,39.0625,38.650001525878906,38.6875,195200,2026-09-30
2005-03-03,27.632070541381836,38.93000030517578,39.07500076293945,38.6875,39.02750015258789,218000,2026-09-30
2005-03-04,27.91421127319336,39.32749938964844,39.38999938964844,39.064998626708984,39.10499954223633,356800,2026-09-30
2005-03-07,28.00115203857422,39.45000076293945,39.584999084472656,39.310001373291016,39.310001373291016,253200,2026-09-30
2005-03-08,27.850322723388672,39.23749923706055,39.52000045776367,39.21500015258789,39.52000045776367,71200,2026-09-30
2005-03-09,27.55575180053711,38.8224983215332,39.212501525878906,38.8224983215332,39.185001373291016,162000,2026-09-30
2005-03-10,27.539798736572266,38.79999923706055,38.912498474121094,38.592498779296875,38.875,183200,2026-09-30
2005-03-11,27.45461082458496,38.68000030517578,39.04750061035156,38.5,38.837501525878906,400400,2026-09-30
2005-03-14,27.610780715942383,38.900001525878906,38.907501220703125,38.72249984741211,38.79999923706055,180400,2026-09-30
2005-03-15,27.42622947692871,38.63999938964844,39.037498474121094,38.6349983215332,38.95000076293945,390800,2026-09-30
2005-03-16,27.1494083404541,38.25,38.525001525878906,38.1875,38.525001525878906,478800,2026-09-30
2005-03-17,27.231037139892578,38.3650016784668,38.45750045776367,38.192501068115234,38.27000045776367,340800,2026-09-30
2005-03-18,27.165922164916992,38.185001373291016,38.310001373291016,38.01250076293945,38.307498931884766,219600,2026-09-30
2005-03-21,27.125038146972656,38.127498626708984,38.192501068115234,37.9375,38.192501068115234,335600,2026-09-30
2005-03-22,26.867136001586914,37.76499938964844,38.345001220703125,37.76250076293945,38.18000030517578,244800,2026-09-30
2005-03-23,26.865358352661133,37.76250076293945,37.86249923706055,37.650001525878906,37.70000076293945,324400,2026-09-30
2005-03-24,26.883146286010742,37.787498474121094,38.0099983215332,37.787498474121094,37.88249969482422,325600,2026-09-30
2005-03-28,26.90627098083496,37.81999969482422,37.9900016784668,37.79999923706055,37.935001373291016,365600,2026-09-30
2005-03-29,26.61281394958496,37.407501220703125,37.92250061035156,37.36000061035156,37.72999954223633,762800,2026-09-30
2005-03-30,27.01119041442871,37.967498779296875,37.967498779296875,37.54750061035156,37.584999084472656,203600,2026-09-30
2005-03-31,27.05388641357422,38.02750015258789,38.10749816894531,37.95000076293945,37.98500061035156,429200,2026-09-30
2005-04-01,26.963184356689453,37.900001525878906,38.380001068115234,37.73749923706055,38.20000076293945,209200,2026-09-30
2005-04-04,26.963184356689453,37.900001525878906,37.98749923706055,37.65250015258789,37.837501525878906,177200,2026-09-30
2005-04-05,27.06991195678711,38.04999923706055,38.099998474121094,37.92499923706055,37.962501525878906,162400,2026-09-30
2005-04-06,27.10902214050293,38.10499954223633,38.3025016784668,38.067501068115234,38.150001525878906,336800,2026-09-30
2005-04-07,27.293991088867188,38.3650016784668,38.375,38.125,38.1775016784668,164800,2026-09-30
2005-04-08,27.084131240844727,38.06999969482422,38.42499923706055,38.05500030517578,38.42499923706055,104000,2026-09-30
2005-04-11,27.06991195678711,38.04999923706055,38.125,37.9275016784668,38.125,122400,2026-09-30
2005-04-12,27.208627700805664,38.244998931884766,38.314998626708984,37.665000915527344,38.01250076293945,238400,2026-09-30
2005-04-13,26.82444953918457,37.70500183105469,38.150001525878906,37.622501373291016,38.150001525878906,217600,2026-09-30
2005-04-14,26.429616928100586,37.150001525878906,37.720001220703125,37.150001525878906,37.720001220703125,339200,2026-09-30
2005-04-15,25.896045684814453,36.400001525878906,37.029998779296875,36.35499954223633,36.900001525878906,807600,2026-09-30
2005-04-18,26.02054214477539,36.57500076293945,36.685001373291016,36.32749938964844,36.400001525878906,1053200,2026-09-30
2005-04-19,26.27842903137207,36.9375,36.977500915527344,36.537498474121094,36.849998474121094,674800,2026-09-30
2005-04-20,25.922714233398438,36.4375,36.997501373291016,36.36750030517578,36.974998474121094,636800,2026-09-30
2005-04-21,26.417171478271484,37.13249969482422,37.13750076293945,36.64500045776367,36.662498474121094,286000,2026-09-30
2005-04-22,26.162817001342773,36.775001525878906,37.08000183105469,36.54249954223633,37.064998626708984,211200,2026-09-30
2005-04-25,26.443838119506836,37.16999816894531,37.20000076293945,37.0,37.032501220703125,205200,2026-09-30
2005-04-26,26.189510345458984,36.8125,37.290000915527344,36.8125,37.130001068115234,142000,2026-09-30
2005-04-27,26.244647979736328,36.88999938964844,37.0,36.470001220703125,36.724998474121094,211200,2026-09-30
2005-04-28,25.917373657226562,36.43000030517578,36.84000015258789,36.43000030517578,36.837501525878906,210400,2026-09-30
2005-04-29,26.189510345458984,36.8125,36.85499954223633,36.272499084472656,36.6875,275600,2026-09-30
2005-05-02,26.335344314575195,37.01750183105469,37.095001220703125,36.807498931884766,36.98500061035156,278800,2026-09-30
2005-05-03,26.342464447021484,37.02750015258789,37.25,36.875,37.0,305200,2026-09-30
2005-05-04,26.701732635498047,37.532501220703125,37.58000183105469,37.1150016784668,37.20000076293945,356800,2026-09-30
2005-05-05,26.64837646484375,37.45750045776367,37.6775016784668,37.29999923706055,37.58250045776367,467200,2026-09-30
2005-05-06,26.696401596069336,37.525001525878906,37.657501220703125,37.43000030517578,37.657501220703125,450800,2026-09-30
2005-05-09,26.865358352661133,37.76250076293945,37.76250076293945,37.459999084472656,37.5,596800,2026-09-30
2005-05-10,26.5718994140625,37.349998474121094,37.57749938964844,37.255001068115234,37.54999923706055,286800,2026-09-30
2005-05-11,26.678607940673828,37.5,37.529998779296875,37.08000183105469,37.439998626708984,120000,2026-09-30
2005-05-12,26.41181755065918,37.125,37.63750076293945,37.037498474121094,37.53499984741211,234000,2026-09-30
2005-05-13,26.269533157348633,36.92499923706055,37.22999954223633,36.61249923706055,37.064998626708984,425200,2026-09-30
2005-05-16,26.55943489074707,37.33250045776367,37.33250045776367,36.974998474121094,36.974998474121094,209600,2026-09-30
2005-05-17,26.76220703125,37.61750030517578,37.64250183105469,37.15250015258789,37.224998474121094,128000,2026-09-30
2005-05-18,27.12681770324707,38.130001068115234,38.182498931884766,37.810001373291016,37.88249969482422,444400,2026-09-30
2005-05-19,27.237075805664062,38.28499984741211,38.29750061035156,38.0625,38.13750076293945,397200,2026-09-30
2005-05-20,27.27621078491211,38.34000015258789,38.345001220703125,38.16999816894531,38.247501373291016,189200,2026-09-30
2005-05-23,27.38292121887207,38.4900016784668,38.59749984741211,38.33250045776367,38.400001525878906,644000,2026-09-30
2005-05-24,27.333114624023438,38.41999816894531,38.47999954223633,38.29999923706055,38.412498474121094,198400,2026-09-30
2005-05-25,27.240631103515625,38.290000915527344,38.36249923706055,38.165000915527344,38.36249923706055,87200,2026-09-30
2005-05-26,27.4362850189209,38.564998626708984,38.60749816894531,38.290000915527344,38.43000030517578,229600,2026-09-30
2005-05-27,27.494976043701172,38.647499084472656,38.66999816894531,38.537498474121094,38.54999923706055,149200,2026-09-30
2005-05-31,27.366914749145508,38.467498779296875,38.6974983215332,38.467498779296875,38.625,117200,2026-09-30
2005-06-01,27.644380569458008,38.85749816894531,38.97999954223633,38.5,38.502498626708984,171600,2026-09-30
2005-06-02,27.72264289855957,38.967498779296875,38.97999954223633,38.75,38.78499984741211,102400,2026-09-30
2005-06-03,27.585693359375,38.775001525878906,39.0,38.685001373291016,38.92499923706055,276800,2026-09-30
2005-06-06,27.594572067260742,38.787498474121094,38.82749938964844,38.625,38.775001525878906,220800,2026-09-30
2005-06-07,27.624813079833984,38.83000183105469,39.209999084472656,38.8224983215332,38.900001525878906,246400,2026-09-30
2005-06-08,27.55366325378418,38.72999954223633,38.98249816894531,38.6875,38.89250183105469,292000,2026-09-30
2005-06-09,27.719070434570312,38.962501525878906,38.970001220703125,38.60499954223633,38.70000076293945,262400,2026-09-30
2005-06-10,27.685285568237305,38.915000915527344,39.057498931884766,38.752498626708984,38.98749923706055,346400,2026-09-30
2005-06-13,27.78666114807129,39.057498931884766,39.20000076293945,38.78499984741211,38.875,235200,2026-09-30
2005-06-14,27.89693832397461,39.212501525878906,39.32749938964844,39.057498931884766,39.057498931884766,126000,2026-09-30
2005-06-15,27.9698486328125,39.314998626708984,39.369998931884766,39.04499816894531,39.369998931884766,293600,2026-09-30
2005-06-16,28.112144470214844,39.51499938964844,39.51499938964844,39.290000915527344,39.290000915527344,352000,2026-09-30
2005-06-17,28.226058959960938,39.58000183105469,39.657501220703125,39.45500183105469,39.650001525878906,238800,2026-09-30
2005-06-20,28.169015884399414,39.5,39.602500915527344,39.3224983215332,39.4375,211200,2026-09-30
2005-06-21,28.1583251953125,39.48500061035156,39.587501525878906,39.415000915527344,39.54999923706055,154400,2026-09-30
2005-06-22,28.183286666870117,39.52000045776367,39.70500183105469,39.41999816894531,39.650001525878906,646800,2026-09-30
2005-06-23,27.87663459777832,39.09000015258789,39.6150016784668,39.09000015258789,39.52000045776367,247600,2026-09-30
2005-06-24,27.64127540588379,38.7599983215332,39.05500030517578,38.7400016784668,39.037498474121094,525200,2026-09-30
2005-06-27,27.64486312866211,38.76499938964844,38.8125,38.654998779296875,38.71500015258789,1785200,2026-09-30
2005-06-28,27.95150375366211,39.19499969482422,39.20000076293945,38.82500076293945,38.82500076293945,517600,2026-09-30
2005-06-29,27.91941261291504,39.150001525878906,39.255001068115234,39.095001220703125,39.20249938964844,255200,2026-09-30
2005-06-30,27.787473678588867,38.96500015258789,39.314998626708984,38.95000076293945,39.25749969482422,176000,2026-09-30
2005-07-01,27.874847412109375,39.087501525878906,39.16999816894531,39.029998779296875,39.099998474121094,116000,2026-09-30
2005-07-05,28.163681030273438,39.49250030517578,39.5099983215332,39.025001525878906,39.025001525878906,174400,2026-09-30
2005-07-06,27.967548370361328,39.217498779296875,39.5099983215332,39.189998626708984,39.412498474121094,176000,2026-09-30
2005-07-07,28.046001434326172,39.32749938964844,39.32749938964844,38.79249954223633,38.875,294000,2026-09-30
2005-07-08,28.3972110748291,39.81999969482422,39.82749938964844,39.32500076293945,39.32500076293945,256400,2026-09-30
2005-07-11,28.596899032592773,40.099998474121094,40.11750030517578,39.880001068115234,39.900001525878906,290000,2026-09-30
2005-07-12,28.65036964416504,40.17499923706055,40.27750015258789,39.967498779296875,40.150001525878906,316800,2026-09-30
2005-07-13,28.668210983276367,40.20000076293945,40.23500061035156,40.09000015258789,40.212501525878906,104800,2026-09-30
2005-07-14,28.739524841308594,40.29999923706055,40.61249923706055,40.20750045776367,40.462501525878906,221200,2026-09-30
2005-07-15,28.766263961791992,40.337501525878906,40.372501373291016,40.182498931884766,40.3224983215332,117600,2026-09-30
2005-07-18,28.741317749023438,40.3025016784668,40.32749938964844,40.212501525878906,40.23249816894531,180000,2026-09-30
2005-07-19,28.92494010925293,40.560001373291016,40.592498779296875,40.349998474121094,40.47249984741211,214800,2026-09-30
2005-07-20,29.09787940979004,40.8025016784668,40.88999938964844,40.36249923706055,40.474998474121094,283600,2026-09-30
2005-07-21,28.84650421142578,40.45000076293945,40.787498474121094,40.42250061035156,40.787498474121094,371600,2026-09-30
2005-07-22,29.094308853149414,40.79750061035156,40.79750061035156,40.5,40.61249923706055,160400,2026-09-30
2005-07-25,28.935649871826172,40.57500076293945,40.91749954223633,40.560001373291016,40.82500076293945,264000,2026-09-30
2005-07-26,29.044395446777344,40.727500915527344,40.810001373291016,40.63999938964844,40.6875,140400,2026-09-30
2005-07-27,29.17632293701172,40.912498474121094,40.912498474121094,40.6875,40.86249923706055,304000,2026-09-30
2005-07-28,29.365324020385742,41.1775016784668,41.20000076293945,40.877498626708984,41.025001525878906,329600,2026-09-30
2005-07-29,29.206640243530273,40.95500183105469,41.2599983215332,40.935001373291016,41.17499923706055,319600,2026-09-30
2005-08-01,29.20842170715332,40.95750045776367,41.07749938964844,40.88999938964844,41.04999923706055,312400,2026-09-30
2005-08-02,29.354612350463867,41.162498474121094,41.23249816894531,41.01750183105469,41.025001525878906,179200,2026-09-30
2005-08-03,29.386699676513672,41.20750045776367,41.2599983215332,41.09000015258789,41.13999938964844,193200,2026-09-30
2005-08-04,29.149587631225586,40.875,41.07500076293945,40.8650016784668,41.0625,1064800,2026-09-30
2005-08-05,28.882150650024414,40.5,40.78499984741211,40.42499923706055,40.78499984741211,280400,2026-09-30
2005-08-08,28.768054962158203,40.34000015258789,40.692501068115234,40.32500076293945,40.57500076293945,384800,2026-09-30
2005-08-09,28.939189910888672,40.58000183105469,40.625,40.470001220703125,40.57500076293945,469600,2026-09-30
2005-08-10,28.926729202270508,40.5625,40.974998474121094,40.467498779296875,40.77750015258789,437200,2026-09-30
2005-08-11,29.05686378479004,40.744998931884766,40.82749938964844,40.55500030517578,40.58250045776367,321600,2026-09-30
2005-08-12,28.964187622070312,40.6150016784668,40.73749923706055,40.435001373291016,40.70000076293945,560400,2026-09-30
2005-08-15,29.158504486083984,40.88750076293945,40.88750076293945,40.48749923706055,40.625,230400,2026-09-30
2005-08-16,28.7003116607666,40.244998931884766,40.73749923706055,40.22249984741211,40.73749923706055,369200,2026-09-30
2005-08-17,28.748451232910156,40.3125,40.43000030517578,40.16749954223633,40.25,387600,2026-09-30
2005-08-18,28.63970184326172,40.15999984741211,40.31999969482422,40.087501525878906,40.150001525878906,163600,2026-09-30
2005-08-19,28.739524841308594,40.29999923706055,40.412498474121094,40.27000045776367,40.32500076293945,120400,2026-09-30
2005-08-22,28.759132385253906,40.32749938964844,40.59000015258789,40.192501068115234,40.42499923706055,150000,2026-09-30
2005-08-23,28.7003116607666,40.244998931884766,40.40999984741211,40.10749816894531,40.40999984741211,383200,2026-09-30
2005-08-24,28.543415069580078,40.025001525878906,40.49250030517578,40.025001525878906,40.22249984741211,227600,2026-09-30
2005-08-25,28.652162551879883,40.1775016784668,40.22999954223633,40.067501068115234,40.147499084472656,265600,2026-09-30
2005-08-26,28.49884033203125,39.962501525878906,40.1775016784668,39.869998931884766,40.130001068115234,227600,2026-09-30
2005-08-29,28.703868865966797,40.25,40.25,39.75,39.91749954223633,249600,2026-09-30
2005-08-30,28.473880767822266,39.9275016784668,40.057498931884766,39.772499084472656,40.0525016784668,207200,2026-09-30
2005-08-31,28.95168113708496,40.59749984741211,40.59749984741211,39.912498474121094,40.095001220703125,395200,2026-09-30
2005-09-01,28.882150650024414,40.5,40.692501068115234,40.352500915527344,40.525001525878906,364000,2026-09-30
2005-09-02,28.80905532836914,40.397499084472656,40.625,40.375,40.625,194800,2026-09-30
2005-09-06,29.14779281616211,40.872501373291016,40.872501373291016,40.5525016784668,40.650001525878906,152400,2026-09-30
2005-09-07,29.229820251464844,40.98749923706055,40.994998931884766,40.787498474121094,40.849998474121094,262400,2026-09-30
2005-09-08,29.076488494873047,40.772499084472656,40.962501525878906,40.76499938964844,40.849998474121094,83200,2026-09-30
2005-09-09,29.390254974365234,41.212501525878906,41.212501525878906,40.89500045776367,40.912498474121094,155200,2026-09-30
2005-09-12,29.40808868408203,41.23749923706055,41.279998779296875,41.15250015258789,41.15250015258789,317200,2026-09-30
2005-09-13,29.21018409729004,40.959999084472656,41.227500915527344,40.959999084472656,41.10499954223633,106800,2026-09-30
2005-09-14,29.135316848754883,40.85499954223633,41.04999923706055,40.75749969482422,41.04999923706055,246800,2026-09-30
2005-09-15,29.055091857910156,40.74250030517578,40.939998626708984,40.665000915527344,40.939998626708984,213600,2026-09-30
2005-09-16,29.267627716064453,40.932498931884766,40.932498931884766,40.665000915527344,40.849998474121094,364000,2026-09-30
2005-09-19,29.037023544311523,40.61000061035156,40.79999923706055,40.5,40.79999923706055,235200,2026-09-30
2005-09-20,28.774255752563477,40.24250030517578,40.747501373291016,40.19499969482422,40.70500183105469,352400,2026-09-30
2005-09-21,28.406015396118164,39.727500915527344,40.0724983215332,39.727500915527344,40.037498474121094,321600,2026-09-30
2005-09-22,28.520421981811523,39.88750076293945,39.95249938964844,39.54999923706055,39.70249938964844,913600,2026-09-30
2005-09-23,28.620527267456055,40.02750015258789,40.17499923706055,39.790000915527344,39.849998474121094,736000,2026-09-30
2005-09-26,28.65985679626465,40.08250045776367,40.3224983215332,39.95500183105469,40.29999923706055,260800,2026-09-30
2005-09-27,28.67952537536621,40.11000061035156,40.220001220703125,39.92499923706055,40.087501525878906,274000,2026-09-30
2005-09-28,28.733158111572266,40.185001373291016,40.337501525878906,40.04750061035156,40.307498931884766,188800,2026-09-30
2005-09-29,28.958383560180664,40.5,40.537498474121094,39.967498779296875,40.07500076293945,686800,2026-09-30
2005-09-30,29.09602165222168,40.692501068115234,40.7400016784668,40.50749969482422,40.560001373291016,203600,2026-09-30
2005-10-03,29.1192684173584,40.724998474121094,40.872501373291016,40.625,40.70000076293945,241200,2026-09-30
2005-10-04,28.7832088470459,40.255001068115234,40.86249923706055,40.255001068115234,40.787498474121094,674800,2026-09-30
2005-10-05,28.27910804748535,39.54999923706055,40.212501525878906,39.54999923706055,40.212501525878906,433200,2026-09-30
2005-10-06,28.128952026367188,39.34000015258789,39.73249816894531,39.00749969482422,39.57500076293945,575200,2026-09-30
2005-10-07,28.23443031311035,39.48749923706055,39.54999923706055,39.369998931884766,39.505001068115234,443200,2026-09-30
2005-10-10,27.900150299072266,39.02000045776367,39.4275016784668,39.002498626708984,39.42499923706055,292400,2026-09-30
2005-10-11,27.758928298950195,38.8224983215332,39.21500015258789,38.76750183105469,39.212501525878906,247200,2026-09-30
2005-10-12,27.47471046447754,38.42499923706055,39.0,38.375,38.82749938964844,1147200,2026-09-30
2005-10-13,27.49079132080078,38.4474983215332,38.53499984741211,38.189998626708984,38.42499923706055,744000,2026-09-30
2005-10-14,27.80183219909668,38.88249969482422,38.88999938964844,38.45000076293945,38.727500915527344,968400,2026-09-30
2005-10-17,27.896575927734375,39.01499938964844,39.05500030517578,38.817501068115234,39.025001525878906,706800,2026-09-30
2005-10-18,27.598058700561523,38.59749984741211,38.907501220703125,38.595001220703125,38.869998931884766,1834800,2026-09-30
2005-10-19,27.99132537841797,39.147499084472656,39.147499084472656,38.25,38.349998474121094,956000,2026-09-30
2005-10-20,27.598058700561523,38.59749984741211,39.287498474121094,38.477500915527344,39.165000915527344,692400,2026-09-30
2005-10-21,27.726760864257812,38.77750015258789,38.939998626708984,38.57500076293945,38.900001525878906,454000,2026-09-30
2005-10-24,28.189727783203125,39.42499923706055,39.42499923706055,38.900001525878906,38.900001525878906,683200,2026-09-30
2005-10-25,28.084270477294922,39.27750015258789,39.502498626708984,39.057498931884766,39.400001525878906,727200,2026-09-30
2005-10-26,27.975221633911133,39.125,39.529998779296875,39.099998474121094,39.29999923706055,526400,2026-09-30
2005-10-27,27.60341453552246,38.60499954223633,39.13999938964844,38.595001220703125,39.13999938964844,331600,2026-09-30
2005-10-28,28.037796020507812,39.212501525878906,39.220001220703125,38.65999984741211,38.775001525878906,426400,2026-09-30
2005-10-31,28.316652297973633,39.602500915527344,39.81999969482422,39.462501525878906,39.462501525878906,474000,2026-09-30
2005-11-01,28.2862606048584,39.560001373291016,39.73249816894531,39.505001068115234,39.712501525878906,317600,2026-09-30
2005-11-02,28.65985679626465,40.08250045776367,40.08250045776367,39.57500076293945,39.57500076293945,1056000,2026-09-30
2005-11-03,28.733158111572266,40.185001373291016,40.415000915527344,40.11249923706055,40.35749816894531,452000,2026-09-30
2005-11-04,28.75102996826172,40.209999084472656,40.337501525878906,40.04999923706055,40.29999923706055,672400,2026-09-30
2005-11-07,28.822542190551758,40.310001373291016,40.397499084472656,40.185001373291016,40.375,575200,2026-09-30
2005-11-08,28.720653533935547,40.16749954223633,40.192501068115234,40.04750061035156,40.17499923706055,788400,2026-09-30
2005-11-09,28.759965896606445,40.22249984741211,40.380001068115234,40.04499816894531,40.150001525878906,244800,2026-09-30
2005-11-10,29.01201820373535,40.57500076293945,40.622501373291016,40.022499084472656,40.23749923706055,494400,2026-09-30
2005-11-11,29.083520889282227,40.67499923706055,40.69499969482422,40.54499816894531,40.592498779296875,403600,2026-09-30
2005-11-14,29.067424774169922,40.65250015258789,40.77750015258789,40.584999084472656,40.724998474121094,290400,2026-09-30
2005-11-15,28.931564331054688,40.462501525878906,40.747501373291016,40.40250015258789,40.625,564800,2026-09-30
2005-11-16,29.00487518310547,40.564998626708984,40.599998474121094,40.41749954223633,40.599998474121094,362000,2026-09-30
2005-11-17,29.36772918701172,41.0724983215332,41.0724983215332,40.6875,40.70000076293945,223600,2026-09-30
2005-11-18,29.441022872924805,41.17499923706055,41.26750183105469,40.97249984741211,41.17499923706055,280000,2026-09-30
2005-11-21,29.61800193786621,41.42250061035156,41.439998626708984,41.150001525878906,41.224998474121094,264000,2026-09-30
2005-11-22,29.755634307861328,41.6150016784668,41.63999938964844,41.307498931884766,41.36249923706055,251200,2026-09-30
2005-11-23,29.871829986572266,41.77750015258789,41.935001373291016,41.599998474121094,41.63999938964844,495200,2026-09-30
2005-11-25,29.896831512451172,41.8125,41.842498779296875,41.727500915527344,41.75,171600,2026-09-30
2005-11-28,29.648401260375977,41.46500015258789,41.86249923706055,41.45249938964844,41.82500076293945,363200,2026-09-30
2005-11-29,29.73775291442871,41.59000015258789,41.77750015258789,41.537498474121094,41.537498474121094,320800,2026-09-30
2005-11-30,29.605484008789062,41.404998779296875,41.657501220703125,41.380001068115234,41.525001525878906,185200,2026-09-30
2005-12-01,30.050580978393555,42.02750015258789,42.02750015258789,41.63999938964844,41.68000030517578,261600,2026-09-30
2005-12-02,30.08453941345215,42.07500076293945,42.09000015258789,41.915000915527344,41.974998474121094,341600,2026-09-30
2005-12-05,29.96834373474121,41.912498474121094,42.0,41.73249816894531,42.0,142000,2026-09-30
2005-12-06,30.00767707824707,41.967498779296875,42.255001068115234,41.96500015258789,42.10499954223633,171200,2026-09-30
2005-12-07,29.852163314819336,41.75,42.01250076293945,41.650001525878906,42.01250076293945,285600,2026-09-30
2005-12-08,29.877187728881836,41.78499984741211,42.022499084472656,41.625,41.79999923706055,241200,2026-09-30
2005-12-09,30.005901336669922,41.96500015258789,42.084999084472656,41.77000045776367,41.849998474121094,132000,2026-09-30
2005-12-12,30.057722091674805,42.037498474121094,42.185001373291016,41.84749984741211,42.17499923706055,299600,2026-09-30
2005-12-13,30.2078800201416,42.247501373291016,42.352500915527344,41.967498779296875,42.0,220400,2026-09-30
2005-12-14,30.333017349243164,42.42250061035156,42.522499084472656,42.23749923706055,42.26250076293945,262400,2026-09-30
2005-12-15,30.241844177246094,42.29499816894531,42.494998931884766,42.16999816894531,42.4900016784668,184000,2026-09-30
2005-12-16,30.209747314453125,42.10499954223633,42.314998626708984,42.07500076293945,42.275001525878906,219200,2026-09-30
2005-12-19,29.924543380737305,41.70750045776367,42.16999816894531,41.6974983215332,42.16999816894531,224800,2026-09-30
2005-12-20,29.944259643554688,41.73500061035156,41.86249923706055,41.60499954223633,41.6875,356000,2026-09-30
2005-12-21,30.071613311767578,41.912498474121094,42.09000015258789,41.8125,41.93000030517578,477200,2026-09-30
2005-12-22,30.224090576171875,42.125,42.125,41.91999816894531,41.95000076293945,582800,2026-09-30
2005-12-23,30.25817108154297,42.17250061035156,42.20249938964844,42.09000015258789,42.17250061035156,374400,2026-09-30
2005-12-27,29.969396591186523,41.77000045776367,42.29499816894531,41.76750183105469,42.287498474121094,418000,2026-09-30
2005-12-28,30.077003479003906,41.91999816894531,41.942501068115234,41.787498474121094,41.875,167600,2026-09-30
2005-12-29,29.955036163330078,41.75,41.97249984741211,41.75,41.97249984741211,274400,2026-09-30
2005-12-30,29.763103485107422,41.48249816894531,41.70000076293945,41.467498779296875,41.70000076293945,482400,2026-09-30
2006-01-03,30.274311065673828,42.19499969482422,42.19499969482422,41.36249923706055,41.77000045776367,696400,2026-09-30
2006-01-04,30.448301315307617,42.4375,42.47249984741211,42.13999938964844,42.14250183105469,538400,2026-09-30
2006-01-05,30.448301315307617,42.4375,42.54249954223633,42.3224983215332,42.38750076293945,1370800,2026-09-30
2006-01-06,30.747852325439453,42.85499954223633,42.93000030517578,42.52750015258789,42.79999923706055,505200,2026-09-30
2006-01-09,30.95770835876465,43.147499084472656,43.16749954223633,42.88750076293945,42.9474983215332,624800,2026-09-30
2006-01-10,30.964889526367188,43.157501220703125,43.157501220703125,42.875,42.974998474121094,297200,2026-09-30
2006-01-11,31.031278610229492,43.25,43.275001525878906,43.092498779296875,43.217498779296875,351600,2026-09-30
2006-01-12,30.84471321105957,42.9900016784668,43.25,42.962501525878906,43.25,450400,2026-09-30
2006-01-13,30.8734073638916,43.029998779296875,43.08000183105469,42.89250183105469,43.025001525878906,194400,2026-09-30
2006-01-17,30.722749710083008,42.81999969482422,42.912498474121094,42.70000076293945,42.912498474121094,274800,2026-09-30
2006-01-18,30.69404411315918,42.779998779296875,42.89500045776367,42.60749816894531,42.650001525878906,510400,2026-09-30
2006-01-19,30.937984466552734,43.119998931884766,43.212501525878906,42.89500045776367,42.95000076293945,509200,2026-09-30
2006-01-20,30.448301315307617,42.4375,43.17499923706055,42.40999984741211,43.17499923706055,644000,2026-09-30
2006-01-23,30.529020309448242,42.54999923706055,42.682498931884766,42.45500183105469,42.57500076293945,304400,2026-09-30
2006-01-24,30.717370986938477,42.8125,42.9375,42.6775016784668,42.724998474121094,269600,2026-09-30
2006-01-25,30.72632598876953,42.82500076293945,42.974998474121094,42.587501525878906,42.97249984741211,321200,2026-09-30
2006-01-26,30.946964263916016,43.13249969482422,43.13249969482422,42.915000915527344,43.0724983215332,478400,2026-09-30
2006-01-27,31.131711959838867,43.38999938964844,43.53499984741211,43.13750076293945,43.244998931884766,897200,2026-09-30
2006-01-30,31.149629592895508,43.415000915527344,43.51250076293945,43.375,43.4474983215332,209200,2026-09-30
2006-01-31,30.961299896240234,43.15250015258789,43.40250015258789,43.125,43.31999969482422,290800,2026-09-30
2006-02-01,31.09942054748535,43.345001220703125,43.34749984741211,43.122501373291016,43.244998931884766,407200,2026-09-30
2006-02-02,30.828571319580078,42.967498779296875,43.32500076293945,42.84000015258789,43.32500076293945,832400,2026-09-30
2006-02-03,30.597185134887695,42.64500045776367,42.9375,42.595001220703125,42.75,604000,2026-09-30
2006-02-06,30.76579475402832,42.880001068115234,42.89500045776367,42.689998626708984,42.82749938964844,203200,2026-09-30
2006-02-07,30.505695343017578,42.51750183105469,42.86000061035156,42.432498931884766,42.79750061035156,1179200,2026-09-30
2006-02-08,30.692245483398438,42.77750015258789,42.8025016784668,42.462501525878906,42.560001373291016,309200,2026-09-30
2006-02-09,30.649200439453125,42.717498779296875,43.04999923706055,42.665000915527344,42.86750030517578,248800,2026-09-30
2006-02-10,30.661754608154297,42.73500061035156,42.845001220703125,42.415000915527344,42.685001373291016,495600,2026-09-30
2006-02-13,30.56488609313965,42.599998474121094,42.70249938964844,42.474998474121094,42.70000076293945,551600,2026-09-30
2006-02-14,30.84471321105957,42.9900016784668,43.099998474121094,42.4900016784668,42.6150016784668,309200,2026-09-30
2006-02-15,31.016908645629883,43.22999954223633,43.22999954223633,42.90999984741211,43.025001525878906,414400,2026-09-30
2006-02-16,31.237537384033203,43.537498474121094,43.537498474121094,43.25,43.33250045776367,300400,2026-09-30
2006-02-17,31.210620880126953,43.5,43.622501373291016,43.45500183105469,43.462501525878906,327200,2026-09-30
2006-02-21,31.12273406982422,43.377498626708984,43.685001373291016,43.310001373291016,43.622501373291016,249600,2026-09-30
2006-02-22,31.323637008666992,43.657501220703125,43.782501220703125,43.400001525878906,43.400001525878906,341200,2026-09-30
2006-02-23,31.29315185546875,43.6150016784668,43.817501068115234,43.54249954223633,43.65999984741211,368000,2026-09-30
2006-02-24,31.325424194335938,43.65999984741211,43.717498779296875,43.48749923706055,43.599998474121094,241600,2026-09-30
2006-02-27,31.445608139038086,43.82749938964844,43.907501220703125,43.727500915527344,43.775001525878906,341200,2026-09-30
2006-02-28,31.065349578857422,43.29750061035156,43.662498474121094,43.23249816894531,43.64500045776367,638400,2026-09-30
2006-03-01,31.364891052246094,43.71500015258789,43.755001068115234,43.3650016784668,43.462501525878906,662000,2026-09-30
2006-03-02,31.3541202545166,43.70000076293945,43.71500015258789,43.45500183105469,43.60499954223633,258000,2026-09-30
2006-03-03,31.275197982788086,43.59000015258789,43.90250015258789,43.474998474121094,43.5099983215332,456400,2026-09-30
2006-03-06,30.975675582885742,43.17250061035156,43.57500076293945,43.10499954223633,43.57500076293945,331200,2026-09-30
2006-03-07,30.859079360961914,43.0099983215332,43.099998474121094,42.834999084472656,43.025001525878906,275200,2026-09-30
2006-03-08,30.868032455444336,43.022499084472656,43.127498626708984,42.69499969482422,42.8125,1773200,2026-09-30
2006-03-09,30.798084259033203,42.92499923706055,43.3025016784668,42.88750076293945,43.16749954223633,1158400,2026-09-30
2006-03-10,31.049205780029297,43.275001525878906,43.32749938964844,42.875,42.900001525878906,420800,2026-09-30
2006-03-13,31.120952606201172,43.375,43.51499938964844,43.3125,43.38249969482422,279600,2026-09-30
2006-03-14,31.461753845214844,43.849998474121094,43.88249969482422,43.349998474121094,43.349998474121094,312400,2026-09-30
2006-03-15,31.6716365814209,44.14250183105469,44.192501068115234,43.849998474121094,43.970001220703125,379200,2026-09-30
2006-03-16,31.782825469970703,44.29750061035156,44.45500183105469,44.189998626708984,44.255001068115234,403600,2026-09-30
2006-03-17,31.84270668029785,44.275001525878906,44.33250045776367,44.157501220703125,44.32500076293945,596000,2026-09-30
2006-03-20,31.736614227294922,44.127498626708984,44.349998474121094,44.06999969482422,44.349998474121094,180800,2026-09-30
2006-03-21,31.484905242919922,43.77750015258789,44.3224983215332,43.77750015258789,44.0625,202000,2026-09-30
2006-03-22,31.69346809387207,44.067501068115234,44.11249923706055,43.787498474121094,43.834999084472656,235600,2026-09-30
2006-03-23,31.706056594848633,44.084999084472656,44.084999084472656,43.880001068115234,44.04750061035156,238400,2026-09-30
2006-03-24,31.74199676513672,44.1349983215332,44.20500183105469,43.932498931884766,44.057498931884766,135200,2026-09-30
2006-03-27,31.724037170410156,44.11000061035156,44.147499084472656,44.0,44.05500030517578,149200,2026-09-30
2006-03-28,31.571189880371094,43.897499084472656,44.24250030517578,43.81999969482422,44.07500076293945,224800,2026-09-30
2006-03-29,31.851701736450195,44.287498474121094,44.349998474121094,43.91999816894531,44.00749969482422,246800,2026-09-30
2006-03-30,31.729434967041016,44.11750030517578,44.537498474121094,44.07500076293945,44.375,264000,2026-09-30
2006-03-31,31.71683692932129,44.099998474121094,44.25,43.977500915527344,44.25,284400,2026-09-30
2006-04-03,31.688077926635742,44.060001373291016,44.4474983215332,44.0,44.17499923706055,297200,2026-09-30
2006-04-04,31.860671997070312,44.29999923706055,44.36249923706055,43.912498474121094,44.057498931884766,222800,2026-09-30
2006-04-05,31.99192237854004,44.48249816894531,44.592498779296875,44.290000915527344,44.435001373291016,258800,2026-09-30
2006-04-06,32.00273895263672,44.497501373291016,44.5525016784668,44.279998779296875,44.5,172000,2026-09-30
2006-04-07,31.711444854736328,44.092498779296875,44.66999816894531,44.02000045776367,44.54999923706055,270400,2026-09-30
2006-04-10,31.69346809387207,44.067501068115234,44.154998779296875,43.88999938964844,44.099998474121094,125200,2026-09-30
2006-04-11,31.321292877197266,43.54999923706055,44.0724983215332,43.462501525878906,44.02000045776367,243200,2026-09-30
2006-04-12,31.402189254760742,43.662498474121094,43.747501373291016,43.525001525878906,43.654998779296875,269200,2026-09-30
2006-04-13,31.466915130615234,43.752498626708984,43.79499816894531,43.459999084472656,43.602500915527344,336000,2026-09-30
2006-04-17,31.3734130859375,43.622501373291016,43.845001220703125,43.442501068115234,43.817501068115234,208000,2026-09-30
2006-04-18,31.963172912597656,44.442501068115234,44.48749923706055,43.66999816894531,43.66999816894531,169200,2026-09-30
2006-04-19,32.1106071472168,44.647499084472656,44.647499084472656,44.345001220703125,44.592498779296875,174800,2026-09-30
2006-04-20,32.10161590576172,44.6349983215332,44.8650016784668,44.439998626708984,44.61249923706055,383600,2026-09-30
2006-04-21,32.02251434326172,44.525001525878906,44.85499954223633,44.42250061035156,44.85499954223633,240800,2026-09-30
2006-04-24,31.99912452697754,44.49250030517578,44.52750015258789,44.282501220703125,44.4275016784668,120000,2026-09-30
2006-04-25,31.87146759033203,44.314998626708984,44.5625,44.20000076293945,44.525001525878906,373600,2026-09-30
2006-04-26,31.954185485839844,44.43000030517578,44.60749816894531,44.30500030517578,44.522499084472656,322800,2026-09-30
2006-04-27,31.961368560791016,44.439998626708984,44.689998626708984,44.02000045776367,44.08000183105469,576700,2026-09-30
2006-04-28,31.99012565612793,44.47999954223633,44.63999938964844,44.38999938964844,44.439998626708984,216600,2026-09-30
2006-05-01,31.824718475341797,44.25,44.70000076293945,44.22999954223633,44.599998474121094,312800,2026-09-30
2006-05-02,32.011714935302734,44.5099983215332,44.560001373291016,44.290000915527344,44.4900016784668,251100,2026-09-30
2006-05-03,31.93977928161621,44.40999984741211,44.560001373291016,44.29999923706055,44.5099983215332,412200,2026-09-30
2006-05-04,32.09081268310547,44.619998931884766,44.720001220703125,44.54999923706055,44.630001068115234,307700,2026-09-30
2006-05-05,32.42165756225586,45.08000183105469,45.13999938964844,44.84000015258789,44.91999816894531,258200,2026-09-30
2006-05-08,32.46481704711914,45.13999938964844,45.209999084472656,45.08000183105469,45.150001525878906,337300,2026-09-30
2006-05-09,32.45041275024414,45.119998931884766,45.13999938964844,45.02000045776367,45.130001068115234,277000,2026-09-30
2006-05-10,32.42884826660156,45.09000015258789,45.189998626708984,44.900001525878906,45.06999969482422,281800,2026-09-30
2006-05-11,31.94699478149414,44.41999816894531,44.970001220703125,44.400001525878906,44.970001220703125,400600,2026-09-30
2006-05-12,31.573009490966797,43.900001525878906,44.400001525878906,43.900001525878906,44.20000076293945,718300,2026-09-30
2006-05-15,31.58019256591797,43.90999984741211,43.97999954223633,43.560001373291016,43.709999084472656,509600,2026-09-30
2006-05-16,31.429153442382812,43.70000076293945,44.06999969482422,43.61000061035156,44.06999969482422,296900,2026-09-30
2006-05-17,30.93292808532715,43.0099983215332,43.650001525878906,42.95000076293945,43.54999923706055,602700,2026-09-30
2006-05-18,30.738725662231445,42.7400016784668,43.31999969482422,42.72999954223633,43.31999969482422,1699300,2026-09-30
2006-05-19,30.94011688232422,43.02000045776367,43.20000076293945,42.54999923706055,42.79999923706055,540800,2026-09-30
2006-05-22,30.74592399597168,42.75,42.9900016784668,42.400001525878906,42.70000076293945,359700,2026-09-30
2006-05-23,30.56612777709961,42.5,43.209999084472656,42.5,43.099998474121094,212000,2026-09-30
2006-05-24,30.652420043945312,42.619998931884766,42.849998474121094,42.029998779296875,42.25,301200,2026-09-30
2006-05-25,30.983264923095703,43.08000183105469,43.08000183105469,42.75,42.93000030517578,405100,2026-09-30
2006-05-26,31.19182777404785,43.369998931884766,43.400001525878906,43.099998474121094,43.27000045776367,889400,2026-09-30
2006-05-30,30.652420043945312,42.619998931884766,43.290000915527344,42.619998931884766,43.290000915527344,187900,2026-09-30
2006-05-31,31.04078483581543,43.15999984741211,43.16999816894531,42.79999923706055,42.939998626708984,177400,2026-09-30
2006-06-01,31.400392532348633,43.65999984741211,43.709999084472656,43.15999984741211,43.209999084472656,363200,2026-09-30
2006-06-02,31.436355590820312,43.709999084472656,43.91999816894531,43.470001220703125,43.91999816894531,366700,2026-09-30
2006-06-05,30.91852569580078,42.9900016784668,43.599998474121094,42.869998931884766,43.52000045776367,237000,2026-09-30
2006-06-06,30.731525421142578,42.72999954223633,42.900001525878906,42.470001220703125,42.900001525878906,358400,2026-09-30
2006-06-07,30.55173110961914,42.47999954223633,43.08000183105469,42.47999954223633,42.83000183105469,298600,2026-09-30
2006-06-08,30.515783309936523,42.43000030517578,42.619998931884766,41.5,42.31999969482422,569500,2026-09-30
2006-06-09,30.50857925415039,42.41999816894531,42.79999923706055,42.349998474121094,42.66999816894531,940600,2026-09-30
2006-06-12,30.01953125,41.7400016784668,42.5,41.72999954223633,42.43000030517578,421800,2026-09-30
2006-06-13,29.674314498901367,41.2599983215332,42.0099983215332,41.209999084472656,41.599998474121094,713600,2026-09-30
2006-06-14,29.818147659301758,41.459999084472656,41.58000183105469,41.0099983215332,41.04999923706055,631900,2026-09-30
2006-06-15,30.58049964904785,42.52000045776367,42.59000015258789,41.56999969482422,41.70000076293945,231000,2026-09-30
2006-06-16,30.2969970703125,42.0,42.38999938964844,42.0,42.380001068115234,162200,2026-09-30
2006-06-19,30.08059310913086,41.70000076293945,42.369998931884766,41.70000076293945,42.369998931884766,198000,2026-09-30
2006-06-20,30.07338523864746,41.689998626708984,42.029998779296875,41.65999984741211,41.849998474121094,109500,2026-09-30
2006-06-21,30.4412899017334,42.20000076293945,42.400001525878906,41.81999969482422,41.86000061035156,237500,2026-09-30
2006-06-22,30.25372314453125,41.939998626708984,42.13999938964844,41.810001373291016,42.08000183105469,84900,2026-09-30
2006-06-23,30.33306884765625,42.04999923706055,42.290000915527344,41.880001068115234,41.91999816894531,239300,2026-09-30
2006-06-26,30.4412899017334,42.20000076293945,42.209999084472656,41.97999954223633,42.08000183105469,118600,2026-09-30
2006-06-27,30.1455020904541,41.790000915527344,42.25,41.689998626708984,42.2400016784668,185100,2026-09-30
2006-06-28,30.224882125854492,41.900001525878906,41.93000030517578,41.59000015258789,41.900001525878906,103700,2026-09-30
2006-06-29,30.9822998046875,42.95000076293945,42.95000076293945,42.099998474121094,42.15999984741211,390900,2026-09-30
2006-06-30,30.953445434570312,42.90999984741211,43.099998474121094,42.810001373291016,43.099998474121094,1070600,2026-09-30
2006-07-03,31.162639617919922,43.20000076293945,43.20000076293945,42.939998626708984,43.20000076293945,326600,2026-09-30
2006-07-05,30.852436065673828,42.77000045776367,42.90999984741211,42.58000183105469,42.79999923706055,268800,2026-09-30
2006-07-06,30.859664916992188,42.779998779296875,42.97999954223633,42.65999984741211,42.95000076293945,1035600,2026-09-30
2006-07-07,30.679330825805664,42.529998779296875,42.81999969482422,42.36000061035156,42.720001220703125,335000,2026-09-30
2006-07-10,30.614408493041992,42.439998626708984,42.72999954223633,42.349998474121094,42.630001068115234,219300,2026-09-30
2006-07-11,30.773099899291992,42.65999984741211,42.68000030517578,42.16999816894531,42.43000030517578,300400,2026-09-30
2006-07-12,30.498985290527344,42.279998779296875,42.709999084472656,42.099998474121094,42.689998626708984,282200,2026-09-30
2006-07-13,29.99403953552246,41.58000183105469,42.040000915527344,41.52000045776367,41.900001525878906,309000,2026-09-30
2006-07-14,29.734352111816406,41.220001220703125,41.47999954223633,40.939998626708984,41.400001525878906,858900,2026-09-30
2006-07-17,29.71271324157715,41.189998626708984,41.439998626708984,41.08000183105469,41.13999938964844,274100,2026-09-30
2006-07-18,29.70549774169922,41.18000030517578,41.41999816894531,40.7599983215332,41.40999984741211,384700,2026-09-30
2006-07-19,30.224882125854492,41.900001525878906,42.060001373291016,41.31999969482422,41.31999969482422,279500,2026-09-30
2006-07-20,29.914691925048828,41.470001220703125,42.150001525878906,41.459999084472656,42.150001525878906,515300,2026-09-30
2006-07-21,29.590072631835938,41.02000045776367,41.5,40.970001220703125,41.5,1344700,2026-09-30
2006-07-24,30.123884201049805,41.7599983215332,41.79999923706055,41.18000030517578,41.18000030517578,289600,2026-09-30
2006-07-25,30.275386810302734,41.970001220703125,42.20000076293945,41.650001525878906,41.79999923706055,263000,2026-09-30
2006-07-26,30.369144439697266,42.099998474121094,42.2400016784668,41.81999969482422,42.04999923706055,206600,2026-09-30
2006-07-27,30.188798904418945,41.849998474121094,42.400001525878906,41.70000076293945,42.400001525878906,383600,2026-09-30
2006-07-28,30.498985290527344,42.279998779296875,42.349998474121094,41.79999923706055,41.79999923706055,2793600,2026-09-30
2006-07-31,30.542264938354492,42.34000015258789,42.34000015258789,42.11000061035156,42.20000076293945,1982800,2026-09-30
2006-08-01,30.347517013549805,42.06999969482422,42.08000183105469,41.84000015258789,42.04999923706055,1930100,2026-09-30
2006-08-02,30.52063751220703,42.310001373291016,42.4900016784668,42.13999938964844,42.13999938964844,271200,2026-09-30
2006-08-03,30.672115325927734,42.52000045776367,42.619998931884766,42.0099983215332,42.0099983215332,442000,2026-09-30
2006-08-04,30.60718536376953,42.43000030517578,43.040000915527344,42.279998779296875,42.869998931884766,155900,2026-09-30
2006-08-07,30.5134220123291,42.29999923706055,42.45000076293945,42.22999954223633,42.400001525878906,278900,2026-09-30
2006-08-08,30.376367568969727,42.11000061035156,42.61000061035156,42.040000915527344,42.349998474121094,398700,2026-09-30
2006-08-09,30.159971237182617,41.810001373291016,42.52000045776367,41.79999923706055,42.52000045776367,274800,2026-09-30
2006-08-10,30.36193084716797,42.09000015258789,42.16999816894531,41.720001220703125,41.720001220703125,270400,2026-09-30
2006-08-11,30.203224182128906,41.869998931884766,42.09000015258789,41.790000915527344,41.959999084472656,83400,2026-09-30
2006-08-14,30.275386810302734,41.970001220703125,42.380001068115234,41.939998626708984,42.08000183105469,235300,2026-09-30
2006-08-15,30.751462936401367,42.630001068115234,42.689998626708984,42.29999923706055,42.31999969482422,126200,2026-09-30
2006-08-16,31.104915618896484,43.119998931884766,43.20000076293945,42.77000045776367,42.77000045776367,280200,2026-09-30
2006-08-17,31.22757911682129,43.290000915527344,43.41999816894531,43.029998779296875,43.060001373291016,357000,2026-09-30
2006-08-18,31.256420135498047,43.33000183105469,43.369998931884766,43.06999969482422,43.34000015258789,164600,2026-09-30
2006-08-21,31.112146377563477,43.130001068115234,43.189998626708984,43.02000045776367,43.099998474121094,100500,2026-09-30
2006-08-22,31.141008377075195,43.16999816894531,43.29999923706055,43.0099983215332,43.099998474121094,305100,2026-09-30
2006-08-23,30.94622802734375,42.900001525878906,43.25,42.779998779296875,43.18000030517578,211100,2026-09-30
2006-08-24,30.888538360595703,42.81999969482422,43.04999923706055,42.75,42.900001525878906,90600,2026-09-30
2006-08-25,30.924585342407227,42.869998931884766,43.0099983215332,42.79999923706055,42.84000015258789,95800,2026-09-30
2006-08-28,31.13376808166504,43.15999984741211,43.279998779296875,42.86000061035156,42.869998931884766,108000,2026-09-30
2006-08-29,31.278043746948242,43.36000061035156,43.38999938964844,42.97999954223633,43.2400016784668,450700,2026-09-30
2006-08-30,31.328556060791016,43.43000030517578,43.459999084472656,43.310001373291016,43.349998474121094,180800,2026-09-30
2006-08-31,31.379045486450195,43.5,43.540000915527344,43.349998474121094,43.349998474121094,348700,2026-09-30
2006-09-01,31.508895874023438,43.68000030517578,43.7400016784668,43.5,43.54999923706055,173500,2026-09-30
2006-09-05,31.55939483642578,43.75,43.79999923706055,43.61000061035156,43.689998626708984,241600,2026-09-30
2006-09-06,31.19148826599121,43.2400016784668,43.540000915527344,43.2400016784668,43.47999954223633,180800,2026-09-30
2006-09-07,31.047208786010742,43.040000915527344,43.36000061035156,42.959999084472656,43.04999923706055,329300,2026-09-30
2006-09-08,31.24919319152832,43.31999969482422,43.36000061035156,43.099998474121094,43.20000076293945,87700,2026-09-30
2006-09-11,31.292499542236328,43.380001068115234,43.5099983215332,43.029998779296875,43.08000183105469,378600,2026-09-30
2006-09-12,31.718074798583984,43.970001220703125,43.9900016784668,43.380001068115234,43.380001068115234,465600,2026-09-30
2006-09-13,31.869556427001953,44.18000030517578,44.25,43.939998626708984,43.970001220703125,161100,2026-09-30
2006-09-14,31.79743766784668,44.08000183105469,44.18000030517578,43.959999084472656,44.099998474121094,213800,2026-09-30
2006-09-15,31.921117782592773,44.130001068115234,44.33000183105469,44.029998779296875,44.33000183105469,337300,2026-09-30
2006-09-18,31.90666961669922,44.11000061035156,44.279998779296875,44.040000915527344,44.150001525878906,278700,2026-09-30
2006-09-19,31.848783493041992,44.029998779296875,44.150001525878906,43.77000045776367,44.11000061035156,311800,2026-09-30
2006-09-20,32.007911682128906,44.25,44.369998931884766,44.13999938964844,44.2599983215332,275000,2026-09-30
2006-09-21,31.77644157409668,43.93000030517578,44.36000061035156,43.849998474121094,44.33000183105469,378300,2026-09-30
2006-09-22,31.70412254333496,43.83000183105469,43.97999954223633,43.65999984741211,43.97999954223633,479900,2026-09-30
2006-09-25,32.007911682128906,44.25,44.31999969482422,43.66999816894531,43.849998474121094,321800,2026-09-30
2006-09-26,32.21770477294922,44.540000915527344,44.540000915527344,44.09000015258789,44.09000015258789,164900,2026-09-30
2006-09-27,32.22491455078125,44.54999923706055,44.650001525878906,44.41999816894531,44.439998626708984,194900,2026-09-30
2006-09-28,32.25386047363281,44.59000015258789,44.650001525878906,44.369998931884766,44.58000183105469,272700,2026-09-30
2006-09-29,32.130889892578125,44.41999816894531,44.650001525878906,44.41999816894531,44.599998474121094,208600,2026-09-30
2006-10-02,32.087501525878906,44.36000061035156,44.58000183105469,44.2400016784668,44.5,165600,2026-09-30
2006-10-03,32.007911682128906,44.25,44.47999954223633,44.08000183105469,44.29999923706055,242000,2026-09-30
2006-10-04,32.44194030761719,44.849998474121094,44.900001525878906,44.20000076293945,44.2400016784668,192300,2026-09-30
2006-10-05,32.61553955078125,45.09000015258789,45.119998931884766,44.81999969482422,44.959999084472656,240600,2026-09-30
2006-10-06,32.51426696777344,44.95000076293945,45.0,44.75,45.0,303400,2026-09-30
2006-10-09,32.5721435546875,45.029998779296875,45.13999938964844,44.810001373291016,44.849998474121094,217400,2026-09-30
2006-10-10,32.651695251464844,45.13999938964844,45.22999954223633,45.02000045776367,45.06999969482422,223100,2026-09-30
2006-10-11,32.61553955078125,45.09000015258789,45.22999954223633,44.86000061035156,44.97999954223633,585300,2026-09-30
2006-10-12,32.9410285949707,45.540000915527344,45.56999969482422,45.15999984741211,45.15999984741211,232800,2026-09-30
2006-10-13,33.01334762573242,45.63999938964844,45.709999084472656,45.43000030517578,45.52000045776367,226800,2026-09-30
2006-10-16,33.1363410949707,45.810001373291016,45.91999816894531,45.66999816894531,45.689998626708984,275200,2026-09-30
2006-10-17,33.0278205871582,45.65999984741211,45.75,45.400001525878906,45.75,328000,2026-09-30
2006-10-18,33.01334762573242,45.63999938964844,45.97999954223633,45.470001220703125,45.97999954223633,219100,2026-09-30
2006-10-19,33.05677795410156,45.70000076293945,45.709999084472656,45.45000076293945,45.58000183105469,231200,2026-09-30
2006-10-20,32.91932678222656,45.5099983215332,45.7400016784668,45.400001525878906,45.7400016784668,128900,2026-09-30
2006-10-23,33.15805435180664,45.84000015258789,45.86000061035156,45.38999938964844,45.5,113800,2026-09-30
2006-10-24,33.244850158691406,45.959999084472656,45.959999084472656,45.68000030517578,45.7599983215332,304100,2026-09-30
2006-10-25,33.31718444824219,46.060001373291016,46.099998474121094,45.849998474121094,45.900001525878906,160000,2026-09-30
2006-10-26,33.46184539794922,46.2599983215332,46.349998474121094,45.95000076293945,46.209999084472656,320200,2026-09-30
2006-10-27,33.25210189819336,45.970001220703125,46.29999923706055,45.900001525878906,46.09000015258789,133000,2026-09-30
2006-10-30,33.346126556396484,46.099998474121094,46.150001525878906,45.84000015258789,45.900001525878906,340000,2026-09-30
2006-10-31,33.33888626098633,46.09000015258789,46.220001220703125,45.869998931884766,46.220001220703125,315600,2026-09-30
2006-11-01,33.05677795410156,45.70000076293945,46.25,45.630001068115234,46.209999084472656,160400,2026-09-30
2006-11-02,33.05677795410156,45.70000076293945,45.70000076293945,45.470001220703125,45.540000915527344,82400,2026-09-30
2006-11-03,32.96998596191406,45.58000183105469,45.900001525878906,45.38999938964844,45.880001068115234,238400,2026-09-30
2006-11-06,33.30270767211914,46.040000915527344,46.150001525878906,45.709999084472656,45.790000915527344,313800,2026-09-30
2006-11-07,33.40397644042969,46.18000030517578,46.380001068115234,46.060001373291016,46.08000183105469,422800,2026-09-30
2006-11-08,33.519718170166016,46.34000015258789,46.43000030517578,45.970001220703125,46.099998474121094,391700,2026-09-30
2006-11-09,33.37504959106445,46.13999938964844,46.4900016784668,46.09000015258789,46.400001525878906,227500,2026-09-30
2006-11-10,33.49078369140625,46.29999923706055,46.29999923706055,46.06999969482422,46.11000061035156,206200,2026-09-30
2006-11-13,33.606510162353516,46.459999084472656,46.529998779296875,46.20000076293945,46.209999084472656,304100,2026-09-30
2006-11-14,33.823509216308594,46.7599983215332,46.810001373291016,46.29999923706055,46.52000045776367,237200,2026-09-30
2006-11-15,34.01881790161133,47.029998779296875,47.119998931884766,46.790000915527344,46.790000915527344,270600,2026-09-30
2006-11-16,34.07669448852539,47.11000061035156,47.20000076293945,47.02000045776367,47.15999984741211,511300,2026-09-30
2006-11-17,34.062217712402344,47.09000015258789,47.09000015258789,46.86000061035156,47.0,208200,2026-09-30
2006-11-20,34.02604675292969,47.040000915527344,47.15999984741211,46.970001220703125,47.08000183105469,1258400,2026-09-30
2006-11-21,34.214115142822266,47.29999923706055,47.29999923706055,47.04999923706055,47.06999969482422,684700,2026-09-30
2006-11-22,34.28643798828125,47.400001525878906,47.40999984741211,47.20000076293945,47.279998779296875,161300,2026-09-30
2006-11-24,34.22134780883789,47.310001373291016,47.38999938964844,47.150001525878906,47.18000030517578,68400,2026-09-30
2006-11-27,33.66437911987305,46.540000915527344,47.209999084472656,46.5,47.099998474121094,275000,2026-09-30
2006-11-28,33.72948455810547,46.630001068115234,46.65999984741211,46.29999923706055,46.29999923706055,186600,2026-09-30
2006-11-29,34.069461822509766,47.099998474121094,47.150001525878906,46.79999923706055,46.81999969482422,329700,2026-09-30
2006-11-30,34.17072296142578,47.2400016784668,47.380001068115234,46.90999984741211,47.18000030517578,172800,2026-09-30
2006-12-01,34.03328323364258,47.04999923706055,47.34000015258789,46.70000076293945,47.34000015258789,129500,2026-09-30
2006-12-04,34.416656494140625,47.58000183105469,47.689998626708984,47.20000076293945,47.20000076293945,372800,2026-09-30
2006-12-05,34.5251579284668,47.72999954223633,47.83000183105469,47.56999969482422,47.68000030517578,456600,2026-09-30
2006-12-06,34.57577896118164,47.79999923706055,47.88999938964844,47.66999816894531,47.709999084472656,151400,2026-09-30
2006-12-07,34.402198791503906,47.560001373291016,47.970001220703125,47.560001373291016,47.939998626708984,91800,2026-09-30
2006-12-08,34.45283126831055,47.630001068115234,47.79999923706055,47.400001525878906,47.58000183105469,219300,2026-09-30
2006-12-11,34.46729278564453,47.650001525878906,47.790000915527344,47.54999923706055,47.70000076293945,156900,2026-09-30
2006-12-12,34.416656494140625,47.58000183105469,47.72999954223633,47.349998474121094,47.72999954223633,401700,2026-09-30
2006-12-13,34.47453689575195,47.65999984741211,47.779998779296875,47.529998779296875,47.779998779296875,82600,2026-09-30
2006-12-14,34.727691650390625,48.0099983215332,48.06999969482422,47.709999084472656,47.720001220703125,220800,2026-09-30
2006-12-15,34.69792175292969,47.79999923706055,48.11000061035156,47.720001220703125,48.04999923706055,179600,2026-09-30
2006-12-18,34.50194549560547,47.529998779296875,47.900001525878906,47.439998626708984,47.880001068115234,133100,2026-09-30
2006-12-19,34.54549789428711,47.59000015258789,47.65999984741211,47.20000076293945,47.220001220703125,174800,2026-09-30
2006-12-20,34.56727981567383,47.619998931884766,47.77000045776367,47.56999969482422,47.650001525878906,154200,2026-09-30
2006-12-21,34.38580322265625,47.369998931884766,47.68000030517578,47.310001373291016,47.560001373291016,338400,2026-09-30
2006-12-22,34.218849182128906,47.13999938964844,47.5099983215332,47.11000061035156,47.5099983215332,147700,2026-09-30
2006-12-26,34.3785514831543,47.36000061035156,47.400001525878906,47.20000076293945,47.220001220703125,328700,2026-09-30
2006-12-27,34.596317291259766,47.65999984741211,47.72999954223633,47.470001220703125,47.470001220703125,294900,2026-09-30
2006-12-28,34.494693756103516,47.52000045776367,47.75,47.52000045776367,47.75,230700,2026-09-30
2006-12-29,34.36402130126953,47.34000015258789,47.68000030517578,47.31999969482422,47.52000045776367,479400,2026-09-30
2007-01-03,34.349510192871094,47.31999969482422,47.790000915527344,47.040000915527344,47.58000183105469,458900,2026-09-30
2007-01-04,34.40032196044922,47.38999938964844,47.47999954223633,47.040000915527344,47.27000045776367,323100,2026-09-30
2007-01-05,34.168025970458984,47.06999969482422,47.22999954223633,46.939998626708984,47.22999954223633,291500,2026-09-30
2007-01-08,34.240623474121094,47.16999816894531,47.22999954223633,46.88999938964844,47.0099983215332,279000,2026-09-30
2007-01-09,34.2841682434082,47.22999954223633,47.29999923706055,46.970001220703125,47.25,354500,2026-09-30
2007-01-10,34.38580322265625,47.369998931884766,47.41999816894531,46.970001220703125,47.099998474121094,249600,2026-09-30
2007-01-11,34.618080139160156,47.689998626708984,47.84000015258789,47.400001525878906,47.400001525878906,1222500,2026-09-30
2007-01-12,34.77778625488281,47.90999984741211,47.939998626708984,47.65999984741211,47.65999984741211,376500,2026-09-30
2007-01-16,34.806819915771484,47.95000076293945,48.040000915527344,47.86000061035156,47.97999954223633,328600,2026-09-30
2007-01-17,34.79955291748047,47.939998626708984,48.09000015258789,47.86000061035156,47.88999938964844,166900,2026-09-30
2007-01-18,34.58905792236328,47.650001525878906,48.0099983215332,47.650001525878906,47.90999984741211,211800,2026-09-30
2007-01-19,34.82133865356445,47.970001220703125,47.970001220703125,47.720001220703125,47.7599983215332,240700,2026-09-30
2007-01-22,34.62534713745117,47.70000076293945,47.93000030517578,47.630001068115234,47.93000030517578,549500,2026-09-30
2007-01-23,34.82133865356445,47.970001220703125,48.099998474121094,47.689998626708984,47.72999954223633,111300,2026-09-30
2007-01-24,35.08265686035156,48.33000183105469,48.33000183105469,48.02000045776367,48.09000015258789,193700,2026-09-30
2007-01-25,34.71970748901367,47.83000183105469,48.349998474121094,47.77000045776367,48.349998474121094,145500,2026-09-30
2007-01-26,34.73423767089844,47.849998474121094,47.939998626708984,47.650001525878906,47.91999816894531,181100,2026-09-30
2007-01-29,34.756004333496094,47.880001068115234,48.04999923706055,47.7599983215332,47.900001525878906,340000,2026-09-30
2007-01-30,34.96651840209961,48.16999816894531,48.25,47.880001068115234,47.970001220703125,383600,2026-09-30
2007-01-31,35.19154739379883,48.47999954223633,48.650001525878906,47.9900016784668,48.099998474121094,196400,2026-09-30
2007-02-01,35.445613861083984,48.83000183105469,48.869998931884766,48.619998931884766,48.79999923706055,234300,2026-09-30
2007-02-02,35.539974212646484,48.959999084472656,49.060001373291016,48.849998474121094,48.91999816894531,320400,2026-09-30
2007-02-05,35.539974212646484,48.959999084472656,49.02000045776367,48.83000183105469,48.91999816894531,299200,2026-09-30
2007-02-06,35.612571716308594,49.060001373291016,49.099998474121094,48.869998931884766,49.099998474121094,470800,2026-09-30
2007-02-07,35.72145080566406,49.209999084472656,49.310001373291016,49.08000183105469,49.150001525878906,314900,2026-09-30
2007-02-08,35.961002349853516,49.540000915527344,49.540000915527344,49.06999969482422,49.25,328800,2026-09-30
2007-02-09,35.51093673706055,48.91999816894531,49.5,48.709999084472656,49.5,258900,2026-09-30
2007-02-12,35.365753173828125,48.720001220703125,48.95000076293945,48.459999084472656,48.95000076293945,285600,2026-09-30
2007-02-13,35.64884567260742,49.11000061035156,49.119998931884766,48.75,48.75,154400,2026-09-30
2007-02-14,35.968257904052734,49.54999923706055,49.61000061035156,49.209999084472656,49.29999923706055,295700,2026-09-30
2007-02-15,36.05534744262695,49.66999816894531,49.7400016784668,49.4900016784668,49.599998474121094,528100,2026-09-30
2007-02-16,36.04085159301758,49.650001525878906,49.689998626708984,49.5099983215332,49.630001068115234,283200,2026-09-30
2007-02-20,36.20055389404297,49.869998931884766,49.939998626708984,49.439998626708984,49.63999938964844,342700,2026-09-30
2007-02-21,36.24409866333008,49.93000030517578,49.95000076293945,49.65999984741211,49.689998626708984,437900,2026-09-30
2007-02-22,36.22231674194336,49.900001525878906,50.099998474121094,49.689998626708984,50.040000915527344,272800,2026-09-30
2007-02-23,36.18601989746094,49.849998474121094,49.9900016784668,49.650001525878906,49.93000030517578,287500,2026-09-30
2007-02-26,36.135223388671875,49.779998779296875,50.09000015258789,49.560001373291016,50.09000015258789,1148000,2026-09-30
2007-02-27,34.77052688598633,47.900001525878906,49.20000076293945,47.650001525878906,49.119998931884766,562300,2026-09-30
2007-02-28,35.02458572387695,48.25,48.689998626708984,47.900001525878906,48.209999084472656,604800,2026-09-30
2007-03-01,34.91571807861328,48.099998474121094,48.40999984741211,46.70000076293945,47.20000076293945,922900,2026-09-30
2007-03-02,34.42209243774414,47.41999816894531,48.060001373291016,47.38999938964844,47.900001525878906,785400,2026-09-30
2007-03-05,34.059139251708984,46.91999816894531,47.47999954223633,46.83000183105469,47.02000045776367,891900,2026-09-30
2007-03-06,34.54549789428711,47.59000015258789,47.7400016784668,47.0,47.31999969482422,307500,2026-09-30
2007-03-07,34.57453536987305,47.630001068115234,47.869998931884766,47.5,47.630001068115234,163600,2026-09-30
2007-03-08,34.872135162353516,48.040000915527344,48.20000076293945,47.84000015258789,47.869998931884766,235800,2026-09-30
2007-03-09,34.92295455932617,48.11000061035156,48.34000015258789,47.869998931884766,48.310001373291016,262800,2026-09-30
2007-03-12,35.010066986083984,48.22999954223633,48.33000183105469,47.97999954223633,48.06999969482422,193300,2026-09-30
2007-03-13,34.31320571899414,47.27000045776367,48.130001068115234,47.22999954223633,47.939998626708984,202300,2026-09-30
2007-03-14,34.494693756103516,47.52000045776367,47.59000015258789,46.709999084472656,47.34000015258789,440600,2026-09-30
2007-03-15,34.70518493652344,47.810001373291016,47.869998931884766,47.5099983215332,47.68000030517578,134000,2026-09-30
2007-03-16,34.57137680053711,47.529998779296875,47.869998931884766,47.43000030517578,47.7400016784668,177000,2026-09-30
2007-03-19,34.97139358520508,48.08000183105469,48.099998474121094,47.720001220703125,47.75,197900,2026-09-30
2007-03-20,35.13142776489258,48.29999923706055,48.33000183105469,48.0,48.04999923706055,302900,2026-09-30
2007-03-21,35.655120849609375,49.02000045776367,49.25,48.22999954223633,48.36000061035156,349200,2026-09-30
2007-03-22,35.67694854736328,49.04999923706055,49.16999816894531,48.900001525878906,49.15999984741211,318200,2026-09-30
2007-03-23,35.74967956542969,49.150001525878906,49.25,49.0,49.0,212700,2026-09-30
2007-03-26,35.74967956542969,49.150001525878906,49.18000030517578,48.68000030517578,49.150001525878906,407200,2026-09-30
2007-03-27,35.52421188354492,48.84000015258789,49.0099983215332,48.70000076293945,49.0099983215332,237600,2026-09-30
2007-03-28,35.240543365478516,48.45000076293945,48.7400016784668,48.33000183105469,48.709999084472656,351600,2026-09-30
2007-03-29,35.32052993774414,48.560001373291016,48.86000061035156,48.25,48.75,326400,2026-09-30
2007-03-30,35.31327438354492,48.54999923706055,48.88999938964844,48.220001220703125,48.650001525878906,362000,2026-09-30
2007-04-02,35.480560302734375,48.779998779296875,48.81999969482422,48.4900016784668,48.58000183105469,128600,2026-09-30
2007-04-03,35.822425842285156,49.25,49.33000183105469,48.9900016784668,49.040000915527344,392500,2026-09-30
2007-04-04,35.815128326416016,49.2400016784668,49.5,49.0,49.18000030517578,711600,2026-09-30
2007-04-05,35.9460563659668,49.41999816894531,49.43000030517578,49.150001525878906,49.20000076293945,319600,2026-09-30
2007-04-09,35.99699401855469,49.4900016784668,49.75,49.36000061035156,49.459999084472656,382100,2026-09-30
2007-04-10,36.04063415527344,49.54999923706055,49.59000015258789,49.400001525878906,49.5099983215332,260600,2026-09-30
2007-04-11,35.815128326416016,49.2400016784668,49.54999923706055,49.16999816894531,49.54999923706055,313300,2026-09-30
2007-04-12,36.06245803833008,49.58000183105469,49.58000183105469,49.029998779296875,49.25,290900,2026-09-30
2007-04-13,36.16428756713867,49.720001220703125,49.720001220703125,49.40999984741211,49.59000015258789,353200,2026-09-30
2007-04-16,36.53523254394531,50.22999954223633,50.27000045776367,49.93000030517578,49.93000030517578,336000,2026-09-30
2007-04-17,36.578861236572266,50.290000915527344,50.439998626708984,50.16999816894531,50.2400016784668,355500,2026-09-30
2007-04-18,36.67341232299805,50.41999816894531,50.5099983215332,50.11000061035156,50.189998626708984,478200,2026-09-30
2007-04-19,36.637062072753906,50.369998931884766,50.439998626708984,50.0099983215332,50.029998779296875,403200,2026-09-30
2007-04-20,36.86981201171875,50.689998626708984,50.77000045776367,50.5,50.77000045776367,317400,2026-09-30
2007-04-23,36.928009033203125,50.77000045776367,50.91999816894531,50.689998626708984,50.81999969482422,288100,2026-09-30
2007-04-24,36.928009033203125,50.77000045776367,50.939998626708984,50.5,50.84000015258789,210600,2026-09-30
2007-04-25,37.2989616394043,51.279998779296875,51.349998474121094,50.869998931884766,51.150001525878906,210200,2026-09-30
2007-04-26,37.3353271484375,51.33000183105469,51.400001525878906,51.150001525878906,51.27000045776367,240800,2026-09-30
2007-04-27,37.25532913208008,51.220001220703125,51.29999923706055,51.0,51.189998626708984,262700,2026-09-30
2007-04-30,36.86981201171875,50.689998626708984,51.22999954223633,50.650001525878906,51.20000076293945,331900,2026-09-30
2007-05-01,36.9498291015625,50.79999923706055,50.849998474121094,50.33000183105469,50.75,304400,2026-09-30
2007-05-02,37.24076461791992,51.20000076293945,51.29999923706055,50.900001525878906,50.900001525878906,212900,2026-09-30
2007-05-03,37.386234283447266,51.400001525878906,51.41999816894531,51.18000030517578,51.33000183105469,285300,2026-09-30
2007-05-04,37.415348052978516,51.439998626708984,51.630001068115234,51.31999969482422,51.540000915527344,134300,2026-09-30
2007-05-07,37.48078918457031,51.529998779296875,51.70000076293945,51.5,51.5,265800,2026-09-30
2007-05-08,37.4589729309082,51.5,51.5099983215332,51.220001220703125,51.34000015258789,142400,2026-09-30
2007-05-09,37.6190071105957,51.720001220703125,51.81999969482422,51.38999938964844,51.41999816894531,110700,2026-09-30
2007-05-10,37.168033599853516,51.099998474121094,51.619998931884766,51.0099983215332,51.59000015258789,192500,2026-09-30
2007-05-11,37.429874420166016,51.459999084472656,51.4900016784668,51.15999984741211,51.279998779296875,314400,2026-09-30
2007-05-14,37.3353271484375,51.33000183105469,51.68000030517578,51.22999954223633,51.59000015258789,1636000,2026-09-30
2007-05-15,37.284420013427734,51.2599983215332,51.709999084472656,51.220001220703125,51.5,1514400,2026-09-30
2007-05-16,37.5098762512207,51.56999969482422,51.56999969482422,51.16999816894531,51.439998626708984,2479900,2026-09-30
2007-05-17,37.53898239135742,51.61000061035156,51.68000030517578,51.400001525878906,51.56999969482422,325700,2026-09-30
2007-05-18,37.72809982299805,51.869998931884766,51.88999938964844,51.59000015258789,51.65999984741211,231900,2026-09-30
2007-05-21,37.815372467041016,51.9900016784668,52.16999816894531,51.84000015258789,51.880001068115234,1982600,2026-09-30
2007-05-22,37.786293029785156,51.95000076293945,52.150001525878906,51.880001068115234,52.029998779296875,1780500,2026-09-30
2007-05-23,37.749908447265625,51.900001525878906,52.290000915527344,51.88999938964844,52.13999938964844,494500,2026-09-30
2007-05-24,37.32804870605469,51.31999969482422,52.13999938964844,51.220001220703125,51.790000915527344,315400,2026-09-30
2007-05-25,37.51716613769531,51.58000183105469,51.66999816894531,51.400001525878906,51.439998626708984,182500,2026-09-30
2007-05-29,37.62627029418945,51.72999954223633,51.880001068115234,51.52000045776367,51.75,192300,2026-09-30
2007-05-30,37.9317626953125,52.150001525878906,52.15999984741211,51.470001220703125,51.56999969482422,493300,2026-09-30
2007-05-31,38.06268310546875,52.33000183105469,52.41999816894531,52.15999984741211,52.369998931884766,286100,2026-09-30
2007-06-01,38.215431213378906,52.540000915527344,52.709999084472656,52.40999984741211,52.59000015258789,672400,2026-09-30
2007-06-04,38.309974670410156,52.66999816894531,52.7400016784668,52.41999816894531,52.5099983215332,567500,2026-09-30
2007-06-05,38.11359786987305,52.400001525878906,52.56999969482422,52.220001220703125,52.560001373291016,196800,2026-09-30
2007-06-06,37.749908447265625,51.900001525878906,52.16999816894531,51.7599983215332,52.16999816894531,259300,2026-09-30
2007-06-07,36.964359283447266,50.81999969482422,51.810001373291016,50.81999969482422,51.66999816894531,404900,2026-09-30
2007-06-08,37.46625518798828,51.5099983215332,51.5099983215332,50.75,50.849998474121094,221300,2026-09-30
2007-06-11,37.47352600097656,51.52000045776367,51.75,51.34000015258789,51.47999954223633,170300,2026-09-30
2007-06-12,37.05892562866211,50.95000076293945,51.599998474121094,50.95000076293945,51.279998779296875,229300,2026-09-30
2007-06-13,37.669921875,51.790000915527344,51.790000915527344,50.150001525878906,50.150001525878906,364100,2026-09-30
2007-06-14,37.80084228515625,51.970001220703125,52.16999816894531,51.84000015258789,51.84000015258789,412200,2026-09-30
2007-06-15,37.94019317626953,52.0,52.400001525878906,52.0,52.310001373291016,297200,2026-09-30
2007-06-18,38.005859375,52.09000015258789,52.2400016784668,52.0099983215332,52.2400016784668,286200,2026-09-30
2007-06-19,38.05692672729492,52.15999984741211,52.16999816894531,51.869998931884766,52.029998779296875,173000,2026-09-30
2007-06-20,37.5899658203125,51.52000045776367,52.2400016784668,51.470001220703125,52.22999954223633,221800,2026-09-30
2007-06-21,37.7869758605957,51.790000915527344,51.81999969482422,51.15999984741211,51.43000030517578,362300,2026-09-30
2007-06-22,37.502418518066406,51.400001525878906,51.720001220703125,51.150001525878906,51.619998931884766,471200,2026-09-30
2007-06-25,37.137603759765625,50.900001525878906,51.540000915527344,50.86000061035156,51.34000015258789,267300,2026-09-30
2007-06-26,37.0792350769043,50.81999969482422,51.209999084472656,50.61000061035156,51.16999816894531,306000,2026-09-30
2007-06-27,37.36377716064453,51.209999084472656,51.31999969482422,50.4900016784668,50.4900016784668,351100,2026-09-30
2007-06-28,37.42945098876953,51.29999923706055,51.61000061035156,51.22999954223633,51.22999954223633,596200,2026-09-30
2007-06-29,37.35649871826172,51.20000076293945,51.68000030517578,50.90999984741211,51.45000076293945,221400,2026-09-30
2007-07-02,37.765071868896484,51.7599983215332,51.7599983215332,51.36000061035156,51.45000076293945,707100,2026-09-30
2007-07-03,37.82343292236328,51.84000015258789,51.970001220703125,51.75,51.900001525878906,441200,2026-09-30
2007-07-05,37.918304443359375,51.970001220703125,52.040000915527344,51.72999954223633,51.9900016784668,683000,2026-09-30
2007-07-06,38.093414306640625,52.209999084472656,52.27000045776367,51.790000915527344,51.849998474121094,385300,2026-09-30
2007-07-09,38.07151412963867,52.18000030517578,52.29999923706055,52.060001373291016,52.27000045776367,354700,2026-09-30
2007-07-10,37.546199798583984,51.459999084472656,51.970001220703125,51.40999984741211,51.90999984741211,257100,2026-09-30
2007-07-11,37.648338317871094,51.599998474121094,51.65999984741211,51.27000045776367,51.34000015258789,2440400,2026-09-30
2007-07-12,38.28310775756836,52.470001220703125,52.470001220703125,51.88999938964844,51.88999938964844,426300,2026-09-30
2007-07-13,38.377960205078125,52.599998474121094,52.7400016784668,52.369998931884766,52.470001220703125,509100,2026-09-30
2007-07-16,38.224754333496094,52.38999938964844,52.70000076293945,52.38999938964844,52.619998931884766,1130900,2026-09-30
2007-07-17,38.27583312988281,52.459999084472656,52.630001068115234,52.369998931884766,52.439998626708984,881300,2026-09-30
2007-07-18,38.21014404296875,52.369998931884766,52.40999984741211,51.93000030517578,52.290000915527344,305400,2026-09-30
2007-07-19,38.4144287109375,52.650001525878906,52.66999816894531,52.470001220703125,52.58000183105469,1429200,2026-09-30
2007-07-20,37.89641189575195,51.939998626708984,52.54999923706055,51.790000915527344,52.54999923706055,1867900,2026-09-30
2007-07-23,37.94019317626953,52.0,52.290000915527344,51.97999954223633,52.15999984741211,544700,2026-09-30
2007-07-24,37.26893615722656,51.08000183105469,51.95000076293945,50.84000015258789,51.689998626708984,2560500,2026-09-30
2007-07-25,37.20328140258789,50.9900016784668,51.349998474121094,50.54999923706055,51.209999084472656,887600,2026-09-30
2007-07-26,36.218299865722656,49.63999938964844,50.47999954223633,49.08000183105469,50.310001373291016,999500,2026-09-30
2007-07-27,35.539737701416016,48.709999084472656,49.869998931884766,48.709999084472656,49.540000915527344,730400,2026-09-30
2007-07-30,36.079647064208984,49.45000076293945,49.599998474121094,48.720001220703125,49.06999969482422,4678400,2026-09-30
2007-07-31,35.67107391357422,48.88999938964844,49.97999954223633,48.880001068115234,49.810001373291016,1998800,2026-09-30
2007-08-01,35.809688568115234,49.08000183105469,53.540000915527344,48.220001220703125,49.0,3387600,2026-09-30
2007-08-02,36.043182373046875,49.400001525878906,49.5,49.0,49.209999084472656,1334500,2026-09-30
2007-08-03,35.03630065917969,48.02000045776367,49.40999984741211,47.7599983215332,49.29999923706055,1724500,2026-09-30
2007-08-06,35.62730026245117,48.83000183105469,48.91999816894531,47.58000183105469,48.279998779296875,2308400,2026-09-30
2007-08-07,35.82429885864258,49.099998474121094,49.540000915527344,48.43000030517578,48.65999984741211,260200,2026-09-30
2007-08-08,36.29855728149414,49.75,50.09000015258789,49.16999816894531,49.599998474121094,2019000,2026-09-30
2007-08-09,35.39381790161133,48.5099983215332,49.5,48.47999954223633,48.81999969482422,1964400,2026-09-30
2007-08-10,35.39381790161133,48.5099983215332,48.75,47.529998779296875,47.83000183105469,1909900,2026-09-30
2007-08-13,35.4886589050293,48.63999938964844,49.06999969482422,48.59000015258789,49.06999969482422,768200,2026-09-30
2007-08-14,34.68607711791992,47.540000915527344,48.70000076293945,47.529998779296875,48.70000076293945,1023200,2026-09-30
2007-08-15,34.16806411743164,46.83000183105469,48.060001373291016,46.290000915527344,47.45000076293945,1327300,2026-09-30
2007-08-16,34.24102020263672,46.93000030517578,47.060001373291016,45.22999954223633,46.27000045776367,1761500,2026-09-30
2007-08-17,35.072776794433594,48.06999969482422,50.0,47.09000015258789,48.810001373291016,2117000,2026-09-30
2007-08-20,35.058189392089844,48.04999923706055,48.209999084472656,47.540000915527344,48.09000015258789,599800,2026-09-30
2007-08-21,35.058189392089844,48.04999923706055,48.41999816894531,47.84000015258789,47.900001525878906,888000,2026-09-30
2007-08-22,35.6199951171875,48.81999969482422,48.849998474121094,48.400001525878906,48.5099983215332,380000,2026-09-30
2007-08-23,35.53243637084961,48.70000076293945,49.20000076293945,48.40999984741211,49.15999984741211,725600,2026-09-30
2007-08-24,35.98481369018555,49.31999969482422,49.33000183105469,48.599998474121094,48.689998626708984,607700,2026-09-30
2007-08-27,35.43759536743164,48.56999969482422,49.16999816894531,48.56999969482422,49.16999816894531,349000,2026-09-30
2007-08-28,34.780941009521484,47.66999816894531,48.40999984741211,47.5,48.400001525878906,738200,2026-09-30
2007-08-29,35.44489669799805,48.58000183105469,48.599998474121094,47.70000076293945,47.79999923706055,372000,2026-09-30
2007-08-30,35.29168701171875,48.369998931884766,48.720001220703125,48.150001525878906,48.20000076293945,437800,2026-09-30
2007-08-31,35.70025634765625,48.93000030517578,49.18000030517578,48.61000061035156,48.88999938964844,965900,2026-09-30
2007-09-04,36.17451477050781,49.58000183105469,49.68000030517578,48.77000045776367,48.939998626708984,516700,2026-09-30
2007-09-05,35.4886589050293,48.63999938964844,49.11000061035156,48.63999938964844,49.06999969482422,724100,2026-09-30
2007-09-06,35.773231506347656,49.029998779296875,49.18000030517578,48.650001525878906,48.9900016784668,1559700,2026-09-30
2007-09-07,35.218711853027344,48.27000045776367,48.529998779296875,48.029998779296875,48.369998931884766,870300,2026-09-30
2007-09-10,34.948760986328125,47.900001525878906,48.47999954223633,47.56999969482422,48.41999816894531,838300,2026-09-30
2007-09-11,35.40840530395508,48.529998779296875,48.58000183105469,48.099998474121094,48.15999984741211,1338000,2026-09-30
2007-09-12,35.35003662109375,48.45000076293945,48.790000915527344,48.380001068115234,48.41999816894531,707000,2026-09-30
2007-09-13,35.58352279663086,48.77000045776367,49.02000045776367,48.619998931884766,48.75,254800,2026-09-30
2007-09-14,35.70754623413086,48.939998626708984,48.970001220703125,48.5,48.540000915527344,628600,2026-09-30
2007-09-17,35.49596405029297,48.650001525878906,48.810001373291016,48.45000076293945,48.810001373291016,178600,2026-09-30
2007-09-18,36.58310317993164,50.13999938964844,50.15999984741211,48.7599983215332,48.93000030517578,465000,2026-09-30
2007-09-19,36.838470458984375,50.4900016784668,50.849998474121094,50.279998779296875,50.4900016784668,561300,2026-09-30
2007-09-20,36.502830505371094,50.029998779296875,50.47999954223633,49.959999084472656,50.439998626708984,669100,2026-09-30
2007-09-21,36.58189010620117,49.97999954223633,50.2400016784668,49.97999954223633,50.20000076293945,189200,2026-09-30
2007-09-24,36.391578674316406,49.720001220703125,50.16999816894531,49.650001525878906,50.029998779296875,2317400,2026-09-30
2007-09-25,36.3549919128418,49.66999816894531,49.68000030517578,49.2400016784668,49.400001525878906,563700,2026-09-30
2007-09-26,36.5526123046875,49.939998626708984,50.029998779296875,49.70000076293945,49.81999969482422,409700,2026-09-30
2007-09-27,36.68436050415039,50.119998931884766,50.18000030517578,49.959999084472656,50.099998474121094,502700,2026-09-30
2007-09-28,36.58921432495117,49.9900016784668,50.25,49.869998931884766,50.16999816894531,309900,2026-09-30
2007-10-01,37.0869140625,50.66999816894531,50.7599983215332,50.099998474121094,50.099998474121094,377700,2026-09-30
2007-10-02,37.16011428833008,50.77000045776367,50.849998474121094,50.58000183105469,50.709999084472656,259900,2026-09-30
2007-10-03,37.1088981628418,50.70000076293945,50.880001068115234,50.529998779296875,50.61000061035156,463300,2026-09-30
2007-10-04,37.1015510559082,50.689998626708984,50.79999923706055,50.56999969482422,50.7400016784668,353500,2026-09-30
2007-10-05,37.58464050292969,51.349998474121094,51.52000045776367,50.91999816894531,51.029998779296875,313500,2026-09-30
2007-10-08,37.430938720703125,51.13999938964844,51.33000183105469,51.060001373291016,51.2599983215332,503700,2026-09-30
2007-10-09,37.69441223144531,51.5,51.52000045776367,51.04999923706055,51.29999923706055,219300,2026-09-30
2007-10-10,37.643192291259766,51.43000030517578,51.5,51.18000030517578,51.41999816894531,223100,2026-09-30
2007-10-11,37.38700866699219,51.08000183105469,51.81999969482422,50.84000015258789,51.709999084472656,664600,2026-09-30
2007-10-12,37.51876449584961,51.2599983215332,51.36000061035156,51.040000915527344,51.060001373291016,280200,2026-09-30
2007-10-15,37.167423248291016,50.779998779296875,51.43000030517578,50.540000915527344,51.31999969482422,745000,2026-09-30
2007-10-16,36.881980895996094,50.38999938964844,50.7599983215332,50.29999923706055,50.7599983215332,1244900,2026-09-30
2007-10-17,36.940513610839844,50.470001220703125,50.810001373291016,49.90999984741211,50.7599983215332,1521200,2026-09-30
2007-10-18,36.84539031982422,50.34000015258789,50.5,50.040000915527344,50.220001220703125,1123100,2026-09-30
2007-10-19,35.84264373779297,48.970001220703125,50.209999084472656,48.970001220703125,50.15999984741211,608700,2026-09-30
2007-10-22,36.15736770629883,49.400001525878906,49.459999084472656,48.63999938964844,48.689998626708984,1958000,2026-09-30
2007-10-23,36.45014572143555,49.79999923706055,49.79999923706055,49.22999954223633,49.72999954223633,821100,2026-09-30
2007-10-24,36.26716232299805,49.54999923706055,49.63999938964844,48.75,49.5099983215332,2287300,2026-09-30
2007-10-25,36.27447509765625,49.560001373291016,49.939998626708984,49.060001373291016,49.65999984741211,1059700,2026-09-30
2007-10-26,36.76487731933594,50.22999954223633,50.22999954223633,49.599998474121094,50.099998474121094,609800,2026-09-30
2007-10-29,36.80146408081055,50.279998779296875,50.470001220703125,50.13999938964844,50.2599983215332,429100,2026-09-30
2007-10-30,36.61848449707031,50.029998779296875,50.310001373291016,49.9900016784668,50.119998931884766,490800,2026-09-30
2007-10-31,36.999088287353516,50.54999923706055,50.75,50.0,50.349998474121094,848000,2026-09-30
2007-11-01,35.989013671875,49.16999816894531,50.290000915527344,49.16999816894531,50.060001373291016,1958100,2026-09-30
2007-11-02,36.040252685546875,49.2400016784668,49.52000045776367,48.79999923706055,49.52000045776367,1124900,2026-09-30
2007-11-05,35.915836334228516,49.06999969482422,49.310001373291016,47.5,47.5,924700,2026-09-30
2007-11-06,36.23787307739258,49.5099983215332,49.52000045776367,48.779998779296875,49.279998779296875,620500,2026-09-30
2007-11-07,35.330299377441406,48.27000045776367,49.20000076293945,48.16999816894531,48.77000045776367,488800,2026-09-30
2007-11-08,35.257080078125,48.16999816894531,48.470001220703125,47.45000076293945,48.31999969482422,2523600,2026-09-30
2007-11-09,34.9130973815918,47.70000076293945,48.36000061035156,47.52000045776367,47.970001220703125,1020200,2026-09-30
2007-11-12,34.51784133911133,47.15999984741211,48.08000183105469,47.06999969482422,47.79999923706055,1213600,2026-09-30
2007-11-13,35.4400634765625,48.41999816894531,48.5,47.18000030517578,47.18000030517578,932000,2026-09-30
2007-11-14,35.154632568359375,48.029998779296875,48.869998931884766,48.0099983215332,48.779998779296875,694500,2026-09-30
2007-11-15,34.82523727416992,47.58000183105469,48.189998626708984,47.25,47.95000076293945,890500,2026-09-30
2007-11-16,34.81061553955078,47.560001373291016,47.900001525878906,47.11000061035156,47.900001525878906,873300,2026-09-30
2007-11-19,34.15919876098633,46.66999816894531,47.63999938964844,46.54999923706055,47.63999938964844,752500,2026-09-30
2007-11-20,34.10797882080078,46.599998474121094,47.2400016784668,46.0,46.70000076293945,1055300,2026-09-30
2007-11-21,33.676116943359375,46.0099983215332,46.650001525878906,45.849998474121094,46.650001525878906,876200,2026-09-30
2007-11-23,34.225059509277344,46.7599983215332,46.880001068115234,46.279998779296875,46.459999084472656,169300,2026-09-30
2007-11-26,33.44922637939453,45.70000076293945,47.029998779296875,45.70000076293945,46.54999923706055,1079200,2026-09-30
2007-11-27,33.95426559448242,46.38999938964844,46.459999084472656,45.81999969482422,46.099998474121094,1601700,2026-09-30
2007-11-28,34.927734375,47.720001220703125,47.880001068115234,46.459999084472656,46.459999084472656,1685600,2026-09-30
2007-11-29,34.86184310913086,47.630001068115234,47.93000030517578,47.400001525878906,47.93000030517578,815700,2026-09-30
2007-11-30,35.2790412902832,48.20000076293945,48.529998779296875,47.91999816894531,48.25,538300,2026-09-30
2007-12-03,35.08875274658203,47.939998626708984,48.22999954223633,47.869998931884766,48.150001525878906,239000,2026-09-30
2007-12-04,34.89113235473633,47.66999816894531,47.900001525878906,47.54999923706055,47.61000061035156,553400,2026-09-30
2007-12-05,35.388832092285156,48.349998474121094,48.41999816894531,48.0,48.0,429000,2026-09-30
2007-12-06,35.92314147949219,49.08000183105469,49.16999816894531,48.09000015258789,48.09000015258789,791800,2026-09-30
2007-12-07,35.959754943847656,49.130001068115234,49.34000015258789,49.09000015258789,49.18000030517578,1121800,2026-09-30
2007-12-10,36.30376052856445,49.599998474121094,49.68000030517578,49.08000183105469,49.08000183105469,352700,2026-09-30
2007-12-11,35.16926574707031,48.04999923706055,49.7400016784668,48.040000915527344,49.47999954223633,1369700,2026-09-30
2007-12-12,35.40347671508789,48.369998931884766,49.380001068115234,47.75,49.380001068115234,897200,2026-09-30
2007-12-13,35.35955810546875,48.310001373291016,48.33000183105469,47.7400016784668,48.31999969482422,627800,2026-09-30
2007-12-14,34.82523727416992,47.58000183105469,48.16999816894531,47.540000915527344,47.540000915527344,300700,2026-09-30
2007-12-17,34.34217834472656,46.91999816894531,47.5099983215332,46.88999938964844,47.2599983215332,318400,2026-09-30
2007-12-18,34.50320053100586,47.13999938964844,47.34000015258789,46.59000015258789,47.08000183105469,573000,2026-09-30
2007-12-19,34.50320053100586,47.13999938964844,47.40999984741211,46.849998474121094,47.04999923706055,876300,2026-09-30
2007-12-20,34.64228439331055,47.33000183105469,47.560001373291016,46.84000015258789,47.27000045776367,998200,2026-09-30
2007-12-21,35.17586898803711,47.86000061035156,47.88999938964844,47.5,47.5,256800,2026-09-30
2007-12-24,35.506591796875,48.310001373291016,48.34000015258789,47.90999984741211,47.90999984741211,122600,2026-09-30
2007-12-26,35.44044876098633,48.220001220703125,48.279998779296875,47.939998626708984,47.9900016784668,431000,2026-09-30
2007-12-27,34.948028564453125,47.54999923706055,48.2599983215332,47.5,48.2599983215332,396000,2026-09-30
2007-12-28,34.88922119140625,47.470001220703125,47.900001525878906,47.33000183105469,47.7400016784668,151300,2026-09-30
2007-12-31,34.676090240478516,47.18000030517578,47.54999923706055,47.060001373291016,47.15999984741211,425000,2026-09-30
2008-01-02,34.14689254760742,46.459999084472656,47.33000183105469,46.349998474121094,47.099998474121094,524900,2026-09-30
2008-01-03,33.992557525634766,46.25,46.66999816894531,46.11000061035156,46.47999954223633,297900,2026-09-30
2008-01-04,33.02973937988281,44.939998626708984,46.0,44.86000061035156,46.0,671000,2026-09-30
2008-01-07,33.11793518066406,45.060001373291016,45.27000045776367,44.599998474121094,45.04999923706055,817900,2026-09-30
2008-01-08,32.26536560058594,43.900001525878906,45.470001220703125,43.880001068115234,45.2599983215332,473500,2026-09-30
2008-01-09,32.610801696777344,44.369998931884766,44.43000030517578,43.310001373291016,44.0,741400,2026-09-30
2008-01-10,33.06648635864258,44.9900016784668,45.310001373291016,43.91999816894531,44.099998474121094,1469800,2026-09-30
2008-01-11,32.61814880371094,44.380001068115234,44.900001525878906,44.209999084472656,44.540000915527344,593300,2026-09-30
2008-01-14,32.94889450073242,44.83000183105469,44.869998931884766,44.40999984741211,44.560001373291016,598200,2026-09-30
2008-01-15,32.103668212890625,43.68000030517578,44.34000015258789,43.63999938964844,44.22999954223633,838500,2026-09-30
2008-01-16,32.162471771240234,43.7599983215332,44.33000183105469,43.33000183105469,43.4900016784668,1036400,2026-09-30
2008-01-17,31.214351654052734,42.470001220703125,43.86000061035156,42.38999938964844,43.7400016784668,1382200,2026-09-30
2008-01-18,30.986509323120117,42.15999984741211,43.08000183105469,41.849998474121094,42.77000045776367,1072300,2026-09-30
2008-01-22,30.993860244750977,42.16999816894531,42.47999954223633,39.29999923706055,39.31999969482422,1005800,2026-09-30
2008-01-23,31.97872543334961,43.5099983215332,43.529998779296875,40.689998626708984,40.689998626708984,783600,2026-09-30
2008-01-24,32.11835861206055,43.70000076293945,43.90999984741211,43.22999954223633,43.560001373291016,719200,2026-09-30
2008-01-25,31.780282974243164,43.2400016784668,44.349998474121094,43.060001373291016,44.25,999700,2026-09-30
2008-01-28,32.45646286010742,44.15999984741211,44.15999984741211,42.88999938964844,43.22999954223633,793700,2026-09-30
2008-01-29,32.73575973510742,44.540000915527344,44.63999938964844,43.95000076293945,44.279998779296875,1050800,2026-09-30
2008-01-30,32.375606536865234,44.04999923706055,45.349998474121094,44.040000915527344,44.540000915527344,562300,2026-09-30
2008-01-31,33.18408966064453,45.150001525878906,45.529998779296875,43.45000076293945,43.61000061035156,499800,2026-09-30
2008-02-01,33.86762237548828,46.08000183105469,46.209999084472656,45.22999954223633,45.22999954223633,441800,2026-09-30
2008-02-04,33.43397521972656,45.4900016784668,46.15999984741211,45.47999954223633,46.15999984741211,274800,2026-09-30
2008-02-05,32.478515625,44.189998626708984,45.02000045776367,44.11000061035156,44.900001525878906,530300,2026-09-30
2008-02-06,32.22126007080078,43.84000015258789,44.72999954223633,43.709999084472656,44.45000076293945,1002600,2026-09-30
2008-02-07,32.50790786743164,44.22999954223633,44.529998779296875,43.4900016784668,43.599998474121094,710600,2026-09-30
2008-02-08,32.24332046508789,43.869998931884766,44.380001068115234,43.650001525878906,44.130001068115234,769100,2026-09-30
2008-02-11,32.581417083740234,44.33000183105469,44.38999938964844,43.65999984741211,43.88999938964844,315000,2026-09-30
2008-02-12,32.77248764038086,44.59000015258789,45.040000915527344,44.22999954223633,44.5,315200,2026-09-30
2008-02-13,33.18408966064453,45.150001525878906,45.22999954223633,44.59000015258789,44.79999923706055,393500,2026-09-30
2008-02-14,32.67694091796875,44.459999084472656,45.18000030517578,44.369998931884766,45.18000030517578,389700,2026-09-30
2008-02-15,32.669593811035156,44.45000076293945,44.45000076293945,44.0,44.220001220703125,318100,2026-09-30
2008-02-19,32.70633316040039,44.5,45.029998779296875,44.279998779296875,44.810001373291016,575100,2026-09-30
2008-02-20,33.01502227783203,44.91999816894531,45.029998779296875,44.060001373291016,44.220001220703125,574800,2026-09-30
2008-02-21,32.5152702331543,44.2400016784668,45.25,44.150001525878906,45.130001068115234,471300,2026-09-30
2008-02-22,32.77983093261719,44.599998474121094,44.619998931884766,43.70000076293945,44.43000030517578,374300,2026-09-30
2008-02-25,33.35313415527344,45.380001068115234,45.560001373291016,44.36000061035156,44.66999816894531,702900,2026-09-30
2008-02-26,33.65446853637695,45.790000915527344,46.0,45.15999984741211,45.20000076293945,379200,2026-09-30
2008-02-27,33.41194534301758,45.459999084472656,46.09000015258789,45.459999084472656,45.68000030517578,227000,2026-09-30
2008-02-28,33.12529754638672,45.06999969482422,45.43000030517578,44.939998626708984,45.34000015258789,460500,2026-09-30
2008-02-29,32.18451690673828,43.790000915527344,44.63999938964844,43.529998779296875,44.63999938964844,141000,2026-09-30
2008-03-03,32.1257209777832,43.709999084472656,43.84000015258789,43.279998779296875,43.54999923706055,456700,2026-09-30
2008-03-04,32.03750228881836,43.59000015258789,43.709999084472656,42.90999984741211,43.34000015258789,177900,2026-09-30
2008-03-05,32.22126007080078,43.84000015258789,44.22999954223633,43.400001525878906,43.63999938964844,382800,2026-09-30
2008-03-06,31.287837982177734,42.56999969482422,43.63999938964844,42.56999969482422,43.560001373291016,279900,2026-09-30
2008-03-07,31.14821434020996,42.380001068115234,43.0099983215332,41.959999084472656,42.31999969482422,287300,2026-09-30
2008-03-10,30.626365661621094,41.66999816894531,42.41999816894531,41.54999923706055,42.31999969482422,319400,2026-09-30
2008-03-11,31.772920608520508,43.22999954223633,43.22999954223633,41.93000030517578,42.45000076293945,220000,2026-09-30
2008-03-12,31.434844970703125,42.77000045776367,43.65999984741211,42.77000045776367,43.27000045776367,120000,2026-09-30
2008-03-13,31.64798355102539,43.060001373291016,43.279998779296875,41.849998474121094,42.27000045776367,159400,2026-09-30
2008-03-14,31.05265235900879,42.25,43.31999969482422,41.720001220703125,43.29999923706055,251400,2026-09-30
2008-03-17,30.486719131469727,41.47999954223633,41.869998931884766,40.869998931884766,41.06999969482422,625200,2026-09-30
2008-03-18,31.75088882446289,43.20000076293945,43.209999084472656,42.06999969482422,42.09000015258789,535900,2026-09-30
2008-03-19,31.067338943481445,42.27000045776367,43.7400016784668,42.27000045776367,43.45000076293945,249900,2026-09-30
2008-03-20,31.727731704711914,43.0,43.15999984741211,41.97999954223633,42.279998779296875,149700,2026-09-30
2008-03-24,32.524620056152344,44.08000183105469,44.43000030517578,43.349998474121094,43.38999938964844,157000,2026-09-30
2008-03-25,32.67957305908203,44.290000915527344,44.439998626708984,43.81999969482422,44.209999084472656,476000,2026-09-30
2008-03-26,32.17782974243164,43.61000061035156,44.130001068115234,43.61000061035156,44.060001373291016,301300,2026-09-30
2008-03-27,31.867919921875,43.189998626708984,43.95000076293945,43.189998626708984,43.790000915527344,236900,2026-09-30
2008-03-28,31.528526306152344,42.72999954223633,43.400001525878906,42.630001068115234,43.2599983215332,198000,2026-09-30
2008-03-31,31.587556838989258,42.810001373291016,43.18000030517578,42.58000183105469,42.66999816894531,1305300,2026-09-30
2008-04-01,33.00421905517578,44.72999954223633,45.060001373291016,43.5,43.560001373291016,798200,2026-09-30
2008-04-02,33.0927734375,44.849998474121094,45.20000076293945,44.63999938964844,44.84000015258789,175900,2026-09-30
2008-04-03,33.11491775512695,44.880001068115234,45.11000061035156,44.369998931884766,44.70000076293945,252500,2026-09-30
2008-04-04,33.20343780517578,45.0,45.31999969482422,44.70000076293945,45.02000045776367,380400,2026-09-30
2008-04-07,33.10014724731445,44.86000061035156,45.47999954223633,44.5,45.20000076293945,235400,2026-09-30
2008-04-08,32.99685287475586,44.720001220703125,44.86000061035156,44.5,44.66999816894531,106700,2026-09-30
2008-04-09,32.591041564941406,44.16999816894531,44.77000045776367,43.9900016784668,44.65999984741211,211800,2026-09-30
2008-04-10,32.664825439453125,44.27000045776367,44.52000045776367,43.90999984741211,44.04999923706055,1290700,2026-09-30
2008-04-11,32.111412048339844,43.52000045776367,44.09000015258789,43.45000076293945,44.02000045776367,148200,2026-09-30
2008-04-14,31.96384620666504,43.31999969482422,43.599998474121094,43.27000045776367,43.470001220703125,145900,2026-09-30
2008-04-15,32.08190155029297,43.47999954223633,43.59000015258789,43.11000061035156,43.58000183105469,127600,2026-09-30
2008-04-16,32.952571868896484,44.65999984741211,44.65999984741211,43.79999923706055,43.79999923706055,397900,2026-09-30
2008-04-17,32.93043899536133,44.630001068115234,44.75,44.33000183105469,44.45000076293945,128700,2026-09-30
2008-04-18,33.46167755126953,45.349998474121094,45.68000030517578,45.279998779296875,45.630001068115234,398500,2026-09-30
2008-04-21,33.41004180908203,45.279998779296875,45.40999984741211,45.029998779296875,45.16999816894531,139000,2026-09-30
2008-04-22,32.98945999145508,44.709999084472656,45.150001525878906,44.43000030517578,45.150001525878906,116900,2026-09-30
2008-04-23,33.08537292480469,44.84000015258789,45.119998931884766,44.59000015258789,44.7599983215332,148400,2026-09-30
2008-04-24,33.336265563964844,45.18000030517578,45.4900016784668,44.5099983215332,44.779998779296875,121800,2026-09-30
2008-04-25,33.71255111694336,45.689998626708984,45.72999954223633,44.9900016784668,45.36000061035156,141700,2026-09-30
2008-04-28,33.74945831298828,45.7400016784668,45.93000030517578,45.5099983215332,45.7400016784668,114900,2026-09-30
2008-04-29,33.69780731201172,45.66999816894531,45.77000045776367,45.40999984741211,45.650001525878906,285900,2026-09-30
2008-04-30,33.39527893066406,45.2599983215332,46.029998779296875,45.20000076293945,45.630001068115234,202000,2026-09-30
2008-05-01,34.13312911987305,46.2599983215332,46.279998779296875,45.150001525878906,45.189998626708984,184600,2026-09-30
2008-05-02,34.229061126708984,46.38999938964844,46.79999923706055,46.119998931884766,46.61000061035156,230700,2026-09-30
2008-05-05,34.03719711303711,46.130001068115234,46.349998474121094,45.939998626708984,46.15999984741211,142400,2026-09-30
2008-05-06,34.32499313354492,46.52000045776367,46.63999938964844,45.7400016784668,45.939998626708984,147300,2026-09-30
2008-05-07,33.77159881591797,45.77000045776367,46.66999816894531,45.689998626708984,46.619998931884766,112800,2026-09-30
2008-05-08,33.77159881591797,45.77000045776367,46.0,45.540000915527344,45.7400016784668,120300,2026-09-30
2008-05-09,33.61665344238281,45.560001373291016,45.790000915527344,45.34000015258789,45.38999938964844,130000,2026-09-30
2008-05-12,34.14790344238281,46.279998779296875,46.279998779296875,45.540000915527344,45.709999084472656,1382000,2026-09-30
2008-05-13,34.192138671875,46.34000015258789,46.439998626708984,46.06999969482422,46.369998931884766,296600,2026-09-30
2008-05-14,34.36925506591797,46.58000183105469,47.02000045776367,46.5,46.5,355000,2026-09-30
2008-05-15,34.80459213256836,47.16999816894531,47.25,46.540000915527344,46.66999816894531,184100,2026-09-30
2008-05-16,34.80459213256836,47.16999816894531,47.27000045776367,46.790000915527344,47.27000045776367,95100,2026-09-30
2008-05-19,34.75293731689453,47.099998474121094,47.65999984741211,46.97999954223633,47.130001068115234,141100,2026-09-30
2008-05-20,34.49468231201172,46.75,46.900001525878906,46.5,46.900001525878906,300300,2026-09-30
2008-05-21,33.86012649536133,45.88999938964844,46.91999816894531,45.849998474121094,46.84000015258789,229000,2026-09-30
2008-05-22,33.941307067871094,46.0,46.220001220703125,45.880001068115234,45.97999954223633,445500,2026-09-30
2008-05-23,33.483829498291016,45.380001068115234,45.81999969482422,45.2599983215332,45.75,184900,2026-09-30
2008-05-27,33.8084716796875,45.81999969482422,45.849998474121094,45.36000061035156,45.4900016784668,203900,2026-09-30
2008-05-28,34.022457122802734,46.11000061035156,46.11000061035156,45.689998626708984,45.91999816894531,117700,2026-09-30
2008-05-29,34.2069206237793,46.36000061035156,46.599998474121094,46.02000045776367,46.02000045776367,118700,2026-09-30
2008-05-30,34.28072738647461,46.459999084472656,46.58000183105469,46.310001373291016,46.529998779296875,186400,2026-09-30
2008-06-02,33.90440368652344,45.95000076293945,46.439998626708984,45.65999984741211,46.27000045776367,154100,2026-09-30
2008-06-03,33.78635025024414,45.790000915527344,46.22999954223633,45.45000076293945,46.15999984741211,362800,2026-09-30
2008-06-04,33.77159881591797,45.77000045776367,46.220001220703125,45.540000915527344,45.63999938964844,395800,2026-09-30
2008-06-05,34.35451126098633,46.560001373291016,46.619998931884766,45.90999984741211,46.02000045776367,93200,2026-09-30
2008-06-06,33.19607162475586,44.9900016784668,46.16999816894531,44.9900016784668,46.15999984741211,563300,2026-09-30
2008-06-09,33.20343780517578,45.0,45.459999084472656,44.650001525878906,45.15999984741211,734500,2026-09-30
2008-06-10,33.070621490478516,44.81999969482422,45.119998931884766,44.630001068115234,44.68000030517578,221100,2026-09-30
2008-06-11,32.413944244384766,43.93000030517578,44.7599983215332,43.880001068115234,44.720001220703125,629600,2026-09-30
2008-06-12,32.5615119934082,44.130001068115234,44.650001525878906,43.86000061035156,44.310001373291016,476200,2026-09-30
2008-06-13,33.151798248291016,44.93000030517578,44.93000030517578,44.279998779296875,44.34000015258789,414500,2026-09-30
2008-06-16,33.20343780517578,45.0,45.130001068115234,44.56999969482422,44.70000076293945,199800,2026-09-30
2008-06-17,32.87879180908203,44.560001373291016,45.18000030517578,44.560001373291016,45.18000030517578,503400,2026-09-30
2008-06-18,32.53200149536133,44.09000015258789,44.38999938964844,43.900001525878906,44.33000183105469,291300,2026-09-30
2008-06-19,32.74597930908203,44.380001068115234,44.5099983215332,43.880001068115234,44.02000045776367,250600,2026-09-30
2008-06-20,32.12843322753906,43.38999938964844,43.84000015258789,43.209999084472656,43.790000915527344,177600,2026-09-30
2008-06-23,31.921113967895508,43.11000061035156,43.56999969482422,43.04999923706055,43.4900016784668,350600,2026-09-30
2008-06-24,31.832258224487305,42.9900016784668,43.41999816894531,42.56999969482422,43.029998779296875,490100,2026-09-30
2008-06-25,32.0617790222168,43.29999923706055,43.810001373291016,43.11000061035156,43.25,429400,2026-09-30
2008-06-26,31.09920883178711,42.0,42.849998474121094,42.0,42.849998474121094,409400,2026-09-30
2008-06-27,31.06217384338379,41.95000076293945,42.20000076293945,41.599998474121094,42.13999938964844,447900,2026-09-30
2008-06-30,30.906688690185547,41.7400016784668,42.75,41.58000183105469,42.75,191700,2026-09-30
2008-07-01,30.973337173461914,41.83000183105469,41.86000061035156,40.959999084472656,41.209999084472656,1283900,2026-09-30
2008-07-02,30.336536407470703,40.970001220703125,42.13999938964844,40.970001220703125,42.029998779296875,272500,2026-09-30
2008-07-03,30.151418685913086,40.720001220703125,41.40999984741211,40.529998779296875,41.20000076293945,435800,2026-09-30
2008-07-07,29.944091796875,40.439998626708984,41.279998779296875,40.029998779296875,41.02000045776367,951100,2026-09-30
2008-07-08,30.677141189575195,41.43000030517578,41.43000030517578,40.15999984741211,40.31999969482422,947300,2026-09-30
2008-07-09,29.907052993774414,40.38999938964844,41.58000183105469,40.36000061035156,41.33000183105469,361300,2026-09-30
2008-07-10,29.907052993774414,40.38999938964844,40.70000076293945,39.91999816894531,40.470001220703125,492200,2026-09-30
2008-07-11,29.677518844604492,40.08000183105469,40.540000915527344,39.36000061035156,40.04999923706055,513300,2026-09-30
2008-07-14,29.144397735595703,39.36000061035156,40.5,39.31999969482422,40.29999923706055,353500,2026-09-30
2008-07-15,28.92966079711914,39.06999969482422,39.7599983215332,38.38999938964844,39.0,570600,2026-09-30
2008-07-16,29.944091796875,40.439998626708984,40.439998626708984,38.959999084472656,39.189998626708984,627800,2026-09-30
2008-07-17,30.558656692504883,41.27000045776367,41.31999969482422,40.22999954223633,40.790000915527344,1487800,2026-09-30
2008-07-18,30.536468505859375,41.2400016784668,41.45000076293945,40.900001525878906,41.45000076293945,540300,2026-09-30
2008-07-21,30.506816864013672,41.20000076293945,41.529998779296875,41.029998779296875,41.25,423400,2026-09-30
2008-07-22,31.017745971679688,41.88999938964844,41.90999984741211,40.68000030517578,41.0,523800,2026-09-30
2008-07-23,31.29911231994629,42.27000045776367,42.7400016784668,41.5,41.709999084472656,1532500,2026-09-30
2008-07-24,30.35133171081543,40.9900016784668,42.36000061035156,40.900001525878906,42.33000183105469,750600,2026-09-30
2008-07-25,30.38096046447754,41.029998779296875,41.34000015258789,40.849998474121094,41.220001220703125,378500,2026-09-30
2008-07-28,29.818195343017578,40.27000045776367,41.16999816894531,40.2599983215332,41.0,308000,2026-09-30
2008-07-29,30.691946029663086,41.45000076293945,41.45000076293945,40.349998474121094,40.349998474121094,468200,2026-09-30
2008-07-30,31.12880516052246,42.040000915527344,42.040000915527344,41.310001373291016,41.75,274600,2026-09-30
2008-07-31,30.751182556152344,41.529998779296875,42.029998779296875,41.47999954223633,41.540000915527344,337200,2026-09-30
2008-08-01,30.566070556640625,41.279998779296875,41.880001068115234,40.959999084472656,41.880001068115234,267600,2026-09-30
2008-08-04,30.366140365600586,41.0099983215332,41.45000076293945,40.81999969482422,41.45000076293945,196700,2026-09-30
2008-08-05,31.284324645996094,42.25,42.25,41.16999816894531,41.16999816894531,332000,2026-09-30
2008-08-06,31.402793884277344,42.40999984741211,42.5,41.86000061035156,42.209999084472656,417800,2026-09-30
2008-08-07,30.817829132080078,41.619998931884766,42.20000076293945,41.54999923706055,42.0,266900,2026-09-30
2008-08-08,31.67674446105957,42.779998779296875,42.900001525878906,41.689998626708984,41.7400016784668,1416000,2026-09-30
2008-08-11,32.09141540527344,43.34000015258789,43.709999084472656,42.59000015258789,42.849998474121094,1202300,2026-09-30
2008-08-12,31.610109329223633,42.689998626708984,43.400001525878906,42.560001373291016,43.400001525878906,1252900,2026-09-30
2008-08-13,31.469436645507812,42.5,42.959999084472656,42.02000045776367,42.959999084472656,1508200,2026-09-30
2008-08-14,31.839656829833984,43.0,43.20000076293945,42.13999938964844,42.5099983215332,324800,2026-09-30
2008-08-15,32.076602935791016,43.31999969482422,43.470001220703125,43.029998779296875,43.20000076293945,1054800,2026-09-30
2008-08-18,31.536073684692383,42.59000015258789,43.4900016784668,42.41999816894531,43.4900016784668,1390600,2026-09-30
2008-08-19,31.05478286743164,41.939998626708984,42.369998931884766,41.83000183105469,42.33000183105469,1626000,2026-09-30
2008-08-20,31.13621711730957,42.04999923706055,42.2400016784668,41.619998931884766,42.130001068115234,1814900,2026-09-30
2008-08-21,30.988143920898438,41.849998474121094,42.18000030517578,41.619998931884766,41.93000030517578,66900,2026-09-30
2008-08-22,31.587886810302734,42.65999984741211,42.65999984741211,42.16999816894531,42.16999816894531,653800,2026-09-30
2008-08-25,30.95111656188965,41.79999923706055,42.61000061035156,41.75,42.61000061035156,157400,2026-09-30
2008-08-26,31.002941131591797,41.869998931884766,42.08000183105469,41.599998474121094,41.84000015258789,453100,2026-09-30
2008-08-27,31.358356475830078,42.349998474121094,42.45000076293945,41.86000061035156,41.900001525878906,112000,2026-09-30
2008-08-28,31.928508758544922,43.119998931884766,43.15999984741211,42.54999923706055,42.54999923706055,144300,2026-09-30
2008-08-29,31.661937713623047,42.7599983215332,43.09000015258789,42.68000030517578,43.09000015258789,942700,2026-09-30
2008-09-02,31.691556930541992,42.79999923706055,43.70000076293945,42.5,43.20000076293945,971700,2026-09-30
2008-09-03,31.513864517211914,42.560001373291016,42.95000076293945,42.380001068115234,42.7599983215332,952900,2026-09-30
2008-09-04,30.66232681274414,41.40999984741211,42.41999816894531,41.400001525878906,42.41999816894531,243600,2026-09-30
2008-09-05,30.94370460510254,41.790000915527344,41.849998474121094,40.70000076293945,41.16999816894531,271700,2026-09-30
2008-09-08,31.587886810302734,42.65999984741211,43.40999984741211,41.79999923706055,41.79999923706055,1179000,2026-09-30
2008-09-09,30.4623966217041,41.13999938964844,42.81999969482422,41.13999938964844,42.81999969482422,240300,2026-09-30
2008-09-10,30.580883026123047,41.29999923706055,41.72999954223633,40.869998931884766,41.2599983215332,226400,2026-09-30
2008-09-11,30.973337173461914,41.83000183105469,41.869998931884766,40.529998779296875,40.79999923706055,411400,2026-09-30
2008-09-12,31.11399269104004,42.02000045776367,42.16999816894531,41.369998931884766,41.66999816894531,202200,2026-09-30
2008-09-15,29.818195343017578,40.27000045776367,41.599998474121094,40.2599983215332,40.29999923706055,585700,2026-09-30
2008-09-16,30.084768295288086,40.630001068115234,40.72999954223633,39.25,39.36000061035156,808800,2026-09-30
2008-09-17,28.714921951293945,38.779998779296875,40.310001373291016,38.779998779296875,40.310001373291016,520000,2026-09-30
2008-09-18,29.95890235900879,40.459999084472656,40.720001220703125,37.790000915527344,39.18000030517578,796500,2026-09-30
2008-09-19,31.090970993041992,41.79999923706055,41.79999923706055,41.279998779296875,41.79999923706055,642000,2026-09-30
2008-09-22,29.8934383392334,40.189998626708984,41.540000915527344,40.15999984741211,40.7599983215332,526100,2026-09-30
2008-09-23,29.432289123535156,39.56999969482422,40.689998626708984,39.529998779296875,40.5,147700,2026-09-30
2008-09-24,29.819061279296875,40.09000015258789,40.97999954223633,38.810001373291016,39.5099983215332,175500,2026-09-30
2008-09-25,29.789304733276367,40.04999923706055,40.97999954223633,39.59000015258789,40.970001220703125,485500,2026-09-30
2008-09-26,29.75211524963379,40.0,41.02000045776367,39.13999938964844,40.52000045776367,1060700,2026-09-30
2008-09-29,27.446334838867188,36.900001525878906,39.75,36.34000015258789,39.75,1394400,2026-09-30
2008-09-30,28.212453842163086,37.93000030517578,38.040000915527344,36.7400016784668,38.0,378300,2026-09-30
2008-10-01,28.167810440063477,37.869998931884766,38.0,37.189998626708984,37.939998626708984,941400,2026-09-30
2008-10-02,26.925661087036133,36.20000076293945,37.779998779296875,35.869998931884766,37.779998779296875,509200,2026-09-30
2008-10-03,26.241363525390625,35.279998779296875,37.20000076293945,35.22999954223633,36.58000183105469,715200,2026-09-30
2008-10-06,25.31905174255371,34.040000915527344,34.86000061035156,32.15999984741211,34.38999938964844,781300,2026-09-30
2008-10-07,23.615739822387695,31.75,35.16999816894531,31.469999313354492,34.380001068115234,387100,2026-09-30
2008-10-08,23.4149227142334,31.479999542236328,32.61000061035156,30.229999542236328,31.06999969482422,809200,2026-09-30
2008-10-09,21.719045639038086,29.200000762939453,32.0099983215332,28.959999084472656,31.760000228881836,1513900,2026-09-30
2008-10-10,21.428958892822266,28.809999465942383,29.6299991607666,26.200000762939453,27.799999237060547,1166600,2026-09-30
2008-10-13,23.80169677734375,32.0,32.0,29.31999969482422,29.31999969482422,1266600,2026-09-30
2008-10-14,23.58598518371582,31.709999084472656,34.040000915527344,30.860000610351562,33.36000061035156,1173500,2026-09-30
2008-10-15,21.481033325195312,28.8799991607666,31.420000076293945,28.719999313354492,30.510000228881836,477900,2026-09-30
2008-10-16,22.143016815185547,29.770000457763672,29.799999237060547,27.309999465942383,28.969999313354492,541700,2026-09-30
2008-10-17,21.793428421020508,29.299999237060547,30.989999771118164,28.920000076293945,29.229999542236328,478300,2026-09-30
2008-10-20,23.132274627685547,31.100000381469727,31.440000534057617,29.719999313354492,30.06999969482422,317800,2026-09-30
2008-10-21,22.336402893066406,30.030000686645508,31.010000228881836,29.889999389648438,30.760000228881836,408700,2026-09-30
2008-10-22,20.908302307128906,28.110000610351562,29.420000076293945,27.309999465942383,29.420000076293945,288700,2026-09-30
2008-10-23,20.774412155151367,27.93000030517578,28.520000457763672,26.360000610351562,27.84000015258789,446100,2026-09-30
2008-10-24,19.941362380981445,26.809999465942383,27.6200008392334,25.0,25.25,580700,2026-09-30
2008-10-27,18.96697425842285,25.5,27.229999542236328,25.5,25.790000915527344,406400,2026-09-30
2008-10-28,21.23558235168457,28.549999237060547,28.549999237060547,25.639999389648438,26.68000030517578,389300,2026-09-30
2008-10-29,21.15375328063965,28.440000534057617,29.700000762939453,28.209999084472656,29.290000915527344,468700,2026-09-30
2008-10-30,21.852930068969727,29.3799991607666,29.8799991607666,28.5,29.8799991607666,365400,2026-09-30
2008-10-31,22.314088821411133,30.0,30.459999084472656,28.889999389648438,29.559999465942383,324600,2026-09-30
2008-11-03,22.26946258544922,29.940000534057617,30.239999771118164,29.700000762939453,29.84000015258789,214700,2026-09-30
2008-11-04,23.147144317626953,31.1200008392334,31.190000534057617,30.34000015258789,30.799999237060547,709900,2026-09-30
2008-11-05,21.905000686645508,29.450000762939453,31.0,29.450000762939453,30.770000457763672,327600,2026-09-30
2008-11-06,20.766965866088867,27.920000076293945,29.510000228881836,27.860000610351562,29.059999465942383,453000,2026-09-30
2008-11-07,21.354583740234375,28.709999084472656,28.729999542236328,28.010000228881836,28.34000015258789,346400,2026-09-30
2008-11-10,20.96036720275879,28.18000030517578,29.450000762939453,27.770000457763672,29.450000762939453,261700,2026-09-30
2008-11-11,20.320693969726562,27.31999969482422,27.979999542236328,26.920000076293945,27.579999923706055,337100,2026-09-30
2008-11-12,19.29424285888672,25.940000534057617,26.899999618530273,25.780000686645508,26.899999618530273,379800,2026-09-30
2008-11-13,20.618215560913086,27.719999313354492,27.719999313354492,24.75,26.06999969482422,363600,2026-09-30
2008-11-14,19.673587799072266,26.450000762939453,27.760000228881836,26.3700008392334,27.040000915527344,246400,2026-09-30
2008-11-17,19.085987091064453,25.65999984741211,26.6200008392334,25.65999984741211,26.1299991607666,754000,2026-09-30
2008-11-18,19.048795700073242,25.610000610351562,26.079999923706055,24.850000381469727,25.520000457763672,244800,2026-09-30
2008-11-19,17.8140811920166,23.950000762939453,25.829999923706055,23.93000030517578,25.790000915527344,320700,2026-09-30
2008-11-20,16.6016788482666,22.31999969482422,24.290000915527344,22.149999618530273,23.610000610351562,1208400,2026-09-30
2008-11-21,17.53887176513672,23.579999923706055,23.670000076293945,21.8700008392334,22.549999237060547,1056700,2026-09-30
2008-11-24,18.803340911865234,25.280000686645508,25.75,23.799999237060547,24.079999923706055,1242000,2026-09-30
2008-11-25,19.078550338745117,25.649999618530273,26.0,24.90999984741211,25.940000534057617,340600,2026-09-30
2008-11-26,19.95623016357422,26.829999923706055,26.850000381469727,24.93000030517578,24.93000030517578,828700,2026-09-30
2008-11-28,20.16450309753418,27.110000610351562,27.110000610351562,26.600000381469727,26.700000762939453,474600,2026-09-30
2008-12-01,18.334749221801758,24.649999618530273,26.559999465942383,24.59000015258789,26.540000915527344,648600,2026-09-30
2008-12-02,19.026479721069336,25.579999923706055,25.579999923706055,24.6299991607666,24.75,409300,2026-09-30
2008-12-03,19.547142028808594,26.280000686645508,26.280000686645508,24.809999465942383,24.93000030517578,330100,2026-09-30
2008-12-04,18.937217712402344,25.459999084472656,26.510000228881836,25.079999923706055,25.809999465942383,666100,2026-09-30
2008-12-05,19.66614532470703,26.440000534057617,26.549999237060547,24.549999237060547,25.110000610351562,900400,2026-09-30
2008-12-08,20.380203247070312,27.399999618530273,27.75,26.90999984741211,26.950000762939453,1353600,2026-09-30
2008-12-09,20.127304077148438,27.059999465942383,27.899999618530273,26.860000610351562,27.350000381469727,720900,2026-09-30
2008-12-10,20.380203247070312,27.399999618530273,27.729999542236328,26.989999771118164,27.260000228881836,337000,2026-09-30
2008-12-11,19.837223052978516,26.670000076293945,27.649999618530273,26.329999923706055,27.260000228881836,1198400,2026-09-30
2008-12-12,19.993427276611328,26.8799991607666,26.920000076293945,25.639999389648438,25.84000015258789,433000,2026-09-30
2008-12-15,19.62152099609375,26.3799991607666,26.989999771118164,25.959999084472656,26.93000030517578,366200,2026-09-30
2008-12-16,20.811601638793945,27.979999542236328,27.979999542236328,26.670000076293945,27.979999542236328,665000,2026-09-30
2008-12-17,20.70003318786621,27.829999923706055,28.229999542236328,27.3700008392334,27.56999969482422,2531000,2026-09-30
2008-12-18,20.335569381713867,27.34000015258789,28.170000076293945,26.989999771118164,27.920000076293945,1257200,2026-09-30
2008-12-19,20.449970245361328,27.350000381469727,27.969999313354492,27.1200008392334,27.43000030517578,904800,2026-09-30
2008-12-22,19.821895599365234,26.510000228881836,27.40999984741211,26.079999923706055,27.40999984741211,798500,2026-09-30
2008-12-23,19.53028678894043,26.1200008392334,26.790000915527344,26.020000457763672,26.59000015258789,1152600,2026-09-30
2008-12-24,19.64244270324707,26.270000457763672,26.3700008392334,26.079999923706055,26.219999313354492,289200,2026-09-30
2008-12-26,19.896665573120117,26.610000610351562,26.610000610351562,26.239999771118164,26.43000030517578,226900,2026-09-30
2008-12-29,19.664873123168945,26.299999237060547,26.530000686645508,25.899999618530273,26.510000228881836,380000,2026-09-30
2008-12-30,20.285478591918945,27.1299991607666,27.200000762939453,26.3799991607666,26.40999984741211,631800,2026-09-30
2008-12-31,20.786441802978516,27.799999237060547,27.920000076293945,27.020000457763672,27.219999313354492,574300,2026-09-30
2009-01-02,21.49676513671875,28.75,28.920000076293945,27.329999923706055,27.329999923706055,1813500,2026-09-30
2009-01-05,21.60893440246582,28.899999618530273,29.239999771118164,28.420000076293945,28.59000015258789,2954300,2026-09-30
2009-01-06,22.109893798828125,29.56999969482422,29.829999923706055,29.100000381469727,29.25,963800,2026-09-30
2009-01-07,21.377138137817383,28.59000015258789,29.190000534057617,28.440000534057617,29.190000534057617,884500,2026-09-30
2009-01-08,21.549100875854492,28.81999969482422,28.84000015258789,28.18000030517578,28.399999618530273,544900,2026-09-30
2009-01-09,20.980850219726562,28.059999465942383,28.899999618530273,28.020000457763672,28.889999389648438,458700,2026-09-30
2009-01-12,20.30042266845703,27.149999618530273,28.030000686645508,26.979999542236328,28.0,599100,2026-09-30
2009-01-13,20.307912826538086,27.15999984741211,27.440000534057617,26.81999969482422,27.030000686645508,1318000,2026-09-30
2009-01-14,19.537769317626953,26.1299991607666,26.670000076293945,25.889999389648438,26.65999984741211,1494000,2026-09-30
2009-01-15,19.672346115112305,26.309999465942383,26.690000534057617,25.280000686645508,26.200000762939453,1985700,2026-09-30
2009-01-16,19.941526412963867,26.670000076293945,26.8799991607666,25.899999618530273,26.719999313354492,1617600,2026-09-30
2009-01-20,18.662931442260742,24.959999084472656,26.469999313354492,24.959999084472656,26.469999313354492,973400,2026-09-30
2009-01-21,19.567676544189453,26.170000076293945,26.170000076293945,24.920000076293945,25.420000076293945,835900,2026-09-30
2009-01-22,19.148954391479492,25.610000610351562,26.059999465942383,25.09000015258789,25.649999618530273,1250800,2026-09-30
2009-01-23,19.33588409423828,25.860000610351562,26.149999618530273,24.799999237060547,24.959999084472656,642600,2026-09-30
2009-01-26,19.410648345947266,25.959999084472656,26.600000381469727,25.670000076293945,25.950000762939453,635800,2026-09-30
2009-01-27,19.672346115112305,26.309999465942383,26.489999771118164,25.93000030517578,26.030000686645508,482200,2026-09-30
2009-01-28,20.472394943237305,27.3799991607666,27.6200008392334,26.860000610351562,26.860000610351562,481300,2026-09-30
2009-01-29,19.672346115112305,26.309999465942383,27.0,26.270000457763672,27.0,250900,2026-09-30
2009-01-30,19.051748275756836,25.479999542236328,26.510000228881836,25.34000015258789,26.43000030517578,642900,2026-09-30
2009-02-02,19.006881713867188,25.420000076293945,25.59000015258789,24.989999771118164,25.100000381469727,407800,2026-09-30
2009-02-03,19.320920944213867,25.84000015258789,25.989999771118164,25.25,25.5,327300,2026-09-30
2009-02-04,19.21623992919922,25.700000762939453,26.34000015258789,25.639999389648438,25.899999618530273,379300,2026-09-30
2009-02-05,19.597578048706055,26.209999084472656,26.479999542236328,25.360000610351562,25.5,517400,2026-09-30
2009-02-06,20.195743560791016,27.010000228881836,27.15999984741211,26.200000762939453,26.200000762939453,580700,2026-09-30
2009-02-09,20.233137130737305,27.059999465942383,27.350000381469727,26.809999465942383,27.010000228881836,904400,2026-09-30
2009-02-10,19.156423568725586,25.6200008392334,27.100000381469727,25.459999084472656,26.81999969482422,721100,2026-09-30
2009-02-11,19.32840347290039,25.850000381469727,26.059999465942383,25.43000030517578,25.81999969482422,1074500,2026-09-30
2009-02-12,19.41812515258789,25.969999313354492,26.010000228881836,25.040000915527344,25.43000030517578,951200,2026-09-30
2009-02-13,19.223716735839844,25.709999084472656,26.15999984741211,25.6200008392334,25.889999389648438,846300,2026-09-30
2009-02-17,18.229265213012695,24.3799991607666,24.860000610351562,24.3700008392334,24.860000610351562,577600,2026-09-30
2009-02-18,18.094680786132812,24.200000762939453,24.6299991607666,23.940000534057617,24.6299991607666,999600,2026-09-30
2009-02-19,17.847932815551758,23.8700008392334,24.690000534057617,23.799999237060547,24.420000076293945,760400,2026-09-30
2009-02-20,17.690906524658203,23.65999984741211,23.940000534057617,23.040000915527344,23.360000610351562,1109200,2026-09-30
2009-02-23,17.003021240234375,22.739999771118164,23.899999618530273,22.690000534057617,23.770000457763672,638800,2026-09-30
2009-02-24,17.773149490356445,23.770000457763672,23.8799991607666,22.729999542236328,22.850000381469727,595200,2026-09-30
2009-02-25,17.563796997070312,23.489999771118164,23.989999771118164,23.079999923706055,23.610000610351562,620100,2026-09-30
2009-02-26,17.22732925415039,23.040000915527344,23.969999313354492,23.020000457763672,23.770000457763672,357300,2026-09-30
2009-02-27,16.913286209106445,22.6200008392334,23.15999984741211,22.479999542236328,22.530000686645508,650700,2026-09-30
2009-03-02,15.993596076965332,21.389999389648438,22.280000686645508,21.290000915527344,22.100000381469727,1608900,2026-09-30
2009-03-03,15.829103469848633,21.170000076293945,21.729999542236328,21.010000228881836,21.6200008392334,873500,2026-09-30
2009-03-04,16.322587966918945,21.829999923706055,22.239999771118164,21.399999618530273,21.579999923706055,381500,2026-09-30
2009-03-05,15.57487678527832,20.829999923706055,21.540000915527344,20.65999984741211,21.309999465942383,887500,2026-09-30
2009-03-06,15.507588386535645,20.739999771118164,21.299999237060547,20.190000534057617,21.09000015258789,678600,2026-09-30
2009-03-09,15.395424842834473,20.59000015258789,21.15999984741211,20.420000076293945,20.59000015258789,623000,2026-09-30
2009-03-10,16.472135543823242,22.030000686645508,22.030000686645508,20.93000030517578,20.940000534057617,640800,2026-09-30
2009-03-11,16.561857223510742,22.149999618530273,22.510000228881836,21.8799991607666,22.270000457763672,459200,2026-09-30
2009-03-12,17.22732925415039,23.040000915527344,23.170000076293945,21.889999389648438,22.06999969482422,445700,2026-09-30
2009-03-13,17.42173194885254,23.299999237060547,23.40999984741211,22.81999969482422,23.200000762939453,994500,2026-09-30
2009-03-16,17.302099227905273,23.139999389648438,23.920000076293945,23.139999389648438,23.649999618530273,738000,2026-09-30
2009-03-17,17.900266647338867,23.940000534057617,23.959999084472656,22.979999542236328,23.25,1492600,2026-09-30
2009-03-18,18.550779342651367,24.809999465942383,25.0,23.6200008392334,23.780000686645508,1284100,2026-09-30
2009-03-19,18.378807067871094,24.579999923706055,25.209999084472656,24.479999542236328,25.209999084472656,1182200,2026-09-30
2009-03-20,17.81726837158203,23.670000076293945,24.540000915527344,23.540000915527344,24.540000915527344,1159600,2026-09-30
2009-03-23,19.300153732299805,25.639999389648438,25.68000030517578,24.309999465942383,24.68000030517578,432600,2026-09-30
2009-03-24,18.88615608215332,25.09000015258789,25.719999313354492,25.079999923706055,25.329999923706055,929400,2026-09-30
2009-03-25,19.096921920776367,25.3700008392334,26.0,24.520000457763672,25.280000686645508,3031200,2026-09-30
2009-03-26,19.706628799438477,26.18000030517578,26.25,25.489999771118164,25.739999771118164,708000,2026-09-30
2009-03-27,19.292627334594727,25.6299991607666,25.989999771118164,25.549999237060547,25.809999465942383,760300,2026-09-30
2009-03-30,18.40440559387207,24.450000762939453,24.93000030517578,24.170000076293945,24.899999618530273,260300,2026-09-30
2009-03-31,18.645275115966797,24.770000457763672,25.229999542236328,24.479999542236328,24.770000457763672,1056600,2026-09-30
2009-04-01,19.044225692749023,25.299999237060547,25.3700008392334,24.31999969482422,24.649999618530273,568700,2026-09-30
2009-04-02,19.879756927490234,26.40999984741211,26.770000457763672,25.639999389648438,26.43000030517578,1407900,2026-09-30
2009-04-03,20.263647079467773,26.920000076293945,26.920000076293945,26.1200008392334,26.420000076293945,971000,2026-09-30
2009-04-06,19.970090866088867,26.530000686645508,26.649999618530273,26.1200008392334,26.510000228881836,666700,2026-09-30
2009-04-07,19.367895126342773,25.729999542236328,26.18000030517578,25.709999084472656,26.040000915527344,954300,2026-09-30
2009-04-08,19.76685333251953,26.260000228881836,26.280000686645508,25.829999923706055,26.059999465942383,709400,2026-09-30
2009-04-09,20.963695526123047,27.850000381469727,28.139999389648438,26.920000076293945,28.139999389648438,3995400,2026-09-30
2009-04-13,21.023910522460938,27.93000030517578,28.18000030517578,27.200000762939453,27.5,1228000,2026-09-30
2009-04-14,20.481950759887695,27.209999084472656,28.040000915527344,27.18000030517578,27.600000381469727,1062600,2026-09-30
2009-04-15,20.858312606811523,27.709999084472656,27.780000686645508,26.940000534057617,27.15999984741211,2994000,2026-09-30
2009-04-16,21.340070724487305,28.350000381469727,28.6200008392334,27.610000610351562,27.889999389648438,1757200,2026-09-30
2009-04-17,21.678802490234375,28.799999237060547,29.020000457763672,28.229999542236328,28.559999465942383,1704500,2026-09-30
2009-04-20,20.43678092956543,27.149999618530273,28.469999313354492,27.110000610351562,28.469999313354492,2451500,2026-09-30
2009-04-21,21.038970947265625,27.950000762939453,27.979999542236328,26.559999465942383,26.989999771118164,3468000,2026-09-30
2009-04-22,21.084136962890625,28.010000228881836,28.75,27.510000228881836,27.700000762939453,2282200,2026-09-30
2009-04-23,21.325014114379883,28.329999923706055,28.3700008392334,27.68000030517578,28.010000228881836,3137200,2026-09-30
2009-04-24,21.836868286132812,29.010000228881836,29.280000686645508,28.420000076293945,28.530000686645508,1615700,2026-09-30
2009-04-27,21.437929153442383,28.479999542236328,29.020000457763672,28.329999923706055,28.729999542236328,1923200,2026-09-30
2009-04-28,21.347591400146484,28.360000610351562,28.770000457763672,28.020000457763672,28.270000457763672,4259300,2026-09-30
2009-04-29,22.017528533935547,29.25,29.559999465942383,28.559999465942383,28.559999465942383,2144700,2026-09-30
2009-04-30,22.13043975830078,29.399999618530273,30.030000686645508,29.219999313354492,29.68000030517578,1878400,2026-09-30
2009-05-01,22.243350982666016,29.549999237060547,29.790000915527344,29.18000030517578,29.40999984741211,1427900,2026-09-30
2009-05-04,23.282135009765625,30.93000030517578,31.0,29.780000686645508,29.860000610351562,1842100,2026-09-30
2009-05-05,23.25202178955078,30.889999389648438,31.020000457763672,30.540000915527344,30.920000076293945,3733500,2026-09-30
2009-05-06,23.703662872314453,31.489999771118164,31.59000015258789,30.809999465942383,31.31999969482422,2599100,2026-09-30
2009-05-07,23.16168785095215,30.770000457763672,31.989999771118164,30.559999465942383,31.920000076293945,2178800,2026-09-30
2009-05-08,24.125192642211914,32.04999923706055,32.04999923706055,31.110000610351562,31.280000686645508,4245600,2026-09-30
2009-05-11,23.417621612548828,31.110000610351562,31.670000076293945,30.979999542236328,31.670000076293945,2420600,2026-09-30
2009-05-12,23.07136344909668,30.649999618530273,31.489999771118164,30.110000610351562,31.440000534057617,3053600,2026-09-30
2009-05-13,22.05516815185547,29.299999237060547,30.18000030517578,29.260000228881836,30.18000030517578,1836800,2026-09-30
2009-05-14,22.46916961669922,29.850000381469727,30.139999389648438,29.18000030517578,29.280000686645508,2487200,2026-09-30
2009-05-15,22.15302085876465,29.43000030517578,30.15999984741211,29.25,29.8700008392334,1253000,2026-09-30
2009-05-18,23.101472854614258,30.690000534057617,30.729999542236328,29.760000228881836,29.760000228881836,2046300,2026-09-30
2009-05-19,23.146636962890625,30.75,31.1200008392334,30.479999542236328,30.579999923706055,1075600,2026-09-30
2009-05-20,22.988561630249023,30.540000915527344,31.610000610351562,30.459999084472656,31.06999969482422,1430600,2026-09-30
2009-05-21,22.529390335083008,29.93000030517578,30.209999084472656,29.549999237060547,30.18000030517578,1072900,2026-09-30
2009-05-22,22.484224319458008,29.8700008392334,30.209999084472656,29.690000534057617,30.09000015258789,978600,2026-09-30
2009-05-26,23.19932746887207,30.81999969482422,30.899999618530273,29.540000915527344,29.549999237060547,1517300,2026-09-30
2009-05-27,22.73263931274414,30.200000762939453,31.100000381469727,30.200000762939453,30.860000610351562,995100,2026-09-30
2009-05-28,23.05630874633789,30.6299991607666,30.709999084472656,29.8700008392334,30.549999237060547,872500,2026-09-30
2009-05-29,23.560644149780273,31.299999237060547,31.299999237060547,30.600000381469727,30.81999969482422,2313400,2026-09-30
2009-06-01,24.411230087280273,32.43000030517578,32.619998931884766,31.729999542236328,31.739999771118164,1811900,2026-09-30
2009-06-02,24.411230087280273,32.43000030517578,32.630001068115234,32.189998626708984,32.36000061035156,1663000,2026-09-30
2009-06-03,23.876789093017578,31.719999313354492,32.25,31.399999618530273,32.25,1710300,2026-09-30
2009-06-04,24.366065979003906,32.369998931884766,32.369998931884766,31.579999923706055,31.799999237060547,1470700,2026-09-30
2009-06-05,24.35854148864746,32.36000061035156,32.72999954223633,31.8799991607666,32.689998626708984,1887700,2026-09-30
2009-06-08,24.06496810913086,31.969999313354492,32.34000015258789,31.540000915527344,32.060001373291016,2870200,2026-09-30
2009-06-09,24.305858612060547,32.290000915527344,32.470001220703125,31.950000762939453,32.279998779296875,1715200,2026-09-30
2009-06-10,24.569311141967773,32.63999938964844,32.68000030517578,31.770000457763672,32.59000015258789,1120900,2026-09-30
2009-06-11,24.335954666137695,32.33000183105469,32.779998779296875,32.310001373291016,32.369998931884766,976600,2026-09-30
2009-06-12,24.320905685424805,32.310001373291016,32.33000183105469,31.8700008392334,32.2400016784668,868200,2026-09-30
2009-06-15,23.598270416259766,31.350000381469727,31.93000030517578,31.229999542236328,31.90999984741211,847500,2026-09-30
2009-06-16,23.20685577392578,30.829999923706055,31.6200008392334,30.780000686645508,31.510000228881836,1025500,2026-09-30
2009-06-17,23.08641242980957,30.670000076293945,30.959999084472656,30.25,30.739999771118164,1776600,2026-09-30
2009-06-18,23.16168785095215,30.770000457763672,30.989999771118164,30.459999084472656,30.6200008392334,2613900,2026-09-30
2009-06-19,23.331687927246094,30.8799991607666,31.170000076293945,30.719999313354492,30.920000076293945,1374000,2026-09-30
2009-06-22,22.50057029724121,29.780000686645508,30.600000381469727,29.780000686645508,30.600000381469727,1956300,2026-09-30
2009-06-23,22.493019104003906,29.770000457763672,30.0,29.530000686645508,29.90999984741211,2368400,2026-09-30
2009-06-24,22.74991226196289,30.110000610351562,30.479999542236328,29.90999984741211,29.989999771118164,2381800,2026-09-30
2009-06-25,23.324134826660156,30.8700008392334,30.8799991607666,29.920000076293945,30.010000228881836,1844600,2026-09-30
2009-06-26,23.24102783203125,30.760000228881836,30.940000534057617,30.56999969482422,30.780000686645508,823200,2026-09-30
2009-06-29,23.48279571533203,31.079999923706055,31.149999618530273,30.68000030517578,30.84000015258789,1033700,2026-09-30
2009-06-30,23.278791427612305,30.809999465942383,31.209999084472656,30.610000610351562,31.079999923706055,2215500,2026-09-30
2009-07-01,23.429912567138672,31.010000228881836,31.31999969482422,30.959999084472656,31.049999237060547,3122100,2026-09-30
2009-07-02,22.681915283203125,30.020000457763672,30.75,29.989999771118164,30.75,1492700,2026-09-30
2009-07-06,22.613906860351562,29.93000030517578,29.950000762939453,29.510000228881836,29.709999084472656,1215500,2026-09-30
2009-07-07,22.085012435913086,29.229999542236328,29.93000030517578,29.190000534057617,29.93000030517578,2382500,2026-09-30
2009-07-08,22.00190544128418,29.1200008392334,29.440000534057617,28.739999771118164,29.40999984741211,3314900,2026-09-30
2009-07-09,22.175687789916992,29.350000381469727,29.549999237060547,29.139999389648438,29.280000686645508,1397500,2026-09-30
2009-07-10,22.10012435913086,29.25,29.420000076293945,28.950000762939453,29.100000381469727,762600,2026-09-30
2009-07-13,22.613906860351562,29.93000030517578,29.959999084472656,28.969999313354492,29.350000381469727,1293600,2026-09-30
2009-07-14,22.855682373046875,30.25,30.25,29.799999237060547,30.010000228881836,1109000,2026-09-30
2009-07-15,23.581024169921875,31.209999084472656,31.280000686645508,30.600000381469727,30.610000610351562,1626500,2026-09-30
2009-07-16,23.845462799072266,31.559999465942383,31.690000534057617,30.940000534057617,31.149999618530273,1539500,2026-09-30
2009-07-17,23.792583465576172,31.489999771118164,31.559999465942383,31.280000686645508,31.5,1105700,2026-09-30
2009-07-20,24.17791175842285,32.0,32.040000915527344,31.59000015258789,31.700000762939453,932200,2026-09-30
2009-07-21,24.162809371948242,31.979999542236328,32.369998931884766,31.530000686645508,32.369998931884766,2298100,2026-09-30
2009-07-22,24.238365173339844,32.08000183105469,32.25,31.729999542236328,31.770000457763672,1236300,2026-09-30
2009-07-23,24.918367385864258,32.97999954223633,33.11000061035156,32.08000183105469,32.08000183105469,1992000,2026-09-30
2009-07-24,25.10725975036621,33.22999954223633,33.25,32.65999984741211,32.90999984741211,1280800,2026-09-30
2009-07-27,25.273481369018555,33.45000076293945,33.45000076293945,33.02000045776367,33.220001220703125,1442000,2026-09-30
2009-07-28,25.18281364440918,33.33000183105469,33.470001220703125,32.95000076293945,33.310001373291016,942700,2026-09-30
2009-07-29,25.016590118408203,33.11000061035156,33.27000045776367,32.869998931884766,33.220001220703125,600400,2026-09-30
2009-07-30,25.409482955932617,33.630001068115234,33.95000076293945,33.5099983215332,33.70000076293945,1522500,2026-09-30
2009-07-31,25.417034149169922,33.63999938964844,33.900001525878906,33.40999984741211,33.63999938964844,942500,2026-09-30
2009-08-03,25.953487396240234,34.349998474121094,34.380001068115234,33.849998474121094,34.0,1032900,2026-09-30
2009-08-04,26.11214828491211,34.560001373291016,34.65999984741211,34.099998474121094,34.2400016784668,784200,2026-09-30
2009-08-05,26.066818237304688,34.5,34.68000030517578,34.119998931884766,34.63999938964844,859100,2026-09-30
2009-08-06,25.93082618713379,34.31999969482422,34.83000183105469,34.16999816894531,34.75,688100,2026-09-30
2009-08-07,26.527708053588867,35.11000061035156,35.349998474121094,34.56999969482422,34.75,1587200,2026-09-30
2009-08-10,26.384153366088867,34.91999816894531,35.09000015258789,34.650001525878906,35.0099983215332,783800,2026-09-30
2009-08-11,26.02903938293457,34.45000076293945,34.84000015258789,34.310001373291016,34.81999969482422,591700,2026-09-30
2009-08-12,26.391706466674805,34.93000030517578,35.220001220703125,34.45000076293945,34.45000076293945,429900,2026-09-30
2009-08-13,26.656152725219727,35.279998779296875,35.29999923706055,34.72999954223633,35.06999969482422,576400,2026-09-30
2009-08-14,26.308605194091797,34.81999969482422,35.29999923706055,34.5,35.29999923706055,725700,2026-09-30
2009-08-17,25.568151473999023,33.84000015258789,34.16999816894531,33.75,34.15999984741211,1303200,2026-09-30
2009-08-18,25.870372772216797,34.2400016784668,34.33000183105469,33.880001068115234,33.9900016784668,454700,2026-09-30
2009-08-19,26.05170440673828,34.47999954223633,34.61000061035156,33.849998474121094,33.93000030517578,389500,2026-09-30
2009-08-20,26.35393524169922,34.880001068115234,34.939998626708984,34.43000030517578,34.58000183105469,801000,2026-09-30
2009-08-21,26.913047790527344,35.619998931884766,35.72999954223633,35.130001068115234,35.130001068115234,843400,2026-09-30
2009-08-24,26.83749771118164,35.52000045776367,36.0099983215332,35.43000030517578,35.849998474121094,1113700,2026-09-30
2009-08-25,26.988603591918945,35.720001220703125,36.06999969482422,35.630001068115234,35.63999938964844,732300,2026-09-30
2009-08-26,27.071718215942383,35.83000183105469,35.90999984741211,35.40999984741211,35.560001373291016,962800,2026-09-30
2009-08-27,27.117050170898438,35.88999938964844,36.0,35.209999084472656,35.81999969482422,495800,2026-09-30
2009-08-28,27.21527099609375,36.02000045776367,36.34000015258789,35.650001525878906,36.25,1120600,2026-09-30
2009-08-31,26.852602005004883,35.540000915527344,35.650001525878906,35.290000915527344,35.59000015258789,501800,2026-09-30
2009-09-01,26.119709014892578,34.56999969482422,35.90999984741211,34.529998779296875,35.40999984741211,858900,2026-09-30
2009-09-02,25.991254806518555,34.400001525878906,34.63999938964844,34.2400016784668,34.40999984741211,1167000,2026-09-30
2009-09-03,26.361482620239258,34.88999938964844,34.88999938964844,34.290000915527344,34.70000076293945,770100,2026-09-30
2009-09-04,26.6712646484375,35.29999923706055,35.33000183105469,34.689998626708984,35.0,1014900,2026-09-30
2009-09-08,26.981046676635742,35.709999084472656,35.75,35.470001220703125,35.709999084472656,563600,2026-09-30
2009-09-09,27.343717575073242,36.189998626708984,36.29999923706055,35.630001068115234,35.81999969482422,2328100,2026-09-30
2009-09-10,27.706375122070312,36.66999816894531,36.689998626708984,35.900001525878906,36.220001220703125,1023600,2026-09-30
2009-09-11,27.729049682617188,36.70000076293945,36.90999984741211,36.439998626708984,36.79999923706055,1495600,2026-09-30
2009-09-14,27.970836639404297,37.02000045776367,37.060001373291016,36.33000183105469,36.459999084472656,675600,2026-09-30
2009-09-15,28.22771453857422,37.36000061035156,37.459999084472656,36.86000061035156,37.09000015258789,770400,2026-09-30
2009-09-16,28.779279708862305,38.09000015258789,38.099998474121094,37.36000061035156,37.540000915527344,1144200,2026-09-30
2009-09-17,28.605501174926758,37.86000061035156,38.380001068115234,37.619998931884766,38.060001373291016,796600,2026-09-30
2009-09-18,28.64339828491211,37.790000915527344,37.970001220703125,37.56999969482422,37.959999084472656,480100,2026-09-30
2009-09-21,28.567604064941406,37.689998626708984,37.779998779296875,37.290000915527344,37.52000045776367,547200,2026-09-30
2009-09-22,28.764673233032227,37.95000076293945,38.04999923706055,37.7400016784668,37.880001068115234,502400,2026-09-30
2009-09-23,28.44633674621582,37.529998779296875,38.189998626708984,37.470001220703125,38.06999969482422,796300,2026-09-30
2009-09-24,27.97639274597168,36.90999984741211,37.650001525878906,36.70000076293945,37.540000915527344,1218900,2026-09-30
2009-09-25,27.764156341552734,36.630001068115234,36.9900016784668,36.5,36.77000045776367,1198600,2026-09-30
2009-09-28,28.340227127075195,37.38999938964844,37.47999954223633,36.77000045776367,36.79999923706055,640700,2026-09-30
2009-09-29,28.362947463989258,37.41999816894531,37.75,37.25,37.52000045776367,593900,2026-09-30
2009-09-30,28.27198028564453,37.29999923706055,37.599998474121094,36.84000015258789,37.560001373291016,930400,2026-09-30
2009-10-01,27.37000846862793,36.11000061035156,37.189998626708984,36.11000061035156,37.189998626708984,1198000,2026-09-30
2009-10-02,27.218435287475586,35.90999984741211,36.13999938964844,35.380001068115234,35.720001220703125,1429100,2026-09-30
2009-10-05,27.688364028930664,36.529998779296875,36.61000061035156,35.88999938964844,36.0,949100,2026-09-30
2009-10-06,28.082500457763672,37.04999923706055,37.29999923706055,36.72999954223633,36.869998931884766,1221000,2026-09-30
2009-10-07,28.135555267333984,37.119998931884766,37.13999938964844,36.83000183105469,36.90999984741211,1514500,2026-09-30
2009-10-08,28.476646423339844,37.56999969482422,37.709999084472656,37.2400016784668,37.45000076293945,677800,2026-09-30
2009-10-09,28.62066078186035,37.7599983215332,37.790000915527344,37.459999084472656,37.529998779296875,640600,2026-09-30
2009-10-12,28.741924285888672,37.91999816894531,38.130001068115234,37.77000045776367,38.02000045776367,362300,2026-09-30
2009-10-13,28.68128776550293,37.84000015258789,37.93000030517578,37.56999969482422,37.779998779296875,582600,2026-09-30
2009-10-14,29.211870193481445,38.540000915527344,38.560001373291016,38.060001373291016,38.22999954223633,1494200,2026-09-30
2009-10-15,29.310401916503906,38.66999816894531,38.66999816894531,38.29999923706055,38.29999923706055,460700,2026-09-30
2009-10-16,29.060272216796875,38.34000015258789,38.47999954223633,38.04999923706055,38.349998474121094,440700,2026-09-30
2009-10-19,29.35587501525879,38.72999954223633,38.849998474121094,38.27000045776367,38.43000030517578,642100,2026-09-30
2009-10-20,29.143653869628906,38.45000076293945,38.81999969482422,38.209999084472656,38.790000915527344,585200,2026-09-30
2009-10-21,28.840473175048828,38.04999923706055,38.880001068115234,38.040000915527344,38.40999984741211,1041300,2026-09-30
2009-10-22,29.23461151123047,38.56999969482422,38.68000030517578,37.7400016784668,38.099998474121094,894800,2026-09-30
2009-10-23,28.779836654663086,37.970001220703125,38.70000076293945,37.84000015258789,38.70000076293945,524200,2026-09-30
2009-10-26,28.40842628479004,37.47999954223633,38.529998779296875,37.40999984741211,37.95000076293945,682100,2026-09-30
2009-10-27,28.165882110595703,37.15999984741211,37.66999816894531,37.11000061035156,37.56999969482422,645800,2026-09-30
2009-10-28,27.392757415771484,36.13999938964844,37.119998931884766,36.11000061035156,37.0,1624500,2026-09-30
2009-10-29,28.067346572875977,37.029998779296875,37.13999938964844,36.40999984741211,36.439998626708984,1750500,2026-09-30
2009-10-30,27.226015090942383,35.91999816894531,37.060001373291016,35.849998474121094,37.0,1304100,2026-09-30
2009-11-02,27.392757415771484,36.13999938964844,36.599998474121094,35.650001525878906,36.04999923706055,1216800,2026-09-30
2009-11-03,27.635303497314453,36.459999084472656,36.47999954223633,35.84000015258789,35.91999816894531,791800,2026-09-30
2009-11-04,27.589834213256836,36.400001525878906,37.08000183105469,36.369998931884766,36.810001373291016,1130500,2026-09-30
2009-11-05,28.21135711669922,37.220001220703125,37.220001220703125,36.65999984741211,36.7400016784668,900000,2026-09-30
2009-11-06,28.24925994873047,37.27000045776367,37.41999816894531,36.900001525878906,36.9900016784668,969700,2026-09-30
2009-11-09,28.999635696411133,38.2599983215332,38.2599983215332,37.56999969482422,37.56999969482422,899100,2026-09-30
2009-11-10,28.885944366455078,38.11000061035156,38.29999923706055,37.900001525878906,38.20000076293945,1344400,2026-09-30
2009-11-11,29.060272216796875,38.34000015258789,38.63999938964844,38.119998931884766,38.380001068115234,955100,2026-09-30
2009-11-12,28.70402717590332,37.869998931884766,38.5099983215332,37.790000915527344,38.279998779296875,711200,2026-09-30
2009-11-13,28.885944366455078,38.11000061035156,38.279998779296875,37.790000915527344,38.04999923706055,701300,2026-09-30
2009-11-16,29.35587501525879,38.72999954223633,38.95000076293945,38.36000061035156,38.400001525878906,806900,2026-09-30
2009-11-17,29.363460540771484,38.7400016784668,38.77000045776367,38.41999816894531,38.72999954223633,469900,2026-09-30
2009-11-18,29.280086517333984,38.630001068115234,38.779998779296875,38.40999984741211,38.779998779296875,401300,2026-09-30
2009-11-19,28.81773567199707,38.02000045776367,38.43000030517578,37.75,38.43000030517578,597100,2026-09-30
2009-11-20,28.67371940612793,37.83000183105469,37.95000076293945,37.63999938964844,37.79999923706055,386200,2026-09-30
2009-11-23,28.9920654296875,38.25,38.65999984741211,38.15999984741211,38.29999923706055,941500,2026-09-30
2009-11-24,28.98446273803711,38.2400016784668,38.34000015258789,37.939998626708984,38.2400016784668,1328900,2026-09-30
2009-11-25,29.219444274902344,38.54999923706055,38.56999969482422,38.25,38.38999938964844,304100,2026-09-30
2009-11-27,28.63581085205078,37.779998779296875,38.11000061035156,37.29999923706055,37.5,214400,2026-09-30
2009-11-30,28.734357833862305,37.90999984741211,37.970001220703125,37.52000045776367,37.83000183105469,1310800,2026-09-30
2009-12-01,29.098182678222656,38.38999938964844,38.58000183105469,38.040000915527344,38.38999938964844,926900,2026-09-30
2009-12-02,29.264930725097656,38.61000061035156,38.810001373291016,38.40999984741211,38.41999816894531,745200,2026-09-30
2009-12-03,28.969322204589844,38.220001220703125,38.93000030517578,38.16999816894531,38.7400016784668,835900,2026-09-30
2009-12-04,29.264930725097656,38.61000061035156,39.04999923706055,38.130001068115234,38.790000915527344,982200,2026-09-30
2009-12-07,29.2421932220459,38.58000183105469,38.849998474121094,38.47999954223633,38.650001525878906,240900,2026-09-30
2009-12-08,28.9920654296875,38.25,38.459999084472656,38.029998779296875,38.40999984741211,205700,2026-09-30
2009-12-09,29.045114517211914,38.31999969482422,38.380001068115234,38.0,38.29999923706055,183100,2026-09-30
2009-12-10,29.25735092163086,38.599998474121094,38.720001220703125,38.459999084472656,38.58000183105469,223100,2026-09-30
2009-12-11,29.431684494018555,38.83000183105469,38.849998474121094,38.56999969482422,38.77000045776367,821300,2026-09-30
2009-12-14,29.80307960510254,39.31999969482422,39.36000061035156,39.0,39.13999938964844,2050600,2026-09-30
2009-12-15,29.68181037902832,39.15999984741211,39.34000015258789,39.0099983215332,39.119998931884766,1495100,2026-09-30
2009-12-16,29.810659408569336,39.33000183105469,39.5099983215332,39.220001220703125,39.33000183105469,687900,2026-09-30
2009-12-17,29.446836471557617,38.849998474121094,39.11000061035156,38.790000915527344,39.11000061035156,624200,2026-09-30
2009-12-18,29.573078155517578,38.88999938964844,38.97999954223633,38.529998779296875,38.93000030517578,377700,2026-09-30
2009-12-21,29.960886001586914,39.400001525878906,39.459999084472656,39.06999969482422,39.119998931884766,318600,2026-09-30
2009-12-22,30.11296272277832,39.599998474121094,39.7400016784668,39.40999984741211,39.52000045776367,1065500,2026-09-30
2009-12-23,30.303083419799805,39.849998474121094,39.86000061035156,39.56999969482422,39.77000045776367,393900,2026-09-30
2009-12-24,30.45516586303711,40.04999923706055,40.09000015258789,39.91999816894531,39.9900016784668,341000,2026-09-30
2009-12-28,30.462770462036133,40.060001373291016,40.220001220703125,39.88999938964844,40.20000076293945,928000,2026-09-30
2009-12-29,30.386734008789062,39.959999084472656,40.16999816894531,39.93000030517578,40.16999816894531,517200,2026-09-30
2009-12-30,30.394332885742188,39.970001220703125,39.970001220703125,39.779998779296875,39.790000915527344,322900,2026-09-30
2009-12-31,30.059741973876953,39.529998779296875,40.06999969482422,39.5,40.06999969482422,426200,2026-09-30
2010-01-04,30.554012298583984,40.18000030517578,40.189998626708984,39.880001068115234,39.90999984741211,742200,2026-09-30
2010-01-05,30.728923797607422,40.40999984741211,40.40999984741211,39.97999954223633,40.16999816894531,1217900,2026-09-30
2010-01-06,30.842981338500977,40.560001373291016,41.029998779296875,40.2599983215332,40.279998779296875,1330200,2026-09-30
2010-01-07,30.99505615234375,40.7599983215332,40.77000045776367,40.310001373291016,40.47999954223633,707800,2026-09-30
2010-01-08,31.101530075073242,40.900001525878906,40.900001525878906,40.4900016784668,40.650001525878906,690700,2026-09-30
2010-01-11,31.12434959411621,40.93000030517578,41.099998474121094,40.72999954223633,40.959999084472656,885100,2026-09-30
2010-01-12,30.76693344116211,40.459999084472656,40.70000076293945,40.27000045776367,40.70000076293945,335500,2026-09-30
2010-01-13,31.09393882751465,40.88999938964844,40.939998626708984,40.310001373291016,40.5099983215332,423400,2026-09-30
2010-01-14,31.139543533325195,40.95000076293945,41.0,40.720001220703125,40.869998931884766,557200,2026-09-30
2010-01-15,30.7745418548584,40.470001220703125,40.900001525878906,40.25,40.900001525878906,459900,2026-09-30
2010-01-19,31.207990646362305,41.040000915527344,41.040000915527344,40.43000030517578,40.43000030517578,410700,2026-09-30
2010-01-20,30.835378646850586,40.54999923706055,40.75,40.20000076293945,40.75,389500,2026-09-30
2010-01-21,30.31829261779785,39.869998931884766,40.779998779296875,39.84000015258789,40.560001373291016,697900,2026-09-30
2010-01-22,29.580673217773438,38.900001525878906,39.790000915527344,38.88999938964844,39.720001220703125,968100,2026-09-30
2010-01-25,29.763181686401367,39.13999938964844,39.38999938964844,38.959999084472656,39.15999984741211,2123100,2026-09-30
2010-01-26,29.656719207763672,39.0,39.369998931884766,38.5,39.06999969482422,3099500,2026-09-30
2010-01-27,29.7403507232666,39.11000061035156,39.16999816894531,38.5,38.91999816894531,746800,2026-09-30
2010-01-28,29.428590774536133,38.70000076293945,39.349998474121094,38.40999984741211,39.34000015258789,1092100,2026-09-30
2010-01-29,29.063581466674805,38.220001220703125,39.150001525878906,38.13999938964844,38.83000183105469,1837000,2026-09-30
2010-02-01,29.5578670501709,38.869998931884766,38.90999984741211,38.380001068115234,38.38999938964844,1211300,2026-09-30
2010-02-02,30.006515502929688,39.459999084472656,39.52000045776367,38.869998931884766,38.9900016784668,752200,2026-09-30
2010-02-03,29.80881118774414,39.20000076293945,39.439998626708984,39.09000015258789,39.380001068115234,471200,2026-09-30
2010-02-04,28.812650680541992,37.88999938964844,38.939998626708984,37.86000061035156,38.939998626708984,1116900,2026-09-30
2010-02-05,28.8886775970459,37.9900016784668,38.060001373291016,37.130001068115234,37.91999816894531,1237900,2026-09-30
2010-02-08,28.668149948120117,37.70000076293945,38.27000045776367,37.68000030517578,38.0,688000,2026-09-30
2010-02-09,29.109209060668945,38.279998779296875,38.54999923706055,37.849998474121094,38.06999969482422,1143900,2026-09-30
2010-02-10,29.0407657623291,38.189998626708984,38.369998931884766,37.77000045776367,38.22999954223633,543300,2026-09-30
2010-02-11,29.360153198242188,38.61000061035156,38.63999938964844,37.84000015258789,38.099998474121094,328000,2026-09-30
2010-02-12,29.337337493896484,38.58000183105469,38.59000015258789,38.02000045776367,38.20000076293945,1055200,2026-09-30
2010-02-16,29.869630813598633,39.279998779296875,39.34000015258789,38.779998779296875,38.91999816894531,1572900,2026-09-30
2010-02-17,30.059741973876953,39.529998779296875,39.61000061035156,39.310001373291016,39.58000183105469,1023200,2026-09-30
2010-02-18,30.265045166015625,39.79999923706055,39.81999969482422,39.43000030517578,39.470001220703125,1112400,2026-09-30
2010-02-19,30.401939392089844,39.97999954223633,40.08000183105469,39.599998474121094,39.7400016784668,527600,2026-09-30
2010-02-22,30.379121780395508,39.95000076293945,40.13999938964844,39.84000015258789,40.13999938964844,890000,2026-09-30
2010-02-23,29.9456844329834,39.380001068115234,39.959999084472656,39.310001373291016,39.90999984741211,1458600,2026-09-30
2010-02-24,30.249845504760742,39.779998779296875,39.79999923706055,39.400001525878906,39.5099983215332,465300,2026-09-30
2010-02-25,30.303083419799805,39.849998474121094,39.849998474121094,39.060001373291016,39.25,539400,2026-09-30
2010-02-26,30.280282974243164,39.81999969482422,39.970001220703125,39.560001373291016,39.849998474121094,438700,2026-09-30
2010-03-01,30.782146453857422,40.47999954223633,40.47999954223633,39.97999954223633,39.97999954223633,918800,2026-09-30
2010-03-02,30.865798950195312,40.59000015258789,40.810001373291016,40.529998779296875,40.75,1381200,2026-09-30
2010-03-03,30.964658737182617,40.720001220703125,40.970001220703125,40.56999969482422,40.77000045776367,997200,2026-09-30
2010-03-04,30.99505615234375,40.7599983215332,40.849998474121094,40.540000915527344,40.790000915527344,664200,2026-09-30
2010-03-05,31.519742965698242,41.45000076293945,41.4900016784668,40.97999954223633,41.06999969482422,1021100,2026-09-30
2010-03-08,31.580589294433594,41.529998779296875,41.59000015258789,41.40999984741211,41.5099983215332,2466700,2026-09-30
2010-03-09,31.580589294433594,41.529998779296875,41.7400016784668,41.310001373291016,41.33000183105469,1531500,2026-09-30
2010-03-10,31.79352569580078,41.810001373291016,41.900001525878906,41.540000915527344,41.560001373291016,843300,2026-09-30
2010-03-11,31.877168655395508,41.91999816894531,41.95000076293945,41.5099983215332,41.619998931884766,749100,2026-09-30
2010-03-12,31.892372131347656,41.939998626708984,42.15999984741211,41.849998474121094,42.150001525878906,646200,2026-09-30
2010-03-15,31.877168655395508,41.91999816894531,41.939998626708984,41.58000183105469,41.939998626708984,357100,2026-09-30
2010-03-16,32.20414352416992,42.349998474121094,42.369998931884766,41.900001525878906,42.09000015258789,1533300,2026-09-30
2010-03-17,32.46268844604492,42.689998626708984,42.810001373291016,42.439998626708984,42.5099983215332,1640000,2026-09-30
2010-03-18,32.318206787109375,42.5,42.7400016784668,42.400001525878906,42.720001220703125,745000,2026-09-30
2010-03-19,32.15423583984375,42.15999984741211,42.56999969482422,41.97999954223633,42.15999984741211,1550400,2026-09-30
2010-03-22,32.36778259277344,42.439998626708984,42.4900016784668,41.81999969482422,42.0,1057600,2026-09-30
2010-03-23,32.61946105957031,42.77000045776367,42.77000045776367,42.33000183105469,42.540000915527344,659100,2026-09-30
2010-03-24,32.37541961669922,42.45000076293945,42.66999816894531,42.38999938964844,42.61000061035156,853500,2026-09-30
2010-03-25,32.23813247680664,42.27000045776367,42.86000061035156,42.22999954223633,42.70000076293945,1370200,2026-09-30
2010-03-26,32.29153060913086,42.34000015258789,42.619998931884766,42.09000015258789,42.40999984741211,796900,2026-09-30
2010-03-29,32.55083465576172,42.68000030517578,42.709999084472656,42.47999954223633,42.59000015258789,819900,2026-09-30
2010-03-30,32.57372283935547,42.709999084472656,42.84000015258789,42.470001220703125,42.7400016784668,575700,2026-09-30
2010-03-31,32.46693420410156,42.56999969482422,42.77000045776367,42.40999984741211,42.560001373291016,425800,2026-09-30
2010-04-01,32.73387145996094,42.91999816894531,43.06999969482422,42.650001525878906,42.900001525878906,1030200,2026-09-30
2010-04-05,33.160972595214844,43.47999954223633,43.47999954223633,43.0,43.150001525878906,920000,2026-09-30
2010-04-06,33.229610443115234,43.56999969482422,43.66999816894531,43.25,43.36000061035156,1373200,2026-09-30
2010-04-07,33.02368927001953,43.29999923706055,43.56999969482422,43.08000183105469,43.54999923706055,1509400,2026-09-30
2010-04-08,33.069454193115234,43.36000061035156,43.40999984741211,42.88999938964844,43.150001525878906,751500,2026-09-30
2010-04-09,33.313507080078125,43.68000030517578,43.689998626708984,43.34000015258789,43.470001220703125,662200,2026-09-30
2010-04-12,33.36689758300781,43.75,43.869998931884766,43.66999816894531,43.70000076293945,726400,2026-09-30
2010-04-13,33.42028045654297,43.81999969482422,43.869998931884766,43.459999084472656,43.75,616500,2026-09-30
2010-04-14,33.854984283447266,44.38999938964844,44.38999938964844,43.88999938964844,43.970001220703125,671100,2026-09-30
2010-04-15,33.854984283447266,44.38999938964844,44.5099983215332,44.25,44.310001373291016,1253100,2026-09-30
2010-04-16,33.29823303222656,43.65999984741211,44.34000015258789,43.40999984741211,44.209999084472656,1788700,2026-09-30
2010-04-19,33.305877685546875,43.66999816894531,43.790000915527344,43.150001525878906,43.439998626708984,1014900,2026-09-30
2010-04-20,33.755859375,44.2599983215332,44.27000045776367,43.88999938964844,43.9900016784668,579900,2026-09-30
2010-04-21,33.824493408203125,44.349998474121094,44.41999816894531,44.06999969482422,44.33000183105469,764800,2026-09-30
2010-04-22,34.09906005859375,44.709999084472656,44.77000045776367,43.75,44.029998779296875,893300,2026-09-30
2010-04-23,34.38124465942383,45.08000183105469,45.119998931884766,44.58000183105469,44.75,701600,2026-09-30
2010-04-26,34.259212493896484,44.91999816894531,45.290000915527344,44.869998931884766,45.15999984741211,852300,2026-09-30
2010-04-27,33.336368560791016,43.709999084472656,44.869998931884766,43.619998931884766,44.68000030517578,1021100,2026-09-30
2010-04-28,33.51942825317383,43.95000076293945,44.130001068115234,43.599998474121094,43.97999954223633,759400,2026-09-30
2010-04-29,33.984657287597656,44.560001373291016,44.650001525878906,44.209999084472656,44.279998779296875,708200,2026-09-30
2010-04-30,33.32875061035156,43.70000076293945,44.619998931884766,43.689998626708984,44.560001373291016,576700,2026-09-30
2010-05-03,33.81686782836914,44.34000015258789,44.439998626708984,43.81999969482422,43.81999969482422,442800,2026-09-30
2010-05-04,32.90166091918945,43.13999938964844,43.84000015258789,42.95000076293945,43.83000183105469,1661800,2026-09-30
2010-05-05,32.65760803222656,42.81999969482422,43.349998474121094,42.470001220703125,42.88999938964844,2147300,2026-09-30
2010-05-06,31.460224151611328,41.25,43.0,18.0,42.7400016784668,4523400,2026-09-30
2010-05-07,30.95685577392578,40.59000015258789,41.72999954223633,40.0,41.189998626708984,3409200,2026-09-30
2010-05-10,32.55845642089844,42.689998626708984,42.70000076293945,42.09000015258789,42.09000015258789,2181400,2026-09-30
2010-05-11,32.44405746459961,42.540000915527344,43.130001068115234,42.150001525878906,42.22999954223633,1115100,2026-09-30
2010-05-12,33.03893280029297,43.31999969482422,43.349998474121094,42.63999938964844,42.790000915527344,1340500,2026-09-30
2010-05-13,32.634727478027344,42.790000915527344,43.45000076293945,42.70000076293945,43.27000045776367,964400,2026-09-30
2010-05-14,31.940702438354492,41.880001068115234,42.439998626708984,41.4900016784668,42.33000183105469,1201800,2026-09-30
2010-05-17,31.97119140625,41.91999816894531,42.220001220703125,41.029998779296875,41.880001068115234,1683500,2026-09-30
2010-05-18,31.551734924316406,41.369998931884766,42.52000045776367,41.20000076293945,42.290000915527344,1616900,2026-09-30
2010-05-19,31.2695369720459,41.0,41.4900016784668,40.220001220703125,41.09000015258789,1966700,2026-09-30
2010-05-20,30.026395797729492,39.369998931884766,40.2400016784668,39.290000915527344,40.13999938964844,3119000,2026-09-30
2010-05-21,30.522127151489258,40.02000045776367,40.20000076293945,38.27000045776367,38.810001373291016,4777900,2026-09-30
2010-05-24,30.133159637451172,39.5099983215332,40.18000030517578,39.4900016784668,39.779998779296875,1552700,2026-09-30
2010-05-25,30.21706199645996,39.619998931884766,39.65999984741211,38.20000076293945,38.40999984741211,2903100,2026-09-30
2010-05-26,30.125539779663086,39.5,40.40999984741211,39.40999984741211,40.0,1316200,2026-09-30
2010-05-27,31.24666976928711,40.970001220703125,41.0,40.189998626708984,40.34000015258789,782400,2026-09-30
2010-05-28,30.872949600219727,40.47999954223633,41.040000915527344,40.279998779296875,41.0,740200,2026-09-30
2010-06-01,30.125539779663086,39.5,40.61000061035156,39.47999954223633,40.0,1336500,2026-09-30
2010-06-02,31.017852783203125,40.66999816894531,40.66999816894531,39.54999923706055,39.650001525878906,842600,2026-09-30
2010-06-03,31.20090103149414,40.90999984741211,40.970001220703125,40.470001220703125,40.810001373291016,2083400,2026-09-30
2010-06-04,29.93486785888672,39.25,40.34000015258789,39.11000061035156,40.04999923706055,2064100,2026-09-30
2010-06-07,29.4467716217041,38.61000061035156,39.560001373291016,38.58000183105469,39.43000030517578,1665500,2026-09-30
2010-06-08,29.7213191986084,38.970001220703125,39.040000915527344,38.189998626708984,38.560001373291016,2800900,2026-09-30
2010-06-09,29.69080924987793,38.93000030517578,39.84000015258789,38.790000915527344,39.36000061035156,1134000,2026-09-30
2010-06-10,30.705190658569336,40.2599983215332,40.279998779296875,39.47999954223633,39.47999954223633,774500,2026-09-30
2010-06-11,30.911083221435547,40.529998779296875,40.529998779296875,39.779998779296875,39.88999938964844,604500,2026-09-30
2010-06-14,30.911083221435547,40.529998779296875,41.18000030517578,40.5,40.7599983215332,1226000,2026-09-30
2010-06-15,31.696636199951172,41.560001373291016,41.59000015258789,40.77000045776367,40.77000045776367,2124000,2026-09-30
2010-06-16,31.6661376953125,41.52000045776367,41.7400016784668,41.20000076293945,41.31999969482422,6139700,2026-09-30
2010-06-17,31.6661376953125,41.52000045776367,41.68000030517578,41.09000015258789,41.68000030517578,2167000,2026-09-30
2010-06-18,31.665376663208008,41.380001068115234,41.560001373291016,41.2400016784668,41.5099983215332,1491200,2026-09-30
2010-06-21,31.519973754882812,41.189998626708984,41.970001220703125,40.939998626708984,41.970001220703125,3773600,2026-09-30
2010-06-22,30.930736541748047,40.41999816894531,41.38999938964844,40.279998779296875,41.209999084472656,1969000,2026-09-30
2010-06-23,30.846553802490234,40.310001373291016,40.56999969482422,39.86000061035156,40.40999984741211,1034000,2026-09-30
2010-06-24,30.27263832092285,39.560001373291016,40.130001068115234,39.43000030517578,40.04999923706055,1267500,2026-09-30
2010-06-25,30.448640823364258,39.790000915527344,39.970001220703125,39.25,39.630001068115234,966900,2026-09-30
2010-06-28,30.356821060180664,39.66999816894531,40.0099983215332,39.52000045776367,39.849998474121094,796300,2026-09-30
2010-06-29,29.26252555847168,38.2400016784668,39.09000015258789,37.939998626708984,39.09000015258789,3740100,2026-09-30
2010-06-30,28.925840377807617,37.79999923706055,38.560001373291016,37.709999084472656,38.11000061035156,3539800,2026-09-30
2010-07-01,28.864612579345703,37.720001220703125,37.95000076293945,36.959999084472656,37.79999923706055,4910300,2026-09-30
2010-07-02,28.68860626220703,37.4900016784668,37.970001220703125,37.279998779296875,37.79999923706055,1743000,2026-09-30
2010-07-06,28.765121459960938,37.59000015258789,38.33000183105469,37.2400016784668,37.959999084472656,1921600,2026-09-30
2010-07-07,29.736989974975586,38.86000061035156,38.900001525878906,37.650001525878906,37.650001525878906,928800,2026-09-30
2010-07-08,30.043075561523438,39.2599983215332,39.349998474121094,38.810001373291016,39.310001373291016,1011100,2026-09-30
2010-07-09,30.318565368652344,39.619998931884766,39.650001525878906,39.189998626708984,39.22999954223633,928200,2026-09-30
2010-07-12,30.25733184814453,39.540000915527344,39.75,39.22999954223633,39.5,727100,2026-09-30
2010-07-13,30.83890724182129,40.29999923706055,40.470001220703125,39.939998626708984,39.9900016784668,1545300,2026-09-30
2010-07-14,30.77768898010254,40.220001220703125,40.400001525878906,39.91999816894531,40.18000030517578,941800,2026-09-30
2010-07-15,30.83126449584961,40.290000915527344,40.380001068115234,39.63999938964844,40.27000045776367,558500,2026-09-30
2010-07-16,29.859418869018555,39.02000045776367,40.060001373291016,38.959999084472656,40.060001373291016,1121700,2026-09-30
2010-07-19,30.09663200378418,39.33000183105469,39.45000076293945,38.869998931884766,39.189998626708984,440600,2026-09-30
2010-07-20,30.54047393798828,39.90999984741211,39.939998626708984,38.7400016784668,38.849998474121094,1100500,2026-09-30
2010-07-21,30.073684692382812,39.29999923706055,40.18000030517578,39.16999816894531,40.16999816894531,715600,2026-09-30
2010-07-22,30.83126449584961,40.290000915527344,40.439998626708984,39.7599983215332,39.790000915527344,759800,2026-09-30
2010-07-23,31.206218719482422,40.779998779296875,40.79999923706055,40.06999969482422,40.150001525878906,825000,2026-09-30
2010-07-26,31.634756088256836,41.34000015258789,41.349998474121094,40.689998626708984,40.790000915527344,1588900,2026-09-30
2010-07-27,31.45874786376953,41.11000061035156,41.58000183105469,40.970001220703125,41.58000183105469,1604500,2026-09-30
2010-07-28,31.17561912536621,40.7400016784668,41.130001068115234,40.59000015258789,41.02000045776367,737000,2026-09-30
2010-07-29,31.022579193115234,40.540000915527344,41.130001068115234,40.150001525878906,41.09000015258789,1126600,2026-09-30
2010-07-30,31.053176879882812,40.58000183105469,40.7599983215332,39.95000076293945,40.16999816894531,871200,2026-09-30
2010-08-02,31.74955177307129,41.4900016784668,41.540000915527344,41.029998779296875,41.2599983215332,820100,2026-09-30
2010-08-03,31.489370346069336,41.150001525878906,41.45000076293945,41.0,41.36000061035156,1315800,2026-09-30
2010-08-04,31.764860153198242,41.5099983215332,41.54999923706055,41.119998931884766,41.27000045776367,661100,2026-09-30
2010-08-05,31.718935012817383,41.45000076293945,41.4900016784668,41.119998931884766,41.2400016784668,419100,2026-09-30
2010-08-06,31.57353401184082,41.2599983215332,41.349998474121094,40.68000030517578,40.93000030517578,1144100,2026-09-30
2010-08-09,31.79546546936035,41.54999923706055,41.599998474121094,41.290000915527344,41.59000015258789,719500,2026-09-30
2010-08-10,31.542922973632812,41.220001220703125,41.45000076293945,40.869998931884766,41.130001068115234,721500,2026-09-30
2010-08-11,30.55577278137207,39.93000030517578,40.4900016784668,39.86000061035156,40.47999954223633,1446400,2026-09-30
2010-08-12,30.37211799621582,39.689998626708984,39.81999969482422,39.09000015258789,39.189998626708984,1761500,2026-09-30
2010-08-13,30.264978408813477,39.54999923706055,39.849998474121094,39.52000045776367,39.529998779296875,785000,2026-09-30
2010-08-16,30.24204444885254,39.52000045776367,39.66999816894531,39.150001525878906,39.36000061035156,1018700,2026-09-30
2010-08-17,30.739425659179688,40.16999816894531,40.43000030517578,39.79999923706055,39.900001525878906,1822100,2026-09-30
2010-08-18,30.80064582824707,40.25,40.470001220703125,39.88999938964844,40.11000061035156,1061700,2026-09-30
2010-08-19,30.264978408813477,39.54999923706055,40.189998626708984,39.369998931884766,40.04999923706055,587900,2026-09-30
2010-08-20,30.20375633239746,39.470001220703125,39.5099983215332,39.09000015258789,39.439998626708984,568400,2026-09-30
2010-08-23,30.05073356628418,39.27000045776367,39.849998474121094,39.25,39.70000076293945,378200,2026-09-30
2010-08-24,29.606887817382812,38.689998626708984,38.959999084472656,38.380001068115234,38.790000915527344,1955700,2026-09-30
2010-08-25,29.721675872802734,38.84000015258789,38.970001220703125,38.119998931884766,38.38999938964844,1422500,2026-09-30
2010-08-26,29.530364990234375,38.59000015258789,39.13999938964844,38.470001220703125,38.97999954223633,1173300,2026-09-30
2010-08-27,30.066028594970703,39.290000915527344,39.33000183105469,38.2400016784668,38.91999816894531,949800,2026-09-30
2010-08-30,29.583938598632812,38.65999984741211,39.290000915527344,38.65999984741211,39.15999984741211,482800,2026-09-30
2010-08-31,29.576274871826172,38.650001525878906,38.900001525878906,38.310001373291016,38.5,2060400,2026-09-30
2010-09-01,30.5022029876709,39.86000061035156,39.939998626708984,39.189998626708984,39.220001220703125,881800,2026-09-30
2010-09-02,30.90013885498047,40.380001068115234,40.40999984741211,39.93000030517578,39.970001220703125,653500,2026-09-30
2010-09-03,31.33632469177246,40.95000076293945,41.029998779296875,40.599998474121094,40.779998779296875,904600,2026-09-30
2010-09-07,30.938392639160156,40.43000030517578,40.7599983215332,40.369998931884766,40.709999084472656,597600,2026-09-30
2010-09-08,31.145009994506836,40.70000076293945,40.86000061035156,40.459999084472656,40.459999084472656,333000,2026-09-30
2010-09-09,31.252132415771484,40.84000015258789,41.18000030517578,40.66999816894531,41.150001525878906,474500,2026-09-30
2010-09-10,31.420501708984375,41.060001373291016,41.09000015258789,40.790000915527344,40.86000061035156,305300,2026-09-30
2010-09-13,31.79546546936035,41.54999923706055,41.630001068115234,41.349998474121094,41.459999084472656,963500,2026-09-30
2010-09-14,31.80310821533203,41.560001373291016,41.779998779296875,41.279998779296875,41.47999954223633,534500,2026-09-30
2010-09-15,31.91024398803711,41.70000076293945,41.7400016784668,41.2599983215332,41.38999938964844,477700,2026-09-30
2010-09-16,31.841371536254883,41.61000061035156,41.650001525878906,41.400001525878906,41.54999923706055,500900,2026-09-30
2010-09-17,31.882129669189453,41.459999084472656,41.720001220703125,41.279998779296875,41.720001220703125,611100,2026-09-30
2010-09-20,32.4665412902832,42.220001220703125,42.279998779296875,41.5,41.58000183105469,1483100,2026-09-30
2010-09-21,32.297386169433594,42.0,42.33000183105469,41.84000015258789,42.20000076293945,2528700,2026-09-30
2010-09-22,32.08205795288086,41.720001220703125,42.18000030517578,41.59000015258789,41.900001525878906,1555800,2026-09-30
2010-09-23,31.83599090576172,41.400001525878906,41.86000061035156,41.25,41.349998474121094,1215800,2026-09-30
2010-09-24,32.57421112060547,42.36000061035156,42.43000030517578,41.88999938964844,41.91999816894531,1399400,2026-09-30
2010-09-27,32.451171875,42.20000076293945,42.459999084472656,42.150001525878906,42.459999084472656,1163600,2026-09-30
2010-09-28,32.68187713623047,42.5,42.59000015258789,41.75,42.33000183105469,1619100,2026-09-30
2010-09-29,32.6434326171875,42.45000076293945,42.630001068115234,42.25,42.33000183105469,1004800,2026-09-30
2010-09-30,32.58958435058594,42.380001068115234,43.0,42.119998931884766,42.7599983215332,2066300,2026-09-30
2010-10-01,32.68187713623047,42.5,42.75,42.2599983215332,42.720001220703125,1249000,2026-09-30
2010-10-04,32.42041778564453,42.15999984741211,42.58000183105469,41.90999984741211,42.36000061035156,651200,2026-09-30
2010-10-05,33.11251449584961,43.060001373291016,43.16999816894531,42.5099983215332,42.61000061035156,890100,2026-09-30
2010-10-06,32.997161865234375,42.90999984741211,43.13999938964844,42.75,43.13999938964844,1260800,2026-09-30
2010-10-07,32.98178482055664,42.88999938964844,43.16999816894531,42.59000015258789,43.09000015258789,731200,2026-09-30
2010-10-08,33.23554992675781,43.220001220703125,43.36000061035156,42.810001373291016,43.0,884500,2026-09-30
2010-10-11,33.32781219482422,43.34000015258789,43.45000076293945,43.20000076293945,43.36000061035156,608900,2026-09-30
2010-10-12,33.443172454833984,43.4900016784668,43.58000183105469,42.93000030517578,43.22999954223633,784400,2026-09-30
2010-10-13,33.71231460571289,43.84000015258789,44.06999969482422,43.599998474121094,43.79999923706055,1030900,2026-09-30
2010-10-14,33.54314422607422,43.619998931884766,43.880001068115234,43.33000183105469,43.81999969482422,698400,2026-09-30
2010-10-15,33.57389831542969,43.65999984741211,43.91999816894531,43.310001373291016,43.91999816894531,738500,2026-09-30
2010-10-18,33.68922805786133,43.810001373291016,43.91999816894531,43.56999969482422,43.68000030517578,561900,2026-09-30
2010-10-19,33.19709014892578,43.16999816894531,43.65999984741211,42.93000030517578,43.34000015258789,1038500,2026-09-30
2010-10-20,33.52775955200195,43.599998474121094,43.79999923706055,43.25,43.279998779296875,1017500,2026-09-30
2010-10-21,33.55082321166992,43.630001068115234,44.04999923706055,43.290000915527344,43.81999969482422,1042800,2026-09-30
2010-10-22,33.67386245727539,43.790000915527344,43.81999969482422,43.599998474121094,43.720001220703125,675500,2026-09-30
2010-10-25,33.796905517578125,43.95000076293945,44.36000061035156,43.900001525878906,44.08000183105469,766400,2026-09-30
2010-10-26,33.735382080078125,43.869998931884766,43.939998626708984,43.529998779296875,43.68000030517578,527600,2026-09-30
2010-10-27,33.650794982910156,43.7599983215332,43.810001373291016,43.33000183105469,43.56999969482422,642800,2026-09-30
2010-10-28,33.62771987915039,43.72999954223633,44.04999923706055,43.47999954223633,44.02000045776367,751000,2026-09-30
2010-10-29,33.750755310058594,43.88999938964844,43.939998626708984,43.58000183105469,43.689998626708984,562000,2026-09-30
2010-11-01,33.69694137573242,43.81999969482422,44.33000183105469,43.58000183105469,44.02000045776367,601500,2026-09-30
2010-11-02,34.019901275634766,44.2400016784668,44.33000183105469,44.040000915527344,44.189998626708984,852900,2026-09-30
2010-11-03,34.1045036315918,44.349998474121094,44.369998931884766,43.77000045776367,44.369998931884766,1085000,2026-09-30
2010-11-04,34.79658508300781,45.25,45.279998779296875,44.81999969482422,44.939998626708984,1031600,2026-09-30
2010-11-05,34.97344970703125,45.47999954223633,45.599998474121094,45.2400016784668,45.290000915527344,1036800,2026-09-30
2010-11-08,34.934993743896484,45.43000030517578,45.470001220703125,45.18000030517578,45.400001525878906,915400,2026-09-30
2010-11-09,34.58894348144531,44.97999954223633,45.56999969482422,44.790000915527344,45.56999969482422,980400,2026-09-30
2010-11-10,34.735069274902344,45.16999816894531,45.189998626708984,44.599998474121094,45.0099983215332,887800,2026-09-30
2010-11-11,34.71968078613281,45.150001525878906,45.20000076293945,44.66999816894531,44.75,714400,2026-09-30
2010-11-12,34.2582893371582,44.54999923706055,45.02000045776367,44.34000015258789,44.849998474121094,827000,2026-09-30
2010-11-15,34.20446014404297,44.47999954223633,44.880001068115234,44.459999084472656,44.650001525878906,446000,2026-09-30
2010-11-16,33.62004089355469,43.720001220703125,44.2599983215332,43.52000045776367,44.209999084472656,698800,2026-09-30
2010-11-17,33.69694137573242,43.81999969482422,44.0,43.61000061035156,43.70000076293945,537300,2026-09-30
2010-11-18,34.181400299072266,44.45000076293945,44.650001525878906,44.290000915527344,44.380001068115234,618800,2026-09-30
2010-11-19,34.342891693115234,44.65999984741211,44.65999984741211,44.189998626708984,44.45000076293945,279800,2026-09-30
2010-11-22,34.39670181274414,44.72999954223633,44.75,44.189998626708984,44.52000045776367,336100,2026-09-30
2010-11-23,33.91994094848633,44.11000061035156,44.27000045776367,43.959999084472656,44.2400016784668,496000,2026-09-30
2010-11-24,34.5043830871582,44.869998931884766,44.869998931884766,44.29999923706055,44.439998626708984,429500,2026-09-30
2010-11-26,34.250606536865234,44.540000915527344,44.7400016784668,44.43000030517578,44.5,242100,2026-09-30
2010-11-29,34.166015625,44.43000030517578,44.560001373291016,43.900001525878906,44.2599983215332,461600,2026-09-30
2010-11-30,34.02760314941406,44.25,44.5,43.939998626708984,44.029998779296875,495900,2026-09-30
2010-12-01,34.78889846801758,45.2400016784668,45.310001373291016,44.849998474121094,44.849998474121094,555000,2026-09-30
2010-12-02,35.29640579223633,45.900001525878906,45.93000030517578,45.25,45.31999969482422,1326400,2026-09-30
2010-12-03,35.434837341308594,46.08000183105469,46.13999938964844,45.720001220703125,45.779998779296875,727000,2026-09-30
2010-12-06,35.41176986694336,46.04999923706055,46.13999938964844,45.880001068115234,46.02000045776367,8644800,2026-09-30
2010-12-07,35.419456481933594,46.060001373291016,46.560001373291016,46.04999923706055,46.560001373291016,772100,2026-09-30
2010-12-08,35.51174545288086,46.18000030517578,46.279998779296875,45.84000015258789,46.16999816894531,489600,2026-09-30
2010-12-09,35.66554260253906,46.380001068115234,46.52000045776367,46.150001525878906,46.52000045776367,4439100,2026-09-30
2010-12-10,35.896240234375,46.68000030517578,46.709999084472656,46.36000061035156,46.529998779296875,511000,2026-09-30
2010-12-13,35.84239959716797,46.61000061035156,46.93000030517578,46.61000061035156,46.93000030517578,564900,2026-09-30
2010-12-14,35.84239959716797,46.61000061035156,46.849998474121094,46.4900016784668,46.70000076293945,994500,2026-09-30
2010-12-15,35.696292877197266,46.41999816894531,46.779998779296875,46.33000183105469,46.560001373291016,543800,2026-09-30
2010-12-16,35.950050354003906,46.75,46.77000045776367,46.290000915527344,46.41999816894531,3639100,2026-09-30
2010-12-17,36.0819206237793,46.790000915527344,46.84000015258789,46.38999938964844,46.65999984741211,561000,2026-09-30
2010-12-20,36.19759750366211,46.939998626708984,47.029998779296875,46.689998626708984,47.0099983215332,530700,2026-09-30
2010-12-21,36.452064514160156,47.27000045776367,47.34000015258789,47.04999923706055,47.130001068115234,1027400,2026-09-30
2010-12-22,36.536895751953125,47.380001068115234,47.40999984741211,47.2599983215332,47.36000061035156,694200,2026-09-30
2010-12-23,36.452064514160156,47.27000045776367,47.380001068115234,47.15999984741211,47.36000061035156,457100,2026-09-30
2010-12-27,36.47521209716797,47.29999923706055,47.31999969482422,47.0,47.189998626708984,454200,2026-09-30
2010-12-28,36.47521209716797,47.29999923706055,47.38999938964844,47.150001525878906,47.29999923706055,265300,2026-09-30
2010-12-29,36.49063491821289,47.31999969482422,47.43000030517578,47.31999969482422,47.38999938964844,2191900,2026-09-30
2010-12-30,36.50605010986328,47.34000015258789,47.41999816894531,47.220001220703125,47.33000183105469,420800,2026-09-30
2010-12-31,36.48291778564453,47.310001373291016,47.380001068115234,47.15999984741211,47.29999923706055,548100,2026-09-30
2011-01-03,36.853065490722656,47.790000915527344,47.9900016784668,47.650001525878906,47.720001220703125,950100,2026-09-30
2011-01-04,36.67570877075195,47.560001373291016,47.97999954223633,47.290000915527344,47.97999954223633,1846400,2026-09-30
2011-01-05,36.868499755859375,47.810001373291016,47.84000015258789,47.290000915527344,47.400001525878906,864200,2026-09-30
2011-01-06,36.79136276245117,47.709999084472656,47.91999816894531,47.599998474121094,47.91999816894531,487400,2026-09-30
2011-01-07,36.72197723388672,47.619998931884766,47.90999984741211,47.2400016784668,47.83000183105469,1046200,2026-09-30
2011-01-10,36.706546783447266,47.599998474121094,47.68000030517578,47.220001220703125,47.43000030517578,716400,2026-09-30
2011-01-11,36.88391876220703,47.83000183105469,47.939998626708984,47.630001068115234,47.84000015258789,1179200,2026-09-30
2011-01-12,37.223209381103516,48.27000045776367,48.310001373291016,48.029998779296875,48.150001525878906,493800,2026-09-30
2011-01-13,37.17694854736328,48.209999084472656,48.34000015258789,48.099998474121094,48.310001373291016,618600,2026-09-30
2011-01-14,37.39287567138672,48.4900016784668,48.560001373291016,48.099998474121094,48.16999816894531,598900,2026-09-30
2011-01-18,37.5548210144043,48.70000076293945,48.72999954223633,48.5,48.58000183105469,510400,2026-09-30
2011-01-19,37.061279296875,48.060001373291016,48.689998626708984,47.91999816894531,48.689998626708984,518600,2026-09-30
2011-01-20,36.98418426513672,47.959999084472656,48.06999969482422,47.599998474121094,47.91999816894531,1003000,2026-09-30
2011-01-21,36.99188232421875,47.970001220703125,48.369998931884766,47.939998626708984,48.279998779296875,470300,2026-09-30
2011-01-24,37.23092269897461,48.279998779296875,48.36000061035156,47.939998626708984,47.9900016784668,649100,2026-09-30
2011-01-25,37.207794189453125,48.25,48.29999923706055,47.88999938964844,48.209999084472656,502700,2026-09-30
2011-01-26,37.48539733886719,48.61000061035156,48.709999084472656,48.33000183105469,48.36000061035156,730000,2026-09-30
2011-01-27,37.66276931762695,48.84000015258789,48.88999938964844,48.599998474121094,48.63999938964844,1237800,2026-09-30
2011-01-28,36.91476058959961,47.869998931884766,48.959999084472656,47.83000183105469,48.86000061035156,988700,2026-09-30
2011-01-31,37.254066467285156,48.310001373291016,48.380001068115234,47.97999954223633,47.97999954223633,678600,2026-09-30
2011-02-01,37.786163330078125,49.0,49.09000015258789,48.58000183105469,48.630001068115234,579400,2026-09-30
2011-02-02,37.71676254272461,48.90999984741211,49.08000183105469,48.84000015258789,48.900001525878906,449300,2026-09-30
2011-02-03,37.9172477722168,49.16999816894531,49.209999084472656,48.630001068115234,48.970001220703125,612200,2026-09-30
2011-02-04,38.09461212158203,49.400001525878906,49.439998626708984,49.029998779296875,49.29999923706055,669100,2026-09-30
2011-02-07,38.34139633178711,49.720001220703125,49.900001525878906,49.5,49.54999923706055,1136000,2026-09-30
2011-02-08,38.50334167480469,49.93000030517578,49.939998626708984,49.58000183105469,49.790000915527344,668000,2026-09-30
2011-02-09,38.410789489746094,49.810001373291016,49.95000076293945,49.599998474121094,49.83000183105469,537100,2026-09-30
2011-02-10,38.51874923706055,49.95000076293945,50.029998779296875,49.5,49.59000015258789,653100,2026-09-30
2011-02-11,38.81948471069336,50.34000015258789,50.38999938964844,49.7400016784668,49.84000015258789,570100,2026-09-30
2011-02-14,38.88117218017578,50.41999816894531,50.43000030517578,50.22999954223633,50.400001525878906,668800,2026-09-30
2011-02-15,38.742374420166016,50.2400016784668,50.34000015258789,50.099998474121094,50.31999969482422,1625200,2026-09-30
2011-02-16,39.05854415893555,50.650001525878906,50.720001220703125,50.40999984741211,50.470001220703125,718200,2026-09-30
2011-02-17,39.24361801147461,50.88999938964844,50.939998626708984,50.439998626708984,50.439998626708984,949800,2026-09-30
2011-02-18,39.28990173339844,50.95000076293945,51.04999923706055,50.790000915527344,50.88999938964844,599600,2026-09-30
2011-02-22,38.36452102661133,49.75,50.779998779296875,49.650001525878906,50.41999816894531,1474700,2026-09-30
2011-02-23,38.017494201660156,49.29999923706055,49.880001068115234,48.880001068115234,49.7400016784668,989200,2026-09-30
2011-02-24,38.032920837402344,49.31999969482422,49.560001373291016,48.810001373291016,49.2400016784668,15598900,2026-09-30
2011-02-25,38.56501388549805,50.0099983215332,50.040000915527344,49.5099983215332,49.5099983215332,740800,2026-09-30
2011-02-28,38.750083923339844,50.25,50.33000183105469,49.939998626708984,50.279998779296875,808800,2026-09-30
2011-03-01,38.07147979736328,49.369998931884766,50.5,49.34000015258789,50.5,777500,2026-09-30
2011-03-02,38.18715286254883,49.52000045776367,49.7400016784668,49.220001220703125,49.33000183105469,726800,2026-09-30
2011-03-03,38.88117218017578,50.41999816894531,50.470001220703125,49.97999954223633,50.02000045776367,1071600,2026-09-30
2011-03-04,38.6266975402832,50.09000015258789,50.43000030517578,49.72999954223633,50.43000030517578,1023700,2026-09-30
2011-03-07,38.24884033203125,49.599998474121094,50.36000061035156,49.29999923706055,50.349998474121094,552700,2026-09-30
2011-03-08,38.60356903076172,50.060001373291016,50.2400016784668,49.41999816894531,49.72999954223633,2025500,2026-09-30
2011-03-09,38.5341682434082,49.970001220703125,50.119998931884766,49.63999938964844,50.02000045776367,468700,2026-09-30
2011-03-10,37.793880462646484,49.0099983215332,49.5,48.97999954223633,49.5,856900,2026-09-30
2011-03-11,38.14860153198242,49.470001220703125,49.619998931884766,48.81999969482422,48.81999969482422,1232800,2026-09-30
2011-03-14,37.9095458984375,49.15999984741211,49.369998931884766,48.79999923706055,49.099998474121094,988600,2026-09-30
2011-03-15,37.56251907348633,48.709999084472656,48.9900016784668,47.709999084472656,48.0,2527300,2026-09-30
2011-03-16,36.937896728515625,47.900001525878906,48.79999923706055,47.560001373291016,48.58000183105469,2184600,2026-09-30
2011-03-17,37.33889389038086,48.41999816894531,48.70000076293945,48.209999084472656,48.61000061035156,848800,2026-09-30
2011-03-18,37.56344985961914,48.5099983215332,48.90999984741211,48.369998931884766,48.90999984741211,805200,2026-09-30
2011-03-21,38.11323165893555,49.220001220703125,49.31999969482422,49.0099983215332,49.11000061035156,1044000,2026-09-30
2011-03-22,37.935115814208984,48.9900016784668,49.29999923706055,48.959999084472656,49.2599983215332,1572800,2026-09-30
2011-03-23,38.0822639465332,49.18000030517578,49.29999923706055,48.61000061035156,48.849998474121094,422500,2026-09-30
2011-03-24,38.4926643371582,49.709999084472656,49.77000045776367,49.189998626708984,49.41999816894531,450000,2026-09-30
2011-03-25,38.632049560546875,49.88999938964844,50.119998931884766,49.709999084472656,49.81999969482422,660900,2026-09-30
2011-03-28,38.4771728515625,49.689998626708984,50.099998474121094,49.689998626708984,50.029998779296875,913000,2026-09-30
2011-03-29,38.74045944213867,50.029998779296875,50.04999923706055,49.459999084472656,49.66999816894531,1956200,2026-09-30
2011-03-30,39.10439682006836,50.5,50.56999969482422,50.25,50.380001068115234,778200,2026-09-30
2011-03-31,39.07343292236328,50.459999084472656,50.56999969482422,50.33000183105469,50.439998626708984,413200,2026-09-30
2011-04-01,39.27476119995117,50.720001220703125,50.95000076293945,50.59000015258789,50.79999923706055,561400,2026-09-30
2011-04-04,39.28249740600586,50.72999954223633,50.93000030517578,50.560001373291016,50.880001068115234,1284200,2026-09-30
2011-04-05,39.38317108154297,50.86000061035156,51.099998474121094,50.65999984741211,50.66999816894531,496900,2026-09-30
2011-04-06,39.46833801269531,50.970001220703125,51.16999816894531,50.7599983215332,51.029998779296875,841000,2026-09-30
2011-04-07,39.38317108154297,50.86000061035156,51.09000015258789,50.599998474121094,50.95000076293945,838400,2026-09-30
2011-04-08,39.14311218261719,50.54999923706055,51.11000061035156,50.349998474121094,51.06999969482422,389800,2026-09-30
2011-04-11,38.988250732421875,50.349998474121094,50.77000045776367,50.22999954223633,50.61000061035156,347700,2026-09-30
2011-04-12,38.73271942138672,50.02000045776367,50.220001220703125,49.84000015258789,50.119998931884766,1065000,2026-09-30
2011-04-13,38.77144241333008,50.06999969482422,50.349998474121094,49.86000061035156,50.279998779296875,465300,2026-09-30
2011-04-14,38.817893981933594,50.130001068115234,50.20000076293945,49.599998474121094,49.790000915527344,581700,2026-09-30
2011-04-15,39.07343292236328,50.459999084472656,50.529998779296875,50.119998931884766,50.220001220703125,414300,2026-09-30
2011-04-18,38.585594177246094,49.83000183105469,49.95000076293945,49.4900016784668,49.880001068115234,595600,2026-09-30
2011-04-19,38.78691482543945,50.09000015258789,50.119998931884766,49.790000915527344,49.970001220703125,540200,2026-09-30
2011-04-20,39.398651123046875,50.880001068115234,50.970001220703125,50.72999954223633,50.75,2453000,2026-09-30
2011-04-21,39.615474700927734,51.15999984741211,51.209999084472656,50.939998626708984,51.209999084472656,449200,2026-09-30
2011-04-25,39.5612678527832,51.09000015258789,51.20000076293945,50.91999816894531,51.20000076293945,533000,2026-09-30
2011-04-26,39.87873458862305,51.5,51.619998931884766,51.209999084472656,51.279998779296875,755400,2026-09-30
2011-04-27,40.08006286621094,51.7599983215332,51.83000183105469,51.36000061035156,51.63999938964844,687500,2026-09-30
2011-04-28,40.219459533691406,51.939998626708984,52.0,51.709999084472656,51.72999954223633,551700,2026-09-30
2011-04-29,40.29689025878906,52.040000915527344,52.08000183105469,51.869998931884766,51.9900016784668,475000,2026-09-30
2011-05-02,40.219459533691406,51.939998626708984,52.33000183105469,51.849998474121094,52.279998779296875,736900,2026-09-30
2011-05-03,39.994895935058594,51.650001525878906,51.900001525878906,51.38999938964844,51.779998779296875,477400,2026-09-30
2011-05-04,39.7083854675293,51.279998779296875,51.630001068115234,51.0099983215332,51.630001068115234,721000,2026-09-30
2011-05-05,39.5070686340332,51.02000045776367,51.5,50.790000915527344,51.040000915527344,636200,2026-09-30
2011-05-06,39.66966247558594,51.22999954223633,51.790000915527344,51.02000045776367,51.54999923706055,395200,2026-09-30
2011-05-09,39.87873458862305,51.5,51.61000061035156,51.16999816894531,51.290000915527344,315500,2026-09-30
2011-05-10,40.320125579833984,52.06999969482422,52.150001525878906,51.650001525878906,51.709999084472656,637100,2026-09-30
2011-05-11,39.894248962402344,51.52000045776367,52.02000045776367,51.27000045776367,52.02000045776367,432000,2026-09-30
2011-05-12,40.15749740600586,51.86000061035156,51.939998626708984,51.150001525878906,51.41999816894531,531000,2026-09-30
2011-05-13,39.82453536987305,51.43000030517578,51.95000076293945,51.279998779296875,51.93000030517578,505500,2026-09-30
2011-05-16,39.59222412109375,51.130001068115234,51.689998626708984,51.04999923706055,51.29999923706055,483800,2026-09-30
2011-05-17,39.52254867553711,51.040000915527344,51.13999938964844,50.650001525878906,50.95000076293945,1600200,2026-09-30
2011-05-18,39.93294906616211,51.56999969482422,51.63999938964844,51.0,51.11000061035156,656900,2026-09-30
2011-05-19,40.033607482910156,51.70000076293945,51.83000183105469,51.40999984741211,51.810001373291016,441800,2026-09-30
2011-05-20,39.75484848022461,51.34000015258789,51.63999938964844,51.15999984741211,51.619998931884766,604300,2026-09-30
2011-05-23,39.228294372558594,50.65999984741211,50.849998474121094,50.5099983215332,50.63999938964844,635300,2026-09-30
2011-05-24,39.166343688964844,50.58000183105469,50.939998626708984,50.459999084472656,50.849998474121094,953900,2026-09-30
2011-05-25,39.29798126220703,50.75,50.939998626708984,50.290000915527344,50.310001373291016,423100,2026-09-30
2011-05-26,39.51478576660156,51.029998779296875,51.119998931884766,50.5,50.630001068115234,375500,2026-09-30
2011-05-27,39.7083854675293,51.279998779296875,51.38999938964844,51.11000061035156,51.15999984741211,526300,2026-09-30
2011-05-31,40.049110412597656,51.720001220703125,51.779998779296875,51.31999969482422,51.779998779296875,550000,2026-09-30
2011-06-01,39.10439682006836,50.5,51.65999984741211,50.470001220703125,51.65999984741211,489200,2026-09-30
2011-06-02,39.06568908691406,50.45000076293945,50.709999084472656,50.15999984741211,50.59000015258789,557000,2026-09-30
2011-06-03,38.57786560058594,49.81999969482422,50.27000045776367,49.75,49.869998931884766,830200,2026-09-30
2011-06-06,38.0822639465332,49.18000030517578,49.790000915527344,49.15999984741211,49.63999938964844,1676200,2026-09-30
2011-06-07,38.17517852783203,49.29999923706055,49.70000076293945,49.27000045776367,49.5,1670500,2026-09-30
2011-06-08,37.896427154541016,48.939998626708984,49.25,48.86000061035156,49.18000030517578,974500,2026-09-30
2011-06-09,38.17517852783203,49.29999923706055,49.5,48.95000076293945,49.04999923706055,589600,2026-09-30
2011-06-10,37.609920501708984,48.56999969482422,49.150001525878906,48.4900016784668,49.150001525878906,856900,2026-09-30
2011-06-13,37.58668518066406,48.540000915527344,48.849998474121094,48.29999923706055,48.68000030517578,1086200,2026-09-30
2011-06-14,38.19066619873047,49.31999969482422,49.459999084472656,49.0099983215332,49.02000045776367,662700,2026-09-30
2011-06-15,37.509246826171875,48.439998626708984,49.09000015258789,48.33000183105469,48.970001220703125,1018100,2026-09-30
2011-06-16,37.509246826171875,48.439998626708984,48.75,48.060001373291016,48.439998626708984,1550200,2026-09-30
2011-06-17,37.67240905761719,48.4900016784668,48.81999969482422,48.349998474121094,48.709999084472656,810300,2026-09-30
2011-06-20,37.92877960205078,48.81999969482422,48.93000030517578,48.369998931884766,48.369998931884766,746000,2026-09-30
2011-06-21,38.53478240966797,49.599998474121094,49.66999816894531,49.060001373291016,49.099998474121094,2701900,2026-09-30
2011-06-22,38.317230224609375,49.31999969482422,49.7599983215332,49.279998779296875,49.4900016784668,1595800,2026-09-30
2011-06-23,38.23955535888672,49.220001220703125,49.25,48.34000015258789,48.68000030517578,1492100,2026-09-30
2011-06-24,37.82000732421875,48.68000030517578,49.27000045776367,48.599998474121094,49.2599983215332,421800,2026-09-30
2011-06-27,38.07638931274414,49.0099983215332,49.16999816894531,48.54999923706055,48.689998626708984,563500,2026-09-30
2011-06-28,38.6202278137207,49.709999084472656,49.7400016784668,49.15999984741211,49.209999084472656,1066500,2026-09-30
2011-06-29,38.96207046508789,50.150001525878906,50.2599983215332,49.7400016784668,49.9900016784668,825000,2026-09-30
2011-06-30,39.327213287353516,50.619998931884766,50.70000076293945,50.2599983215332,50.34000015258789,881800,2026-09-30
2011-07-01,39.92544937133789,51.38999938964844,51.47999954223633,50.54999923706055,50.650001525878906,1035200,2026-09-30
2011-07-05,39.83219909667969,51.27000045776367,51.41999816894531,51.06999969482422,51.369998931884766,1647900,2026-09-30
2011-07-06,39.855533599853516,51.29999923706055,51.349998474121094,50.970001220703125,51.20000076293945,2065300,2026-09-30
2011-07-07,40.33719253540039,51.91999816894531,52.040000915527344,51.720001220703125,51.810001373291016,1743300,2026-09-30
2011-07-08,39.979820251464844,51.459999084472656,51.459999084472656,51.029998779296875,51.349998474121094,1100800,2026-09-30
2011-07-11,39.13298797607422,50.369998931884766,50.93000030517578,50.2400016784668,50.88999938964844,678200,2026-09-30
2011-07-12,38.969844818115234,50.15999984741211,50.630001068115234,50.08000183105469,50.20000076293945,1517300,2026-09-30
2011-07-13,39.055301666259766,50.27000045776367,50.849998474121094,50.15999984741211,50.33000183105469,880400,2026-09-30
2011-07-14,38.65907669067383,49.7599983215332,50.56999969482422,49.65999984741211,50.36000061035156,868200,2026-09-30
2011-07-15,38.87660217285156,50.040000915527344,50.060001373291016,49.63999938964844,50.060001373291016,588800,2026-09-30
2011-07-18,38.41046142578125,49.439998626708984,49.86000061035156,49.119998931884766,49.84000015258789,538700,2026-09-30
2011-07-19,39.08638381958008,50.310001373291016,50.369998931884766,49.790000915527344,49.790000915527344,423600,2026-09-30
2011-07-20,39.070858001708984,50.290000915527344,50.5,50.15999984741211,50.4900016784668,621500,2026-09-30
2011-07-21,39.5836067199707,50.95000076293945,51.08000183105469,50.439998626708984,50.560001373291016,1408500,2026-09-30
2011-07-22,39.6224479675293,51.0,51.08000183105469,50.65999984741211,50.97999954223633,808300,2026-09-30
2011-07-25,39.37382507324219,50.68000030517578,50.939998626708984,50.43000030517578,50.4900016784668,536200,2026-09-30
2011-07-26,39.19513702392578,50.45000076293945,50.70000076293945,50.34000015258789,50.68000030517578,721900,2026-09-30
2011-07-27,38.262847900390625,49.25,50.209999084472656,49.220001220703125,50.16999816894531,1034200,2026-09-30
2011-07-28,38.091941833496094,49.029998779296875,49.689998626708984,48.959999084472656,49.2400016784668,1213000,2026-09-30
2011-07-29,37.90546417236328,48.790000915527344,49.2400016784668,48.27000045776367,48.599998474121094,954100,2026-09-30
2011-08-01,37.61801528930664,48.41999816894531,49.65999984741211,48.0,49.65999984741211,1606300,2026-09-30
2011-08-02,36.47595977783203,46.95000076293945,48.290000915527344,46.95000076293945,48.04999923706055,2396800,2026-09-30
2011-08-03,36.70125961303711,47.2400016784668,47.25,46.08000183105469,46.959999084472656,5647500,2026-09-30
2011-08-04,34.758995056152344,44.7400016784668,46.560001373291016,44.720001220703125,46.560001373291016,3448200,2026-09-30
2011-08-05,34.62690734863281,44.56999969482422,45.5,43.369998931884766,45.41999816894531,3477800,2026-09-30
2011-08-08,32.08641815185547,41.29999923706055,43.7599983215332,41.189998626708984,43.27000045776367,4469300,2026-09-30
2011-08-09,33.71015548706055,43.38999938964844,43.400001525878906,40.70000076293945,41.72999954223633,4033500,2026-09-30
2011-08-10,32.26511001586914,41.529998779296875,43.09000015258789,41.47999954223633,42.54999923706055,2628300,2026-09-30
2011-08-11,33.919925689697266,43.65999984741211,44.209999084472656,41.7400016784668,41.93000030517578,1865700,2026-09-30
2011-08-12,34.10637283325195,43.900001525878906,44.34000015258789,43.560001373291016,44.11000061035156,2156400,2026-09-30
2011-08-15,34.937679290771484,44.970001220703125,44.97999954223633,44.279998779296875,44.31999969482422,1897100,2026-09-30
2011-08-16,34.525909423828125,44.439998626708984,44.91999816894531,43.9900016784668,44.54999923706055,1233500,2026-09-30
2011-08-17,34.46375274658203,44.36000061035156,45.04999923706055,44.0,44.650001525878906,1345600,2026-09-30
2011-08-18,32.79340744018555,42.209999084472656,43.150001525878906,41.83000183105469,43.150001525878906,2700700,2026-09-30
2011-08-19,32.249576568603516,41.5099983215332,42.77000045776367,41.470001220703125,41.599998474121094,1370900,2026-09-30
2011-08-22,32.296199798583984,41.56999969482422,42.54999923706055,41.41999816894531,42.290000915527344,922500,2026-09-30
2011-08-23,33.46931457519531,43.08000183105469,43.08000183105469,41.47999954223633,41.709999084472656,1333200,2026-09-30
2011-08-24,33.97431182861328,43.72999954223633,43.779998779296875,42.83000183105469,43.02000045776367,1436400,2026-09-30
2011-08-25,33.32947540283203,42.900001525878906,44.209999084472656,42.779998779296875,43.93000030517578,878800,2026-09-30
2011-08-26,33.927703857421875,43.66999816894531,43.900001525878906,41.970001220703125,42.650001525878906,985000,2026-09-30
2011-08-29,35.10082244873047,45.18000030517578,45.209999084472656,44.2400016784668,44.290000915527344,686300,2026-09-30
2011-08-30,35.24845504760742,45.369998931884766,45.70000076293945,44.63999938964844,45.02000045776367,2161300,2026-09-30
2011-08-31,35.49703598022461,45.689998626708984,46.20000076293945,45.310001373291016,45.709999084472656,2297800,2026-09-30
2011-09-01,35.007591247558594,45.060001373291016,46.08000183105469,45.02000045776367,45.65999984741211,1590900,2026-09-30
2011-09-02,33.98985290527344,43.75,44.31999969482422,43.63999938964844,44.15999984741211,1867400,2026-09-30
2011-09-06,33.76454162597656,43.459999084472656,43.5,42.369998931884766,42.529998779296875,910700,2026-09-30
2011-09-07,34.89107131958008,44.90999984741211,44.91999816894531,44.040000915527344,44.099998474121094,595900,2026-09-30
2011-09-08,34.424922943115234,44.310001373291016,45.08000183105469,44.18000030517578,44.59000015258789,2198600,2026-09-30
2011-09-09,33.48483657836914,43.099998474121094,43.970001220703125,42.83000183105469,43.81999969482422,845200,2026-09-30
2011-09-12,33.69460678100586,43.369998931884766,43.40999984741211,42.349998474121094,42.5,1014200,2026-09-30
2011-09-13,34.098594665527344,43.88999938964844,44.040000915527344,43.189998626708984,43.470001220703125,1344400,2026-09-30
2011-09-14,34.62690734863281,44.56999969482422,45.09000015258789,43.47999954223633,44.13999938964844,789700,2026-09-30
2011-09-15,35.201820373535156,45.310001373291016,45.34000015258789,44.59000015258789,45.09000015258789,976400,2026-09-30
2011-09-16,35.349998474121094,45.33000183105469,45.61000061035156,44.939998626708984,45.310001373291016,664400,2026-09-30
2011-09-19,34.8899040222168,44.7400016784668,45.0,44.16999816894531,44.470001220703125,1045300,2026-09-30
2011-09-20,34.741722106933594,44.54999923706055,45.380001068115234,44.5099983215332,44.91999816894531,914700,2026-09-30
2011-09-21,33.50958251953125,42.970001220703125,44.68000030517578,42.970001220703125,44.540000915527344,845400,2026-09-30
2011-09-22,32.394405364990234,41.540000915527344,42.09000015258789,40.93000030517578,41.810001373291016,3336800,2026-09-30
2011-09-23,32.620567321777344,41.83000183105469,42.099998474121094,41.209999084472656,41.25,2802100,2026-09-30
2011-09-26,33.43159866333008,42.869998931884766,42.93000030517578,41.540000915527344,42.310001373291016,1071400,2026-09-30
2011-09-27,33.883907318115234,43.45000076293945,44.279998779296875,43.189998626708984,43.88999938964844,1090000,2026-09-30
2011-09-28,32.94809341430664,42.25,43.70000076293945,42.22999954223633,43.5099983215332,843500,2026-09-30
2011-09-29,33.22103500366211,42.599998474121094,43.2400016784668,41.7599983215332,42.970001220703125,1206900,2026-09-30
2011-09-30,32.28523254394531,41.400001525878906,42.279998779296875,41.380001068115234,42.02000045776367,851200,2026-09-30
2011-10-03,31.10768699645996,39.88999938964844,41.66999816894531,39.88999938964844,41.08000183105469,2085400,2026-09-30
2011-10-04,32.02009963989258,41.060001373291016,41.150001525878906,39.029998779296875,39.459999084472656,3600000,2026-09-30
2011-10-05,32.74534225463867,41.9900016784668,42.119998931884766,40.81999969482422,41.189998626708984,1813100,2026-09-30
2011-10-06,33.50178527832031,42.959999084472656,43.0,41.70000076293945,41.959999084472656,1677700,2026-09-30
2011-10-07,33.12746047973633,42.47999954223633,43.29999923706055,42.20000076293945,43.29999923706055,1283500,2026-09-30
2011-10-10,34.28162384033203,43.959999084472656,43.959999084472656,43.13999938964844,43.2400016784668,641000,2026-09-30
2011-10-11,34.32840347290039,44.02000045776367,44.13999938964844,43.599998474121094,43.68000030517578,789100,2026-09-30
2011-10-12,34.6949348449707,44.4900016784668,45.040000915527344,44.279998779296875,44.380001068115234,1714700,2026-09-30
2011-10-13,34.59355163574219,44.36000061035156,44.54999923706055,43.7400016784668,44.2400016784668,845300,2026-09-30
2011-10-14,35.19401931762695,45.130001068115234,45.150001525878906,44.56999969482422,44.970001220703125,1030200,2026-09-30
2011-10-17,34.39080047607422,44.099998474121094,44.97999954223633,43.9900016784668,44.97999954223633,926600,2026-09-30
2011-10-18,35.209625244140625,45.150001525878906,45.5,43.619998931884766,44.06999969482422,908800,2026-09-30
2011-10-19,34.76511764526367,44.58000183105469,45.380001068115234,44.41999816894531,45.060001373291016,1550900,2026-09-30
2011-10-20,34.92887878417969,44.790000915527344,44.95000076293945,43.9900016784668,44.77000045776367,959500,2026-09-30
2011-10-21,35.771114349365234,45.869998931884766,45.90999984741211,45.380001068115234,45.45000076293945,1856100,2026-09-30
2011-10-24,36.44175720214844,46.72999954223633,46.86000061035156,45.939998626708984,46.0099983215332,7201400,2026-09-30
2011-10-25,35.615142822265625,45.66999816894531,46.5,45.56999969482422,46.45000076293945,3560200,2026-09-30
2011-10-26,36.005062103271484,46.16999816894531,46.380001068115234,45.310001373291016,46.189998626708984,1157900,2026-09-30
2011-10-27,37.46334457397461,48.040000915527344,48.400001525878906,47.15999984741211,47.63999938964844,4181300,2026-09-30
2011-10-28,37.48674774169922,48.06999969482422,48.18000030517578,47.75,47.88999938964844,2019100,2026-09-30
2011-10-31,36.504154205322266,46.810001373291016,47.59000015258789,46.75,47.56999969482422,2122800,2026-09-30
2011-11-01,35.37338638305664,45.36000061035156,46.0,45.060001373291016,45.45000076293945,8451600,2026-09-30
2011-11-02,36.04405212402344,46.220001220703125,46.41999816894531,45.689998626708984,46.04999923706055,4921500,2026-09-30
2011-11-03,36.761497497558594,47.13999938964844,47.2599983215332,45.959999084472656,46.709999084472656,889400,2026-09-30
2011-11-04,36.62113571166992,46.959999084472656,47.09000015258789,46.290000915527344,46.81999969482422,834200,2026-09-30
2011-11-07,36.792694091796875,47.18000030517578,47.209999084472656,46.34000015258789,46.95000076293945,569100,2026-09-30
2011-11-08,37.20599365234375,47.709999084472656,47.779998779296875,46.84000015258789,47.36000061035156,912400,2026-09-30
2011-11-09,35.67752456665039,45.75,46.689998626708984,45.66999816894531,46.56999969482422,1014600,2026-09-30
2011-11-10,35.997257232666016,46.15999984741211,46.47999954223633,45.720001220703125,46.470001220703125,632600,2026-09-30
2011-11-11,36.792694091796875,47.18000030517578,47.34000015258789,46.72999954223633,46.849998474121094,667000,2026-09-30
2011-11-14,36.45736312866211,46.75,47.09000015258789,46.4900016784668,47.0,345700,2026-09-30
2011-11-15,36.61333084106445,46.95000076293945,47.18000030517578,46.29999923706055,46.540000915527344,646200,2026-09-30
2011-11-16,35.981666564941406,46.13999938964844,47.029998779296875,46.099998474121094,46.459999084472656,326600,2026-09-30
2011-11-17,35.303199768066406,45.27000045776367,46.130001068115234,44.95000076293945,46.04999923706055,1266900,2026-09-30
2011-11-18,35.23300552368164,45.18000030517578,45.52000045776367,45.0,45.41999816894531,1153100,2026-09-30
2011-11-21,34.585750579833984,44.349998474121094,44.59000015258789,43.91999816894531,44.43000030517578,1423700,2026-09-30
2011-11-22,34.39080047607422,44.099998474121094,44.5,43.84000015258789,44.29999923706055,546800,2026-09-30
2011-11-23,33.57196807861328,43.04999923706055,43.689998626708984,43.040000915527344,43.689998626708984,1564000,2026-09-30
2011-11-25,33.50178527832031,42.959999084472656,43.459999084472656,42.06999969482422,42.88999938964844,621500,2026-09-30
2011-11-28,34.554569244384766,44.310001373291016,44.529998779296875,43.959999084472656,44.20000076293945,1760400,2026-09-30
2011-11-29,34.624759674072266,44.400001525878906,44.72999954223633,44.22999954223633,44.38999938964844,980900,2026-09-30
2011-11-30,36.184417724609375,46.400001525878906,46.45000076293945,45.720001220703125,45.7599983215332,858400,2026-09-30
2011-12-01,36.16102981567383,46.369998931884766,46.68000030517578,46.189998626708984,46.38999938964844,706300,2026-09-30
2011-12-02,36.12203598022461,46.31999969482422,47.0,46.25,46.84000015258789,749500,2026-09-30
2011-12-05,36.550941467285156,46.869998931884766,47.290000915527344,46.599998474121094,47.060001373291016,687100,2026-09-30
2011-12-06,36.527549743652344,46.84000015258789,47.119998931884766,46.61000061035156,46.93000030517578,1079400,2026-09-30
2011-12-07,36.57434844970703,46.900001525878906,47.06999969482422,46.20000076293945,46.70000076293945,499600,2026-09-30
2011-12-08,35.654136657714844,45.720001220703125,46.61000061035156,45.61000061035156,46.540000915527344,614100,2026-09-30
2011-12-09,36.324798583984375,46.58000183105469,46.689998626708984,45.84000015258789,45.84000015258789,409500,2026-09-30
2011-12-12,35.75550079345703,45.849998474121094,46.22999954223633,45.45000076293945,46.22999954223633,535900,2026-09-30
2011-12-13,35.21742248535156,45.15999984741211,46.29999923706055,44.939998626708984,46.060001373291016,2512700,2026-09-30
2011-12-14,34.81190872192383,44.63999938964844,45.119998931884766,44.540000915527344,44.939998626708984,1109300,2026-09-30
2011-12-15,34.97566604614258,44.849998474121094,45.25,44.7400016784668,45.099998474121094,923300,2026-09-30
2011-12-16,35.0665168762207,44.779998779296875,45.33000183105469,44.650001525878906,44.939998626708984,381300,2026-09-30
2011-12-19,34.58100128173828,44.15999984741211,45.06999969482422,44.04999923706055,44.900001525878906,419500,2026-09-30
2011-12-20,35.724300384521484,45.619998931884766,45.720001220703125,44.849998474121094,44.849998474121094,606300,2026-09-30
2011-12-21,35.8574333190918,45.790000915527344,45.849998474121094,45.18000030517578,45.619998931884766,591300,2026-09-30
2011-12-22,36.26463317871094,46.310001373291016,46.380001068115234,45.86000061035156,45.9900016784668,779600,2026-09-30
2011-12-23,36.55437469482422,46.68000030517578,46.68000030517578,46.34000015258789,46.40999984741211,527200,2026-09-30
2011-12-27,36.53870391845703,46.65999984741211,46.77000045776367,46.470001220703125,46.529998779296875,550100,2026-09-30
2011-12-28,36.02186965942383,46.0,46.650001525878906,45.91999816894531,46.630001068115234,433500,2026-09-30
2011-12-29,36.40559005737305,46.4900016784668,46.540000915527344,46.06999969482422,46.06999969482422,515700,2026-09-30
2011-12-30,36.24114990234375,46.279998779296875,46.560001373291016,46.279998779296875,46.5099983215332,709500,2026-09-30
2012-01-03,36.79713439941406,46.9900016784668,47.43000030517578,46.95000076293945,47.13999938964844,632100,2026-09-30
2012-01-04,36.765804290771484,46.95000076293945,47.04999923706055,46.61000061035156,46.88999938964844,960900,2026-09-30
2012-01-05,36.91458511352539,47.13999938964844,47.22999954223633,46.41999816894531,46.7599983215332,880500,2026-09-30
2012-01-06,36.86760330200195,47.08000183105469,47.2599983215332,46.880001068115234,47.2599983215332,835400,2026-09-30
2012-01-09,36.969398498535156,47.209999084472656,47.29999923706055,46.959999084472656,47.150001525878906,353300,2026-09-30
2012-01-10,37.447086334228516,47.81999969482422,47.90999984741211,47.720001220703125,47.810001373291016,553800,2026-09-30
2012-01-11,37.501888275146484,47.88999938964844,47.959999084472656,47.599998474121094,47.7400016784668,1061200,2026-09-30
2012-01-12,37.65851593017578,48.09000015258789,48.150001525878906,47.619998931884766,48.08000183105469,659200,2026-09-30
2012-01-13,37.43142318725586,47.79999923706055,47.810001373291016,47.369998931884766,47.79999923706055,618200,2026-09-30
2012-01-17,37.50973892211914,47.900001525878906,48.33000183105469,47.810001373291016,48.279998779296875,594100,2026-09-30
2012-01-18,38.05788040161133,48.599998474121094,48.619998931884766,47.810001373291016,47.959999084472656,443000,2026-09-30
2012-01-19,38.34763717651367,48.970001220703125,49.060001373291016,48.68000030517578,48.79999923706055,1474200,2026-09-30
2012-01-20,38.3006477355957,48.90999984741211,48.93000030517578,48.72999954223633,48.86000061035156,514900,2026-09-30
2012-01-23,38.324134826660156,48.939998626708984,49.25,48.720001220703125,48.939998626708984,779700,2026-09-30
2012-01-24,38.38678741455078,49.02000045776367,49.040000915527344,48.560001373291016,48.7400016784668,641500,2026-09-30
2012-01-25,38.77049255371094,49.5099983215332,49.599998474121094,48.70000076293945,48.939998626708984,1214200,2026-09-30
2012-01-26,38.512081146240234,49.18000030517578,49.869998931884766,48.970001220703125,49.77000045776367,1186600,2026-09-30
2012-01-27,38.527748107910156,49.20000076293945,49.33000183105469,48.93000030517578,48.97999954223633,407300,2026-09-30
2012-01-30,38.308467864990234,48.91999816894531,48.9900016784668,48.47999954223633,48.779998779296875,452500,2026-09-30
2012-01-31,38.3006477355957,48.90999984741211,49.290000915527344,48.65999984741211,49.20000076293945,517300,2026-09-30
2012-02-01,38.801822662353516,49.54999923706055,49.75,49.2599983215332,49.31999969482422,680500,2026-09-30
2012-02-02,38.85663604736328,49.619998931884766,49.7599983215332,49.439998626708984,49.63999938964844,556300,2026-09-30
2012-02-03,39.49875259399414,50.439998626708984,50.5,50.08000183105469,50.099998474121094,954000,2026-09-30
2012-02-06,39.43612289428711,50.36000061035156,50.400001525878906,50.150001525878906,50.22999954223633,380200,2026-09-30
2012-02-07,39.51443862915039,50.459999084472656,50.54999923706055,50.02000045776367,50.290000915527344,428700,2026-09-30
2012-02-08,39.63972854614258,50.619998931884766,50.709999084472656,50.29999923706055,50.41999816894531,481600,2026-09-30
2012-02-09,39.68670654296875,50.68000030517578,50.790000915527344,50.31999969482422,50.630001068115234,518400,2026-09-30
2012-02-10,39.381317138671875,50.290000915527344,50.349998474121094,50.029998779296875,50.2599983215332,641100,2026-09-30
2012-02-13,39.61622619628906,50.59000015258789,50.709999084472656,50.33000183105469,50.65999984741211,495500,2026-09-30
2012-02-14,39.55358123779297,50.5099983215332,50.54999923706055,50.18000030517578,50.470001220703125,359300,2026-09-30
2012-02-15,39.43612289428711,50.36000061035156,50.810001373291016,50.2599983215332,50.779998779296875,1383800,2026-09-30
2012-02-16,39.92945861816406,50.9900016784668,51.060001373291016,50.31999969482422,50.349998474121094,453800,2026-09-30
2012-02-17,40.03909683227539,51.130001068115234,51.2599983215332,50.959999084472656,51.2400016784668,258900,2026-09-30
2012-02-21,39.92164611816406,50.97999954223633,51.31999969482422,50.83000183105469,51.209999084472656,454800,2026-09-30
2012-02-22,39.74151611328125,50.75,51.029998779296875,50.65999984741211,50.869998931884766,611400,2026-09-30
2012-02-23,39.97646713256836,51.04999923706055,51.09000015258789,50.560001373291016,50.75,398800,2026-09-30
2012-02-24,40.0234375,51.11000061035156,51.310001373291016,51.040000915527344,51.11000061035156,428200,2026-09-30
2012-02-27,40.070404052734375,51.16999816894531,51.33000183105469,50.66999816894531,50.810001373291016,449900,2026-09-30
2012-02-28,40.10958480834961,51.220001220703125,51.34000015258789,51.02000045776367,51.20000076293945,346500,2026-09-30
2012-02-29,39.83551025390625,50.869998931884766,51.400001525878906,50.81999969482422,51.290000915527344,679500,2026-09-30
2012-03-01,40.078243255615234,51.18000030517578,51.310001373291016,50.97999954223633,51.029998779296875,620700,2026-09-30
2012-03-02,39.89030838012695,50.939998626708984,51.2599983215332,50.83000183105469,51.11000061035156,222600,2026-09-30
2012-03-05,39.63972854614258,50.619998931884766,50.84000015258789,50.459999084472656,50.790000915527344,608000,2026-09-30
2012-03-06,38.95061492919922,49.7400016784668,50.09000015258789,49.630001068115234,50.06999969482422,945400,2026-09-30
2012-03-07,39.27167892456055,50.150001525878906,50.22999954223633,49.84000015258789,49.90999984741211,449700,2026-09-30
2012-03-08,39.74151611328125,50.75,50.849998474121094,50.36000061035156,50.47999954223633,406900,2026-09-30
2012-03-09,40.007774353027344,51.09000015258789,51.2400016784668,50.81999969482422,50.88999938964844,638800,2026-09-30
2012-03-12,39.90597152709961,50.959999084472656,51.150001525878906,50.83000183105469,51.09000015258789,204900,2026-09-30
2012-03-13,40.65773391723633,51.91999816894531,51.95000076293945,51.18000030517578,51.22999954223633,398000,2026-09-30
2012-03-14,40.55594253540039,51.790000915527344,52.060001373291016,51.63999938964844,52.0099983215332,526300,2026-09-30
2012-03-15,40.88481903076172,52.209999084472656,52.25,51.66999816894531,51.810001373291016,444100,2026-09-30
2012-03-16,40.93275451660156,52.09000015258789,52.189998626708984,52.0,52.130001068115234,401800,2026-09-30
2012-03-19,41.04278564453125,52.22999954223633,52.43000030517578,52.0,52.04999923706055,473700,2026-09-30
2012-03-20,40.83847427368164,51.970001220703125,52.029998779296875,51.68000030517578,51.88999938964844,424700,2026-09-30
2012-03-21,40.79130172729492,51.90999984741211,52.08000183105469,51.779998779296875,52.02000045776367,762400,2026-09-30
2012-03-22,40.43769836425781,51.459999084472656,51.619998931884766,51.2599983215332,51.5099983215332,429700,2026-09-30
2012-03-23,40.60272216796875,51.66999816894531,51.709999084472656,51.13999938964844,51.529998779296875,642400,2026-09-30
2012-03-26,41.11349868774414,52.31999969482422,52.34000015258789,52.04999923706055,52.060001373291016,348700,2026-09-30
2012-03-27,41.019203186035156,52.20000076293945,52.47999954223633,52.15999984741211,52.439998626708984,607000,2026-09-30
2012-03-28,40.68130874633789,51.77000045776367,52.20000076293945,51.470001220703125,52.130001068115234,345000,2026-09-30
2012-03-29,40.64200973510742,51.720001220703125,51.779998779296875,51.20000076293945,51.459999084472656,522800,2026-09-30
2012-03-30,40.759883880615234,51.869998931884766,52.029998779296875,51.599998474121094,51.97999954223633,362400,2026-09-30
2012-04-02,41.07420349121094,52.27000045776367,52.45000076293945,51.709999084472656,51.81999969482422,657300,2026-09-30
2012-04-03,40.924903869628906,52.08000183105469,52.29999923706055,51.72999954223633,52.220001220703125,813500,2026-09-30
2012-04-04,40.45342254638672,51.47999954223633,51.70000076293945,51.31999969482422,51.630001068115234,544500,2026-09-30
2012-04-05,40.3355598449707,51.33000183105469,51.56999969482422,51.22999954223633,51.290000915527344,531600,2026-09-30
2012-04-09,39.809043884277344,50.65999984741211,50.81999969482422,50.5,50.650001525878906,496200,2026-09-30
2012-04-10,39.078250885009766,49.72999954223633,50.68000030517578,49.689998626708984,50.52000045776367,2312500,2026-09-30
2012-04-11,39.43973159790039,50.189998626708984,50.40999984741211,50.13999938964844,50.27000045776367,817400,2026-09-30
2012-04-12,40.084083557128906,51.0099983215332,51.060001373291016,50.220001220703125,50.2599983215332,481700,2026-09-30
2012-04-13,39.61259841918945,50.40999984741211,50.970001220703125,50.40999984741211,50.869998931884766,423600,2026-09-30
2012-04-16,39.6204719543457,50.41999816894531,50.79999923706055,50.20000076293945,50.720001220703125,741200,2026-09-30
2012-04-17,40.178382873535156,51.130001068115234,51.27000045776367,50.68000030517578,50.7400016784668,375300,2026-09-30
2012-04-18,40.013362884521484,50.91999816894531,51.06999969482422,50.81999969482422,50.849998474121094,409400,2026-09-30
2012-04-19,39.84833526611328,50.709999084472656,51.2400016784668,50.470001220703125,50.869998931884766,400500,2026-09-30
2012-04-20,39.91907501220703,50.79999923706055,51.09000015258789,50.779998779296875,50.900001525878906,1765800,2026-09-30
2012-04-23,39.494720458984375,50.2599983215332,50.31999969482422,49.90999984741211,50.209999084472656,440800,2026-09-30
2012-04-24,39.64403533935547,50.45000076293945,50.56999969482422,50.220001220703125,50.25,499500,2026-09-30
2012-04-25,40.131229400634766,51.06999969482422,51.09000015258789,50.7400016784668,50.83000183105469,470500,2026-09-30
2012-04-26,40.45342254638672,51.47999954223633,51.54999923706055,50.81999969482422,50.90999984741211,495800,2026-09-30
2012-04-27,40.57128143310547,51.630001068115234,51.75,51.310001373291016,51.630001068115234,584200,2026-09-30
2012-04-30,40.45342254638672,51.47999954223633,51.560001373291016,51.31999969482422,51.529998779296875,1976600,2026-09-30
2012-05-01,40.71272659301758,51.810001373291016,52.15999984741211,51.349998474121094,51.47999954223633,471800,2026-09-30
2012-05-02,40.60272216796875,51.66999816894531,51.72999954223633,51.31999969482422,51.5,327200,2026-09-30
2012-05-03,40.194095611572266,51.150001525878906,51.68000030517578,51.04999923706055,51.650001525878906,543000,2026-09-30
2012-05-04,39.557594299316406,50.34000015258789,50.90999984741211,50.2599983215332,50.90999984741211,1037700,2026-09-30
2012-05-07,39.518310546875,50.290000915527344,50.470001220703125,50.0099983215332,50.11000061035156,614000,2026-09-30
2012-05-08,39.29043960571289,50.0,50.060001373291016,49.29999923706055,50.0,1224600,2026-09-30
2012-05-09,39.12540054321289,49.790000915527344,50.11000061035156,49.209999084472656,49.41999816894531,561600,2026-09-30
2012-05-10,39.14897537231445,49.81999969482422,50.220001220703125,49.7400016784668,50.220001220703125,705800,2026-09-30
2012-05-11,39.10182571411133,49.7599983215332,50.20000076293945,49.5,49.5,326800,2026-09-30
2012-05-14,38.63820266723633,49.16999816894531,49.529998779296875,49.08000183105469,49.25,709100,2026-09-30
2012-05-15,38.36316680908203,48.81999969482422,49.369998931884766,48.720001220703125,49.09000015258789,686500,2026-09-30
2012-05-16,38.11171340942383,48.5,49.2400016784668,48.470001220703125,48.9900016784668,842500,2026-09-30
2012-05-17,37.36518859863281,47.54999923706055,48.540000915527344,47.54999923706055,48.5099983215332,1407100,2026-09-30
2012-05-18,37.01157760620117,47.099998474121094,47.84000015258789,47.0099983215332,47.75,1544800,2026-09-30
2012-05-21,37.7502326965332,48.040000915527344,48.06999969482422,47.18000030517578,47.189998626708984,1296600,2026-09-30
2012-05-22,37.82097244262695,48.130001068115234,48.540000915527344,47.83000183105469,48.20000076293945,796400,2026-09-30
2012-05-23,37.94668960571289,48.290000915527344,48.349998474121094,47.349998474121094,47.72999954223633,755000,2026-09-30
2012-05-24,37.98597717285156,48.34000015258789,48.43000030517578,47.900001525878906,48.38999938964844,491700,2026-09-30
2012-05-25,37.98597717285156,48.34000015258789,48.540000915527344,48.20000076293945,48.34000015258789,448900,2026-09-30
2012-05-29,38.44961929321289,48.93000030517578,49.040000915527344,48.58000183105469,48.650001525878906,445300,2026-09-30
2012-05-30,37.7502326965332,48.040000915527344,48.58000183105469,47.97999954223633,48.4900016784668,298700,2026-09-30
2012-05-31,37.6245231628418,47.880001068115234,48.22999954223633,47.380001068115234,48.029998779296875,660400,2026-09-30
2012-06-01,36.57939529418945,46.54999923706055,47.16999816894531,46.52000045776367,47.0099983215332,1094600,2026-09-30
2012-06-04,36.50080871582031,46.45000076293945,46.77000045776367,46.029998779296875,46.54999923706055,2131400,2026-09-30
2012-06-05,36.862266540527344,46.90999984741211,47.02000045776367,46.27000045776367,46.349998474121094,691000,2026-09-30
2012-06-06,37.74238586425781,48.029998779296875,48.040000915527344,47.25,47.25,433100,2026-09-30
2012-06-07,37.70309829711914,47.97999954223633,48.689998626708984,47.880001068115234,48.650001525878906,869600,2026-09-30
2012-06-08,37.993831634521484,48.349998474121094,48.369998931884766,47.63999938964844,47.900001525878906,529200,2026-09-30
2012-06-11,37.41233825683594,47.61000061035156,48.84000015258789,47.56999969482422,48.790000915527344,374500,2026-09-30
2012-06-12,37.85237503051758,48.16999816894531,48.209999084472656,47.5,47.7599983215332,323400,2026-09-30
2012-06-13,37.514495849609375,47.7400016784668,48.27000045776367,47.59000015258789,48.02000045776367,205400,2026-09-30
2012-06-14,37.89168167114258,48.220001220703125,48.38999938964844,47.709999084472656,47.91999816894531,430600,2026-09-30
2012-06-15,38.327274322509766,48.56999969482422,48.619998931884766,48.130001068115234,48.130001068115234,244700,2026-09-30
2012-06-18,38.429866790771484,48.70000076293945,48.810001373291016,48.25,48.43000030517578,441500,2026-09-30
2012-06-19,38.89542770385742,49.290000915527344,49.5,48.93000030517578,48.939998626708984,476600,2026-09-30
2012-06-20,38.848087310791016,49.22999954223633,49.52000045776367,48.880001068115234,49.290000915527344,1014800,2026-09-30
2012-06-21,37.845924377441406,47.959999084472656,49.33000183105469,47.939998626708984,49.29999923706055,597000,2026-09-30
2012-06-22,38.12999725341797,48.31999969482422,48.439998626708984,47.97999954223633,48.13999938964844,219800,2026-09-30
2012-06-25,37.45136260986328,47.459999084472656,47.779998779296875,47.25,47.7599983215332,300500,2026-09-30
2012-06-26,37.65652084350586,47.720001220703125,47.869998931884766,47.290000915527344,47.560001373291016,220000,2026-09-30
2012-06-27,38.01161193847656,48.16999816894531,48.310001373291016,47.810001373291016,47.849998474121094,408400,2026-09-30
2012-06-28,38.027408599853516,48.189998626708984,48.22999954223633,47.58000183105469,47.900001525878906,337000,2026-09-30
2012-06-29,39.076927185058594,49.52000045776367,49.540000915527344,49.02000045776367,49.209999084472656,529300,2026-09-30
2012-07-02,39.171627044677734,49.63999938964844,49.7599983215332,49.27000045776367,49.7400016784668,684600,2026-09-30
2012-07-03,39.526737213134766,50.09000015258789,50.13999938964844,49.599998474121094,49.650001525878906,407200,2026-09-30
2012-07-05,39.36102294921875,49.880001068115234,50.119998931884766,49.619998931884766,49.880001068115234,553600,2026-09-30
2012-07-06,38.927001953125,49.33000183105469,49.41999816894531,49.060001373291016,49.38999938964844,386000,2026-09-30
2012-07-09,38.706050872802734,49.04999923706055,49.31999969482422,48.86000061035156,49.22999954223633,389600,2026-09-30
2012-07-10,38.295711517333984,48.529998779296875,49.439998626708984,48.34000015258789,49.279998779296875,364600,2026-09-30
2012-07-11,38.30359649658203,48.540000915527344,48.72999954223633,48.2599983215332,48.459999084472656,256000,2026-09-30
2012-07-12,38.0826530456543,48.2599983215332,48.45000076293945,47.81999969482422,48.16999816894531,2191000,2026-09-30
2012-07-13,38.690250396728516,49.029998779296875,49.09000015258789,48.25,48.25,335300,2026-09-30
2012-07-16,38.54034423828125,48.84000015258789,49.02000045776367,48.619998931884766,48.880001068115234,258100,2026-09-30
2012-07-17,38.81652069091797,49.189998626708984,49.27000045776367,48.5099983215332,49.040000915527344,254200,2026-09-30
2012-07-18,39.15583801269531,49.619998931884766,49.79999923706055,49.060001373291016,49.08000183105469,285300,2026-09-30
2012-07-19,39.28209686279297,49.779998779296875,49.959999084472656,49.54999923706055,49.77000045776367,375200,2026-09-30
2012-07-20,38.848087310791016,49.22999954223633,49.54999923706055,49.15999984741211,49.5,333500,2026-09-30
2012-07-23,38.382503509521484,48.63999938964844,48.79999923706055,48.20000076293945,48.4900016784668,462200,2026-09-30
2012-07-24,37.96428298950195,48.11000061035156,48.689998626708984,47.779998779296875,48.689998626708984,470100,2026-09-30
2012-07-25,37.980072021484375,48.130001068115234,48.45000076293945,47.88999938964844,48.209999084472656,463700,2026-09-30
2012-07-26,38.64291000366211,48.970001220703125,49.09000015258789,48.59000015258789,48.849998474121094,355300,2026-09-30
2012-07-27,39.447818756103516,49.9900016784668,50.16999816894531,49.20000076293945,49.290000915527344,386200,2026-09-30
2012-07-30,39.40836715698242,49.939998626708984,50.16999816894531,49.720001220703125,49.939998626708984,293300,2026-09-30
2012-07-31,39.1242790222168,49.58000183105469,50.0,49.58000183105469,49.90999984741211,513800,2026-09-30
2012-08-01,38.982242584228516,49.400001525878906,49.88999938964844,49.349998474121094,49.88999938964844,322500,2026-09-30
2012-08-02,38.6823844909668,49.02000045776367,49.43000030517578,48.619998931884766,48.95000076293945,1569700,2026-09-30
2012-08-03,39.49516296386719,50.04999923706055,50.189998626708984,49.7400016784668,49.7400016784668,762500,2026-09-30
2012-08-06,39.68455505371094,50.290000915527344,50.45000076293945,50.220001220703125,50.31999969482422,405800,2026-09-30
2012-08-07,40.0791130065918,50.790000915527344,51.02000045776367,50.439998626708984,50.439998626708984,496200,2026-09-30
2012-08-08,40.18956756591797,50.93000030517578,50.959999084472656,50.56999969482422,50.56999969482422,266800,2026-09-30
2012-08-09,40.252708435058594,51.0099983215332,51.11000061035156,50.790000915527344,50.790000915527344,192700,2026-09-30
2012-08-10,40.30796432495117,51.08000183105469,51.11000061035156,50.709999084472656,50.7599983215332,214600,2026-09-30
2012-08-13,40.26060104370117,51.02000045776367,51.099998474121094,50.720001220703125,51.0,161200,2026-09-30
2012-08-14,40.18169403076172,50.91999816894531,51.279998779296875,50.779998779296875,51.16999816894531,338200,2026-09-30
2012-08-15,40.331626892089844,51.11000061035156,51.18000030517578,50.81999969482422,50.81999969482422,213900,2026-09-30
2012-08-16,40.67884063720703,51.54999923706055,51.61000061035156,51.08000183105469,51.22999954223633,464800,2026-09-30
2012-08-17,40.75775146484375,51.650001525878906,51.70000076293945,51.529998779296875,51.59000015258789,220900,2026-09-30
2012-08-20,40.71828842163086,51.599998474121094,51.630001068115234,51.33000183105469,51.599998474121094,160500,2026-09-30
2012-08-21,40.67884063720703,51.54999923706055,52.0,51.43000030517578,51.709999084472656,385900,2026-09-30
2012-08-22,40.623600006103516,51.47999954223633,51.560001373291016,51.18000030517578,51.36000061035156,295000,2026-09-30
2012-08-23,40.252708435058594,51.0099983215332,51.349998474121094,50.880001068115234,51.33000183105469,255600,2026-09-30
2012-08-24,40.46577453613281,51.279998779296875,51.36000061035156,50.790000915527344,50.86000061035156,370200,2026-09-30
2012-08-27,40.38685989379883,51.18000030517578,51.439998626708984,51.13999938964844,51.36000061035156,222900,2026-09-30
2012-08-28,40.363189697265625,51.150001525878906,51.36000061035156,51.0,51.119998931884766,290700,2026-09-30
2012-08-29,40.4578742980957,51.27000045776367,51.36000061035156,51.029998779296875,51.22999954223633,196700,2026-09-30
2012-08-30,40.142234802246094,50.869998931884766,51.029998779296875,50.70000076293945,51.0099983215332,204100,2026-09-30
2012-08-31,40.323734283447266,51.099998474121094,51.34000015258789,50.849998474121094,51.15999984741211,341700,2026-09-30
2012-09-04,40.29217529296875,51.060001373291016,51.22999954223633,50.70000076293945,51.060001373291016,262100,2026-09-30
2012-09-05,40.252708435058594,51.0099983215332,51.189998626708984,50.869998931884766,51.06999969482422,182700,2026-09-30
2012-09-06,41.120731353759766,52.11000061035156,52.13999938964844,51.29999923706055,51.29999923706055,401100,2026-09-30
2012-09-07,41.40483093261719,52.470001220703125,52.470001220703125,52.209999084472656,52.25,584200,2026-09-30
2012-09-10,41.19175720214844,52.20000076293945,52.56999969482422,52.20000076293945,52.40999984741211,634400,2026-09-30
2012-09-11,41.42060852050781,52.4900016784668,52.61000061035156,52.25,52.2599983215332,1560500,2026-09-30
2012-09-12,41.578426361083984,52.689998626708984,52.779998779296875,52.529998779296875,52.66999816894531,414100,2026-09-30
2012-09-13,42.18605422973633,53.459999084472656,53.61000061035156,52.47999954223633,52.68000030517578,423000,2026-09-30
2012-09-14,42.50957107543945,53.869998931884766,54.209999084472656,53.59000015258789,53.59000015258789,1144600,2026-09-30
2012-09-17,42.201812744140625,53.47999954223633,53.79999923706055,53.36000061035156,53.79999923706055,294300,2026-09-30
2012-09-18,42.06767654418945,53.310001373291016,53.439998626708984,53.16999816894531,53.439998626708984,400600,2026-09-30
2012-09-19,42.16236877441406,53.43000030517578,53.54999923706055,53.22999954223633,53.349998474121094,204900,2026-09-30
2012-09-20,42.05188751220703,53.290000915527344,53.310001373291016,52.86000061035156,53.220001220703125,412100,2026-09-30
2012-09-21,42.03446578979492,53.060001373291016,53.380001068115234,53.040000915527344,53.310001373291016,238500,2026-09-30
2012-09-24,41.8997917175293,52.88999938964844,53.02000045776367,52.7400016784668,52.88999938964844,188700,2026-09-30
2012-09-25,41.361080169677734,52.209999084472656,53.029998779296875,52.150001525878906,52.95000076293945,1485800,2026-09-30
2012-09-26,41.09967041015625,51.880001068115234,52.16999816894531,51.650001525878906,52.130001068115234,300200,2026-09-30
2012-09-27,41.471988677978516,52.349998474121094,52.47999954223633,51.939998626708984,52.060001373291016,323700,2026-09-30
2012-09-28,41.33732604980469,52.18000030517578,52.36000061035156,51.90999984741211,52.18000030517578,466100,2026-09-30
2012-10-01,41.39277267456055,52.25,52.779998779296875,52.150001525878906,52.400001525878906,189800,2026-09-30
2012-10-02,41.471988677978516,52.349998474121094,52.540000915527344,52.130001068115234,52.45000076293945,144300,2026-09-30
2012-10-03,41.55913543701172,52.459999084472656,52.630001068115234,52.18000030517578,52.5,162400,2026-09-30
2012-10-04,41.931461334228516,52.93000030517578,52.970001220703125,52.599998474121094,52.66999816894531,326100,2026-09-30
2012-10-05,41.963157653808594,52.970001220703125,53.369998931884766,52.83000183105469,53.220001220703125,302800,2026-09-30
2012-10-08,41.86811447143555,52.849998474121094,52.97999954223633,52.72999954223633,52.75,344400,2026-09-30
2012-10-09,41.471988677978516,52.349998474121094,52.900001525878906,52.31999969482422,52.849998474121094,427300,2026-09-30
2012-10-10,41.18680191040039,51.9900016784668,52.349998474121094,51.90999984741211,52.33000183105469,144700,2026-09-30
2012-10-11,41.361080169677734,52.209999084472656,52.56999969482422,52.20000076293945,52.290000915527344,288900,2026-09-30
2012-10-12,41.16303253173828,51.959999084472656,52.380001068115234,51.86000061035156,52.220001220703125,212800,2026-09-30
2012-10-15,41.46407699584961,52.34000015258789,52.38999938964844,51.86000061035156,52.040000915527344,220800,2026-09-30
2012-10-16,41.94731521606445,52.95000076293945,52.97999954223633,52.54999923706055,52.54999923706055,381900,2026-09-30
2012-10-17,42.177066802978516,53.2400016784668,53.290000915527344,52.93000030517578,53.0,166200,2026-09-30
2012-10-18,42.19289779663086,53.2599983215332,53.41999816894531,53.060001373291016,53.18000030517578,393400,2026-09-30
2012-10-19,41.51951599121094,52.40999984741211,53.119998931884766,52.2400016784668,53.119998931884766,346400,2026-09-30
2012-10-22,41.48783874511719,52.369998931884766,52.59000015258789,52.0,52.349998474121094,287800,2026-09-30
2012-10-23,40.996673583984375,51.75,51.95000076293945,51.349998474121094,51.75,437600,2026-09-30
2012-10-24,40.798622131347656,51.5,52.02000045776367,51.43000030517578,51.95000076293945,233600,2026-09-30
2012-10-25,40.957061767578125,51.70000076293945,52.0,51.380001068115234,51.84000015258789,418800,2026-09-30
2012-10-26,40.9174690246582,51.650001525878906,51.88999938964844,51.349998474121094,51.66999816894531,171400,2026-09-30
2012-10-31,40.996673583984375,51.75,52.029998779296875,51.5099983215332,51.84000015258789,413400,2026-09-30
2012-11-01,41.58292007446289,52.4900016784668,52.4900016784668,51.810001373291016,51.880001068115234,248100,2026-09-30
2012-11-02,41.178890228271484,51.97999954223633,52.77000045776367,51.959999084472656,52.7400016784668,512100,2026-09-30
2012-11-05,41.329402923583984,52.16999816894531,52.2400016784668,51.7599983215332,51.900001525878906,268900,2026-09-30
2012-11-06,41.693817138671875,52.630001068115234,52.810001373291016,52.27000045776367,52.29999923706055,237100,2026-09-30
2012-11-07,40.84615707397461,51.560001373291016,52.150001525878906,51.22999954223633,52.130001068115234,673900,2026-09-30
2012-11-08,40.30744934082031,50.880001068115234,51.70000076293945,50.86000061035156,51.459999084472656,1119900,2026-09-30
2012-11-09,40.33122253417969,50.90999984741211,51.369998931884766,50.65999984741211,50.66999816894531,955000,2026-09-30
2012-11-12,40.3629264831543,50.95000076293945,51.08000183105469,50.810001373291016,51.0099983215332,552700,2026-09-30
2012-11-13,40.23615646362305,50.790000915527344,51.310001373291016,50.61000061035156,50.630001068115234,481400,2026-09-30
2012-11-14,39.68953323364258,50.099998474121094,51.060001373291016,50.0,51.0,684100,2026-09-30
2012-11-15,39.68953323364258,50.099998474121094,50.349998474121094,49.849998474121094,50.119998931884766,946300,2026-09-30
2012-11-16,39.919273376464844,50.38999938964844,50.459999084472656,49.790000915527344,50.06999969482422,938900,2026-09-30
2012-11-19,40.64017105102539,51.29999923706055,51.29999923706055,50.88999938964844,50.93000030517578,347500,2026-09-30
2012-11-20,40.6639518737793,51.33000183105469,51.38999938964844,50.939998626708984,51.209999084472656,275200,2026-09-30
2012-11-21,40.759010314941406,51.45000076293945,51.459999084472656,51.25,51.369998931884766,173900,2026-09-30
2012-11-23,41.25019073486328,52.06999969482422,52.06999969482422,51.619998931884766,51.63999938964844,132900,2026-09-30
2012-11-26,41.13134765625,51.91999816894531,51.95000076293945,51.66999816894531,51.880001068115234,216800,2026-09-30
2012-11-27,40.9728889465332,51.720001220703125,52.09000015258789,51.70000076293945,51.90999984741211,214900,2026-09-30
2012-11-28,41.33732604980469,52.18000030517578,52.18000030517578,51.27000045776367,51.56999969482422,192400,2026-09-30
2012-11-29,41.471988677978516,52.349998474121094,52.5,52.11000061035156,52.31999969482422,658400,2026-09-30
2012-11-30,41.51951599121094,52.40999984741211,52.47999954223633,52.2400016784668,52.41999816894531,274400,2026-09-30
2012-12-03,41.345245361328125,52.189998626708984,52.720001220703125,52.119998931884766,52.68000030517578,449000,2026-09-30
2012-12-04,41.30562210083008,52.13999938964844,52.31999969482422,51.970001220703125,52.189998626708984,431900,2026-09-30
2012-12-05,41.471988677978516,52.349998474121094,52.52000045776367,51.93000030517578,52.2599983215332,591500,2026-09-30
2012-12-06,41.5908203125,52.5,52.52000045776367,52.220001220703125,52.34000015258789,280200,2026-09-30
2012-12-07,41.79680633544922,52.7599983215332,52.79999923706055,52.4900016784668,52.7400016784668,380100,2026-09-30
2012-12-10,41.89187240600586,52.880001068115234,52.939998626708984,52.650001525878906,52.650001525878906,5067700,2026-09-30
2012-12-11,42.12952423095703,53.18000030517578,53.34000015258789,52.9900016784668,53.040000915527344,411100,2026-09-30
2012-12-12,42.15329360961914,53.209999084472656,53.59000015258789,53.13999938964844,53.310001373291016,1007600,2026-09-30
2012-12-13,41.939395904541016,52.939998626708984,53.38999938964844,52.790000915527344,53.209999084472656,444200,2026-09-30
2012-12-14,41.86017608642578,52.84000015258789,53.02000045776367,52.779998779296875,52.79999923706055,308600,2026-09-30
2012-12-17,42.35926818847656,53.470001220703125,53.470001220703125,53.0099983215332,53.0099983215332,546200,2026-09-30
2012-12-18,42.890037536621094,54.13999938964844,54.16999816894531,53.45000076293945,53.58000183105469,829100,2026-09-30
2012-12-19,42.68406677246094,53.880001068115234,54.290000915527344,53.86000061035156,54.2400016784668,547000,2026-09-30
2012-12-20,42.890037536621094,54.13999938964844,54.15999984741211,53.7400016784668,53.97999954223633,1059200,2026-09-30
2012-12-21,42.56434631347656,53.45000076293945,53.5099983215332,53.11000061035156,53.29999923706055,580300,2026-09-30
2012-12-24,42.42101287841797,53.27000045776367,53.34000015258789,53.18000030517578,53.25,191300,2026-09-30
2012-12-26,42.182098388671875,52.970001220703125,53.41999816894531,52.91999816894531,53.33000183105469,219900,2026-09-30
2012-12-27,42.094505310058594,52.86000061035156,53.08000183105469,52.27000045776367,53.02000045776367,653800,2026-09-30
2012-12-28,41.66448211669922,52.31999969482422,52.83000183105469,52.31999969482422,52.560001373291016,373900,2026-09-30
2012-12-31,42.4608039855957,53.31999969482422,53.31999969482422,52.18000030517578,52.310001373291016,620300,2026-09-30
2013-01-02,43.48013687133789,54.599998474121094,54.599998474121094,54.11000061035156,54.369998931884766,1072000,2026-09-30
2013-01-03,43.456233978271484,54.56999969482422,54.869998931884766,54.45000076293945,54.58000183105469,7143800,2026-09-30
2013-01-04,43.80662536621094,55.0099983215332,55.04999923706055,54.59000015258789,54.709999084472656,909200,2026-09-30
2013-01-07,43.639400482177734,54.79999923706055,54.849998474121094,54.61000061035156,54.849998474121094,700000,2026-09-30
2013-01-08,43.456233978271484,54.56999969482422,54.70000076293945,54.33000183105469,54.68000030517578,463800,2026-09-30
2013-01-09,43.60755157470703,54.7599983215332,54.849998474121094,54.619998931884766,54.619998931884766,863600,2026-09-30
2013-01-10,43.870357513427734,55.09000015258789,55.11000061035156,54.75,54.95000076293945,1172300,2026-09-30
2013-01-11,43.88627624511719,55.11000061035156,55.150001525878906,54.880001068115234,55.119998931884766,549500,2026-09-30
2013-01-14,43.910160064697266,55.13999938964844,55.15999984741211,54.880001068115234,55.11000061035156,443500,2026-09-30
2013-01-15,44.09330749511719,55.369998931884766,55.400001525878906,54.84000015258789,54.95000076293945,508000,2026-09-30
2013-01-16,44.02961349487305,55.290000915527344,55.349998474121094,55.130001068115234,55.2400016784668,466700,2026-09-30
2013-01-17,44.41981887817383,55.779998779296875,55.91999816894531,55.43000030517578,55.54999923706055,700400,2026-09-30
2013-01-18,44.5472412109375,55.939998626708984,55.97999954223633,55.61000061035156,55.83000183105469,341600,2026-09-30
2013-01-22,44.873722076416016,56.349998474121094,56.349998474121094,55.849998474121094,55.9900016784668,403100,2026-09-30
2013-01-23,44.82594299316406,56.290000915527344,56.38999938964844,56.119998931884766,56.38999938964844,514300,2026-09-30
2013-01-24,45.02503967285156,56.540000915527344,56.779998779296875,56.33000183105469,56.380001068115234,584100,2026-09-30
2013-01-25,45.351524353027344,56.95000076293945,56.95000076293945,56.59000015258789,56.7400016784668,693700,2026-09-30
2013-01-28,45.24800109863281,56.81999969482422,57.0099983215332,56.63999938964844,56.93000030517578,513500,2026-09-30
2013-01-29,45.37542724609375,56.97999954223633,57.0099983215332,56.650001525878906,56.790000915527344,577800,2026-09-30
2013-01-30,45.240047454833984,56.810001373291016,57.09000015258789,56.7400016784668,56.959999084472656,425300,2026-09-30
2013-01-31,45.224124908447266,56.790000915527344,56.93000030517578,56.59000015258789,56.77000045776367,319600,2026-09-30
2013-02-01,45.638206481933594,57.310001373291016,57.369998931884766,57.04999923706055,57.16999816894531,456900,2026-09-30
2013-02-04,45.184295654296875,56.7400016784668,57.11000061035156,56.650001525878906,57.040000915527344,788900,2026-09-30
2013-02-05,45.56654739379883,57.220001220703125,57.369998931884766,56.91999816894531,57.02000045776367,403700,2026-09-30
2013-02-06,45.71784973144531,57.40999984741211,57.40999984741211,57.0,57.08000183105469,778300,2026-09-30
2013-02-07,45.62229919433594,57.290000915527344,57.459999084472656,56.880001068115234,57.459999084472656,614100,2026-09-30
2013-02-08,45.845272064208984,57.56999969482422,57.599998474121094,57.29999923706055,57.29999923706055,358100,2026-09-30
2013-02-11,45.861202239990234,57.59000015258789,57.63999938964844,57.41999816894531,57.63999938964844,328200,2026-09-30
2013-02-12,46.01249694824219,57.779998779296875,57.849998474121094,57.599998474121094,57.650001525878906,287700,2026-09-30
2013-02-13,46.02046585083008,57.790000915527344,57.9900016784668,57.68000030517578,57.93000030517578,373300,2026-09-30
2013-02-14,46.13194274902344,57.93000030517578,57.970001220703125,57.59000015258789,57.709999084472656,341900,2026-09-30
2013-02-15,46.092132568359375,57.880001068115234,58.040000915527344,57.650001525878906,58.0,355000,2026-09-30
2013-02-19,46.41066360473633,58.279998779296875,58.279998779296875,57.939998626708984,58.02000045776367,1180900,2026-09-30
2013-02-20,45.670066833496094,57.349998474121094,58.279998779296875,57.310001373291016,58.25,689600,2026-09-30
2013-02-21,45.24800109863281,56.81999969482422,57.20000076293945,56.619998931884766,57.20000076293945,839000,2026-09-30
2013-02-22,45.69395065307617,57.380001068115234,57.40999984741211,57.04999923706055,57.11000061035156,536400,2026-09-30
2013-02-25,44.786128997802734,56.2400016784668,57.81999969482422,56.2400016784668,57.77000045776367,626300,2026-09-30
2013-02-26,45.08872985839844,56.619998931884766,56.66999816894531,56.06999969482422,56.59000015258789,839500,2026-09-30
2013-02-27,45.71784973144531,57.40999984741211,57.58000183105469,56.560001373291016,56.560001373291016,258000,2026-09-30
2013-02-28,45.662109375,57.34000015258789,57.81999969482422,57.34000015258789,57.36000061035156,780600,2026-09-30
2013-03-01,45.85321807861328,57.58000183105469,57.630001068115234,56.849998474121094,57.209999084472656,730600,2026-09-30
2013-03-04,46.02840805053711,57.79999923706055,57.81999969482422,57.279998779296875,57.59000015258789,578000,2026-09-30
2013-03-05,46.51420211791992,58.40999984741211,58.52000045776367,58.08000183105469,58.08000183105469,667500,2026-09-30
2013-03-06,46.56196975708008,58.470001220703125,58.70000076293945,58.38999938964844,58.619998931884766,458100,2026-09-30
2013-03-07,46.69733810424805,58.63999938964844,58.68000030517578,58.52000045776367,58.529998779296875,362500,2026-09-30
2013-03-08,46.999961853027344,59.02000045776367,59.060001373291016,58.630001068115234,58.939998626708984,671400,2026-09-30
2013-03-11,47.143287658691406,59.20000076293945,59.22999954223633,58.900001525878906,59.02000045776367,595600,2026-09-30
2013-03-12,47.13532257080078,59.189998626708984,59.279998779296875,58.970001220703125,59.16999816894531,400100,2026-09-30
2013-03-13,47.25479507446289,59.34000015258789,59.40999984741211,59.029998779296875,59.2400016784668,673800,2026-09-30
2013-03-14,47.52553939819336,59.68000030517578,59.72999954223633,59.439998626708984,59.439998626708984,274700,2026-09-30
2013-03-15,47.46319580078125,59.400001525878906,59.4900016784668,59.22999954223633,59.4900016784668,282000,2026-09-30
2013-03-18,47.151580810546875,59.0099983215332,59.27000045776367,58.7400016784668,58.75,624700,2026-09-30
2013-03-19,46.95982360839844,58.77000045776367,59.189998626708984,58.38999938964844,59.13999938964844,474400,2026-09-30
2013-03-20,47.35934066772461,59.27000045776367,59.38999938964844,59.040000915527344,59.119998931884766,447500,2026-09-30
2013-03-21,46.93584060668945,58.7400016784668,59.15999984741211,58.63999938964844,59.029998779296875,475100,2026-09-30
2013-03-22,47.175559997558594,59.040000915527344,59.08000183105469,58.849998474121094,58.95000076293945,248000,2026-09-30
2013-03-25,47.07967758178711,58.91999816894531,59.380001068115234,58.630001068115234,59.290000915527344,594600,2026-09-30
2013-03-26,47.42325973510742,59.349998474121094,59.349998474121094,59.029998779296875,59.06999969482422,297000,2026-09-30
2013-03-27,47.42325973510742,59.349998474121094,59.38999938964844,58.849998474121094,59.040000915527344,352200,2026-09-30
2013-03-28,47.65498733520508,59.63999938964844,59.75,59.290000915527344,59.36000061035156,516500,2026-09-30
2013-04-01,47.40727615356445,59.33000183105469,59.7400016784668,59.13999938964844,59.70000076293945,523100,2026-09-30
2013-04-02,47.40727615356445,59.33000183105469,59.63999938964844,59.20000076293945,59.47999954223633,1299500,2026-09-30
2013-04-03,46.87190628051758,58.65999984741211,59.439998626708984,58.4900016784668,59.41999816894531,665300,2026-09-30
2013-04-04,47.11962127685547,58.970001220703125,59.0,58.65999984741211,58.709999084472656,423900,2026-09-30
2013-04-05,46.951820373535156,58.7599983215332,58.810001373291016,58.08000183105469,58.25,478800,2026-09-30
2013-04-08,47.35934066772461,59.27000045776367,59.27000045776367,58.61000061035156,58.84000015258789,354700,2026-09-30
2013-04-09,47.535118103027344,59.4900016784668,59.66999816894531,59.13999938964844,59.400001525878906,341900,2026-09-30
2013-04-10,48.102439880371094,60.20000076293945,60.2400016784668,59.650001525878906,59.650001525878906,400400,2026-09-30
2013-04-11,48.34214401245117,60.5,60.70000076293945,60.25,60.2599983215332,461600,2026-09-30
2013-04-12,48.142398834228516,60.25,60.36000061035156,59.90999984741211,60.310001373291016,405800,2026-09-30
2013-04-15,46.863922119140625,58.650001525878906,60.040000915527344,58.619998931884766,60.029998779296875,439400,2026-09-30
2013-04-16,47.567081451416016,59.529998779296875,59.529998779296875,58.900001525878906,59.02000045776367,328100,2026-09-30
2013-04-17,46.78401565551758,58.54999923706055,59.08000183105469,58.22999954223633,59.04999923706055,12313000,2026-09-30
2013-04-18,46.56029510498047,58.27000045776367,58.7599983215332,58.029998779296875,58.650001525878906,935100,2026-09-30
2013-04-19,46.98377227783203,58.79999923706055,58.83000183105469,58.2400016784668,58.439998626708984,336500,2026-09-30
2013-04-22,47.19154739379883,59.060001373291016,59.18000030517578,58.41999816894531,58.869998931884766,363800,2026-09-30
2013-04-23,47.67893981933594,59.66999816894531,59.709999084472656,59.119998931884766,59.369998931884766,435300,2026-09-30
2013-04-24,47.902671813964844,59.95000076293945,60.02000045776367,59.709999084472656,59.7400016784668,375300,2026-09-30
2013-04-25,48.16636657714844,60.279998779296875,60.59000015258789,60.0099983215332,60.189998626708984,514400,2026-09-30
2013-04-26,48.006568908691406,60.08000183105469,60.27000045776367,59.869998931884766,60.220001220703125,515100,2026-09-30
2013-04-29,48.278228759765625,60.41999816894531,60.540000915527344,60.119998931884766,60.22999954223633,522000,2026-09-30
2013-04-30,48.46200942993164,60.650001525878906,60.650001525878906,60.13999938964844,60.459999084472656,380900,2026-09-30
2013-05-01,47.96660232543945,60.029998779296875,60.56999969482422,60.0099983215332,60.5099983215332,612400,2026-09-30
2013-05-02,48.46200942993164,60.650001525878906,60.709999084472656,60.220001220703125,60.220001220703125,524600,2026-09-30
2013-05-03,49.037330627441406,61.369998931884766,61.59000015258789,61.150001525878906,61.15999984741211,495800,2026-09-30
2013-05-06,49.20513916015625,61.58000183105469,61.650001525878906,61.369998931884766,61.43000030517578,625700,2026-09-30
2013-05-07,49.516754150390625,61.970001220703125,61.970001220703125,61.54999923706055,61.72999954223633,686900,2026-09-30
2013-05-08,49.75647735595703,62.27000045776367,62.27000045776367,61.869998931884766,61.90999984741211,877800,2026-09-30
2013-05-09,49.612632751464844,62.09000015258789,62.380001068115234,61.959999084472656,62.220001220703125,609100,2026-09-30
2013-05-10,49.92426681518555,62.47999954223633,62.4900016784668,62.04999923706055,62.13999938964844,363300,2026-09-30
2013-05-13,49.860347747802734,62.400001525878906,62.529998779296875,62.16999816894531,62.439998626708984,379200,2026-09-30
2013-05-14,50.443641662597656,63.130001068115234,63.189998626708984,62.40999984741211,62.40999984741211,794300,2026-09-30
2013-05-15,50.77124786376953,63.540000915527344,63.63999938964844,63.0,63.0,430000,2026-09-30
2013-05-16,50.45163345336914,63.13999938964844,63.58000183105469,63.029998779296875,63.45000076293945,408800,2026-09-30
2013-05-17,51.034934997558594,63.869998931884766,63.880001068115234,63.290000915527344,63.40999984741211,553800,2026-09-30
2013-05-20,51.05890655517578,63.900001525878906,64.13999938964844,63.790000915527344,63.81999969482422,889700,2026-09-30
2013-05-21,51.10686492919922,63.959999084472656,64.16999816894531,63.720001220703125,63.970001220703125,488300,2026-09-30
2013-05-22,50.475608825683594,63.16999816894531,64.55000305175781,62.900001525878906,64.06999969482422,950400,2026-09-30
2013-05-23,50.4036865234375,63.08000183105469,63.189998626708984,62.349998474121094,62.529998779296875,540800,2026-09-30
2013-05-24,50.23590087890625,62.869998931884766,62.90999984741211,62.38999938964844,62.7599983215332,439700,2026-09-30
2013-05-28,50.58747482299805,63.310001373291016,63.86000061035156,63.08000183105469,63.619998931884766,619800,2026-09-30
2013-05-29,50.22791290283203,62.86000061035156,63.08000183105469,62.52000045776367,63.029998779296875,538300,2026-09-30
2013-05-30,50.46761703491211,63.15999984741211,63.439998626708984,62.880001068115234,62.900001525878906,2567400,2026-09-30
2013-05-31,49.764461517333984,62.279998779296875,63.369998931884766,62.27000045776367,62.97999954223633,541600,2026-09-30
2013-06-03,49.88431930541992,62.43000030517578,62.5099983215332,61.7400016784668,62.40999984741211,780600,2026-09-30
2013-06-04,49.65257263183594,62.13999938964844,62.720001220703125,61.77000045776367,62.41999816894531,542400,2026-09-30
2013-06-05,48.92545700073242,61.22999954223633,62.0099983215332,61.130001068115234,62.0,3390600,2026-09-30
2013-06-06,49.38090896606445,61.79999923706055,61.79999923706055,60.880001068115234,61.220001220703125,668700,2026-09-30
2013-06-07,50.08408737182617,62.68000030517578,62.720001220703125,62.0,62.22999954223633,689600,2026-09-30
2013-06-10,50.060089111328125,62.650001525878906,62.91999816894531,62.439998626708984,62.84000015258789,672200,2026-09-30
2013-06-11,49.50875473022461,61.959999084472656,62.54999923706055,61.810001373291016,62.2400016784668,453100,2026-09-30
2013-06-12,49.02134323120117,61.349998474121094,62.45000076293945,61.310001373291016,62.380001068115234,471100,2026-09-30
2013-06-13,49.900291442871094,62.45000076293945,62.56999969482422,61.27000045776367,61.349998474121094,548600,2026-09-30
2013-06-14,49.63660430908203,62.119998931884766,62.70000076293945,61.959999084472656,62.41999816894531,460600,2026-09-30
2013-06-17,50.05210494995117,62.63999938964844,62.849998474121094,62.279998779296875,62.540000915527344,482400,2026-09-30
2013-06-18,50.443641662597656,63.130001068115234,63.209999084472656,62.599998474121094,62.599998474121094,504100,2026-09-30
2013-06-19,49.708526611328125,62.209999084472656,63.130001068115234,62.20000076293945,63.060001373291016,721800,2026-09-30
2013-06-20,48.446041107177734,60.630001068115234,61.61000061035156,60.43000030517578,61.5,1235200,2026-09-30
2013-06-21,48.534271240234375,60.5,60.91999816894531,59.83000183105469,60.77000045776367,1458100,2026-09-30
2013-06-24,47.9326171875,59.75,60.25,59.18000030517578,59.93000030517578,1200200,2026-09-30
2013-06-25,48.48614501953125,60.439998626708984,60.619998931884766,59.93000030517578,60.400001525878906,658800,2026-09-30
2013-06-26,48.919349670410156,60.97999954223633,61.150001525878906,60.66999816894531,61.04999923706055,618600,2026-09-30
2013-06-27,49.38462448120117,61.560001373291016,61.72999954223633,61.369998931884766,61.380001068115234,1529800,2026-09-30
2013-06-28,49.15200424194336,61.27000045776367,61.70000076293945,61.06999969482422,61.45000076293945,676200,2026-09-30
2013-07-01,49.58519744873047,61.810001373291016,62.150001525878906,61.650001525878906,61.650001525878906,651900,2026-09-30
2013-07-02,49.45682907104492,61.650001525878906,62.040000915527344,61.36000061035156,61.72999954223633,470100,2026-09-30
2013-07-03,49.41671371459961,61.599998474121094,61.7599983215332,61.2400016784668,61.400001525878906,204100,2026-09-30
2013-07-05,49.97827911376953,62.29999923706055,62.29999923706055,61.56999969482422,62.060001373291016,574100,2026-09-30
2013-07-08,50.2028923034668,62.58000183105469,62.77000045776367,62.5,62.68000030517578,998500,2026-09-30
2013-07-09,50.62807846069336,63.11000061035156,63.18000030517578,62.779998779296875,63.04999923706055,1151900,2026-09-30
2013-07-10,50.70027160644531,63.20000076293945,63.31999969482422,62.90999984741211,63.06999969482422,1308500,2026-09-30
2013-07-11,51.438316345214844,64.12000274658203,64.1500015258789,63.77000045776367,64.02999877929688,1237600,2026-09-30
2013-07-12,51.56666946411133,64.27999877929688,64.30999755859375,64.0,64.12999725341797,579500,2026-09-30
2013-07-15,51.68700408935547,64.43000030517578,64.48999786376953,64.22000122070312,64.38999938964844,1150200,2026-09-30
2013-07-16,51.4302864074707,64.11000061035156,64.54000091552734,63.88999938964844,64.52999877929688,709700,2026-09-30
2013-07-17,51.55063247680664,64.26000213623047,64.44999694824219,64.16000366210938,64.27999877929688,566400,2026-09-30
2013-07-18,51.92767333984375,64.7300033569336,64.83999633789062,64.43000030517578,64.4800033569336,1350000,2026-09-30
2013-07-19,52.02394104003906,64.8499984741211,64.87999725341797,64.55000305175781,64.62999725341797,659600,2026-09-30
2013-07-22,52.13624954223633,64.98999786376953,65.0999984741211,64.81999969482422,65.0,674500,2026-09-30
2013-07-23,52.01591110229492,64.83999633789062,65.16000366210938,64.79000091552734,65.12999725341797,461700,2026-09-30
2013-07-24,51.646881103515625,64.37999725341797,65.06999969482422,64.25,65.05000305175781,653700,2026-09-30
2013-07-25,51.91965103149414,64.72000122070312,64.7300033569336,64.22000122070312,64.29000091552734,783900,2026-09-30
2013-07-26,51.90360641479492,64.69999694824219,64.70999908447266,64.12999725341797,64.44000244140625,352600,2026-09-30
2013-07-29,51.71908950805664,64.47000122070312,64.69999694824219,64.27999877929688,64.56999969482422,305900,2026-09-30
2013-07-30,51.82337951660156,64.5999984741211,64.75,64.41999816894531,64.66000366210938,360600,2026-09-30
2013-07-31,51.91965103149414,64.72000122070312,65.19999694824219,64.63999938964844,64.7699966430664,1309100,2026-09-30
2013-08-01,52.68174743652344,65.66999816894531,65.76000213623047,65.26000213623047,65.30000305175781,690100,2026-09-30
2013-08-02,52.761966705322266,65.7699966430664,65.80999755859375,65.44000244140625,65.61000061035156,909600,2026-09-30
2013-08-05,52.72186279296875,65.72000122070312,65.80999755859375,65.58000183105469,65.68000030517578,591300,2026-09-30
2013-08-06,52.3929557800293,65.30999755859375,65.63999938964844,65.12999725341797,65.56999969482422,675200,2026-09-30
2013-08-07,52.128231048583984,64.9800033569336,65.16999816894531,64.75,65.16999816894531,608800,2026-09-30
2013-08-08,52.43307876586914,65.36000061035156,65.5,64.97000122070312,65.27999877929688,545200,2026-09-30
2013-08-09,52.3688850402832,65.27999877929688,65.52999877929688,65.06999969482422,65.20999908447266,512700,2026-09-30
2013-08-12,52.32878112792969,65.2300033569336,65.31999969482422,65.0,65.0199966430664,531300,2026-09-30
2013-08-13,52.3929557800293,65.30999755859375,65.45999908447266,64.94000244140625,65.36000061035156,548400,2026-09-30
2013-08-14,52.12020492553711,64.97000122070312,65.33999633789062,64.95999908447266,65.2699966430664,475600,2026-09-30
2013-08-15,51.32600784301758,63.97999954223633,64.4800033569336,63.869998931884766,64.4800033569336,1486300,2026-09-30
2013-08-16,51.173587799072266,63.790000915527344,64.0999984741211,63.65999984741211,63.84000015258789,467400,2026-09-30
2013-08-19,50.756431579589844,63.27000045776367,63.84000015258789,63.2599983215332,63.70000076293945,722300,2026-09-30
2013-08-20,51.165557861328125,63.779998779296875,63.9900016784668,63.310001373291016,63.310001373291016,624600,2026-09-30
2013-08-21,50.812583923339844,63.34000015258789,63.86000061035156,63.15999984741211,63.61000061035156,893300,2026-09-30
2013-08-22,51.342044830322266,64.0,64.12999725341797,63.40999984741211,63.40999984741211,548500,2026-09-30
2013-08-23,51.51853561401367,64.22000122070312,64.27999877929688,63.86000061035156,64.0999984741211,360500,2026-09-30
2013-08-26,51.35007858276367,64.01000213623047,64.4800033569336,63.939998626708984,64.31999969482422,644900,2026-09-30
2013-08-27,50.38740539550781,62.810001373291016,63.45000076293945,62.77000045776367,63.34000015258789,1032400,2026-09-30
2013-08-28,50.523780822753906,62.97999954223633,63.20000076293945,62.650001525878906,62.84000015258789,571000,2026-09-30
2013-08-29,50.66818618774414,63.15999984741211,63.41999816894531,62.72999954223633,62.72999954223633,580900,2026-09-30
2013-08-30,50.40345764160156,62.83000183105469,63.27000045776367,62.70000076293945,63.27000045776367,305600,2026-09-30
2013-09-03,50.70027160644531,63.20000076293945,63.77000045776367,62.88999938964844,63.529998779296875,623100,2026-09-30
2013-09-04,51.173587799072266,63.790000915527344,63.88999938964844,63.099998474121094,63.22999954223633,863400,2026-09-30
2013-09-05,51.309959411621094,63.959999084472656,64.0999984741211,63.79999923706055,63.81999969482422,569500,2026-09-30
2013-09-06,51.35809326171875,64.0199966430664,64.38999938964844,63.439998626708984,64.20999908447266,970200,2026-09-30
2013-09-09,51.959739685058594,64.7699966430664,64.80000305175781,64.19999694824219,64.22000122070312,804500,2026-09-30
2013-09-10,52.40901184082031,65.33000183105469,65.33000183105469,65.04000091552734,65.19000244140625,1507800,2026-09-30
2013-09-11,52.56142807006836,65.5199966430664,65.52999877929688,65.11000061035156,65.27999877929688,1047700,2026-09-30
2013-09-12,52.33678436279297,65.23999786376953,65.5999984741211,65.19999694824219,65.56999969482422,597500,2026-09-30
2013-09-13,52.505271911621094,65.44999694824219,65.44999694824219,65.13999938964844,65.31999969482422,393300,2026-09-30
2013-09-16,52.87430191040039,65.91000366210938,66.33000183105469,65.80999755859375,66.2699966430664,3880500,2026-09-30
2013-09-17,53.12296676635742,66.22000122070312,66.2300033569336,66.0199966430664,66.05000305175781,611600,2026-09-30
2013-09-18,53.77276611328125,67.02999877929688,67.13999938964844,65.97000122070312,66.23999786376953,1502400,2026-09-30
2013-09-19,53.644432067871094,66.87000274658203,67.2699966430664,66.77999877929688,67.2300033569336,1077900,2026-09-30
2013-09-20,53.19131088256836,66.08999633789062,66.80000305175781,66.02999877929688,66.79000091552734,492900,2026-09-30
2013-09-23,52.91765213012695,65.75,65.98999786376953,65.5,65.9800033569336,519900,2026-09-30
2013-09-24,52.91765213012695,65.75,66.0999984741211,65.5,65.75,693000,2026-09-30
2013-09-25,52.78083419799805,65.58000183105469,65.91999816894531,65.52999877929688,65.81999969482422,611800,2026-09-30
2013-09-26,52.95791244506836,65.80000305175781,65.98999786376953,65.55000305175781,65.69000244140625,471600,2026-09-30
2013-09-27,52.63596725463867,65.4000015258789,65.55999755859375,65.30999755859375,65.5199966430664,483800,2026-09-30
2013-09-30,52.475013732910156,65.19999694824219,65.33999633789062,64.68000030517578,64.91000366210938,1101600,2026-09-30
2013-10-01,52.90156936645508,65.7300033569336,65.77999877929688,65.23999786376953,65.30999755859375,1044800,2026-09-30
2013-10-02,52.88545608520508,65.70999908447266,65.70999908447266,65.13999938964844,65.38999938964844,551200,2026-09-30
2013-10-03,52.410614013671875,65.12000274658203,65.61000061035156,64.7300033569336,65.55999755859375,1106100,2026-09-30
2013-10-04,52.82107162475586,65.62999725341797,65.73999786376953,65.04000091552734,65.18000030517578,1055600,2026-09-30
2013-10-07,52.35427474975586,65.05000305175781,65.44000244140625,64.97000122070312,65.05000305175781,482700,2026-09-30
2013-10-08,51.662109375,64.19000244140625,65.1500015258789,64.16999816894531,65.04000091552734,3717700,2026-09-30
2013-10-09,51.67015838623047,64.19999694824219,64.47000122070312,63.790000915527344,64.37999725341797,939300,2026-09-30
2013-10-10,52.83717727661133,65.6500015258789,65.68000030517578,64.7699966430664,64.94000244140625,900700,2026-09-30
2013-10-11,53.183258056640625,66.08000183105469,66.11000061035156,65.45999908447266,65.54000091552734,1015100,2026-09-30
2013-10-14,53.35226058959961,66.29000091552734,66.33000183105469,65.56999969482422,65.69999694824219,697100,2026-09-30
2013-10-15,52.877418518066406,65.69999694824219,66.2699966430664,65.58000183105469,66.11000061035156,1024600,2026-09-30
2013-10-16,53.62590408325195,66.62999725341797,66.62999725341797,66.0,66.18000030517578,1105600,2026-09-30
2013-10-17,54.08466339111328,67.19999694824219,67.23999786376953,66.36000061035156,66.44000244140625,1514400,2026-09-30
2013-10-18,54.33415222167969,67.51000213623047,67.62000274658203,67.20999908447266,67.5199966430664,1525600,2026-09-30
2013-10-21,54.35831069946289,67.54000091552734,67.6500015258789,67.33999633789062,67.63999938964844,986400,2026-09-30
2013-10-22,54.7365837097168,68.01000213623047,68.18000030517578,67.66999816894531,67.77999877929688,1695400,2026-09-30
2013-10-23,54.43073654174805,67.62999725341797,67.80999755859375,67.36000061035156,67.76000213623047,1254500,2026-09-30
2013-10-24,54.58365249633789,67.81999969482422,67.8499984741211,67.5,67.7300033569336,562000,2026-09-30
2013-10-25,54.85728454589844,68.16000366210938,68.16000366210938,67.76000213623047,67.9000015258789,482900,2026-09-30
2013-10-28,54.865352630615234,68.16999816894531,68.26000213623047,67.9800033569336,68.22000122070312,724700,2026-09-30
2013-10-29,55.22751998901367,68.62000274658203,68.62000274658203,68.2699966430664,68.3499984741211,515400,2026-09-30
2013-10-30,54.82510757446289,68.12000274658203,68.72000122070312,67.87999725341797,68.69000244140625,668200,2026-09-30
2013-10-31,54.7204704284668,67.98999786376953,68.38999938964844,67.80999755859375,67.9800033569336,541600,2026-09-30
2013-11-01,54.88947296142578,68.19999694824219,68.3499984741211,67.7699966430664,68.20999908447266,476400,2026-09-30
2013-11-04,55.17922592163086,68.55999755859375,68.58000183105469,68.2699966430664,68.29000091552734,499600,2026-09-30
2013-11-05,54.969974517822266,68.30000305175781,68.44999694824219,67.97000122070312,68.36000061035156,575300,2026-09-30
2013-11-06,55.07461166381836,68.43000030517578,68.68000030517578,68.22000122070312,68.61000061035156,1053100,2026-09-30
2013-11-07,54.29391860961914,67.45999908447266,68.6500015258789,67.37000274658203,68.5,664100,2026-09-30
2013-11-08,54.99412155151367,68.33000183105469,68.33000183105469,67.38999938964844,67.45999908447266,645600,2026-09-30
2013-11-11,55.0826530456543,68.44000244140625,68.48999786376953,68.2300033569336,68.31999969482422,383500,2026-09-30
2013-11-12,54.92167282104492,68.23999786376953,68.38999938964844,68.0199966430664,68.33000183105469,602200,2026-09-30
2013-11-13,55.4528694152832,68.9000015258789,68.9000015258789,67.87999725341797,67.98999786376953,899900,2026-09-30
2013-11-14,55.742618560791016,69.26000213623047,69.30000305175781,68.81999969482422,68.9800033569336,859900,2026-09-30
2013-11-15,55.976016998291016,69.55000305175781,69.55000305175781,69.23999786376953,69.43000030517578,696200,2026-09-30
2013-11-18,55.67017364501953,69.16999816894531,69.7300033569336,69.0,69.7300033569336,745000,2026-09-30
2013-11-19,55.42068099975586,68.86000061035156,69.26000213623047,68.7300033569336,69.16000366210938,483700,2026-09-30
2013-11-20,55.26775360107422,68.66999816894531,69.2300033569336,68.45999908447266,69.05000305175781,447100,2026-09-30
2013-11-21,55.75065612792969,69.2699966430664,69.31999969482422,68.80000305175781,68.87999725341797,636500,2026-09-30
2013-11-22,55.976016998291016,69.55000305175781,69.55999755859375,69.1500015258789,69.33000183105469,960400,2026-09-30
2013-11-25,55.85531997680664,69.4000015258789,69.73999786376953,69.30000305175781,69.73999786376953,521200,2026-09-30
2013-11-26,55.90357971191406,69.45999908447266,69.63999938964844,69.3499984741211,69.47000122070312,421300,2026-09-30
2013-11-27,56.0243034362793,69.61000061035156,69.66000366210938,69.44000244140625,69.56999969482422,439200,2026-09-30
2013-11-29,55.93577575683594,69.5,69.79000091552734,69.44000244140625,69.7699966430664,288100,2026-09-30
2013-12-02,55.81504440307617,69.3499984741211,69.75,69.26000213623047,69.52999877929688,527700,2026-09-30
2013-12-03,55.62189483642578,69.11000061035156,69.30999755859375,68.83000183105469,69.18000030517578,518800,2026-09-30
2013-12-04,55.53335189819336,69.0,69.33999633789062,68.43000030517578,68.80999755859375,388700,2026-09-30
2013-12-05,55.34019470214844,68.76000213623047,69.0199966430664,68.68000030517578,68.87000274658203,427600,2026-09-30
2013-12-06,55.96796417236328,69.54000091552734,69.58000183105469,69.23999786376953,69.48999786376953,326800,2026-09-30
2013-12-09,56.0243034362793,69.61000061035156,69.83000183105469,69.52999877929688,69.80999755859375,439700,2026-09-30
2013-12-10,55.89552307128906,69.44999694824219,69.7699966430664,69.41000366210938,69.47000122070312,407000,2026-09-30
2013-12-11,55.171199798583984,68.55000305175781,69.5,68.45999908447266,69.5,734900,2026-09-30
2013-12-12,55.05852127075195,68.41000366210938,68.66000366210938,68.2300033569336,68.51000213623047,600700,2026-09-30
2013-12-13,55.11484909057617,68.4800033569336,68.7300033569336,68.3499984741211,68.54000091552734,563200,2026-09-30
2013-12-16,55.517234802246094,68.9800033569336,69.13999938964844,68.83000183105469,68.83000183105469,359600,2026-09-30
2013-12-17,55.4528694152832,68.9000015258789,69.05000305175781,68.62999725341797,69.0,518000,2026-09-30
2013-12-18,56.273799896240234,69.91999816894531,69.93000030517578,68.3499984741211,69.0,832500,2026-09-30
2013-12-19,56.185272216796875,69.80999755859375,69.91999816894531,69.52999877929688,69.73999786376953,659400,2026-09-30
2013-12-20,56.63677978515625,70.12000274658203,70.2300033569336,69.62000274658203,69.70999908447266,1123300,2026-09-30
2013-12-23,56.911399841308594,70.45999908447266,70.5,70.27999877929688,70.41000366210938,666600,2026-09-30
2013-12-24,57.089107513427734,70.68000030517578,70.72000122070312,70.47000122070312,70.5199966430664,283800,2026-09-30
2013-12-26,57.28296661376953,70.91999816894531,70.97000122070312,70.79000091552734,70.9000015258789,3008100,2026-09-30
2013-12-27,57.299110412597656,70.94000244140625,71.06999969482422,70.87000274658203,71.06999969482422,469500,2026-09-30
2013-12-30,57.40410232543945,71.06999969482422,71.08000183105469,70.91999816894531,71.0,562400,2026-09-30
2013-12-31,57.54948806762695,71.25,71.3499984741211,71.05999755859375,71.2300033569336,608100,2026-09-30
2014-01-02,57.02446365356445,70.5999984741211,71.08000183105469,70.37999725341797,71.04000091552734,1288800,2026-09-30
2014-01-03,56.97601318359375,70.54000091552734,70.8499984741211,70.4800033569336,70.73999786376953,538200,2026-09-30
2014-01-06,56.798343658447266,70.31999969482422,70.88999938964844,70.26000213623047,70.68000030517578,593200,2026-09-30
2014-01-07,57.13753890991211,70.73999786376953,70.87000274658203,70.48999786376953,70.55999755859375,662800,2026-09-30
2014-01-08,57.22642135620117,70.8499984741211,70.93000030517578,70.54000091552734,70.80000305175781,747700,2026-09-30
2014-01-09,57.29103469848633,70.93000030517578,71.12000274658203,70.58000183105469,71.08000183105469,739000,2026-09-30
2014-01-10,57.54143524169922,71.23999786376953,71.26000213623047,70.87000274658203,71.0,520300,2026-09-30
2014-01-13,56.717559814453125,70.22000122070312,71.25,70.11000061035156,71.13999938964844,916400,2026-09-30
2014-01-14,57.37180709838867,71.02999877929688,71.05999755859375,70.33999633789062,70.4800033569336,579100,2026-09-30
2014-01-15,57.58181381225586,71.29000091552734,71.38999938964844,71.08999633789062,71.19000244140625,828900,2026-09-30
2014-01-16,57.52526092529297,71.22000122070312,71.22000122070312,70.94000244140625,71.19999694824219,856400,2026-09-30
2014-01-17,57.3314094543457,70.9800033569336,71.26000213623047,70.86000061035156,71.18000030517578,1078800,2026-09-30
2014-01-21,57.50910949707031,71.19999694824219,71.44000244140625,70.80999755859375,71.4000015258789,1065000,2026-09-30
2014-01-22,57.64641189575195,71.37000274658203,71.44999694824219,71.1500015258789,71.30000305175781,988400,2026-09-30
2014-01-23,57.08100891113281,70.66999816894531,71.12999725341797,70.33999633789062,71.12999725341797,992200,2026-09-30
2014-01-24,55.76445770263672,69.04000091552734,70.19999694824219,69.0199966430664,70.19999694824219,1371400,2026-09-30
2014-01-27,55.49790573120117,68.70999908447266,69.33000183105469,68.31999969482422,69.0199966430664,5040000,2026-09-30
2014-01-28,55.99869918823242,69.33000183105469,69.41999816894531,68.94999694824219,68.95999908447266,962200,2026-09-30
2014-01-29,55.489837646484375,68.69999694824219,69.19999694824219,68.55999755859375,68.8499984741211,1038000,2026-09-30
2014-01-30,56.11176681518555,69.47000122070312,69.66000366210938,69.0999984741211,69.2699966430664,721900,2026-09-30
2014-01-31,55.845218658447266,69.13999938964844,69.55999755859375,68.61000061035156,68.70999908447266,1048500,2026-09-30
2014-02-03,54.47212219238281,67.44000244140625,69.13999938964844,67.3499984741211,68.98999786376953,2004800,2026-09-30
2014-02-04,54.924434661865234,68.0,68.16000366210938,67.45999908447266,67.80000305175781,1671200,2026-09-30
2014-02-05,54.8275260925293,67.87999725341797,68.0199966430664,67.2300033569336,67.81999969482422,1172300,2026-09-30
2014-02-06,55.61906433105469,68.86000061035156,68.87000274658203,67.97000122070312,68.0999984741211,674000,2026-09-30
2014-02-07,56.30562210083008,69.70999908447266,69.76000213623047,68.95999908447266,69.19999694824219,873100,2026-09-30
2014-02-10,56.40254211425781,69.83000183105469,69.86000061035156,69.4800033569336,69.72000122070312,676900,2026-09-30
2014-02-11,56.97601318359375,70.54000091552734,70.68000030517578,69.8499984741211,69.9000015258789,945100,2026-09-30
2014-02-12,57.04869842529297,70.62999725341797,70.93000030517578,70.51000213623047,70.7300033569336,1573100,2026-09-30
2014-02-13,57.40410232543945,71.06999969482422,71.12000274658203,70.08000183105469,70.19999694824219,837300,2026-09-30
2014-02-14,57.694862365722656,71.43000030517578,71.5,70.88999938964844,71.02999877929688,696300,2026-09-30
2014-02-18,57.90489959716797,71.69000244140625,71.75,71.33999633789062,71.58999633789062,944500,2026-09-30
2014-02-19,57.64641189575195,71.37000274658203,72.02999877929688,71.27999877929688,71.55999755859375,680600,2026-09-30
2014-02-20,58.0583610534668,71.87999725341797,71.98999786376953,71.20999908447266,71.41999816894531,468400,2026-09-30
2014-02-21,58.09065246582031,71.91999816894531,72.19000244140625,71.8499984741211,72.02999877929688,635700,2026-09-30
2014-02-24,58.397605895996094,72.30000305175781,72.81999969482422,72.05999755859375,72.05999755859375,1212700,2026-09-30
2014-02-25,58.349117279052734,72.23999786376953,72.52999877929688,71.98999786376953,72.36000061035156,757800,2026-09-30
2014-02-26,58.421836853027344,72.33000183105469,72.6500015258789,72.16999816894531,72.22000122070312,995300,2026-09-30
2014-02-27,58.66413497924805,72.62999725341797,72.66000366210938,72.18000030517578,72.26000213623047,550000,2026-09-30
2014-02-28,58.825679779052734,72.83000183105469,73.13999938964844,72.37999725341797,72.66000366210938,848300,2026-09-30
2014-03-03,58.41374588012695,72.31999969482422,72.51000213623047,71.87000274658203,72.26000213623047,1003300,2026-09-30
2014-03-04,59.28607940673828,73.4000015258789,73.51000213623047,73.05999755859375,73.13999938964844,852400,2026-09-30
2014-03-05,59.2537841796875,73.36000061035156,73.51000213623047,73.27999877929688,73.44999694824219,1105600,2026-09-30
2014-03-06,59.407222747802734,73.55000305175781,73.72000122070312,73.47000122070312,73.5999984741211,699500,2026-09-30
2014-03-07,59.407222747802734,73.55000305175781,73.87000274658203,73.26000213623047,73.83999633789062,757400,2026-09-30
2014-03-10,59.26993942260742,73.37999725341797,73.52999877929688,73.0199966430664,73.45999908447266,506100,2026-09-30
2014-03-11,58.9630012512207,73.0,73.63999938964844,72.83000183105469,73.5199966430664,717400,2026-09-30
2014-03-12,58.98723602294922,73.02999877929688,73.04000091552734,72.44000244140625,72.63999938964844,508900,2026-09-30
2014-03-13,58.31681442260742,72.19999694824219,73.27999877929688,71.98999786376953,73.27999877929688,890300,2026-09-30
2014-03-14,58.284523010253906,72.16000366210938,72.54000091552734,72.0,72.06999969482422,613600,2026-09-30
2014-03-17,58.769134521484375,72.76000213623047,72.91999816894531,72.41999816894531,72.58000183105469,703000,2026-09-30
2014-03-18,59.221473693847656,73.31999969482422,73.37999725341797,72.86000061035156,72.91999816894531,804200,2026-09-30
2014-03-19,58.89837646484375,72.91999816894531,73.48999786376953,72.4800033569336,73.48999786376953,667000,2026-09-30
2014-03-20,59.148765563964844,73.2300033569336,73.30999755859375,72.61000061035156,72.73999786376953,1068400,2026-09-30
2014-03-21,59.06120300292969,72.83999633789062,73.54000091552734,72.77999877929688,73.33000183105469,699800,2026-09-30
2014-03-24,58.639564514160156,72.31999969482422,73.19000244140625,72.05999755859375,73.02999877929688,704700,2026-09-30
2014-03-25,58.834163665771484,72.55999755859375,72.87000274658203,72.22000122070312,72.68000030517578,415000,2026-09-30
2014-03-26,58.380096435546875,72.0,72.98999786376953,71.98999786376953,72.86000061035156,565500,2026-09-30
2014-03-27,58.266578674316406,71.86000061035156,72.13999938964844,71.58999633789062,71.9000015258789,894300,2026-09-30
2014-03-28,58.64768600463867,72.33000183105469,72.6500015258789,72.0199966430664,72.08000183105469,361200,2026-09-30
2014-03-31,59.182830810546875,72.98999786376953,73.08999633789062,72.70999908447266,72.80000305175781,662200,2026-09-30
2014-04-01,59.677425384521484,73.5999984741211,73.61000061035156,73.18000030517578,73.29000091552734,1161500,2026-09-30
2014-04-02,59.91257095336914,73.88999938964844,73.98999786376953,73.51000213623047,73.7300033569336,2711600,2026-09-30
2014-04-03,59.8395881652832,73.80000305175781,74.05000305175781,73.55000305175781,74.02999877929688,528300,2026-09-30
2014-04-04,59.15851974487305,72.95999908447266,74.30000305175781,72.81999969482422,74.19000244140625,794200,2026-09-30
2014-04-07,58.371978759765625,71.98999786376953,72.88999938964844,71.80000305175781,72.80999755859375,699500,2026-09-30
2014-04-08,58.688232421875,72.37999725341797,72.5,71.72000122070312,71.98999786376953,607600,2026-09-30
2014-04-09,59.25580596923828,73.08000183105469,73.08000183105469,72.3499984741211,72.58000183105469,727000,2026-09-30
2014-04-10,58.01522445678711,71.55000305175781,73.12999725341797,71.44999694824219,73.08000183105469,881200,2026-09-30
2014-04-11,57.358421325683594,70.73999786376953,71.55000305175781,70.62999725341797,71.1500015258789,1317500,2026-09-30
2014-04-14,57.869258880615234,71.37000274658203,71.5199966430664,70.79000091552734,71.16999816894531,682100,2026-09-30
2014-04-15,58.23414993286133,71.81999969482422,71.86000061035156,70.75,71.51000213623047,1692800,2026-09-30
2014-04-16,58.834163665771484,72.55999755859375,72.55999755859375,72.0,72.33999633789062,805300,2026-09-30
2014-04-17,58.93959045410156,72.69000244140625,72.8499984741211,72.37000274658203,72.55999755859375,637400,2026-09-30
2014-04-21,59.09364700317383,72.87999725341797,72.88999938964844,72.54000091552734,72.72000122070312,1466900,2026-09-30
2014-04-22,59.3611946105957,73.20999908447266,73.41000366210938,72.91000366210938,72.95999908447266,868600,2026-09-30
2014-04-23,59.312557220458984,73.1500015258789,73.3499984741211,73.05999755859375,73.19999694824219,585400,2026-09-30
2014-04-24,59.39363098144531,73.25,73.5,72.91999816894531,73.4800033569336,703200,2026-09-30
2014-04-25,58.85039520263672,72.58000183105469,73.0199966430664,72.41999816894531,73.01000213623047,709800,2026-09-30
2014-04-28,58.834163665771484,72.55999755859375,72.98999786376953,71.8499984741211,72.81999969482422,639800,2026-09-30
2014-04-29,59.09364700317383,72.87999725341797,72.95999908447266,72.5999984741211,72.83999633789062,435200,2026-09-30
2014-04-30,59.40986251831055,73.2699966430664,73.2699966430664,72.69000244140625,72.73999786376953,575800,2026-09-30
2014-05-01,59.43418884277344,73.30000305175781,73.5,72.97000122070312,73.2699966430664,1007800,2026-09-30
2014-05-02,59.39363098144531,73.25,73.70999908447266,73.18000030517578,73.30000305175781,822800,2026-09-30
2014-05-05,59.47471237182617,73.3499984741211,73.38999938964844,72.66000366210938,72.94999694824219,686000,2026-09-30
2014-05-06,58.97201156616211,72.7300033569336,73.27999877929688,72.7300033569336,73.2300033569336,359200,2026-09-30
2014-05-07,59.32878494262695,73.16999816894531,73.19999694824219,72.41999816894531,72.97000122070312,475100,2026-09-30
2014-05-08,59.247684478759766,73.06999969482422,73.72000122070312,72.81999969482422,73.04000091552734,958400,2026-09-30
2014-05-09,59.33687973022461,73.18000030517578,73.18000030517578,72.70999908447266,73.0999984741211,375800,2026-09-30
2014-05-12,59.99366760253906,73.98999786376953,74.0199966430664,73.44999694824219,73.48999786376953,2469700,2026-09-30
2014-05-13,59.96931838989258,73.95999908447266,74.23999786376953,73.91000366210938,74.08000183105469,1860400,2026-09-30
2014-05-14,59.62067413330078,73.52999877929688,73.94999694824219,73.44999694824219,73.93000030517578,850800,2026-09-30
2014-05-15,59.109840393066406,72.9000015258789,73.44000244140625,72.4000015258789,73.44000244140625,861000,2026-09-30
2014-05-16,59.35309600830078,73.19999694824219,73.19999694824219,72.62999725341797,72.91000366210938,641300,2026-09-30
2014-05-19,59.5720329284668,73.47000122070312,73.51000213623047,72.95999908447266,73.0999984741211,791900,2026-09-30
2014-05-20,59.05308151245117,72.83000183105469,73.37999725341797,72.66000366210938,73.37999725341797,613500,2026-09-30
2014-05-21,59.48283386230469,73.36000061035156,73.37999725341797,72.98999786376953,73.08999633789062,562900,2026-09-30
2014-05-22,59.66120910644531,73.58000183105469,73.7699966430664,73.27999877929688,73.41999816894531,438300,2026-09-30
2014-05-23,59.96931838989258,73.95999908447266,73.97000122070312,73.58999633789062,73.66999816894531,608200,2026-09-30
2014-05-27,60.317996978759766,74.38999938964844,74.43000030517578,74.19999694824219,74.2699966430664,822200,2026-09-30
2014-05-28,60.253116607666016,74.30999755859375,74.52999877929688,74.18000030517578,74.51000213623047,1270700,2026-09-30
2014-05-29,60.60987854003906,74.75,74.75,74.29000091552734,74.52999877929688,608100,2026-09-30
2014-05-30,60.69098663330078,74.8499984741211,74.87000274658203,74.58999633789062,74.69999694824219,1143200,2026-09-30
2014-06-02,60.79637145996094,74.9800033569336,75.0199966430664,74.58000183105469,74.95999908447266,392500,2026-09-30
2014-06-03,60.78016662597656,74.95999908447266,75.0,74.72000122070312,74.81999969482422,411700,2026-09-30
2014-06-04,60.96666717529297,75.19000244140625,75.2300033569336,74.76000213623047,74.80000305175781,469500,2026-09-30
2014-06-05,61.38017654418945,75.69999694824219,75.76000213623047,74.94999694824219,75.36000061035156,468700,2026-09-30
2014-06-06,61.70454406738281,76.0999984741211,76.16000366210938,75.81999969482422,75.88999938964844,598200,2026-09-30
2014-06-09,61.79373550415039,76.20999908447266,76.44000244140625,76.02999877929688,76.12000274658203,434800,2026-09-30
2014-06-10,61.680198669433594,76.06999969482422,76.11000061035156,75.87000274658203,76.11000061035156,772700,2026-09-30
2014-06-11,61.46126174926758,75.80000305175781,75.87000274658203,75.62000274658203,75.80000305175781,675500,2026-09-30
2014-06-12,61.104496002197266,75.36000061035156,75.79000091552734,75.1500015258789,75.70999908447266,619900,2026-09-30
2014-06-13,61.3153076171875,75.62000274658203,75.66999816894531,75.19999694824219,75.41999816894531,480400,2026-09-30
2014-06-16,61.42072296142578,75.75,75.86000061035156,75.4800033569336,75.55999755859375,399700,2026-09-30
2014-06-17,61.70454406738281,76.0999984741211,76.1500015258789,75.58999633789062,75.66999816894531,389900,2026-09-30
2014-06-18,62.16670608520508,76.66999816894531,76.69000244140625,75.94999694824219,76.12999725341797,486200,2026-09-30
2014-06-19,62.25588607788086,76.77999877929688,76.80999755859375,76.4800033569336,76.7699966430664,420100,2026-09-30
2014-06-20,62.44307327270508,76.7300033569336,76.7300033569336,76.55000305175781,76.7300033569336,388800,2026-09-30
2014-06-23,62.3860969543457,76.66000366210938,76.80999755859375,76.55999755859375,76.75,600600,2026-09-30
2014-06-24,61.9384880065918,76.11000061035156,76.9000015258789,76.11000061035156,76.55999755859375,700100,2026-09-30
2014-06-25,62.23147964477539,76.47000122070312,76.52999877929688,75.94999694824219,76.0,476400,2026-09-30
2014-06-26,62.23961639404297,76.4800033569336,76.55000305175781,75.94999694824219,76.55000305175781,1057100,2026-09-30
2014-06-27,62.402366638183594,76.68000030517578,76.68000030517578,76.30000305175781,76.30000305175781,314700,2026-09-30
2014-06-30,62.42681884765625,76.70999908447266,76.77999877929688,76.55000305175781,76.62999725341797,770800,2026-09-30
2014-07-01,62.752315521240234,77.11000061035156,77.36000061035156,76.87000274658203,76.87000274658203,623100,2026-09-30
2014-07-02,62.711631774902344,77.05999755859375,77.19999694824219,76.97000122070312,77.18000030517578,452200,2026-09-30
2014-07-03,63.06967544555664,77.5,77.5,77.22000122070312,77.33000183105469,482400,2026-09-30
2014-07-07,62.66278076171875,77.0,77.37999725341797,76.94999694824219,77.37999725341797,505600,2026-09-30
2014-07-08,62.33726501464844,76.5999984741211,76.97000122070312,76.37000274658203,76.9000015258789,670800,2026-09-30
2014-07-09,62.58954620361328,76.91000366210938,76.94999694824219,76.62999725341797,76.7699966430664,417000,2026-09-30
2014-07-10,62.296573638916016,76.55000305175781,76.73999786376953,76.04000091552734,76.0999984741211,1011200,2026-09-30
2014-07-11,62.3128662109375,76.56999969482422,76.62999725341797,76.27999877929688,76.45999908447266,358500,2026-09-30
2014-07-14,62.532588958740234,76.83999633789062,77.0,76.79000091552734,76.95999908447266,561600,2026-09-30
2014-07-15,62.37797546386719,76.6500015258789,77.05000305175781,76.33999633789062,76.87999725341797,436000,2026-09-30
2014-07-16,62.58954620361328,76.91000366210938,77.0199966430664,76.62999725341797,76.97000122070312,574600,2026-09-30
2014-07-17,61.83271408081055,75.9800033569336,76.87999725341797,75.87999725341797,76.63999938964844,938000,2026-09-30
2014-07-18,62.43492126464844,76.72000122070312,76.77999877929688,76.16000366210938,76.20999908447266,768200,2026-09-30
2014-07-21,62.30470275878906,76.55999755859375,76.62999725341797,76.22000122070312,76.48999786376953,449500,2026-09-30
2014-07-22,62.5814094543457,76.9000015258789,77.05000305175781,76.80999755859375,76.86000061035156,1181600,2026-09-30
2014-07-23,62.60581970214844,76.93000030517578,77.0,76.72000122070312,76.95999908447266,299700,2026-09-30
2014-07-24,62.736045837402344,77.08999633789062,77.16999816894531,76.91000366210938,77.02999877929688,438600,2026-09-30
2014-07-25,62.45119094848633,76.73999786376953,76.97000122070312,76.62999725341797,76.88999938964844,385000,2026-09-30
2014-07-28,62.4593391418457,76.75,76.86000061035156,76.3499984741211,76.80999755859375,391100,2026-09-30
2014-07-29,62.1663703918457,76.38999938964844,77.02999877929688,76.38999938964844,76.91999816894531,633600,2026-09-30
2014-07-30,62.158203125,76.37999725341797,76.80999755859375,76.08999633789062,76.66000366210938,366500,2026-09-30
2014-07-31,60.970069885253906,74.91999816894531,75.95999908447266,74.91000366210938,75.87999725341797,963100,2026-09-30
2014-08-01,60.839847564697266,74.76000213623047,75.20999908447266,74.33000183105469,74.80000305175781,1060200,2026-09-30
2014-08-04,61.2630500793457,75.27999877929688,75.37999725341797,74.5199966430664,74.80000305175781,614600,2026-09-30
2014-08-05,60.70148849487305,74.58999633789062,75.27999877929688,74.38999938964844,74.95999908447266,638000,2026-09-30
2014-08-06,60.70965576171875,74.5999984741211,74.91999816894531,74.22000122070312,74.29000091552734,519200,2026-09-30
2014-08-07,60.36786651611328,74.18000030517578,74.98999786376953,74.0199966430664,74.95999908447266,701300,2026-09-30
2014-08-08,61.17353439331055,75.16999816894531,75.19999694824219,74.19000244140625,74.29000091552734,790700,2026-09-30
2014-08-11,61.352577209472656,75.38999938964844,75.73999786376953,75.37000274658203,75.47000122070312,761300,2026-09-30
2014-08-12,61.22236633300781,75.2300033569336,75.52999877929688,75.02999877929688,75.33999633789062,475500,2026-09-30
2014-08-13,61.62925338745117,75.7300033569336,75.76000213623047,75.33000183105469,75.44999694824219,429100,2026-09-30
2014-08-14,61.9222412109375,76.08999633789062,76.08999633789062,75.72000122070312,75.80999755859375,655600,2026-09-30
2014-08-15,61.89781188964844,76.05999755859375,76.44000244140625,75.55000305175781,76.37999725341797,878800,2026-09-30
2014-08-18,62.44307327270508,76.7300033569336,76.73999786376953,76.44000244140625,76.5,802900,2026-09-30
2014-08-19,62.77671813964844,77.13999938964844,77.16000366210938,76.87000274658203,76.88999938964844,2802800,2026-09-30
2014-08-20,62.99645233154297,77.41000366210938,77.47000122070312,77.0,77.02999877929688,597100,2026-09-30
2014-08-21,63.10224151611328,77.54000091552734,77.62999725341797,77.33000183105469,77.47000122070312,947800,2026-09-30
2014-08-22,62.99645233154297,77.41000366210938,77.58000183105469,77.22000122070312,77.5,380000,2026-09-30
2014-08-25,63.30567932128906,77.79000091552734,77.9000015258789,77.63999938964844,77.86000061035156,595600,2026-09-30
2014-08-26,63.362674713134766,77.86000061035156,78.05000305175781,77.80999755859375,77.87000274658203,742900,2026-09-30
2014-08-27,63.3300895690918,77.81999969482422,77.95999908447266,77.68000030517578,77.91999816894531,389100,2026-09-30
2014-08-28,63.30567932128906,77.79000091552734,77.83999633789062,77.41000366210938,77.5199966430664,330200,2026-09-30
2014-08-29,63.53357696533203,78.06999969482422,78.08999633789062,77.70999908447266,77.95999908447266,312800,2026-09-30
2014-09-02,63.4847297668457,78.01000213623047,78.2300033569336,77.7699966430664,78.20999908447266,749900,2026-09-30
2014-09-03,63.53357696533203,78.06999969482422,78.37000274658203,77.98999786376953,78.30999755859375,563100,2026-09-30
2014-09-04,63.45216369628906,77.97000122070312,78.4800033569336,77.7699966430664,78.19000244140625,537100,2026-09-30
2014-09-05,63.73699188232422,78.31999969482422,78.33000183105469,77.66999816894531,77.9000015258789,650600,2026-09-30
2014-09-08,63.54982376098633,78.08999633789062,78.3499984741211,77.83000183105469,78.20999908447266,2283100,2026-09-30
2014-09-09,63.09408950805664,77.52999877929688,78.12999725341797,77.37999725341797,78.05000305175781,909200,2026-09-30
2014-09-10,63.22430419921875,77.69000244140625,77.72000122070312,77.22000122070312,77.61000061035156,472500,2026-09-30
2014-09-11,63.338226318359375,77.83000183105469,77.83999633789062,77.36000061035156,77.4000015258789,461600,2026-09-30
2014-09-12,62.88249206542969,77.2699966430664,77.75,77.02999877929688,77.75,455800,2026-09-30
2014-09-15,62.74414825439453,77.0999984741211,77.2699966430664,76.91999816894531,77.2699966430664,421000,2026-09-30
2014-09-16,63.175479888916016,77.62999725341797,77.79000091552734,76.94999694824219,77.02999877929688,665100,2026-09-30
2014-09-17,63.23245620727539,77.69999694824219,78.06999969482422,77.33999633789062,77.79000091552734,813500,2026-09-30
2014-09-18,63.46842956542969,77.98999786376953,78.0199966430664,77.80000305175781,77.95999908447266,673700,2026-09-30
2014-09-19,63.32798767089844,77.55000305175781,78.05999755859375,77.37000274658203,77.95999908447266,648600,2026-09-30
2014-09-22,62.740055084228516,76.83000183105469,77.52999877929688,76.70999908447266,77.41000366210938,696800,2026-09-30
2014-09-23,62.299068450927734,76.29000091552734,76.86000061035156,76.2699966430664,76.58999633789062,3144900,2026-09-30
2014-09-24,62.78904724121094,76.88999938964844,76.91999816894531,76.08999633789062,76.33999633789062,507300,2026-09-30
2014-09-25,61.85808181762695,75.75,76.69999694824219,75.69999694824219,76.69999694824219,1218500,2026-09-30
2014-09-26,62.2908935546875,76.27999877929688,76.43000030517578,75.7699966430664,75.8499984741211,1244800,2026-09-30
2014-09-29,62.17658615112305,76.13999938964844,76.27999877929688,75.54000091552734,75.69999694824219,730300,2026-09-30
2014-09-30,61.890743255615234,75.79000091552734,76.36000061035156,75.68000030517578,76.27999877929688,856400,2026-09-30
2014-10-01,61.06598663330078,74.77999877929688,75.80000305175781,74.62000274658203,75.7300033569336,1395700,2026-09-30
2014-10-02,61.13128662109375,74.86000061035156,75.11000061035156,73.97000122070312,74.72000122070312,1386900,2026-09-30
2014-10-03,61.73561096191406,75.5999984741211,75.7699966430664,75.12000274658203,75.38999938964844,2087100,2026-09-30
2014-10-06,61.63762664794922,75.4800033569336,76.05999755859375,75.2300033569336,75.93000030517578,752800,2026-09-30
2014-10-07,60.64134216308594,74.26000213623047,75.25,74.25,75.13999938964844,929900,2026-09-30
2014-10-08,61.653961181640625,75.5,75.58000183105469,73.86000061035156,74.36000061035156,1814200,2026-09-30
2014-10-09,60.28205108642578,73.81999969482422,75.41999816894531,73.80000305175781,75.30999755859375,1127100,2026-09-30
2014-10-10,59.54710006713867,72.91999816894531,74.16000366210938,72.91999816894531,73.83999633789062,1737700,2026-09-30
2014-10-13,58.53451156616211,71.68000030517578,73.20999908447266,71.62999725341797,72.91999816894531,2663300,2026-09-30
2014-10-14,58.852989196777344,72.06999969482422,72.87000274658203,71.81999969482422,72.01000213623047,1894200,2026-09-30
2014-10-15,58.62434005737305,71.79000091552734,72.0199966430664,70.01000213623047,71.25,3965000,2026-09-30
2014-10-16,58.812164306640625,72.0199966430664,72.4800033569336,70.26000213623047,70.52999877929688,1943400,2026-09-30
2014-10-17,59.465423583984375,72.81999969482422,73.26000213623047,72.41000366210938,72.94999694824219,1400200,2026-09-30
2014-10-20,60.0942268371582,73.58999633789062,73.61000061035156,72.70999908447266,72.77999877929688,1203700,2026-09-30
2014-10-21,61.34366226196289,75.12000274658203,75.19999694824219,73.95999908447266,74.04000091552734,2040600,2026-09-30
2014-10-22,60.829166412353516,74.48999786376953,75.48999786376953,74.45999908447266,75.30000305175781,2232800,2026-09-30
2014-10-23,61.55594253540039,75.37999725341797,75.87999725341797,75.11000061035156,75.20999908447266,1120200,2026-09-30
2014-10-24,61.99693298339844,75.91999816894531,75.9800033569336,75.16000366210938,75.41999816894531,1127000,2026-09-30
2014-10-27,61.890743255615234,75.79000091552734,75.9000015258789,75.30000305175781,75.7300033569336,1009200,2026-09-30
2014-10-28,62.67470932006836,76.75,76.75,75.91999816894531,76.11000061035156,883600,2026-09-30
2014-10-29,62.544044494628906,76.58999633789062,77.05000305175781,76.04000091552734,76.86000061035156,827000,2026-09-30
2014-10-30,62.99318313598633,77.13999938964844,77.36000061035156,76.33999633789062,76.4000015258789,1260500,2026-09-30
2014-10-31,63.76081848144531,78.08000183105469,78.19000244140625,77.6500015258789,78.13999938964844,1369200,2026-09-30
2014-11-03,63.77711486816406,78.0999984741211,78.44999694824219,77.94000244140625,78.26000213623047,1193000,2026-09-30
2014-11-04,63.45866012573242,77.70999908447266,77.9800033569336,77.37000274658203,77.93000030517578,998200,2026-09-30
2014-11-05,63.9486083984375,78.30999755859375,78.3499984741211,77.95999908447266,78.2699966430664,1153900,2026-09-30
2014-11-06,64.23442077636719,78.66000366210938,78.69000244140625,78.02999877929688,78.37000274658203,1113700,2026-09-30
2014-11-07,64.31607818603516,78.76000213623047,78.86000061035156,78.44000244140625,78.66999816894531,826700,2026-09-30
2014-11-10,64.47940826416016,78.95999908447266,79.0199966430664,78.72000122070312,78.80999755859375,797900,2026-09-30
2014-11-11,64.49571228027344,78.9800033569336,79.08999633789062,78.81999969482422,79.02999877929688,835600,2026-09-30
2014-11-12,64.50389862060547,78.98999786376953,79.06999969482422,78.69000244140625,78.7300033569336,594700,2026-09-30
2014-11-13,64.38141632080078,78.83999633789062,79.16999816894531,78.5199966430664,79.08000183105469,666000,2026-09-30
2014-11-14,64.4140853881836,78.87999725341797,78.98999786376953,78.66000366210938,78.87000274658203,987900,2026-09-30
2014-11-17,64.50389862060547,78.98999786376953,79.05000305175781,78.66999816894531,78.69000244140625,1217700,2026-09-30
2014-11-18,64.91221618652344,79.48999786376953,79.61000061035156,79.0199966430664,79.05999755859375,1043500,2026-09-30
2014-11-19,64.77340698242188,79.31999969482422,79.48999786376953,79.0,79.4000015258789,1293100,2026-09-30
2014-11-20,65.00203704833984,79.5999984741211,79.66999816894531,78.94999694824219,78.98999786376953,849900,2026-09-30
2014-11-21,65.3940200805664,80.08000183105469,80.47000122070312,79.83000183105469,80.41000366210938,1177300,2026-09-30
2014-11-24,65.6226577758789,80.36000061035156,80.38999938964844,80.18000030517578,80.31999969482422,754700,2026-09-30
2014-11-25,65.57366180419922,80.30000305175781,80.58000183105469,80.0999984741211,80.47000122070312,1117600,2026-09-30
2014-11-26,65.614501953125,80.3499984741211,80.44000244140625,80.16999816894531,80.36000061035156,568100,2026-09-30
2014-11-28,65.4593505859375,80.16000366210938,80.4000015258789,80.04000091552734,80.31999969482422,300200,2026-09-30
2014-12-01,64.94488525390625,79.52999877929688,79.91000366210938,79.33999633789062,79.81999969482422,1250900,2026-09-30
2014-12-02,65.29603576660156,79.95999908447266,80.0199966430664,79.44999694824219,79.51000213623047,1224900,2026-09-30
2014-12-03,65.68801879882812,80.44000244140625,80.5199966430664,79.91999816894531,80.04000091552734,726700,2026-09-30
2014-12-04,65.5491714477539,80.2699966430664,80.5199966430664,79.95999908447266,80.33999633789062,1254500,2026-09-30
2014-12-05,65.67168426513672,80.41999816894531,80.55000305175781,80.20999908447266,80.38999938964844,850600,2026-09-30
2014-12-08,65.18168640136719,79.81999969482422,80.4800033569336,79.56999969482422,80.27999877929688,1190600,2026-09-30
2014-12-09,65.24700927734375,79.9000015258789,79.94999694824219,78.97000122070312,79.05999755859375,1508000,2026-09-30
2014-12-10,64.1772689819336,78.58999633789062,79.72000122070312,78.4800033569336,79.70999908447266,1757700,2026-09-30
2014-12-11,64.50389862060547,78.98999786376953,79.68000030517578,78.79000091552734,78.79000091552734,1587400,2026-09-30
2014-12-12,63.499473571777344,77.76000213623047,78.80000305175781,77.70999908447266,78.47000122070312,1211900,2026-09-30
2014-12-15,63.18101501464844,77.37000274658203,78.36000061035156,76.9800033569336,78.16999816894531,1518900,2026-09-30
2014-12-16,62.78904724121094,76.88999938964844,78.43000030517578,76.83000183105469,76.94000244140625,1379000,2026-09-30
2014-12-17,64.07926177978516,78.47000122070312,78.62000274658203,77.04000091552734,77.1500015258789,1772300,2026-09-30
2014-12-18,65.49200439453125,80.19999694824219,80.19999694824219,79.1500015258789,79.56999969482422,1909600,2026-09-30
2014-12-19,65.79952239990234,80.23999786376953,80.56999969482422,79.93000030517578,80.22000122070312,2656100,2026-09-30
2014-12-22,66.07012176513672,80.56999969482422,80.56999969482422,80.12999725341797,80.41999816894531,1052300,2026-09-30
2014-12-23,66.29154205322266,80.83999633789062,81.0199966430664,80.77999877929688,80.87999725341797,1439800,2026-09-30
2014-12-24,66.29975128173828,80.8499984741211,81.02999877929688,80.80000305175781,80.9000015258789,491500,2026-09-30
2014-12-26,66.46372985839844,81.05000305175781,81.2300033569336,81.0199966430664,81.06999969482422,1068300,2026-09-30
2014-12-29,66.6441421508789,81.2699966430664,81.37999725341797,80.95999908447266,80.97000122070312,825500,2026-09-30
2014-12-30,66.25054931640625,80.79000091552734,81.16000366210938,80.79000091552734,81.08999633789062,1109600,2026-09-30
2014-12-31,65.64371490478516,80.05000305175781,81.02999877929688,80.0,81.02999877929688,1279600,2026-09-30
2015-01-02,65.62730407714844,80.02999877929688,80.55000305175781,79.45999908447266,80.37999725341797,2049100,2026-09-30
2015-01-05,64.32345581054688,78.44000244140625,79.5999984741211,78.2300033569336,79.56999969482422,3922400,2026-09-30
2015-01-06,63.626426696777344,77.58999633789062,78.7300033569336,77.18000030517578,78.51000213623047,2766800,2026-09-30
2015-01-07,64.38904571533203,78.5199966430664,78.63999938964844,77.94999694824219,78.2699966430664,1216800,2026-09-30
2015-01-08,65.52069091796875,79.9000015258789,79.97000122070312,79.1500015258789,79.19000244140625,1951500,2026-09-30
2015-01-09,64.9876937866211,79.25,80.08000183105469,78.94999694824219,80.06999969482422,1569300,2026-09-30
2015-01-12,64.3398666381836,78.45999908447266,79.26000213623047,78.19999694824219,79.26000213623047,1517300,2026-09-30
2015-01-13,64.17586517333984,78.26000213623047,79.55999755859375,77.62999725341797,79.02999877929688,1828000,2026-09-30
2015-01-14,63.83964538574219,77.8499984741211,77.88999938964844,76.8499984741211,77.33999633789062,2031000,2026-09-30
2015-01-15,63.249210357666016,77.12999725341797,78.36000061035156,77.06999969482422,78.1500015258789,1685600,2026-09-30
2015-01-16,64.11843872070312,78.19000244140625,78.27999877929688,76.94000244140625,77.08999633789062,994700,2026-09-30
2015-01-20,64.15125274658203,78.2300033569336,78.55000305175781,77.51000213623047,78.43000030517578,1499800,2026-09-30
2015-01-21,64.59403991699219,78.7699966430664,78.93000030517578,77.86000061035156,78.02999877929688,1388000,2026-09-30
2015-01-22,65.49613189697266,79.87000274658203,79.94000244140625,78.5,79.12999725341797,1203000,2026-09-30
2015-01-23,65.14350128173828,79.44000244140625,79.86000061035156,79.38999938964844,79.79000091552734,1144600,2026-09-30
2015-01-26,65.46329498291016,79.83000183105469,79.83999633789062,79.0,79.41000366210938,711200,2026-09-30
2015-01-27,64.93848419189453,79.19000244140625,79.62000274658203,78.66000366210938,79.0199966430664,1114700,2026-09-30
2015-01-28,63.94623947143555,77.9800033569336,79.55999755859375,77.91999816894531,79.55999755859375,1307500,2026-09-30
2015-01-29,64.53663635253906,78.69999694824219,78.83999633789062,77.44000244140625,78.0999984741211,862300,2026-09-30
2015-01-30,63.7248420715332,77.70999908447266,78.77999877929688,77.66000366210938,78.19999694824219,910900,2026-09-30
2015-02-02,64.41366577148438,78.55000305175781,78.80999755859375,77.16000366210938,78.04000091552734,4156900,2026-09-30
2015-02-03,65.73392486572266,80.16000366210938,80.16000366210938,79.04000091552734,79.12000274658203,1386700,2026-09-30
2015-02-04,65.36489868164062,79.70999908447266,80.20999908447266,79.51000213623047,79.75,1110900,2026-09-30
2015-02-05,66.1357421875,80.6500015258789,80.66000366210938,80.0,80.06999969482422,1080700,2026-09-30
2015-02-06,65.85694885253906,80.30999755859375,80.91999816894531,80.08999633789062,80.7699966430664,935300,2026-09-30
2015-02-09,65.62730407714844,80.02999877929688,80.37999725341797,79.83999633789062,80.08000183105469,972300,2026-09-30
2015-02-10,66.26692962646484,80.80999755859375,80.9000015258789,79.94000244140625,80.4000015258789,1217800,2026-09-30
2015-02-11,66.20134735107422,80.7300033569336,80.93000030517578,80.33999633789062,80.66000366210938,936700,2026-09-30
2015-02-12,66.90655517578125,81.58999633789062,81.5999984741211,81.02999877929688,81.13999938964844,1408400,2026-09-30
2015-02-13,67.1689682006836,81.91000366210938,81.94999694824219,81.52999877929688,81.62000274658203,1482300,2026-09-30
2015-02-17,67.34121704101562,82.12000274658203,82.18000030517578,81.62999725341797,81.83999633789062,891200,2026-09-30
2015-02-18,67.4067611694336,82.19999694824219,82.22000122070312,81.81999969482422,81.94999694824219,939900,2026-09-30
2015-02-19,67.37401580810547,82.16000366210938,82.33999633789062,81.79000091552734,81.91999816894531,861300,2026-09-30
2015-02-20,67.74299621582031,82.61000061035156,82.62000274658203,81.61000061035156,82.0199966430664,1126900,2026-09-30
2015-02-23,67.6609878540039,82.51000213623047,82.55000305175781,82.23999786376953,82.54000091552734,1098100,2026-09-30
2015-02-24,67.78400421142578,82.66000366210938,82.73999786376953,82.33000183105469,82.52999877929688,817300,2026-09-30
2015-02-25,67.77580261230469,82.6500015258789,82.86000061035156,82.4800033569336,82.6500015258789,866200,2026-09-30
2015-02-26,67.49697875976562,82.30999755859375,82.66999816894531,82.08000183105469,82.61000061035156,901700,2026-09-30
2015-02-27,67.37401580810547,82.16000366210938,82.44999694824219,82.12000274658203,82.30999755859375,960000,2026-09-30
2015-03-02,67.70198059082031,82.55999755859375,82.62000274658203,82.11000061035156,82.2699966430664,1068200,2026-09-30
2015-03-03,67.44779205322266,82.25,82.43000030517578,81.9000015258789,82.4000015258789,1283200,2026-09-30
2015-03-04,67.12798309326172,81.86000061035156,81.98999786376953,81.4000015258789,81.98999786376953,641700,2026-09-30
2015-03-05,67.2509765625,82.01000213623047,82.06999969482422,81.76000213623047,82.02999877929688,1991100,2026-09-30
2015-03-06,66.2423324584961,80.77999877929688,81.70999908447266,80.61000061035156,81.58000183105469,974600,2026-09-30
2015-03-09,66.40633392333984,80.9800033569336,81.11000061035156,80.75,80.75,915900,2026-09-30
2015-03-10,65.397705078125,79.75,80.37999725341797,79.75,80.30000305175781,1138800,2026-09-30
2015-03-11,65.397705078125,79.75,79.97000122070312,79.58999633789062,79.83999633789062,872300,2026-09-30
2015-03-12,66.23410034179688,80.7699966430664,80.80000305175781,79.91999816894531,79.95999908447266,686800,2026-09-30
2015-03-13,65.77490997314453,80.20999908447266,80.5999984741211,79.69000244140625,80.52999877929688,1013200,2026-09-30
2015-03-16,66.67696380615234,81.30999755859375,81.33000183105469,80.5199966430664,80.5199966430664,971300,2026-09-30
2015-03-17,66.4309310913086,81.01000213623047,81.19999694824219,80.6500015258789,80.9800033569336,943300,2026-09-30
2015-03-18,67.37401580810547,82.16000366210938,82.4800033569336,80.63999938964844,80.83000183105469,1358000,2026-09-30
2015-03-19,66.9803695678711,81.68000030517578,82.01000213623047,81.47000122070312,82.01000213623047,1179400,2026-09-30
2015-03-20,67.6357421875,82.1500015258789,82.37000274658203,81.73999786376953,81.87000274658203,1439600,2026-09-30
2015-03-23,67.59455871582031,82.0999984741211,82.5199966430664,82.0999984741211,82.1500015258789,772900,2026-09-30
2015-03-24,67.19113159179688,81.61000061035156,82.13999938964844,81.58999633789062,82.01000213623047,865500,2026-09-30
2015-03-25,66.29370880126953,80.5199966430664,81.86000061035156,80.5199966430664,81.76000213623047,1101600,2026-09-30
2015-03-26,66.12084197998047,80.30999755859375,80.70999908447266,79.93000030517578,80.2300033569336,902200,2026-09-30
2015-03-27,66.40898132324219,80.66000366210938,80.69000244140625,80.2300033569336,80.23999786376953,717200,2026-09-30
2015-03-30,67.19113159179688,81.61000061035156,81.73999786376953,81.0199966430664,81.08000183105469,697700,2026-09-30
2015-03-31,66.73008728027344,81.05000305175781,81.62999725341797,80.9800033569336,81.20999908447266,1010200,2026-09-30
2015-04-01,66.55718231201172,80.83999633789062,80.98999786376953,80.33000183105469,80.98999786376953,1286800,2026-09-30
2015-04-02,66.85356903076172,81.19999694824219,81.43000030517578,80.69000244140625,80.77999877929688,952400,2026-09-30
2015-04-06,67.37226104736328,81.83000183105469,82.02999877929688,80.77999877929688,80.80000305175781,826900,2026-09-30
2015-04-07,67.12525177001953,81.52999877929688,82.06999969482422,81.5199966430664,81.83999633789062,745900,2026-09-30
2015-04-08,67.34757232666016,81.80000305175781,81.95999908447266,81.37000274658203,81.58000183105469,825500,2026-09-30
2015-04-09,67.61102294921875,82.12000274658203,82.19999694824219,81.4800033569336,81.72000122070312,899600,2026-09-30
2015-04-10,67.79216003417969,82.33999633789062,82.36000061035156,82.08000183105469,82.19999694824219,4363000,2026-09-30
2015-04-13,67.45458221435547,81.93000030517578,82.47000122070312,81.91999816894531,82.29000091552734,791900,2026-09-30
2015-04-14,67.6357421875,82.1500015258789,82.18000030517578,81.5999984741211,81.88999938964844,809300,2026-09-30
2015-04-15,68.05563354492188,82.66000366210938,82.87999725341797,82.36000061035156,82.43000030517578,994300,2026-09-30
2015-04-16,67.92388153076172,82.5,82.7699966430664,82.25,82.5,984300,2026-09-30
2015-04-17,67.158203125,81.56999969482422,82.08999633789062,81.26000213623047,82.08999633789062,1636000,2026-09-30
2015-04-20,67.68514251708984,82.20999908447266,82.38999938964844,81.98999786376953,82.01000213623047,768300,2026-09-30
2015-04-21,67.60281372070312,82.11000061035156,82.58000183105469,81.94999694824219,82.4800033569336,1272200,2026-09-30
2015-04-22,67.83332061767578,82.38999938964844,82.44999694824219,81.76000213623047,82.26000213623047,1023200,2026-09-30
2015-04-23,68.04741668701172,82.6500015258789,82.91000366210938,82.16000366210938,82.16000366210938,965500,2026-09-30
2015-04-24,67.96505737304688,82.55000305175781,82.70999908447266,82.37999725341797,82.70999908447266,833600,2026-09-30
2015-04-27,67.59455871582031,82.0999984741211,82.8499984741211,82.0199966430664,82.7699966430664,1128300,2026-09-30
2015-04-28,67.783935546875,82.33000183105469,82.33000183105469,81.52999877929688,82.04000091552734,929900,2026-09-30
2015-04-29,67.50398254394531,81.98999786376953,82.29000091552734,81.69999694824219,81.98999786376953,1103800,2026-09-30
2015-04-30,67.00177001953125,81.37999725341797,81.95999908447266,81.04000091552734,81.83000183105469,1257800,2026-09-30
2015-05-01,67.68514251708984,82.20999908447266,82.30000305175781,81.56999969482422,81.56999969482422,3225000,2026-09-30
2015-05-04,67.92388153076172,82.5,82.66000366210938,82.29000091552734,82.44999694824219,734500,2026-09-30
2015-05-05,67.09233093261719,81.48999786376953,82.62999725341797,81.44000244140625,82.4000015258789,2376800,2026-09-30
2015-05-06,66.86180877685547,81.20999908447266,81.88999938964844,80.76000213623047,81.77999877929688,860500,2026-09-30
2015-05-07,67.01824188232422,81.4000015258789,81.58999633789062,80.91999816894531,81.02999877929688,990400,2026-09-30
2015-05-08,67.841552734375,82.4000015258789,82.51000213623047,82.0,82.0,821400,2026-09-30
2015-05-11,67.5698471069336,82.06999969482422,82.51000213623047,82.05000305175781,82.30999755859375,756800,2026-09-30
2015-05-12,67.37226104736328,81.83000183105469,82.05999755859375,81.37000274658203,81.7699966430664,796200,2026-09-30
2015-05-13,67.37226104736328,81.83000183105469,82.29000091552734,81.7300033569336,82.08000183105469,536900,2026-09-30
2015-05-14,67.92388153076172,82.5,82.54000091552734,82.0999984741211,82.33999633789062,571600,2026-09-30
2015-05-15,68.07209777832031,82.68000030517578,82.68000030517578,82.33999633789062,82.62999725341797,647800,2026-09-30
2015-05-18,68.32733917236328,82.98999786376953,83.05000305175781,82.55000305175781,82.5999984741211,973100,2026-09-30
2015-05-19,68.17912292480469,82.80999755859375,82.98999786376953,82.63999938964844,82.9800033569336,1444500,2026-09-30
2015-05-20,68.17912292480469,82.80999755859375,83.1500015258789,82.63999938964844,82.87999725341797,566700,2026-09-30
2015-05-21,68.36023712158203,83.02999877929688,83.13999938964844,82.7300033569336,82.77999877929688,693400,2026-09-30
2015-05-22,68.24497985839844,82.88999938964844,83.08999633789062,82.81999969482422,82.86000061035156,608700,2026-09-30
2015-05-26,67.46284484863281,81.94000244140625,82.63999938964844,81.80000305175781,82.58000183105469,834700,2026-09-30
2015-05-27,68.01444244384766,82.61000061035156,82.7300033569336,81.95999908447266,82.12999725341797,628000,2026-09-30
2015-05-28,67.89095306396484,82.45999908447266,82.55999755859375,82.13999938964844,82.51000213623047,637900,2026-09-30
2015-05-29,67.48754119873047,81.97000122070312,82.5,81.87999725341797,82.38999938964844,771000,2026-09-30
2015-06-01,67.59455871582031,82.0999984741211,82.37000274658203,81.7300033569336,82.25,1100300,2026-09-30
2015-06-02,67.60281372070312,82.11000061035156,82.43000030517578,81.69999694824219,81.88999938964844,1045400,2026-09-30
2015-06-03,67.7262954711914,82.26000213623047,82.5199966430664,82.06999969482422,82.29000091552734,567500,2026-09-30
2015-06-04,67.11705017089844,81.5199966430664,82.11000061035156,81.4000015258789,81.94000244140625,739300,2026-09-30
2015-06-05,67.10881805419922,81.51000213623047,81.70999908447266,81.06999969482422,81.47000122070312,951400,2026-09-30
2015-06-08,66.68067932128906,80.98999786376953,81.58000183105469,80.97000122070312,81.44999694824219,671500,2026-09-30
2015-06-09,66.63951110839844,80.94000244140625,81.22000122070312,80.77999877929688,81.05999755859375,985800,2026-09-30
2015-06-10,67.39698028564453,81.86000061035156,82.02999877929688,81.22000122070312,81.29000091552734,741400,2026-09-30
2015-06-11,67.53694152832031,82.02999877929688,82.23999786376953,81.91999816894531,82.02999877929688,746000,2026-09-30
2015-06-12,67.11705017089844,81.5199966430664,81.80999755859375,81.43000030517578,81.76000213623047,616500,2026-09-30
2015-06-15,66.80416107177734,81.13999938964844,81.30000305175781,80.68000030517578,81.0,899900,2026-09-30
2015-06-16,67.158203125,81.56999969482422,81.58999633789062,81.0199966430664,81.0199966430664,585100,2026-09-30
2015-06-17,67.31463623046875,81.76000213623047,81.98999786376953,81.26000213623047,81.76000213623047,1072500,2026-09-30
2015-06-18,67.92388153076172,82.5,82.76000213623047,81.98999786376953,81.98999786376953,943400,2026-09-30
2015-06-19,67.59161376953125,81.77999877929688,82.19000244140625,81.77999877929688,82.08000183105469,1934900,2026-09-30
2015-06-22,67.99663543701172,82.2699966430664,82.5,82.1500015258789,82.38999938964844,778100,2026-09-30
2015-06-23,67.94702911376953,82.20999908447266,82.43000030517578,82.06999969482422,82.4000015258789,1587500,2026-09-30
2015-06-24,67.42633056640625,81.58000183105469,82.2300033569336,81.56999969482422,82.12999725341797,785800,2026-09-30
2015-06-25,67.16183471679688,81.26000213623047,81.81999969482422,81.2300033569336,81.81999969482422,831500,2026-09-30
2015-06-26,67.23623657226562,81.3499984741211,81.5,81.08000183105469,81.45999908447266,814900,2026-09-30
2015-06-29,65.78983306884766,79.5999984741211,80.95999908447266,79.54000091552734,80.62999725341797,4279600,2026-09-30
2015-06-30,65.95516967773438,79.80000305175781,80.29000091552734,79.55000305175781,80.26000213623047,1691100,2026-09-30
2015-07-01,66.36841583251953,80.30000305175781,80.5199966430664,80.0,80.5199966430664,1991300,2026-09-30
2015-07-02,66.34358978271484,80.2699966430664,80.66000366210938,80.05999755859375,80.47000122070312,1302100,2026-09-30
2015-07-06,66.04610443115234,79.91000366210938,80.33999633789062,79.55000305175781,79.69999694824219,1007900,2026-09-30
2015-07-07,66.59158325195312,80.56999969482422,80.63999938964844,79.01000213623047,80.0199966430664,1584000,2026-09-30
2015-07-08,65.40968322753906,79.13999938964844,80.12000274658203,79.01000213623047,79.97000122070312,1006800,2026-09-30
2015-07-09,65.56672668457031,79.33000183105469,80.2300033569336,79.30999755859375,79.91999816894531,856700,2026-09-30
2015-07-10,66.27750396728516,80.19000244140625,80.33000183105469,79.80999755859375,80.12000274658203,555800,2026-09-30
2015-07-13,66.94696807861328,81.0,81.04000091552734,80.69000244140625,80.81999969482422,512800,2026-09-30
2015-07-14,67.14533996582031,81.23999786376953,81.37000274658203,80.91000366210938,81.06999969482422,630900,2026-09-30
2015-07-15,66.91390228271484,80.95999908447266,81.33000183105469,80.75,81.33000183105469,914000,2026-09-30
2015-07-16,67.32716369628906,81.45999908447266,81.4800033569336,81.23999786376953,81.30000305175781,520600,2026-09-30
2015-07-17,66.98831176757812,81.05000305175781,81.36000061035156,80.9000015258789,81.36000061035156,690800,2026-09-30
2015-07-20,66.8560562133789,80.88999938964844,81.0999984741211,80.80999755859375,81.0999984741211,543800,2026-09-30
2015-07-21,66.60808563232422,80.58999633789062,81.02999877929688,80.43000030517578,80.83999633789062,493500,2026-09-30
2015-07-22,66.6246337890625,80.61000061035156,80.76000213623047,80.4000015258789,80.4000015258789,1236000,2026-09-30
2015-07-23,66.310546875,80.2300033569336,80.80000305175781,80.06999969482422,80.7300033569336,736100,2026-09-30
2015-07-24,65.57496643066406,79.33999633789062,80.19999694824219,79.19999694824219,80.19999694824219,994400,2026-09-30
2015-07-27,65.17823791503906,78.86000061035156,79.18000030517578,78.66000366210938,79.04000091552734,989000,2026-09-30
2015-07-28,65.99646759033203,79.8499984741211,79.94000244140625,78.79000091552734,79.19000244140625,899800,2026-09-30
2015-07-29,66.55022430419922,80.5199966430664,80.58000183105469,79.80000305175781,79.88999938964844,795000,2026-09-30
2015-07-30,66.58332061767578,80.55999755859375,80.61000061035156,80.0199966430664,80.20999908447266,491700,2026-09-30
2015-07-31,66.59158325195312,80.56999969482422,80.94000244140625,80.4800033569336,80.80999755859375,528500,2026-09-30
2015-08-03,66.33534240722656,80.26000213623047,80.58999633789062,79.9000015258789,80.58999633789062,1686600,2026-09-30
2015-08-04,66.26094818115234,80.16999816894531,80.55999755859375,79.98999786376953,80.30000305175781,825300,2026-09-30
2015-08-05,66.49237060546875,80.44999694824219,81.01000213623047,80.30000305175781,80.58999633789062,539500,2026-09-30
2015-08-06,66.04610443115234,79.91000366210938,80.44999694824219,79.51000213623047,80.44000244140625,535200,2026-09-30
2015-08-07,65.93038177490234,79.7699966430664,79.87000274658203,79.45999908447266,79.79000091552734,870100,2026-09-30
2015-08-10,66.86434936523438,80.9000015258789,80.93000030517578,80.27999877929688,80.27999877929688,702100,2026-09-30
2015-08-11,66.310546875,80.2300033569336,80.47000122070312,79.9000015258789,80.2699966430664,728900,2026-09-30
2015-08-12,66.4262924194336,80.37000274658203,80.4800033569336,79.08999633789062,79.6500015258789,915000,2026-09-30
2015-08-13,66.31881713867188,80.23999786376953,80.51000213623047,80.02999877929688,80.36000061035156,374600,2026-09-30
2015-08-14,66.58332061767578,80.55999755859375,80.58000183105469,80.11000061035156,80.11000061035156,436400,2026-09-30
2015-08-17,66.92218780517578,80.97000122070312,81.01000213623047,80.05999755859375,80.25,730800,2026-09-30
2015-08-18,66.78166198730469,80.80000305175781,81.05000305175781,80.69000244140625,80.9000015258789,256400,2026-09-30
2015-08-19,66.26924896240234,80.18000030517578,80.76000213623047,79.7699966430664,80.41000366210938,854700,2026-09-30
2015-08-20,64.89722442626953,78.5199966430664,79.73999786376953,78.48999786376953,79.62999725341797,5048100,2026-09-30
2015-08-21,63.12849426269531,76.37999725341797,78.12000274658203,76.3499984741211,77.88999938964844,3150300,2026-09-30
2015-08-24,60.607666015625,73.33000183105469,75.56999969482422,71.38999938964844,71.38999938964844,6327800,2026-09-30
2015-08-25,59.73154830932617,72.2699966430664,75.56999969482422,72.2699966430664,75.51000213623047,4330600,2026-09-30
2015-08-26,61.69037628173828,74.63999938964844,74.73999786376953,72.58000183105469,74.29000091552734,2139700,2026-09-30
2015-08-27,63.277278900146484,76.55999755859375,76.7300033569336,75.1500015258789,75.61000061035156,1520300,2026-09-30
2015-08-28,63.417781829833984,76.7300033569336,76.94000244140625,76.2300033569336,76.2300033569336,834800,2026-09-30
2015-08-31,62.954959869384766,76.16999816894531,76.75,75.87999725341797,76.41000366210938,2712000,2026-09-30
2015-09-01,61.16142654418945,74.0,75.12000274658203,73.5999984741211,74.41999816894531,3138200,2026-09-30
2015-09-02,62.136714935302734,75.18000030517578,75.19999694824219,74.08999633789062,74.83999633789062,1539700,2026-09-30
2015-09-03,62.40116500854492,75.5,76.33000183105469,75.23999786376953,75.4800033569336,1290100,2026-09-30
2015-09-04,61.45068359375,74.3499984741211,74.86000061035156,74.0199966430664,74.75,1090300,2026-09-30
2015-09-08,63.0045280456543,76.2300033569336,76.29000091552734,75.30999755859375,75.55999755859375,980000,2026-09-30
2015-09-09,62.20283126831055,75.26000213623047,76.98999786376953,75.12999725341797,76.9000015258789,1243200,2026-09-30
2015-09-10,62.42597961425781,75.52999877929688,76.06999969482422,75.01000213623047,75.19000244140625,1056600,2026-09-30
2015-09-11,62.665672302246094,75.81999969482422,75.81999969482422,74.95999908447266,75.31999969482422,687200,2026-09-30
2015-09-14,62.40116500854492,75.5,75.8499984741211,75.33000183105469,75.8499984741211,792100,2026-09-30
2015-09-15,63.145050048828125,76.4000015258789,76.55000305175781,75.54000091552734,75.77999877929688,595400,2026-09-30
2015-09-16,63.78970718383789,77.18000030517578,77.26000213623047,76.41000366210938,76.44999694824219,809700,2026-09-30
2015-09-17,63.674007415771484,77.04000091552734,78.23999786376953,76.9000015258789,77.08999633789062,1668900,2026-09-30
2015-09-18,62.55520248413086,75.37000274658203,76.27999877929688,75.2300033569336,75.69999694824219,866900,2026-09-30
2015-09-21,62.82078170776367,75.69000244140625,76.29000091552734,75.38999938964844,75.83999633789062,639400,2026-09-30
2015-09-22,61.87461471557617,74.55000305175781,74.9000015258789,74.0999984741211,74.68000030517578,672900,2026-09-30
2015-09-23,61.617313385009766,74.23999786376953,74.76000213623047,74.02999877929688,74.55000305175781,631700,2026-09-30
2015-09-24,61.38493347167969,73.95999908447266,74.18000030517578,73.06999969482422,73.73999786376953,919100,2026-09-30
2015-09-25,61.42644500732422,74.01000213623047,74.68000030517578,73.58999633789062,74.52999877929688,902400,2026-09-30
2015-09-28,59.72499465942383,71.95999908447266,73.62000274658203,71.83999633789062,73.62000274658203,1080500,2026-09-30
2015-09-29,59.77476119995117,72.0199966430664,72.58000183105469,71.61000061035156,71.97000122070312,1706300,2026-09-30
2015-09-30,61.05294418334961,73.55999755859375,73.55999755859375,72.4800033569336,72.83000183105469,1129700,2026-09-30
2015-10-01,60.920162200927734,73.4000015258789,73.75,72.58999633789062,73.5999984741211,826000,2026-09-30
2015-10-02,61.93272018432617,74.62000274658203,74.62000274658203,72.33000183105469,72.66000366210938,899900,2026-09-30
2015-10-05,63.202571868896484,76.1500015258789,76.23999786376953,75.06999969482422,75.06999969482422,943000,2026-09-30
2015-10-06,63.01996994018555,75.93000030517578,76.33999633789062,75.63999938964844,76.05999755859375,563700,2026-09-30
2015-10-07,63.66737365722656,76.70999908447266,76.87999725341797,75.87999725341797,76.38999938964844,770400,2026-09-30
2015-10-08,64.43092346191406,77.62999725341797,77.80999755859375,76.47000122070312,76.55999755859375,1014100,2026-09-30
2015-10-09,64.41433715820312,77.61000061035156,77.87000274658203,77.3499984741211,77.7300033569336,1683900,2026-09-30
2015-10-12,64.31475830078125,77.48999786376953,77.61000061035156,77.27999877929688,77.61000061035156,536900,2026-09-30
2015-10-13,63.79187774658203,76.86000061035156,77.69999694824219,76.77999877929688,77.12000274658203,933300,2026-09-30
2015-10-14,63.567771911621094,76.58999633789062,77.18000030517578,76.47000122070312,76.9000015258789,692500,2026-09-30
2015-10-15,64.3977279663086,77.58999633789062,77.5999984741211,76.4800033569336,76.73999786376953,583300,2026-09-30
2015-10-16,64.48902893066406,77.69999694824219,77.7300033569336,77.20999908447266,77.69999694824219,545400,2026-09-30
2015-10-19,64.3977279663086,77.58999633789062,77.6500015258789,77.2300033569336,77.4800033569336,522800,2026-09-30
2015-10-20,64.48902893066406,77.69999694824219,78.0,77.41000366210938,77.41000366210938,460800,2026-09-30
2015-10-21,63.982730865478516,77.08999633789062,78.0,77.04000091552734,77.86000061035156,548800,2026-09-30
2015-10-22,64.97044372558594,78.27999877929688,78.44999694824219,77.45999908447266,77.5,805800,2026-09-30
2015-10-23,65.22769927978516,78.58999633789062,78.69000244140625,78.0999984741211,78.69000244140625,1290600,2026-09-30
2015-10-26,64.98703002929688,78.30000305175781,78.58000183105469,78.18000030517578,78.5,652700,2026-09-30
2015-10-27,64.67163848876953,77.91999816894531,78.02999877929688,77.5199966430664,78.0199966430664,903500,2026-09-30
2015-10-28,65.4352035522461,78.83999633789062,78.86000061035156,77.81999969482422,78.0,832200,2026-09-30
2015-10-29,65.35221862792969,78.73999786376953,78.9000015258789,78.4800033569336,78.63999938964844,639400,2026-09-30
2015-10-30,65.31902313232422,78.69999694824219,79.19000244140625,78.58999633789062,78.86000061035156,754100,2026-09-30
2015-11-02,66.17388916015625,79.7300033569336,79.81999969482422,78.76000213623047,78.91000366210938,2163900,2026-09-30
2015-11-03,66.28179168701172,79.86000061035156,80.16999816894531,79.5,79.52999877929688,1200500,2026-09-30
2015-11-04,66.05768585205078,79.58999633789062,80.08999633789062,79.33000183105469,80.02999877929688,879100,2026-09-30
2015-11-05,65.9581069946289,79.47000122070312,79.75,79.04000091552734,79.58000183105469,657000,2026-09-30
2015-11-06,65.8419189453125,79.33000183105469,79.54000091552734,78.7300033569336,79.54000091552734,541400,2026-09-30
2015-11-09,65.21110534667969,78.56999969482422,79.18000030517578,78.12999725341797,79.16000366210938,579400,2026-09-30
2015-11-10,65.4269027709961,78.83000183105469,78.83000183105469,78.26000213623047,78.33999633789062,917800,2026-09-30
2015-11-11,65.03681945800781,78.36000061035156,78.94999694824219,78.30999755859375,78.94999694824219,409000,2026-09-30
2015-11-12,64.04916381835938,77.16999816894531,78.06999969482422,77.13999938964844,77.87999725341797,754200,2026-09-30
2015-11-13,63.360267639160156,76.33999633789062,77.0999984741211,76.29000091552734,76.94999694824219,666100,2026-09-30
2015-11-16,64.34791564941406,77.52999877929688,77.55999755859375,76.25,76.26000213623047,702800,2026-09-30
2015-11-17,64.20683288574219,77.36000061035156,78.06999969482422,77.20999908447266,77.68000030517578,1070200,2026-09-30
2015-11-18,65.22769927978516,78.58999633789062,78.68000030517578,77.62000274658203,77.66999816894531,553400,2026-09-30
2015-11-19,65.16130065917969,78.51000213623047,78.73999786376953,78.36000061035156,78.55000305175781,594200,2026-09-30
2015-11-20,65.3936996459961,78.79000091552734,79.06999969482422,78.58999633789062,78.81999969482422,808000,2026-09-30
2015-11-23,65.3936996459961,78.79000091552734,79.1500015258789,78.5999984741211,78.83999633789062,586500,2026-09-30
2015-11-24,65.60948944091797,79.05000305175781,79.19000244140625,78.22000122070312,78.44000244140625,579400,2026-09-30
2015-11-25,65.65100860595703,79.0999984741211,79.22000122070312,78.8499984741211,79.04000091552734,337900,2026-09-30
2015-11-27,65.63440704345703,79.08000183105469,79.19999694824219,78.8499984741211,79.02999877929688,219100,2026-09-30
2015-11-30,65.51822662353516,78.94000244140625,79.22000122070312,78.83999633789062,79.08999633789062,557600,2026-09-30
2015-12-01,66.12409210205078,79.66999816894531,79.69000244140625,79.11000061035156,79.16000366210938,2974300,2026-09-30
2015-12-02,65.25260162353516,78.62000274658203,79.62999725341797,78.5199966430664,79.56999969482422,844200,2026-09-30
2015-12-03,64.32304382324219,77.5,78.83999633789062,77.18000030517578,78.77999877929688,895200,2026-09-30
2015-12-04,65.34390258789062,78.7300033569336,78.87999725341797,77.58999633789062,77.6500015258789,921900,2026-09-30
2015-12-07,64.82103729248047,78.0999984741211,78.55000305175781,77.79000091552734,78.48999786376953,575200,2026-09-30
2015-12-08,64.36454772949219,77.55000305175781,78.0,77.1500015258789,77.37999725341797,949800,2026-09-30
2015-12-09,63.91633224487305,77.01000213623047,78.30999755859375,76.62999725341797,77.27999877929688,1287900,2026-09-30
2015-12-10,64.00764465332031,77.12000274658203,77.69000244140625,76.91000366210938,77.05000305175781,676800,2026-09-30
2015-12-11,62.76270294189453,75.62000274658203,76.48999786376953,75.48999786376953,76.16000366210938,1077500,2026-09-30
2015-12-14,62.853981018066406,75.7300033569336,76.01000213623047,74.80000305175781,75.55999755859375,1528900,2026-09-30
2015-12-15,63.50966262817383,76.5199966430664,76.87999725341797,76.2699966430664,76.31999969482422,1073900,2026-09-30
2015-12-16,64.42263793945312,77.62000274658203,77.7300033569336,76.69000244140625,76.94000244140625,1718300,2026-09-30
2015-12-17,63.33537673950195,76.30999755859375,77.76000213623047,76.30999755859375,77.69999694824219,1176600,2026-09-30
2015-12-18,62.365814208984375,74.80999755859375,75.69999694824219,74.77999877929688,75.66999816894531,1695500,2026-09-30
2015-12-21,62.857696533203125,75.4000015258789,75.54000091552734,74.88999938964844,75.18000030517578,820200,2026-09-30
2015-12-22,63.549625396728516,76.2300033569336,76.41999816894531,75.37000274658203,75.7300033569336,1079100,2026-09-30
2015-12-23,64.65006256103516,77.55000305175781,77.55000305175781,76.62999725341797,76.62999725341797,894600,2026-09-30
2015-12-24,64.5333251953125,77.41000366210938,77.66999816894531,77.27999877929688,77.37999725341797,576100,2026-09-30
2015-12-28,64.23320770263672,77.05000305175781,77.11000061035156,76.56999969482422,77.08000183105469,796700,2026-09-30
2015-12-29,64.90850830078125,77.86000061035156,77.95999908447266,77.52999877929688,77.55000305175781,937700,2026-09-30
2015-12-30,64.38329315185547,77.2300033569336,77.83000183105469,77.16999816894531,77.70999908447266,740700,2026-09-30
2015-12-31,63.89142990112305,76.63999938964844,77.33000183105469,76.63999938964844,77.05000305175781,1114300,2026-09-30
2016-01-04,63.18280792236328,75.79000091552734,75.80999755859375,74.83999633789062,75.4000015258789,3957900,2026-09-30
2016-01-05,63.33286666870117,75.97000122070312,76.08000183105469,75.44000244140625,75.93000030517578,1367300,2026-09-30
2016-01-06,62.174095153808594,74.58000183105469,75.11000061035156,74.06999969482422,74.80999755859375,2094600,2026-09-30
2016-01-07,60.765201568603516,72.88999938964844,74.04000091552734,72.68000030517578,73.20999908447266,2613100,2026-09-30
2016-01-08,60.023250579833984,72.0,73.47000122070312,71.91999816894531,73.23999786376953,2007800,2026-09-30
2016-01-11,59.83152389526367,71.7699966430664,72.51000213623047,71.01000213623047,72.2699966430664,3731800,2026-09-30
2016-01-12,60.114967346191406,72.11000061035156,72.6500015258789,71.12999725341797,72.30999755859375,2219200,2026-09-30
2016-01-13,58.606040954589844,70.30000305175781,72.58000183105469,70.08999633789062,72.33999633789062,2761200,2026-09-30
2016-01-14,59.4063606262207,71.26000213623047,71.72000122070312,69.68000030517578,70.48999786376953,2812000,2026-09-30
2016-01-15,58.27259063720703,69.9000015258789,70.11000061035156,68.88999938964844,69.4000015258789,2788600,2026-09-30
2016-01-19,58.09751892089844,69.69000244140625,70.72000122070312,69.0,70.5,2835900,2026-09-30
2016-01-20,57.480621337890625,68.94999694824219,69.62000274658203,66.94000244140625,68.72000122070312,3984000,2026-09-30
2016-01-21,58.00581741333008,69.58000183105469,70.37999725341797,68.6500015258789,69.20999908447266,1671100,2026-09-30
2016-01-22,59.14793014526367,70.94999694824219,71.23999786376953,70.33000183105469,70.58999633789062,1068100,2026-09-30
2016-01-25,58.02248764038086,69.5999984741211,70.77999877929688,69.54000091552734,70.68000030517578,1235700,2026-09-30
2016-01-26,59.08953857421875,70.87999725341797,70.97000122070312,69.8499984741211,69.97000122070312,775400,2026-09-30
2016-01-27,58.63937759399414,70.33999633789062,71.66000366210938,69.91000366210938,70.68000030517578,1400100,2026-09-30
2016-01-28,58.681060791015625,70.38999938964844,71.06999969482422,69.87000274658203,70.91000366210938,1169800,2026-09-30
2016-01-29,60.34005355834961,72.37999725341797,72.37999725341797,70.7300033569336,70.7699966430664,1000400,2026-09-30
2016-02-01,60.31502914428711,72.3499984741211,72.72000122070312,71.55000305175781,71.83000183105469,3406400,2026-09-30
2016-02-02,59.06455993652344,70.8499984741211,71.68000030517578,70.62999725341797,71.68000030517578,1211800,2026-09-30
2016-02-03,59.639774322509766,71.54000091552734,71.73999786376953,69.79000091552734,71.30999755859375,2214400,2026-09-30
2016-02-04,59.9815788269043,71.94999694824219,72.54000091552734,71.37999725341797,71.37999725341797,1521100,2026-09-30
2016-02-05,58.96452331542969,70.7300033569336,71.7300033569336,70.51000213623047,71.70999908447266,1297900,2026-09-30
2016-02-08,57.722381591796875,69.23999786376953,69.86000061035156,68.30000305175781,69.86000061035156,2050200,2026-09-30
2016-02-09,57.54730987548828,69.02999877929688,69.58000183105469,68.41000366210938,68.43000030517578,2052100,2026-09-30
2016-02-10,57.58062744140625,69.06999969482422,70.13999938964844,69.01000213623047,69.37000274658203,1236800,2026-09-30
2016-02-11,56.76365661621094,68.08999633789062,68.5199966430664,67.3499984741211,67.91000366210938,2591000,2026-09-30
2016-02-12,57.99749755859375,69.56999969482422,69.58000183105469,68.37000274658203,68.70999908447266,1333900,2026-09-30
2016-02-16,59.15626907348633,70.95999908447266,70.95999908447266,69.94000244140625,70.26000213623047,1481000,2026-09-30
2016-02-17,60.24833297729492,72.2699966430664,72.45999908447266,71.44000244140625,71.44000244140625,880600,2026-09-30
2016-02-18,60.12328338623047,72.12000274658203,72.36000061035156,71.80999755859375,72.36000061035156,1129400,2026-09-30
2016-02-19,59.93989944458008,71.9000015258789,71.93000030517578,71.26000213623047,71.69999694824219,819400,2026-09-30
2016-02-22,60.99029541015625,73.16000366210938,73.18000030517578,72.5999984741211,72.5999984741211,693700,2026-09-30
2016-02-23,60.26499938964844,72.29000091552734,73.06999969482422,72.23999786376953,72.87999725341797,590500,2026-09-30
2016-02-24,60.62348937988281,72.72000122070312,72.83000183105469,71.19000244140625,71.66000366210938,1093400,2026-09-30
2016-02-25,61.29875183105469,73.52999877929688,73.54000091552734,72.52999877929688,72.8499984741211,943200,2026-09-30
2016-02-26,61.4071159362793,73.66000366210938,74.08999633789062,73.51000213623047,73.91000366210938,976400,2026-09-30
2016-02-29,60.94027328491211,73.0999984741211,74.06999969482422,73.0999984741211,73.5999984741211,1034700,2026-09-30
2016-03-01,62.34914779663086,74.79000091552734,74.79000091552734,73.41999816894531,73.70999908447266,2011700,2026-09-30
2016-03-02,62.79933166503906,75.33000183105469,75.3499984741211,74.4000015258789,74.58000183105469,2157300,2026-09-30
2016-03-03,63.37456130981445,76.0199966430664,76.05999755859375,75.13999938964844,75.22000122070312,1749800,2026-09-30
2016-03-04,63.69969177246094,76.41000366210938,76.83999633789062,75.80000305175781,76.08999633789062,1689000,2026-09-30
2016-03-07,64.00814056396484,76.77999877929688,76.9800033569336,76.01000213623047,76.04000091552734,1198900,2026-09-30
2016-03-08,62.95771789550781,75.5199966430664,76.33999633789062,75.44999694824219,76.33999633789062,1358800,2026-09-30
2016-03-09,63.29116439819336,75.91999816894531,76.12000274658203,75.5,75.80000305175781,871500,2026-09-30
2016-03-10,63.38288879394531,76.02999877929688,76.5199966430664,75.16000366210938,76.06999969482422,1391200,2026-09-30
2016-03-11,64.57501983642578,77.45999908447266,77.51000213623047,76.63999938964844,76.68000030517578,1308300,2026-09-30
2016-03-14,64.48330688476562,77.3499984741211,77.5199966430664,77.02999877929688,77.19999694824219,803700,2026-09-30
2016-03-15,64.11650848388672,76.91000366210938,76.91000366210938,76.55000305175781,76.83000183105469,534900,2026-09-30
2016-03-16,64.72509002685547,77.63999938964844,77.77999877929688,76.70999908447266,76.70999908447266,844500,2026-09-30
2016-03-17,65.32530212402344,78.36000061035156,78.58999633789062,77.44999694824219,77.66999816894531,989600,2026-09-30
2016-03-18,65.62865447998047,78.31999969482422,78.52999877929688,78.0999984741211,78.16000366210938,1183000,2026-09-30
2016-03-21,65.64540100097656,78.33999633789062,78.4800033569336,77.98999786376953,78.2300033569336,811900,2026-09-30
2016-03-22,65.59513092041016,78.27999877929688,78.5,77.79000091552734,77.95999908447266,1498000,2026-09-30
2016-03-23,64.92475891113281,77.4800033569336,78.12000274658203,77.41999816894531,78.12000274658203,669200,2026-09-30
2016-03-24,64.84932708740234,77.38999938964844,77.38999938964844,76.69000244140625,76.98999786376953,982300,2026-09-30
2016-03-28,64.94155883789062,77.5,77.70999908447266,77.16999816894531,77.56999969482422,634300,2026-09-30
2016-03-29,65.603515625,78.29000091552734,78.30000305175781,77.08000183105469,77.30000305175781,749100,2026-09-30
2016-03-30,65.80459594726562,78.52999877929688,78.9000015258789,78.30000305175781,78.69000244140625,797300,2026-09-30
2016-03-31,65.80459594726562,78.52999877929688,78.72000122070312,78.4000015258789,78.47000122070312,1901200,2026-09-30
2016-04-01,66.06436157226562,78.83999633789062,78.91000366210938,77.69999694824219,78.08000183105469,3030700,2026-09-30
2016-04-04,65.63702392578125,78.33000183105469,78.91000366210938,78.23999786376953,78.83000183105469,641400,2026-09-30
2016-04-05,64.89962768554688,77.44999694824219,77.9000015258789,77.37000274658203,77.83000183105469,929700,2026-09-30
2016-04-06,65.58674621582031,78.2699966430664,78.30000305175781,77.31999969482422,77.4800033569336,533600,2026-09-30
2016-04-07,64.76554107666016,77.29000091552734,78.04000091552734,76.95999908447266,77.87000274658203,647200,2026-09-30
2016-04-08,65.05046081542969,77.62999725341797,78.13999938964844,77.43000030517578,77.83999633789062,536100,2026-09-30
2016-04-11,64.97504425048828,77.54000091552734,78.36000061035156,77.51000213623047,77.91999816894531,696900,2026-09-30
2016-04-12,65.67891693115234,78.37999725341797,78.5199966430664,77.44999694824219,77.62999725341797,585600,2026-09-30
2016-04-13,66.50851440429688,79.37000274658203,79.37999725341797,78.66999816894531,78.76000213623047,1003400,2026-09-30
2016-04-14,66.37443542480469,79.20999908447266,79.41999816894531,79.02999877929688,79.41999816894531,622500,2026-09-30
2016-04-15,66.35768127441406,79.19000244140625,79.26000213623047,78.93000030517578,79.16000366210938,656700,2026-09-30
2016-04-18,66.8353042602539,79.76000213623047,79.7699966430664,78.76000213623047,78.93000030517578,543100,2026-09-30
2016-04-19,67.12862396240234,80.11000061035156,80.30999755859375,79.76000213623047,79.94000244140625,691200,2026-09-30
2016-04-20,67.25426483154297,80.26000213623047,80.5999984741211,79.88999938964844,80.19999694824219,681100,2026-09-30
2016-04-21,66.80180358886719,79.72000122070312,80.37999725341797,79.63999938964844,80.26000213623047,633600,2026-09-30
2016-04-22,67.22075653076172,80.22000122070312,80.33999633789062,79.80000305175781,79.87999725341797,748000,2026-09-30
2016-04-25,66.93587493896484,79.87999725341797,80.05999755859375,79.55000305175781,79.94000244140625,726200,2026-09-30
2016-04-26,67.4051284790039,80.44000244140625,80.44000244140625,79.94999694824219,80.02999877929688,1199600,2026-09-30
2016-04-27,67.84085845947266,80.95999908447266,81.11000061035156,80.33999633789062,80.37000274658203,895300,2026-09-30
2016-04-28,67.0363998413086,80.0,80.97000122070312,79.83999633789062,80.3499984741211,933500,2026-09-30
2016-04-29,66.62582397460938,79.51000213623047,79.83000183105469,78.83999633789062,79.77999877929688,831700,2026-09-30
2016-05-02,67.01964569091797,79.9800033569336,80.06999969482422,79.33000183105469,79.72000122070312,734400,2026-09-30
2016-05-03,66.26548767089844,79.08000183105469,79.37999725341797,78.7300033569336,79.37999725341797,1243200,2026-09-30
2016-05-04,65.8381118774414,78.56999969482422,79.04000091552734,78.31999969482422,78.68000030517578,1157100,2026-09-30
2016-05-05,65.82138061523438,78.55000305175781,79.05999755859375,78.38999938964844,78.76000213623047,599900,2026-09-30
2016-05-06,66.03087615966797,78.80000305175781,78.87000274658203,78.12000274658203,78.2300033569336,585100,2026-09-30
2016-05-09,66.00572204589844,78.7699966430664,78.9800033569336,78.5199966430664,78.70999908447266,481400,2026-09-30
2016-05-10,66.81855010986328,79.73999786376953,79.76000213623047,78.9800033569336,79.05000305175781,474600,2026-09-30
2016-05-11,66.1481704711914,78.94000244140625,79.7300033569336,78.94000244140625,79.5,519800,2026-09-30
2016-05-12,66.13140106201172,78.91999816894531,79.47000122070312,78.43000030517578,79.31999969482422,578200,2026-09-30
2016-05-13,65.49458312988281,78.16000366210938,79.01000213623047,78.01000213623047,78.70999908447266,785100,2026-09-30
2016-05-16,66.16495513916016,78.95999908447266,79.16000366210938,78.26000213623047,78.2699966430664,1463200,2026-09-30
2016-05-17,65.71245574951172,78.41999816894531,79.16999816894531,78.19000244140625,78.7699966430664,918100,2026-09-30
2016-05-18,65.55326080322266,78.2300033569336,78.81999969482422,77.75,78.20999908447266,793300,2026-09-30
2016-05-19,65.3604965209961,78.0,78.16999816894531,77.38999938964844,77.83000183105469,758000,2026-09-30
2016-05-20,65.84651947021484,78.58000183105469,78.72000122070312,78.16999816894531,78.27999877929688,462200,2026-09-30
2016-05-23,65.80459594726562,78.52999877929688,78.77999877929688,78.45999908447266,78.56999969482422,431500,2026-09-30
2016-05-24,66.65097045898438,79.54000091552734,79.70999908447266,78.80999755859375,78.80999755859375,553400,2026-09-30
2016-05-25,67.17048645019531,80.16000366210938,80.3499984741211,79.77999877929688,79.79000091552734,752600,2026-09-30
2016-05-26,67.1202163696289,80.0999984741211,80.41000366210938,80.0199966430664,80.29000091552734,876700,2026-09-30
2016-05-27,67.50566101074219,80.55999755859375,80.55999755859375,80.16000366210938,80.16000366210938,487100,2026-09-30
2016-05-31,67.53080749511719,80.58999633789062,80.86000061035156,80.29000091552734,80.70999908447266,705800,2026-09-30
2016-06-01,67.67327117919922,80.76000213623047,80.81999969482422,80.08999633789062,80.25,563400,2026-09-30
2016-06-02,67.96653747558594,81.11000061035156,81.11000061035156,80.45999908447266,80.56999969482422,825200,2026-09-30
2016-06-03,67.73193359375,80.83000183105469,80.9800033569336,80.23999786376953,80.86000061035156,764100,2026-09-30
2016-06-06,68.19280242919922,81.37999725341797,81.51000213623047,80.94000244140625,81.04000091552734,495700,2026-09-30
2016-06-07,68.44419860839844,81.68000030517578,81.9000015258789,81.37999725341797,81.43000030517578,716600,2026-09-30
2016-06-08,68.63689422607422,81.91000366210938,82.01000213623047,81.6500015258789,81.79000091552734,701400,2026-09-30
2016-06-09,68.4609146118164,81.69999694824219,81.77999877929688,81.3499984741211,81.52999877929688,880200,2026-09-30
2016-06-10,67.54756927490234,80.61000061035156,81.12000274658203,80.33999633789062,81.12000274658203,497000,2026-09-30
2016-06-13,66.94425201416016,79.88999938964844,80.80000305175781,79.87000274658203,80.33999633789062,609100,2026-09-30
2016-06-14,66.73474884033203,79.63999938964844,80.0199966430664,79.16000366210938,79.73999786376953,1017000,2026-09-30
2016-06-15,66.74312591552734,79.6500015258789,80.2300033569336,79.58000183105469,79.80000305175781,836700,2026-09-30
2016-06-16,66.81855010986328,79.73999786376953,79.80999755859375,78.6500015258789,79.23999786376953,1107800,2026-09-30
2016-06-17,66.9336166381836,79.69000244140625,79.86000061035156,79.30000305175781,79.51000213623047,602400,2026-09-30
2016-06-20,67.48795318603516,80.3499984741211,80.98999786376953,80.26000213623047,80.58999633789062,579300,2026-09-30
2016-06-21,67.52996063232422,80.4000015258789,80.6500015258789,80.11000061035156,80.4800033569336,670500,2026-09-30
2016-06-22,67.46275329589844,80.31999969482422,80.87999725341797,80.2699966430664,80.55000305175781,794700,2026-09-30
2016-06-23,68.44548034667969,81.48999786376953,81.5,80.8499984741211,81.01000213623047,697300,2026-09-30
2016-06-24,65.61495971679688,78.12000274658203,79.69000244140625,78.01000213623047,78.72000122070312,2750900,2026-09-30
2016-06-27,63.95188903808594,76.13999938964844,77.48999786376953,75.79000091552734,77.47000122070312,2316800,2026-09-30
2016-06-28,65.20335388183594,77.62999725341797,77.66000366210938,76.77999877929688,76.77999877929688,2993300,2026-09-30
2016-06-29,66.45484161376953,79.12000274658203,79.26000213623047,78.23999786376953,78.26000213623047,1657100,2026-09-30
2016-06-30,67.48795318603516,80.3499984741211,80.36000061035156,78.98999786376953,79.30999755859375,1035900,2026-09-30
2016-07-01,67.69793701171875,80.5999984741211,80.87000274658203,80.08999633789062,80.33999633789062,1242100,2026-09-30
2016-07-05,66.88323211669922,79.62999725341797,80.2699966430664,79.25,80.23999786376953,1360600,2026-09-30
2016-07-06,67.28639221191406,80.11000061035156,80.13999938964844,79.0,79.33999633789062,941700,2026-09-30
2016-07-07,67.27798461914062,80.0999984741211,80.66999816894531,79.75,80.2300033569336,762500,2026-09-30
2016-07-08,68.53789520263672,81.5999984741211,81.70999908447266,80.72000122070312,80.72000122070312,609100,2026-09-30
2016-07-11,68.806640625,81.91999816894531,82.12000274658203,81.69000244140625,81.77999877929688,651200,2026-09-30
2016-07-12,69.62139129638672,82.88999938964844,83.04000091552734,82.36000061035156,82.36000061035156,1601300,2026-09-30
2016-07-13,69.57938385009766,82.83999633789062,83.16000366210938,82.4800033569336,83.05999755859375,638500,2026-09-30
2016-07-14,69.87335205078125,83.19000244140625,83.5199966430664,83.08000183105469,83.43000030517578,705700,2026-09-30
2016-07-15,69.83138275146484,83.13999938964844,83.44000244140625,82.94999694824219,83.44000244140625,481000,2026-09-30
2016-07-18,69.95734405517578,83.29000091552734,83.36000061035156,82.94999694824219,83.1500015258789,421800,2026-09-30
2016-07-19,69.77259063720703,83.06999969482422,83.11000061035156,82.81999969482422,83.08999633789062,370200,2026-09-30
2016-07-20,70.1169662475586,83.4800033569336,83.56999969482422,82.91000366210938,83.20999908447266,540200,2026-09-30
2016-07-21,69.85655212402344,83.16999816894531,83.66999816894531,83.0,83.43000030517578,372900,2026-09-30
2016-07-22,70.30171203613281,83.69999694824219,83.72000122070312,83.12000274658203,83.26000213623047,489400,2026-09-30
2016-07-25,70.14215087890625,83.51000213623047,83.61000061035156,83.25,83.56999969482422,559100,2026-09-30
2016-07-26,70.45291900634766,83.87999725341797,83.9000015258789,83.36000061035156,83.48999786376953,565000,2026-09-30
2016-07-27,70.0833511352539,83.44000244140625,83.93000030517578,83.06999969482422,83.91999816894531,603300,2026-09-30
2016-07-28,70.21771240234375,83.5999984741211,83.7300033569336,83.12000274658203,83.31999969482422,513400,2026-09-30
2016-07-29,70.284912109375,83.68000030517578,83.80999755859375,83.08999633789062,83.33999633789062,421500,2026-09-30
2016-08-01,70.0245361328125,83.37000274658203,83.73999786376953,83.18000030517578,83.63999938964844,650800,2026-09-30
2016-08-02,69.31060028076172,82.5199966430664,83.37000274658203,82.1500015258789,83.29000091552734,655300,2026-09-30
2016-08-03,69.70536804199219,82.98999786376953,83.0199966430664,82.23999786376953,82.41999816894531,544400,2026-09-30
2016-08-04,69.74739074707031,83.04000091552734,83.23999786376953,82.81999969482422,82.94999694824219,688800,2026-09-30
2016-08-05,70.3269271850586,83.7300033569336,83.80999755859375,83.33999633789062,83.33999633789062,796700,2026-09-30
2016-08-08,70.3773193359375,83.79000091552734,84.0999984741211,83.69999694824219,83.83999633789062,467000,2026-09-30
2016-08-09,70.26811218261719,83.66000366210938,83.97000122070312,83.55999755859375,83.77999877929688,547400,2026-09-30
2016-08-10,70.0833511352539,83.44000244140625,83.80000305175781,83.31999969482422,83.72000122070312,712300,2026-09-30
2016-08-11,70.60411071777344,84.05999755859375,84.13999938964844,83.66999816894531,83.7300033569336,552000,2026-09-30
2016-08-12,70.53691864013672,83.9800033569336,84.12999725341797,83.73999786376953,83.97000122070312,858000,2026-09-30
2016-08-15,70.87284851074219,84.37999725341797,84.55999755859375,84.01000213623047,84.11000061035156,861500,2026-09-30
2016-08-16,70.46969604492188,83.9000015258789,84.20999908447266,83.88999938964844,84.18000030517578,581500,2026-09-30
2016-08-17,70.52008056640625,83.95999908447266,84.02999877929688,83.43000030517578,83.9000015258789,606200,2026-09-30
2016-08-18,70.89805603027344,84.41000366210938,84.43000030517578,83.97000122070312,83.97000122070312,591400,2026-09-30
2016-08-19,70.92325592041016,84.44000244140625,84.5,84.02999877929688,84.16000366210938,680400,2026-09-30
2016-08-22,70.83926391601562,84.33999633789062,84.43000030517578,84.05999755859375,84.25,499300,2026-09-30
2016-08-23,71.15003967285156,84.70999908447266,84.9000015258789,84.6500015258789,84.6500015258789,570400,2026-09-30
2016-08-24,70.65448760986328,84.12000274658203,84.70999908447266,83.95999908447266,84.61000061035156,774600,2026-09-30
2016-08-25,70.64610290527344,84.11000061035156,84.38999938964844,83.93000030517578,84.0,611300,2026-09-30
2016-08-26,70.42772674560547,83.8499984741211,84.7300033569336,83.47000122070312,84.23999786376953,701100,2026-09-30
2016-08-29,70.82245635986328,84.31999969482422,84.48999786376953,83.91000366210938,83.91000366210938,589700,2026-09-30
2016-08-30,70.7132797241211,84.19000244140625,84.43000030517578,83.9000015258789,84.36000061035156,488500,2026-09-30
2016-08-31,70.39411163330078,83.80999755859375,84.06999969482422,83.41999816894531,84.06999969482422,784300,2026-09-30
2016-09-01,70.3773193359375,83.79000091552734,84.01000213623047,83.20999908447266,83.8499984741211,980800,2026-09-30
2016-09-02,70.73006439208984,84.20999908447266,84.41999816894531,83.9800033569336,84.0199966430664,596900,2026-09-30
2016-09-06,70.84768676757812,84.3499984741211,84.41999816894531,83.91000366210938,84.37000274658203,634000,2026-09-30
2016-09-07,71.04925537109375,84.58999633789062,84.58999633789062,84.22000122070312,84.3499984741211,592800,2026-09-30
2016-09-08,70.93165588378906,84.44999694824219,84.5999984741211,84.2300033569336,84.41999816894531,1255700,2026-09-30
2016-09-09,69.01660919189453,82.16999816894531,84.06999969482422,82.12999725341797,83.83999633789062,1333900,2026-09-30
2016-09-12,69.99093627929688,83.33000183105469,83.55999755859375,81.6500015258789,81.77999877929688,1076100,2026-09-30
2016-09-13,68.81504821777344,81.93000030517578,82.8499984741211,81.63999938964844,82.68000030517578,1470200,2026-09-30
2016-09-14,68.71427154541016,81.80999755859375,82.45999908447266,81.52999877929688,81.97000122070312,1055200,2026-09-30
2016-09-15,69.40299224853516,82.62999725341797,82.80000305175781,81.62000274658203,81.73999786376953,869900,2026-09-30
2016-09-16,69.09951782226562,81.97000122070312,82.0999984741211,81.62999725341797,82.08000183105469,797100,2026-09-30
2016-09-19,69.25970458984375,82.16000366210938,82.69999694824219,81.9800033569336,82.30000305175781,1235100,2026-09-30
2016-09-20,69.09107971191406,81.95999908447266,82.56999969482422,81.95999908447266,82.52999877929688,788500,2026-09-30
2016-09-21,70.0268325805664,83.06999969482422,83.16000366210938,82.08000183105469,82.26000213623047,1297700,2026-09-30
2016-09-22,70.57475280761719,83.72000122070312,83.8499984741211,83.33999633789062,83.4800033569336,843800,2026-09-30
2016-09-23,70.22067260742188,83.30000305175781,83.69000244140625,83.26000213623047,83.52999877929688,509100,2026-09-30
2016-09-26,69.68119812011719,82.66000366210938,83.08000183105469,82.61000061035156,82.95999908447266,676900,2026-09-30
2016-09-27,69.99308013916016,83.02999877929688,83.08999633789062,82.41999816894531,82.58999633789062,630100,2026-09-30
2016-09-28,70.48199462890625,83.61000061035156,83.69000244140625,82.69000244140625,83.19000244140625,988000,2026-09-30
2016-09-29,69.89195251464844,82.91000366210938,83.79000091552734,82.66000366210938,83.51000213623047,1090900,2026-09-30
2016-09-30,70.46515655517578,83.58999633789062,83.87999725341797,83.05999755859375,83.20999908447266,798900,2026-09-30
2016-10-03,70.17008972167969,83.23999786376953,83.44999694824219,83.02999877929688,83.33999633789062,830600,2026-09-30
2016-10-04,69.74018096923828,82.7300033569336,83.41000366210938,82.45999908447266,83.36000061035156,1684600,2026-09-30
2016-10-05,70.15325164794922,83.22000122070312,83.41000366210938,82.8499984741211,83.01000213623047,592700,2026-09-30
2016-10-06,70.1869888305664,83.26000213623047,83.33000183105469,82.80000305175781,83.06999969482422,736100,2026-09-30
2016-10-07,69.80760955810547,82.80999755859375,83.48999786376953,82.5,83.33999633789062,660100,2026-09-30
2016-10-10,70.11953735351562,83.18000030517578,83.54000091552734,83.13999938964844,83.13999938964844,464000,2026-09-30
2016-10-11,69.07423400878906,81.94000244140625,82.93000030517578,81.61000061035156,82.93000030517578,869800,2026-09-30
2016-10-12,69.16694641113281,82.05000305175781,82.27999877929688,81.73999786376953,81.95999908447266,772000,2026-09-30
2016-10-13,68.91407775878906,81.75,82.0,80.94999694824219,81.4800033569336,632900,2026-09-30
2016-10-14,68.86348724365234,81.69000244140625,82.44999694824219,81.69000244140625,82.18000030517578,941600,2026-09-30
2016-10-17,68.62747192382812,81.41000366210938,81.8499984741211,81.3499984741211,81.70999908447266,560600,2026-09-30
2016-10-18,69.09951782226562,81.97000122070312,82.19999694824219,81.76000213623047,82.13999938964844,525100,2026-09-30
2016-10-19,69.43672180175781,82.37000274658203,82.5,81.87999725341797,82.12000274658203,578100,2026-09-30
2016-10-20,69.30183410644531,82.20999908447266,82.47000122070312,81.88999938964844,82.19000244140625,610300,2026-09-30
2016-10-21,69.25970458984375,82.16000366210938,82.25,81.61000061035156,81.79000091552734,470000,2026-09-30
2016-10-24,69.47887420654297,82.41999816894531,82.76000213623047,82.2699966430664,82.55000305175781,404600,2026-09-30
2016-10-25,69.08267211914062,81.94999694824219,82.29000091552734,81.87000274658203,82.2699966430664,766200,2026-09-30
2016-10-26,69.0489501953125,81.91000366210938,82.11000061035156,81.56999969482422,81.6500015258789,535100,2026-09-30
2016-10-27,68.64431762695312,81.43000030517578,82.19999694824219,81.37999725341797,82.1500015258789,447700,2026-09-30
2016-10-28,68.63587951660156,81.41999816894531,82.0,81.12000274658203,81.41000366210938,729400,2026-09-30
2016-10-31,68.74547576904297,81.55000305175781,81.77999877929688,81.44999694824219,81.6500015258789,605400,2026-09-30
2016-11-01,68.1806411743164,80.87999725341797,81.75,80.33000183105469,81.75,1802400,2026-09-30
2016-11-02,67.6917495727539,80.30000305175781,80.94000244140625,80.12000274658203,80.73999786376953,848400,2026-09-30
2016-11-03,67.47254943847656,80.04000091552734,80.5999984741211,79.9000015258789,80.44999694824219,731800,2026-09-30
2016-11-04,67.48100280761719,80.05000305175781,80.66000366210938,79.94000244140625,80.0999984741211,891800,2026-09-30
2016-11-07,68.93934631347656,81.77999877929688,81.80000305175781,81.12000274658203,81.37000274658203,1131500,2026-09-30
2016-11-08,69.20066833496094,82.08999633789062,82.33999633789062,81.38999938964844,81.68000030517578,931800,2026-09-30
2016-11-09,70.01839447021484,83.05999755859375,83.37000274658203,80.87999725341797,81.41000366210938,2302300,2026-09-30
2016-11-10,70.53258514404297,83.66999816894531,84.16999816894531,83.04000091552734,83.54000091552734,3215400,2026-09-30
2016-11-11,70.53258514404297,83.66999816894531,83.73999786376953,83.06999969482422,83.45999908447266,1771600,2026-09-30
2016-11-14,71.1227035522461,84.37000274658203,84.45999908447266,83.87999725341797,83.98999786376953,2660400,2026-09-30
2016-11-15,71.64535522460938,84.98999786376953,84.98999786376953,84.33999633789062,84.56999969482422,1617300,2026-09-30
2016-11-16,71.33344268798828,84.62000274658203,84.80000305175781,84.41000366210938,84.79000091552734,1455800,2026-09-30
2016-11-17,71.71278381347656,85.06999969482422,85.11000061035156,84.62000274658203,84.73999786376953,1636100,2026-09-30
2016-11-18,71.54418182373047,84.87000274658203,85.13999938964844,84.79000091552734,85.13999938964844,1209900,2026-09-30
2016-11-21,72.10897827148438,85.54000091552734,85.55999755859375,85.12000274658203,85.18000030517578,2311700,2026-09-30
2016-11-22,72.32819366455078,85.80000305175781,85.86000061035156,85.4000015258789,85.76000213623047,1528700,2026-09-30
2016-11-23,72.50518035888672,86.01000213623047,86.04000091552734,85.52999877929688,85.66000366210938,1265400,2026-09-30
2016-11-25,72.76651000976562,86.31999969482422,86.31999969482422,86.05000305175781,86.19000244140625,670000,2026-09-30
2016-11-28,72.27758026123047,85.73999786376953,86.23999786376953,85.69000244140625,86.18000030517578,1302800,2026-09-30
2016-11-29,72.32819366455078,85.80000305175781,86.0199966430664,85.54000091552734,85.79000091552734,1262100,2026-09-30
2016-11-30,72.34501647949219,85.81999969482422,86.2699966430664,85.80999755859375,86.19000244140625,2193000,2026-09-30
2016-12-01,72.12581634521484,85.55999755859375,86.16000366210938,85.37000274658203,86.05000305175781,2467800,2026-09-30
2016-12-02,72.14269256591797,85.58000183105469,85.86000061035156,85.44000244140625,85.56999969482422,1186200,2026-09-30
2016-12-05,72.68220520019531,86.22000122070312,86.4000015258789,85.9800033569336,85.9800033569336,1661300,2026-09-30
2016-12-06,73.05311584472656,86.66000366210938,86.66999816894531,86.06999969482422,86.37999725341797,1447600,2026-09-30
2016-12-07,74.09842681884766,87.9000015258789,87.94000244140625,86.63999938964844,86.69000244140625,1608200,2026-09-30
2016-12-08,74.40188598632812,88.26000213623047,88.52999877929688,87.76000213623047,87.94999694824219,1743600,2026-09-30
2016-12-09,74.6126480102539,88.51000213623047,88.51000213623047,88.16000366210938,88.38999938964844,1869700,2026-09-30
2016-12-12,74.2248764038086,88.05000305175781,88.58000183105469,87.87999725341797,88.48999786376953,1359700,2026-09-30
2016-12-13,74.53678894042969,88.41999816894531,88.62999725341797,88.08000183105469,88.37999725341797,1563300,2026-09-30
2016-12-14,73.76123809814453,87.5,88.54000091552734,87.29000091552734,88.30000305175781,2074700,2026-09-30
2016-12-15,74.02256774902344,87.80999755859375,88.22000122070312,87.33999633789062,87.5,1707200,2026-09-30
2016-12-16,73.81739044189453,87.41999816894531,87.9000015258789,87.2300033569336,87.80999755859375,1448400,2026-09-30
2016-12-19,73.9271469116211,87.55000305175781,87.80000305175781,87.33000183105469,87.52999877929688,1233300,2026-09-30
2016-12-20,74.17201232910156,87.83999633789062,87.9800033569336,87.66999816894531,87.75,1205800,2026-09-30
2016-12-21,74.00312042236328,87.63999938964844,87.9000015258789,87.62000274658203,87.83999633789062,1193100,2026-09-30
2016-12-22,73.70760345458984,87.29000091552734,87.55000305175781,87.08999633789062,87.55000305175781,1172300,2026-09-30
2016-12-23,73.859619140625,87.47000122070312,87.47000122070312,87.2699966430664,87.2699966430664,410100,2026-09-30
2016-12-27,74.1044692993164,87.76000213623047,87.9000015258789,87.5,87.5,1009000,2026-09-30
2016-12-28,73.34451293945312,86.86000061035156,87.87999725341797,86.81999969482422,87.87999725341797,839900,2026-09-30
2016-12-29,73.36982727050781,86.88999938964844,87.11000061035156,86.69999694824219,86.88999938964844,847200,2026-09-30
2016-12-30,73.15873718261719,86.63999938964844,87.1500015258789,86.36000061035156,87.1500015258789,1303200,2026-09-30
2017-01-03,73.74137878417969,87.33000183105469,87.66999816894531,86.80000305175781,87.2699966430664,2197200,2026-09-30
2017-01-04,74.45909881591797,88.18000030517578,88.29000091552734,87.51000213623047,87.51000213623047,1862200,2026-09-30
2017-01-05,74.2564697265625,87.94000244140625,88.0999984741211,87.56999969482422,88.08999633789062,1281700,2026-09-30
2017-01-06,74.45909881591797,88.18000030517578,88.4000015258789,87.72000122070312,88.06999969482422,993000,2026-09-30
2017-01-09,74.05380249023438,87.69999694824219,88.1500015258789,87.66999816894531,88.1500015258789,1332700,2026-09-30
2017-01-10,74.12133026123047,87.77999877929688,88.16000366210938,87.6500015258789,87.79000091552734,1223500,2026-09-30
2017-01-11,74.31556701660156,88.01000213623047,88.05000305175781,87.5,87.7699966430664,1489400,2026-09-30
2017-01-12,74.19734954833984,87.87000274658203,87.94000244140625,87.16000366210938,87.88999938964844,1093000,2026-09-30
2017-01-13,74.34935760498047,88.05000305175781,88.18000030517578,87.87000274658203,87.87000274658203,1001700,2026-09-30
2017-01-17,74.1551284790039,87.81999969482422,88.12999725341797,87.63999938964844,87.86000061035156,1137500,2026-09-30
2017-01-18,74.37470245361328,88.08000183105469,88.08999633789062,87.62000274658203,87.95999908447266,929200,2026-09-30
2017-01-19,74.00312042236328,87.63999938964844,88.20999908447266,87.41000366210938,88.06999969482422,751000,2026-09-30
2017-01-20,74.28179168701172,87.97000122070312,88.19999694824219,87.62999725341797,87.97000122070312,827400,2026-09-30
2017-01-23,74.06224060058594,87.70999908447266,87.97000122070312,87.37000274658203,87.9000015258789,1180200,2026-09-30
2017-01-24,74.7968978881836,88.58000183105469,88.7300033569336,87.9000015258789,87.91999816894531,1876500,2026-09-30
2017-01-25,75.36260986328125,89.25,89.27999877929688,88.91000366210938,88.9800033569336,1293400,2026-09-30
2017-01-26,75.15996551513672,89.01000213623047,89.31999969482422,88.93000030517578,89.25,943800,2026-09-30
2017-01-27,74.93197631835938,88.73999786376953,89.11000061035156,88.6500015258789,89.11000061035156,910100,2026-09-30
2017-01-30,74.50978088378906,88.23999786376953,88.44999694824219,87.66000366210938,88.44000244140625,1420000,2026-09-30
2017-01-31,74.62798309326172,88.37999725341797,88.37999725341797,87.76000213623047,88.08000183105469,903500,2026-09-30
2017-02-01,74.44223022460938,88.16000366210938,88.68000030517578,87.83999633789062,88.55999755859375,1089800,2026-09-30
2017-02-02,74.6026611328125,88.3499984741211,88.47000122070312,87.86000061035156,87.9800033569336,826300,2026-09-30
2017-02-03,75.11775207519531,88.95999908447266,89.05000305175781,88.61000061035156,88.69000244140625,794700,2026-09-30
2017-02-06,74.9150619506836,88.72000122070312,88.9800033569336,88.56999969482422,88.8499984741211,766700,2026-09-30
2017-02-07,74.83907318115234,88.62999725341797,88.94000244140625,88.4800033569336,88.83000183105469,830700,2026-09-30
2017-02-08,74.99952697753906,88.81999969482422,88.86000061035156,88.30999755859375,88.62999725341797,657200,2026-09-30
2017-02-09,75.46395111083984,89.37000274658203,89.55000305175781,88.9000015258789,88.94000244140625,1169100,2026-09-30
2017-02-10,75.88614654541016,89.87000274658203,89.97000122070312,89.58999633789062,89.63999938964844,947200,2026-09-30
2017-02-13,76.22388458251953,90.2699966430664,90.41000366210938,90.06999969482422,90.13999938964844,856300,2026-09-30
2017-02-14,76.42654418945312,90.51000213623047,90.55000305175781,90.01000213623047,90.16000366210938,772800,2026-09-30
2017-02-15,76.798095703125,90.94999694824219,91.08000183105469,90.37999725341797,90.41000366210938,794600,2026-09-30
2017-02-16,76.60386657714844,90.72000122070312,91.0999984741211,90.44000244140625,90.98999786376953,791400,2026-09-30
2017-02-17,76.7558822631836,90.9000015258789,90.91000366210938,90.37000274658203,90.5,668200,2026-09-30
2017-02-21,77.29629516601562,91.54000091552734,91.62000274658203,91.04000091552734,91.04000091552734,961000,2026-09-30
2017-02-22,77.11051940917969,91.31999969482422,91.4800033569336,91.19000244140625,91.33999633789062,671100,2026-09-30
2017-02-23,76.97542572021484,91.16000366210938,91.61000061035156,90.91999816894531,91.58999633789062,1023100,2026-09-30
2017-02-24,77.1865234375,91.41000366210938,91.41000366210938,90.69999694824219,90.80000305175781,809800,2026-09-30
2017-02-27,77.36385345458984,91.62000274658203,91.68000030517578,91.23999786376953,91.41000366210938,713400,2026-09-30
2017-02-28,76.96698760986328,91.1500015258789,91.44000244140625,91.05000305175781,91.41000366210938,720000,2026-09-30
2017-03-01,77.91271209716797,92.2699966430664,92.52999877929688,91.8499984741211,91.8499984741211,1166800,2026-09-30
2017-03-02,77.40605926513672,91.66999816894531,92.19999694824219,91.63999938964844,92.19999694824219,786700,2026-09-30
2017-03-03,77.39761352539062,91.66000366210938,91.73999786376953,91.36000061035156,91.61000061035156,645800,2026-09-30
2017-03-06,77.05139923095703,91.25,91.5199966430664,91.01000213623047,91.29000091552734,512400,2026-09-30
2017-03-07,76.70520782470703,90.83999633789062,91.1500015258789,90.7699966430664,91.11000061035156,942300,2026-09-30
2017-03-08,76.52789306640625,90.62999725341797,91.12000274658203,90.55999755859375,90.9000015258789,848700,2026-09-30
2017-03-09,76.46031188964844,90.55000305175781,90.87000274658203,90.13999938964844,90.63999938964844,1001900,2026-09-30
2017-03-10,76.76434326171875,90.91000366210938,91.1500015258789,90.47000122070312,91.0,488000,2026-09-30
2017-03-13,76.91631317138672,91.08999633789062,91.12000274658203,90.80000305175781,90.91000366210938,545300,2026-09-30
2017-03-14,76.55320739746094,90.66000366210938,90.79000091552734,90.33000183105469,90.79000091552734,1294300,2026-09-30
2017-03-15,77.38917541503906,91.6500015258789,91.88999938964844,90.8499984741211,90.87999725341797,881300,2026-09-30
2017-03-16,77.21186065673828,91.44000244140625,91.75,91.30000305175781,91.73999786376953,676300,2026-09-30
2017-03-17,77.1864242553711,91.05999755859375,91.30999755859375,90.98999786376953,91.27999877929688,539000,2026-09-30
2017-03-20,76.96603393554688,90.80000305175781,91.0999984741211,90.61000061035156,91.05999755859375,579300,2026-09-30
2017-03-21,75.95733642578125,89.61000061035156,91.11000061035156,89.51000213623047,91.11000061035156,1444000,2026-09-30
2017-03-22,76.09296417236328,89.7699966430664,89.9000015258789,89.26000213623047,89.58000183105469,873900,2026-09-30
2017-03-23,76.12686920166016,89.80999755859375,90.37000274658203,89.63999938964844,89.75,787800,2026-09-30
2017-03-24,76.12686920166016,89.80999755859375,90.22000122070312,89.45999908447266,89.95999908447266,682500,2026-09-30
2017-03-27,75.99125671386719,89.6500015258789,89.79000091552734,88.87999725341797,89.0999984741211,780600,2026-09-30
2017-03-28,76.61849975585938,90.38999938964844,90.55999755859375,89.5,89.62000274658203,764800,2026-09-30
2017-03-29,76.88127136230469,90.69999694824219,90.75,90.19999694824219,90.31999969482422,459000,2026-09-30
2017-03-30,77.03384399414062,90.87999725341797,91.01000213623047,90.56999969482422,90.66999816894531,512000,2026-09-30
2017-03-31,76.98297882080078,90.81999969482422,91.08999633789062,90.72000122070312,90.81999969482422,591800,2026-09-30
2017-04-03,76.67784118652344,90.45999908447266,90.93000030517578,89.91999816894531,90.9000015258789,2521200,2026-09-30
2017-04-04,76.58457946777344,90.3499984741211,90.41999816894531,90.08999633789062,90.31999969482422,934000,2026-09-30
2017-04-05,76.37268829345703,90.0999984741211,91.16999816894531,89.98999786376953,90.66999816894531,980600,2026-09-30
2017-04-06,76.779541015625,90.58000183105469,90.80000305175781,90.05999755859375,90.20999908447266,682000,2026-09-30
2017-04-07,76.71174621582031,90.5,90.80000305175781,90.30999755859375,90.56999969482422,400700,2026-09-30
2017-04-10,76.8897705078125,90.70999908447266,91.02999877929688,90.43000030517578,90.58999633789062,489500,2026-09-30
2017-04-11,76.9151840209961,90.73999786376953,90.73999786376953,90.0,90.55000305175781,617200,2026-09-30
2017-04-12,76.44050598144531,90.18000030517578,90.6500015258789,90.06999969482422,90.62999725341797,544500,2026-09-30
2017-04-13,75.90648651123047,89.55000305175781,90.29000091552734,89.54000091552734,90.04000091552734,605400,2026-09-30
2017-04-17,76.52526092529297,90.27999877929688,90.30000305175781,89.63999938964844,89.81999969482422,802300,2026-09-30
2017-04-18,76.30484771728516,90.0199966430664,90.25,89.66999816894531,89.95999908447266,607100,2026-09-30
2017-04-19,76.33028411865234,90.05000305175781,90.55000305175781,89.93000030517578,90.33000183105469,656700,2026-09-30
2017-04-20,76.95756530761719,90.79000091552734,90.98999786376953,90.18000030517578,90.30999755859375,582100,2026-09-30
2017-04-21,76.71174621582031,90.5,90.77999877929688,90.30999755859375,90.73999786376953,824200,2026-09-30
2017-04-24,77.46614074707031,91.38999938964844,91.5999984741211,91.16000366210938,91.47000122070312,698500,2026-09-30
2017-04-25,77.87299346923828,91.87000274658203,92.0,91.54000091552734,91.62999725341797,649900,2026-09-30
2017-04-26,77.88995361328125,91.88999938964844,92.33999633789062,91.66999816894531,91.88999938964844,710200,2026-09-30
2017-04-27,77.8560562133789,91.8499984741211,92.04000091552734,91.55999755859375,91.97000122070312,662000,2026-09-30
2017-04-28,77.49156951904297,91.41999816894531,91.91000366210938,91.33999633789062,91.87999725341797,632900,2026-09-30
2017-05-01,77.45769500732422,91.37999725341797,91.62999725341797,91.23999786376953,91.62999725341797,862000,2026-09-30
2017-05-02,77.52547454833984,91.45999908447266,91.56999969482422,91.26000213623047,91.48999786376953,512600,2026-09-30
2017-05-03,77.27967071533203,91.16999816894531,91.37999725341797,90.91000366210938,91.27999877929688,621900,2026-09-30
2017-05-04,77.34748077392578,91.25,91.33999633789062,90.83000183105469,91.2699966430664,560800,2026-09-30
2017-05-05,77.8560562133789,91.8499984741211,91.8499984741211,91.3499984741211,91.45999908447266,453500,2026-09-30
2017-05-08,77.67807006835938,91.63999938964844,91.93000030517578,91.4800033569336,91.87999725341797,541000,2026-09-30
2017-05-09,77.62721252441406,91.58000183105469,91.80000305175781,91.44999694824219,91.7300033569336,590800,2026-09-30
2017-05-10,77.92387390136719,91.93000030517578,91.94999694824219,91.41000366210938,91.62000274658203,744200,2026-09-30
2017-05-11,77.60177612304688,91.55000305175781,91.70999908447266,91.0,91.69000244140625,590400,2026-09-30
2017-05-12,77.25423431396484,91.13999938964844,91.48999786376953,91.05000305175781,91.41999816894531,355700,2026-09-30
2017-05-15,77.72044372558594,91.69000244140625,91.87000274658203,91.36000061035156,91.36000061035156,337700,2026-09-30
2017-05-16,77.51697540283203,91.44999694824219,91.8499984741211,91.30000305175781,91.83000183105469,542500,2026-09-30
2017-05-17,76.32181549072266,90.04000091552734,90.94999694824219,89.9800033569336,90.7699966430664,1293300,2026-09-30
2017-05-18,76.49136352539062,90.23999786376953,90.61000061035156,89.75,89.91999816894531,949800,2026-09-30
2017-05-19,77.1101303100586,90.97000122070312,91.2699966430664,90.2699966430664,90.4800033569336,721500,2026-09-30
2017-05-22,77.50851440429688,91.44000244140625,91.52999877929688,91.01000213623047,91.1500015258789,418700,2026-09-30
2017-05-23,77.52547454833984,91.45999908447266,91.66999816894531,91.3499984741211,91.62999725341797,399500,2026-09-30
2017-05-24,77.69503021240234,91.66000366210938,91.69999694824219,91.44000244140625,91.54000091552734,318800,2026-09-30
2017-05-25,78.0086441040039,92.02999877929688,92.20999908447266,91.81999969482422,91.88999938964844,557100,2026-09-30
2017-05-26,77.99170684814453,92.01000213623047,92.04000091552734,91.9000015258789,91.9800033569336,592300,2026-09-30
2017-05-30,77.84758758544922,91.83999633789062,91.98999786376953,91.68000030517578,91.87999725341797,495300,2026-09-30
2017-05-31,77.92387390136719,91.93000030517578,91.97000122070312,91.45999908447266,91.95999908447266,527700,2026-09-30
2017-06-01,78.7291259765625,92.87999725341797,92.9000015258789,91.94999694824219,92.12999725341797,739700,2026-09-30
2017-06-02,78.83935546875,93.01000213623047,93.12999725341797,92.72000122070312,92.94000244140625,517800,2026-09-30
2017-06-05,78.6697769165039,92.80999755859375,93.0,92.73999786376953,92.93000030517578,369100,2026-09-30
2017-06-06,78.3561782836914,92.44000244140625,92.69000244140625,92.33000183105469,92.5199966430664,457300,2026-09-30
2017-06-07,78.43245697021484,92.52999877929688,92.69999694824219,92.26000213623047,92.58000183105469,555400,2026-09-30
2017-06-08,78.49181365966797,92.5999984741211,92.79000091552734,92.33999633789062,92.55000305175781,312900,2026-09-30
2017-06-09,78.7291259765625,92.87999725341797,93.19999694824219,92.4800033569336,92.66999816894531,532100,2026-09-30
2017-06-12,78.83084869384766,93.0,93.08999633789062,92.66999816894531,92.80000305175781,310200,2026-09-30
2017-06-13,79.3309555053711,93.58999633789062,93.58999633789062,93.0999984741211,93.22000122070312,530800,2026-09-30
2017-06-14,79.15296936035156,93.37999725341797,93.63999938964844,93.08000183105469,93.62999725341797,563500,2026-09-30
2017-06-15,78.98343658447266,93.18000030517578,93.23999786376953,92.73999786376953,92.83000183105469,442300,2026-09-30
2017-06-16,79.00128173828125,92.87999725341797,92.91999816894531,92.47000122070312,92.91999816894531,425300,2026-09-30
2017-06-19,79.49463653564453,93.45999908447266,93.48999786376953,93.05000305175781,93.18000030517578,672100,2026-09-30
2017-06-20,78.84818267822266,92.69999694824219,93.36000061035156,92.66000366210938,93.36000061035156,355100,2026-09-30
2017-06-21,78.62703704833984,92.44000244140625,92.86000061035156,92.2300033569336,92.83000183105469,312300,2026-09-30
2017-06-22,78.6525650024414,92.47000122070312,92.76000213623047,92.30000305175781,92.43000030517578,386300,2026-09-30
2017-06-23,78.8311767578125,92.68000030517578,92.77999877929688,92.38999938964844,92.52999877929688,285800,2026-09-30
2017-06-26,79.06085205078125,92.94999694824219,93.20999908447266,92.83000183105469,92.93000030517578,248700,2026-09-30
2017-06-27,78.53348541259766,92.33000183105469,93.0999984741211,92.33000183105469,92.94999694824219,539600,2026-09-30
2017-06-28,79.14588165283203,93.05000305175781,93.25,92.73999786376953,92.73999786376953,334500,2026-09-30
2017-06-29,78.58450317382812,92.38999938964844,93.26000213623047,91.87000274658203,93.1500015258789,432000,2026-09-30
2017-06-30,78.8311767578125,92.68000030517578,93.02999877929688,92.5,92.76000213623047,359600,2026-09-30
2017-07-03,79.16290283203125,93.06999969482422,93.4000015258789,93.06999969482422,93.13999938964844,390600,2026-09-30
2017-07-05,79.04381561279297,92.93000030517578,93.19999694824219,92.66000366210938,93.19999694824219,601100,2026-09-30
2017-07-06,78.1762466430664,91.91000366210938,92.61000061035156,91.80999755859375,92.55999755859375,508200,2026-09-30
2017-07-07,78.67808532714844,92.5,92.58000183105469,92.01000213623047,92.02999877929688,377000,2026-09-30
2017-07-10,78.6950912475586,92.5199966430664,92.68000030517578,92.31999969482422,92.44000244140625,271400,2026-09-30
2017-07-11,78.62703704833984,92.44000244140625,92.55999755859375,91.93000030517578,92.45999908447266,417500,2026-09-30
2017-07-12,79.17141723632812,93.08000183105469,93.25,92.91999816894531,92.91999816894531,1126600,2026-09-30
2017-07-13,79.40106201171875,93.3499984741211,93.38999938964844,93.05999755859375,93.18000030517578,594100,2026-09-30
2017-07-14,79.74981689453125,93.76000213623047,93.93000030517578,93.30999755859375,93.44000244140625,391200,2026-09-30
2017-07-17,79.8433609008789,93.87000274658203,94.04000091552734,93.68000030517578,93.7300033569336,358600,2026-09-30
2017-07-18,79.6732406616211,93.66999816894531,93.75,93.43000030517578,93.75,411200,2026-09-30
2017-07-19,80.24311828613281,94.33999633789062,94.33999633789062,93.7699966430664,93.87000274658203,538700,2026-09-30
2017-07-20,80.2005844116211,94.29000091552734,94.45999908447266,94.12000274658203,94.45999908447266,311300,2026-09-30
2017-07-21,80.21761322021484,94.30999755859375,94.33000183105469,94.04000091552734,94.12000274658203,272900,2026-09-30
2017-07-24,80.1580810546875,94.23999786376953,94.41000366210938,94.08000183105469,94.26000213623047,383900,2026-09-30
2017-07-25,80.4727783203125,94.61000061035156,94.80000305175781,94.38999938964844,94.54000091552734,261900,2026-09-30
2017-07-26,80.3111801147461,94.41999816894531,94.66999816894531,94.33000183105469,94.66999816894531,367000,2026-09-30
2017-07-27,80.22612762451172,94.31999969482422,94.45999908447266,93.77999877929688,94.43000030517578,552900,2026-09-30
2017-07-28,80.12406921386719,94.19999694824219,94.26000213623047,94.01000213623047,94.13999938964844,371300,2026-09-30
2017-07-31,80.09002685546875,94.16000366210938,94.45999908447266,94.01000213623047,94.41999816894531,494000,2026-09-30
2017-08-01,80.1750717163086,94.26000213623047,94.43000030517578,93.97000122070312,94.41000366210938,398200,2026-09-30
2017-08-02,79.919921875,93.95999908447266,94.12999725341797,93.61000061035156,94.12999725341797,449200,2026-09-30
2017-08-03,79.71578216552734,93.72000122070312,93.95999908447266,93.62000274658203,93.87000274658203,616400,2026-09-30
2017-08-04,79.8348617553711,93.86000061035156,93.94999694824219,93.68000030517578,93.91000366210938,487300,2026-09-30
2017-08-07,79.919921875,93.95999908447266,94.0199966430664,93.80999755859375,93.87999725341797,388300,2026-09-30
2017-08-08,79.72425842285156,93.7300033569336,94.37999725341797,93.55999755859375,93.88999938964844,477300,2026-09-30
2017-08-09,79.61368560791016,93.5999984741211,93.62000274658203,93.27999877929688,93.44999694824219,579900,2026-09-30
2017-08-10,78.47395324707031,92.26000213623047,93.30000305175781,92.2300033569336,93.2300033569336,670100,2026-09-30
2017-08-11,78.49093627929688,92.27999877929688,92.58000183105469,92.12999725341797,92.12999725341797,928800,2026-09-30
2017-08-14,79.23094940185547,93.1500015258789,93.33000183105469,92.75,92.75,423500,2026-09-30
2017-08-15,79.08635711669922,92.9800033569336,93.2300033569336,92.83999633789062,93.2300033569336,311900,2026-09-30
2017-08-16,79.29049682617188,93.22000122070312,93.41000366210938,93.08000183105469,93.19999694824219,322700,2026-09-30
2017-08-17,78.07417297363281,91.79000091552734,93.1500015258789,91.79000091552734,92.9800033569336,662400,2026-09-30
2017-08-18,77.89554595947266,91.58000183105469,92.0999984741211,91.4000015258789,91.68000030517578,1150600,2026-09-30
2017-08-21,77.96358489990234,91.66000366210938,91.7699966430664,91.30999755859375,91.5999984741211,648700,2026-09-30
2017-08-22,78.70357513427734,92.52999877929688,92.61000061035156,91.76000213623047,91.87999725341797,658600,2026-09-30
2017-08-23,78.47395324707031,92.26000213623047,92.44999694824219,92.1500015258789,92.19000244140625,355600,2026-09-30
2017-08-24,78.37186431884766,92.13999938964844,92.62000274658203,92.11000061035156,92.44999694824219,390900,2026-09-30
2017-08-25,78.64405059814453,92.45999908447266,92.70999908447266,92.37000274658203,92.44999694824219,379600,2026-09-30
2017-08-28,78.55048370361328,92.3499984741211,92.6500015258789,92.1500015258789,92.63999938964844,625700,2026-09-30
2017-08-29,78.47395324707031,92.26000213623047,92.37000274658203,91.7699966430664,91.7699966430664,473900,2026-09-30
2017-08-30,78.84818267822266,92.69999694824219,92.80999755859375,92.11000061035156,92.19999694824219,301800,2026-09-30
2017-08-31,79.29049682617188,93.22000122070312,93.3499984741211,92.91999816894531,92.91999816894531,285000,2026-09-30
2017-09-01,79.61368560791016,93.5999984741211,93.7300033569336,93.38999938964844,93.44000244140625,355800,2026-09-30
2017-09-05,79.0693130493164,92.95999908447266,93.55000305175781,92.5199966430664,93.37000274658203,626400,2026-09-30
2017-09-06,79.35002899169922,93.29000091552734,93.4000015258789,93.0999984741211,93.25,361200,2026-09-30
2017-09-07,79.31599426269531,93.25,93.44999694824219,93.02999877929688,93.4000015258789,488100,2026-09-30
2017-09-08,79.38407135009766,93.33000183105469,93.45999908447266,92.98999786376953,93.05000305175781,500400,2026-09-30
2017-09-11,80.1835708618164,94.2699966430664,94.33000183105469,93.7699966430664,93.7699966430664,436700,2026-09-30
2017-09-12,80.49832153320312,94.63999938964844,94.6500015258789,94.30000305175781,94.38999938964844,719700,2026-09-30
2017-09-13,80.50679779052734,94.6500015258789,94.66999816894531,94.51000213623047,94.56999969482422,398100,2026-09-30
2017-09-14,80.49832153320312,94.63999938964844,94.76000213623047,94.37999725341797,94.45999908447266,385000,2026-09-30
2017-09-15,80.61788940429688,94.37000274658203,94.4000015258789,94.05000305175781,94.16000366210938,339100,2026-09-30
2017-09-18,80.74602508544922,94.5199966430664,94.72000122070312,94.37000274658203,94.52999877929688,526700,2026-09-30
2017-09-19,80.63499450683594,94.38999938964844,94.62000274658203,94.29000091552734,94.62000274658203,248300,2026-09-30
2017-09-20,80.77167510986328,94.55000305175781,94.55999755859375,94.12999725341797,94.47000122070312,314600,2026-09-30
2017-09-21,80.60082244873047,94.3499984741211,94.55999755859375,94.29000091552734,94.44999694824219,452000,2026-09-30
2017-09-22,80.77167510986328,94.55000305175781,94.5999984741211,94.30000305175781,94.30000305175781,304700,2026-09-30
2017-09-25,80.86564636230469,94.66000366210938,94.79000091552734,94.26000213623047,94.44999694824219,311500,2026-09-30
2017-09-26,80.95960235595703,94.7699966430664,94.91999816894531,94.69000244140625,94.81999969482422,265700,2026-09-30
2017-09-27,81.28425598144531,95.1500015258789,95.30000305175781,94.63999938964844,95.05999755859375,477300,2026-09-30
2017-09-28,81.33550262451172,95.20999908447266,95.22000122070312,94.91000366210938,95.04000091552734,423000,2026-09-30
2017-09-29,81.6174087524414,95.54000091552734,95.55000305175781,95.16999816894531,95.19000244140625,518700,2026-09-30
2017-10-02,81.96766662597656,95.94999694824219,95.94999694824219,95.44000244140625,95.58999633789062,1314000,2026-09-30
2017-10-03,82.10432434082031,96.11000061035156,96.16000366210938,95.81999969482422,96.02999877929688,420600,2026-09-30
2017-10-04,82.27519989013672,96.30999755859375,96.41999816894531,96.01000213623047,96.12000274658203,362600,2026-09-30
2017-10-05,82.59981536865234,96.69000244140625,96.77999877929688,96.37000274658203,96.44000244140625,441700,2026-09-30
2017-10-06,82.42893981933594,96.48999786376953,96.58000183105469,96.31999969482422,96.5199966430664,442400,2026-09-30
2017-10-09,82.13850402832031,96.1500015258789,96.55999755859375,96.05000305175781,96.55999755859375,509400,2026-09-30
2017-10-10,82.34353637695312,96.38999938964844,96.62999725341797,96.2699966430664,96.41000366210938,525600,2026-09-30
2017-10-11,82.3606185913086,96.41000366210938,96.43000030517578,96.23999786376953,96.33999633789062,283800,2026-09-30
2017-10-12,82.3862533569336,96.44000244140625,96.5199966430664,96.1500015258789,96.2300033569336,2808600,2026-09-30
2017-10-13,82.4716796875,96.54000091552734,96.7699966430664,96.4800033569336,96.62000274658203,310000,2026-09-30
2017-10-16,82.49729919433594,96.56999969482422,96.69999694824219,96.43000030517578,96.69000244140625,294200,2026-09-30
2017-10-17,82.48876953125,96.55999755859375,96.62999725341797,96.37000274658203,96.55000305175781,305400,2026-09-30
2017-10-18,82.5571060180664,96.63999938964844,96.75,96.54000091552734,96.62999725341797,302500,2026-09-30
2017-10-19,82.65961456298828,96.76000213623047,96.76000213623047,96.08999633789062,96.23999786376953,266400,2026-09-30
2017-10-20,83.21488189697266,97.41000366210938,97.41999816894531,96.94999694824219,97.12000274658203,273800,2026-09-30
2017-10-23,82.9329833984375,97.08000183105469,97.61000061035156,97.02999877929688,97.55999755859375,346400,2026-09-30
2017-10-24,83.01839447021484,97.18000030517578,97.30999755859375,97.06999969482422,97.13999938964844,382100,2026-09-30
2017-10-25,82.46312713623047,96.52999877929688,97.25,95.98999786376953,96.91000366210938,392100,2026-09-30
2017-10-26,82.62544250488281,96.72000122070312,96.91000366210938,96.55000305175781,96.73999786376953,355700,2026-09-30
2017-10-27,82.75359344482422,96.87000274658203,96.87000274658203,96.26000213623047,96.61000061035156,323200,2026-09-30
2017-10-30,82.35208129882812,96.4000015258789,96.70999908447266,96.29000091552734,96.61000061035156,463500,2026-09-30
2017-10-31,82.505859375,96.58000183105469,96.69999694824219,96.41000366210938,96.5,509700,2026-09-30
2017-11-01,82.53146362304688,96.61000061035156,97.0999984741211,96.5199966430664,96.9000015258789,376200,2026-09-30
2017-11-02,82.51438903808594,96.58999633789062,96.72000122070312,96.19999694824219,96.55000305175781,282300,2026-09-30
2017-11-03,82.63399505615234,96.7300033569336,96.7699966430664,96.38999938964844,96.48999786376953,412000,2026-09-30
2017-11-06,82.9756851196289,97.12999725341797,97.18000030517578,96.70999908447266,96.72000122070312,559800,2026-09-30
2017-11-07,82.8475570678711,96.9800033569336,97.36000061035156,96.79000091552734,97.19000244140625,415600,2026-09-30
2017-11-08,82.95008850097656,97.0999984741211,97.16999816894531,96.7300033569336,96.83999633789062,264100,2026-09-30
2017-11-09,82.7279281616211,96.83999633789062,97.0,96.26000213623047,96.58000183105469,577900,2026-09-30
2017-11-10,82.77922058105469,96.9000015258789,96.91999816894531,96.55999755859375,96.62000274658203,236500,2026-09-30
2017-11-13,82.90734100341797,97.05000305175781,97.13999938964844,96.61000061035156,96.63999938964844,237000,2026-09-30
2017-11-14,82.86465454101562,97.0,97.01000213623047,96.55999755859375,96.72000122070312,394400,2026-09-30
2017-11-15,82.41187286376953,96.47000122070312,96.73999786376953,96.0999984741211,96.58000183105469,422100,2026-09-30
2017-11-16,83.12092590332031,97.30000305175781,97.47000122070312,96.69000244140625,96.69000244140625,313900,2026-09-30
2017-11-17,83.26615142822266,97.47000122070312,97.5999984741211,97.23999786376953,97.23999786376953,518900,2026-09-30
2017-11-20,83.39427947998047,97.62000274658203,97.68000030517578,97.41999816894531,97.5199966430664,341900,2026-09-30
2017-11-21,83.70185089111328,97.9800033569336,98.0199966430664,97.80999755859375,97.87000274658203,390900,2026-09-30
2017-11-22,83.66765594482422,97.94000244140625,98.08999633789062,97.9000015258789,97.98999786376953,278300,2026-09-30
2017-11-24,83.71036529541016,97.98999786376953,98.18000030517578,97.9800033569336,98.08000183105469,204200,2026-09-30
2017-11-27,83.62493133544922,97.88999938964844,98.05999755859375,97.79000091552734,97.98999786376953,320900,2026-09-30
2017-11-28,84.59026336669922,99.0199966430664,99.0199966430664,97.9800033569336,98.01000213623047,416500,2026-09-30
2017-11-29,84.98323822021484,99.4800033569336,99.62000274658203,99.02999877929688,99.02999877929688,321300,2026-09-30
2017-11-30,85.64104461669922,100.25,100.70999908447266,99.7300033569336,99.7300033569336,477800,2026-09-30
2017-12-01,85.47017669677734,100.05000305175781,100.4800033569336,98.55999755859375,100.2699966430664,681200,2026-09-30
2017-12-04,85.64959716796875,100.26000213623047,101.05999755859375,100.26000213623047,100.69999694824219,714100,2026-09-30
2017-12-05,85.10285949707031,99.62000274658203,100.4000015258789,99.5999984741211,100.4000015258789,482300,2026-09-30
2017-12-06,84.94906616210938,99.44000244140625,99.6500015258789,99.3499984741211,99.5,397400,2026-09-30
2017-12-07,85.33349609375,99.88999938964844,99.94000244140625,99.31999969482422,99.31999969482422,372700,2026-09-30
2017-12-08,85.86316680908203,100.51000213623047,100.5199966430664,100.06999969482422,100.23999786376953,327100,2026-09-30
2017-12-11,85.94003295898438,100.5999984741211,100.69999694824219,100.38999938964844,100.48999786376953,669700,2026-09-30
2017-12-12,85.94854736328125,100.61000061035156,100.83999633789062,100.55999755859375,100.69999694824219,382600,2026-09-30
2017-12-13,85.87166595458984,100.5199966430664,100.87999725341797,100.48999786376953,100.66999816894531,472400,2026-09-30
2017-12-14,85.3505859375,99.91000366210938,100.68000030517578,99.91000366210938,100.55000305175781,411300,2026-09-30
2017-12-15,86.11266326904297,100.33999633789062,100.61000061035156,99.75,99.91000366210938,401100,2026-09-30
2017-12-18,86.76490783691406,101.0999984741211,101.19999694824219,100.58999633789062,100.93000030517578,501900,2026-09-30
2017-12-19,86.47311401367188,100.76000213623047,101.27999877929688,100.75,101.26000213623047,501200,2026-09-30
2017-12-20,86.48167419433594,100.7699966430664,101.1500015258789,100.62999725341797,101.1500015258789,640900,2026-09-30
2017-12-21,86.6533203125,100.97000122070312,101.19999694824219,100.80999755859375,100.94999694824219,427200,2026-09-30
2017-12-22,86.73918151855469,101.06999969482422,101.16999816894531,100.81999969482422,101.02999877929688,302000,2026-09-30
2017-12-26,86.8421401977539,101.19000244140625,101.33999633789062,101.01000213623047,101.01000213623047,259600,2026-09-30
2017-12-27,86.8421401977539,101.19000244140625,101.36000061035156,101.08999633789062,101.30000305175781,645000,2026-09-30
2017-12-28,87.05668640136719,101.44000244140625,101.55000305175781,101.08999633789062,101.33000183105469,418300,2026-09-30
2017-12-29,86.70484924316406,101.02999877929688,101.80999755859375,100.9800033569336,101.80999755859375,567100,2026-09-30
2018-01-02,87.34849548339844,101.77999877929688,101.80000305175781,101.2300033569336,101.33999633789062,1132600,2026-09-30
2018-01-03,87.79474639892578,102.30000305175781,102.37999725341797,101.69999694824219,101.94999694824219,553300,2026-09-30
2018-01-04,88.0951156616211,102.6500015258789,102.76000213623047,102.47000122070312,102.58000183105469,577300,2026-09-30
2018-01-05,88.51565551757812,103.13999938964844,103.19999694824219,102.69999694824219,102.91999816894531,727800,2026-09-30
2018-01-08,88.80744171142578,103.4800033569336,103.54000091552734,103.04000091552734,103.13999938964844,558300,2026-09-30
2018-01-09,88.850341796875,103.52999877929688,103.86000061035156,103.37000274658203,103.62000274658203,835100,2026-09-30
2018-01-10,88.58431243896484,103.22000122070312,103.38999938964844,102.87999725341797,103.18000030517578,593900,2026-09-30
2018-01-11,89.43395233154297,104.20999908447266,104.22000122070312,103.43000030517578,103.4800033569336,361900,2026-09-30
2018-01-12,90.0089340209961,104.87999725341797,104.93000030517578,104.2300033569336,104.43000030517578,475600,2026-09-30
2018-01-16,89.39958953857422,104.16999816894531,105.43000030517578,103.91999816894531,105.27999877929688,794000,2026-09-30
2018-01-17,90.14624786376953,105.04000091552734,105.27999877929688,104.31999969482422,104.58000183105469,403900,2026-09-30
2018-01-18,89.89736938476562,104.75,105.08999633789062,104.56999969482422,104.95999908447266,522900,2026-09-30
2018-01-19,90.48954010009766,105.44000244140625,105.44000244140625,104.86000061035156,105.01000213623047,500000,2026-09-30
2018-01-22,91.13318634033203,106.19000244140625,106.19000244140625,105.3499984741211,105.4000015258789,422500,2026-09-30
2018-01-23,91.38208770751953,106.4800033569336,106.5999984741211,106.04000091552734,106.19000244140625,587900,2026-09-30
2018-01-24,91.42496490478516,106.52999877929688,107.02999877929688,106.06999969482422,106.72000122070312,613000,2026-09-30
2018-01-25,91.34774780273438,106.44000244140625,106.87999725341797,106.12000274658203,106.87999725341797,482500,2026-09-30
2018-01-26,92.19735717773438,107.43000030517578,107.44000244140625,106.58000183105469,106.70999908447266,400400,2026-09-30
2018-01-29,91.53656768798828,106.66000366210938,107.41000366210938,106.62000274658203,107.26000213623047,610900,2026-09-30
2018-01-30,90.52387237548828,105.4800033569336,106.19999694824219,105.37000274658203,105.9000015258789,1048500,2026-09-30
2018-01-31,90.50667572021484,105.45999908447266,106.02999877929688,104.9800033569336,105.79000091552734,548400,2026-09-30
2018-02-01,90.29212951660156,105.20999908447266,105.68000030517578,104.91000366210938,105.12000274658203,798900,2026-09-30
2018-02-02,88.43842315673828,103.05000305175781,104.73999786376953,103.02999877929688,104.62000274658203,1473400,2026-09-30
2018-02-05,85.1600570678711,99.2300033569336,103.18000030517578,99.1500015258789,102.5,1753800,2026-09-30
2018-02-06,86.32722473144531,100.58999633789062,100.87999725341797,96.77999877929688,97.55000305175781,1568400,2026-09-30
2018-02-07,86.09549713134766,100.31999969482422,101.91000366210938,100.0999984741211,100.41000366210938,2255100,2026-09-30
2018-02-08,83.0660171508789,96.79000091552734,100.33999633789062,96.79000091552734,100.33000183105469,1403400,2026-09-30
2018-02-09,84.20743560791016,98.12000274658203,98.79000091552734,94.97000122070312,97.80000305175781,3589600,2026-09-30
2018-02-12,85.24589538574219,99.33000183105469,99.94000244140625,98.08000183105469,98.68000030517578,1640700,2026-09-30
2018-02-13,85.45185089111328,99.56999969482422,99.77999877929688,98.72000122070312,98.87999725341797,720800,2026-09-30
2018-02-14,86.74774932861328,101.08000183105469,101.19999694824219,99.0,99.0,1157000,2026-09-30
2018-02-15,87.64883422851562,102.12999725341797,102.12999725341797,100.70999908447266,101.68000030517578,946800,2026-09-30
2018-02-16,87.69176483154297,102.18000030517578,102.88999938964844,101.8499984741211,101.86000061035156,814400,2026-09-30
2018-02-20,87.13394165039062,101.52999877929688,102.3499984741211,101.20999908447266,101.77999877929688,636700,2026-09-30
2018-02-21,86.61044311523438,100.91999816894531,102.63999938964844,100.91999816894531,101.56999969482422,700500,2026-09-30
2018-02-22,86.6533203125,100.97000122070312,102.02999877929688,100.73999786376953,101.2300033569336,584800,2026-09-30
2018-02-23,87.97496795654297,102.51000213623047,102.5199966430664,101.27999877929688,101.5,584700,2026-09-30
2018-02-26,88.63581848144531,103.27999877929688,103.33999633789062,102.36000061035156,102.81999969482422,889500,2026-09-30
2018-02-27,87.4858169555664,101.94000244140625,103.72000122070312,101.93000030517578,103.33999633789062,671600,2026-09-30
2018-02-28,86.53318786621094,100.83000183105469,102.52999877929688,100.83000183105469,102.30000305175781,547200,2026-09-30
2018-03-01,85.6063232421875,99.75,101.44000244140625,99.12999725341797,100.81999969482422,984800,2026-09-30
2018-03-02,86.1727523803711,100.41000366210938,100.58999633789062,98.81999969482422,99.18000030517578,923500,2026-09-30
2018-03-05,87.21117401123047,101.62000274658203,101.8499984741211,99.88999938964844,99.95999908447266,614900,2026-09-30
2018-03-06,87.59737396240234,102.06999969482422,102.13999938964844,101.33000183105469,101.91000366210938,556600,2026-09-30
2018-03-07,87.52013397216797,101.9800033569336,102.12000274658203,101.18000030517578,101.26000213623047,507800,2026-09-30
2018-03-08,87.82051086425781,102.33000183105469,102.4000015258789,101.7300033569336,102.27999877929688,515200,2026-09-30
2018-03-09,89.18505859375,103.91999816894531,103.94999694824219,102.69000244140625,102.87000274658203,492600,2026-09-30
2018-03-12,89.0649185180664,103.77999877929688,104.20999908447266,103.5999984741211,104.01000213623047,316800,2026-09-30
2018-03-13,88.68728637695312,103.33999633789062,104.41000366210938,103.12000274658203,104.22000122070312,596000,2026-09-30
2018-03-14,88.15521240234375,102.72000122070312,103.77999877929688,102.52999877929688,103.69999694824219,904100,2026-09-30
2018-03-15,87.92346954345703,102.44999694824219,103.0,102.2300033569336,102.91999816894531,420600,2026-09-30
2018-03-16,88.28461456298828,102.44000244140625,102.75,102.1500015258789,102.1500015258789,305500,2026-09-30
2018-03-19,87.29348754882812,101.29000091552734,102.44000244140625,100.6500015258789,102.16000366210938,947300,2026-09-30
2018-03-20,87.3882827758789,101.4000015258789,101.70999908447266,101.16999816894531,101.58000183105469,515500,2026-09-30
2018-03-21,87.41413879394531,101.43000030517578,102.22000122070312,101.30000305175781,101.33999633789062,494900,2026-09-30
2018-03-22,85.47506713867188,99.18000030517578,101.05999755859375,99.12000274658203,100.69000244140625,847000,2026-09-30
2018-03-23,83.84622955322266,97.29000091552734,99.58999633789062,97.19999694824219,99.37999725341797,888000,2026-09-30
2018-03-26,85.77668762207031,99.52999877929688,99.62000274658203,97.79000091552734,98.5,638400,2026-09-30
2018-03-27,84.75975799560547,98.3499984741211,100.16000366210938,97.8499984741211,99.88999938964844,1451700,2026-09-30
2018-03-28,84.6563491821289,98.2300033569336,99.01000213623047,97.97000122070312,98.48999786376953,865000,2026-09-30
2018-03-29,85.73360443115234,99.4800033569336,100.01000213623047,98.61000061035156,98.69999694824219,1132300,2026-09-30
2018-04-02,83.85484313964844,97.30000305175781,99.43000030517578,96.37000274658203,99.27999877929688,1341100,2026-09-30
2018-04-03,84.86316680908203,98.47000122070312,98.63999938964844,97.19999694824219,97.69000244140625,905700,2026-09-30
2018-04-04,85.85428619384766,99.62000274658203,99.7699966430664,97.19999694824219,97.26000213623047,1166600,2026-09-30
2018-04-05,86.40583038330078,100.26000213623047,100.56999969482422,99.72000122070312,100.11000061035156,454400,2026-09-30
2018-04-06,84.57876586914062,98.13999938964844,100.0,97.41999816894531,99.43000030517578,737000,2026-09-30
2018-04-09,84.75114440917969,98.33999633789062,99.69999694824219,98.2699966430664,98.72000122070312,279600,2026-09-30
2018-04-10,85.95769500732422,99.73999786376953,100.08999633789062,99.1500015258789,99.45999908447266,606100,2026-09-30
2018-04-11,85.65605163574219,99.38999938964844,99.97000122070312,98.9800033569336,98.9800033569336,509100,2026-09-30
2018-04-12,86.06111145019531,99.86000061035156,100.22000122070312,99.62000274658203,99.83000183105469,489300,2026-09-30
2018-04-13,85.880126953125,99.6500015258789,100.5199966430664,99.27999877929688,100.36000061035156,539900,2026-09-30
2018-04-16,86.70747375488281,100.61000061035156,100.91999816894531,100.0,100.19999694824219,720100,2026-09-30
2018-04-17,87.41413879394531,101.43000030517578,101.68000030517578,100.98999786376953,101.19999694824219,677600,2026-09-30
2018-04-18,87.64684295654297,101.69999694824219,102.16999816894531,101.58000183105469,101.73999786376953,342600,2026-09-30
2018-04-19,87.03495025634766,100.98999786376953,101.55999755859375,100.55999755859375,101.55999755859375,386000,2026-09-30
2018-04-20,86.42304229736328,100.27999877929688,101.11000061035156,99.93000030517578,101.0,338500,2026-09-30
2018-04-23,86.53512573242188,100.41000366210938,100.83999633789062,100.0,100.36000061035156,274000,2026-09-30
2018-04-24,85.70775604248047,99.44999694824219,100.9800033569336,98.81999969482422,100.8499984741211,482400,2026-09-30
2018-04-25,85.9490737915039,99.7300033569336,99.91000366210938,98.76000213623047,99.37000274658203,370300,2026-09-30
2018-04-26,86.61265563964844,100.5,100.75,99.72000122070312,99.97000122070312,278900,2026-09-30
2018-04-27,86.84534454345703,100.7699966430664,100.93000030517578,100.31999969482422,100.5,196300,2026-09-30
2018-04-30,86.0524673461914,99.8499984741211,101.1500015258789,99.8499984741211,100.86000061035156,606200,2026-09-30
2018-05-01,86.08696746826172,99.88999938964844,99.9000015258789,98.91999816894531,99.66000366210938,602800,2026-09-30
2018-05-02,85.37163543701172,99.05999755859375,99.94999694824219,98.93000030517578,99.62000274658203,260400,2026-09-30
2018-05-03,85.08724975585938,98.7300033569336,98.97000122070312,97.52999877929688,98.80999755859375,606300,2026-09-30
2018-05-04,86.03526306152344,99.83000183105469,100.18000030517578,98.22000122070312,98.29000091552734,482500,2026-09-30
2018-05-07,86.18174743652344,100.0,100.37999725341797,99.76000213623047,100.08000183105469,353300,2026-09-30
2018-05-08,86.12142181396484,99.93000030517578,100.11000061035156,99.38999938964844,99.83000183105469,322000,2026-09-30
2018-05-09,86.81950378417969,100.73999786376953,100.91999816894531,100.06999969482422,100.20999908447266,311800,2026-09-30
2018-05-10,87.57791900634766,101.62000274658203,101.75,100.93000030517578,101.0999984741211,432100,2026-09-30
2018-05-11,87.66409301757812,101.72000122070312,101.9800033569336,101.44000244140625,101.56999969482422,218500,2026-09-30
2018-05-14,87.69855499267578,101.76000213623047,102.16999816894531,101.5199966430664,101.9800033569336,429200,2026-09-30
2018-05-15,87.25904846191406,101.25,101.37000274658203,100.91999816894531,101.29000091552734,485500,2026-09-30
2018-05-16,87.74165344238281,101.80999755859375,102.0,101.37999725341797,101.37999725341797,361200,2026-09-30
2018-05-17,87.85367584228516,101.94000244140625,102.23999786376953,101.54000091552734,101.80999755859375,489500,2026-09-30
2018-05-18,87.67271423339844,101.7300033569336,101.88999938964844,101.52999877929688,101.75,336600,2026-09-30
2018-05-21,88.24151611328125,102.38999938964844,102.56999969482422,102.18000030517578,102.26000213623047,260300,2026-09-30
2018-05-22,87.90540313720703,102.0,102.75,101.91000366210938,102.56999969482422,383800,2026-09-30
2018-05-23,88.06914520263672,102.19000244140625,102.19000244140625,101.52999877929688,101.66999816894531,375700,2026-09-30
2018-05-24,88.05189514160156,102.16999816894531,102.22000122070312,101.48999786376953,102.0199966430664,554400,2026-09-30
2018-05-25,87.86229705810547,101.94999694824219,102.13999938964844,101.7300033569336,101.93000030517578,301100,2026-09-30
2018-05-29,86.93153381347656,100.87000274658203,101.52999877929688,100.43000030517578,101.38999938964844,812200,2026-09-30
2018-05-30,88.08638763427734,102.20999908447266,102.44000244140625,101.33999633789062,101.3499984741211,510400,2026-09-30
2018-05-31,87.30213165283203,101.30000305175781,102.08000183105469,101.05000305175781,102.08000183105469,714300,2026-09-30
2018-06-01,88.04328155517578,102.16000366210938,102.29000091552734,101.76000213623047,101.80999755859375,566400,2026-09-30
2018-06-04,88.34493255615234,102.51000213623047,102.66999816894531,102.19000244140625,102.5,399600,2026-09-30
2018-06-05,88.50865936279297,102.69999694824219,102.80000305175781,102.33000183105469,102.55000305175781,451100,2026-09-30
2018-06-06,89.1808853149414,103.4800033569336,103.4800033569336,102.62000274658203,102.86000061035156,544000,2026-09-30
2018-06-07,89.22398376464844,103.52999877929688,103.91000366210938,103.19999694824219,103.58000183105469,400700,2026-09-30
2018-06-08,89.64627838134766,104.0199966430664,104.0199966430664,103.33000183105469,103.37000274658203,324800,2026-09-30
2018-06-11,89.83586120605469,104.23999786376953,104.4800033569336,104.08000183105469,104.08000183105469,385500,2026-09-30
2018-06-12,90.09441375732422,104.54000091552734,104.6500015258789,104.20999908447266,104.43000030517578,422200,2026-09-30
2018-06-13,89.64627838134766,104.0199966430664,104.63999938964844,103.9800033569336,104.62000274658203,432900,2026-09-30
2018-06-14,89.87893676757812,104.29000091552734,104.55000305175781,104.06999969482422,104.25,473600,2026-09-30
2018-06-15,89.88068389892578,103.88999938964844,103.91000366210938,103.16999816894531,103.58999633789062,482600,2026-09-30
2018-06-18,89.71630096435547,103.69999694824219,103.75,103.18000030517578,103.31999969482422,395700,2026-09-30
2018-06-19,89.35294342041016,103.27999877929688,103.3499984741211,102.44999694824219,102.80999755859375,446200,2026-09-30
2018-06-20,89.60382843017578,103.56999969482422,103.72000122070312,103.29000091552734,103.56999969482422,443100,2026-09-30
2018-06-21,89.0847396850586,102.97000122070312,103.56999969482422,102.77999877929688,103.55999755859375,292000,2026-09-30
2018-06-22,89.3183364868164,103.23999786376953,103.5999984741211,103.16000366210938,103.5,589800,2026-09-30
2018-06-25,88.34070587158203,102.11000061035156,102.91999816894531,101.55000305175781,102.86000061035156,865800,2026-09-30
2018-06-26,88.42723846435547,102.20999908447266,102.51000213623047,101.94000244140625,102.26000213623047,497200,2026-09-30
2018-06-27,87.63995361328125,101.30000305175781,102.88999938964844,101.30000305175781,102.33999633789062,597500,2026-09-30
2018-06-28,87.9946517944336,101.70999908447266,101.97000122070312,100.8499984741211,101.19999694824219,535900,2026-09-30
2018-06-29,88.15036010742188,101.88999938964844,102.62999725341797,101.83000183105469,102.04000091552734,740900,2026-09-30
2018-07-02,88.11576080322266,101.8499984741211,101.88999938964844,100.98999786376953,101.30999755859375,889800,2026-09-30
2018-07-03,88.072509765625,101.80000305175781,102.41999816894531,101.62000274658203,102.20999908447266,310700,2026-09-30
2018-07-05,88.73002624511719,102.55999755859375,102.56999969482422,101.76000213623047,102.18000030517578,476500,2026-09-30
2018-07-06,89.40484619140625,103.33999633789062,103.5199966430664,102.45999908447266,102.56999969482422,584300,2026-09-30
2018-07-09,90.08832550048828,104.12999725341797,104.18000030517578,103.73999786376953,103.73999786376953,421000,2026-09-30
2018-07-10,90.32190704345703,104.4000015258789,104.45999908447266,104.08000183105469,104.31999969482422,557900,2026-09-30
2018-07-11,89.61251068115234,103.58000183105469,104.01000213623047,103.44000244140625,103.88999938964844,317900,2026-09-30
2018-07-12,90.1142807006836,104.16000366210938,104.25,103.66000366210938,104.04000091552734,665200,2026-09-30
2018-07-13,90.20079040527344,104.26000213623047,104.44999694824219,104.0999984741211,104.13999938964844,384300,2026-09-30
2018-07-16,89.93262481689453,103.94999694824219,104.33000183105469,103.7699966430664,104.25,572200,2026-09-30
2018-07-17,90.21807098388672,104.27999877929688,104.43000030517578,103.73999786376953,103.73999786376953,322500,2026-09-30
2018-07-18,90.42573547363281,104.5199966430664,104.55999755859375,104.13999938964844,104.27999877929688,280700,2026-09-30
2018-07-19,90.40840148925781,104.5,104.73999786376953,103.9800033569336,104.25,483500,2026-09-30
2018-07-20,90.1142807006836,104.16000366210938,104.38999938964844,104.08000183105469,104.25,208300,2026-09-30
2018-07-23,90.12291717529297,104.16999816894531,104.27999877929688,103.87000274658203,104.0999984741211,206300,2026-09-30
2018-07-24,90.07965850830078,104.12000274658203,104.5999984741211,103.83999633789062,104.45999908447266,1505300,2026-09-30
2018-07-25,90.87560272216797,105.04000091552734,105.08000183105469,104.02999877929688,104.05000305175781,447600,2026-09-30
2018-07-26,91.19571685791016,105.41000366210938,105.61000061035156,104.95999908447266,105.05999755859375,377000,2026-09-30
2018-07-27,90.65929412841797,104.79000091552734,105.5999984741211,104.4800033569336,105.55000305175781,301300,2026-09-30
2018-07-30,90.26998138427734,104.33999633789062,105.06999969482422,104.26000213623047,104.7300033569336,303800,2026-09-30
2018-07-31,90.88423156738281,105.05000305175781,105.22000122070312,104.6500015258789,104.69999694824219,1085700,2026-09-30
2018-08-01,90.29595184326172,104.37000274658203,104.94000244140625,104.16999816894531,104.94000244140625,405400,2026-09-30
2018-08-02,90.65929412841797,104.79000091552734,104.87000274658203,103.69000244140625,103.8499984741211,383300,2026-09-30
2018-08-03,91.11785888671875,105.31999969482422,105.33999633789062,104.80999755859375,104.88999938964844,309500,2026-09-30
2018-08-06,91.3341293334961,105.56999969482422,105.72000122070312,105.16000366210938,105.27999877929688,398200,2026-09-30
2018-08-07,91.51581573486328,105.77999877929688,105.93000030517578,105.61000061035156,105.73999786376953,451700,2026-09-30
2018-08-08,91.35145568847656,105.58999633789062,105.7300033569336,105.41999816894531,105.7300033569336,277200,2026-09-30
2018-08-09,91.24762725830078,105.47000122070312,105.86000061035156,105.41999816894531,105.66000366210938,291600,2026-09-30
2018-08-10,90.63336181640625,104.76000213623047,105.12000274658203,104.55000305175781,104.95999908447266,319400,2026-09-30
2018-08-13,90.16618347167969,104.22000122070312,104.94000244140625,104.05999755859375,104.87000274658203,1100300,2026-09-30
2018-08-14,90.92752075195312,105.0999984741211,105.23999786376953,104.54000091552734,104.54000091552734,286800,2026-09-30
2018-08-15,90.32190704345703,104.4000015258789,104.5999984741211,103.80999755859375,104.5999984741211,396700,2026-09-30
2018-08-16,91.04000091552734,105.2300033569336,105.5199966430664,104.81999969482422,104.81999969482422,366600,2026-09-30
2018-08-17,91.52445983886719,105.79000091552734,105.95999908447266,105.08999633789062,105.08999633789062,275600,2026-09-30
2018-08-20,91.9570541381836,106.29000091552734,106.37000274658203,105.95999908447266,105.97000122070312,399900,2026-09-30
2018-08-21,92.19064331054688,106.55999755859375,106.80999755859375,106.38999938964844,106.41000366210938,345100,2026-09-30
2018-08-22,91.99165344238281,106.33000183105469,106.54000091552734,106.22000122070312,106.45999908447266,331600,2026-09-30
2018-08-23,91.7667236328125,106.06999969482422,106.41000366210938,105.95999908447266,106.2300033569336,273600,2026-09-30
2018-08-24,92.25984191894531,106.63999938964844,106.69000244140625,106.19000244140625,106.26000213623047,206500,2026-09-30
2018-08-27,92.77892303466797,107.23999786376953,107.4000015258789,107.02999877929688,107.02999877929688,1752900,2026-09-30
2018-08-28,92.86544799804688,107.33999633789062,107.54000091552734,107.05999755859375,107.43000030517578,1666600,2026-09-30
2018-08-29,93.22883605957031,107.76000213623047,107.88999938964844,107.2300033569336,107.41000366210938,767900,2026-09-30
2018-08-30,92.63186645507812,107.06999969482422,107.56999969482422,106.87000274658203,107.52999877929688,399400,2026-09-30
2018-08-31,92.66645812988281,107.11000061035156,107.25,106.73999786376953,106.9000015258789,376300,2026-09-30
2018-09-04,92.57994842529297,107.01000213623047,107.19000244140625,106.61000061035156,107.0,718200,2026-09-30
2018-09-05,92.62324523925781,107.05999755859375,107.18000030517578,106.48999786376953,106.86000061035156,430400,2026-09-30
2018-09-06,92.45016479492188,106.86000061035156,107.3499984741211,106.58999633789062,107.0999984741211,579300,2026-09-30
2018-09-07,92.1214370727539,106.4800033569336,106.87999725341797,106.2699966430664,106.48999786376953,474600,2026-09-30
2018-09-10,92.46746826171875,106.87999725341797,107.18000030517578,106.80999755859375,106.87000274658203,443900,2026-09-30
2018-09-11,92.53668975830078,106.95999908447266,107.19999694824219,106.45999908447266,106.62999725341797,1394500,2026-09-30
2018-09-12,92.7010726928711,107.1500015258789,107.2699966430664,106.7300033569336,106.93000030517578,2770000,2026-09-30
2018-09-13,93.09038543701172,107.5999984741211,107.72000122070312,107.33999633789062,107.45999908447266,1526600,2026-09-30
2018-09-14,93.21153259277344,107.73999786376953,107.83999633789062,107.44000244140625,107.63999938964844,423300,2026-09-30
2018-09-17,92.90005493164062,107.37999725341797,107.83999633789062,107.29000091552734,107.80000305175781,372400,2026-09-30
2018-09-18,93.33264923095703,107.87999725341797,108.02999877929688,107.33999633789062,107.44999694824219,478300,2026-09-30
2018-09-19,93.28939056396484,107.83000183105469,108.22000122070312,107.77999877929688,107.91000366210938,514800,2026-09-30
2018-09-20,93.8777084350586,108.51000213623047,108.61000061035156,108.16000366210938,108.18000030517578,439600,2026-09-30
2018-09-21,93.93824768066406,108.58000183105469,108.88999938964844,108.54000091552734,108.76000213623047,397900,2026-09-30
2018-09-24,93.27429962158203,107.33000183105469,107.9800033569336,107.18000030517578,107.93000030517578,380000,2026-09-30
2018-09-25,93.02227783203125,107.04000091552734,107.5999984741211,106.95999908447266,107.52999877929688,432200,2026-09-30
2018-09-26,92.66597747802734,106.62999725341797,107.48999786376953,106.51000213623047,107.06999969482422,920100,2026-09-30
2018-09-27,92.67466735839844,106.63999938964844,107.12999725341797,106.5199966430664,106.69999694824219,598000,2026-09-30
2018-09-28,92.82238006591797,106.80999755859375,106.98999786376953,106.45999908447266,106.48999786376953,444400,2026-09-30
2018-10-01,92.82238006591797,106.80999755859375,107.37000274658203,106.61000061035156,107.2300033569336,1042700,2026-09-30
2018-10-02,92.69204711914062,106.66000366210938,107.02999877929688,106.48999786376953,106.75,522600,2026-09-30
2018-10-03,92.70072937011719,106.66999816894531,107.12999725341797,106.5199966430664,107.01000213623047,637000,2026-09-30
2018-10-04,92.05763244628906,105.93000030517578,106.5,105.38999938964844,106.47000122070312,964300,2026-09-30
2018-10-05,91.60575103759766,105.41000366210938,106.27999877929688,104.91000366210938,105.91999816894531,1082000,2026-09-30
2018-10-08,91.71871185302734,105.54000091552734,105.68000030517578,104.86000061035156,105.19000244140625,486200,2026-09-30
2018-10-09,91.2842025756836,105.04000091552734,105.62999725341797,105.0,105.37999725341797,607900,2026-09-30
2018-10-10,88.66838073730469,102.02999877929688,105.18000030517578,101.95999908447266,104.81999969482422,1317400,2026-09-30
2018-10-11,86.70433044433594,99.7699966430664,102.19999694824219,99.33999633789062,101.7300033569336,2233600,2026-09-30
2018-10-12,87.46039581298828,100.63999938964844,101.19000244140625,99.5,101.12000274658203,1857900,2026-09-30
2018-10-15,87.42564392089844,100.5999984741211,101.44000244140625,100.47000122070312,100.5,1018500,2026-09-30
2018-10-16,89.18110656738281,102.62000274658203,102.75,100.93000030517578,101.16999816894531,906000,2026-09-30
2018-10-17,88.99861907958984,102.41000366210938,102.69000244140625,101.45999908447266,102.55000305175781,801500,2026-09-30
2018-10-18,87.86016082763672,101.0999984741211,102.4000015258789,100.58999633789062,102.02999877929688,895600,2026-09-30
2018-10-19,87.59943389892578,100.80000305175781,101.94999694824219,100.58999633789062,101.19000244140625,713800,2026-09-30
2018-10-22,87.01718139648438,100.12999725341797,101.1500015258789,100.05999755859375,100.98999786376953,603000,2026-09-30
2018-10-23,86.46099853515625,99.48999786376953,100.01000213623047,97.80999755859375,98.76000213623047,1527900,2026-09-30
2018-10-24,84.16674041748047,96.8499984741211,99.76000213623047,96.72000122070312,99.43000030517578,1818100,2026-09-30
2018-10-25,85.27043914794922,98.12000274658203,98.76000213623047,97.01000213623047,97.3499984741211,3390500,2026-09-30
2018-10-26,83.9407730102539,96.58999633789062,97.75,95.5,96.93000030517578,2564400,2026-09-30
2018-10-29,83.97553253173828,96.62999725341797,98.54000091552734,95.4000015258789,97.86000061035156,2543200,2026-09-30
2018-10-30,85.60065460205078,98.5,98.5999984741211,96.7300033569336,96.76000213623047,2558500,2026-09-30
2018-10-31,86.09598541259766,99.06999969482422,100.06999969482422,99.04000091552734,99.36000061035156,3480300,2026-09-30
2018-11-01,87.347412109375,100.51000213623047,100.62999725341797,99.19999694824219,99.31999969482422,4104000,2026-09-30
2018-11-02,87.0345687866211,100.1500015258789,101.30999755859375,99.33999633789062,101.19999694824219,2029000,2026-09-30
2018-11-05,87.68635559082031,100.9000015258789,101.11000061035156,100.08000183105469,100.36000061035156,834100,2026-09-30
2018-11-06,88.29468536376953,101.5999984741211,101.62999725341797,100.88999938964844,100.88999938964844,624900,2026-09-30
2018-11-07,89.65039825439453,103.16000366210938,103.23999786376953,101.8499984741211,102.31999969482422,941200,2026-09-30
2018-11-08,89.58087921142578,103.08000183105469,103.36000061035156,102.66999816894531,102.91999816894531,634700,2026-09-30
2018-11-09,88.79002380371094,102.16999816894531,102.6500015258789,101.52999877929688,102.58000183105469,519700,2026-09-30
2018-11-12,87.4343490600586,100.61000061035156,102.0,100.45999908447266,101.98999786376953,746400,2026-09-30
2018-11-13,87.39955139160156,100.56999969482422,101.6500015258789,100.25,100.9000015258789,830900,2026-09-30
2018-11-14,86.84339904785156,99.93000030517578,101.4800033569336,99.33000183105469,101.13999938964844,935200,2026-09-30
2018-11-15,87.58208465576172,100.77999877929688,100.95999908447266,98.77999877929688,99.38999938964844,1253800,2026-09-30
2018-11-16,87.86016082763672,101.0999984741211,101.44999694824219,100.3499984741211,100.44999694824219,856300,2026-09-30
2018-11-19,86.71302795410156,99.77999877929688,101.18000030517578,99.41000366210938,100.94999694824219,947600,2026-09-30
2018-11-20,85.19221496582031,98.02999877929688,99.02999877929688,97.76000213623047,98.68000030517578,1285000,2026-09-30
2018-11-21,85.72229766845703,98.63999938964844,99.33999633789062,98.44000244140625,98.47000122070312,683300,2026-09-30
2018-11-23,85.47028350830078,98.3499984741211,98.83000183105469,97.9800033569336,98.0,151200,2026-09-30
2018-11-26,86.62611389160156,99.68000030517578,99.69999694824219,98.97000122070312,99.2300033569336,610000,2026-09-30
2018-11-27,86.66956329345703,99.7300033569336,99.76000213623047,99.13999938964844,99.30999755859375,596000,2026-09-30
2018-11-28,88.251220703125,101.55000305175781,101.55000305175781,99.5,100.05999755859375,818200,2026-09-30
2018-11-29,87.99052429199219,101.25,101.81999969482422,100.73999786376953,101.26000213623047,528700,2026-09-30
2018-11-30,88.34684753417969,101.66000366210938,101.87999725341797,101.02999877929688,101.19000244140625,689600,2026-09-30
2018-12-03,89.41573333740234,102.88999938964844,103.33999633789062,102.11000061035156,103.04000091552734,1289600,2026-09-30
2018-12-04,86.73041534423828,99.80000305175781,102.87999725341797,99.5999984741211,102.7300033569336,1194500,2026-09-30
2018-12-06,86.46969604492188,99.5,99.5,96.87000274658203,98.41000366210938,2091100,2026-09-30
2018-12-07,84.59257507324219,97.33999633789062,99.9800033569336,96.97000122070312,99.36000061035156,1373100,2026-09-30
2018-12-10,84.43614196777344,97.16000366210938,97.52999877929688,95.37999725341797,97.33999633789062,1665000,2026-09-30
2018-12-11,84.37531280517578,97.08999633789062,98.6500015258789,96.61000061035156,98.31999969482422,711900,2026-09-30
2018-12-12,84.80113983154297,97.58000183105469,98.72000122070312,97.55999755859375,98.29000091552734,670500,2026-09-30
2018-12-13,84.4013671875,97.12000274658203,98.06999969482422,96.80000305175781,97.83999633789062,655600,2026-09-30
2018-12-14,83.20209503173828,95.73999786376953,96.87999725341797,95.48999786376953,96.25,982700,2026-09-30
2018-12-17,81.40320587158203,93.66999816894531,95.7300033569336,93.16000366210938,95.41999816894531,1721100,2026-09-30
2018-12-18,81.29021453857422,93.54000091552734,94.7699966430664,92.97000122070312,94.29000091552734,2954100,2026-09-30
2018-12-19,80.01272583007812,92.06999969482422,95.0199966430664,91.58000183105469,93.54000091552734,2041300,2026-09-30
2018-12-20,78.75259399414062,90.62000274658203,92.26000213623047,89.66999816894531,91.68000030517578,2758600,2026-09-30
2018-12-21,77.35346984863281,89.01000213623047,92.12999725341797,88.81999969482422,90.88999938964844,2648200,2026-09-30
2018-12-24,75.35311889648438,86.19000244140625,88.16000366210938,86.16000366210938,87.95999908447266,1472700,2026-09-30
2018-12-26,78.76277160644531,90.08999633789062,90.08999633789062,85.76000213623047,86.61000061035156,2744400,2026-09-30
2018-12-27,79.47090911865234,90.9000015258789,90.9000015258789,87.66000366210938,88.91000366210938,2794700,2026-09-30
2018-12-28,79.26982879638672,90.66999816894531,91.87000274658203,90.20999908447266,91.18000030517578,2436600,2026-09-30
2018-12-31,79.90804290771484,91.4000015258789,91.43000030517578,90.36000061035156,91.19000244140625,3096200,2026-09-30
2019-01-02,79.95177459716797,91.44999694824219,91.79000091552734,89.9000015258789,90.05999755859375,1783300,2026-09-30
2019-01-03,78.40431213378906,89.68000030517578,91.11000061035156,89.47000122070312,90.98999786376953,1738900,2026-09-30
2019-01-04,81.00962829589844,92.66000366210938,92.91999816894531,90.72000122070312,90.76000213623047,1308100,2026-09-30
2019-01-07,81.85767364501953,93.62999725341797,94.33999633789062,92.44000244140625,92.77999877929688,1055100,2026-09-30
2019-01-08,82.74069213867188,94.63999938964844,94.69000244140625,93.55999755859375,94.45999908447266,1195800,2026-09-30
2019-01-09,83.32643127441406,95.30999755859375,95.66000366210938,94.62000274658203,94.97000122070312,1142400,2026-09-30
2019-01-10,83.83350372314453,95.88999938964844,95.91999816894531,94.4800033569336,94.72000122070312,1420600,2026-09-30
2019-01-11,83.89472198486328,95.95999908447266,96.04000091552734,95.19999694824219,95.44999694824219,1933000,2026-09-30
2019-01-14,83.44010162353516,95.44000244140625,95.80000305175781,95.06999969482422,95.27999877929688,754700,2026-09-30
2019-01-15,84.07831573486328,96.16999816894531,96.30999755859375,95.5199966430664,95.5199966430664,891700,2026-09-30
2019-01-16,84.28813171386719,96.41000366210938,96.77999877929688,96.16999816894531,96.26000213623047,764600,2026-09-30
2019-01-17,85.07498168945312,97.30999755859375,97.63999938964844,96.04000091552734,96.0999984741211,947700,2026-09-30
2019-01-18,86.36888885498047,98.79000091552734,98.91999816894531,97.81999969482422,97.94000244140625,1057900,2026-09-30
2019-01-22,85.21485900878906,97.47000122070312,98.25,96.88999938964844,98.23999786376953,3144100,2026-09-30
2019-01-23,85.14492797851562,97.38999938964844,98.05999755859375,96.47000122070312,97.83000183105469,1446300,2026-09-30
2019-01-24,85.538330078125,97.83999633789062,98.05999755859375,97.29000091552734,97.3499984741211,1133200,2026-09-30
2019-01-25,86.44757843017578,98.87999725341797,99.12999725341797,98.54000091552734,98.56999969482422,926000,2026-09-30
2019-01-28,86.10659790039062,98.48999786376953,98.5199966430664,97.72000122070312,98.12000274658203,1084700,2026-09-30
2019-01-29,86.25523376464844,98.66000366210938,98.81999969482422,98.23999786376953,98.62999725341797,809500,2026-09-30
2019-01-30,87.17322540283203,99.70999908447266,100.06999969482422,98.4800033569336,99.0199966430664,1086100,2026-09-30
2019-01-31,87.75023651123047,100.37000274658203,100.47000122070312,99.48999786376953,99.58999633789062,1924000,2026-09-30
2019-02-01,87.96880340576172,100.62000274658203,100.80999755859375,100.22000122070312,100.5,1213900,2026-09-30
2019-02-04,88.44963836669922,101.16999816894531,101.16999816894531,100.16000366210938,100.66999816894531,803800,2026-09-30
2019-02-05,88.79059600830078,101.55999755859375,101.62999725341797,101.05999755859375,101.30000305175781,1752700,2026-09-30
2019-02-06,88.7119369506836,101.47000122070312,101.63999938964844,101.22000122070312,101.41000366210938,661500,2026-09-30
2019-02-07,88.07372283935547,100.73999786376953,101.25,100.05000305175781,100.93000030517578,1118200,2026-09-30
2019-02-08,88.23980712890625,100.93000030517578,100.93000030517578,99.91000366210938,100.41999816894531,787200,2026-09-30
2019-02-11,88.4846420288086,101.20999908447266,101.30000305175781,100.9000015258789,101.16000366210938,457900,2026-09-30
2019-02-12,89.57745361328125,102.45999908447266,102.66000366210938,101.8499984741211,101.87000274658203,1003600,2026-09-30
2019-02-13,89.97086334228516,102.91000366210938,103.12999725341797,102.56999969482422,102.75,804000,2026-09-30
2019-02-14,89.76103210449219,102.66999816894531,103.1500015258789,102.12999725341797,102.44999694824219,703800,2026-09-30
2019-02-15,90.7664794921875,103.81999969482422,103.81999969482422,103.33999633789062,103.36000061035156,742100,2026-09-30
2019-02-19,90.93257904052734,104.01000213623047,104.29000091552734,103.27999877929688,103.54000091552734,1337600,2026-09-30
2019-02-20,91.25605010986328,104.37999725341797,104.58999633789062,103.98999786376953,104.05000305175781,700300,2026-09-30
2019-02-21,90.90634155273438,103.9800033569336,104.33000183105469,103.5999984741211,104.20999908447266,547500,2026-09-30
2019-02-22,91.38719177246094,104.52999877929688,104.61000061035156,104.08000183105469,104.20999908447266,729800,2026-09-30
2019-02-25,91.40467834472656,104.55000305175781,105.26000213623047,104.5,105.05000305175781,696600,2026-09-30
2019-02-26,91.15987396240234,104.2699966430664,104.73999786376953,104.26000213623047,104.43000030517578,701100,2026-09-30
2019-02-27,91.1861343383789,104.30000305175781,104.41999816894531,103.76000213623047,104.0199966430664,636300,2026-09-30
2019-02-28,90.9675521850586,104.05000305175781,104.33000183105469,103.87999725341797,104.16999816894531,1383000,2026-09-30
2019-03-01,91.57951354980469,104.75,105.04000091552734,104.12000274658203,104.7699966430664,911100,2026-09-30
2019-03-04,91.14238739013672,104.25,105.13999938964844,103.27999877929688,105.11000061035156,1636500,2026-09-30
2019-03-05,90.86264038085938,103.93000030517578,104.30999755859375,103.83999633789062,104.30000305175781,314200,2026-09-30
2019-03-06,90.06707000732422,103.0199966430664,103.94000244140625,102.93000030517578,103.9000015258789,512200,2026-09-30
2019-03-07,89.36763000488281,102.22000122070312,102.86000061035156,101.87999725341797,102.86000061035156,1083100,2026-09-30
2019-03-08,89.08786010742188,101.9000015258789,101.93000030517578,101.20999908447266,101.55000305175781,1117500,2026-09-30
2019-03-11,90.24192810058594,103.22000122070312,103.25,102.12999725341797,102.12999725341797,641800,2026-09-30
2019-03-12,90.53913879394531,103.55999755859375,103.77999877929688,103.31999969482422,103.38999938964844,636600,2026-09-30
2019-03-13,91.08120727539062,104.18000030517578,104.55000305175781,103.81999969482422,103.87000274658203,725300,2026-09-30
2019-03-14,90.95005798339844,104.02999877929688,104.36000061035156,103.83999633789062,104.22000122070312,326400,2026-09-30
2019-03-15,91.28227233886719,104.41000366210938,104.7699966430664,104.11000061035156,104.18000030517578,491300,2026-09-30
2019-03-18,91.71176147460938,104.41999816894531,104.4800033569336,103.7300033569336,104.08999633789062,608800,2026-09-30
2019-03-19,91.55368041992188,104.23999786376953,105.05000305175781,103.9000015258789,104.73999786376953,734100,2026-09-30
2019-03-20,90.91252899169922,103.51000213623047,104.33999633789062,103.11000061035156,104.12999725341797,1057300,2026-09-30
2019-03-21,92.08064270019531,104.83999633789062,105.05000305175781,103.25,103.25,722200,2026-09-30
2019-03-22,90.19232177734375,102.69000244140625,104.44999694824219,102.6500015258789,104.37000274658203,920100,2026-09-30
2019-03-25,90.21867370605469,102.72000122070312,103.18000030517578,102.12000274658203,102.62000274658203,661700,2026-09-30
2019-03-26,90.97401428222656,103.58000183105469,103.91000366210938,102.97000122070312,103.30000305175781,523800,2026-09-30
2019-03-27,90.67537689208984,103.23999786376953,103.87000274658203,102.62999725341797,103.5999984741211,771200,2026-09-30
2019-03-28,91.184814453125,103.81999969482422,103.97000122070312,103.08999633789062,103.43000030517578,736700,2026-09-30
2019-03-29,91.7293472290039,104.44000244140625,104.5999984741211,104.05999755859375,104.38999938964844,782900,2026-09-30
2019-04-01,92.89747619628906,105.7699966430664,105.8499984741211,105.12000274658203,105.19000244140625,1259600,2026-09-30
2019-04-02,92.82721710205078,105.69000244140625,105.83999633789062,105.38999938964844,105.80999755859375,722400,2026-09-30
2019-04-03,93.0819091796875,105.9800033569336,106.43000030517578,105.69999694824219,106.19999694824219,912000,2026-09-30
2019-04-04,93.3893051147461,106.33000183105469,106.36000061035156,105.86000061035156,106.01000213623047,1785900,2026-09-30
2019-04-05,93.99533081054688,107.0199966430664,107.04000091552734,106.5199966430664,106.58999633789062,851900,2026-09-30
2019-04-08,94.05681610107422,107.08999633789062,107.0999984741211,106.61000061035156,106.9000015258789,836000,2026-09-30
2019-04-09,93.31904602050781,106.25,106.70999908447266,106.04000091552734,106.70999908447266,535500,2026-09-30
2019-04-10,93.77574157714844,106.7699966430664,106.80999755859375,106.2300033569336,106.4000015258789,471800,2026-09-30
2019-04-11,93.89871215820312,106.91000366210938,107.08999633789062,106.58999633789062,106.9800033569336,462900,2026-09-30
2019-04-12,94.65404510498047,107.7699966430664,107.9000015258789,107.37000274658203,107.56999969482422,456700,2026-09-30
2019-04-15,94.39057159423828,107.47000122070312,107.86000061035156,107.33999633789062,107.86000061035156,423300,2026-09-30
2019-04-16,94.42569732666016,107.51000213623047,107.86000061035156,107.27999877929688,107.86000061035156,544700,2026-09-30
2019-04-17,93.87237548828125,106.87999725341797,108.0,106.73999786376953,107.9000015258789,463200,2026-09-30
2019-04-18,94.09196472167969,107.12999725341797,107.2300033569336,106.62000274658203,107.1500015258789,529800,2026-09-30
2019-04-22,93.85480499267578,106.86000061035156,106.9800033569336,106.6500015258789,106.87999725341797,474500,2026-09-30
2019-04-23,94.72431945800781,107.8499984741211,107.97000122070312,107.01000213623047,107.01000213623047,530800,2026-09-30
2019-04-24,94.69796752929688,107.81999969482422,108.12000274658203,107.72000122070312,107.87000274658203,573700,2026-09-30
2019-04-25,94.14464569091797,107.19000244140625,107.51000213623047,106.69000244140625,107.16000366210938,564500,2026-09-30
2019-04-26,94.71553802490234,107.83999633789062,107.83999633789062,107.0199966430664,107.26000213623047,520600,2026-09-30
2019-04-29,94.7067642211914,107.83000183105469,108.13999938964844,107.79000091552734,107.87999725341797,365900,2026-09-30
2019-04-30,95.02295684814453,108.19000244140625,108.30000305175781,107.30999755859375,107.94999694824219,671800,2026-09-30
2019-05-01,94.06561279296875,107.0999984741211,108.48999786376953,107.0999984741211,108.29000091552734,866600,2026-09-30
2019-05-02,94.07438659667969,107.11000061035156,107.51000213623047,106.38999938964844,106.97000122070312,600400,2026-09-30
2019-05-03,94.91754150390625,108.06999969482422,108.12999725341797,107.37999725341797,107.5,440900,2026-09-30
2019-05-06,94.46961975097656,107.55999755859375,107.75,106.2300033569336,106.4000015258789,522600,2026-09-30
2019-05-07,92.95015716552734,105.83000183105469,106.83999633789062,105.08999633789062,106.69999694824219,1552600,2026-09-30
2019-05-08,92.80084991455078,105.66000366210938,106.30000305175781,105.45999908447266,105.69000244140625,904200,2026-09-30
2019-05-09,92.68667602539062,105.52999877929688,105.7300033569336,104.20999908447266,104.94000244140625,637300,2026-09-30
2019-05-10,93.09069061279297,105.98999786376953,106.2699966430664,103.9000015258789,105.16999816894531,977700,2026-09-30
2019-05-13,90.77198028564453,103.3499984741211,104.29000091552734,102.9000015258789,104.20999908447266,1200800,2026-09-30
2019-05-14,91.66783905029297,104.37000274658203,104.95999908447266,103.5999984741211,103.72000122070312,827600,2026-09-30
2019-05-15,91.95767974853516,104.69999694824219,104.97000122070312,103.51000213623047,103.75,871000,2026-09-30
2019-05-16,92.5812759399414,105.41000366210938,105.97000122070312,104.93000030517578,104.93000030517578,701000,2026-09-30
2019-05-17,91.96646881103516,104.70999908447266,105.68000030517578,104.58000183105469,104.58000183105469,684800,2026-09-30
2019-05-20,91.38680267333984,104.05000305175781,104.52999877929688,103.75,104.12000274658203,410900,2026-09-30
2019-05-21,92.3704833984375,105.16999816894531,105.31999969482422,104.63999938964844,104.66999816894531,423000,2026-09-30
2019-05-22,91.90499877929688,104.63999938964844,105.05999755859375,104.44999694824219,104.80000305175781,651500,2026-09-30
2019-05-23,90.75442504882812,103.33000183105469,103.7699966430664,102.7699966430664,103.7699966430664,972900,2026-09-30
2019-05-24,90.92131805419922,103.5199966430664,104.05000305175781,103.20999908447266,103.83000183105469,715500,2026-09-30
2019-05-28,89.9288330078125,102.38999938964844,103.95999908447266,102.38999938964844,103.62000274658203,552600,2026-09-30
2019-05-29,89.31403350830078,101.69000244140625,102.0999984741211,101.12000274658203,101.94999694824219,735200,2026-09-30
2019-05-30,89.45455169677734,101.8499984741211,102.44000244140625,101.45999908447266,101.94999694824219,705300,2026-09-30
2019-05-31,88.43572998046875,100.69000244140625,101.19999694824219,100.5,100.86000061035156,1224500,2026-09-30
2019-06-03,88.94512176513672,101.2699966430664,101.70999908447266,100.73999786376953,100.75,1346300,2026-09-30
2019-06-04,90.93885803222656,103.54000091552734,103.58000183105469,102.12000274658203,102.12000274658203,659500,2026-09-30
2019-06-05,91.6590576171875,104.36000061035156,104.41000366210938,103.27999877929688,104.0999984741211,580900,2026-09-30
2019-06-06,92.11576843261719,104.87999725341797,105.12999725341797,104.16000366210938,104.44999694824219,518400,2026-09-30
2019-06-07,92.7130355834961,105.55999755859375,105.9800033569336,105.20999908447266,105.25,663400,2026-09-30
2019-06-10,93.00286102294922,105.88999938964844,106.5,105.8499984741211,106.04000091552734,391800,2026-09-30
2019-06-11,92.90625,105.77999877929688,106.75,105.5,106.5199966430664,436600,2026-09-30
2019-06-12,92.79206085205078,105.6500015258789,105.91000366210938,105.44000244140625,105.68000030517578,1951000,2026-09-30
2019-06-13,93.33661651611328,106.2699966430664,106.33000183105469,105.80999755859375,105.94999694824219,960200,2026-09-30
2019-06-14,93.0819091796875,105.9800033569336,106.22000122070312,105.69999694824219,106.22000122070312,308700,2026-09-30
2019-06-17,92.93260955810547,105.80999755859375,106.19000244140625,105.7699966430664,106.0999984741211,287900,2026-09-30
2019-06-18,93.84603118896484,106.8499984741211,107.33000183105469,106.38999938964844,106.38999938964844,564800,2026-09-30
2019-06-19,94.18854522705078,107.23999786376953,107.41999816894531,106.66999816894531,106.9000015258789,610900,2026-09-30
2019-06-20,95.01416015625,108.18000030517578,108.33000183105469,107.33999633789062,108.22000122070312,853800,2026-09-30
2019-06-21,94.79460144042969,107.93000030517578,108.30000305175781,107.73999786376953,108.08000183105469,620400,2026-09-30
2019-06-24,94.38871765136719,106.9800033569336,107.5199966430664,106.94999694824219,107.45999908447266,428700,2026-09-30
2019-06-25,93.81524658203125,106.33000183105469,107.11000061035156,106.27999877929688,107.06999969482422,358000,2026-09-30
2019-06-26,93.65642547607422,106.1500015258789,106.75,106.12000274658203,106.5999984741211,383000,2026-09-30
2019-06-27,94.24755096435547,106.81999969482422,106.91999816894531,106.43000030517578,106.43000030517578,404400,2026-09-30
2019-06-28,95.11222839355469,107.80000305175781,107.87999725341797,107.1500015258789,107.16000366210938,447000,2026-09-30
2019-07-01,95.7916030883789,108.56999969482422,109.23999786376953,108.01000213623047,109.0,1172000,2026-09-30
2019-07-02,95.68571472167969,108.44999694824219,108.56999969482422,108.0199966430664,108.48999786376953,813100,2026-09-30
2019-07-03,96.55918884277344,109.44000244140625,109.44999694824219,108.7699966430664,108.77999877929688,228800,2026-09-30
2019-07-05,96.43565368652344,109.30000305175781,109.33000183105469,108.29000091552734,108.95999908447266,388400,2026-09-30
2019-07-08,95.9062728881836,108.69999694824219,109.13999938964844,108.45999908447266,108.9000015258789,349600,2026-09-30
2019-07-09,95.87100219726562,108.66000366210938,108.70999908447266,108.1500015258789,108.22000122070312,370900,2026-09-30
2019-07-10,95.97686767578125,108.77999877929688,109.26000213623047,108.55000305175781,109.01000213623047,741100,2026-09-30
2019-07-11,96.17098236083984,109.0,109.05000305175781,108.44999694824219,108.94000244140625,345300,2026-09-30
2019-07-12,96.82389068603516,109.73999786376953,109.77999877929688,109.12000274658203,109.16000366210938,379500,2026-09-30
2019-07-15,96.74447631835938,109.6500015258789,109.8499984741211,109.41999816894531,109.8499984741211,330400,2026-09-30
2019-07-16,96.55036926269531,109.43000030517578,109.8499984741211,109.33999633789062,109.62999725341797,478500,2026-09-30
2019-07-17,95.74748992919922,108.5199966430664,109.43000030517578,108.5199966430664,109.43000030517578,319200,2026-09-30
2019-07-18,96.1180419921875,108.94000244140625,109.11000061035156,108.19000244140625,108.30999755859375,271700,2026-09-30
2019-07-19,95.71218872070312,108.4800033569336,109.41000366210938,108.44000244140625,109.2699966430664,410100,2026-09-30
2019-07-22,95.73863983154297,108.51000213623047,108.81999969482422,108.33000183105469,108.68000030517578,413800,2026-09-30
2019-07-23,96.56802368164062,109.44999694824219,109.4800033569336,108.72000122070312,108.83000183105469,410700,2026-09-30
2019-07-24,97.21209716796875,110.18000030517578,110.23999786376953,109.18000030517578,109.30999755859375,359100,2026-09-30
2019-07-25,96.58566284179688,109.47000122070312,110.0,109.2300033569336,110.0,417000,2026-09-30
2019-07-26,97.07093048095703,110.0199966430664,110.06999969482422,109.4800033569336,109.62999725341797,1105900,2026-09-30
2019-07-29,96.7885971069336,109.69999694824219,110.0199966430664,109.55000305175781,110.0199966430664,493700,2026-09-30
2019-07-30,96.8768081665039,109.80000305175781,109.80000305175781,108.87000274658203,109.11000061035156,260900,2026-09-30
2019-07-31,95.91509246826172,108.70999908447266,109.91000366210938,107.87000274658203,109.75,564000,2026-09-30
2019-08-01,94.688720703125,107.31999969482422,109.43000030517578,106.91000366210938,108.66999816894531,921900,2026-09-30
2019-08-02,93.929931640625,106.45999908447266,107.02999877929688,105.93000030517578,107.0199966430664,651000,2026-09-30
2019-08-05,91.265380859375,103.44000244140625,104.98999786376953,102.58999633789062,104.98999786376953,1455800,2026-09-30
2019-08-06,92.28001403808594,104.58999633789062,104.6500015258789,103.20999908447266,104.01000213623047,1056900,2026-09-30
2019-08-07,92.40357971191406,104.7300033569336,104.98999786376953,102.63999938964844,103.3499984741211,1022800,2026-09-30
2019-08-08,94.07112884521484,106.62000274658203,106.66999816894531,105.13999938964844,105.22000122070312,456700,2026-09-30
2019-08-09,93.20645141601562,105.63999938964844,106.33000183105469,105.12999725341797,106.19999694824219,440400,2026-09-30
2019-08-12,92.01532745361328,104.29000091552734,105.12999725341797,103.91999816894531,105.05999755859375,439900,2026-09-30
2019-08-13,93.20645141601562,105.63999938964844,106.43000030517578,103.9000015258789,104.0999984741211,412000,2026-09-30
2019-08-14,90.3477554321289,102.4000015258789,104.08000183105469,102.30000305175781,104.05000305175781,701300,2026-09-30
2019-08-15,90.37425231933594,102.43000030517578,102.8499984741211,101.7300033569336,102.70999908447266,768800,2026-09-30
2019-08-16,91.83887481689453,104.08999633789062,104.2300033569336,102.97000122070312,102.97000122070312,564200,2026-09-30
2019-08-19,92.89762878417969,105.29000091552734,105.62000274658203,105.0,105.19999694824219,455700,2026-09-30
2019-08-20,92.147705078125,104.44000244140625,105.1500015258789,104.38999938964844,105.05999755859375,442400,2026-09-30
2019-08-21,92.89762878417969,105.29000091552734,105.4000015258789,105.05000305175781,105.23999786376953,324800,2026-09-30
2019-08-22,92.95940399169922,105.36000061035156,105.80999755859375,104.7699966430664,105.5199966430664,337500,2026-09-30
2019-08-23,90.44483184814453,102.51000213623047,105.33999633789062,102.08000183105469,104.79000091552734,856800,2026-09-30
2019-08-26,91.23892211914062,103.41000366210938,103.54000091552734,102.7300033569336,103.36000061035156,636000,2026-09-30
2019-08-27,90.72718811035156,102.83000183105469,104.05999755859375,102.66999816894531,103.9000015258789,440400,2026-09-30
2019-08-28,91.51242065429688,103.72000122070312,103.80999755859375,102.4000015258789,102.58000183105469,420000,2026-09-30
2019-08-29,92.74765014648438,105.12000274658203,105.33000183105469,104.45999908447266,104.7300033569336,570700,2026-09-30
2019-08-30,92.78294372558594,105.16000366210938,105.86000061035156,104.93000030517578,105.5999984741211,1026700,2026-09-30
2019-09-03,92.26236724853516,104.56999969482422,104.80999755859375,103.95999908447266,104.48999786376953,422400,2026-09-30
2019-09-04,93.35643768310547,105.80999755859375,105.83999633789062,105.25,105.41000366210938,540000,2026-09-30
2019-09-05,94.72399139404297,107.36000061035156,107.69000244140625,106.79000091552734,106.83999633789062,525600,2026-09-30
2019-09-06,94.95339965820312,107.62000274658203,107.86000061035156,107.27999877929688,107.52999877929688,388400,2026-09-30
2019-09-09,95.4739761352539,108.20999908447266,108.22000122070312,107.69999694824219,107.94999694824219,380100,2026-09-30
2019-09-10,95.91509246826172,108.70999908447266,108.70999908447266,107.66999816894531,107.95999908447266,510600,2026-09-30
2019-09-11,96.6474380493164,109.54000091552734,109.56999969482422,108.2699966430664,108.7699966430664,643500,2026-09-30
2019-09-12,96.7621078491211,109.66999816894531,110.01000213623047,109.26000213623047,109.81999969482422,522800,2026-09-30
2019-09-13,96.77976989746094,109.69000244140625,110.25,109.63999938964844,109.94999694824219,282500,2026-09-30
2019-09-16,96.85034942626953,109.7699966430664,109.86000061035156,109.2699966430664,109.44000244140625,331500,2026-09-30
2019-09-17,96.86798858642578,109.79000091552734,109.81999969482422,109.31999969482422,109.69000244140625,283000,2026-09-30
2019-09-18,96.7621078491211,109.66999816894531,109.68000030517578,108.70999908447266,109.58999633789062,394200,2026-09-30
2019-09-19,96.49742126464844,109.37000274658203,109.9800033569336,109.25,109.77999877929688,250200,2026-09-30
2019-09-20,96.06510162353516,108.87999725341797,109.80000305175781,108.75,109.56999969482422,1150800,2026-09-30
2019-09-23,96.17150115966797,108.4800033569336,108.72000122070312,107.9800033569336,108.08999633789062,289500,2026-09-30
2019-09-24,95.39131927490234,107.5999984741211,108.87999725341797,107.20999908447266,108.83000183105469,870400,2026-09-30
2019-09-25,95.93212127685547,108.20999908447266,108.36000061035156,107.19000244140625,107.5999984741211,325500,2026-09-30
2019-09-26,95.70161437988281,107.94999694824219,108.23999786376953,107.43000030517578,108.23999786376953,401700,2026-09-30
2019-09-27,95.36475372314453,107.56999969482422,108.4000015258789,106.9800033569336,108.2300033569336,371800,2026-09-30
2019-09-30,95.81686401367188,108.08000183105469,108.30000305175781,107.75,107.75,1065400,2026-09-30
2019-10-01,94.3275146484375,106.4000015258789,108.55999755859375,106.26000213623047,108.26000213623047,903600,2026-09-30
2019-10-02,92.54556274414062,104.38999938964844,105.86000061035156,103.95999908447266,105.7699966430664,721200,2026-09-30
2019-10-03,93.21930694580078,105.1500015258789,105.1500015258789,103.13999938964844,104.2300033569336,720400,2026-09-30
2019-10-04,94.2565689086914,106.31999969482422,106.36000061035156,105.2300033569336,105.30999755859375,303600,2026-09-30
2019-10-07,93.75123596191406,105.75,106.58000183105469,105.69999694824219,106.0,446100,2026-09-30
2019-10-08,92.12886810302734,103.91999816894531,105.02999877929688,103.91999816894531,105.02999877929688,574700,2026-09-30
2019-10-09,92.94451141357422,104.83999633789062,105.20999908447266,104.41000366210938,104.73999786376953,380900,2026-09-30
2019-10-10,93.64485931396484,105.62999725341797,105.91000366210938,104.80000305175781,104.80000305175781,325700,2026-09-30
2019-10-11,94.92147064208984,107.06999969482422,107.94999694824219,106.69000244140625,106.69000244140625,695500,2026-09-30
2019-10-14,94.70870971679688,106.83000183105469,107.0,106.58000183105469,106.9000015258789,229300,2026-09-30
2019-10-15,95.51545715332031,107.73999786376953,108.05999755859375,107.04000091552734,107.16999816894531,429900,2026-09-30
2019-10-16,95.35588073730469,107.55999755859375,107.94999694824219,107.44000244140625,107.5999984741211,358400,2026-09-30
2019-10-17,95.71935272216797,107.97000122070312,108.33000183105469,107.72000122070312,107.98999786376953,356300,2026-09-30
2019-10-18,95.6041030883789,107.83999633789062,108.08999633789062,107.44000244140625,107.68000030517578,272300,2026-09-30
2019-10-21,96.33106231689453,108.66000366210938,108.69999694824219,108.25,108.41000366210938,276700,2026-09-30
2019-10-22,96.33993530273438,108.66999816894531,109.25,108.58999633789062,108.83999633789062,384200,2026-09-30
2019-10-23,96.61474609375,108.9800033569336,109.0,108.33999633789062,108.48999786376953,353500,2026-09-30
2019-10-24,96.65908813476562,109.02999877929688,109.37999725341797,108.56999969482422,109.29000091552734,213000,2026-09-30
2019-10-25,97.01367950439453,109.43000030517578,109.66000366210938,108.87999725341797,108.91000366210938,335100,2026-09-30
2019-10-28,97.31511688232422,109.7699966430664,110.12000274658203,109.73999786376953,109.80999755859375,363500,2026-09-30
2019-10-29,97.492431640625,109.97000122070312,110.29000091552734,109.4800033569336,109.55000305175781,305800,2026-09-30
2019-10-30,97.50129699707031,109.9800033569336,110.08000183105469,109.30999755859375,110.0,318500,2026-09-30
2019-10-31,96.99596405029297,109.41000366210938,109.79000091552734,108.80000305175781,109.79000091552734,392200,2026-09-30
2019-11-01,98.19279479980469,110.76000213623047,110.77999877929688,109.98999786376953,110.0,359900,2026-09-30
2019-11-04,98.76016235351562,111.4000015258789,111.48999786376953,111.18000030517578,111.33000183105469,385300,2026-09-30
2019-11-05,98.76016235351562,111.4000015258789,111.94000244140625,111.2300033569336,111.51000213623047,369500,2026-09-30
2019-11-06,98.65380096435547,111.27999877929688,111.44000244140625,110.94999694824219,111.44000244140625,655900,2026-09-30
2019-11-07,98.89315795898438,111.55000305175781,112.16000366210938,111.37999725341797,111.83000183105469,595900,2026-09-30
2019-11-08,99.1236572265625,111.80999755859375,111.80999755859375,111.0,111.36000061035156,324500,2026-09-30
2019-11-11,98.85769653320312,111.51000213623047,111.5999984741211,111.11000061035156,111.2300033569336,401000,2026-09-30
2019-11-12,98.91088104248047,111.56999969482422,112.05999755859375,111.37999725341797,111.5999984741211,255800,2026-09-30
2019-11-13,98.8399658203125,111.48999786376953,111.66999816894531,110.9800033569336,111.1500015258789,338800,2026-09-30
2019-11-14,99.06159973144531,111.73999786376953,111.76000213623047,111.31999969482422,111.44000244140625,298700,2026-09-30
2019-11-15,99.78855895996094,112.55999755859375,112.55999755859375,112.0199966430664,112.29000091552734,275000,2026-09-30
2019-11-18,99.66443634033203,112.41999816894531,112.5,112.20999908447266,112.4000015258789,386600,2026-09-30
2019-11-19,99.58465576171875,112.33000183105469,112.69000244140625,112.0,112.62999725341797,428300,2026-09-30
2019-11-20,99.20344543457031,111.9000015258789,112.31999969482422,111.37000274658203,112.01000213623047,496900,2026-09-30
2019-11-21,98.99954223632812,111.66999816894531,112.02999877929688,111.41000366210938,112.02999877929688,289700,2026-09-30
2019-11-22,99.2920913696289,112.0,112.06999969482422,111.58999633789062,111.9000015258789,377800,2026-09-30
2019-11-25,100.1875,113.01000213623047,113.02999877929688,112.31999969482422,112.4000015258789,358400,2026-09-30
2019-11-26,100.30274200439453,113.13999938964844,113.20999908447266,112.80000305175781,112.94000244140625,479400,2026-09-30
2019-11-27,100.72827911376953,113.62000274658203,113.63999938964844,113.16000366210938,113.38999938964844,272500,2026-09-30
2019-11-29,100.29389190673828,113.12999725341797,113.45999908447266,113.0,113.44000244140625,151000,2026-09-30
2019-12-02,99.45167541503906,112.18000030517578,113.16000366210938,112.12000274658203,113.16000366210938,834800,2026-09-30
2019-12-03,98.64490509033203,111.2699966430664,111.31999969482422,110.5199966430664,111.16999816894531,808500,2026-09-30
2019-12-04,99.36299896240234,112.08000183105469,112.44999694824219,111.47000122070312,111.5999984741211,319500,2026-09-30
2019-12-05,99.53142547607422,112.2699966430664,112.33000183105469,111.83999633789062,112.31999969482422,369100,2026-09-30
2019-12-06,100.45343017578125,113.30999755859375,113.5199966430664,113.04000091552734,113.04000091552734,371400,2026-09-30
2019-12-09,100.1431655883789,112.95999908447266,113.37000274658203,112.95999908447266,113.16000366210938,207600,2026-09-30
2019-12-10,100.03679656982422,112.83999633789062,113.2300033569336,112.68000030517578,112.95999908447266,378100,2026-09-30
2019-12-11,100.32933807373047,113.16999816894531,113.25,112.8499984741211,113.01000213623047,400500,2026-09-30
2019-12-12,101.38432312011719,114.36000061035156,114.58999633789062,113.05999755859375,113.19000244140625,618100,2026-09-30
2019-12-13,101.10063171386719,114.04000091552734,114.81999969482422,113.69000244140625,114.2699966430664,551500,2026-09-30
2019-12-16,101.73893737792969,114.76000213623047,115.06999969482422,114.63999938964844,114.77999877929688,381700,2026-09-30
2019-12-17,101.75666046142578,114.77999877929688,114.94999694824219,114.7300033569336,114.88999938964844,529600,2026-09-30
2019-12-18,101.9073715209961,114.94999694824219,115.08000183105469,114.7300033569336,114.9000015258789,302500,2026-09-30
2019-12-19,102.25313568115234,115.33999633789062,115.41999816894531,114.95999908447266,115.05000305175781,1710700,2026-09-30
2019-12-20,102.77617645263672,115.93000030517578,116.04000091552734,115.6500015258789,115.70999908447266,434400,2026-09-30
2019-12-23,102.8287124633789,115.5199966430664,115.8499984741211,115.41999816894531,115.73999786376953,330000,2026-09-30
2019-12-24,102.89991760253906,115.5999984741211,115.66999816894531,115.4800033569336,115.62000274658203,213700,2026-09-30
2019-12-26,103.12242889404297,115.8499984741211,115.87000274658203,115.54000091552734,115.73999786376953,335100,2026-09-30
2019-12-27,102.98001861572266,115.69000244140625,116.12999725341797,115.55000305175781,116.12999725341797,372600,2026-09-30
2019-12-30,102.62397766113281,115.29000091552734,115.80000305175781,115.12999725341797,115.73999786376953,582400,2026-09-30
2019-12-31,103.00674438476562,115.72000122070312,115.75,115.01000213623047,115.13999938964844,328700,2026-09-30
2020-01-02,103.30049133300781,116.05000305175781,116.37000274658203,115.37000274658203,116.2699966430664,700900,2026-09-30
2020-01-03,102.71297454833984,115.38999938964844,115.58000183105469,114.91999816894531,114.98999786376953,542900,2026-09-30
2020-01-06,102.84651947021484,115.54000091552734,115.56999969482422,114.7699966430664,114.7699966430664,570000,2026-09-30
2020-01-07,102.75750732421875,115.44000244140625,115.69000244140625,115.12000274658203,115.41000366210938,477700,2026-09-30
2020-01-08,103.06011962890625,115.77999877929688,116.25,115.3499984741211,115.5,498300,2026-09-30
2020-01-09,103.53189849853516,116.30999755859375,116.3499984741211,115.91999816894531,116.19000244140625,518700,2026-09-30
2020-01-10,103.21145629882812,115.94999694824219,116.5199966430664,115.80000305175781,116.5199966430664,353000,2026-09-30
2020-01-13,103.85234832763672,116.66999816894531,116.69999694824219,115.97000122070312,116.12000274658203,293500,2026-09-30
2020-01-14,104.05707550048828,116.9000015258789,117.19000244140625,116.51000213623047,116.58000183105469,350900,2026-09-30
2020-01-15,104.21731567382812,117.08000183105469,117.5,116.77999877929688,116.77999877929688,346600,2026-09-30
2020-01-16,105.18756866455078,118.16999816894531,118.19999694824219,117.52999877929688,117.52999877929688,281600,2026-09-30
2020-01-17,105.3923110961914,118.4000015258789,118.47000122070312,118.20999908447266,118.3499984741211,342300,2026-09-30
2020-01-21,104.95613098144531,117.91000366210938,118.25,117.79000091552734,117.94000244140625,415000,2026-09-30
2020-01-22,104.82262420654297,117.76000213623047,118.41000366210938,117.66000366210938,118.2300033569336,315100,2026-09-30
2020-01-23,105.05403137207031,118.0199966430664,118.08999633789062,116.79000091552734,117.41000366210938,449900,2026-09-30
2020-01-24,103.97697448730469,116.80999755859375,118.18000030517578,116.18000030517578,118.18000030517578,473800,2026-09-30
2020-01-27,102.26792907714844,114.88999938964844,115.44999694824219,114.72000122070312,114.9000015258789,536500,2026-09-30
2020-01-28,103.22036743164062,115.95999908447266,116.36000061035156,115.22000122070312,115.43000030517578,859500,2026-09-30
2020-01-29,102.89991760253906,115.5999984741211,116.43000030517578,115.58000183105469,116.31999969482422,701500,2026-09-30
2020-01-30,103.12242889404297,115.8499984741211,115.9000015258789,114.38999938964844,114.6500015258789,482500,2026-09-30
2020-01-31,101.06623077392578,113.54000091552734,115.31999969482422,113.2300033569336,115.27999877929688,747600,2026-09-30
2020-02-03,101.74272918701172,114.30000305175781,115.11000061035156,114.13999938964844,114.13999938964844,519600,2026-09-30
2020-02-04,103.23816680908203,115.9800033569336,116.4000015258789,115.69999694824219,115.70999908447266,431200,2026-09-30
2020-02-05,104.74250030517578,117.66999816894531,117.75,116.91000366210938,117.02999877929688,384800,2026-09-30
2020-02-06,104.71578216552734,117.63999938964844,118.13999938964844,117.54000091552734,118.05000305175781,449200,2026-09-30
2020-02-07,103.87016296386719,116.69000244140625,117.18000030517578,116.5199966430664,117.18000030517578,416900,2026-09-30
2020-02-10,104.32414245605469,117.19999694824219,117.19999694824219,116.33000183105469,116.41000366210938,364100,2026-09-30
2020-02-11,104.94721221923828,117.9000015258789,118.29000091552734,117.66999816894531,117.72000122070312,330300,2026-09-30
2020-02-12,105.66824340820312,118.70999908447266,118.81999969482422,118.43000030517578,118.44999694824219,450500,2026-09-30
2020-02-13,105.5703353881836,118.5999984741211,118.77999877929688,117.97000122070312,118.20999908447266,306400,2026-09-30
2020-02-14,105.58812713623047,118.62000274658203,118.70999908447266,118.19999694824219,118.6500015258789,547300,2026-09-30
2020-02-18,105.2676773071289,118.26000213623047,118.51000213623047,117.72000122070312,118.37999725341797,438100,2026-09-30
2020-02-19,105.64154815673828,118.68000030517578,118.91999816894531,118.52999877929688,118.61000061035156,348400,2026-09-30
2020-02-20,105.61485290527344,118.6500015258789,118.9800033569336,117.55000305175781,118.45999908447266,349600,2026-09-30
2020-02-21,104.65348815917969,117.56999969482422,118.1500015258789,117.31999969482422,118.05999755859375,371600,2026-09-30
2020-02-24,101.48461151123047,114.01000213623047,114.9000015258789,113.51000213623047,114.41000366210938,1197800,2026-09-30
2020-02-25,98.07536315917969,110.18000030517578,114.47000122070312,109.91000366210938,114.47000122070312,1797500,2026-09-30
2020-02-26,97.14071655273438,109.12999725341797,111.75,109.05999755859375,110.76000213623047,1428800,2026-09-30
2020-02-27,93.0905990600586,104.58000183105469,108.87000274658203,104.58000183105469,107.12999725341797,2006200,2026-09-30
2020-02-28,92.10253143310547,103.47000122070312,103.62000274658203,100.44999694824219,101.69000244140625,5815800,2026-09-30
2020-03-02,95.61858367919922,107.41999816894531,107.45999908447266,102.58000183105469,103.87000274658203,2376700,2026-09-30
2020-03-03,93.23301696777344,104.73999786376953,109.33999633789062,103.80999755859375,107.44999694824219,1795400,2026-09-30
2020-03-04,96.90929412841797,108.87000274658203,108.88999938964844,105.75,106.58000183105469,1295600,2026-09-30
2020-03-05,93.437744140625,104.97000122070312,106.97000122070312,104.11000061035156,106.05999755859375,932400,2026-09-30
2020-03-06,91.52394104003906,102.81999969482422,103.51000213623047,100.45999908447266,101.7699966430664,2283300,2026-09-30
2020-03-09,83.59284210205078,93.91000366210938,97.25,93.43000030517578,95.56999969482422,2468700,2026-09-30
2020-03-10,87.61627197265625,98.43000030517578,98.48999786376953,93.25,97.02999877929688,2283500,2026-09-30
2020-03-11,82.88961791992188,93.12000274658203,96.08999633789062,92.0,95.6500015258789,2959400,2026-09-30
2020-03-12,74.52232360839844,83.72000122070312,89.69000244140625,82.7300033569336,86.69000244140625,3807400,2026-09-30
2020-03-13,80.57527160644531,90.5199966430664,90.52999877929688,83.4800033569336,88.5199966430664,2484000,2026-09-30
2020-03-16,70.8727798461914,79.62000274658203,85.33000183105469,78.9000015258789,80.69000244140625,3294000,2026-09-30
2020-03-17,74.88728332519531,84.12999725341797,84.87000274658203,78.2699966430664,81.06999969482422,3632900,2026-09-30
2020-03-18,70.00931549072266,78.6500015258789,80.66999816894531,74.12000274658203,78.58000183105469,2692000,2026-09-30
2020-03-19,70.19624328613281,78.86000061035156,80.41999816894531,75.0199966430664,77.5199966430664,2218600,2026-09-30
2020-03-20,66.78702545166016,75.02999877929688,80.55000305175781,74.81999969482422,79.5199966430664,2544900,2026-09-30
2020-03-23,64.4139633178711,71.66000366210938,74.30000305175781,70.55999755859375,74.12999725341797,2958200,2026-09-30
2020-03-24,71.29044342041016,79.30999755859375,79.47000122070312,75.41999816894531,75.44999694824219,2508800,2026-09-30
2020-03-25,73.07921600341797,81.30000305175781,84.41999816894531,78.05000305175781,79.66999816894531,1991500,2026-09-30
2020-03-26,77.2859878540039,85.9800033569336,86.58000183105469,82.11000061035156,82.12999725341797,2197200,2026-09-30
2020-03-27,74.9848403930664,83.41999816894531,85.69000244140625,82.33000183105469,83.2300033569336,3237500,2026-09-30
2020-03-30,76.9533920288086,85.61000061035156,85.87999725341797,82.80999755859375,83.83000183105469,2380700,2026-09-30
2020-03-31,75.524169921875,84.0199966430664,85.8499984741211,83.54000091552734,85.25,1201700,2026-09-30
2020-04-01,71.80279541015625,79.87999725341797,81.4000015258789,79.08000183105469,80.73999786376953,2655800,2026-09-30
2020-04-02,72.93539428710938,81.13999938964844,82.38999938964844,79.22000122070312,79.33000183105469,1391900,2026-09-30
2020-04-03,71.75785064697266,79.83000183105469,81.68000030517578,79.0,80.76000213623047,1199400,2026-09-30
2020-04-06,77.18710327148438,85.87000274658203,86.41000366210938,82.83000183105469,82.83000183105469,2226700,2026-09-30
2020-04-07,77.80733489990234,86.55999755859375,89.80000305175781,86.45999908447266,88.91000366210938,1564200,2026-09-30
2020-04-08,81.02533721923828,90.13999938964844,90.58000183105469,86.81999969482422,87.47000122070312,1586000,2026-09-30
2020-04-09,82.89501953125,92.22000122070312,93.56999969482422,91.12999725341797,91.5199966430664,2168100,2026-09-30
2020-04-13,81.10623931884766,90.2300033569336,91.91999816894531,89.11000061035156,91.86000061035156,2221400,2026-09-30
2020-04-14,83.25457763671875,92.62000274658203,93.02999877929688,91.48999786376953,92.01000213623047,1499800,2026-09-30
2020-04-15,80.56690216064453,89.62999725341797,90.20999908447266,88.87999725341797,90.12999725341797,1203300,2026-09-30
2020-04-16,80.56690216064453,89.62999725341797,90.05999755859375,88.54000091552734,89.87000274658203,1633800,2026-09-30
2020-04-17,83.57817077636719,92.9800033569336,93.19999694824219,91.44999694824219,92.08999633789062,985400,2026-09-30
2020-04-20,81.86129760742188,91.06999969482422,92.69999694824219,90.77999877929688,91.4000015258789,1086500,2026-09-30
2020-04-21,79.47027587890625,88.41000366210938,90.04000091552734,88.11000061035156,89.0199966430664,1148800,2026-09-30
2020-04-22,80.96244049072266,90.06999969482422,90.69999694824219,89.33999633789062,90.05999755859375,1177100,2026-09-30
2020-04-23,81.0343246459961,90.1500015258789,91.80999755859375,90.0999984741211,90.47000122070312,904900,2026-09-30
2020-04-24,82.19390106201172,91.44000244140625,91.80999755859375,89.9800033569336,90.75,1099200,2026-09-30
2020-04-27,84.55793762207031,94.06999969482422,94.41999816894531,91.9800033569336,92.05999755859375,1562900,2026-09-30
2020-04-28,85.72651672363281,95.37000274658203,96.75,94.51000213623047,95.72000122070312,2456500,2026-09-30
2020-04-29,88.7018051147461,98.68000030517578,99.1500015258789,97.31999969482422,97.61000061035156,1928100,2026-09-30
2020-04-30,86.41864013671875,96.13999938964844,97.43000030517578,95.69999694824219,97.43000030517578,2126900,2026-09-30
2020-05-01,83.29949188232422,92.66999816894531,94.2699966430664,92.18000030517578,94.08000183105469,1327800,2026-09-30
2020-05-04,83.36244201660156,92.73999786376953,92.86000061035156,90.83000183105469,91.55999755859375,2316300,2026-09-30
2020-05-05,83.73998260498047,93.16000366210938,94.77999877929688,92.98999786376953,93.97000122070312,1218400,2026-09-30
2020-05-06,82.53546142578125,91.81999969482422,94.05000305175781,91.77999877929688,93.70999908447266,1284700,2026-09-30
2020-05-07,84.01863098144531,93.47000122070312,94.69999694824219,93.13999938964844,93.13999938964844,1749500,2026-09-30
2020-05-08,86.31976318359375,96.02999877929688,96.19000244140625,94.55999755859375,94.9000015258789,1453400,2026-09-30
2020-05-11,85.29505157470703,94.88999938964844,95.6500015258789,94.0999984741211,94.98999786376953,1370000,2026-09-30
2020-05-12,83.06582641601562,92.41000366210938,95.54000091552734,92.41000366210938,95.23999786376953,2404800,2026-09-30
2020-05-13,80.62982177734375,89.69999694824219,92.01000213623047,88.9000015258789,92.0,2939300,2026-09-30
2020-05-14,81.8792724609375,91.08999633789062,91.12000274658203,87.0,88.45999908447266,3231100,2026-09-30
2020-05-15,82.03211212158203,91.26000213623047,91.5999984741211,89.6500015258789,90.22000122070312,1013400,2026-09-30
2020-05-18,86.51749420166016,96.25,96.77999877929688,94.31999969482422,94.3499984741211,1905200,2026-09-30
2020-05-19,85.32200622558594,94.91999816894531,96.55000305175781,94.86000061035156,95.93000030517578,1549300,2026-09-30
2020-05-20,86.87705993652344,96.6500015258789,97.18000030517578,96.19999694824219,96.2699966430664,924800,2026-09-30
2020-05-21,86.49054718017578,96.22000122070312,97.0999984741211,95.63999938964844,96.4800033569336,662800,2026-09-30
2020-05-22,86.56244659423828,96.30000305175781,96.37999725341797,95.33999633789062,96.2300033569336,947900,2026-09-30
2020-05-26,89.36698150634766,99.41999816894531,100.16999816894531,99.04000091552734,99.04000091552734,1638300,2026-09-30
2020-05-27,91.57820129394531,101.87999725341797,101.93000030517578,99.44000244140625,101.5,2545100,2026-09-30
2020-05-28,90.661376953125,100.86000061035156,102.77999877929688,100.5999984741211,102.77999877929688,1381300,2026-09-30
2020-05-29,90.52652740478516,100.70999908447266,101.04000091552734,99.12000274658203,100.25,1500200,2026-09-30
2020-06-01,91.58721160888672,101.88999938964844,102.22000122070312,100.41999816894531,100.54000091552734,1369900,2026-09-30
2020-06-02,92.74678039550781,103.18000030517578,103.18000030517578,102.08000183105469,102.52999877929688,1442500,2026-09-30
2020-06-03,95.2546615600586,105.97000122070312,106.33000183105469,104.0999984741211,104.0999984741211,4706600,2026-09-30
2020-06-04,95.74005889892578,106.51000213623047,106.80000305175781,105.05999755859375,105.5,2275000,2026-09-30
2020-06-05,99.2726821899414,110.44000244140625,111.83999633789062,109.93000030517578,110.54000091552734,5838300,2026-09-30
2020-06-08,101.6546859741211,113.08999633789062,113.16000366210938,111.44999694824219,111.91000366210938,1944000,2026-09-30
2020-06-09,99.11089324951172,110.26000213623047,111.48999786376953,109.66000366210938,111.48999786376953,4173000,2026-09-30
2020-06-10,96.66590881347656,107.54000091552734,110.0,107.43000030517578,110.0,2135600,2026-09-30
2020-06-11,89.97823333740234,100.0999984741211,104.02999877929688,99.7300033569336,103.0999984741211,2533700,2026-09-30
2020-06-12,91.77597045898438,102.0999984741211,103.91999816894531,99.75,103.33999633789062,3291700,2026-09-30
2020-06-15,92.79171752929688,103.2300033569336,103.75,98.61000061035156,99.41999816894531,1740400,2026-09-30
2020-06-16,94.72432708740234,105.37999725341797,107.27999877929688,103.52999877929688,107.0,1438300,2026-09-30
2020-06-17,93.66363525390625,104.19999694824219,105.58999633789062,103.98999786376953,105.58999633789062,1013800,2026-09-30
2020-06-18,93.60071563720703,104.12999725341797,104.76000213623047,103.0199966430664,103.20999908447266,733300,2026-09-30
2020-06-19,92.62992095947266,103.05000305175781,105.80999755859375,102.48999786376953,105.75,1534200,2026-09-30
2020-06-22,92.73372650146484,102.73999786376953,103.02999877929688,101.37999725341797,102.19000244140625,2112100,2026-09-30
2020-06-23,92.842041015625,102.86000061035156,103.98999786376953,102.80000305175781,103.81999969482422,799100,2026-09-30
2020-06-24,89.77316284179688,99.45999908447266,101.8499984741211,98.73999786376953,101.8499984741211,1681200,2026-09-30
2020-06-25,90.69384002685547,100.4800033569336,100.58999633789062,98.37000274658203,99.0,1116900,2026-09-30
2020-06-26,88.85252380371094,98.44000244140625,100.26000213623047,98.05999755859375,100.08999633789062,1577600,2026-09-30
2020-06-29,90.6216049194336,100.4000015258789,100.5,98.43000030517578,99.16999816894531,798600,2026-09-30
2020-06-30,91.84916687011719,101.76000213623047,102.30000305175781,100.05999755859375,100.30000305175781,972800,2026-09-30
2020-07-01,91.72279357910156,101.62000274658203,102.77999877929688,101.13999938964844,102.04000091552734,1211400,2026-09-30
2020-07-02,92.27340698242188,102.2300033569336,103.76000213623047,102.0199966430664,103.16000366210938,819200,2026-09-30
2020-07-06,93.28430938720703,103.3499984741211,104.2699966430664,102.95999908447266,103.77999877929688,752100,2026-09-30
2020-07-07,91.79500579833984,101.69999694824219,102.87999725341797,101.56999969482422,102.55999755859375,614500,2026-09-30
2020-07-08,92.0657958984375,102.0,102.31999969482422,101.0,101.83000183105469,1398200,2026-09-30
2020-07-09,90.60356140136719,100.37999725341797,102.05000305175781,99.4000015258789,101.98999786376953,5261000,2026-09-30
2020-07-10,92.12898254394531,102.06999969482422,102.08999633789062,100.27999877929688,100.30000305175781,4634900,2026-09-30
2020-07-13,91.69573211669922,101.58999633789062,103.73999786376953,101.51000213623047,102.66999816894531,3302900,2026-09-30
2020-07-14,93.18502044677734,103.23999786376953,103.3499984741211,100.97000122070312,101.26000213623047,1397000,2026-09-30
2020-07-15,95.3422622680664,105.62999725341797,105.95999908447266,104.5199966430664,105.0,1351300,2026-09-30
2020-07-16,95.20687866210938,105.4800033569336,105.94000244140625,104.7300033569336,105.01000213623047,977100,2026-09-30
2020-07-17,95.53179931640625,105.83999633789062,106.13999938964844,105.22000122070312,105.87000274658203,650000,2026-09-30
2020-07-20,95.02632904052734,105.27999877929688,105.83999633789062,104.91000366210938,105.61000061035156,1220700,2026-09-30
2020-07-21,95.9740982055664,106.33000183105469,106.93000030517578,105.9000015258789,105.95999908447266,1767200,2026-09-30
2020-07-22,96.74129486083984,107.18000030517578,107.23999786376953,105.94999694824219,106.08999633789062,1107500,2026-09-30
2020-07-23,96.57881927490234,107.0,107.91999816894531,106.37999725341797,107.08999633789062,1294300,2026-09-30
2020-07-24,95.87479400634766,106.22000122070312,106.83999633789062,105.8499984741211,106.66999816894531,2315900,2026-09-30
2020-07-27,96.26292419433594,106.6500015258789,106.72000122070312,105.56999969482422,106.29000091552734,1007100,2026-09-30
2020-07-28,95.67621612548828,106.0,106.77999877929688,105.87000274658203,106.30999755859375,787200,2026-09-30
2020-07-29,97.24673461914062,107.73999786376953,107.97000122070312,106.4000015258789,106.4000015258789,826500,2026-09-30
2020-07-30,96.4795150756836,106.88999938964844,107.06999969482422,105.66000366210938,106.55999755859375,1173800,2026-09-30
2020-07-31,96.43443298339844,106.83999633789062,106.83999633789062,105.20999908447266,106.75,1888700,2026-09-30
2020-08-03,96.66908264160156,107.0999984741211,107.44999694824219,106.43000030517578,107.0199966430664,1053600,2026-09-30
2020-08-04,97.14747619628906,107.62999725341797,107.72000122070312,106.9000015258789,106.95999908447266,710400,2026-09-30
2020-08-05,97.93273162841797,108.5,108.5999984741211,108.16000366210938,108.31999969482422,1429600,2026-09-30
2020-08-06,97.86052703857422,108.41999816894531,108.56999969482422,107.87999725341797,108.12999725341797,1786000,2026-09-30
2020-08-07,98.85337829589844,109.5199966430664,109.5199966430664,107.97000122070312,108.02999877929688,1620000,2026-09-30
2020-08-10,99.89140319824219,110.66999816894531,110.77999877929688,109.69999694824219,109.7300033569336,3978700,2026-09-30
2020-08-11,99.78307342529297,110.55000305175781,112.30000305175781,110.2300033569336,111.80999755859375,4910300,2026-09-30
2020-08-12,100.3697509765625,111.19999694824219,111.69999694824219,110.80000305175781,111.5199966430664,1522100,2026-09-30
2020-08-13,99.88236999511719,110.66000366210938,111.22000122070312,110.3499984741211,110.69999694824219,1583500,2026-09-30
2020-08-14,100.17119598388672,110.9800033569336,111.30000305175781,110.2699966430664,110.37000274658203,649800,2026-09-30
2020-08-17,100.21634674072266,111.02999877929688,111.19000244140625,110.72000122070312,111.13999938964844,821400,2026-09-30
2020-08-18,99.6386489868164,110.38999938964844,111.02999877929688,110.20999908447266,111.0,696900,2026-09-30
2020-08-19,99.25052642822266,109.95999908447266,110.86000061035156,109.7300033569336,110.54000091552734,981900,2026-09-30
2020-08-20,98.79020690917969,109.44999694824219,109.73999786376953,108.87999725341797,109.20999908447266,613500,2026-09-30
2020-08-21,98.60967254638672,109.25,109.41000366210938,108.9000015258789,109.30999755859375,574500,2026-09-30
2020-08-24,100.225341796875,111.04000091552734,111.04000091552734,109.55999755859375,109.88999938964844,967200,2026-09-30
2020-08-25,100.225341796875,111.04000091552734,111.5999984741211,110.41000366210938,111.5,1465200,2026-09-30
2020-08-26,100.05386352539062,110.8499984741211,111.11000061035156,110.44000244140625,110.9000015258789,935800,2026-09-30
2020-08-27,100.56834411621094,111.41999816894531,111.87999725341797,111.02999877929688,111.25,1743600,2026-09-30
2020-08-28,101.39872741699219,112.33999633789062,112.41000366210938,111.30999755859375,111.83000183105469,720400,2026-09-30
2020-08-31,100.55028533935547,111.4000015258789,112.30000305175781,111.4000015258789,112.12999725341797,1603200,2026-09-30
2020-09-01,101.06478881835938,111.97000122070312,111.98999786376953,110.70999908447266,111.12000274658203,2348400,2026-09-30
2020-09-02,102.86096954345703,113.95999908447266,114.30999755859375,112.08999633789062,112.20999908447266,1904800,2026-09-30
2020-09-03,100.49614715576172,111.33999633789062,114.44999694824219,110.48999786376953,113.8499984741211,1864800,2026-09-30
2020-09-04,100.26146697998047,111.08000183105469,112.4000015258789,109.44999694824219,112.12999725341797,3138700,2026-09-30
2020-09-08,98.17642211914062,108.7699966430664,109.97000122070312,108.54000091552734,109.97000122070312,1584400,2026-09-30
2020-09-09,99.31371307373047,110.02999877929688,110.86000061035156,109.37999725341797,109.62000274658203,1899000,2026-09-30
2020-09-10,97.88758850097656,108.44999694824219,110.94000244140625,108.2699966430664,110.30000305175781,2408900,2026-09-30
2020-09-11,98.40208435058594,109.0199966430664,109.5,108.05999755859375,109.01000213623047,1330100,2026-09-30
2020-09-14,99.99066925048828,110.77999877929688,111.13999938964844,109.77999877929688,109.9000015258789,984900,2026-09-30
2020-09-15,100.08995056152344,110.88999938964844,111.72000122070312,110.75,111.33999633789062,1354700,2026-09-30
2020-09-16,100.75789642333984,111.62999725341797,112.94000244140625,111.30000305175781,111.5,1321900,2026-09-30
2020-09-17,100.32464599609375,111.1500015258789,111.55999755859375,109.70999908447266,110.23999786376953,1613000,2026-09-30
2020-09-18,99.1151351928711,109.80999755859375,111.31999969482422,109.2300033569336,111.2300033569336,1173500,2026-09-30
2020-09-21,96.61896514892578,106.55999755859375,107.62000274658203,105.41000366210938,107.51000213623047,1780800,2026-09-30
2020-09-22,97.07234191894531,107.05999755859375,107.48999786376953,106.12999725341797,106.66999816894531,1372500,2026-09-30
2020-09-23,94.9869155883789,104.76000213623047,107.83999633789062,104.70999908447266,107.30999755859375,1508300,2026-09-30
2020-09-24,95.14104461669922,104.93000030517578,106.13999938964844,103.4800033569336,104.5,2346200,2026-09-30
2020-09-25,96.46484375,106.38999938964844,106.66999816894531,104.30000305175781,104.5,1121600,2026-09-30
2020-09-28,98.32359313964844,108.44000244140625,108.80999755859375,107.62999725341797,107.75,1276600,2026-09-30
2020-09-29,97.53475952148438,107.56999969482422,108.45999908447266,107.02999877929688,108.41999816894531,1128000,2026-09-30
2020-09-30,98.02438354492188,108.11000061035156,109.2300033569336,107.41000366210938,107.9000015258789,1771400,2026-09-30
2020-10-01,98.37799072265625,108.5,109.20999908447266,107.70999908447266,108.6500015258789,1076600,2026-09-30
2020-10-02,98.81320190429688,108.9800033569336,109.4000015258789,106.70999908447266,106.7699966430664,1907300,2026-09-30
2020-10-05,100.5450210571289,110.88999938964844,111.01000213623047,109.72000122070312,109.72000122070312,1204000,2026-09-30
2020-10-06,99.51138305664062,109.75,112.38999938964844,109.56999969482422,111.44999694824219,2366500,2026-09-30
2020-10-07,101.32479858398438,111.75,112.05999755859375,110.83999633789062,110.83999633789062,2988700,2026-09-30
2020-10-08,102.82086944580078,113.4000015258789,113.41999816894531,112.27999877929688,112.41000366210938,4542400,2026-09-30
2020-10-09,102.97501373291016,113.56999969482422,114.30999755859375,113.2300033569336,114.0199966430664,1831000,2026-09-30
2020-10-12,103.77291870117188,114.44999694824219,114.68000030517578,113.73999786376953,114.05999755859375,1469700,2026-09-30
2020-10-13,102.72113037109375,113.29000091552734,114.1500015258789,112.95999908447266,113.94999694824219,992400,2026-09-30
2020-10-14,102.44005584716797,112.9800033569336,114.12999725341797,112.87000274658203,113.44999694824219,764800,2026-09-30
2020-10-15,102.91156005859375,113.5,113.58000183105469,111.56999969482422,111.73999786376953,1052000,2026-09-30
2020-10-16,102.82086944580078,113.4000015258789,114.08000183105469,113.2699966430664,113.76000213623047,896000,2026-09-30
2020-10-19,101.45172882080078,111.88999938964844,114.0,111.66000366210938,113.62000274658203,1286200,2026-09-30
2020-10-20,102.00483703613281,112.5,113.66000366210938,112.33999633789062,112.48999786376953,1585100,2026-09-30
2020-10-21,101.66028594970703,112.12000274658203,113.0,112.05000305175781,112.43000030517578,1077800,2026-09-30
2020-10-22,102.95687103271484,113.55000305175781,113.66000366210938,111.86000061035156,112.23999786376953,1227500,2026-09-30
2020-10-23,103.50088500976562,114.1500015258789,114.25,113.20999908447266,114.12999725341797,1280900,2026-09-30
2020-10-26,101.08908081054688,111.48999786376953,112.91999816894531,110.38999938964844,112.91999816894531,1813300,2026-09-30
2020-10-27,99.87407684326172,110.1500015258789,111.61000061035156,110.12999725341797,111.51000213623047,1244700,2026-09-30
2020-10-28,96.81845092773438,106.77999877929688,108.80000305175781,106.62000274658203,108.04000091552734,2317500,2026-09-30
2020-10-29,97.7977066040039,107.86000061035156,108.68000030517578,105.94999694824219,106.61000061035156,1970700,2026-09-30
2020-10-30,97.4803466796875,107.51000213623047,107.94999694824219,106.0,107.25,1844600,2026-09-30
2020-11-02,99.65644836425781,109.91000366210938,110.05999755859375,108.27999877929688,108.98999786376953,1862200,2026-09-30
2020-11-03,101.7328109741211,112.19999694824219,112.81999969482422,111.27999877929688,111.37999725341797,2303200,2026-09-30
2020-11-04,101.8144302368164,112.29000091552734,114.18000030517578,111.30000305175781,112.68000030517578,3016900,2026-09-30
2020-11-05,103.79106140136719,114.47000122070312,115.05999755859375,113.51000213623047,113.61000061035156,2319800,2026-09-30
2020-11-06,103.3648910522461,114.0,114.81999969482422,113.69000244140625,114.37999725341797,1548100,2026-09-30
2020-11-09,107.79869842529297,118.88999938964844,122.45999908447266,118.73999786376953,121.12999725341797,4505900,2026-09-30
2020-11-10,108.3880844116211,119.54000091552734,119.80000305175781,118.41000366210938,118.93000030517578,3757600,2026-09-30
2020-11-11,108.18858337402344,119.31999969482422,120.36000061035156,118.7300033569336,120.33000183105469,2885600,2026-09-30
2020-11-12,106.50209045410156,117.45999908447266,118.86000061035156,116.5,118.55999755859375,2249900,2026-09-30
2020-11-13,108.85049438476562,120.05000305175781,120.3499984741211,118.19999694824219,118.33000183105469,3897800,2026-09-30
2020-11-16,111.12632751464844,122.55999755859375,122.61000061035156,121.12999725341797,122.33000183105469,3030400,2026-09-30
2020-11-17,110.86338806152344,122.2699966430664,122.55999755859375,120.6500015258789,121.75,1795000,2026-09-30
2020-11-18,109.54866790771484,120.81999969482422,123.01000213623047,120.7699966430664,122.54000091552734,2234300,2026-09-30
2020-11-19,110.10174560546875,121.43000030517578,121.48999786376953,119.81999969482422,120.44000244140625,1785400,2026-09-30
2020-11-20,109.47611999511719,120.73999786376953,121.5,120.56999969482422,121.38999938964844,1435500,2026-09-30
2020-11-23,111.09912872314453,122.52999877929688,122.88999938964844,121.55000305175781,121.6500015258789,1635000,2026-09-30
2020-11-24,113.5200424194336,125.19999694824219,125.43000030517578,123.80999755859375,124.22000122070312,2984800,2026-09-30
2020-11-25,112.67680358886719,124.2699966430664,124.87000274658203,123.7699966430664,124.87000274658203,3255500,2026-09-30
2020-11-27,112.62239837646484,124.20999908447266,124.68000030517578,123.88999938964844,124.56999969482422,861400,2026-09-30
2020-11-30,111.4164810180664,122.87999725341797,123.95999908447266,122.37999725341797,123.87999725341797,1823300,2026-09-30
2020-12-01,112.45012664794922,124.0199966430664,124.9800033569336,123.91999816894531,124.41999816894531,4167500,2026-09-30
2020-12-02,112.7674560546875,124.37000274658203,124.5,123.30000305175781,123.70999908447266,2231800,2026-09-30
2020-12-03,113.40216827392578,125.06999969482422,125.75,124.4000015258789,124.5999984741211,1534900,2026-09-30
2020-12-04,115.22467041015625,127.08000183105469,127.0999984741211,125.66000366210938,125.66000366210938,1117400,2026-09-30
2020-12-07,114.65342712402344,126.44999694824219,126.88999938964844,125.9800033569336,126.87000274658203,3665800,2026-09-30
2020-12-08,114.97077941894531,126.80000305175781,127.06999969482422,125.62999725341797,125.70999908447266,2336600,2026-09-30
2020-12-09,114.59904479980469,126.38999938964844,127.44999694824219,125.66999816894531,127.33000183105469,2372100,2026-09-30
2020-12-10,114.69877624511719,126.5,126.66999816894531,125.51000213623047,125.63999938964844,2550300,2026-09-30
2020-12-11,113.99153137207031,125.72000122070312,126.19000244140625,124.83000183105469,125.66999816894531,1805500,2026-09-30
2020-12-14,113.17549133300781,124.81999969482422,127.2300033569336,124.76000213623047,127.01000213623047,2101300,2026-09-30
2020-12-15,115.05238342285156,126.88999938964844,126.91999816894531,125.20999908447266,125.6500015258789,2874200,2026-09-30
2020-12-16,114.80757141113281,126.62000274658203,127.0999984741211,126.19000244140625,127.0999984741211,2062400,2026-09-30
2020-12-17,115.46040344238281,127.33999633789062,127.38999938964844,126.69999694824219,127.20999908447266,2290200,2026-09-30
2020-12-18,115.18839263916016,127.04000091552734,127.61000061035156,126.1500015258789,127.54000091552734,4389300,2026-09-30
2020-12-21,114.27123260498047,125.58999633789062,125.91999816894531,123.5199966430664,124.58000183105469,2145400,2026-09-30
2020-12-22,113.83448028564453,125.11000061035156,125.68000030517578,124.91000366210938,125.66000366210938,1177400,2026-09-30
2020-12-23,114.49871063232422,125.83999633789062,126.44000244140625,125.54000091552734,125.5999984741211,3870400,2026-09-30
2020-12-24,114.71707916259766,126.08000183105469,126.16000366210938,125.44999694824219,125.98999786376953,886000,2026-09-30
2020-12-28,115.06282806396484,126.45999908447266,127.23999786376953,126.31999969482422,127.0199966430664,1272600,2026-09-30
2020-12-29,114.48963165283203,125.83000183105469,127.11000061035156,125.44000244140625,126.94000244140625,1986700,2026-09-30
2020-12-30,115.30851745605469,126.7300033569336,127.01000213623047,126.02999877929688,126.02999877929688,832600,2026-09-30
2020-12-31,116.04550170898438,127.54000091552734,127.69999694824219,126.08999633789062,126.70999908447266,1614900,2026-09-30
2021-01-04,114.37130737304688,125.69999694824219,128.22000122070312,124.62000274658203,127.95999908447266,3623900,2026-09-30
2021-01-05,115.34490203857422,126.7699966430664,127.4000015258789,125.54000091552734,125.55999755859375,3296600,2026-09-30
2021-01-06,118.1018295288086,129.8000030517578,130.6300048828125,127.33999633789062,127.36000061035156,4797800,2026-09-30
2021-01-07,119.27555084228516,131.08999633789062,131.5,130.42999267578125,130.6999969482422,2602400,2026-09-30
2021-01-08,119.48484802246094,131.32000732421875,131.67999267578125,129.94000244140625,131.6199951171875,1470800,2026-09-30
2021-01-11,119.34835052490234,131.1699981689453,131.4600067138672,129.92999267578125,130.10000610351562,1723700,2026-09-30
2021-01-12,120.2854995727539,132.1999969482422,132.33999633789062,131.10000610351562,131.3300018310547,1513300,2026-09-30
2021-01-13,119.8942642211914,131.77000427246094,132.24000549316406,131.32000732421875,132.07000732421875,2199800,2026-09-30
2021-01-14,120.29463195800781,132.2100067138672,132.97999572753906,132.05999755859375,132.3000030517578,1925000,2026-09-30
2021-01-15,119.39383697509766,131.22000122070312,131.6199951171875,130.00999450683594,131.30999755859375,2199200,2026-09-30
2021-01-19,119.96707153320312,131.85000610351562,132.2100067138672,131.41000366210938,132.14999389648438,1689700,2026-09-30
2021-01-20,120.713134765625,132.6699981689453,132.83999633789062,131.83999633789062,132.27000427246094,1676100,2026-09-30
2021-01-21,120.1035385131836,132.0,132.80999755859375,131.75999450683594,132.52000427246094,2770800,2026-09-30
2021-01-22,119.593994140625,131.44000244140625,131.6999969482422,130.63999938964844,131.2100067138672,1547200,2026-09-30
2021-01-25,119.48484802246094,131.32000732421875,131.75,129.82000732421875,131.0,2302800,2026-09-30
2021-01-26,118.89340209960938,130.6699981689453,132.0,130.47999572753906,131.7899932861328,2425700,2026-09-30
2021-01-27,116.15467834472656,127.66000366210938,129.25999450683594,127.01000213623047,128.8800048828125,3483000,2026-09-30
2021-01-28,117.1828384399414,128.7899932861328,129.9199981689453,128.4499969482422,128.47000122070312,2472600,2026-09-30
2021-01-29,115.09923553466797,126.5,128.86000061035156,125.83000183105469,128.4600067138672,2603600,2026-09-30
2021-02-01,116.6278076171875,128.17999267578125,128.52999877929688,126.73999786376953,127.54000091552734,1905300,2026-09-30
2021-02-02,118.1655044555664,129.8699951171875,130.5399932861328,129.19000244140625,129.35000610351562,2524400,2026-09-30
2021-02-03,118.47486114501953,130.2100067138672,130.47000122070312,129.27999877929688,129.63999938964844,2945000,2026-09-30
2021-02-04,119.98524475097656,131.8699951171875,131.88999938964844,130.3800048828125,130.5,1358100,2026-09-30
2021-02-05,120.6039810180664,132.5500030517578,132.97999572753906,132.30999755859375,132.75999450683594,1398200,2026-09-30
2021-02-08,122.0142822265625,134.10000610351562,134.10000610351562,132.97000122070312,133.24000549316406,908200,2026-09-30
2021-02-09,121.96878814697266,134.0500030517578,134.33999633789062,133.47000122070312,133.8800048828125,1483700,2026-09-30
2021-02-10,122.34182739257812,134.4600067138672,134.9199981689453,133.5500030517578,134.6699981689453,2615000,2026-09-30
2021-02-11,122.37821960449219,134.5,135.0500030517578,133.3800048828125,134.7100067138672,2329100,2026-09-30
2021-02-12,123.1152114868164,135.30999755859375,135.3699951171875,134.08999633789062,134.14999389648438,1676600,2026-09-30
2021-02-16,123.20620727539062,135.41000366210938,136.02999877929688,135.10000610351562,135.94000244140625,949600,2026-09-30
2021-02-17,123.14250946044922,135.33999633789062,135.38999938964844,134.32000732421875,134.97999572753906,1569000,2026-09-30
2021-02-18,122.45101928710938,134.5800018310547,134.9199981689453,133.8000030517578,134.5500030517578,1767400,2026-09-30
2021-02-19,123.37909698486328,135.60000610351562,135.97999572753906,135.22999572753906,135.25999450683594,1586500,2026-09-30
2021-02-22,123.58834075927734,135.8300018310547,136.61000061035156,134.99000549316406,134.99000549316406,3109800,2026-09-30
2021-02-23,123.9159164428711,136.19000244140625,136.64999389648438,133.85000610351562,135.69000244140625,3126800,2026-09-30
2021-02-24,125.87215423583984,138.33999633789062,138.5399932861328,135.99000549316406,136.1300048828125,3127000,2026-09-30
2021-02-25,122.94231414794922,135.1199951171875,138.42999267578125,134.57000732421875,138.2899932861328,2648200,2026-09-30
2021-02-26,122.10523986816406,134.1999969482422,135.75,133.1300048828125,135.47999572753906,3919800,2026-09-30
2021-03-01,124.87129211425781,137.24000549316406,137.9499969482422,135.9600067138672,135.9600067138672,1647800,2026-09-30
2021-03-02,124.25254821777344,136.55999755859375,137.49000549316406,136.30999755859375,137.27999877929688,7091100,2026-09-30
2021-03-03,123.61566925048828,135.86000061035156,137.47999572753906,135.86000061035156,136.61000061035156,3769200,2026-09-30
2021-03-04,121.93238067626953,134.00999450683594,136.39999389648438,132.0,135.8300018310547,4664600,2026-09-30
2021-03-05,124.7165756225586,137.07000732421875,137.4600067138672,132.60000610351562,135.77000427246094,4718900,2026-09-30
2021-03-08,125.5354995727539,137.97000122070312,139.75,137.14999389648438,137.63999938964844,5378700,2026-09-30
2021-03-09,125.71748352050781,138.1699981689453,139.50999450683594,138.05999755859375,139.0800018310547,4569400,2026-09-30
2021-03-10,127.00949096679688,139.58999633789062,140.1699981689453,138.66000366210938,138.72999572753906,4141500,2026-09-30
2021-03-11,127.86476135253906,140.52999877929688,141.3699951171875,139.82000732421875,140.1300048828125,2886800,2026-09-30
2021-03-12,128.8383331298828,141.60000610351562,141.6199951171875,140.5,140.6999969482422,2890300,2026-09-30
2021-03-15,129.93023681640625,142.8000030517578,142.8800048828125,141.10000610351562,141.88999938964844,3732300,2026-09-30
2021-03-16,128.7291717529297,141.47999572753906,142.6300048828125,141.13999938964844,142.60000610351562,2960800,2026-09-30
2021-03-17,129.3933563232422,142.2100067138672,142.25,140.55999755859375,141.19000244140625,2329200,2026-09-30
2021-03-18,128.12863159179688,140.82000732421875,142.92999267578125,140.52000427246094,141.75999450683594,3131300,2026-09-30
2021-03-19,127.89205169677734,140.55999755859375,141.47999572753906,139.41000366210938,140.8000030517578,4131100,2026-09-30
2021-03-22,128.0620880126953,140.10000610351562,140.55999755859375,139.4499969482422,140.16000366210938,3249100,2026-09-30
2021-03-23,126.21564483642578,138.0800018310547,139.86000061035156,137.6300048828125,139.58999633789062,3110600,2026-09-30
2021-03-24,126.05113983154297,137.89999389648438,139.82000732421875,137.89999389648438,138.75999450683594,3069000,2026-09-30
2021-03-25,127.56845092773438,139.55999755859375,139.8699951171875,136.55999755859375,137.47000122070312,4005600,2026-09-30
2021-03-26,129.95423889160156,142.1699981689453,142.27000427246094,139.97999572753906,140.3800048828125,3298800,2026-09-30
2021-03-29,129.27781677246094,141.42999267578125,142.08999633789062,140.6699981689453,141.64999389648438,2355900,2026-09-30
2021-03-30,129.52456665039062,141.6999969482422,141.97000122070312,140.9499969482422,141.0500030517578,3239900,2026-09-30
2021-03-31,129.48805236816406,141.66000366210938,142.3699951171875,141.47000122070312,141.8800048828125,5188800,2026-09-30
2021-04-01,130.78602600097656,143.0800018310547,143.08999633789062,141.77000427246094,142.13999938964844,4569200,2026-09-30
2021-04-05,131.974365234375,144.3800048828125,144.58999633789062,143.77000427246094,144.17999267578125,2611300,2026-09-30
2021-04-06,132.14797973632812,144.57000732421875,144.97000122070312,144.22999572753906,144.2899932861328,2715600,2026-09-30
2021-04-07,131.65443420410156,144.02999877929688,144.75999450683594,143.66000366210938,144.64999389648438,2521700,2026-09-30
2021-04-08,131.9011993408203,144.3000030517578,144.3300018310547,143.42999267578125,144.2899932861328,2442900,2026-09-30
2021-04-09,132.65988159179688,145.1300048828125,145.16000366210938,144.1699981689453,144.50999450683594,2340100,2026-09-30
2021-04-12,132.888427734375,145.3800048828125,145.4600067138672,144.85000610351562,145.14999389648438,1682800,2026-09-30
2021-04-13,132.65988159179688,145.1300048828125,145.38999938964844,144.38999938964844,145.0500030517578,2648000,2026-09-30
2021-04-14,132.87013244628906,145.36000061035156,146.08999633789062,145.08999633789062,145.1699981689453,2033500,2026-09-30
2021-04-15,133.9121856689453,146.5,146.58999633789062,145.55999755859375,146.07000732421875,2824300,2026-09-30
2021-04-16,134.50634765625,147.14999389648438,147.39999389648438,146.74000549316406,147.22000122070312,1578600,2026-09-30
2021-04-19,133.87557983398438,146.4600067138672,147.02000427246094,146.02999877929688,146.97999572753906,1987600,2026-09-30
2021-04-20,132.87924194335938,145.3699951171875,146.1999969482422,144.80999755859375,146.11000061035156,3054400,2026-09-30
2021-04-21,134.63426208496094,147.2899932861328,147.35000610351562,145.11000061035156,145.27000427246094,3009300,2026-09-30
2021-04-22,133.7842254638672,146.36000061035156,147.7899932861328,145.97999572753906,147.3800048828125,2459100,2026-09-30
2021-04-23,135.22845458984375,147.94000244140625,148.35000610351562,146.44000244140625,146.58999633789062,1597400,2026-09-30
2021-04-26,135.45697021484375,148.19000244140625,148.66000366210938,147.89999389648438,148.1999969482422,1721400,2026-09-30
2021-04-27,135.6032257080078,148.35000610351562,148.49000549316406,147.85000610351562,148.19000244140625,1416700,2026-09-30
2021-04-28,135.63978576660156,148.38999938964844,148.75999450683594,148.14999389648438,148.4600067138672,1678200,2026-09-30
2021-04-29,136.5264434814453,149.36000061035156,149.52000427246094,148.27000427246094,149.19000244140625,2276800,2026-09-30
2021-04-30,135.53921508789062,148.27999877929688,148.94000244140625,147.91000366210938,148.66000366210938,1766000,2026-09-30
2021-05-03,136.34361267089844,149.16000366210938,149.80999755859375,148.77000427246094,149.13999938964844,2499100,2026-09-30
2021-05-04,136.18821716308594,148.99000549316406,149.0,147.63999938964844,148.63999938964844,3329900,2026-09-30
2021-05-05,136.47158813476562,149.3000030517578,149.72999572753906,148.42999267578125,149.42999267578125,2963500,2026-09-30
2021-05-06,137.16627502441406,150.05999755859375,150.1199951171875,148.3699951171875,149.30999755859375,2270800,2026-09-30
2021-05-07,138.6105194091797,151.63999938964844,151.72000122070312,149.6699981689453,149.8800048828125,3671100,2026-09-30
2021-05-10,138.1443634033203,151.1300048828125,152.85000610351562,151.0500030517578,152.0399932861328,4154400,2026-09-30
2021-05-11,136.48072814941406,149.30999755859375,150.1699981689453,148.00999450683594,149.5399932861328,4273700,2026-09-30
2021-05-12,133.4551239013672,146.0,149.0800018310547,145.77999877929688,148.6699981689453,4357100,2026-09-30
2021-05-13,135.25588989257812,147.97000122070312,148.69000244140625,146.07000732421875,146.27000427246094,2993700,2026-09-30
2021-05-14,137.37649536132812,150.2899932861328,150.63999938964844,148.82000732421875,148.86000061035156,2992200,2026-09-30
2021-05-17,137.23025512695312,150.1300048828125,150.38999938964844,149.22000122070312,149.91000366210938,3319500,2026-09-30
2021-05-18,136.01458740234375,148.8000030517578,150.36000061035156,148.7899932861328,150.32000732421875,2383100,2026-09-30
2021-05-19,135.3107452392578,148.02999877929688,148.0800018310547,145.92999267578125,147.05999755859375,3919400,2026-09-30
2021-05-20,136.33445739746094,149.14999389648438,149.64999389648438,148.02999877929688,148.3000030517578,2460200,2026-09-30
2021-05-21,136.51730346679688,149.35000610351562,150.47000122070312,149.00999450683594,149.6699981689453,2968500,2026-09-30
2021-05-24,137.30340576171875,150.2100067138672,150.7100067138672,149.77999877929688,150.1199951171875,3187600,2026-09-30
2021-05-25,136.7275390625,149.5800018310547,150.7899932861328,149.36000061035156,150.63999938964844,1637300,2026-09-30
2021-05-26,137.1937255859375,150.08999633789062,150.19000244140625,149.55999755859375,149.7899932861328,3546000,2026-09-30
2021-05-27,137.8701629638672,150.8300018310547,151.02000427246094,150.60000610351562,150.8000030517578,1843300,2026-09-30
2021-05-28,138.13522338867188,151.1199951171875,151.49000549316406,150.77000427246094,151.35000610351562,1552200,2026-09-30
2021-06-01,138.59226989746094,151.6199951171875,152.3300018310547,151.22999572753906,152.19000244140625,2395400,2026-09-30
2021-06-02,138.6927947998047,151.72999572753906,151.97999572753906,151.22000122070312,151.89999389648438,1741100,2026-09-30
2021-06-03,138.49166870117188,151.50999450683594,151.7899932861328,150.41000366210938,151.07000732421875,2884300,2026-09-30
2021-06-04,139.17724609375,152.25999450683594,152.42999267578125,151.6199951171875,152.1300048828125,2075800,2026-09-30
2021-06-07,138.9304656982422,151.99000549316406,152.52999877929688,151.75,152.52999877929688,2400100,2026-09-30
2021-06-08,139.1041259765625,152.17999267578125,152.3800048828125,151.27999877929688,152.14999389648438,1646000,2026-09-30
2021-06-09,138.47340393066406,151.49000549316406,152.3800048828125,151.49000549316406,152.3800048828125,1600900,2026-09-30
2021-06-10,138.73851013183594,151.77999877929688,152.47000122070312,151.22000122070312,152.1699981689453,1756400,2026-09-30
2021-06-11,139.1041259765625,152.17999267578125,152.2899932861328,151.60000610351562,152.02000427246094,1315500,2026-09-30
2021-06-14,138.67449951171875,151.7100067138672,152.25999450683594,150.97999572753906,152.14999389648438,1441900,2026-09-30
2021-06-15,138.6927947998047,151.72999572753906,152.07000732421875,151.1699981689453,151.85000610351562,2714500,2026-09-30
2021-06-16,137.7512969970703,150.6999969482422,151.72000122070312,150.0399932861328,151.6199951171875,2776700,2026-09-30
2021-06-17,136.39846801757812,149.22000122070312,150.91000366210938,148.19000244140625,150.50999450683594,3518800,2026-09-30
2021-06-18,134.04928588867188,146.64999389648438,148.00999450683594,146.5800018310547,147.8800048828125,2341900,2026-09-30
2021-06-21,136.6343994140625,149.0500030517578,149.1199951171875,147.0800018310547,147.17999267578125,4364700,2026-09-30
2021-06-22,136.9185791015625,149.36000061035156,149.75999450683594,148.4199981689453,149.10000610351562,2095500,2026-09-30
2021-06-23,136.6894073486328,149.11000061035156,149.75999450683594,149.07000732421875,149.49000549316406,2445700,2026-09-30
2021-06-24,137.5877685546875,150.08999633789062,150.25999450683594,149.47000122070312,149.85000610351562,1848400,2026-09-30
2021-06-25,138.55030822753906,151.13999938964844,151.32000732421875,150.32000732421875,150.49000549316406,2162900,2026-09-30
2021-06-28,137.97274780273438,150.50999450683594,151.4199981689453,149.97999572753906,151.39999389648438,2222200,2026-09-30
2021-06-29,137.8719024658203,150.39999389648438,151.27000427246094,150.3000030517578,150.8000030517578,1883000,2026-09-30
2021-06-30,138.17446899414062,150.72999572753906,150.9499969482422,150.32000732421875,150.32000732421875,2614000,2026-09-30
2021-07-01,139.13699340820312,151.77999877929688,151.97999572753906,151.13999938964844,151.22999572753906,2159200,2026-09-30
2021-07-02,139.5494842529297,152.22999572753906,152.36000061035156,151.6199951171875,152.07000732421875,1228400,2026-09-30
2021-07-06,138.33029174804688,150.89999389648438,152.11000061035156,149.8699951171875,152.11000061035156,2424500,2026-09-30
2021-07-07,138.66029357910156,151.25999450683594,151.42999267578125,150.0800018310547,150.83999633789062,2481700,2026-09-30
2021-07-08,137.3861083984375,149.8699951171875,150.4499969482422,148.6199951171875,149.33999633789062,3747100,2026-09-30
2021-07-09,139.33863830566406,152.0,152.11000061035156,150.75,150.80999755859375,3006800,2026-09-30
2021-07-12,139.787841796875,152.49000549316406,152.5399932861328,151.22000122070312,151.6300048828125,1809600,2026-09-30
2021-07-13,138.46780395507812,151.0500030517578,152.25,151.00999450683594,152.1699981689453,2234300,2026-09-30
2021-07-14,138.26614379882812,150.8300018310547,152.13999938964844,150.49000549316406,151.52999877929688,2338600,2026-09-30
2021-07-15,137.89939880371094,150.42999267578125,150.7899932861328,149.66000366210938,150.1199951171875,5040600,2026-09-30
2021-07-16,136.87274169921875,149.30999755859375,151.08999633789062,149.1199951171875,150.92999267578125,2092400,2026-09-30
2021-07-19,134.39764404296875,146.61000061035156,147.4199981689453,145.61000061035156,147.19000244140625,6121100,2026-09-30
2021-07-20,136.94602966308594,149.38999938964844,149.86000061035156,146.77999877929688,146.9600067138672,2391600,2026-09-30
2021-07-21,138.32106018066406,150.88999938964844,151.08999633789062,150.1300048828125,150.14999389648438,1733600,2026-09-30
2021-07-22,137.9361114501953,150.47000122070312,150.8800048828125,149.91000366210938,150.8800048828125,1664700,2026-09-30
2021-07-23,139.0819854736328,151.72000122070312,151.8699951171875,150.67999267578125,151.2100067138672,2106100,2026-09-30
2021-07-26,139.4761505126953,152.14999389648438,152.38999938964844,151.5,151.58999633789062,2110500,2026-09-30
2021-07-27,139.22865295410156,151.8800048828125,152.00999450683594,151.0,151.66000366210938,4277300,2026-09-30
2021-07-28,139.30203247070312,151.9600067138672,152.55999755859375,151.07000732421875,152.13999938964844,2638000,2026-09-30
2021-07-29,140.34703063964844,153.10000610351562,153.58999633789062,152.5399932861328,152.66000366210938,2714100,2026-09-30
2021-07-30,139.9619903564453,152.67999267578125,153.6300048828125,152.47999572753906,152.52000427246094,2070000,2026-09-30
2021-08-02,139.7511444091797,152.4499969482422,154.3000030517578,152.3800048828125,153.3800048828125,2172000,2026-09-30
2021-08-03,140.9245147705078,153.72999572753906,153.75,151.52999877929688,152.72000122070312,2180700,2026-09-30
2021-08-04,139.59532165527344,152.27999877929688,153.38999938964844,152.27999877929688,152.97000122070312,2270300,2026-09-30
2021-08-05,140.6495361328125,153.42999267578125,153.42999267578125,152.75999450683594,152.83999633789062,1476400,2026-09-30
2021-08-06,141.22703552246094,154.05999755859375,154.3699951171875,153.63999938964844,153.9199981689453,1910600,2026-09-30
2021-08-09,140.90618896484375,153.7100067138672,154.0800018310547,153.25999450683594,153.82000732421875,1861900,2026-09-30
2021-08-10,141.56625366210938,154.42999267578125,154.83999633789062,153.7100067138672,153.91000366210938,1845700,2026-09-30
2021-08-11,142.47378540039062,155.4199981689453,155.42999267578125,154.27000427246094,154.75,2127200,2026-09-30
2021-08-12,142.400390625,155.33999633789062,155.4600067138672,154.6300048828125,155.35000610351562,1601800,2026-09-30
2021-08-13,142.382080078125,155.32000732421875,155.6199951171875,155.1300048828125,155.47999572753906,1672800,2026-09-30
2021-08-16,142.42796325683594,155.3699951171875,155.4199981689453,154.0800018310547,154.75,2458800,2026-09-30
2021-08-17,141.35540771484375,154.1999969482422,154.52999877929688,152.94000244140625,154.47999572753906,3097700,2026-09-30
2021-08-18,139.89785766601562,152.61000061035156,154.3800048828125,152.50999450683594,153.83999633789062,1788100,2026-09-30
2021-08-19,139.58616638183594,152.27000427246094,152.80999755859375,151.22000122070312,151.4499969482422,2900600,2026-09-30
2021-08-20,140.5945587158203,153.3699951171875,153.5399932861328,151.97000122070312,152.22999572753906,2207100,2026-09-30
2021-08-23,141.64877319335938,154.52000427246094,154.8699951171875,154.16000366210938,154.25,1745500,2026-09-30
2021-08-24,142.22625732421875,155.14999389648438,155.44000244140625,154.8000030517578,154.8800048828125,1144400,2026-09-30
2021-08-25,142.9779510498047,155.97000122070312,156.35000610351562,154.88999938964844,155.3000030517578,1225400,2026-09-30
2021-08-26,141.99705505371094,154.89999389648438,155.88999938964844,154.75,155.85000610351562,1735300,2026-09-30
2021-08-27,143.51881408691406,156.55999755859375,156.8000030517578,155.25,155.25,1623800,2026-09-30
2021-08-30,143.30801391601562,156.3300018310547,156.8800048828125,156.1699981689453,156.69000244140625,1514900,2026-09-30
2021-08-31,143.28050231933594,156.3000030517578,156.50999450683594,155.9600067138672,156.3300018310547,1477800,2026-09-30
2021-09-01,143.30801391601562,156.3300018310547,156.69000244140625,155.77000427246094,156.69000244140625,1300100,2026-09-30
2021-09-02,144.27967834472656,157.38999938964844,157.4600067138672,156.83999633789062,156.9199981689453,1321600,2026-09-30
2021-09-03,143.81211853027344,156.8800048828125,157.22000122070312,156.7100067138672,157.0800018310547,1118900,2026-09-30
2021-09-07,142.6112823486328,155.57000732421875,156.86000061035156,155.42999267578125,156.61000061035156,1626100,2026-09-30
2021-09-08,142.51959228515625,155.47000122070312,155.89999389648438,154.82000732421875,155.32000732421875,1438600,2026-09-30
2021-09-09,142.1162567138672,155.02999877929688,156.24000549316406,154.97000122070312,155.35000610351562,1464200,2026-09-30
2021-09-10,141.1811981201172,154.00999450683594,155.89999389648438,153.97000122070312,155.7899932861328,1987200,2026-09-30
2021-09-13,141.57540893554688,154.44000244140625,155.3300018310547,153.6699981689453,155.14999389648438,2194700,2026-09-30
2021-09-14,140.5670166015625,153.33999633789062,155.00999450683594,153.00999450683594,154.91000366210938,2146300,2026-09-30
2021-09-15,141.81373596191406,154.6999969482422,154.92999267578125,153.0500030517578,153.3699951171875,2816800,2026-09-30
2021-09-16,141.54795837402344,154.41000366210938,155.0,153.60000610351562,154.6300048828125,2159100,2026-09-30
2021-09-17,140.2920379638672,153.0399932861328,154.42999267578125,152.94000244140625,154.0399932861328,3120900,2026-09-30
2021-09-20,138.17315673828125,150.17999267578125,150.72999572753906,148.39999389648438,150.14999389648438,4130100,2026-09-30
2021-09-21,137.6763153076172,149.63999938964844,151.30999755859375,149.44000244140625,151.0500030517578,2452700,2026-09-30
2021-09-22,139.22201538085938,151.32000732421875,152.3000030517578,150.55999755859375,150.66000366210938,3319000,2026-09-30
2021-09-23,141.2645263671875,153.5399932861328,154.39999389648438,152.0800018310547,152.1300048828125,3218400,2026-09-30
2021-09-24,141.50372314453125,153.8000030517578,154.16000366210938,153.05999755859375,153.08999633789062,2444000,2026-09-30
2021-09-27,141.97296142578125,154.30999755859375,155.13999938964844,154.02999877929688,154.10000610351562,3239300,2026-09-30
2021-09-28,139.84764099121094,152.0,153.97999572753906,151.7899932861328,153.8699951171875,4857900,2026-09-30
2021-09-29,140.1512908935547,152.3300018310547,153.08999633789062,152.00999450683594,152.5,2633500,2026-09-30
2021-09-30,137.8419189453125,149.82000732421875,152.75999450683594,149.77000427246094,152.75999450683594,4426400,2026-09-30
2021-10-01,139.70040893554688,151.83999633789062,152.6300048828125,149.41000366210938,150.5800018310547,3351600,2026-09-30
2021-10-04,138.81716918945312,150.8800048828125,152.50999450683594,150.22000122070312,151.57000732421875,4596900,2026-09-30
2021-10-05,139.8108673095703,151.9600067138672,152.91000366210938,150.88999938964844,151.44000244140625,2497600,2026-09-30
2021-10-06,140.00404357910156,152.1699981689453,152.17999267578125,149.63999938964844,150.66000366210938,2846900,2026-09-30
2021-10-07,141.19090270996094,153.4600067138672,154.49000549316406,153.22000122070312,153.22000122070312,2243800,2026-09-30
2021-10-08,140.85972595214844,153.10000610351562,153.9199981689453,152.97999572753906,153.6699981689453,1861000,2026-09-30
2021-10-11,140.08685302734375,152.25999450683594,154.1199951171875,152.22999572753906,153.2100067138672,1408300,2026-09-30
2021-10-12,140.1236572265625,152.3000030517578,153.16000366210938,151.92999267578125,152.42999267578125,1524000,2026-09-30
2021-10-13,140.35365295410156,152.5500030517578,152.99000549316406,151.0500030517578,152.3300018310547,2283400,2026-09-30
2021-10-14,142.76419067382812,155.1699981689453,155.17999267578125,153.6699981689453,153.8300018310547,1646800,2026-09-30
2021-10-15,143.25181579589844,155.6999969482422,156.57000732421875,155.6300048828125,156.08999633789062,2032700,2026-09-30
2021-10-18,143.3070068359375,155.75999450683594,156.08999633789062,154.69000244140625,155.05999755859375,1658200,2026-09-30
2021-10-19,144.144287109375,156.6699981689453,156.74000549316406,155.88999938964844,156.39999389648438,1576200,2026-09-30
2021-10-20,145.24835205078125,157.8699951171875,158.00999450683594,156.6300048828125,156.64999389648438,1919700,2026-09-30
2021-10-21,145.4231414794922,158.05999755859375,158.0800018310547,157.13999938964844,157.63999938964844,1870600,2026-09-30
2021-10-22,145.83714294433594,158.50999450683594,159.0399932861328,157.8000030517578,158.25,1547500,2026-09-30
2021-10-25,146.1683807373047,158.8699951171875,159.35000610351562,158.27000427246094,158.85000610351562,2595000,2026-09-30
2021-10-26,145.8831787109375,158.55999755859375,159.38999938964844,158.50999450683594,159.2899932861328,2502700,2026-09-30
2021-10-27,143.94186401367188,156.4499969482422,158.55999755859375,156.4199981689453,158.50999450683594,2476600,2026-09-30
2021-10-28,145.4047393798828,158.0399932861328,158.05999755859375,156.75,156.8000030517578,1758500,2026-09-30
2021-10-29,145.14712524414062,157.75999450683594,158.24000549316406,157.22999572753906,157.69000244140625,1324400,2026-09-30
2021-11-01,146.30638122558594,159.02000427246094,159.10000610351562,158.11000061035156,158.27999877929688,2186400,2026-09-30
2021-11-02,146.71124267578125,159.4600067138672,159.6199951171875,158.82000732421875,159.36000061035156,1759200,2026-09-30
2021-11-03,147.5760498046875,160.39999389648438,160.55999755859375,158.97000122070312,158.99000549316406,2342600,2026-09-30
2021-11-04,147.27244567871094,160.07000732421875,160.97999572753906,159.50999450683594,160.52999877929688,2505200,2026-09-30
2021-11-05,148.3948974609375,161.2899932861328,162.13999938964844,160.72999572753906,161.3000030517578,2047600,2026-09-30
2021-11-08,148.61572265625,161.52999877929688,162.25999450683594,161.1999969482422,162.0,1344700,2026-09-30
2021-11-09,148.59730529785156,161.50999450683594,161.8699951171875,160.85000610351562,161.5399932861328,1152300,2026-09-30
2021-11-10,147.64967346191406,160.47999572753906,161.75999450683594,160.05999755859375,161.10000610351562,2132400,2026-09-30
2021-11-11,148.00851440429688,160.8699951171875,161.02000427246094,160.4499969482422,160.77000427246094,1083100,2026-09-30
2021-11-12,148.72608947753906,161.64999389648438,161.85000610351562,160.85000610351562,161.3000030517578,1188500,2026-09-30
2021-11-15,148.98373413085938,161.92999267578125,162.22999572753906,161.61000061035156,162.1699981689453,1194200,2026-09-30
2021-11-16,149.17694091796875,162.13999938964844,162.8000030517578,161.85000610351562,162.00999450683594,1732100,2026-09-30
2021-11-17,148.38565063476562,161.27999877929688,162.05999755859375,160.89999389648438,161.97000122070312,1608600,2026-09-30
2021-11-18,147.84288024902344,160.69000244140625,161.6300048828125,159.9199981689453,161.6300048828125,1280400,2026-09-30
2021-11-19,146.8860321044922,159.64999389648438,160.4499969482422,159.52999877929688,160.3699951171875,1595000,2026-09-30
2021-11-22,147.1160125732422,159.89999389648438,161.2899932861328,159.86000061035156,160.25,2230300,2026-09-30
2021-11-23,147.72328186035156,160.55999755859375,160.77000427246094,159.36000061035156,160.07000732421875,2112100,2026-09-30
2021-11-24,147.796875,160.63999938964844,160.77999877929688,159.67999267578125,159.82000732421875,1595200,2026-09-30
2021-11-26,143.9510955810547,156.4600067138672,157.57000732421875,155.77999877929688,157.24000549316406,3644300,2026-09-30
2021-11-29,145.1563262939453,157.77000427246094,158.6699981689453,156.67999267578125,158.27999877929688,2657000,2026-09-30
2021-11-30,141.31048583984375,153.58999633789062,156.75,153.5399932861328,156.57000732421875,4223100,2026-09-30
2021-12-01,139.55320739746094,151.67999267578125,156.91000366210938,151.57000732421875,155.9199981689453,6193400,2026-09-30
2021-12-02,142.9298553466797,155.35000610351562,155.9600067138672,152.10000610351562,152.25,5321200,2026-09-30
2021-12-03,142.1477813720703,154.5,156.35000610351562,153.1699981689453,156.0800018310547,5924200,2026-09-30
2021-12-06,144.25466918945312,156.7899932861328,157.82000732421875,155.3000030517578,155.91000366210938,4885400,2026-09-30
2021-12-07,146.6928253173828,159.44000244140625,160.1999969482422,158.27999877929688,158.3800048828125,2510800,2026-09-30
2021-12-08,147.07003784179688,159.85000610351562,160.19000244140625,159.27000427246094,159.72000122070312,3000100,2026-09-30
2021-12-09,146.02117919921875,158.7100067138672,159.64999389648438,158.69000244140625,159.2100067138672,1829500,2026-09-30
2021-12-10,146.96885681152344,159.74000549316406,159.86000061035156,158.49000549316406,159.6699981689453,2200800,2026-09-30
2021-12-13,145.90158081054688,158.5800018310547,159.5399932861328,157.99000549316406,159.5399932861328,3743000,2026-09-30
2021-12-14,145.0275115966797,157.6300048828125,158.82000732421875,157.14999389648438,157.5500030517578,3265000,2026-09-30
2021-12-15,146.61000061035156,159.35000610351562,159.47999572753906,156.74000549316406,157.75,4800700,2026-09-30
2021-12-16,146.35240173339844,159.07000732421875,160.8699951171875,158.5500030517578,160.19000244140625,4805000,2026-09-30
2021-12-17,144.41107177734375,156.9600067138672,159.27999877929688,155.80999755859375,158.49000549316406,6970300,2026-09-30
2021-12-20,142.92918395996094,154.89999389648438,155.11000061035156,153.4199981689453,155.0,6794600,2026-09-30
2021-12-21,145.82650756835938,158.0399932861328,158.11000061035156,156.0,156.16000366210938,3589700,2026-09-30
2021-12-22,146.85076904296875,159.14999389648438,159.19000244140625,157.7899932861328,157.91000366210938,1855000,2026-09-30
2021-12-23,147.84732055664062,160.22999572753906,160.72999572753906,159.66000366210938,159.66000366210938,1614100,2026-09-30
2021-12-27,149.73887634277344,162.27999877929688,162.2899932861328,160.24000549316406,160.50999450683594,2518200,2026-09-30
2021-12-28,149.96951293945312,162.52999877929688,163.10000610351562,162.13999938964844,162.24000549316406,2754600,2026-09-30
2021-12-29,150.41244506835938,163.00999450683594,163.32000732421875,162.36000061035156,162.5399932861328,2915200,2026-09-30
2021-12-30,150.17259216308594,162.75,163.86000061035156,162.5800018310547,163.19000244140625,2090100,2026-09-30
2021-12-31,150.17259216308594,162.75,163.4499969482422,162.4600067138672,162.5800018310547,3194700,2026-09-30
2022-01-03,150.30174255371094,162.88999938964844,163.47000122070312,161.8000030517578,163.1300048828125,3841500,2026-09-30
2022-01-04,151.51052856445312,164.1999969482422,164.6199951171875,163.58999633789062,163.60000610351562,3532000,2026-09-30
2022-01-05,149.1759796142578,161.6699981689453,164.89999389648438,161.60000610351562,164.32000732421875,5266400,2026-09-30
2022-01-06,149.5081787109375,162.02999877929688,163.02000427246094,161.16000366210938,162.35000610351562,3597700,2026-09-30
2022-01-07,149.26824951171875,161.77000427246094,162.57000732421875,161.4199981689453,162.0399932861328,4051800,2026-09-30
2022-01-10,148.52088928222656,160.9600067138672,161.27999877929688,158.8000030517578,161.08999633789062,5845200,2026-09-30
2022-01-11,149.9234161376953,162.47999572753906,162.52999877929688,159.9600067138672,161.13999938964844,4053700,2026-09-30
2022-01-12,150.04335021972656,162.61000061035156,163.4600067138672,161.85000610351562,162.97999572753906,3526500,2026-09-30
2022-01-13,149.35130310058594,161.86000061035156,163.6699981689453,161.49000549316406,163.02999877929688,3157800,2026-09-30
2022-01-14,149.0929718017578,161.5800018310547,161.72999572753906,159.75,160.7899932861328,3948500,2026-09-30
2022-01-18,146.7215576171875,159.00999450683594,160.5500030517578,158.5399932861328,160.5,4653200,2026-09-30
2022-01-19,145.19908142089844,157.36000061035156,160.0,157.3000030517578,159.7100067138672,4899600,2026-09-30
2022-01-20,143.3536376953125,155.36000061035156,159.58999633789062,155.2100067138672,157.77999877929688,7227200,2026-09-30
2022-01-21,141.2590789794922,153.08999633789062,156.0399932861328,152.82000732421875,155.14999389648438,8646900,2026-09-30
2022-01-24,142.3201904296875,154.24000549316406,154.47999572753906,148.16000366210938,151.0399932861328,10105000,2026-09-30
2022-01-25,140.97303771972656,152.77999877929688,154.3000030517578,149.63999938964844,152.0500030517578,6199200,2026-09-30
2022-01-26,139.83810424804688,151.5500030517578,155.36000061035156,150.14999389648438,154.0800018310547,8083200,2026-09-30
2022-01-27,139.0537872314453,150.6999969482422,154.49000549316406,149.86000061035156,153.1300048828125,5311300,2026-09-30
2022-01-28,141.4344024658203,153.27999877929688,153.27999877929688,148.97000122070312,150.44000244140625,5525700,2026-09-30
2022-01-31,143.6120147705078,155.63999938964844,155.75999450683594,152.2899932861328,152.5399932861328,5070600,2026-09-30
2022-02-01,144.72853088378906,156.85000610351562,157.02999877929688,154.64999389648438,155.6999969482422,5615600,2026-09-30
2022-02-02,145.66970825195312,157.8699951171875,158.1699981689453,156.27000427246094,156.97999572753906,4974300,2026-09-30
2022-02-03,143.82423400878906,155.8699951171875,157.6199951171875,155.66000366210938,156.8699951171875,5293900,2026-09-30
2022-02-04,143.69505310058594,155.72999572753906,156.92999267578125,154.16000366210938,155.24000549316406,5358900,2026-09-30
2022-02-07,143.787353515625,155.8300018310547,157.00999450683594,155.50999450683594,155.9199981689453,2881100,2026-09-30
2022-02-08,145.1068115234375,157.25999450683594,157.55999755859375,155.42999267578125,155.9600067138672,3488800,2026-09-30
2022-02-09,147.56124877929688,159.9199981689453,160.07000732421875,158.5800018310547,158.75999450683594,3969700,2026-09-30
2022-02-10,145.23597717285156,157.39999389648438,160.4499969482422,156.6699981689453,158.0,4940500,2026-09-30
2022-02-11,143.3167266845703,155.32000732421875,158.52000427246094,154.74000549316406,157.47999572753906,4224800,2026-09-30
2022-02-14,142.17257690429688,154.0800018310547,155.75,153.07000732421875,155.3800048828125,4231900,2026-09-30
2022-02-15,144.34095764160156,156.42999267578125,156.55999755859375,155.22999572753906,155.39999389648438,2927000,2026-09-30
2022-02-16,144.82077026367188,156.9499969482422,157.38999938964844,155.4600067138672,155.8000030517578,4015700,2026-09-30
2022-02-17,142.21868896484375,154.1300048828125,156.0,153.8699951171875,155.75999450683594,3052100,2026-09-30
2022-02-18,141.6835174560547,153.5500030517578,155.1199951171875,152.85000610351562,154.00999450683594,3681700,2026-09-30
2022-02-22,140.27175903320312,152.02000427246094,153.99000549316406,150.97000122070312,153.3000030517578,4534400,2026-09-30
2022-02-23,138.10337829589844,149.6699981689453,153.42999267578125,149.49000549316406,153.00999450683594,4773700,2026-09-30
2022-02-24,139.42288208007812,151.10000610351562,151.27000427246094,146.1199951171875,146.5399932861328,8030900,2026-09-30
2022-02-25,143.1691436767578,155.16000366210938,155.17999267578125,151.4600067138672,151.47999572753906,6433300,2026-09-30
2022-02-28,142.32943725585938,154.25,154.9600067138672,152.39999389648438,152.89999389648438,6172900,2026-09-30
2022-03-01,139.8842315673828,151.60000610351562,154.47999572753906,150.6199951171875,153.5800018310547,7314500,2026-09-30
2022-03-02,142.86460876464844,154.8300018310547,155.4600067138672,152.4600067138672,152.49000549316406,5611900,2026-09-30
2022-03-03,142.56930541992188,154.50999450683594,155.8699951171875,153.41000366210938,155.5500030517578,4578400,2026-09-30
2022-03-04,141.71121215820312,153.5800018310547,153.67999267578125,151.77000427246094,153.0399932861328,4066500,2026-09-30
2022-03-07,137.7896270751953,149.3300018310547,153.35000610351562,149.22000122070312,153.13999938964844,4467100,2026-09-30
2022-03-08,136.80230712890625,148.25999450683594,151.77000427246094,148.24000549316406,149.63999938964844,5654700,2026-09-30
2022-03-09,139.69964599609375,151.39999389648438,152.27000427246094,150.5,150.91000366210938,4120100,2026-09-30
2022-03-10,139.43209838867188,151.11000061035156,151.3800048828125,149.39999389648438,149.6699981689453,2684000,2026-09-30
2022-03-11,137.96493530273438,149.52000427246094,152.41000366210938,149.41000366210938,151.9499969482422,2091100,2026-09-30
2022-03-14,137.45748901367188,148.97000122070312,151.05999755859375,148.36000061035156,150.1699981689453,2753400,2026-09-30
2022-03-15,139.6719970703125,151.3699951171875,151.60000610351562,149.38999938964844,149.6199951171875,3326000,2026-09-30
2022-03-16,142.31097412109375,154.22999572753906,154.24000549316406,150.8800048828125,152.47000122070312,4260500,2026-09-30
2022-03-17,144.10105895996094,156.1699981689453,156.1699981689453,153.44000244140625,153.58999633789062,3085000,2026-09-30
2022-03-18,145.02381896972656,157.1699981689453,157.33999633789062,155.30999755859375,155.6300048828125,2489600,2026-09-30
2022-03-21,144.61978149414062,156.0800018310547,157.25,155.05999755859375,156.3699951171875,2529300,2026-09-30
2022-03-22,145.83358764648438,157.38999938964844,157.7100067138672,156.72000122070312,156.77000427246094,2010300,2026-09-30
2022-03-23,143.748779296875,155.13999938964844,156.9199981689453,155.11000061035156,156.6999969482422,1802700,2026-09-30
2022-03-24,145.42591857910156,156.9499969482422,156.97000122070312,155.17999267578125,155.7100067138672,953200,2026-09-30
2022-03-25,146.41732788085938,158.02000427246094,158.08999633789062,156.58999633789062,157.33999633789062,988100,2026-09-30
2022-03-28,146.8528594970703,158.49000549316406,158.49000549316406,156.72999572753906,157.77000427246094,1943100,2026-09-30
2022-03-29,149.28973388671875,161.1199951171875,161.24000549316406,159.57000732421875,159.86000061035156,1903100,2026-09-30
2022-03-30,148.15003967285156,159.88999938964844,161.00999450683594,159.1199951171875,160.69000244140625,2053100,2026-09-30
2022-03-31,146.130126953125,157.7100067138672,160.1999969482422,157.6300048828125,159.6699981689453,2252000,2026-09-30
2022-04-01,146.60264587402344,158.22000122070312,158.5500030517578,156.92999267578125,158.4199981689453,2171600,2026-09-30
2022-04-04,146.9176788330078,158.55999755859375,158.67999267578125,157.49000549316406,158.30999755859375,1814300,2026-09-30
2022-04-05,145.35179138183594,156.8699951171875,159.0800018310547,156.4499969482422,158.2100067138672,1669600,2026-09-30
2022-04-06,144.61978149414062,156.0800018310547,156.57000732421875,154.94000244140625,155.7899932861328,2000700,2026-09-30
2022-04-07,145.06454467773438,156.55999755859375,157.1999969482422,154.7899932861328,155.91000366210938,1312300,2026-09-30
2022-04-08,145.3703155517578,156.88999938964844,157.80999755859375,155.99000549316406,156.5,2334800,2026-09-30
2022-04-11,143.96194458007812,155.3699951171875,157.02999877929688,155.19000244140625,156.1199951171875,1553500,2026-09-30
2022-04-12,143.48011779785156,154.85000610351562,157.27000427246094,154.35000610351562,155.92999267578125,2301400,2026-09-30
2022-04-13,145.1016082763672,156.60000610351562,156.7899932861328,154.99000549316406,154.99000549316406,1957000,2026-09-30
2022-04-14,144.11016845703125,155.52999877929688,157.5399932861328,155.47999572753906,156.8000030517578,1735500,2026-09-30
2022-04-18,143.80435180664062,155.1999969482422,156.0399932861328,154.5,155.1999969482422,1922500,2026-09-30
2022-04-19,146.35244750976562,157.9499969482422,158.2100067138672,155.3000030517578,155.3000030517578,2264000,2026-09-30
2022-04-20,147.288330078125,158.9600067138672,159.77000427246094,158.38999938964844,158.6199951171875,2557200,2026-09-30
2022-04-21,145.15721130371094,156.66000366210938,160.47999572753906,156.33999633789062,160.25,2620800,2026-09-30
2022-04-22,141.2007293701172,152.38999938964844,156.16000366210938,152.27000427246094,156.07000732421875,3873000,2026-09-30
2022-04-25,141.62698364257812,152.85000610351562,153.02999877929688,149.41000366210938,151.5,3456600,2026-09-30
2022-04-26,138.23568725585938,149.19000244140625,152.2100067138672,149.1300048828125,151.94000244140625,2998400,2026-09-30
2022-04-27,138.4951171875,149.47000122070312,151.02999877929688,148.57000732421875,149.52999877929688,3588900,2026-09-30
2022-04-28,140.9042205810547,152.07000732421875,152.7100067138672,148.72999572753906,150.74000549316406,4006200,2026-09-30
2022-04-29,136.6234588623047,147.4499969482422,152.27000427246094,147.19000244140625,151.4199981689453,4108000,2026-09-30
2022-05-02,136.9940948486328,147.85000610351562,148.8300018310547,144.74000549316406,147.60000610351562,5308800,2026-09-30
2022-05-03,138.12451171875,149.07000732421875,150.02999877929688,147.9199981689453,148.1199951171875,2430400,2026-09-30
2022-05-04,141.96978759765625,153.22000122070312,153.4600067138672,148.1699981689453,149.3000030517578,2935800,2026-09-30
2022-05-05,137.69825744628906,148.61000061035156,152.14999389648438,147.17999267578125,151.91000366210938,5450600,2026-09-30
2022-05-06,136.4381103515625,147.25,148.2100067138672,145.2100067138672,147.77000427246094,3421500,2026-09-30
2022-05-09,132.38900756835938,142.8800048828125,145.77000427246094,142.32000732421875,145.27000427246094,4993600,2026-09-30
2022-05-10,132.046142578125,142.50999450683594,145.3300018310547,140.66000366210938,144.72999572753906,5322100,2026-09-30
2022-05-11,130.3412628173828,140.6699981689453,144.8699951171875,140.52000427246094,142.49000549316406,3826000,2026-09-30
2022-05-12,130.897216796875,141.27000427246094,142.25,138.8800048828125,140.0,4555100,2026-09-30
2022-05-13,133.89002990722656,144.5,145.08999633789062,142.47999572753906,142.58999633789062,2373400,2026-09-30
2022-05-16,133.41751098632812,143.99000549316406,145.1300048828125,142.97000122070312,144.02000427246094,2105600,2026-09-30
2022-05-17,136.24354553222656,147.0399932861328,147.07000732421875,144.9499969482422,146.02999877929688,5057700,2026-09-30
2022-05-18,131.11956787109375,141.50999450683594,145.58999633789062,141.00999450683594,145.55999755859375,2108300,2026-09-30
2022-05-19,130.82310485839844,141.19000244140625,142.77999877929688,139.8800048828125,140.1999969482422,2515000,2026-09-30
2022-05-20,130.82310485839844,141.19000244140625,142.57000732421875,138.1199951171875,142.36000061035156,4302400,2026-09-30
2022-05-23,132.66696166992188,143.17999267578125,143.58999633789062,141.1699981689453,142.5800018310547,2905500,2026-09-30
2022-05-24,131.8423309326172,142.2899932861328,142.6999969482422,139.80999755859375,142.2100067138672,4026400,2026-09-30
2022-05-25,133.3618927001953,143.92999267578125,144.47000122070312,141.77000427246094,141.83999633789062,1937100,2026-09-30
2022-05-26,136.17868041992188,146.97000122070312,147.61000061035156,144.77000427246094,144.77000427246094,3162500,2026-09-30
2022-05-27,139.30125427246094,150.33999633789062,150.33999633789062,147.75,147.77999877929688,3196700,2026-09-30
2022-05-31,137.99476623535156,148.92999267578125,150.1199951171875,148.13999938964844,149.4600067138672,2746200,2026-09-30
2022-06-01,136.5308074951172,147.35000610351562,149.88999938964844,146.1300048828125,149.5800018310547,2113400,2026-09-30
2022-06-02,138.93060302734375,149.94000244140625,149.97999572753906,146.69000244140625,147.4499969482422,1872400,2026-09-30
2022-06-03,137.2905731201172,148.1699981689453,149.1699981689453,147.88999938964844,148.6199951171875,1591900,2026-09-30
2022-06-06,137.79092407226562,148.7100067138672,149.91000366210938,148.35000610351562,149.3699951171875,2004800,2026-09-30
2022-06-07,139.10667419433594,150.1300048828125,150.27999877929688,147.27999877929688,147.4199981689453,1581100,2026-09-30
2022-06-08,137.14231872558594,148.00999450683594,149.72000122070312,147.7100067138672,149.42999267578125,1370300,2026-09-30
2022-06-09,134.029052734375,144.64999389648438,147.7100067138672,144.64999389648438,147.41000366210938,1182100,2026-09-30
2022-06-10,130.3783416748047,140.7100067138672,142.5,140.7100067138672,142.38999938964844,2594700,2026-09-30
2022-06-13,125.13394165039062,135.0500030517578,137.88999938964844,134.38999938964844,137.4199981689453,3705400,2026-09-30
2022-06-14,124.4853286743164,134.35000610351562,136.1199951171875,133.16000366210938,135.7899932861328,3562600,2026-09-30
2022-06-15,125.68061065673828,135.63999938964844,137.4199981689453,133.4499969482422,135.5500030517578,2899900,2026-09-30
2022-06-16,121.23303985595703,130.83999633789062,132.85000610351562,129.9199981689453,132.85000610351562,2967400,2026-09-30
2022-06-17,121.51102447509766,131.13999938964844,132.25999450683594,129.55999755859375,131.14999389648438,3359100,2026-09-30
2022-06-21,123.6098403930664,132.69000244140625,133.25999450683594,132.0399932861328,132.3800048828125,1833300,2026-09-30
2022-06-22,123.54460906982422,132.6199951171875,133.82000732421875,130.88999938964844,131.07000732421875,3062800,2026-09-30
2022-06-23,124.5693588256836,133.72000122070312,133.97000122070312,131.99000549316406,133.22000122070312,2607900,2026-09-30
2022-06-24,128.6216583251953,138.07000732421875,138.1199951171875,134.8000030517578,134.85000610351562,2259500,2026-09-30
2022-06-27,128.55645751953125,138.0,138.77999877929688,137.27000427246094,138.49000549316406,2063000,2026-09-30
2022-06-28,126.60018920898438,135.89999389648438,139.94000244140625,135.77999877929688,138.75,1664200,2026-09-30
2022-06-29,125.82697296142578,135.07000732421875,135.97000122070312,134.3000030517578,135.94000244140625,2203500,2026-09-30
2022-06-30,125.0444564819336,134.22999572753906,135.4499969482422,132.5,133.5399932861328,1868600,2026-09-30
2022-07-01,126.57220458984375,135.8699951171875,136.17999267578125,133.1999969482422,133.97999572753906,2679100,2026-09-30
2022-07-05,126.27413177490234,135.5500030517578,135.57000732421875,132.4600067138672,134.02999877929688,1646500,2026-09-30
2022-07-06,126.30207061767578,135.5800018310547,136.50999450683594,134.39999389648438,135.52000427246094,1318500,2026-09-30
2022-07-07,128.1372528076172,137.5500030517578,137.85000610351562,136.42999267578125,136.4499969482422,1481400,2026-09-30
2022-07-08,127.66214752197266,137.0399932861328,137.94000244140625,136.27999877929688,137.3699951171875,1120400,2026-09-30
2022-07-11,126.48832702636719,135.77999877929688,136.52999877929688,135.5500030517578,136.0399932861328,1346600,2026-09-30
2022-07-12,125.88284301757812,135.1300048828125,136.69000244140625,134.50999450683594,135.25,1622200,2026-09-30
2022-07-13,125.18418884277344,134.3800048828125,135.22000122070312,132.8000030517578,133.30999755859375,1679700,2026-09-30
2022-07-14,124.19671630859375,133.32000732421875,133.49000549316406,131.47999572753906,132.24000549316406,1818900,2026-09-30
2022-07-15,126.55363464355469,135.85000610351562,135.88999938964844,133.86000061035156,134.91000366210938,1669400,2026-09-30
2022-07-18,126.00394439697266,135.25999450683594,137.2899932861328,134.8000030517578,136.9600067138672,1122600,2026-09-30
2022-07-19,129.61846923828125,139.13999938964844,139.4199981689453,136.67999267578125,136.67999267578125,1441400,2026-09-30
2022-07-20,130.48483276367188,140.07000732421875,140.41000366210938,138.7100067138672,138.97000122070312,2179800,2026-09-30
2022-07-21,131.50022888183594,141.16000366210938,141.16000366210938,138.91000366210938,139.58999633789062,1331500,2026-09-30
2022-07-22,130.73634338378906,140.33999633789062,141.97000122070312,139.4600067138672,141.41000366210938,1215400,2026-09-30
2022-07-25,131.06239318847656,140.69000244140625,140.97000122070312,139.7100067138672,140.60000610351562,1571600,2026-09-30
2022-07-26,130.03761291503906,139.58999633789062,140.25999450683594,139.25,140.25,903500,2026-09-30
2022-07-27,132.5622100830078,142.3000030517578,142.82000732421875,140.08999633789062,140.3300018310547,2192800,2026-09-30
2022-07-28,134.65823364257812,144.5500030517578,144.67999267578125,141.5399932861328,142.63999938964844,2438200,2026-09-30
2022-07-29,135.85997009277344,145.83999633789062,146.1999969482422,144.2100067138672,144.52999877929688,1981900,2026-09-30
2022-08-01,135.59912109375,145.55999755859375,146.0399932861328,144.36000061035156,145.11000061035156,2047000,2026-09-30
2022-08-02,134.63963317871094,144.52999877929688,146.25999450683594,144.24000549316406,145.02000427246094,1446900,2026-09-30
2022-08-03,136.0369873046875,146.02999877929688,146.41000366210938,144.77000427246094,145.27999877929688,1772500,2026-09-30
2022-08-04,135.7481689453125,145.72000122070312,146.17999267578125,145.5,145.85000610351562,1662700,2026-09-30
2022-08-05,135.897216796875,145.8800048828125,146.07000732421875,144.30999755859375,144.4199981689453,1454500,2026-09-30
2022-08-08,136.27914428710938,146.2899932861328,147.6999969482422,146.02999877929688,146.67999267578125,1441500,2026-09-30
2022-08-09,135.48736572265625,145.44000244140625,146.2100067138672,145.00999450683594,146.10000610351562,1237700,2026-09-30
2022-08-10,138.38449096679688,148.5500030517578,148.75999450683594,147.6300048828125,147.83999633789062,3283100,2026-09-30
2022-08-11,138.9993438720703,149.2100067138672,150.89999389648438,148.9499969482422,149.58999633789062,3091600,2026-09-30
2022-08-12,141.24444580078125,151.6199951171875,151.63999938964844,149.67999267578125,149.88999938964844,2342600,2026-09-30
2022-08-15,141.5518341064453,151.9499969482422,152.1300048828125,150.63999938964844,150.72000122070312,2753200,2026-09-30
2022-08-16,141.9617462158203,152.38999938964844,153.10000610351562,151.38999938964844,151.50999450683594,1361700,2026-09-30
2022-08-17,140.6295928955078,150.9600067138672,151.80999755859375,150.1300048828125,151.02999877929688,1394100,2026-09-30
2022-08-18,141.07672119140625,151.44000244140625,151.63999938964844,150.66000366210938,151.0500030517578,1148500,2026-09-30
2022-08-19,139.21360778808594,149.44000244140625,150.55999755859375,149.02000427246094,150.41000366210938,997400,2026-09-30
2022-08-22,136.30711364746094,146.32000732421875,147.75,145.94000244140625,147.75,2248300,2026-09-30
2022-08-23,135.953125,145.94000244140625,147.1699981689453,145.75999450683594,146.38999938964844,1557400,2026-09-30
2022-08-24,136.6331787109375,146.6699981689453,147.1699981689453,145.72000122070312,145.97000122070312,878800,2026-09-30
2022-08-25,138.73851013183594,148.92999267578125,148.92999267578125,147.07000732421875,147.27000427246094,1779700,2026-09-30
2022-08-26,134.2669677734375,144.1300048828125,149.1300048828125,144.07000732421875,149.10000610351562,1560500,2026-09-30
2022-08-29,133.4844512939453,143.2899932861328,144.47000122070312,142.69000244140625,143.07000732421875,2167300,2026-09-30
2022-08-30,132.0778045654297,141.77999877929688,143.77999877929688,141.17999267578125,143.72999572753906,2164600,2026-09-30
2022-08-31,131.1276092529297,140.75999450683594,142.72000122070312,140.61000061035156,142.27999877929688,2165500,2026-09-30
2022-09-01,131.2393798828125,140.8800048828125,140.99000549316406,138.63999938964844,139.80999755859375,1838600,2026-09-30
2022-09-02,130.2891845703125,139.86000061035156,142.9499969482422,139.2100067138672,142.33999633789062,1296200,2026-09-30
2022-09-06,129.9258575439453,139.47000122070312,140.49000549316406,138.52999877929688,140.3000030517578,1868500,2026-09-30
2022-09-07,132.7764892578125,142.52999877929688,142.75999450683594,139.3300018310547,139.35000610351562,2094900,2026-09-30
2022-09-08,133.92230224609375,143.75999450683594,143.82000732421875,141.1199951171875,141.69000244140625,2110200,2026-09-30
2022-09-09,135.7667999267578,145.74000549316406,146.11000061035156,144.5,144.72999572753906,1548200,2026-09-30
2022-09-12,137.0337371826172,147.10000610351562,147.4499969482422,146.25999450683594,146.58999633789062,1844600,2026-09-30
2022-09-13,131.61203002929688,141.27999877929688,144.35000610351562,140.8699951171875,143.9600067138672,2008000,2026-09-30
2022-09-14,131.60267639160156,141.27000427246094,141.8000030517578,140.07000732421875,141.5500030517578,1575900,2026-09-30
2022-09-15,130.559326171875,140.14999389648438,142.25999450683594,139.7899932861328,140.86000061035156,1678700,2026-09-30
2022-09-16,129.255126953125,138.75,139.0399932861328,137.5800018310547,138.61000061035156,2430900,2026-09-30
2022-09-19,130.2190399169922,139.14999389648438,139.22000122070312,136.86000061035156,136.86000061035156,1283100,2026-09-30
2022-09-20,128.12278747558594,136.91000366210938,138.10000610351562,135.9199981689453,138.00999450683594,1497600,2026-09-30
2022-09-21,125.99852752685547,134.63999938964844,138.8000030517578,134.63999938964844,137.63999938964844,2226800,2026-09-30
2022-09-22,124.1923828125,132.7100067138672,134.7100067138672,132.60000610351562,134.55999755859375,3304900,2026-09-30
2022-09-23,122.10547637939453,130.47999572753906,131.3800048828125,128.69000244140625,131.3800048828125,4099600,2026-09-30
2022-09-26,120.33679962158203,128.58999633789062,130.97999572753906,128.08999633789062,129.99000549316406,2987200,2026-09-30
2022-09-27,119.953125,128.17999267578125,130.57000732421875,127.26000213623047,129.86000061035156,2756000,2026-09-30
2022-09-28,122.7418441772461,131.16000366210938,131.80999755859375,128.4499969482422,128.9499969482422,4854500,2026-09-30
2022-09-29,120.42100524902344,128.67999267578125,130.0,127.73999786376953,129.97000122070312,3154600,2026-09-30
2022-09-30,119.11087799072266,127.27999877929688,129.85000610351562,127.08000183105469,128.57000732421875,2548300,2026-09-30
2022-10-03,122.43303680419922,130.8300018310547,131.60000610351562,127.94000244140625,128.6699981689453,4943300,2026-09-30
2022-10-04,126.65357208251953,135.33999633789062,135.36000061035156,132.80999755859375,132.85000610351562,4074600,2026-09-30
2022-10-05,126.15756225585938,134.80999755859375,135.69000244140625,132.8000030517578,133.69000244140625,2399300,2026-09-30
2022-10-06,124.75385284423828,133.30999755859375,135.3000030517578,133.0800018310547,134.25999450683594,1698900,2026-09-30
2022-10-07,121.79666137695312,130.14999389648438,132.1999969482422,129.38999938964844,132.00999450683594,3197700,2026-09-30
2022-10-10,120.9731674194336,129.27000427246094,130.75999450683594,128.39999389648438,130.61000061035156,3571800,2026-09-30
2022-10-11,120.43040466308594,128.69000244140625,130.44000244140625,127.7300033569336,128.7899932861328,2521900,2026-09-30
2022-10-12,119.80339050292969,128.02000427246094,129.13999938964844,127.91000366210938,128.74000549316406,2419900,2026-09-30
2022-10-13,122.68572235107422,131.10000610351562,131.6999969482422,124.91999816894531,125.45999908447266,4820200,2026-09-30
2022-10-14,119.9718246459961,128.1999969482422,132.6999969482422,127.91999816894531,131.97999572753906,2663400,2026-09-30
2022-10-17,122.58275604248047,130.99000549316406,131.67999267578125,130.30999755859375,130.30999755859375,2500700,2026-09-30
2022-10-18,124.39823150634766,132.92999267578125,134.2100067138672,131.6699981689453,133.50999450683594,4707000,2026-09-30
2022-10-19,122.92898559570312,131.36000061035156,132.77999877929688,130.3699951171875,132.00999450683594,2030400,2026-09-30
2022-10-20,121.5627212524414,129.89999389648438,132.77000427246094,129.6199951171875,131.52999877929688,2821500,2026-09-30
2022-10-21,124.34207153320312,132.8699951171875,133.05999755859375,129.27999877929688,129.88999938964844,2535100,2026-09-30
2022-10-24,125.72711181640625,134.35000610351562,134.72000122070312,132.6699981689453,133.52000427246094,2637600,2026-09-30
2022-10-25,128.14151000976562,136.92999267578125,137.0500030517578,134.27000427246094,134.36000061035156,3735900,2026-09-30
2022-10-26,128.3942108154297,137.1999969482422,138.8699951171875,136.80999755859375,137.05999755859375,2762100,2026-09-30
2022-10-27,128.515869140625,137.3300018310547,139.14999389648438,137.1699981689453,138.0,2734800,2026-09-30
2022-10-28,131.1829376220703,140.17999267578125,140.3300018310547,137.22000122070312,137.39999389648438,3407200,2026-09-30
2022-10-31,130.60272216796875,139.55999755859375,140.4499969482422,139.11000061035156,139.44000244140625,3715700,2026-09-30
2022-11-01,130.92091369628906,139.89999389648438,141.22999572753906,139.25,141.02999877929688,3684400,2026-09-30
2022-11-02,127.72975158691406,136.49000549316406,143.5500030517578,136.49000549316406,139.63999938964844,4326800,2026-09-30
2022-11-03,127.08404541015625,135.8000030517578,136.74000549316406,134.08999633789062,135.0800018310547,4013800,2026-09-30
2022-11-04,129.05862426757812,137.91000366210938,138.83999633789062,135.74000549316406,137.6999969482422,5355300,2026-09-30
2022-11-07,130.08802795410156,139.00999450683594,139.1999969482422,137.5399932861328,138.47000122070312,3693600,2026-09-30
2022-11-08,130.86474609375,139.83999633789062,141.1300048828125,138.33999633789062,139.36000061035156,6172400,2026-09-30
2022-11-09,128.515869140625,137.3300018310547,139.6999969482422,137.1199951171875,138.9199981689453,2566800,2026-09-30
2022-11-10,135.40347290039062,144.69000244140625,144.8800048828125,141.75,142.07000732421875,6723100,2026-09-30
2022-11-11,136.70423889160156,146.0800018310547,146.5800018310547,144.74000549316406,145.17999267578125,7571900,2026-09-30
2022-11-14,135.21632385253906,144.49000549316406,146.6199951171875,144.41000366210938,145.55999755859375,3673600,2026-09-30
2022-11-15,136.48899841308594,145.85000610351562,146.9600067138672,144.4600067138672,146.63999938964844,3981800,2026-09-30
2022-11-16,135.0384979248047,144.3000030517578,145.32000732421875,144.00999450683594,145.13999938964844,4210900,2026-09-30
2022-11-17,134.25241088867188,143.4600067138672,143.49000549316406,141.75,142.3699951171875,5512600,2026-09-30
2022-11-18,135.2537384033203,144.52999877929688,145.16000366210938,143.33999633789062,144.91000366210938,3439700,2026-09-30
2022-11-21,135.19760131835938,144.47000122070312,144.6699981689453,143.55999755859375,143.91000366210938,1938100,2026-09-30
2022-11-22,136.9943389892578,146.38999938964844,146.4600067138672,144.92999267578125,145.25999450683594,3184200,2026-09-30
2022-11-23,137.565185546875,147.0,147.24000549316406,146.0800018310547,146.14999389648438,2213200,2026-09-30
2022-11-25,138.03311157226562,147.5,147.5,147.0,147.0,825500,2026-09-30
2022-11-28,135.57191467285156,144.8699951171875,146.74000549316406,144.5800018310547,146.27999877929688,1915600,2026-09-30
2022-11-29,136.00238037109375,145.3300018310547,145.7899932861328,144.6300048828125,145.13999938964844,2202100,2026-09-30
2022-11-30,139.26840209960938,148.82000732421875,148.88999938964844,144.32000732421875,145.5,4546500,2026-09-30
2022-12-01,139.4649200439453,149.02999877929688,150.1999969482422,148.35000610351562,149.6199951171875,3723600,2026-09-30
2022-12-02,139.38067626953125,148.94000244140625,149.36000061035156,147.1699981689453,147.1699981689453,2260600,2026-09-30
2022-12-05,136.68553161621094,146.05999755859375,147.97000122070312,145.6199951171875,147.8800048828125,2811400,2026-09-30
2022-12-06,135.18824768066406,144.4600067138672,146.27000427246094,143.47000122070312,146.10000610351562,2693600,2026-09-30
2022-12-07,134.96363830566406,144.22000122070312,145.27000427246094,143.91000366210938,144.05999755859375,2269900,2026-09-30
2022-12-08,135.83396911621094,145.14999389648438,145.8699951171875,144.50999450683594,145.07000732421875,2570600,2026-09-30
2022-12-09,134.7858428955078,144.02999877929688,145.41000366210938,143.97000122070312,144.66000366210938,1650200,2026-09-30
2022-12-12,136.769775390625,146.14999389648438,146.14999389648438,143.8699951171875,144.27000427246094,1914200,2026-09-30
2022-12-13,137.72427368164062,147.1699981689453,150.0800018310547,146.1199951171875,150.0800018310547,4117400,2026-09-30
2022-12-14,136.91015625,146.3000030517578,148.36000061035156,145.22999572753906,147.10000610351562,2919500,2026-09-30
2022-12-15,133.90615844726562,143.08999633789062,144.72000122070312,142.5500030517578,144.4600067138672,3411200,2026-09-30
2022-12-16,132.28720092773438,141.36000061035156,142.24000549316406,140.42999267578125,141.8300018310547,2988000,2026-09-30
2022-12-19,131.20472717285156,139.6300048828125,141.14999389648438,138.9600067138672,140.86000061035156,4400500,2026-09-30
2022-12-20,131.33627319335938,139.77000427246094,140.36000061035156,139.00999450683594,139.4600067138672,2076800,2026-09-30
2022-12-21,133.36593627929688,141.92999267578125,142.27000427246094,140.77999877929688,140.94000244140625,3052200,2026-09-30
2022-12-22,131.91883850097656,140.38999938964844,140.88999938964844,138.00999450683594,140.8300018310547,3763300,2026-09-30
2022-12-23,132.76451110839844,141.2899932861328,141.33999633789062,139.57000732421875,140.27999877929688,2284500,2026-09-30
2022-12-27,132.84913635253906,141.3800048828125,141.85000610351562,140.55999755859375,141.4199981689453,2010700,2026-09-30
2022-12-28,130.9416046142578,139.35000610351562,141.89999389648438,139.32000732421875,141.47999572753906,2306100,2026-09-30
2022-12-29,133.27195739746094,141.8300018310547,142.22000122070312,140.13999938964844,140.27999877929688,2587400,2026-09-30
2022-12-30,132.72694396972656,141.25,141.33999633789062,139.9600067138672,140.94000244140625,2805100,2026-09-30
2023-01-03,132.6047821044922,141.1199951171875,142.83999633789062,140.0,142.0800018310547,3859700,2026-09-30
2023-01-04,134.67202758789062,143.32000732421875,143.9199981689453,141.85000610351562,142.0800018310547,2506200,2026-09-30
2023-01-05,133.27195739746094,141.8300018310547,142.52999877929688,141.39999389648438,142.38999938964844,2243500,2026-09-30
2023-01-06,136.46681213378906,145.22999572753906,145.63999938964844,142.30999755859375,143.32000732421875,2841600,2026-09-30
2023-01-09,136.52317810058594,145.2899932861328,147.14999389648438,145.22000122070312,145.97000122070312,2701400,2026-09-30
2023-01-10,137.5474395751953,146.3800048828125,146.41000366210938,144.64999389648438,145.10000610351562,2115300,2026-09-30
2023-01-11,139.21998596191406,148.16000366210938,148.17999267578125,146.8000030517578,146.97000122070312,3979800,2026-09-30
2023-01-12,139.74620056152344,148.72000122070312,149.24000549316406,147.22000122070312,148.61000061035156,2916800,2026-09-30
2023-01-13,140.07513427734375,149.07000732421875,149.27000427246094,147.30999755859375,147.52999877929688,2069900,2026-09-30
2023-01-17,139.76502990722656,148.74000549316406,149.66000366210938,148.55999755859375,148.97000122070312,3228600,2026-09-30
2023-01-18,137.6132049560547,146.4499969482422,149.67999267578125,146.3699951171875,149.3300018310547,2689300,2026-09-30
2023-01-19,136.19427490234375,144.94000244140625,145.82000732421875,144.3699951171875,145.5500030517578,2753100,2026-09-30
2023-01-20,138.56224060058594,147.4600067138672,147.5399932861328,144.55999755859375,145.44000244140625,2564800,2026-09-30
2023-01-23,140.31939697265625,149.3300018310547,149.9499969482422,147.5,147.7899932861328,2475700,2026-09-30
2023-01-24,139.9905242919922,148.97999572753906,149.3699951171875,148.02999877929688,148.89999389648438,2383300,2026-09-30
2023-01-25,140.3100128173828,149.32000732421875,149.35000610351562,146.9499969482422,147.72999572753906,2948800,2026-09-30
2023-01-26,141.43759155273438,150.52000427246094,150.61000061035156,149.0,150.14999389648438,4367800,2026-09-30
2023-01-27,141.70071411132812,150.8000030517578,151.5399932861328,149.97999572753906,150.2100067138672,2888300,2026-09-30
2023-01-30,140.197265625,149.1999969482422,150.86000061035156,149.10000610351562,149.72999572753906,2587000,2026-09-30
2023-01-31,142.57461547851562,151.72999572753906,151.72999572753906,149.24000549316406,149.5800018310547,3279900,2026-09-30
2023-02-01,144.0310516357422,153.27999877929688,154.2899932861328,150.22999572753906,150.94000244140625,3688100,2026-09-30
2023-02-02,145.6096954345703,154.9600067138672,155.72000122070312,153.6999969482422,154.35000610351562,4528000,2026-09-30
2023-02-03,143.8243408203125,153.05999755859375,154.27999877929688,152.6300048828125,153.3800048828125,4671900,2026-09-30
2023-02-06,142.80950927734375,151.97999572753906,152.4600067138672,151.47000122070312,152.07000732421875,1874000,2026-09-30
2023-02-07,144.143798828125,153.39999389648438,153.85000610351562,150.77000427246094,151.63999938964844,4267400,2026-09-30
2023-02-08,142.7249298095703,151.88999938964844,153.13999938964844,151.60000610351562,152.58999633789062,2797000,2026-09-30
2023-02-09,141.4187774658203,150.5,153.36000061035156,150.05999755859375,153.07000732421875,2179500,2026-09-30
2023-02-10,141.8510284423828,150.9600067138672,151.10000610351562,149.80999755859375,150.08999633789062,2329900,2026-09-30
2023-02-13,143.4390869140625,152.64999389648438,152.6699981689453,150.85000610351562,151.13999938964844,2036100,2026-09-30
2023-02-14,143.16659545898438,152.36000061035156,153.4600067138672,151.02000427246094,152.25999450683594,3398000,2026-09-30
2023-02-15,143.8431396484375,153.0800018310547,153.10000610351562,151.3000030517578,151.60000610351562,1892400,2026-09-30
2023-02-16,142.21754455566406,151.35000610351562,152.74000549316406,150.92999267578125,151.2899932861328,2223700,2026-09-30
2023-02-17,141.91680908203125,151.02999877929688,151.14999389648438,149.80999755859375,150.7100067138672,1673900,2026-09-30
2023-02-21,138.83473205566406,147.75,149.8000030517578,147.52000427246094,149.7100067138672,2587800,2026-09-30
2023-02-22,138.66563415527344,147.57000732421875,148.50999450683594,146.99000549316406,147.85000610351562,3720800,2026-09-30
2023-02-23,139.1824188232422,148.1199951171875,148.80999755859375,146.55999755859375,148.47000122070312,2632600,2026-09-30
2023-02-24,137.98904418945312,146.85000610351562,147.16000366210938,145.6699981689453,146.3699951171875,3517500,2026-09-30
2023-02-27,138.15818786621094,147.02999877929688,148.6699981689453,146.67999267578125,148.10000610351562,2366500,2026-09-30
2023-02-28,137.75416564941406,146.60000610351562,147.75999450683594,146.60000610351562,147.0800018310547,2763300,2026-09-30
2023-03-01,137.50039672851562,146.3300018310547,146.88999938964844,145.74000549316406,146.35000610351562,2872500,2026-09-30
2023-03-02,138.58102416992188,147.47999572753906,147.7899932861328,145.3000030517578,145.77000427246094,3517300,2026-09-30
2023-03-03,140.52615356445312,149.5500030517578,149.72000122070312,147.61000061035156,148.17999267578125,3095000,2026-09-30
2023-03-06,139.8495635986328,148.8300018310547,150.2100067138672,148.60000610351562,149.72999572753906,2626400,2026-09-30
2023-03-07,137.59439086914062,146.42999267578125,149.02000427246094,146.22000122070312,148.8699951171875,2875200,2026-09-30
2023-03-08,137.8856964111328,146.74000549316406,147.1699981689453,145.8800048828125,146.49000549316406,3049300,2026-09-30
2023-03-09,134.8411865234375,143.5,147.2899932861328,143.19000244140625,146.85000610351562,3693800,2026-09-30
2023-03-10,131.99400329589844,140.47000122070312,143.50999450683594,139.64999389648438,143.1300048828125,7123300,2026-09-30
2023-03-13,130.3778076171875,138.75,140.6999969482422,137.02000427246094,138.00999450683594,8104700,2026-09-30
2023-03-14,132.21014404296875,140.6999969482422,141.9499969482422,139.11000061035156,141.22000122070312,3819100,2026-09-30
2023-03-15,130.35902404785156,138.72999572753906,138.72999572753906,136.6699981689453,138.11000061035156,6605200,2026-09-30
2023-03-16,131.9282684326172,140.39999389648438,140.69000244140625,137.13999938964844,137.52000427246094,8420400,2026-09-30
2023-03-17,129.7012481689453,138.02999877929688,139.9600067138672,137.5800018310547,139.9600067138672,4967300,2026-09-30
2023-03-20,131.38319396972656,139.1199951171875,139.6699981689453,137.88999938964844,137.88999938964844,3404300,2026-09-30
2023-03-21,133.1397705078125,140.97999572753906,141.25999450683594,140.13999938964844,140.6999969482422,2214900,2026-09-30
2023-03-22,130.14608764648438,137.80999755859375,141.49000549316406,137.67999267578125,140.99000549316406,5039600,2026-09-30
2023-03-23,129.71163940429688,137.35000610351562,139.88999938964844,136.3699951171875,138.52000427246094,7020600,2026-09-30
2023-03-24,130.81655883789062,138.52000427246094,138.6199951171875,135.7899932861328,136.61000061035156,6862600,2026-09-30
2023-03-27,131.68540954589844,139.44000244140625,140.14999389648438,138.86000061035156,139.7100067138672,3065600,2026-09-30
2023-03-28,131.94985961914062,139.72000122070312,140.1300048828125,139.10000610351562,139.22999572753906,1693400,2026-09-30
2023-03-29,133.9330596923828,141.82000732421875,141.92999267578125,140.8300018310547,141.0,2480600,2026-09-30
2023-03-30,134.59413146972656,142.52000427246094,143.17999267578125,141.92999267578125,142.94000244140625,2695900,2026-09-30
2023-03-31,136.5773468017578,144.6199951171875,144.67999267578125,143.0800018310547,143.0800018310547,2737800,2026-09-30
2023-04-03,136.690673828125,144.74000549316406,145.2899932861328,144.05999755859375,144.72000122070312,3390800,2026-09-30
2023-04-04,135.32131958007812,143.2899932861328,145.10000610351562,142.64999389648438,145.02999877929688,2904000,2026-09-30
2023-04-05,135.03797912597656,142.99000549316406,143.41000366210938,142.3699951171875,142.85000610351562,3234000,2026-09-30
2023-04-06,135.13243103027344,143.08999633789062,143.27999877929688,142.3800048828125,142.8300018310547,2182700,2026-09-30
2023-04-10,135.95404052734375,143.9600067138672,144.0,142.36000061035156,142.49000549316406,2635300,2026-09-30
2023-04-11,136.84173583984375,144.89999389648438,145.44000244140625,144.32000732421875,144.38999938964844,2225200,2026-09-30
2023-04-12,136.18067932128906,144.1999969482422,145.8699951171875,143.97999572753906,145.80999755859375,3066100,2026-09-30
2023-04-13,137.2289581298828,145.30999755859375,145.55999755859375,143.86000061035156,144.4499969482422,3190500,2026-09-30
2023-04-14,136.60568237304688,144.64999389648438,145.99000549316406,143.91000366210938,145.27999877929688,2504300,2026-09-30
2023-04-17,137.53115844726562,145.6300048828125,145.63999938964844,144.44000244140625,144.7100067138672,2399800,2026-09-30
2023-04-18,137.5406036376953,145.63999938964844,146.2100067138672,145.1199951171875,146.0399932861328,1569400,2026-09-30
2023-04-19,137.57838439941406,145.67999267578125,145.85000610351562,144.8699951171875,145.0,1784900,2026-09-30
2023-04-20,136.8228759765625,144.8800048828125,145.39999389648438,144.38999938964844,144.72000122070312,3451700,2026-09-30
2023-04-21,136.8606414794922,144.9199981689453,145.1300048828125,144.1300048828125,145.1300048828125,2160900,2026-09-30
2023-04-24,137.11563110351562,145.19000244140625,145.2899932861328,144.58999633789062,144.86000061035156,1523600,2026-09-30
2023-04-25,134.7830352783203,142.72000122070312,144.42999267578125,142.63999938964844,144.39999389648438,2563200,2026-09-30
2023-04-26,133.37588500976562,141.22999572753906,142.47999572753906,140.94000244140625,142.39999389648438,5378700,2026-09-30
2023-04-27,135.5668487548828,143.5500030517578,143.5800018310547,141.42999267578125,141.82000732421875,5993000,2026-09-30
2023-04-28,137.0684356689453,145.13999938964844,145.19000244140625,143.22999572753906,143.25999450683594,2965600,2026-09-30
2023-05-01,136.94561767578125,145.00999450683594,145.8300018310547,144.86000061035156,145.02999877929688,3000900,2026-09-30
2023-05-02,134.89633178710938,142.83999633789062,144.52999877929688,141.4499969482422,144.52999877929688,4489800,2026-09-30
2023-05-03,134.11245727539062,142.00999450683594,144.25,141.88999938964844,143.10000610351562,5835800,2026-09-30
2023-05-04,132.83755493164062,140.66000366210938,141.91000366210938,140.16000366210938,141.69000244140625,5483300,2026-09-30
2023-05-05,135.07574462890625,143.02999877929688,143.42999267578125,141.89999389648438,141.89999389648438,4860300,2026-09-30
2023-05-08,134.83021545410156,142.77000427246094,143.44000244140625,142.3000030517578,143.4199981689453,2332900,2026-09-30
2023-05-09,134.3297119140625,142.24000549316406,142.5800018310547,141.75999450683594,142.1199951171875,2242700,2026-09-30
2023-05-10,134.31082153320312,142.22000122070312,143.42999267578125,140.9199981689453,143.25999450683594,3871400,2026-09-30
2023-05-11,133.64027404785156,141.50999450683594,141.75,140.77999877929688,141.61000061035156,3839400,2026-09-30
2023-05-12,133.64971923828125,141.52000427246094,142.17999267578125,140.60000610351562,142.0399932861328,3477400,2026-09-30
2023-05-15,134.40524291992188,142.32000732421875,142.5399932861328,141.25999450683594,141.72999572753906,2322700,2026-09-30
2023-05-16,132.50701904296875,140.30999755859375,141.86000061035156,140.2899932861328,141.86000061035156,4668100,2026-09-30
2023-05-17,134.18804931640625,142.08999633789062,142.39999389648438,140.4199981689453,141.05999755859375,6902700,2026-09-30
2023-05-18,135.2740936279297,143.24000549316406,143.38999938964844,141.61000061035156,141.8699951171875,3800000,2026-09-30
2023-05-19,134.9152069091797,142.86000061035156,143.8699951171875,142.3300018310547,143.67999267578125,5758200,2026-09-30
2023-05-22,135.1229705810547,143.0800018310547,143.67999267578125,142.22000122070312,142.94000244140625,4411500,2026-09-30
2023-05-23,133.67808532714844,141.5500030517578,143.10000610351562,141.44000244140625,142.60000610351562,6919600,2026-09-30
2023-05-24,132.2236785888672,140.00999450683594,141.00999450683594,139.72999572753906,140.92999267578125,2940500,2026-09-30
2023-05-25,132.1387176513672,139.9199981689453,140.39999389648438,138.9499969482422,140.17999267578125,4696000,2026-09-30
2023-05-26,133.24363708496094,141.08999633789062,141.27000427246094,140.02999877929688,140.2100067138672,4572500,2026-09-30
2023-05-30,133.00753784179688,140.83999633789062,141.72000122070312,140.36000061035156,141.3699951171875,8268500,2026-09-30
2023-05-31,131.84596252441406,139.61000061035156,140.22000122070312,138.80999755859375,140.1300048828125,7611200,2026-09-30
2023-06-01,132.83755493164062,140.66000366210938,141.11000061035156,139.0500030517578,139.8699951171875,4478300,2026-09-30
2023-06-02,135.73683166503906,143.72999572753906,144.02999877929688,141.8300018310547,141.89999389648438,10284600,2026-09-30
2023-06-05,135.2740936279297,143.24000549316406,143.9600067138672,143.0,143.91000366210938,5415100,2026-09-30
2023-06-06,136.19015502929688,144.2100067138672,144.4199981689453,143.02999877929688,143.1699981689453,5333300,2026-09-30
2023-06-07,137.191162109375,145.27000427246094,145.47000122070312,144.16000366210938,144.47999572753906,13306200,2026-09-30
2023-06-08,137.2478485107422,145.3300018310547,145.5399932861328,144.33999633789062,145.0500030517578,5882400,2026-09-30
2023-06-09,137.08729553222656,145.16000366210938,145.83999633789062,144.8300018310547,145.5,4396800,2026-09-30
2023-06-12,137.99391174316406,146.1199951171875,146.2100067138672,145.0,145.4499969482422,3733100,2026-09-30
2023-06-13,139.32553100585938,147.52999877929688,147.75,146.39999389648438,146.58999633789062,6802500,2026-09-30
2023-06-14,139.06106567382812,147.25,148.4600067138672,146.4199981689453,147.9199981689453,8456400,2026-09-30
2023-06-15,140.66653442382812,148.9499969482422,149.3000030517578,146.9499969482422,146.9499969482422,5177400,2026-09-30
2023-06-16,140.55322265625,148.8300018310547,149.8800048828125,148.60000610351562,149.61000061035156,11152900,2026-09-30
2023-06-20,139.274658203125,146.83999633789062,147.49000549316406,146.2899932861328,147.47000122070312,4514200,2026-09-30
2023-06-21,139.07545471191406,146.6300048828125,147.16000366210938,145.8300018310547,146.39999389648438,5481700,2026-09-30
2023-06-22,138.5063934326172,146.02999877929688,146.5500030517578,145.47000122070312,146.4199981689453,3852200,2026-09-30
2023-06-23,137.3113250732422,144.77000427246094,145.47999572753906,144.52000427246094,145.00999450683594,3869600,2026-09-30
2023-06-26,138.14598083496094,145.64999389648438,146.0399932861328,144.77000427246094,144.77000427246094,4300000,2026-09-30
2023-06-27,139.83425903320312,147.42999267578125,147.63999938964844,145.58999633789062,145.86000061035156,8880500,2026-09-30
2023-06-28,139.59715270996094,147.17999267578125,147.32000732421875,146.47999572753906,147.1699981689453,4335600,2026-09-30
2023-06-29,140.6879119873047,148.3300018310547,148.35000610351562,146.83999633789062,147.1300048828125,7610700,2026-09-30
2023-06-30,141.930419921875,149.63999938964844,150.00999450683594,148.88999938964844,149.25,4742300,2026-09-30
2023-07-03,142.28131103515625,150.00999450683594,150.24000549316406,149.14999389648438,149.35000610351562,2797300,2026-09-30
2023-07-05,141.67428588867188,149.3699951171875,149.8300018310547,148.8699951171875,149.38999938964844,4333900,2026-09-30
2023-07-06,140.51715087890625,148.14999389648438,148.2899932861328,146.94000244140625,148.0,7769500,2026-09-30
2023-07-07,140.86810302734375,148.52000427246094,149.7899932861328,147.82000732421875,147.91000366210938,3213100,2026-09-30
2023-07-10,142.12954711914062,149.85000610351562,150.02999877929688,148.36000061035156,148.4199981689453,4145800,2026-09-30
2023-07-11,143.73252868652344,151.5399932861328,151.72000122070312,150.19000244140625,150.22000122070312,10166300,2026-09-30
2023-07-12,144.39645385742188,152.24000549316406,153.02000427246094,152.07000732421875,152.97000122070312,6668900,2026-09-30
2023-07-13,145.079345703125,152.9600067138672,153.1999969482422,152.33999633789062,152.69000244140625,5458400,2026-09-30
2023-07-14,144.22572326660156,152.05999755859375,153.10000610351562,151.67999267578125,153.10000610351562,6345100,2026-09-30
2023-07-17,144.5007781982422,152.35000610351562,152.77000427246094,151.32000732421875,151.77999877929688,5352900,2026-09-30
2023-07-18,145.39234924316406,153.2899932861328,153.60000610351562,152.22000122070312,152.35000610351562,5442200,2026-09-30
2023-07-19,146.11322021484375,154.0500030517578,154.32000732421875,153.42999267578125,153.58999633789062,8551800,2026-09-30
2023-07-20,145.96144104003906,153.88999938964844,154.1699981689453,153.35000610351562,153.88999938964844,7542400,2026-09-30
2023-07-21,146.17010498046875,154.11000061035156,154.58999633789062,153.6300048828125,154.39999389648438,5511700,2026-09-30
2023-07-24,146.57797241210938,154.5399932861328,154.8300018310547,154.05999755859375,154.39999389648438,3358000,2026-09-30
2023-07-25,146.68226623535156,154.64999389648438,155.0800018310547,154.11000061035156,154.33999633789062,5010400,2026-09-30
2023-07-26,147.01425170898438,155.0,155.3300018310547,154.25999450683594,154.35000610351562,5149100,2026-09-30
2023-07-27,145.72433471679688,153.63999938964844,155.77000427246094,153.3699951171875,155.77000427246094,6057500,2026-09-30
2023-07-28,146.44515991210938,154.39999389648438,155.10000610351562,153.7899932861328,155.0500030517578,6004400,2026-09-30
2023-07-31,146.90040588378906,154.8800048828125,155.19000244140625,154.35000610351562,154.75,3809500,2026-09-30
2023-08-01,146.3029022216797,154.25,154.64999389648438,153.77999877929688,154.17999267578125,3038100,2026-09-30
2023-08-02,144.9086151123047,152.77999877929688,153.52999877929688,152.4499969482422,153.07000732421875,6038100,2026-09-30
2023-08-03,144.18777465820312,152.02000427246094,152.5399932861328,151.44000244140625,152.1999969482422,4871400,2026-09-30
2023-08-04,143.5428009033203,151.33999633789062,153.1300048828125,151.14999389648438,152.35000610351562,4016200,2026-09-30
2023-08-07,144.7568817138672,152.6199951171875,152.7100067138672,151.8699951171875,151.9199981689453,3359000,2026-09-30
2023-08-08,144.03604125976562,151.86000061035156,152.00999450683594,150.39999389648438,151.25999450683594,3521700,2026-09-30
2023-08-09,143.6186981201172,151.4199981689453,152.44000244140625,151.1999969482422,151.97999572753906,5116400,2026-09-30
2023-08-10,143.4479522705078,151.24000549316406,153.11000061035156,150.91000366210938,152.16000366210938,3943500,2026-09-30
2023-08-11,143.47642517089844,151.27000427246094,151.67999267578125,150.6300048828125,150.77000427246094,4139400,2026-09-30
2023-08-14,143.4479522705078,151.24000549316406,151.25999450683594,150.4499969482422,150.99000549316406,2929100,2026-09-30
2023-08-15,141.56051635742188,149.25,150.38999938964844,149.08999633789062,150.33999633789062,3439800,2026-09-30
2023-08-16,140.52667236328125,148.16000366210938,149.6699981689453,148.1199951171875,149.0500030517578,5386200,2026-09-30
2023-08-17,139.44537353515625,147.02000427246094,148.8300018310547,146.92999267578125,148.74000549316406,5092200,2026-09-30
2023-08-18,139.69200134277344,147.27999877929688,147.52000427246094,145.9199981689453,146.1300048828125,4654100,2026-09-30
2023-08-21,139.66354370117188,147.25,147.67999267578125,146.24000549316406,147.41000366210938,3909100,2026-09-30
2023-08-22,139.11343383789062,146.6699981689453,147.74000549316406,146.52000427246094,147.52999877929688,3955500,2026-09-30
2023-08-23,140.27056884765625,147.88999938964844,148.02000427246094,146.66000366210938,146.97999572753906,3683200,2026-09-30
2023-08-24,138.92372131347656,146.47000122070312,148.80999755859375,146.4499969482422,147.7899932861328,3281000,2026-09-30
2023-08-25,139.62559509277344,147.2100067138672,147.80999755859375,145.9600067138672,147.07000732421875,5393300,2026-09-30
2023-08-28,140.66891479492188,148.30999755859375,148.69000244140625,147.77000427246094,147.8800048828125,4273700,2026-09-30
2023-08-29,142.25289916992188,149.97999572753906,150.02000427246094,148.14999389648438,148.41000366210938,5362000,2026-09-30
2023-08-30,142.69866943359375,150.4499969482422,150.6699981689453,149.91000366210938,150.05999755859375,6138000,2026-09-30
2023-08-31,142.19598388671875,149.9199981689453,150.77000427246094,149.8699951171875,150.7100067138672,5314200,2026-09-30
2023-09-01,142.78402709960938,150.5399932861328,151.1699981689453,150.10000610351562,150.86000061035156,4846200,2026-09-30
2023-09-05,141.01986694335938,148.67999267578125,150.30999755859375,148.6300048828125,150.30999755859375,3754600,2026-09-30
2023-09-06,140.53611755371094,148.1699981689453,148.7899932861328,147.44000244140625,148.41000366210938,5019700,2026-09-30
2023-09-07,139.9765625,147.5800018310547,148.08999633789062,147.05999755859375,147.75999450683594,4834200,2026-09-30
2023-09-08,140.04296875,147.64999389648438,148.02999877929688,147.38999938964844,147.77999877929688,2480800,2026-09-30
2023-09-11,140.27056884765625,147.88999938964844,148.5800018310547,147.6199951171875,148.3300018310547,2917500,2026-09-30
2023-09-12,140.09034729003906,147.6999969482422,148.3699951171875,147.50999450683594,147.5500030517578,3062400,2026-09-30
2023-09-13,139.53074645996094,147.11000061035156,148.02999877929688,146.69000244140625,147.83999633789062,3821800,2026-09-30
2023-09-14,141.16213989257812,148.8300018310547,148.92999267578125,147.9600067138672,148.11000061035156,3080600,2026-09-30
2023-09-15,139.9765625,147.5800018310547,148.7100067138672,147.44000244140625,148.35000610351562,3637700,2026-09-30
2023-09-18,139.64122009277344,146.58999633789062,147.0500030517578,146.2100067138672,146.89999389648438,2843700,2026-09-30
2023-09-19,139.41258239746094,146.35000610351562,146.75,145.66000366210938,146.5800018310547,3814000,2026-09-30
2023-09-20,138.77435302734375,145.67999267578125,147.41000366210938,145.6300048828125,146.91000366210938,4128100,2026-09-30
2023-09-21,136.46905517578125,143.25999450683594,145.1699981689453,143.17999267578125,145.02000427246094,4778100,2026-09-30
2023-09-22,135.9260711669922,142.69000244140625,143.69000244140625,142.55999755859375,143.50999450683594,3362700,2026-09-30
2023-09-25,136.2689971923828,143.0500030517578,143.0800018310547,142.0500030517578,142.0800018310547,6184600,2026-09-30
2023-09-26,134.35427856445312,141.0399932861328,142.60000610351562,140.91000366210938,142.25,4013000,2026-09-30
2023-09-27,134.4019317626953,141.08999633789062,141.80999755859375,140.13999938964844,141.64999389648438,5306400,2026-09-30
2023-09-28,135.33547973632812,142.07000732421875,142.60000610351562,141.08999633789062,141.08999633789062,6516300,2026-09-30
2023-09-29,134.97349548339844,141.69000244140625,143.2100067138672,141.27999877929688,142.99000549316406,5839300,2026-09-30
2023-10-02,133.44932556152344,140.08999633789062,141.47999572753906,139.41000366210938,141.25,7668900,2026-09-30
2023-10-03,131.8489532470703,138.41000366210938,139.9199981689453,137.91000366210938,139.3000030517578,6579100,2026-09-30
2023-10-04,132.6014862060547,139.1999969482422,139.3300018310547,137.50999450683594,138.77000427246094,7483500,2026-09-30
2023-10-05,132.22047424316406,138.8000030517578,139.38999938964844,137.9600067138672,139.10000610351562,4976800,2026-09-30
2023-10-06,133.3636016845703,140.0,140.74000549316406,137.32000732421875,138.1199951171875,8193300,2026-09-30
2023-10-09,134.31619262695312,141.0,141.2100067138672,139.3300018310547,139.4199981689453,3955400,2026-09-30
2023-10-10,135.34500122070312,142.0800018310547,142.9199981689453,141.27999877929688,141.3699951171875,5192900,2026-09-30
2023-10-11,135.6307830810547,142.3800048828125,142.69000244140625,141.38999938964844,142.22000122070312,4211300,2026-09-30
2023-10-12,133.9351806640625,140.60000610351562,142.61000061035156,139.77999877929688,142.57000732421875,6378300,2026-09-30
2023-10-13,133.6398468017578,140.2899932861328,141.4499969482422,139.69000244140625,141.02000427246094,5019900,2026-09-30
2023-10-16,135.306884765625,142.0399932861328,142.3000030517578,140.66000366210938,141.27999877929688,3995000,2026-09-30
2023-10-17,135.97372436523438,142.74000549316406,143.5,141.2100067138672,141.2100067138672,4954900,2026-09-30
2023-10-18,133.82081604003906,140.47999572753906,142.11000061035156,140.2899932861328,142.02999877929688,3986800,2026-09-30
2023-10-19,132.16334533691406,138.74000549316406,141.05999755859375,138.50999450683594,140.4499969482422,6056300,2026-09-30
2023-10-20,130.51535034179688,137.00999450683594,138.69000244140625,136.97000122070312,138.4600067138672,5247800,2026-09-30
2023-10-23,129.6865997314453,136.13999938964844,137.6300048828125,135.88999938964844,136.33999633789062,7157000,2026-09-30
2023-10-24,130.51535034179688,137.00999450683594,137.64999389648438,136.33999633789062,136.8000030517578,6337700,2026-09-30
2023-10-25,129.076904296875,135.5,136.60000610351562,135.30999755859375,136.36000061035156,6627700,2026-09-30
2023-10-26,128.81016540527344,135.22000122070312,136.4199981689453,135.02000427246094,135.38999938964844,13893800,2026-09-30
2023-10-27,127.32414245605469,133.66000366210938,135.55999755859375,133.33999633789062,135.55999755859375,7744900,2026-09-30
2023-10-30,128.32435607910156,134.7100067138672,135.0399932861328,133.5399932861328,134.50999450683594,10830300,2026-09-30
2023-10-31,129.3912811279297,135.8300018310547,135.97000122070312,134.5,135.02999877929688,6021900,2026-09-30
2023-11-01,129.82945251464844,136.2899932861328,136.5399932861328,135.1699981689453,135.8699951171875,6508700,2026-09-30
2023-11-02,132.706298828125,139.30999755859375,139.4199981689453,137.3800048828125,137.42999267578125,7961700,2026-09-30
2023-11-03,134.87823486328125,141.58999633789062,142.25,140.77000427246094,140.82000732421875,7473300,2026-09-30
2023-11-06,134.17333984375,140.85000610351562,141.83999633789062,140.3800048828125,141.7100067138672,5054800,2026-09-30
2023-11-07,133.8875274658203,140.5500030517578,140.9199981689453,140.07000732421875,140.58999633789062,3636800,2026-09-30
2023-11-08,133.66845703125,140.32000732421875,140.94000244140625,139.72999572753906,140.72000122070312,3994900,2026-09-30
2023-11-09,132.53482055664062,139.1300048828125,140.94000244140625,139.0399932861328,140.8800048828125,6288500,2026-09-30
2023-11-10,134.0875701904297,140.75999450683594,140.88999938964844,139.02999877929688,139.7100067138672,6783800,2026-09-30
2023-11-13,133.91610717773438,140.5800018310547,140.9600067138672,140.05999755859375,140.30999755859375,4142700,2026-09-30
2023-11-14,137.7360382080078,144.58999633789062,145.0399932861328,142.77000427246094,142.77999877929688,15157800,2026-09-30
2023-11-15,138.38377380371094,145.27000427246094,146.22999572753906,144.88999938964844,144.88999938964844,8133800,2026-09-30
2023-11-16,137.92652893066406,144.7899932861328,145.52999877929688,144.35000610351562,145.14999389648438,5466700,2026-09-30
2023-11-17,138.59336853027344,145.49000549316406,145.66000366210938,144.9600067138672,145.4499969482422,5027100,2026-09-30
2023-11-20,139.1458740234375,146.07000732421875,146.4199981689453,144.8300018310547,145.3300018310547,6441800,2026-09-30
2023-11-21,138.88870239257812,145.8000030517578,146.0800018310547,145.49000549316406,145.82000732421875,4612600,2026-09-30
2023-11-22,139.53643798828125,146.47999572753906,146.86000061035156,146.00999450683594,146.25999450683594,4388100,2026-09-30
2023-11-24,139.946044921875,146.91000366210938,147.02999877929688,146.35000610351562,146.42999267578125,1156200,2026-09-30
2023-11-27,139.66024780273438,146.61000061035156,146.8300018310547,146.1199951171875,146.5500030517578,3848000,2026-09-30
2023-11-28,139.5269012451172,146.47000122070312,147.14999389648438,146.08999633789062,146.42999267578125,3960800,2026-09-30
2023-11-29,140.07940673828125,147.0500030517578,148.0800018310547,146.85000610351562,147.1199951171875,5732900,2026-09-30
2023-11-30,141.27017211914062,148.3000030517578,148.3699951171875,146.8699951171875,147.5500030517578,7763200,2026-09-30
2023-12-01,143.3944549560547,150.52999877929688,150.57000732421875,148.00999450683594,148.16000366210938,12060800,2026-09-30
2023-12-04,143.4611358642578,150.60000610351562,151.00999450683594,149.52999877929688,149.52999877929688,9572900,2026-09-30
2023-12-05,142.18463134765625,149.25999450683594,150.02000427246094,148.94000244140625,149.97999572753906,6384200,2026-09-30
2023-12-06,142.2322998046875,149.30999755859375,150.6199951171875,149.17999267578125,149.97000122070312,5237800,2026-09-30
2023-12-07,142.98484802246094,150.10000610351562,150.27000427246094,149.41000366210938,149.7899932861328,6054300,2026-09-30
2023-12-08,143.43252563476562,150.57000732421875,150.9499969482422,149.88999938964844,149.97000122070312,5181700,2026-09-30
2023-12-11,144.70907592773438,151.91000366210938,151.92999267578125,150.67999267578125,150.75999450683594,7130700,2026-09-30
2023-12-12,144.9662322998047,152.17999267578125,152.3800048828125,151.22999572753906,151.97999572753906,4633800,2026-09-30
2023-12-13,148.0431365966797,155.41000366210938,155.4499969482422,151.92999267578125,152.16000366210938,11782700,2026-09-30
2023-12-14,150.06265258789062,157.52999877929688,158.25,156.66000366210938,156.66000366210938,21351900,2026-09-30
2023-12-15,148.99571228027344,156.41000366210938,157.30999755859375,155.8800048828125,157.2899932861328,8883500,2026-09-30
2023-12-18,149.0617218017578,155.8699951171875,156.50999450683594,155.6300048828125,156.39999389648438,8628600,2026-09-30
2023-12-19,150.31446838378906,157.17999267578125,157.25,156.1999969482422,156.39999389648438,10130900,2026-09-30
2023-12-20,147.82806396484375,154.5800018310547,157.3800048828125,154.50999450683594,156.8000030517578,7411100,2026-09-30
2023-12-21,149.6450653076172,156.47999572753906,156.52000427246094,155.07000732421875,155.8300018310547,6988900,2026-09-30
2023-12-22,150.15188598632812,157.00999450683594,157.58999633789062,156.33999633789062,156.9199981689453,5749900,2026-09-30
2023-12-26,151.01258850097656,157.91000366210938,158.32000732421875,157.0500030517578,157.2899932861328,4053100,2026-09-30
2023-12-27,151.15603637695312,158.05999755859375,158.32000732421875,157.58999633789062,158.0800018310547,4380300,2026-09-30
2023-12-28,151.49075317382812,158.41000366210938,158.60000610351562,158.0500030517578,158.05999755859375,4047000,2026-09-30
2023-12-29,150.90740966796875,157.8000030517578,158.52999877929688,157.3300018310547,158.0399932861328,5339200,2026-09-30
2024-01-02,150.95523071289062,157.85000610351562,158.35000610351562,156.77000427246094,157.02000427246094,9816500,2026-09-30
2024-01-03,148.72698974609375,155.52000427246094,156.97999572753906,155.3000030517578,156.97999572753906,9207500,2026-09-30
2024-01-04,148.4783477783203,155.25999450683594,156.2899932861328,155.1999969482422,155.4600067138672,5621600,2026-09-30
2024-01-05,148.90870666503906,155.7100067138672,156.60000610351562,154.8300018310547,155.00999450683594,8379600,2026-09-30
2024-01-08,150.50575256347656,157.3800048828125,157.3800048828125,155.3000030517578,155.66000366210938,7954000,2026-09-30
2024-01-09,149.74069213867188,156.5800018310547,157.0800018310547,156.07000732421875,156.3800048828125,6419100,2026-09-30
2024-01-10,149.99891662597656,156.85000610351562,157.14999389648438,156.07000732421875,156.5800018310547,4620700,2026-09-30
2024-01-11,149.56854248046875,156.39999389648438,156.8300018310547,155.16000366210938,156.8000030517578,7070600,2026-09-30
2024-01-12,149.2338409423828,156.0500030517578,157.3800048828125,155.7100067138672,157.13999938964844,5568500,2026-09-30
2024-01-16,148.28709411621094,155.05999755859375,155.47000122070312,154.52000427246094,155.36000061035156,6942300,2026-09-30
2024-01-17,147.120361328125,153.83999633789062,154.60000610351562,153.10000610351562,153.8699951171875,5775000,2026-09-30
2024-01-18,147.87586975097656,154.6300048828125,154.77000427246094,153.16000366210938,154.02999877929688,7267100,2026-09-30
2024-01-19,149.013916015625,155.82000732421875,156.14999389648438,154.07000732421875,154.99000549316406,8488600,2026-09-30
2024-01-22,149.79806518554688,156.63999938964844,157.2100067138672,156.25,156.2899932861328,9964200,2026-09-30
2024-01-23,149.8745880126953,156.72000122070312,157.38999938964844,156.1699981689453,157.0,4785800,2026-09-30
2024-01-24,149.09996032714844,155.91000366210938,157.7100067138672,155.80999755859375,157.6999969482422,5688000,2026-09-30
2024-01-25,150.60134887695312,157.47999572753906,157.5,156.36000061035156,157.1699981689453,5832000,2026-09-30
2024-01-26,150.62049865722656,157.5,157.97999572753906,157.1999969482422,157.66000366210938,5997700,2026-09-30
2024-01-29,151.53855895996094,158.4600067138672,158.52000427246094,157.0800018310547,157.33999633789062,4501700,2026-09-30
2024-01-30,151.56727600097656,158.49000549316406,158.83999633789062,157.85000610351562,158.00999450683594,7258200,2026-09-30
2024-01-31,149.6259307861328,156.4600067138672,158.58999633789062,156.3800048828125,158.47999572753906,8928200,2026-09-30
2024-02-01,151.36643981933594,158.27999877929688,158.3800048828125,155.7899932861328,156.7899932861328,8008200,2026-09-30
2024-02-02,151.23255920410156,158.13999938964844,158.91000366210938,156.74000549316406,157.61000061035156,8128900,2026-09-30
2024-02-05,149.93194580078125,156.77999877929688,157.42999267578125,156.1300048828125,157.36000061035156,8633400,2026-09-30
2024-02-06,150.8787384033203,157.77000427246094,157.8699951171875,156.75999450683594,156.9499969482422,6059000,2026-09-30
2024-02-07,151.47164916992188,158.38999938964844,158.77000427246094,157.6199951171875,158.50999450683594,6706000,2026-09-30
2024-02-08,151.8063507080078,158.74000549316406,158.83999633789062,157.97000122070312,158.42999267578125,4900200,2026-09-30
2024-02-09,151.988037109375,158.92999267578125,159.0800018310547,158.14999389648438,158.69000244140625,5055000,2026-09-30
2024-02-12,153.02085876464844,160.00999450683594,160.52999877929688,158.99000549316406,159.0,6971900,2026-09-30
2024-02-13,150.47708129882812,157.35000610351562,158.2100067138672,156.16000366210938,157.85000610351562,9741100,2026-09-30
2024-02-14,151.85415649414062,158.7899932861328,158.89999389648438,157.58999633789062,158.14999389648438,11291300,2026-09-30
2024-02-15,153.73809814453125,160.75999450683594,160.91000366210938,159.3699951171875,159.4199981689453,5846600,2026-09-30
2024-02-16,153.04002380371094,160.02999877929688,161.08999633789062,159.8800048828125,160.19000244140625,5061200,2026-09-30
2024-02-20,152.68614196777344,159.66000366210938,159.9600067138672,159.24000549316406,159.3000030517578,6827700,2026-09-30
2024-02-21,152.9921875,159.97999572753906,160.02999877929688,158.9199981689453,159.25,4602900,2026-09-30
2024-02-22,154.51275634765625,161.57000732421875,161.97999572753906,160.47999572753906,160.82000732421875,9128000,2026-09-30
2024-02-23,154.9239501953125,162.0,162.41000366210938,161.6300048828125,161.94000244140625,6375200,2026-09-30
2024-02-26,154.3023223876953,161.35000610351562,162.41000366210938,161.24000549316406,161.97999572753906,5164000,2026-09-30
2024-02-27,154.9813232421875,162.05999755859375,162.10000610351562,161.52000427246094,161.8699951171875,4362900,2026-09-30
2024-02-28,155.03872680664062,162.1199951171875,162.49000549316406,161.49000549316406,161.6699981689453,4296800,2026-09-30
2024-02-29,155.67941284179688,162.7899932861328,163.22000122070312,162.11000061035156,162.88999938964844,6298500,2026-09-30
2024-03-01,156.76963806152344,163.92999267578125,164.0,162.22999572753906,163.0,6389300,2026-09-30
2024-03-04,157.05653381347656,164.22999572753906,164.6999969482422,163.83999633789062,163.83999633789062,5165000,2026-09-30
2024-03-05,156.3393096923828,163.47999572753906,164.6699981689453,162.8699951171875,163.9600067138672,6260600,2026-09-30
2024-03-06,157.2286834716797,164.41000366210938,164.97000122070312,163.89999389648438,164.3699951171875,6041100,2026-09-30
2024-03-07,158.4623260498047,165.6999969482422,165.97000122070312,165.30999755859375,165.4199981689453,6407600,2026-09-30
2024-03-08,158.28062438964844,165.50999450683594,166.72000122070312,165.27999877929688,166.16000366210938,9114500,2026-09-30
2024-03-11,158.48146057128906,165.72000122070312,165.82000732421875,164.6300048828125,165.16000366210938,5503800,2026-09-30
2024-03-12,158.8927001953125,166.14999389648438,166.4600067138672,165.24000549316406,166.02000427246094,6357900,2026-09-30
2024-03-13,158.96917724609375,166.22999572753906,166.82000732421875,165.74000549316406,166.27000427246094,4644000,2026-09-30
2024-03-14,157.54428100585938,164.74000549316406,166.35000610351562,163.6999969482422,166.27999877929688,7757600,2026-09-30
2024-03-15,157.23826599121094,164.4199981689453,164.97999572753906,163.66000366210938,163.6699981689453,7973400,2026-09-30
2024-03-18,157.67039489746094,164.19000244140625,164.74000549316406,163.69000244140625,164.3300018310547,4712600,2026-09-30
2024-03-19,158.6114501953125,165.1699981689453,165.2100067138672,164.0399932861328,164.1699981689453,5789400,2026-09-30
2024-03-20,159.9654541015625,166.5800018310547,166.72999572753906,164.8000030517578,165.0800018310547,4925700,2026-09-30
2024-03-21,161.0601806640625,167.72000122070312,168.17999267578125,167.16000366210938,167.33999633789062,6010900,2026-09-30
2024-03-22,160.0230712890625,166.63999938964844,168.0,166.61000061035156,167.8000030517578,3178700,2026-09-30
2024-03-25,159.6774139404297,166.27999877929688,167.0500030517578,166.25999450683594,166.6300048828125,2903700,2026-09-30
2024-03-26,159.5237274169922,166.1199951171875,166.99000549316406,166.05999755859375,166.8000030517578,3669800,2026-09-30
2024-03-27,162.078125,168.77999877929688,168.7899932861328,167.0500030517578,167.13999938964844,5999200,2026-09-30
2024-03-28,162.64468383789062,169.3699951171875,169.8000030517578,168.9600067138672,169.16000366210938,3728100,2026-09-30
2024-04-01,161.68438720703125,168.3699951171875,169.6699981689453,168.24000549316406,169.60000610351562,4757200,2026-09-30
2024-04-02,160.29196166992188,166.9199981689453,167.50999450683594,166.42999267578125,167.50999450683594,4598400,2026-09-30
2024-04-03,160.46482849121094,167.10000610351562,167.39999389648438,166.5800018310547,166.7100067138672,4442700,2026-09-30
2024-04-04,158.8323211669922,165.39999389648438,168.57000732421875,165.00999450683594,168.38999938964844,7150800,2026-09-30
2024-04-05,159.7830352783203,166.38999938964844,166.8300018310547,165.1999969482422,165.58999633789062,5697000,2026-09-30
2024-04-08,160.27273559570312,166.89999389648438,167.4199981689453,166.50999450683594,166.6300048828125,22497300,2026-09-30
2024-04-09,160.9065399169922,167.55999755859375,167.77000427246094,166.0500030517578,167.4600067138672,5483600,2026-09-30
2024-04-10,158.16973876953125,164.7100067138672,165.7899932861328,164.11000061035156,165.1999969482422,7550600,2026-09-30
2024-04-11,158.0544891357422,164.58999633789062,165.25999450683594,163.5399932861328,165.00999450683594,6831200,2026-09-30
2024-04-12,155.5481414794922,161.97999572753906,163.92999267578125,161.52999877929688,163.5500030517578,6567600,2026-09-30
2024-04-15,154.20372009277344,160.5800018310547,163.8000030517578,160.02999877929688,163.64999389648438,9546700,2026-09-30
2024-04-16,153.3490753173828,159.69000244140625,160.5399932861328,159.1999969482422,160.41000366210938,7389600,2026-09-30
2024-04-17,153.03216552734375,159.36000061035156,160.60000610351562,158.8699951171875,160.47000122070312,8056700,2026-09-30
2024-04-18,152.8881378173828,159.2100067138672,160.47999572753906,158.8300018310547,159.9499969482422,6683000,2026-09-30
2024-04-19,153.4643096923828,159.80999755859375,160.33999633789062,159.30999755859375,159.52000427246094,8816300,2026-09-30
2024-04-22,154.63580322265625,161.02999877929688,161.85000610351562,159.6199951171875,160.50999450683594,4775500,2026-09-30
2024-04-23,156.0090789794922,162.4600067138672,162.82000732421875,161.2100067138672,161.33999633789062,3998000,2026-09-30
2024-04-24,156.22994995117188,162.69000244140625,162.85000610351562,161.77999877929688,162.1999969482422,4164000,2026-09-30
2024-04-25,155.90342712402344,162.35000610351562,162.60000610351562,160.55999755859375,161.9600067138672,7408300,2026-09-30
2024-04-26,155.98023986816406,162.42999267578125,162.99000549316406,161.80999755859375,162.0,5649500,2026-09-30
2024-04-29,157.0653839111328,163.55999755859375,163.69000244140625,162.82000732421875,162.88999938964844,3882800,2026-09-30
2024-04-30,154.79910278320312,161.1999969482422,162.9499969482422,161.1699981689453,162.85000610351562,4935800,2026-09-30
2024-05-01,154.27093505859375,160.64999389648438,162.80999755859375,160.17999267578125,160.75,9285200,2026-09-30
2024-05-02,155.2216339111328,161.63999938964844,162.0399932861328,160.08999633789062,161.64999389648438,5677900,2026-09-30
2024-05-03,156.32595825195312,162.7899932861328,163.52999877929688,162.1300048828125,162.97000122070312,9751400,2026-09-30
2024-05-06,157.52633666992188,164.0399932861328,164.0500030517578,163.27000427246094,163.64999389648438,4928700,2026-09-30
2024-05-07,157.96804809570312,164.5,164.99000549316406,164.36000061035156,164.5,4511200,2026-09-30
2024-05-08,157.92965698242188,164.4600067138672,164.58999633789062,163.7899932861328,163.94000244140625,3346100,2026-09-30
2024-05-09,159.25485229492188,165.83999633789062,165.8800048828125,164.33999633789062,164.4199981689453,3413000,2026-09-30
2024-05-10,159.51416015625,166.11000061035156,166.5500030517578,165.85000610351562,166.39999389648438,3425000,2026-09-30
2024-05-13,159.47573852539062,166.07000732421875,167.14999389648438,165.94000244140625,166.66000366210938,2514400,2026-09-30
2024-05-14,160.10951232910156,166.72999572753906,167.10000610351562,166.0500030517578,166.60000610351562,5446900,2026-09-30
2024-05-15,161.38670349121094,168.05999755859375,168.1999969482422,167.41000366210938,167.7100067138672,5739400,2026-09-30
2024-05-16,161.12741088867188,167.7899932861328,168.38999938964844,167.77000427246094,168.1699981689453,4779400,2026-09-30
2024-05-17,161.36749267578125,168.0399932861328,168.1300048828125,167.5500030517578,167.85000610351562,3461400,2026-09-30
2024-05-20,161.23304748535156,167.89999389648438,168.47000122070312,167.64999389648438,168.19000244140625,3756300,2026-09-30
2024-05-21,161.1658477783203,167.8300018310547,167.89999389648438,167.3300018310547,167.77000427246094,3751200,2026-09-30
2024-05-22,160.55126953125,167.19000244140625,167.9199981689453,166.75,167.36000061035156,2841500,2026-09-30
2024-05-23,158.3041534423828,164.85000610351562,167.5,164.7100067138672,167.49000549316406,5841400,2026-09-30
2024-05-24,159.35089111328125,165.94000244140625,166.22999572753906,165.39999389648438,165.5500030517578,3252000,2026-09-30
2024-05-28,158.24652099609375,164.7899932861328,166.02000427246094,164.30999755859375,165.9600067138672,4160000,2026-09-30
2024-05-29,156.39317321777344,162.86000061035156,163.47000122070312,162.77999877929688,163.47000122070312,6843200,2026-09-30
2024-05-30,157.11343383789062,163.61000061035156,163.77999877929688,162.67999267578125,162.92999267578125,5335500,2026-09-30
2024-05-31,159.19725036621094,165.77999877929688,165.8300018310547,163.32000732421875,163.94000244140625,4335200,2026-09-30
2024-06-03,158.35218811035156,164.89999389648438,166.1199951171875,163.60000610351562,166.10000610351562,6125400,2026-09-30
2024-06-04,157.87203979492188,164.39999389648438,164.85000610351562,163.72999572753906,164.1300048828125,5446500,2026-09-30
2024-06-05,158.8323211669922,165.39999389648438,165.4499969482422,163.8300018310547,164.77000427246094,5788700,2026-09-30
2024-06-06,158.52505493164062,165.0800018310547,165.75,164.6999969482422,165.1699981689453,6251200,2026-09-30
2024-06-07,158.0256805419922,164.55999755859375,165.5,164.0500030517578,164.35000610351562,2865700,2026-09-30
2024-06-10,158.44821166992188,165.0,165.11000061035156,163.75999450683594,163.99000549316406,5769700,2026-09-30
2024-06-11,157.7952117919922,164.32000732421875,164.55999755859375,163.32000732421875,164.25,4772800,2026-09-30
2024-06-12,158.6402587890625,165.1999969482422,166.38999938964844,164.7899932861328,166.1699981689453,8818900,2026-09-30
2024-06-13,158.1889190673828,164.72999572753906,165.0,163.74000549316406,164.89999389648438,7385200,2026-09-30
2024-06-14,157.1806182861328,163.67999267578125,164.1199951171875,162.69000244140625,163.8000030517578,4557100,2026-09-30
2024-06-17,158.32337951660156,164.8699951171875,165.02000427246094,163.00999450683594,163.32000732421875,4265800,2026-09-30
2024-06-18,158.7170867919922,165.27999877929688,165.6699981689453,164.6699981689453,164.6699981689453,6283800,2026-09-30
2024-06-20,158.81314086914062,165.3800048828125,165.69000244140625,165.0,165.24000549316406,5806800,2026-09-30
2024-06-21,159.0147705078125,165.58999633789062,165.6999969482422,164.6199951171875,165.5,3996200,2026-09-30
2024-06-24,159.77935791015625,165.72000122070312,166.57000732421875,164.86000061035156,165.2899932861328,7588700,2026-09-30
2024-06-25,158.6802520751953,164.5800018310547,165.80999755859375,164.0500030517578,165.80999755859375,4349100,2026-09-30
2024-06-26,158.0824432373047,163.9600067138672,164.1300048828125,163.41000366210938,164.00999450683594,3995900,2026-09-30
2024-06-27,158.2752685546875,164.16000366210938,164.1999969482422,163.50999450683594,163.9600067138672,3430700,2026-09-30
2024-06-28,158.39097595214844,164.27999877929688,165.2100067138672,163.5399932861328,164.52999877929688,4761000,2026-09-30
2024-07-01,157.10862731933594,162.9499969482422,164.9600067138672,162.74000549316406,164.8000030517578,6813100,2026-09-30
2024-07-02,157.81248474121094,163.67999267578125,163.69000244140625,162.85000610351562,162.89999389648438,3692900,2026-09-30
2024-07-03,157.87998962402344,163.75,164.44000244140625,163.60000610351562,164.02000427246094,2745100,2026-09-30
2024-07-05,157.81248474121094,163.67999267578125,163.83999633789062,162.72999572753906,163.66000366210938,3950800,2026-09-30
2024-07-08,158.12103271484375,164.0,164.60000610351562,163.49000549316406,163.9199981689453,4654500,2026-09-30
2024-07-09,157.85107421875,163.72000122070312,164.5800018310547,163.36000061035156,163.88999938964844,4267800,2026-09-30
2024-07-10,159.1526641845703,165.07000732421875,165.2100067138672,163.75,164.05999755859375,5327600,2026-09-30
2024-07-11,161.07131958007812,167.05999755859375,167.3800048828125,165.80999755859375,165.8800048828125,10924400,2026-09-30
2024-07-12,162.48863220214844,168.52999877929688,169.36000061035156,167.72999572753906,167.82000732421875,11488500,2026-09-30
2024-07-15,162.6718292236328,168.72000122070312,169.61000061035156,168.32000732421875,168.75,5139500,2026-09-30
2024-07-16,165.55465698242188,171.7100067138672,171.7100067138672,169.0500030517578,169.1999969482422,9921100,2026-09-30
2024-07-17,164.8797149658203,171.00999450683594,172.19000244140625,170.66000366210938,170.80999755859375,12609800,2026-09-30
2024-07-18,163.46240234375,169.5399932861328,172.3800048828125,169.16000366210938,170.85000610351562,8887600,2026-09-30
2024-07-19,162.36328125,168.39999389648438,169.8800048828125,168.00999450683594,169.66000366210938,5683900,2026-09-30
2024-07-22,163.64559936523438,169.72999572753906,169.8000030517578,167.77000427246094,169.08999633789062,8973100,2026-09-30
2024-07-23,163.06712341308594,169.1300048828125,169.83999633789062,169.02000427246094,169.4199981689453,5344300,2026-09-30
2024-07-24,161.15809631347656,167.14999389648438,169.22999572753906,166.97999572753906,168.80999755859375,8067000,2026-09-30
2024-07-25,161.35093688964844,167.35000610351562,169.67999267578125,166.85000610351562,167.1999969482422,10680400,2026-09-30
2024-07-26,163.6552734375,169.74000549316406,170.27999877929688,168.35000610351562,168.6199951171875,7472300,2026-09-30
2024-07-29,163.8769989013672,169.97000122070312,170.38999938964844,169.1699981689453,170.13999938964844,5737800,2026-09-30
2024-07-30,164.66761779785156,170.7899932861328,171.30999755859375,169.94000244140625,170.63999938964844,7333100,2026-09-30
2024-07-31,165.4485626220703,171.60000610351562,173.0800018310547,171.08999633789062,172.00999450683594,9957500,2026-09-30
2024-08-01,163.6070556640625,169.69000244140625,172.7100067138672,168.77999877929688,171.89999389648438,10567900,2026-09-30
2024-08-02,160.79173278808594,166.77000427246094,168.41000366210938,165.10000610351562,168.22999572753906,11666300,2026-09-30
2024-08-05,156.99295043945312,162.8300018310547,164.58999633789062,161.8000030517578,163.4199981689453,13747600,2026-09-30
2024-08-06,158.60308837890625,164.5,166.5500030517578,163.00999450683594,163.33999633789062,8774600,2026-09-30
2024-08-07,157.4846649169922,163.33999633789062,166.97999572753906,163.24000549316406,166.0800018310547,5938500,2026-09-30
2024-08-08,160.3385772705078,166.3000030517578,166.4499969482422,163.8800048828125,164.14999389648438,6628600,2026-09-30
2024-08-09,160.67599487304688,166.64999389648438,167.1300048828125,165.16000366210938,166.44000244140625,3650000,2026-09-30
2024-08-12,159.9047088623047,165.85000610351562,166.8800048828125,165.52000427246094,166.6999969482422,5633600,2026-09-30
2024-08-13,161.72695922851562,167.74000549316406,167.9600067138672,166.11000061035156,166.64999389648438,4208300,2026-09-30
2024-08-14,162.06439208984375,168.08999633789062,168.55999755859375,167.60000610351562,168.02000427246094,4156200,2026-09-30
2024-08-15,164.26268005371094,170.3699951171875,170.63999938964844,169.3300018310547,169.77000427246094,6926700,2026-09-30
2024-08-16,164.65792846679688,170.77999877929688,170.9199981689453,170.0,170.0,3454700,2026-09-30
2024-08-19,165.911376953125,172.0800018310547,172.1199951171875,170.91000366210938,170.92999267578125,5580000,2026-09-30
2024-08-20,165.25575256347656,171.39999389648438,172.19000244140625,171.1699981689453,171.91000366210938,5054900,2026-09-30
2024-08-21,166.4127197265625,172.60000610351562,172.75999450683594,171.66000366210938,172.08999633789062,4594900,2026-09-30
2024-08-22,165.94029235839844,172.11000061035156,173.2100067138672,171.8000030517578,173.0,3817200,2026-09-30
2024-08-23,168.0518035888672,174.3000030517578,174.52000427246094,172.66000366210938,173.0,6000300,2026-09-30
2024-08-26,168.02288818359375,174.27000427246094,175.38999938964844,174.07000732421875,174.97000122070312,7487600,2026-09-30
2024-08-27,168.09999084472656,174.35000610351562,174.41000366210938,173.6999969482422,173.91000366210938,3560300,2026-09-30
2024-08-28,167.63719177246094,173.8699951171875,174.6199951171875,173.0500030517578,174.10000610351562,3964500,2026-09-30
2024-08-29,168.263916015625,174.52000427246094,175.5800018310547,173.5,174.5,5095000,2026-09-30
2024-08-30,169.56549072265625,175.8699951171875,175.9600067138672,173.9199981689453,175.0800018310547,4635800,2026-09-30
2024-09-03,167.3865203857422,173.61000061035156,175.39999389648438,172.91000366210938,175.0,6616300,2026-09-30
2024-09-04,167.14547729492188,173.36000061035156,174.39999389648438,172.86000061035156,173.44000244140625,10109400,2026-09-30
2024-09-05,166.1234893798828,172.3000030517578,173.74000549316406,171.61000061035156,173.61000061035156,6015500,2026-09-30
2024-09-06,164.3397979736328,170.4499969482422,173.3300018310547,170.22000122070312,172.52000427246094,9197200,2026-09-30
2024-09-09,165.9306640625,172.10000610351562,172.97000122070312,171.1999969482422,171.50999450683594,6402300,2026-09-30
2024-09-10,166.02706909179688,172.1999969482422,172.61000061035156,170.9199981689453,172.4600067138672,4356800,2026-09-30
2024-09-11,166.1042022705078,172.27999877929688,172.49000549316406,168.7899932861328,171.60000610351562,7108100,2026-09-30
2024-09-12,167.1358642578125,173.35000610351562,173.4600067138672,171.4499969482422,172.30999755859375,5460300,2026-09-30
2024-09-13,168.736328125,175.00999450683594,175.33999633789062,173.88999938964844,174.00999450683594,5248100,2026-09-30
2024-09-16,169.9608154296875,176.27999877929688,176.58999633789062,175.3800048828125,175.6300048828125,4845200,2026-09-30
2024-09-17,170.2114715576172,176.5399932861328,177.60000610351562,176.0399932861328,176.67999267578125,5489300,2026-09-30
2024-09-18,169.893310546875,176.2100067138672,178.39999389648438,175.9499969482422,176.88999938964844,9390000,2026-09-30
2024-09-19,171.70591735839844,178.08999633789062,178.8300018310547,177.3800048828125,178.5500030517578,7678100,2026-09-30
2024-09-20,171.07923889160156,177.44000244140625,177.5800018310547,176.61000061035156,177.5800018310547,5392000,2026-09-30
2024-09-23,171.95521545410156,177.64999389648438,177.72000122070312,176.91000366210938,177.25,5866400,2026-09-30
2024-09-24,172.20687866210938,177.91000366210938,178.22999572753906,177.5399932861328,178.0399932861328,6316200,2026-09-30
2024-09-25,171.14215087890625,176.80999755859375,178.25999450683594,176.5399932861328,178.10000610351562,4614900,2026-09-30
2024-09-26,172.57469177246094,178.2899932861328,178.80999755859375,177.75,178.11000061035156,6061500,2026-09-30
2024-09-27,173.19418334960938,178.92999267578125,179.94000244140625,178.64999389648438,179.02000427246094,5693800,2026-09-30
2024-09-30,173.4168243408203,179.16000366210938,179.35000610351562,177.60000610351562,178.77000427246094,5068500,2026-09-30
2024-10-01,172.4972686767578,178.2100067138672,179.1699981689453,177.27000427246094,178.9499969482422,8274200,2026-09-30
2024-10-02,172.3133544921875,178.02000427246094,178.4499969482422,177.22000122070312,177.72999572753906,4117100,2026-09-30
2024-10-03,171.50027465820312,177.17999267578125,177.69000244140625,176.57000732421875,177.4499969482422,5361900,2026-09-30
2024-10-04,172.84573364257812,178.57000732421875,178.67999267578125,177.30999755859375,178.6699981689453,5400400,2026-09-30
2024-10-07,171.50027465820312,177.17999267578125,178.02000427246094,176.4199981689453,178.02000427246094,4207300,2026-09-30
2024-10-08,171.9068145751953,177.60000610351562,177.8000030517578,176.74000549316406,177.3699951171875,3845700,2026-09-30
2024-10-09,173.0877227783203,178.82000732421875,179.0500030517578,177.3300018310547,177.63999938964844,3925200,2026-09-30
2024-10-10,172.43919372558594,178.14999389648438,178.6699981689453,177.75,178.47000122070312,3171900,2026-09-30
2024-10-11,174.1331024169922,179.89999389648438,180.13999938964844,178.38999938964844,178.47999572753906,4033900,2026-09-30
2024-10-14,175.4107666015625,181.22000122070312,181.33999633789062,179.58999633789062,180.00999450683594,3222600,2026-09-30
2024-10-15,174.6170654296875,180.39999389648438,182.22000122070312,180.2899932861328,181.25999450683594,5152200,2026-09-30
2024-10-16,175.79794311523438,181.6199951171875,181.8699951171875,180.7100067138672,180.85000610351562,4840200,2026-09-30
2024-10-17,175.51724243164062,181.3300018310547,182.14999389648438,181.1300048828125,182.1199951171875,3595400,2026-09-30
2024-10-18,176.0399169921875,181.8699951171875,182.00999450683594,180.91000366210938,181.86000061035156,3275700,2026-09-30
2024-10-21,174.5396270751953,180.32000732421875,181.85000610351562,179.92999267578125,181.58999633789062,3998700,2026-09-30
2024-10-22,173.75558471679688,179.50999450683594,179.8000030517578,178.72999572753906,179.60000610351562,3730700,2026-09-30
2024-10-23,173.18447875976562,178.9199981689453,179.49000549316406,177.92999267578125,178.99000549316406,4665700,2026-09-30
2024-10-24,173.2232208251953,178.9600067138672,179.6699981689453,178.52999877929688,179.47000122070312,4361800,2026-09-30
2024-10-25,172.4004669189453,178.11000061035156,180.14999389648438,177.97000122070312,179.94000244140625,4555200,2026-09-30
2024-10-28,173.37808227539062,179.1199951171875,179.60000610351562,178.75999450683594,178.85000610351562,3040100,2026-09-30
2024-10-29,172.85540771484375,178.5800018310547,179.2100067138672,178.0500030517578,178.5500030517578,5505400,2026-09-30
2024-10-30,172.47792053222656,178.19000244140625,179.35000610351562,177.94000244140625,177.94000244140625,5630200,2026-09-30
2024-10-31,170.6387939453125,176.2899932861328,178.0,176.25,177.72999572753906,6143700,2026-09-30
2024-11-01,170.7452850341797,176.39999389648438,177.9600067138672,176.25,176.94000244140625,4247000,2026-09-30
2024-11-04,170.9485626220703,176.61000061035156,177.58999633789062,176.07000732421875,176.58999633789062,3954200,2026-09-30
2024-11-05,172.9425048828125,178.6699981689453,178.72999572753906,176.2100067138672,176.67999267578125,4550700,2026-09-30
2024-11-06,177.03692626953125,182.89999389648438,183.3800048828125,181.3000030517578,183.33999633789062,12965500,2026-09-30
2024-11-07,177.21115112304688,183.0800018310547,183.5500030517578,182.6199951171875,183.38999938964844,8402000,2026-09-30
2024-11-08,178.19845581054688,184.10000610351562,184.47000122070312,183.0399932861328,183.2899932861328,7541600,2026-09-30
2024-11-11,179.08897399902344,185.02000427246094,185.7899932861328,184.72999572753906,184.82000732421875,6861800,2026-09-30
2024-11-12,177.7241668701172,183.61000061035156,184.88999938964844,183.02999877929688,184.74000549316406,5098300,2026-09-30
2024-11-13,177.82095336914062,183.7100067138672,184.5399932861328,183.4499969482422,183.94000244140625,9745300,2026-09-30
2024-11-14,176.39808654785156,182.24000549316406,183.99000549316406,182.1199951171875,183.7899932861328,7379500,2026-09-30
2024-11-15,175.13973999023438,180.94000244140625,182.3300018310547,180.64999389648438,181.89999389648438,5450400,2026-09-30
2024-11-18,175.8463592529297,181.6699981689453,182.05999755859375,180.8699951171875,181.11000061035156,3702600,2026-09-30
2024-11-19,175.37203979492188,181.17999267578125,181.57000732421875,179.64999389648438,180.11000061035156,5787700,2026-09-30
2024-11-20,175.96249389648438,181.7899932861328,181.8699951171875,180.33999633789062,181.30999755859375,4496700,2026-09-30
2024-11-21,178.17910766601562,184.0800018310547,184.41000366210938,181.74000549316406,182.39999389648438,5642600,2026-09-30
2024-11-22,179.58261108398438,185.52999877929688,185.7899932861328,184.49000549316406,184.52000427246094,6371300,2026-09-30
2024-11-25,181.20877075195312,187.2100067138672,187.99000549316406,186.77000427246094,187.16000366210938,8582500,2026-09-30
2024-11-26,181.22811889648438,187.22999572753906,187.38999938964844,186.30999755859375,187.25999450683594,5590500,2026-09-30
2024-11-27,181.05386352539062,187.0500030517578,188.08999633789062,186.88999938964844,187.50999450683594,4801900,2026-09-30
2024-11-29,181.60562133789062,187.6199951171875,188.16000366210938,187.33999633789062,187.4600067138672,3752500,2026-09-30
2024-12-02,181.1506805419922,187.14999389648438,187.8699951171875,186.47000122070312,187.6999969482422,7664300,2026-09-30
2024-12-03,180.34727478027344,186.32000732421875,187.38999938964844,186.1199951171875,187.14999389648438,8580300,2026-09-30
2024-12-04,180.3569793701172,186.3300018310547,186.61000061035156,185.60000610351562,186.57000732421875,6576700,2026-09-30
2024-12-05,179.456787109375,185.39999389648438,186.47999572753906,185.33999633789062,186.32000732421875,6060200,2026-09-30
2024-12-06,179.25350952148438,185.19000244140625,186.41000366210938,185.0500030517578,186.0500030517578,4527300,2026-09-30
2024-12-09,178.51785278320312,184.42999267578125,185.8699951171875,184.38999938964844,185.7100067138672,5121100,2026-09-30
2024-12-10,177.42408752441406,183.3000030517578,184.4600067138672,182.7899932861328,184.4600067138672,6296400,2026-09-30
2024-12-11,177.58863830566406,183.47000122070312,184.17999267578125,183.27999877929688,184.1199951171875,6041800,2026-09-30
2024-12-12,176.9401092529297,182.8000030517578,183.63999938964844,182.8000030517578,183.44000244140625,3648800,2026-09-30
2024-12-13,176.3206329345703,182.16000366210938,183.00999450683594,181.82000732421875,182.8000030517578,5418500,2026-09-30
2024-12-16,175.7398681640625,181.55999755859375,182.8300018310547,181.38999938964844,182.19000244140625,5199800,2026-09-30
2024-12-17,174.35572814941406,180.1300048828125,181.30999755859375,179.85000610351562,180.91000366210938,7334500,2026-09-30
2024-12-18,169.1965789794922,174.8000030517578,180.57000732421875,174.66000366210938,180.36000061035156,11216700,2026-09-30
2024-12-19,168.6351776123047,174.22000122070312,176.61000061035156,174.1699981689453,175.6999969482422,10243000,2026-09-30
2024-12-20,170.9969482421875,176.66000366210938,177.77000427246094,173.69000244140625,173.9600067138672,10861700,2026-09-30
2024-12-23,171.23008728027344,176.27999877929688,176.44000244140625,174.7100067138672,175.39999389648438,8102400,2026-09-30
2024-12-24,172.52198791503906,177.61000061035156,177.6999969482422,176.0399932861328,176.3699951171875,2266500,2026-09-30
2024-12-26,172.8036651611328,177.89999389648438,178.14999389648438,176.80999755859375,176.9499969482422,3493100,2026-09-30
2024-12-27,171.6283416748047,176.69000244140625,177.99000549316406,175.7899932861328,177.0,5401800,2026-09-30
2024-12-30,169.89932250976562,174.91000366210938,175.61000061035156,173.57000732421875,175.25,6274500,2026-09-30
2024-12-31,170.21014404296875,175.22999572753906,176.07000732421875,174.5500030517578,175.52999877929688,6324500,2026-09-30
2025-01-02,169.7147674560547,174.72000122070312,176.67999267578125,173.91000366210938,176.32000732421875,9011900,2026-09-30
2025-01-03,171.26895141601562,176.32000732421875,176.58999633789062,174.5800018310547,175.25,4949100,2026-09-30
2025-01-06,171.15237426757812,176.1999969482422,177.9600067138672,175.94000244140625,177.1300048828125,8748100,2026-09-30
2025-01-07,170.57928466796875,175.61000061035156,177.38999938964844,175.02999877929688,176.80999755859375,8469400,2026-09-30
2025-01-08,170.78326416015625,175.82000732421875,175.9499969482422,174.13999938964844,175.17999267578125,6932900,2026-09-30
2025-01-10,168.28688049316406,173.25,174.9499969482422,173.07000732421875,174.66000366210938,7406800,2026-09-30
2025-01-13,169.6661834716797,174.6699981689453,174.72000122070312,172.3800048828125,172.55999755859375,8191400,2026-09-30
2025-01-14,171.0358123779297,176.0800018310547,176.2899932861328,174.6999969482422,175.42999267578125,8081800,2026-09-30
2025-01-15,172.6774139404297,177.77000427246094,179.00999450683594,177.2899932861328,178.72999572753906,9989500,2026-09-30
2025-01-16,174.03729248046875,179.1699981689453,179.42999267578125,177.3699951171875,177.9199981689453,5759000,2026-09-30
2025-01-17,174.88235473632812,180.0399932861328,180.7100067138672,179.6999969482422,180.08999633789062,5945500,2026-09-30
2025-01-21,176.91250610351562,182.1300048828125,182.2100067138672,180.9499969482422,181.08999633789062,7561500,2026-09-30
2025-01-22,176.2908477783203,181.49000549316406,182.39999389648438,181.42999267578125,182.27999877929688,8400200,2026-09-30
2025-01-23,177.12619018554688,182.35000610351562,182.36000061035156,180.8800048828125,181.58999633789062,5414500,2026-09-30
2025-01-24,176.97076416015625,182.19000244140625,182.85000610351562,181.94000244140625,182.11000061035156,8858500,2026-09-30
2025-01-27,177.0873260498047,182.30999755859375,182.35000610351562,181.16000366210938,181.25999450683594,11280900,2026-09-30
2025-01-28,176.213134765625,181.41000366210938,182.35000610351562,181.02000427246094,182.3000030517578,14005300,2026-09-30
2025-01-29,175.6302947998047,180.80999755859375,182.0800018310547,180.47000122070312,181.4199981689453,7849500,2026-09-30
2025-01-30,177.50502014160156,182.74000549316406,183.16000366210938,181.49000549316406,181.83999633789062,8669000,2026-09-30
2025-01-31,176.04798889160156,181.24000549316406,183.22999572753906,181.0399932861328,182.39999389648438,10222400,2026-09-30
2025-02-03,175.0863494873047,180.25,180.89999389648438,177.6999969482422,178.9199981689453,23419700,2026-09-30
2025-02-04,175.30006408691406,180.47000122070312,180.86000061035156,179.74000549316406,179.86000061035156,7359000,2026-09-30
2025-02-05,176.1548309326172,181.35000610351562,181.44000244140625,179.72999572753906,180.89999389648438,5616100,2026-09-30
2025-02-06,175.9217071533203,181.11000061035156,182.10000610351562,180.11000061035156,182.10000610351562,5858800,2026-09-30
2025-02-07,175.0572052001953,180.22000122070312,181.7899932861328,179.94000244140625,181.67999267578125,6525000,2026-09-30
2025-02-10,175.55258178710938,180.72999572753906,181.10000610351562,180.0800018310547,181.02999877929688,5193400,2026-09-30
2025-02-11,175.572021484375,180.75,180.83999633789062,179.80999755859375,180.1300048828125,4882000,2026-09-30
2025-02-12,174.55210876464844,179.6999969482422,180.11000061035156,178.64999389648438,178.75,8593000,2026-09-30
2025-02-13,176.06741333007812,181.25999450683594,181.4199981689453,179.80999755859375,180.3000030517578,7191600,2026-09-30
2025-02-14,175.89256286621094,181.0800018310547,182.17999267578125,181.02000427246094,181.75,10416200,2026-09-30
2025-02-18,177.24276733398438,182.47000122070312,182.5,181.05999755859375,181.55999755859375,5629500,2026-09-30
2025-02-19,177.60215759277344,182.83999633789062,183.02000427246094,181.67999267578125,182.0,6982400,2026-09-30
2025-02-20,177.1553192138672,182.3800048828125,182.6199951171875,181.1699981689453,182.6199951171875,5153400,2026-09-30
2025-02-21,174.668701171875,179.82000732421875,182.6199951171875,179.39999389648438,182.6199951171875,7674000,2026-09-30
2025-02-24,174.81436157226562,179.97000122070312,180.7899932861328,179.2100067138672,180.3699951171875,6196800,2026-09-30
2025-02-25,174.9892120361328,180.14999389648438,180.75,179.16000366210938,180.22000122070312,9329900,2026-09-30
2025-02-26,174.62010192871094,179.77000427246094,181.3800048828125,179.38999938964844,180.7100067138672,5829700,2026-09-30
2025-02-27,173.0950927734375,178.1999969482422,180.55999755859375,178.10000610351562,179.8000030517578,6878000,2026-09-30
2025-02-28,175.01834106445312,180.17999267578125,180.25,177.50999450683594,178.67999267578125,9252600,2026-09-30
2025-03-03,173.15335083007812,178.25999450683594,181.39999389648438,177.30999755859375,180.8800048828125,7704400,2026-09-30
2025-03-04,170.35585021972656,175.3800048828125,177.86000061035156,174.83999633789062,177.27000427246094,10009200,2026-09-30
2025-03-05,171.93914794921875,177.00999450683594,177.5,174.5399932861328,175.22000122070312,6327500,2026-09-30
2025-03-06,170.03530883789062,175.0500030517578,176.5500030517578,174.1999969482422,175.41000366210938,8624700,2026-09-30
2025-03-07,171.6283416748047,176.69000244140625,177.1199951171875,174.02000427246094,174.58999633789062,11727400,2026-09-30
2025-03-10,169.20965576171875,174.1999969482422,176.72999572753906,172.9199981689453,175.0800018310547,16835700,2026-09-30
2025-03-11,166.95614624023438,171.8800048828125,174.32000732421875,170.9600067138672,174.22999572753906,17834700,2026-09-30
2025-03-12,166.16934204101562,171.07000732421875,173.08999633789062,170.10000610351562,172.61000061035156,15640500,2026-09-30
2025-03-13,164.57630920410156,169.42999267578125,171.6999969482422,168.83999633789062,171.0800018310547,8687700,2026-09-30
2025-03-14,167.71377563476562,172.66000366210938,172.88999938964844,170.3000030517578,170.8699951171875,7120600,2026-09-30
2025-03-17,169.97703552246094,174.99000549316406,175.63999938964844,172.5500030517578,172.5500030517578,8485500,2026-09-30
2025-03-18,169.0930938720703,174.0800018310547,174.77999877929688,173.33999633789062,174.77999877929688,6404500,2026-09-30
2025-03-19,170.3461456298828,175.3699951171875,176.2100067138672,173.83999633789062,174.25999450683594,7666100,2026-09-30
2025-03-20,169.63706970214844,174.63999938964844,175.75999450683594,174.16000366210938,174.55999755859375,7686200,2026-09-30
2025-03-21,168.85997009277344,173.83999633789062,174.17999267578125,172.30999755859375,173.47000122070312,7787700,2026-09-30
2025-03-24,171.4766845703125,175.69000244140625,175.97000122070312,174.33999633789062,174.63999938964844,9323400,2026-09-30
2025-03-25,171.06675720214844,175.27000427246094,176.08999633789062,174.52999877929688,175.9600067138672,4313100,2026-09-30
2025-03-26,170.74465942382812,174.94000244140625,176.32000732421875,174.3800048828125,175.6199951171875,4641600,2026-09-30
2025-03-27,170.30545043945312,174.49000549316406,175.50999450683594,173.61000061035156,174.64999389648438,5538300,2026-09-30
2025-03-28,167.67996215820312,171.8000030517578,174.4499969482422,171.5500030517578,174.41000366210938,6786800,2026-09-30
2025-03-31,169.07566833496094,173.22999572753906,173.99000549316406,170.1699981689453,170.7899932861328,10869400,2026-09-30
2025-04-01,169.2513427734375,173.41000366210938,173.89999389648438,171.25999450683594,173.0,6370100,2026-09-30
2025-04-02,170.6665802001953,174.86000061035156,175.38999938964844,171.94000244140625,171.94000244140625,7288600,2026-09-30
2025-04-03,162.5363311767578,166.52999877929688,170.6300048828125,166.4600067138672,170.0,15808200,2026-09-30
2025-04-04,153.4105682373047,157.17999267578125,163.11000061035156,156.94000244140625,162.85000610351562,29019500,2026-09-30
2025-04-07,152.13197326660156,155.8699951171875,161.69000244140625,150.35000610351562,153.63999938964844,34004200,2026-09-30
2025-04-08,149.2624969482422,152.92999267578125,160.6999969482422,150.7899932861328,160.3300018310547,17732800,2026-09-30
2025-04-09,161.19920349121094,165.16000366210938,165.88999938964844,150.80999755859375,151.24000549316406,37769600,2026-09-30
2025-04-10,155.77255249023438,159.60000610351562,162.3000030517578,155.47999572753906,162.14999389648438,20112100,2026-09-30
2025-04-11,158.13450622558594,162.02000427246094,162.77000427246094,157.69000244140625,159.38999938964844,11819300,2026-09-30
2025-04-14,160.1548614501953,164.08999633789062,164.97000122070312,162.47000122070312,164.27000427246094,14031000,2026-09-30
2025-04-15,159.6375732421875,163.55999755859375,165.47000122070312,163.39999389648438,164.33999633789062,8519400,2026-09-30
2025-04-16,157.5879364013672,161.4600067138672,164.0800018310547,160.2100067138672,162.89999389648438,10385800,2026-09-30
2025-04-17,158.7591552734375,162.66000366210938,163.91000366210938,161.69000244140625,161.8300018310547,7874400,2026-09-30
2025-04-21,155.5675811767578,159.38999938964844,161.64999389648438,157.7100067138672,161.38999938964844,6286600,2026-09-30
2025-04-22,159.40333557128906,163.32000732421875,163.6999969482422,160.92999267578125,161.19000244140625,8645400,2026-09-30
2025-04-23,160.94541931152344,164.89999389648438,168.49000549316406,164.33999633789062,166.50999450683594,12717500,2026-09-30
2025-04-24,163.6685333251953,167.69000244140625,167.97000122070312,164.5800018310547,165.2100067138672,5767900,2026-09-30
2025-04-25,163.4342803955078,167.4499969482422,167.63999938964844,166.0399932861328,167.27000427246094,5190000,2026-09-30
2025-04-28,163.89300537109375,167.9199981689453,168.67999267578125,166.4199981689453,167.72000122070312,7232100,2026-09-30
2025-04-29,164.84951782226562,168.89999389648438,169.32000732421875,167.1199951171875,167.4499969482422,5877300,2026-09-30
2025-04-30,165.08377075195312,169.13999938964844,169.5500030517578,165.38999938964844,167.14999389648438,7497400,2026-09-30
2025-05-01,164.85926818847656,168.91000366210938,170.50999450683594,168.47999572753906,169.13999938964844,9380300,2026-09-30
2025-05-02,167.767822265625,171.88999938964844,172.2899932861328,170.58999633789062,171.02000427246094,6865200,2026-09-30
2025-05-05,167.21148681640625,171.32000732421875,172.22999572753906,170.58999633789062,170.92999267578125,5732400,2026-09-30
2025-05-06,165.97193908691406,170.0500030517578,171.3800048828125,169.47999572753906,169.9199981689453,5246400,2026-09-30
2025-05-07,167.06507873535156,171.1699981689453,171.72999572753906,169.9600067138672,170.60000610351562,6912400,2026-09-30
2025-05-08,168.4705352783203,172.61000061035156,174.27000427246094,171.7899932861328,172.24000549316406,5238800,2026-09-30
2025-05-09,168.43150329589844,172.57000732421875,173.3000030517578,172.11000061035156,173.02999877929688,3460100,2026-09-30
2025-05-12,173.04806518554688,177.3000030517578,177.50999450683594,176.0399932861328,177.25999450683594,8903700,2026-09-30
2025-05-13,173.4384765625,177.6999969482422,178.52000427246094,177.22000122070312,177.42999267578125,8960000,2026-09-30
2025-05-14,172.39413452148438,176.6300048828125,177.6300048828125,176.22000122070312,177.5500030517578,7785500,2026-09-30
2025-05-15,173.9655303955078,178.24000549316406,178.27999877929688,176.25999450683594,176.25999450683594,6989300,2026-09-30
2025-05-16,175.67355346679688,179.99000549316406,179.99000549316406,177.88999938964844,178.4199981689453,6304500,2026-09-30
2025-05-19,175.65403747558594,179.97000122070312,180.17999267578125,178.25999450683594,178.36000061035156,4145500,2026-09-30
2025-05-20,175.19529724121094,179.5,180.17999267578125,178.7899932861328,179.49000549316406,5888300,2026-09-30
2025-05-21,171.3790740966797,175.58999633789062,178.36000061035156,175.41000366210938,178.08999633789062,13219500,2026-09-30
2025-05-22,170.83248901367188,175.02999877929688,176.02999877929688,174.10000610351562,175.1300048828125,10673200,2026-09-30
2025-05-23,170.1492919921875,174.3300018310547,174.8800048828125,173.0,173.22000122070312,11014300,2026-09-30
2025-05-27,173.3213653564453,177.5800018310547,177.67999267578125,175.47999572753906,176.4600067138672,8780200,2026-09-30
2025-05-28,171.84756469726562,176.07000732421875,177.69000244140625,175.77000427246094,177.55999755859375,13696600,2026-09-30
2025-05-29,172.2672576904297,176.5,176.75999450683594,174.99000549316406,176.72999572753906,7823900,2026-09-30
2025-05-30,172.19891357421875,176.42999267578125,177.00999450683594,174.94000244140625,176.0,8433600,2026-09-30
2025-06-02,172.33558654785156,176.57000732421875,176.6199951171875,174.27000427246094,176.07000732421875,12499600,2026-09-30
2025-06-03,173.77032470703125,178.0399932861328,178.2100067138672,175.92999267578125,176.52000427246094,9725900,2026-09-30
2025-06-04,173.37991333007812,177.63999938964844,178.4499969482422,177.57000732421875,178.30999755859375,6957400,2026-09-30
2025-06-05,172.91140747070312,177.16000366210938,178.3000030517578,176.6699981689453,177.85000610351562,11662900,2026-09-30
2025-06-06,174.4047393798828,178.69000244140625,179.00999450683594,178.00999450683594,178.66000366210938,7257800,2026-09-30
2025-06-09,174.43402099609375,178.72000122070312,179.5800018310547,178.22999572753906,179.1300048828125,11541800,2026-09-30
2025-06-10,175.3026580810547,179.61000061035156,179.86000061035156,178.8699951171875,179.16000366210938,13056400,2026-09-30
2025-06-11,174.80491638183594,179.10000610351562,180.02999877929688,178.52000427246094,180.0,11864700,2026-09-30
2025-06-12,175.21482849121094,179.52000427246094,179.5500030517578,178.14999389648438,178.6199951171875,8786000,2026-09-30
2025-06-13,173.09686279296875,177.35000610351562,179.02999877929688,176.8699951171875,178.19000244140625,16262000,2026-09-30
2025-06-16,174.76585388183594,179.05999755859375,179.75999450683594,178.32000732421875,178.36000061035156,10888000,2026-09-30
2025-06-17,173.08712768554688,177.33999633789062,178.77000427246094,177.02999877929688,178.32000732421875,9216000,2026-09-30
2025-06-18,173.10662841796875,177.36000061035156,178.5800018310547,177.14999389648438,177.33999633789062,12988300,2026-09-30
2025-06-20,173.38966369628906,177.64999389648438,178.67999267578125,177.2100067138672,178.3800048828125,9401300,2026-09-30
2025-06-23,174.92042541503906,178.49000549316406,178.5800018310547,175.97999572753906,176.94000244140625,12724300,2026-09-30
2025-06-24,176.5766143798828,180.17999267578125,180.5,178.9199981689453,179.4199981689453,10283300,2026-09-30
2025-06-25,175.30262756347656,178.8800048828125,180.0399932861328,178.60000610351562,179.97000122070312,11833600,2026-09-30
2025-06-26,176.62562561035156,180.22999572753906,180.4199981689453,179.35000610351562,179.44000244140625,8981500,2026-09-30
2025-06-27,177.27243041992188,180.88999938964844,181.80999755859375,179.9499969482422,180.58999633789062,9276900,2026-09-30
2025-06-30,178.10545349121094,181.74000549316406,182.02999877929688,180.8300018310547,181.16000366210938,9990600,2026-09-30
2025-07-01,180.1928253173828,183.8699951171875,184.77000427246094,181.3000030517578,181.3000030517578,21421100,2026-09-30
2025-07-02,180.6044158935547,184.2899932861328,184.44000244140625,183.0500030517578,183.8000030517578,12842400,2026-09-30
2025-07-03,181.47662353515625,185.17999267578125,185.52000427246094,184.64999389648438,184.64999389648438,8503400,2026-09-30
2025-07-07,180.0262451171875,183.6999969482422,185.07000732421875,182.6999969482422,184.75,14145700,2026-09-30
2025-07-08,180.47703552246094,184.16000366210938,184.77999877929688,183.5500030517578,183.75999450683594,11259100,2026-09-30
2025-07-09,181.01605224609375,184.7100067138672,184.8800048828125,183.5500030517578,184.75,11300700,2026-09-30
2025-07-10,182.06463623046875,185.77999877929688,186.49000549316406,184.4600067138672,184.7100067138672,13045900,2026-09-30
2025-07-11,180.73184204101562,184.4199981689453,184.91000366210938,184.00999450683594,184.63999938964844,10362200,2026-09-30
2025-07-14,180.91802978515625,184.61000061035156,184.75999450683594,183.7100067138672,184.1300048828125,9821500,2026-09-30
2025-07-15,178.40924072265625,182.0500030517578,185.0500030517578,182.02000427246094,184.8800048828125,11203400,2026-09-30
2025-07-16,179.1050262451172,182.75999450683594,182.97999572753906,180.55999755859375,182.6699981689453,11395700,2026-09-30
2025-07-17,180.5652313232422,184.25,184.39999389648438,182.6199951171875,182.8300018310547,9663600,2026-09-30
2025-07-18,180.4966278076172,184.17999267578125,184.9600067138672,183.7100067138672,184.80999755859375,9431700,2026-09-30
2025-07-21,179.8792266845703,183.5500030517578,184.97999572753906,183.5500030517578,184.57000732421875,9822000,2026-09-30
2025-07-22,182.17245483398438,185.88999938964844,186.16000366210938,183.82000732421875,183.82000732421875,12111800,2026-09-30
2025-07-23,183.68162536621094,187.42999267578125,187.4600067138672,186.49000549316406,186.92999267578125,13828000,2026-09-30
2025-07-24,183.09365844726562,186.8300018310547,187.7899932861328,186.7899932861328,187.14999389648438,11816300,2026-09-30
2025-07-25,183.97564697265625,187.72999572753906,187.83999633789062,186.35000610351562,187.16000366210938,9579400,2026-09-30
2025-07-28,182.8878173828125,186.6199951171875,187.72000122070312,186.5,187.69000244140625,8148100,2026-09-30
2025-07-29,182.7996368408203,186.52999877929688,187.00999450683594,186.07000732421875,187.00999450683594,9571500,2026-09-30
2025-07-30,181.6138458251953,185.32000732421875,186.9199981689453,184.39999389648438,186.52000427246094,13965200,2026-09-30
2025-07-31,179.9576416015625,183.6300048828125,185.75,183.1999969482422,184.58999633789062,21530000,2026-09-30
2025-08-01,177.92904663085938,181.55999755859375,182.33999633789062,179.94000244140625,182.25999450683594,19418200,2026-09-30
2025-08-04,180.10462951660156,183.77999877929688,183.92999267578125,182.27000427246094,182.27000427246094,10694200,2026-09-30
2025-08-05,179.6048583984375,183.27000427246094,184.13999938964844,182.5800018310547,184.00999450683594,12675600,2026-09-30
2025-08-06,179.20303344726562,182.86000061035156,183.55999755859375,182.47999572753906,183.47999572753906,10196200,2026-09-30
2025-08-07,179.09524536132812,182.75,184.44000244140625,182.11000061035156,184.0399932861328,12164900,2026-09-30
2025-08-08,179.41864013671875,183.0800018310547,183.80999755859375,182.75,183.17999267578125,9185200,2026-09-30
2025-08-11,178.9286346435547,182.5800018310547,184.0399932861328,182.27000427246094,183.30999755859375,9324600,2026-09-30
2025-08-12,181.20223999023438,184.89999389648438,184.99000549316406,182.92999267578125,183.1999969482422,9790500,2026-09-30
2025-08-13,183.78941345214844,187.5399932861328,187.6300048828125,185.3000030517578,185.5399932861328,13402800,2026-09-30
2025-08-14,182.59384155273438,186.32000732421875,186.49000549316406,185.41000366210938,186.25,12180800,2026-09-30
2025-08-15,182.14303588867188,185.86000061035156,186.72000122070312,185.64999389648438,186.6999969482422,11734800,2026-09-30
2025-08-18,182.10385131835938,185.82000732421875,186.36000061035156,185.67999267578125,185.82000732421875,7559000,2026-09-30
2025-08-19,182.95643615722656,186.69000244140625,187.57000732421875,185.91000366210938,185.91000366210938,10692900,2026-09-30
2025-08-20,182.78985595703125,186.52000427246094,187.22999572753906,185.83999633789062,186.72000122070312,12877700,2026-09-30
2025-08-21,182.15281677246094,185.8699951171875,186.36000061035156,185.3699951171875,185.92999267578125,12848300,2026-09-30
2025-08-22,185.700439453125,189.49000549316406,189.99000549316406,186.7899932861328,186.82000732421875,14820900,2026-09-30
2025-08-25,184.27944946289062,188.0399932861328,189.22000122070312,188.0,188.99000549316406,12121000,2026-09-30
2025-08-26,184.40682983398438,188.1699981689453,188.3800048828125,187.58999633789062,187.82000732421875,10758100,2026-09-30
2025-08-27,185.0732421875,188.85000610351562,189.0800018310547,187.85000610351562,188.02000427246094,10330900,2026-09-30
2025-08-28,184.9850311279297,188.75999450683594,189.25999450683594,187.88999938964844,189.17999267578125,11258800,2026-09-30
2025-08-29,184.84783935546875,188.6199951171875,189.35000610351562,188.0500030517578,188.64999389648438,11791100,2026-09-30
2025-09-02,183.3876495361328,187.1300048828125,187.33999633789062,186.0500030517578,186.74000549316406,13874500,2026-09-30
2025-09-03,183.10342407226562,186.83999633789062,187.47000122070312,185.9499969482422,186.77000427246094,13431600,2026-09-30
2025-09-04,184.4558563232422,188.22000122070312,188.25999450683594,186.47000122070312,187.17999267578125,10706800,2026-09-30
2025-09-05,184.67144775390625,188.44000244140625,189.8000030517578,187.32000732421875,188.6699981689453,19713400,2026-09-30
2025-09-08,184.52444458007812,188.2899932861328,188.47999572753906,187.0399932861328,188.47999572753906,16212100,2026-09-30
2025-09-09,183.9560546875,187.7100067138672,188.25,187.3300018310547,187.97999572753906,18432700,2026-09-30
2025-09-10,183.7698516845703,187.52000427246094,188.49000549316406,186.94000244140625,187.6999969482422,17279300,2026-09-30
2025-09-11,186.52366638183594,190.3300018310547,190.5399932861328,187.72000122070312,187.72000122070312,19182500,2026-09-30
2025-09-12,185.18106079101562,188.9600067138672,190.32000732421875,188.80999755859375,190.08999633789062,14126100,2026-09-30
2025-09-15,184.85763549804688,188.6300048828125,189.72000122070312,188.4499969482422,189.32000732421875,14177200,2026-09-30
2025-09-16,184.36764526367188,188.1300048828125,188.99000549316406,187.6300048828125,188.63999938964844,13418400,2026-09-30
2025-09-17,184.54403686523438,188.30999755859375,190.52000427246094,187.17999267578125,188.3699951171875,21025400,2026-09-30
2025-09-18,185.74945068359375,189.5399932861328,190.05999755859375,188.52999877929688,188.8300018310547,16984500,2026-09-30
2025-09-19,185.42605590820312,189.2100067138672,190.0,188.57000732421875,190.0,11333500,2026-09-30
2025-09-22,185.51463317871094,188.47999572753906,188.8000030517578,187.4499969482422,187.82000732421875,9302300,2026-09-30
2025-09-23,185.74102783203125,188.7100067138672,189.8800048828125,188.3699951171875,188.60000610351562,9921600,2026-09-30
2025-09-24,185.3079376220703,188.27000427246094,189.24000549316406,188.08999633789062,188.7100067138672,10626000,2026-09-30
2025-09-25,183.7823028564453,186.72000122070312,187.63999938964844,186.02999877929688,187.61000061035156,12979600,2026-09-30
2025-09-26,185.6032257080078,188.57000732421875,188.72000122070312,187.11000061035156,187.22999572753906,11428800,2026-09-30
2025-09-29,186.22328186035156,189.1999969482422,189.5,188.39999389648438,189.39999389648438,11846900,2026-09-30
2025-09-30,186.71543884277344,189.6999969482422,189.8800048828125,188.35000610351562,188.86000061035156,13098600,2026-09-30
2025-10-01,187.138671875,190.1300048828125,190.4199981689453,189.27000427246094,189.27000427246094,10806400,2026-09-30
2025-10-02,187.5815887451172,190.5800018310547,190.9499969482422,189.6999969482422,190.1999969482422,12839600,2026-09-30
2025-10-03,188.2410430908203,191.25,192.3000030517578,190.88999938964844,190.91000366210938,15326900,2026-09-30
2025-10-06,188.18199157714844,191.19000244140625,192.10000610351562,190.88999938964844,192.10000610351562,10695400,2026-09-30
2025-10-07,187.35520935058594,190.35000610351562,191.91000366210938,189.97000122070312,191.6300048828125,13431800,2026-09-30
2025-10-08,187.9654541015625,190.97000122070312,191.27000427246094,189.83999633789062,190.58999633789062,11800200,2026-09-30
2025-10-09,186.41030883789062,189.38999938964844,191.30999755859375,189.0800018310547,191.11000061035156,12641800,2026-09-30
2025-10-10,182.20750427246094,185.1199951171875,190.00999450683594,185.08999633789062,189.58999633789062,40484500,2026-09-30
2025-10-13,183.9791717529297,186.9199981689453,187.5399932861328,186.10000610351562,186.42999267578125,16088800,2026-09-30
2025-10-14,185.50477600097656,188.47000122070312,189.3000030517578,185.4199981689453,185.5500030517578,17544300,2026-09-30
2025-10-15,185.87881469726562,188.85000610351562,190.5,187.42999267578125,189.39999389648438,11078500,2026-09-30
2025-10-16,184.11697387695312,187.05999755859375,189.4600067138672,186.42999267578125,189.22000122070312,20569900,2026-09-30
2025-10-17,185.05201721191406,188.00999450683594,188.3699951171875,186.83999633789062,187.0399932861328,21042200,2026-09-30
2025-10-20,186.90243530273438,189.88999938964844,190.16000366210938,189.0,189.02000427246094,9171600,2026-09-30
2025-10-21,187.75875854492188,190.75999450683594,191.3300018310547,189.6300048828125,189.86000061035156,9444800,2026-09-30
2025-10-22,186.8532257080078,189.83999633789062,191.1199951171875,189.16000366210938,190.83999633789062,15088600,2026-09-30
2025-10-23,187.73907470703125,190.74000549316406,191.08999633789062,189.5800018310547,190.1199951171875,9809400,2026-09-30
2025-10-24,188.2509002685547,191.25999450683594,192.22000122070312,191.17999267578125,192.11000061035156,13012000,2026-09-30
2025-10-27,189.08750915527344,192.11000061035156,192.3300018310547,191.52999877929688,192.22999572753906,10311100,2026-09-30
2025-10-28,187.46348571777344,190.4600067138672,191.75999450683594,190.35000610351562,191.75999450683594,12596700,2026-09-30
2025-10-29,185.36697387695312,188.3300018310547,190.1300048828125,187.7100067138672,189.85000610351562,25832400,2026-09-30
2025-10-30,184.5697479248047,187.52000427246094,189.49000549316406,187.4199981689453,187.50999450683594,16213800,2026-09-30
2025-10-31,184.97328186035156,187.92999267578125,188.47999572753906,186.86000061035156,187.11000061035156,14994200,2026-09-30
2025-11-03,184.52052307128906,187.47000122070312,187.97000122070312,185.47000122070312,187.97000122070312,16031300,2026-09-30
2025-11-04,183.30001831054688,186.22999572753906,186.9600067138672,185.74000549316406,186.1999969482422,15934300,2026-09-30
2025-11-05,184.3728790283203,187.32000732421875,187.97999572753906,186.02000427246094,186.17999267578125,15322600,2026-09-30
2025-11-06,183.0736541748047,186.0,187.94000244140625,185.6300048828125,187.13999938964844,19140600,2026-09-30
2025-11-07,184.60911560058594,187.55999755859375,187.63999938964844,185.35000610351562,185.6699981689453,24166700,2026-09-30
2025-11-10,185.672119140625,188.63999938964844,189.00999450683594,187.05999755859375,188.27999877929688,15983200,2026-09-30
2025-11-11,186.7449493408203,189.72999572753906,190.22000122070312,188.75,188.8699951171875,11465600,2026-09-30
2025-11-12,187.1878662109375,190.17999267578125,190.92999267578125,189.94000244140625,189.94000244140625,17683800,2026-09-30
2025-11-13,185.07171630859375,188.02999877929688,190.3300018310547,187.72000122070312,189.63999938964844,23906200,2026-09-30
2025-11-14,184.39256286621094,187.33999633789062,188.4600067138672,186.52999877929688,187.1199951171875,31184400,2026-09-30
2025-11-17,181.97128295898438,184.8800048828125,187.50999450683594,184.35000610351562,187.1199951171875,24821300,2026-09-30
2025-11-18,182.0795440673828,184.99000549316406,186.0500030517578,183.86000061035156,184.33999633789062,39684900,2026-09-30
2025-11-19,181.52835083007812,184.42999267578125,185.36000061035156,183.6699981689453,184.86000061035156,21903500,2026-09-30
2025-11-20,179.31373596191406,182.17999267578125,186.77999877929688,182.11000061035156,186.24000549316406,45169400,2026-09-30
2025-11-21,182.83743286132812,185.75999450683594,186.80999755859375,182.80999755859375,183.2100067138672,57508500,2026-09-30
2025-11-24,183.59530639648438,186.52999877929688,187.16000366210938,185.27999877929688,186.19000244140625,15833500,2026-09-30
2025-11-25,186.20359802246094,189.17999267578125,189.52999877929688,186.89999389648438,186.97999572753906,22726500,2026-09-30
2025-11-26,187.50283813476562,190.5,191.16000366210938,189.30999755859375,189.39999389648438,14643700,2026-09-30
2025-11-28,188.5166473388672,191.52999877929688,191.8300018310547,190.55999755859375,190.7100067138672,5185500,2026-09-30
2025-12-01,187.22723388671875,190.22000122070312,191.64999389648438,190.1199951171875,190.33999633789062,13035100,2026-09-30
2025-12-02,187.05007934570312,190.0399932861328,190.75,189.52999877929688,190.74000549316406,11714200,2026-09-30
2025-12-03,188.47727966308594,191.49000549316406,191.6199951171875,190.25,190.27000427246094,13576800,2026-09-30
2025-12-04,188.5363311767578,191.5500030517578,192.05999755859375,191.00999450683594,191.47999572753906,11086800,2026-09-30
2025-12-05,188.979248046875,192.0,192.80999755859375,191.58999633789062,191.82000732421875,12887200,2026-09-30
2025-12-08,187.8473358154297,190.85000610351562,192.27000427246094,190.6699981689453,192.24000549316406,8686100,2026-09-30
2025-12-09,187.49301147460938,190.49000549316406,191.69000244140625,190.4199981689453,190.7100067138672,7896700,2026-09-30
2025-12-10,190.13084411621094,193.1699981689453,193.60000610351562,190.61000061035156,190.75999450683594,17968600,2026-09-30
2025-12-11,191.66629028320312,194.72999572753906,194.8800048828125,193.0,193.02000427246094,17852700,2026-09-30
2025-12-12,190.36705017089844,193.41000366210938,195.47000122070312,193.05999755859375,195.3300018310547,26817100,2026-09-30
2025-12-15,190.60328674316406,193.64999389648438,194.57000732421875,192.91000366210938,194.50999450683594,26605900,2026-09-30
2025-12-16,189.26466369628906,192.2899932861328,193.9600067138672,191.58999633789062,193.77000427246094,16005500,2026-09-30
2025-12-17,188.7528839111328,191.77000427246094,193.61000061035156,191.5399932861328,192.4499969482422,13546100,2026-09-30
2025-12-18,189.1564178466797,192.17999267578125,193.75999450683594,191.80999755859375,192.9199981689453,18124000,2026-09-30
2025-12-19,189.84539794921875,192.8800048828125,193.52000427246094,192.07000732421875,192.24000549316406,13707900,2026-09-30
2025-12-22,191.2525634765625,193.5399932861328,193.72999572753906,192.4199981689453,192.61000061035156,8322300,2026-09-30
2025-12-23,190.80789184570312,193.08999633789062,193.66000366210938,192.72999572753906,193.33999633789062,6422600,2026-09-30
2025-12-24,191.49961853027344,193.7899932861328,194.11000061035156,193.0,193.1699981689453,4193200,2026-09-30
2025-12-26,191.5490264892578,193.83999633789062,193.92999267578125,193.1699981689453,193.8000030517578,9570500,2026-09-30
2025-12-29,191.23281860351562,193.52000427246094,194.05999755859375,193.1300048828125,193.61000061035156,7381000,2026-09-30
2025-12-30,190.9264678955078,193.2100067138672,193.75,193.16000366210938,193.5399932861328,5089000,2026-09-30
2025-12-31,189.29595947265625,191.55999755859375,193.16000366210938,191.52000427246094,193.16000366210938,12684500,2026-09-30
2026-01-02,190.5806121826172,192.86000061035156,193.2899932861328,191.0399932861328,192.2100067138672,13722500,2026-09-30
2026-01-05,192.3494415283203,194.64999389648438,195.24000549316406,192.83999633789062,193.00999450683594,17525900,2026-09-30
2026-01-06,194.6716766357422,197.0,197.25,194.41000366210938,194.42999267578125,18100800,2026-09-30
2026-01-07,192.48779296875,194.7899932861328,197.47999572753906,194.6699981689453,197.16000366210938,19819100,2026-09-30
2026-01-08,194.13807678222656,196.4600067138672,196.97000122070312,194.1699981689453,194.36000061035156,21391900,2026-09-30
2026-01-09,195.26458740234375,197.60000610351562,198.07000732421875,196.6300048828125,197.0,14223300,2026-09-30
2026-01-12,195.4424591064453,197.77999877929688,197.8800048828125,196.5800018310547,197.0800018310547,12469900,2026-09-30
2026-01-13,195.4424591064453,197.77999877929688,198.39999389648438,197.11000061035156,198.1300048828125,18149500,2026-09-30
2026-01-14,196.3318328857422,198.67999267578125,198.67999267578125,197.44000244140625,197.47999572753906,24857600,2026-09-30
2026-01-15,197.20143127441406,199.55999755859375,200.11000061035156,198.75,199.32000732421875,20666000,2026-09-30
2026-01-16,196.6974639892578,199.0500030517578,199.77999877929688,198.6999969482422,199.3000030517578,13913900,2026-09-30
2026-01-20,193.76255798339844,196.0800018310547,197.91000366210938,195.77999877929688,196.8699951171875,21111300,2026-09-30
2026-01-21,197.04330444335938,199.39999389648438,199.88999938964844,197.11000061035156,197.17999267578125,19619100,2026-09-30
2026-01-22,197.3002471923828,199.66000366210938,200.77999877929688,199.4600067138672,200.10000610351562,17094600,2026-09-30
2026-01-23,196.4207763671875,198.77000427246094,199.47000122070312,198.02999877929688,199.2899932861328,13501000,2026-09-30
2026-01-26,196.8852081298828,199.24000549316406,199.7899932861328,198.9499969482422,199.22000122070312,13080500,2026-09-30
2026-01-27,196.578857421875,198.92999267578125,199.4199981689453,198.5800018310547,199.1699981689453,10553600,2026-09-30
2026-01-28,195.9167938232422,198.25999450683594,199.47999572753906,197.91000366210938,198.9199981689453,20805900,2026-09-30
2026-01-29,196.17372131347656,198.52000427246094,199.89999389648438,197.13999938964844,199.17999267578125,23925700,2026-09-30
2026-01-30,195.73892211914062,198.0800018310547,198.72999572753906,196.25,198.00999450683594,25403000,2026-09-30
2026-02-02,196.7468719482422,199.10000610351562,199.3300018310547,197.14999389648438,197.69000244140625,14618600,2026-09-30
2026-02-03,196.22312927246094,198.57000732421875,200.0800018310547,196.97999572753906,198.72999572753906,28998500,2026-09-30
2026-02-04,197.93267822265625,200.3000030517578,200.9499969482422,199.1199951171875,199.22000122070312,31319200,2026-09-30
2026-02-05,196.21324157714844,198.55999755859375,200.0399932861328,198.1199951171875,199.63999938964844,36587400,2026-09-30
2026-02-06,199.8695068359375,202.25999450683594,202.49000549316406,199.89999389648438,200.07000732421875,26921600,2026-09-30
2026-02-09,199.9881134033203,202.3800048828125,202.82000732421875,200.99000549316406,201.61000061035156,14600900,2026-09-30
2026-02-10,200.6995849609375,203.10000610351562,203.86000061035156,202.47000122070312,202.5500030517578,16784300,2026-09-30
2026-02-11,201.0553436279297,203.4600067138672,204.1699981689453,202.52999877929688,203.88999938964844,18897200,2026-09-30
2026-02-12,198.4168701171875,200.7899932861328,205.24000549316406,200.38999938964844,204.27000427246094,38641100,2026-09-30
2026-02-13,200.4722900390625,202.8699951171875,203.82000732421875,200.42999267578125,201.1999969482422,29358500,2026-09-30
2026-02-17,200.12643432617188,202.52000427246094,203.97999572753906,200.85000610351562,203.0800018310547,29787300,2026-09-30
2026-02-18,201.16404724121094,203.57000732421875,204.22000122070312,202.25,202.8300018310547,20934100,2026-09-30
2026-02-19,200.73910522460938,203.13999938964844,203.61000061035156,201.92999267578125,203.08999633789062,15448200,2026-09-30
2026-02-20,201.67788696289062,204.08999633789062,204.77999877929688,202.33999633789062,202.5,27280200,2026-09-30
2026-02-23,199.46435546875,201.85000610351562,204.0800018310547,201.0500030517578,203.3800048828125,16437700,2026-09-30
2026-02-24,201.0553436279297,203.4600067138672,203.7100067138672,201.7899932861328,201.8800048828125,19725000,2026-09-30
2026-02-25,201.17391967773438,203.5800018310547,204.13999938964844,202.25,204.10000610351562,16772400,2026-09-30
2026-02-26,202.31031799316406,204.72999572753906,205.02999877929688,203.17999267578125,204.1199951171875,23866200,2026-09-30
2026-02-27,202.5474853515625,204.97000122070312,205.0800018310547,202.91000366210938,203.3699951171875,16234500,2026-09-30
2026-03-02,202.17196655273438,204.58999633789062,205.24000549316406,202.83999633789062,203.33999633789062,22037000,2026-09-30
2026-03-03,199.69163513183594,202.0800018310547,203.02999877929688,198.5500030517578,201.0500030517578,37315700,2026-09-30
2026-03-04,200.49208068847656,202.88999938964844,203.35000610351562,201.4199981689453,202.6999969482422,16696700,2026-09-30
2026-03-05,198.16983032226562,200.5399932861328,202.7100067138672,199.4600067138672,201.7899932861328,23144500,2026-09-30
2026-03-06,195.80807495117188,198.14999389648438,198.77000427246094,196.52000427246094,198.44000244140625,23634400,2026-09-30
2026-03-09,196.36146545410156,198.7100067138672,199.25,193.97000122070312,196.27999877929688,26828200,2026-09-30
2026-03-10,194.8890838623047,197.22000122070312,199.5800018310547,196.85000610351562,198.44000244140625,19304300,2026-09-30
2026-03-11,194.2467803955078,196.57000732421875,197.3800048828125,195.67999267578125,197.00999450683594,16887500,2026-09-30
2026-03-12,191.24269104003906,193.52999877929688,196.00999450683594,193.50999450683594,194.8699951171875,24793800,2026-09-30
2026-03-13,191.23281860351562,193.52000427246094,195.67999267578125,193.2899932861328,195.02000427246094,13023200,2026-09-30
2026-03-16,192.6558074951172,194.9600067138672,196.19000244140625,194.58999633789062,195.25,12128800,2026-09-30
2026-03-17,193.73291015625,196.0500030517578,197.25,195.91000366210938,196.30999755859375,10977500,2026-09-30
2026-03-18,191.1833953857422,193.47000122070312,195.63999938964844,193.38999938964844,195.14999389648438,12514600,2026-09-30
2026-03-19,191.03517150878906,193.32000732421875,194.47000122070312,191.89999389648438,192.25999450683594,17371100,2026-09-30
2026-03-20,188.22872924804688,190.47999572753906,193.4199981689453,189.5,193.02999877929688,15312100,2026-09-30
2026-03-23,190.2353973388672,191.69000244140625,194.0500030517578,191.44000244140625,192.5,15965500,2026-09-30
2026-03-24,190.46365356445312,191.9199981689453,192.97000122070312,190.0800018310547,190.52000427246094,15258500,2026-09-30
2026-03-25,191.38661193847656,192.85000610351562,194.14999389648438,191.33999633789062,193.4600067138672,14017300,2026-09-30
2026-03-26,189.63003540039062,191.0800018310547,193.5,190.83999633789062,191.7100067138672,17145700,2026-09-30
2026-03-27,187.0299072265625,188.4600067138672,190.69000244140625,188.02999877929688,190.42999267578125,13998800,2026-09-30
2026-03-30,186.64288330078125,188.07000732421875,190.36000061035156,187.36000061035156,190.16000366210938,10947400,2026-09-30
2026-03-31,190.46365356445312,191.9199981689453,192.63999938964844,188.72999572753906,190.02000427246094,19696500,2026-09-30
2026-04-01,191.07894897460938,192.5399932861328,193.47000122070312,192.17999267578125,192.5399932861328,17589200,2026-09-30
2026-04-02,191.62477111816406,193.08999633789062,194.3000030517578,190.2100067138672,190.5500030517578,10796600,2026-09-30
2026-04-06,192.44847106933594,193.9199981689453,194.02000427246094,192.5500030517578,192.9499969482422,4600400,2026-09-30
2026-04-07,192.02174377441406,193.49000549316406,194.02000427246094,192.39999389648438,193.33999633789062,8382700,2026-09-30
2026-04-08,196.4578399658203,197.9600067138672,198.3000030517578,196.9199981689453,197.3000030517578,11173900,2026-09-30
2026-04-09,196.576904296875,198.0800018310547,198.72999572753906,196.8000030517578,197.24000549316406,7321100,2026-09-30
2026-04-10,195.1577606201172,196.64999389648438,198.42999267578125,196.3300018310547,198.25,6701900,2026-09-30
2026-04-13,197.3212127685547,198.8300018310547,198.92999267578125,195.9499969482422,196.22999572753906,5789300,2026-09-30
2026-04-14,198.14491271972656,199.66000366210938,200.02999877929688,198.52999877929688,199.08999633789062,10283900,2026-09-30
2026-04-15,198.21438598632812,199.72999572753906,200.1999969482422,198.92999267578125,199.72999572753906,8666800,2026-09-30
2026-04-16,199.11749267578125,200.63999938964844,201.0800018310547,199.91000366210938,200.10000610351562,9802500,2026-09-30
2026-04-17,201.6183624267578,203.16000366210938,204.0800018310547,201.6300048828125,201.69000244140625,10807200,2026-09-30
2026-04-20,202.25350952148438,203.8000030517578,203.92999267578125,202.6699981689453,202.69000244140625,6061800,2026-09-30
2026-04-21,201.0129852294922,202.5500030517578,205.17999267578125,202.2100067138672,204.27000427246094,8702400,2026-09-30
2026-04-22,200.92367553710938,202.4600067138672,204.19000244140625,201.94000244140625,203.77999877929688,7198100,2026-09-30
2026-04-23,200.91375732421875,202.4499969482422,202.94000244140625,200.3800048828125,202.44000244140625,10703900,2026-09-30
2026-04-24,200.49693298339844,202.02999877929688,202.94000244140625,201.64999389648438,202.5800018310547,8816800,2026-09-30
2026-04-27,200.25875854492188,201.7899932861328,202.94000244140625,201.67999267578125,201.97000122070312,6866800,2026-09-30
2026-04-28,199.23655700683594,200.75999450683594,202.27999877929688,200.16000366210938,201.7899932861328,6560200,2026-09-30
2026-04-29,198.88922119140625,200.41000366210938,201.27000427246094,199.6999969482422,200.7899932861328,8269200,2026-09-30
2026-04-30,201.896240234375,203.44000244140625,203.5500030517578,200.1999969482422,200.5399932861328,9591200,2026-09-30
2026-05-01,201.28094482421875,202.82000732421875,204.30999755859375,202.7899932861328,204.00999450683594,13811300,2026-09-30
2026-05-04,200.10989379882812,201.63999938964844,203.5800018310547,201.22999572753906,202.3699951171875,9495200,2026-09-30
2026-05-05,201.69776916503906,203.24000549316406,203.77999877929688,201.6199951171875,202.27999877929688,6566000,2026-09-30
2026-05-06,203.29554748535156,204.85000610351562,205.50999450683594,204.05999755859375,204.5800018310547,10908200,2026-09-30
2026-05-07,201.99546813964844,203.5399932861328,205.52999877929688,202.9499969482422,204.9600067138672,10151400,2026-09-30
2026-05-08,202.55123901367188,204.10000610351562,204.5800018310547,203.19000244140625,204.4499969482422,8492500,2026-09-30
2026-05-11,202.44207763671875,203.99000549316406,204.82000732421875,203.63999938964844,204.4600067138672,7428700,2026-09-30
2026-05-12,202.263427734375,203.80999755859375,204.08999633789062,202.1699981689453,203.72999572753906,9576200,2026-09-30
2026-05-13,201.3801727294922,202.9199981689453,203.67999267578125,202.33999633789062,203.67999267578125,7388900,2026-09-30
2026-05-14,202.1145782470703,203.66000366210938,204.50999450683594,203.0399932861328,203.4600067138672,9841600,2026-09-30
2026-05-15,200.03050231933594,201.55999755859375,202.9199981689453,201.4499969482422,202.60000610351562,8957400,2026-09-30
2026-05-18,201.26109313964844,202.8000030517578,203.27999877929688,201.4600067138672,201.8800048828125,13792400,2026-09-30
2026-05-19,200.0900421142578,201.6199951171875,202.63999938964844,200.91000366210938,201.97999572753906,10548600,2026-09-30
2026-05-20,202.2832794189453,203.8300018310547,203.99000549316406,200.6999969482422,201.97999572753906,18985500,2026-09-30
2026-05-21,203.15660095214844,204.7100067138672,204.89999389648438,201.80999755859375,202.94000244140625,11504200,2026-09-30
2026-05-22,205.0124053955078,206.5800018310547,206.97000122070312,205.52000427246094,205.72999572753906,11148200,2026-09-30
2026-05-26,206.06436157226562,207.63999938964844,208.17999267578125,206.92999267578125,207.8300018310547,10318200,2026-09-30
2026-05-27,205.91551208496094,207.49000549316406,208.72999572753906,207.33999633789062,208.0500030517578,9745500,2026-09-30
2026-05-28,206.66973876953125,208.25,208.88999938964844,206.63999938964844,207.3800048828125,6643900,2026-09-30
2026-05-29,207.24534606933594,208.8300018310547,209.32000732421875,208.2100067138672,208.75,8578100,2026-09-30
2026-06-01,207.62245178222656,209.2100067138672,209.77000427246094,207.7899932861328,208.0500030517578,8484900,2026-09-30
2026-06-02,208.44615173339844,210.0399932861328,210.1199951171875,208.77999877929688,209.11000061035156,8103000,2026-09-30
2026-06-03,207.6621551513672,209.25,209.80999755859375,208.83999633789062,209.42999267578125,9765200,2026-09-30
2026-06-04,209.23016357421875,210.8300018310547,210.9499969482422,209.74000549316406,210.02000427246094,10142800,2026-09-30
2026-06-05,206.2529296875,207.8300018310547,210.36000061035156,207.2899932861328,209.8699951171875,10969800,2026-09-30
2026-06-08,206.0345916748047,207.61000061035156,209.0800018310547,207.4499969482422,208.63999938964844,7771400,2026-09-30
2026-06-09,207.60260009765625,209.19000244140625,210.36000061035156,205.74000549316406,208.63999938964844,17170300,2026-09-30
2026-06-10,204.96278381347656,206.52999877929688,209.92999267578125,206.4499969482422,208.52999877929688,11015800,2026-09-30
2026-06-11,208.15835571289062,209.75,210.4600067138672,206.8699951171875,207.33999633789062,16751800,2026-09-30
2026-06-12,210.04393005371094,211.64999389648438,212.1199951171875,209.64999389648438,210.6999969482422,11412500,2026-09-30
2026-06-15,211.26461791992188,212.8800048828125,214.2899932861328,212.6199951171875,213.60000610351562,7980500,2026-09-30
2026-06-16,210.5599822998047,212.1699981689453,214.3000030517578,212.0800018310547,213.49000549316406,6167000,2026-09-30
2026-06-17,207.40411376953125,208.99000549316406,213.0,208.58999633789062,212.11000061035156,11355500,2026-09-30
2026-06-18,208.36676025390625,209.9600067138672,211.2899932861328,209.77000427246094,211.22000122070312,10811900,2026-09-30
2026-06-22,208.8250274658203,209.61000061035156,210.33999633789062,209.10000610351562,209.52999877929688,7256400,2026-09-30
2026-06-23,208.10772705078125,208.88999938964844,209.67999267578125,207.63999938964844,208.33999633789062,10942600,2026-09-30
2026-06-24,209.59214782714844,210.3800048828125,211.5500030517578,209.25,209.3800048828125,8243700,2026-09-30
2026-06-25,210.95701599121094,211.75,213.7899932861328,211.3699951171875,211.88999938964844,13830900,2026-09-30
2026-06-26,209.5224151611328,210.30999755859375,213.08999633789062,210.30999755859375,211.35000610351562,16750500,2026-09-30
2026-06-29,212.2521514892578,213.0500030517578,213.3699951171875,212.08999633789062,213.02000427246094,11408000,2026-09-30
2026-06-30,211.97320556640625,212.77000427246094,213.36000061035156,212.0,212.7899932861328,9001600,2026-09-30
2026-07-01,212.61080932617188,213.41000366210938,214.9499969482422,212.5800018310547,212.5800018310547,12587500,2026-09-30
2026-07-02,214.10519409179688,214.91000366210938,215.61000061035156,213.2899932861328,214.49000549316406,10679600,2026-09-30
2026-07-06,214.19483947753906,215.0,215.47000122070312,214.1300048828125,215.0399932861328,6442400,2026-09-30
2026-07-07,213.9258575439453,214.72999572753906,216.3699951171875,214.50999450683594,215.80999755859375,8044100,2026-09-30
2026-07-08,211.40533447265625,212.1999969482422,213.6999969482422,211.44000244140625,213.5399932861328,13646800,2026-09-30
2026-07-09,212.70046997070312,213.5,214.19000244140625,212.47999572753906,212.83999633789062,7278100,2026-09-30
2026-07-10,213.49746704101562,214.3000030517578,214.60000610351562,213.05999755859375,214.14999389648438,5540400,2026-09-30
2026-07-13,213.42771911621094,214.22999572753906,215.5,213.8000030517578,214.47999572753906,6899100,2026-09-30
2026-07-14,212.65065002441406,213.4499969482422,214.89999389648438,213.22000122070312,214.13999938964844,9049600,2026-09-30
2026-07-15,212.17245483398438,212.97000122070312,214.16000366210938,212.5500030517578,213.75,8412500,2026-09-30
2026-07-16,214.25462341308594,215.05999755859375,215.10000610351562,213.07000732421875,213.0800018310547,7125000,2026-09-30
2026-07-17,212.57095336914062,213.3699951171875,215.9499969482422,213.0500030517578,214.36000061035156,12176200,2026-09-30
2026-07-20,211.62451171875,212.4199981689453,214.0,212.11000061035156,213.8699951171875,6433000,2026-09-30
2026-07-21,211.96322631835938,212.75999450683594,213.14999389648438,211.7899932861328,212.57000732421875,6363400,2026-09-30
2026-07-22,211.90345764160156,212.6999969482422,213.94000244140625,212.3699951171875,213.02999877929688,4234900,2026-09-30
2026-07-23,211.12637329101562,211.9199981689453,212.94000244140625,211.27000427246094,212.10000610351562,7189700,2026-09-30
2026-07-24,212.77020263671875,213.57000732421875,214.47000122070312,212.22999572753906,212.3699951171875,7269100,2026-09-30
2026-07-27,214.37416076660156,215.17999267578125,215.83999633789062,214.4600067138672,214.8000030517578,6002000,2026-09-30
2026-07-28,216.87477111816406,217.69000244140625,218.0500030517578,215.99000549316406,216.1699981689453,12864200,2026-09-30
2026-07-29,214.92210388183594,215.72999572753906,218.11000061035156,215.5500030517578,217.1999969482422,12991700,2026-09-30
2026-07-30,214.57342529296875,215.3800048828125,215.9499969482422,213.05999755859375,215.8300018310547,13366300,2026-09-30
2026-07-31,214.20480346679688,215.00999450683594,215.6300048828125,213.5500030517578,215.4199981689453,9729500,2026-09-30
2026-08-03,216.2969512939453,217.11000061035156,217.27000427246094,215.8699951171875,215.8699951171875,8530300,2026-09-30
2026-08-04,219.40525817871094,220.22999572753906,220.4499969482422,216.9199981689453,217.57000732421875,9185200,2026-09-30
2026-08-05,218.90713500976562,219.72999572753906,221.08999633789062,219.24000549316406,220.82000732421875,8105900,2026-09-30
2026-08-06,217.76144409179688,218.5800018310547,220.16000366210938,218.1999969482422,220.16000366210938,5486000,2026-09-30
2026-08-07,219.26577758789062,220.08999633789062,220.3699951171875,218.41000366210938,219.02999877929688,6233700,2026-09-30
2026-08-10,219.39529418945312,220.22000122070312,220.4199981689453,219.41000366210938,220.27999877929688,6332900,2026-09-30
2026-08-11,219.86354064941406,220.69000244140625,221.22999572753906,219.91000366210938,219.97000122070312,7213700,2026-09-30
2026-08-12,220.2520751953125,221.0800018310547,221.3699951171875,219.8699951171875,220.9499969482422,4791400,2026-09-30
2026-08-13,221.89588928222656,222.72999572753906,222.91000366210938,221.49000549316406,221.77000427246094,6406600,2026-09-30
2026-08-14,221.9357452392578,222.77000427246094,222.9600067138672,222.3300018310547,222.92999267578125,3810100,2026-09-30
2026-08-17,219.96315002441406,220.7899932861328,222.2100067138672,220.72999572753906,222.07000732421875,5091500,2026-09-30
2026-08-18,218.96690368652344,219.7899932861328,221.42999267578125,219.7100067138672,220.86000061035156,5623700,2026-09-30
2026-08-19,221.23837280273438,222.07000732421875,223.44000244140625,221.4499969482422,221.61000061035156,7591600,2026-09-30
2026-08-20,219.455078125,220.27999877929688,222.10000610351562,220.19000244140625,220.74000549316406,5567000,2026-09-30
2026-08-21,220.83985900878906,221.6699981689453,222.13999938964844,221.02000427246094,221.3000030517578,5220500,2026-09-30
2026-08-24,221.09889221191406,221.92999267578125,222.32000732421875,221.25999450683594,221.75,4822900,2026-09-30
2026-08-25,220.9394989013672,221.77000427246094,222.27999877929688,221.24000549316406,222.24000549316406,5598400,2026-09-30
2026-08-26,221.27821350097656,222.11000061035156,222.72000122070312,221.24000549316406,221.30999755859375,4612400,2026-09-30
2026-08-27,220.6206817626953,221.4499969482422,222.11000061035156,221.24000549316406,221.55999755859375,5197400,2026-09-30
2026-08-28,219.86354064941406,220.69000244140625,222.13999938964844,220.30999755859375,221.83999633789062,5412500,2026-09-30
2026-08-31,218.5684051513672,219.38999938964844,220.0,219.14999389648438,219.77000427246094,6092400,2026-09-30
2026-09-01,216.775146484375,217.58999633789062,219.44000244140625,217.1999969482422,218.8699951171875,6899700,2026-09-30
2026-09-02,217.7813720703125,218.60000610351562,219.1300048828125,217.63999938964844,217.72999572753906,5988800,2026-09-30
2026-09-03,219.22593688964844,220.0500030517578,220.27999877929688,218.4199981689453,219.57000732421875,5445800,2026-09-30
2026-09-04,218.17987060546875,219.0,219.77000427246094,218.50999450683594,218.80999755859375,4442200,2026-09-30
2026-09-08,215.91836547851562,216.72999572753906,218.39999389648438,216.6300048828125,218.1199951171875,6504200,2026-09-30
2026-09-09,213.83619689941406,214.63999938964844,216.4199981689453,214.61000061035156,216.13999938964844,7038800,2026-09-30
2026-09-10,212.3717041015625,213.1699981689453,214.44000244140625,213.02999877929688,213.80999755859375,8029900,2026-09-30
2026-09-11,214.06532287597656,214.8699951171875,215.3300018310547,214.33999633789062,214.99000549316406,5318400,2026-09-30
2026-09-14,214.20480346679688,215.00999450683594,215.77999877929688,214.30999755859375,214.64999389648438,6726300,2026-09-30
2026-09-15,213.15875244140625,213.9600067138672,214.85000610351562,213.6300048828125,214.6999969482422,7113200,2026-09-30
2026-09-16,211.4850311279297,212.27999877929688,214.50999450683594,210.9600067138672,214.19000244140625,8046200,2026-09-30
2026-09-17,212.51116943359375,213.30999755859375,214.27999877929688,212.9499969482422,214.1199951171875,5232800,2026-09-30
2026-09-18,211.4949951171875,212.2899932861328,212.97999572753906,211.66000366210938,212.83999633789062,6023500,2026-09-30
2026-09-21,212.67999267578125,212.67999267578125,213.1999969482422,211.61000061035156,212.60000610351562,5653300,2026-09-30
2026-09-22,212.8000030517578,212.8000030517578,213.8699951171875,212.30999755859375,213.55999755859375,6542300,2026-09-30
2026-09-23,211.30999755859375,211.30999755859375,212.5399932861328,211.22999572753906,212.27000427246094,5964300,2026-09-30
2026-09-24,210.25999450683594,210.25999450683594,211.47000122070312,209.80999755859375,211.07000732421875,7709200,2026-09-30
2026-09-25,211.11000061035156,211.11000061035156,211.52000427246094,209.88999938964844,210.66000366210938,5651200,2026-09-30
2026-09-28,209.74000549316406,209.74000549316406,210.77000427246094,209.02999877929688,210.11000061035156,8139600,2026-09-30
2026-09-29,209.5,209.5,210.11000061035156,208.47000122070312,209.64999389648438,6403700,2026-09-30
2026-09-30,208.02000427246094,208.02000427246094,210.02000427246094,207.97000122070312,209.89999389648438,7360700,2026-09-30
