Date,Adj Close,Close,High,Low,Open,Volume,DataCollectedAt
2001-01-01,1456.8228759765625,2066.666748046875,2066.666748046875,2066.666748046875,2066.666748046875,0,2026-10-08
2001-01-02,1456.8228759765625,2066.666748046875,2066.666748046875,2066.666748046875,2066.666748046875,0,2026-10-08
2001-01-03,1456.8228759765625,2066.666748046875,2066.666748046875,2066.666748046875,2066.666748046875,0,2026-10-08
2001-01-04,1517.9154052734375,2153.333251953125,2196.666748046875,2100.0,2166.666748046875,153900,2026-10-08
2001-01-05,1586.0570068359375,2250.0,2280.0,2150.0,2163.333251953125,235800,2026-10-08
2001-01-08,1586.0570068359375,2250.0,2250.0,2250.0,2250.0,0,2026-10-08
2001-01-09,1412.1785888671875,2003.3333740234375,2166.666748046875,1926.6666259765625,2083.333251953125,585600,2026-10-08
2001-01-10,1381.6318359375,1960.0,2040.0,1940.0,2033.3333740234375,258300,2026-10-08
2001-01-11,1426.27685546875,2023.3333740234375,2056.666748046875,1963.3333740234375,2056.666748046875,364500,2026-10-08
2001-01-12,1661.2481689453125,2356.666748046875,2356.666748046875,2123.333251953125,2156.666748046875,839400,2026-10-08
2001-01-15,1830.427978515625,2596.666748046875,2600.0,2400.0,2403.333251953125,375600,2026-10-08
2001-01-16,1797.531494140625,2550.0,2593.333251953125,2400.0,2563.333251953125,425400,2026-10-08
2001-01-17,1809.280517578125,2566.666748046875,2566.666748046875,2416.666748046875,2516.666748046875,427500,2026-10-08
2001-01-18,1938.5142822265625,2750.0,2793.333251953125,2690.0,2733.333251953125,540000,2026-10-08
2001-01-19,1940.8643798828125,2753.333251953125,2833.333251953125,2700.0,2816.666748046875,499800,2026-10-08
2001-01-22,1903.2684326171875,2700.0,2700.0,2600.0,2686.666748046875,225300,2026-10-08
2001-01-23,1853.9248046875,2630.0,2656.666748046875,2600.0,2600.0,120300,2026-10-08
2001-01-24,1856.2745361328125,2633.333251953125,2700.0,2616.666748046875,2630.0,155700,2026-10-08
2001-01-25,1872.7222900390625,2656.666748046875,2680.0,2633.333251953125,2636.666748046875,123900,2026-10-08
2001-01-26,1853.9248046875,2630.0,2650.0,2566.666748046875,2650.0,192300,2026-10-08
2001-01-29,1778.7337646484375,2523.333251953125,2533.333251953125,2470.0,2470.0,203100,2026-10-08
2001-01-30,1832.7774658203125,2600.0,2603.333251953125,2536.666748046875,2540.0,103200,2026-10-08
2001-01-31,1891.5205078125,2683.333251953125,2700.0,2633.333251953125,2666.666748046875,280800,2026-10-08
2001-02-01,1915.0181884765625,2716.666748046875,2723.333251953125,2656.666748046875,2716.666748046875,219000,2026-10-08
2001-02-02,1940.8643798828125,2753.333251953125,2760.0,2730.0,2750.0,175200,2026-10-08
2001-02-05,1785.7823486328125,2533.333251953125,2620.0,2496.666748046875,2586.666748046875,268500,2026-10-08
2001-02-06,1750.537109375,2483.333251953125,2600.0,2400.0,2533.333251953125,368400,2026-10-08
2001-02-07,1738.7889404296875,2466.666748046875,2496.666748046875,2433.333251953125,2433.333251953125,139800,2026-10-08
2001-02-08,1696.4937744140625,2406.666748046875,2450.0,2400.0,2433.333251953125,186000,2026-10-08
2001-02-09,1835.127685546875,2603.333251953125,2610.0,2400.0,2433.333251953125,201300,2026-10-08
2001-02-12,1835.127685546875,2603.333251953125,2603.333251953125,2603.333251953125,2603.333251953125,0,2026-10-08
2001-02-13,1806.9302978515625,2563.333251953125,2670.0,2563.333251953125,2670.0,111900,2026-10-08
2001-02-14,1785.7823486328125,2533.333251953125,2603.333251953125,2466.666748046875,2500.0,85200,2026-10-08
2001-02-15,1879.7718505859375,2666.666748046875,2666.666748046875,2600.0,2616.666748046875,148500,2026-10-08
2001-02-16,1950.263671875,2766.666748046875,2766.666748046875,2656.666748046875,2720.0,363000,2026-10-08
2001-02-19,1896.2196044921875,2690.0,2690.0,2580.0,2600.0,98700,2026-10-08
2001-02-20,1933.814697265625,2743.333251953125,2750.0,2696.666748046875,2723.333251953125,107400,2026-10-08
2001-02-21,1922.0667724609375,2726.666748046875,2726.666748046875,2633.333251953125,2700.0,82200,2026-10-08
2001-02-22,1907.967529296875,2706.666748046875,2716.666748046875,2633.333251953125,2700.0,149400,2026-10-08
2001-02-23,1947.9130859375,2763.333251953125,2783.333251953125,2700.0,2703.333251953125,117000,2026-10-08
2001-02-26,1915.0181884765625,2716.666748046875,2826.666748046875,2713.333251953125,2820.0,64500,2026-10-08
2001-02-27,1884.470703125,2673.333251953125,2766.666748046875,2670.0,2736.666748046875,160800,2026-10-08
2001-02-28,1926.765380859375,2733.333251953125,2780.0,2590.0,2700.0,371700,2026-10-08
2001-03-01,1872.7222900390625,2656.666748046875,2720.0,2606.666748046875,2700.0,142200,2026-10-08
2001-03-02,1809.280517578125,2566.666748046875,2630.0,2566.666748046875,2590.0,143700,2026-10-08
2001-03-05,1818.679443359375,2580.0,2616.666748046875,2500.0,2500.0,108000,2026-10-08
2001-03-06,1903.2684326171875,2700.0,2700.0,2633.333251953125,2633.333251953125,109200,2026-10-08
2001-03-07,1973.7613525390625,2800.0,2810.0,2763.333251953125,2800.0,263700,2026-10-08
2001-03-08,1952.61279296875,2770.0,2786.666748046875,2726.666748046875,2786.666748046875,92700,2026-10-08
2001-03-09,1959.6614990234375,2780.0,2796.666748046875,2763.333251953125,2793.333251953125,237900,2026-10-08
2001-03-12,1884.470703125,2673.333251953125,2763.333251953125,2666.666748046875,2763.333251953125,122400,2026-10-08
2001-03-13,1785.7823486328125,2533.333251953125,2596.666748046875,2503.333251953125,2530.0,169500,2026-10-08
2001-03-14,1785.7823486328125,2533.333251953125,2533.333251953125,2533.333251953125,2533.333251953125,0,2026-10-08
2001-03-15,1926.765380859375,2733.333251953125,2750.0,2510.0,2533.333251953125,138900,2026-10-08
2001-03-16,1851.5750732421875,2626.666748046875,2733.333251953125,2626.666748046875,2700.0,105600,2026-10-08
2001-03-19,1844.5257568359375,2616.666748046875,2666.666748046875,2566.666748046875,2566.666748046875,97800,2026-10-08
2001-03-20,1844.5257568359375,2616.666748046875,2616.666748046875,2616.666748046875,2616.666748046875,0,2026-10-08
2001-03-21,1929.1158447265625,2736.666748046875,2780.0,2583.333251953125,2583.333251953125,257400,2026-10-08
2001-03-22,1973.7613525390625,2800.0,2816.666748046875,2706.666748046875,2733.333251953125,166500,2026-10-08
2001-03-23,2056.00048828125,2916.666748046875,2973.333251953125,2890.0,2933.333251953125,364800,2026-10-08
2001-03-26,2293.3212890625,3253.333251953125,3253.333251953125,3026.666748046875,3086.666748046875,463200,2026-10-08
2001-03-27,2155.509765625,3050.0,3233.333251953125,3003.333251953125,3230.0,179700,2026-10-08
2001-03-28,2292.143798828125,3243.333251953125,3253.333251953125,3150.0,3250.0,250800,2026-10-08
2001-03-29,2190.84619140625,3100.0,3166.666748046875,3093.333251953125,3166.666748046875,194700,2026-10-08
2001-03-30,2143.73046875,3033.333251953125,3233.333251953125,3033.333251953125,3233.333251953125,142200,2026-10-08
2001-04-02,2051.857177734375,2903.333251953125,3113.333251953125,2893.333251953125,3030.0,247200,2026-10-08
2001-04-03,2103.683837890625,2976.666748046875,3000.0,2843.333251953125,2936.666748046875,217200,2026-10-08
2001-04-04,2179.068115234375,3083.333251953125,3116.666748046875,2866.666748046875,2876.666748046875,217800,2026-10-08
2001-04-05,2120.174072265625,3000.0,3083.333251953125,2966.666748046875,3083.333251953125,218400,2026-10-08
2001-04-06,2172.000244140625,3073.333251953125,3166.666748046875,3033.333251953125,3163.333251953125,339300,2026-10-08
2001-04-09,2096.6162109375,2966.666748046875,3033.333251953125,2966.666748046875,2973.333251953125,145800,2026-10-08
2001-04-10,2025.9443359375,2866.666748046875,2953.333251953125,2846.666748046875,2900.0,203700,2026-10-08
2001-04-11,2120.174072265625,3000.0,3026.666748046875,2900.0,2910.0,173400,2026-10-08
2001-04-12,2172.000244140625,3073.333251953125,3163.333251953125,3066.666748046875,3093.333251953125,337800,2026-10-08
2001-04-13,2247.384033203125,3180.0,3200.0,3133.333251953125,3140.0,349200,2026-10-08
2001-04-16,2174.355712890625,3076.666748046875,3200.0,3073.333251953125,3200.0,105300,2026-10-08
2001-04-17,2174.355712890625,3076.666748046875,3100.0,3043.333251953125,3043.333251953125,103200,2026-10-08
2001-04-18,2289.788330078125,3240.0,3240.0,3143.333251953125,3176.666748046875,279900,2026-10-08
2001-04-19,2468.824462890625,3493.333251953125,3506.666748046875,3336.666748046875,3406.666748046875,694500,2026-10-08
2001-04-20,2367.52685546875,3350.0,3523.333251953125,3300.0,3523.333251953125,231900,2026-10-08
2001-04-23,2379.3056640625,3366.666748046875,3433.333251953125,3283.333251953125,3283.333251953125,116400,2026-10-08
2001-04-24,2424.06591796875,3430.0,3430.0,3233.333251953125,3283.333251953125,294600,2026-10-08
2001-04-25,2433.48876953125,3443.333251953125,3443.333251953125,3363.333251953125,3363.333251953125,177000,2026-10-08
2001-04-26,2433.48876953125,3443.333251953125,3443.333251953125,3363.333251953125,3363.333251953125,177000,2026-10-08
2001-04-27,2454.690185546875,3473.333251953125,3476.666748046875,3360.0,3466.666748046875,219900,2026-10-08
2001-04-30,2454.690185546875,3473.333251953125,3473.333251953125,3473.333251953125,3473.333251953125,0,2026-10-08
2001-05-01,2508.87255859375,3550.0,3550.0,3483.333251953125,3530.0,141000,2026-10-08
2001-05-02,2520.651611328125,3566.666748046875,3590.0,3526.666748046875,3566.666748046875,195000,2026-10-08
2001-05-03,2520.651611328125,3566.666748046875,3566.666748046875,3566.666748046875,3566.666748046875,0,2026-10-08
2001-05-04,2520.651611328125,3566.666748046875,3566.666748046875,3566.666748046875,3566.666748046875,0,2026-10-08
2001-05-07,2570.12158203125,3636.666748046875,3636.666748046875,3500.0,3500.0,1500,2026-10-08
2001-05-08,2527.71826171875,3576.666748046875,3613.333251953125,3556.666748046875,3563.333251953125,2100,2026-10-08
2001-05-09,2414.642333984375,3416.666748046875,3610.0,3330.0,3600.0,3600,2026-10-08
2001-05-10,2235.60595703125,3163.333251953125,3250.0,3043.333251953125,3216.666748046875,8100,2026-10-08
2001-05-11,2285.07568359375,3233.333251953125,3260.0,3116.666748046875,3130.0,3000,2026-10-08
2001-05-14,2285.07568359375,3233.333251953125,3256.666748046875,3216.666748046875,3233.333251953125,2100,2026-10-08
2001-05-15,2261.518798828125,3200.0,3233.333251953125,3153.333251953125,3223.333251953125,209700,2026-10-08
2001-05-16,2169.644775390625,3070.0,3133.333251953125,3050.0,3133.333251953125,145500,2026-10-08
2001-05-17,2207.336181640625,3123.333251953125,3183.333251953125,3046.666748046875,3136.666748046875,248700,2026-10-08
2001-05-18,2167.28857421875,3066.666748046875,3160.0,3046.666748046875,3136.666748046875,106500,2026-10-08
2001-05-21,2240.31640625,3170.0,3203.333251953125,3100.0,3100.0,88500,2026-10-08
2001-05-22,2181.42333984375,3086.666748046875,3233.333251953125,3086.666748046875,3233.333251953125,182100,2026-10-08
2001-05-23,2207.336181640625,3123.333251953125,3153.333251953125,3066.666748046875,3066.666748046875,120600,2026-10-08
2001-05-24,2162.577392578125,3060.0,3083.333251953125,3050.0,3056.666748046875,88200,2026-10-08
2001-05-25,2164.933349609375,3063.333251953125,3093.333251953125,3060.0,3060.0,20700,2026-10-08
2001-05-28,2131.952392578125,3016.666748046875,3080.0,3000.0,3080.0,108300,2026-10-08
2001-05-29,2096.6162109375,2966.666748046875,2990.0,2933.333251953125,2950.0,94500,2026-10-08
2001-05-30,1983.540283203125,2806.666748046875,2893.333251953125,2800.0,2870.0,228900,2026-10-08
2001-05-31,1955.272216796875,2766.666748046875,2766.666748046875,2533.333251953125,2573.333251953125,687300,2026-10-08
2001-06-01,1981.1846923828125,2803.333251953125,2806.666748046875,2723.333251953125,2800.0,167100,2026-10-08
2001-06-04,1898.7340087890625,2686.666748046875,2866.666748046875,2676.666748046875,2866.666748046875,100200,2026-10-08
2001-06-05,1849.2626953125,2616.666748046875,2700.0,2603.333251953125,2690.0,144300,2026-10-08
2001-06-06,1830.417236328125,2590.0,2683.333251953125,2566.666748046875,2670.0,208800,2026-10-08
2001-06-07,1802.1474609375,2550.0,2583.333251953125,2540.0,2556.666748046875,204600,2026-10-08
2001-06-08,1884.5992431640625,2666.666748046875,2713.333251953125,2633.333251953125,2633.333251953125,567000,2026-10-08
2001-06-11,1861.0413818359375,2633.333251953125,2700.0,2633.333251953125,2666.666748046875,306000,2026-10-08
2001-06-12,1795.08056640625,2540.0,2623.333251953125,2533.333251953125,2603.333251953125,296400,2026-10-08
2001-06-13,1783.3023681640625,2523.333251953125,2593.333251953125,2523.333251953125,2583.333251953125,344100,2026-10-08
2001-06-14,1743.2545166015625,2466.666748046875,2566.666748046875,2466.666748046875,2510.0,229800,2026-10-08
2001-06-15,1698.494384765625,2403.333251953125,2433.333251953125,2326.666748046875,2433.333251953125,373200,2026-10-08
2001-06-18,1660.802734375,2350.0,2383.333251953125,2306.666748046875,2370.0,96600,2026-10-08
2001-06-19,1630.1783447265625,2306.666748046875,2366.666748046875,2266.666748046875,2316.666748046875,242100,2026-10-08
2001-06-20,1604.2647705078125,2270.0,2306.666748046875,2233.333251953125,2290.0,207300,2026-10-08
2001-06-21,1571.2840576171875,2223.333251953125,2316.666748046875,2166.666748046875,2300.0,434100,2026-10-08
2001-06-22,1585.4188232421875,2243.333251953125,2266.666748046875,2216.666748046875,2256.666748046875,380700,2026-10-08
2001-06-25,1590.130859375,2250.0,2326.666748046875,2250.0,2283.333251953125,158700,2026-10-08
2001-06-26,1557.1495361328125,2203.333251953125,2246.666748046875,2190.0,2246.666748046875,160200,2026-10-08
2001-06-27,1580.7078857421875,2236.666748046875,2253.333251953125,2210.0,2236.666748046875,240300,2026-10-08
2001-06-28,1580.7078857421875,2236.666748046875,2300.0,2220.0,2223.333251953125,125400,2026-10-08
2001-06-29,1684.35986328125,2383.333251953125,2433.333251953125,2333.333251953125,2336.666748046875,306900,2026-10-08
2001-07-02,1634.8896484375,2313.333251953125,2320.0,2283.333251953125,2283.333251953125,176700,2026-10-08
2001-07-03,1590.130859375,2250.0,2323.333251953125,2243.333251953125,2316.666748046875,131400,2026-10-08
2001-07-04,1535.947998046875,2173.333251953125,2283.333251953125,2170.0,2283.333251953125,137700,2026-10-08
2001-07-05,1566.572509765625,2216.666748046875,2216.666748046875,2166.666748046875,2196.666748046875,249900,2026-10-08
2001-07-06,1477.054443359375,2090.0,2156.666748046875,2050.0,2156.666748046875,177600,2026-10-08
2001-07-09,1356.91162109375,1920.0,1990.0,1850.0,1956.6666259765625,326700,2026-10-08
2001-07-10,1458.2083740234375,2063.333251953125,2080.0,1943.3333740234375,1996.6666259765625,180000,2026-10-08
2001-07-11,1408.7373046875,1993.3333740234375,2026.6666259765625,1933.3333740234375,1936.6666259765625,155700,2026-10-08
2001-07-12,1448.7852783203125,2050.0,2100.0,2033.3333740234375,2060.0,159300,2026-10-08
2001-07-13,1505.3231201171875,2130.0,2180.0,2100.0,2150.0,296400,2026-10-08
2001-07-16,1469.9871826171875,2080.0,2163.333251953125,2066.666748046875,2133.333251953125,90300,2026-10-08
2001-07-17,1453.4971923828125,2056.666748046875,2066.666748046875,2003.3333740234375,2003.3333740234375,138900,2026-10-08
2001-07-18,1437.006591796875,2033.3333740234375,2060.0,2016.6666259765625,2060.0,128100,2026-10-08
2001-07-19,1446.4296875,2046.6666259765625,2093.333251953125,2026.6666259765625,2026.6666259765625,113700,2026-10-08
2001-07-20,1446.4296875,2046.6666259765625,2046.6666259765625,2046.6666259765625,2046.6666259765625,0,2026-10-08
2001-07-23,1448.7852783203125,2050.0,2066.666748046875,2033.3333740234375,2046.6666259765625,143400,2026-10-08
2001-07-24,1472.3431396484375,2083.333251953125,2083.333251953125,2033.3333740234375,2033.3333740234375,134100,2026-10-08
2001-07-25,1533.59228515625,2170.0,2276.666748046875,2090.0,2093.333251953125,225600,2026-10-08
2001-07-26,1500.6116943359375,2123.333251953125,2216.666748046875,2100.0,2203.333251953125,278700,2026-10-08
2001-07-27,1425.2281494140625,2016.6666259765625,2123.333251953125,2006.6666259765625,2123.333251953125,267900,2026-10-08
2001-07-30,1378.1129150390625,1950.0,1966.6666259765625,1916.6666259765625,1950.0,560100,2026-10-08
2001-07-31,1441.718017578125,2040.0,2050.0,1973.3333740234375,1983.3333740234375,205200,2026-10-08
2001-08-01,1448.7852783203125,2050.0,2100.0,2033.3333740234375,2100.0,139500,2026-10-08
2001-08-02,1568.9283447265625,2220.0,2233.333251953125,2106.666748046875,2166.666748046875,422400,2026-10-08
2001-08-03,1594.84228515625,2256.666748046875,2286.666748046875,2206.666748046875,2243.333251953125,160800,2026-10-08
2001-08-06,1526.525634765625,2160.0,2250.0,2160.0,2206.666748046875,169500,2026-10-08
2001-08-07,1505.3231201171875,2130.0,2140.0,2080.0,2100.0,172500,2026-10-08
2001-08-08,1472.3431396484375,2083.333251953125,2163.333251953125,2073.333251953125,2163.333251953125,84900,2026-10-08
2001-08-09,1413.4493408203125,2000.0,2046.6666259765625,1993.3333740234375,2016.6666259765625,213600,2026-10-08
2001-08-10,1418.16064453125,2006.6666259765625,2083.333251953125,2003.3333740234375,2066.666748046875,110700,2026-10-08
2001-08-13,1241.4793701171875,1756.6666259765625,1966.6666259765625,1730.0,1966.6666259765625,530100,2026-10-08
2001-08-14,1269.7486572265625,1796.6666259765625,1826.6666259765625,1660.0,1723.3333740234375,621000,2026-10-08
2001-08-15,1267.392822265625,1793.3333740234375,1796.6666259765625,1700.0,1766.6666259765625,184200,2026-10-08
2001-08-16,1220.27783203125,1726.6666259765625,1756.6666259765625,1683.3333740234375,1736.6666259765625,259500,2026-10-08
2001-08-17,1199.0758056640625,1696.6666259765625,1726.6666259765625,1646.6666259765625,1700.0,213600,2026-10-08
2001-08-20,1118.98046875,1583.3333740234375,1633.3333740234375,1550.0,1613.3333740234375,331200,2026-10-08
2001-08-21,1102.4906005859375,1560.0,1616.6666259765625,1503.3333740234375,1566.6666259765625,274500,2026-10-08
2001-08-22,1078.93310546875,1526.6666259765625,1563.3333740234375,1503.3333740234375,1516.6666259765625,244200,2026-10-08
2001-08-23,1038.885498046875,1470.0,1550.0,1460.0,1550.0,187800,2026-10-08
2001-08-24,1029.462158203125,1456.6666259765625,1480.0,1446.6666259765625,1453.3333740234375,92100,2026-10-08
2001-08-27,1109.5574951171875,1570.0,1593.3333740234375,1540.0,1540.0,215400,2026-10-08
2001-08-28,1107.2017822265625,1566.6666259765625,1573.3333740234375,1530.0,1570.0,138900,2026-10-08
2001-08-29,1067.154296875,1510.0,1550.0,1510.0,1546.6666259765625,96300,2026-10-08
2001-08-30,1083.644287109375,1533.3333740234375,1533.3333740234375,1480.0,1500.0,69000,2026-10-08
2001-08-31,1069.5096435546875,1513.3333740234375,1566.6666259765625,1500.0,1550.0,164400,2026-10-08
2001-09-03,1015.3275146484375,1436.6666259765625,1503.3333740234375,1430.0,1503.3333740234375,112800,2026-10-08
2001-09-04,1121.3360595703125,1586.6666259765625,1600.0,1336.6666259765625,1400.0,230700,2026-10-08
2001-09-05,1041.2412109375,1473.3333740234375,1490.0,1420.0,1490.0,199800,2026-10-08
2001-09-06,1036.529296875,1466.6666259765625,1533.3333740234375,1456.6666259765625,1456.6666259765625,138300,2026-10-08
2001-09-07,1048.30810546875,1483.3333740234375,1486.6666259765625,1443.3333740234375,1466.6666259765625,103800,2026-10-08
2001-09-10,1041.2412109375,1473.3333740234375,1483.3333740234375,1400.0,1400.0,87000,2026-10-08
2001-09-11,1048.30810546875,1483.3333740234375,1523.3333740234375,1483.3333740234375,1523.3333740234375,58200,2026-10-08
2001-09-12,989.4142456054688,1400.0,1423.3333740234375,1400.0,1400.0,105900,2026-10-08
2001-09-13,930.5206909179688,1316.6666259765625,1353.3333740234375,1316.6666259765625,1350.0,116700,2026-10-08
2001-09-14,984.7031860351562,1393.3333740234375,1396.6666259765625,1300.0,1316.6666259765625,154500,2026-10-08
2001-09-17,918.741943359375,1300.0,1326.6666259765625,1270.0,1293.3333740234375,82800,2026-10-08
2001-09-18,918.741943359375,1300.0,1366.6666259765625,1270.0,1283.3333740234375,222900,2026-10-08
2001-09-19,965.8570556640625,1366.6666259765625,1366.6666259765625,1300.0,1300.0,136500,2026-10-08
2001-09-20,871.6272583007812,1233.3333740234375,1326.6666259765625,1220.0,1320.0,359100,2026-10-08
2001-09-21,808.0217895507812,1143.3333740234375,1160.0,1066.6666259765625,1100.0,346500,2026-10-08
2001-09-24,808.0217895507812,1143.3333740234375,1143.3333740234375,1143.3333740234375,1143.3333740234375,0,2026-10-08
2001-09-25,779.6699829101562,1100.0,1240.0,1060.0,1240.0,336900,2026-10-08
2001-09-26,782.03271484375,1103.3333740234375,1116.6666259765625,1083.3333740234375,1100.0,186300,2026-10-08
2001-09-27,815.1098022460938,1150.0,1150.0,1096.6666259765625,1103.3333740234375,219900,2026-10-08
2001-09-28,815.1098022460938,1150.0,1150.0,1150.0,1150.0,0,2026-10-08
2001-10-01,791.4832153320312,1116.6666259765625,1160.0,1083.3333740234375,1160.0,197700,2026-10-08
2001-10-02,812.7469482421875,1146.6666259765625,1146.6666259765625,1103.3333740234375,1133.3333740234375,245100,2026-10-08
2001-10-03,824.560302734375,1163.3333740234375,1183.3333740234375,1146.6666259765625,1166.6666259765625,150000,2026-10-08
2001-10-04,864.7252807617188,1220.0,1230.0,1186.6666259765625,1213.3333740234375,189300,2026-10-08
2001-10-05,897.8019409179688,1266.6666259765625,1283.3333740234375,1220.0,1236.6666259765625,352500,2026-10-08
2001-10-08,897.8019409179688,1266.6666259765625,1266.6666259765625,1266.6666259765625,1266.6666259765625,0,2026-10-08
2001-10-09,897.8019409179688,1266.6666259765625,1293.3333740234375,1246.6666259765625,1256.6666259765625,334800,2026-10-08
2001-10-10,900.16455078125,1270.0,1303.3333740234375,1256.6666259765625,1283.3333740234375,468900,2026-10-08
2001-10-11,923.7910766601562,1303.3333740234375,1390.0,1303.3333740234375,1333.3333740234375,335100,2026-10-08
2001-10-12,1041.9229736328125,1470.0,1470.0,1440.0,1453.3333740234375,389100,2026-10-08
2001-10-15,992.3076171875,1400.0,1466.6666259765625,1370.0,1420.0,222900,2026-10-08
2001-10-16,1013.5711669921875,1430.0,1466.6666259765625,1383.3333740234375,1386.6666259765625,195600,2026-10-08
2001-10-17,1131.70263671875,1596.6666259765625,1596.6666259765625,1453.3333740234375,1486.6666259765625,249900,2026-10-08
2001-10-18,1089.17529296875,1536.6666259765625,1566.6666259765625,1496.6666259765625,1546.6666259765625,188400,2026-10-08
2001-10-19,1122.252685546875,1583.3333740234375,1596.6666259765625,1533.3333740234375,1533.3333740234375,103200,2026-10-08
2001-10-22,1214.39501953125,1713.3333740234375,1743.3333740234375,1596.6666259765625,1600.0,203100,2026-10-08
2001-10-23,1287.6368408203125,1816.6666259765625,1833.3333740234375,1733.3333740234375,1766.6666259765625,343800,2026-10-08
2001-10-24,1256.9227294921875,1773.3333740234375,1826.6666259765625,1753.3333740234375,1803.3333740234375,195000,2026-10-08
2001-10-25,1207.307373046875,1703.3333740234375,1726.6666259765625,1683.3333740234375,1716.6666259765625,509100,2026-10-08
2001-10-26,1200.2196044921875,1693.3333740234375,1770.0,1690.0,1770.0,241200,2026-10-08
2001-10-29,1197.85693359375,1690.0,1766.6666259765625,1690.0,1760.0,133200,2026-10-08
2001-10-30,1119.8895263671875,1580.0,1626.6666259765625,1573.3333740234375,1616.6666259765625,216600,2026-10-08
2001-10-31,1067.912353515625,1506.6666259765625,1533.3333740234375,1500.0,1530.0,187500,2026-10-08
2001-11-01,1103.351318359375,1556.6666259765625,1603.3333740234375,1533.3333740234375,1533.3333740234375,187500,2026-10-08
2001-11-02,1150.604248046875,1623.3333740234375,1666.6666259765625,1606.6666259765625,1640.0,318900,2026-10-08
2001-11-05,1202.5816650390625,1696.6666259765625,1696.6666259765625,1660.0,1666.6666259765625,161100,2026-10-08
2001-11-06,1240.3843994140625,1750.0,1776.6666259765625,1703.3333740234375,1703.3333740234375,178200,2026-10-08
2001-11-07,1186.0438232421875,1673.3333740234375,1726.6666259765625,1660.0,1716.6666259765625,221100,2026-10-08
2001-11-08,1219.1201171875,1720.0,1720.0,1556.6666259765625,1556.6666259765625,734400,2026-10-08
2001-11-09,1219.1201171875,1720.0,1720.0,1720.0,1720.0,0,2026-10-08
2001-11-12,1204.9447021484375,1700.0,1750.0,1693.3333740234375,1733.3333740234375,147000,2026-10-08
2001-11-13,1223.845703125,1726.6666259765625,1726.6666259765625,1666.6666259765625,1726.6666259765625,99900,2026-10-08
2001-11-14,1264.0108642578125,1783.3333740234375,1796.6666259765625,1753.3333740234375,1760.0,235500,2026-10-08
2001-11-15,1297.087646484375,1830.0,1843.3333740234375,1740.0,1750.0,280500,2026-10-08
2001-11-16,1351.427978515625,1906.6666259765625,1916.6666259765625,1850.0,1863.3333740234375,468900,2026-10-08
2001-11-19,1344.34033203125,1896.6666259765625,1933.3333740234375,1866.6666259765625,1900.0,172200,2026-10-08
2001-11-20,1344.34033203125,1896.6666259765625,1943.3333740234375,1866.6666259765625,1933.3333740234375,284400,2026-10-08
2001-11-21,1271.0987548828125,1793.3333740234375,1806.6666259765625,1756.6666259765625,1796.6666259765625,403500,2026-10-08
2001-11-22,1292.3624267578125,1823.3333740234375,1833.3333740234375,1733.3333740234375,1750.0,163500,2026-10-08
2001-11-23,1292.3624267578125,1823.3333740234375,1823.3333740234375,1823.3333740234375,1823.3333740234375,0,2026-10-08
2001-11-26,1240.3843994140625,1750.0,1900.0,1750.0,1890.0,568500,2026-10-08
2001-11-27,1289.9996337890625,1820.0,1850.0,1773.3333740234375,1773.3333740234375,373500,2026-10-08
2001-11-28,1230.933837890625,1736.6666259765625,1810.0,1733.3333740234375,1810.0,250500,2026-10-08
2001-11-29,1181.3182373046875,1666.6666259765625,1696.6666259765625,1630.0,1660.0,430500,2026-10-08
2001-11-30,1195.49462890625,1686.6666259765625,1713.3333740234375,1666.6666259765625,1683.3333740234375,156600,2026-10-08
2001-12-03,1186.0438232421875,1673.3333740234375,1720.0,1660.0,1720.0,275100,2026-10-08
2001-12-04,1233.29638671875,1740.0,1740.0,1673.3333740234375,1716.6666259765625,294000,2026-10-08
2001-12-05,1294.7249755859375,1826.6666259765625,1826.6666259765625,1773.3333740234375,1773.3333740234375,191400,2026-10-08
2001-12-06,1408.1319580078125,1986.6666259765625,2040.0,1933.3333740234375,1960.0,848700,2026-10-08
2001-12-07,1490.82373046875,2103.333251953125,2103.333251953125,2000.0,2040.0,723300,2026-10-08
2001-12-10,1500.274658203125,2116.666748046875,2156.666748046875,2070.0,2133.333251953125,489300,2026-10-08
2001-12-11,1434.120849609375,2023.3333740234375,2063.333251953125,2016.6666259765625,2050.0,262500,2026-10-08
2001-12-12,1512.0867919921875,2133.333251953125,2160.0,2056.666748046875,2060.0,325800,2026-10-08
2001-12-13,1486.0986328125,2096.666748046875,2140.0,2083.333251953125,2123.333251953125,412800,2026-10-08
2001-12-14,1417.582275390625,2000.0,2040.0,1983.3333740234375,2030.0,425700,2026-10-08
2001-12-17,1382.1424560546875,1950.0,2000.0,1943.3333740234375,2000.0,119100,2026-10-08
2001-12-18,1438.8455810546875,2030.0,2073.333251953125,2006.6666259765625,2050.0,130500,2026-10-08
2001-12-19,1427.03271484375,2013.3333740234375,2050.0,1950.0,2026.6666259765625,102300,2026-10-08
2001-12-20,1422.307373046875,2006.6666259765625,2010.0,1956.6666259765625,2010.0,127200,2026-10-08
2001-12-21,1337.252197265625,1886.6666259765625,1926.6666259765625,1870.0,1906.6666259765625,150000,2026-10-08
2001-12-24,1337.252197265625,1886.6666259765625,1886.6666259765625,1886.6666259765625,1886.6666259765625,0,2026-10-08
2001-12-25,1334.8900146484375,1883.3333740234375,1886.6666259765625,1833.3333740234375,1886.6666259765625,82200,2026-10-08
2001-12-26,1363.241455078125,1923.3333740234375,1930.0,1860.0,1866.6666259765625,66900,2026-10-08
2001-12-27,1408.1319580078125,1986.6666259765625,1993.3333740234375,1910.0,1913.3333740234375,88800,2026-10-08
2001-12-28,1464.8349609375,2066.666748046875,2066.666748046875,1993.3333740234375,2000.0,111000,2026-10-08
2001-12-31,1464.8349609375,2066.666748046875,2066.666748046875,2066.666748046875,2066.666748046875,0,2026-10-08
2002-01-01,1464.8349609375,2066.666748046875,2066.666748046875,2066.666748046875,2066.666748046875,0,2026-10-08
2002-01-02,1464.8349609375,2066.666748046875,2066.666748046875,2066.666748046875,2066.666748046875,0,2026-10-08
2002-01-03,1464.8349609375,2066.666748046875,2066.666748046875,2066.666748046875,2066.666748046875,0,2026-10-08
2002-01-04,1519.1754150390625,2143.333251953125,2196.666748046875,2116.666748046875,2133.333251953125,249300,2026-10-08
2002-01-07,1512.0867919921875,2133.333251953125,2163.333251953125,2086.666748046875,2133.333251953125,183900,2026-10-08
2002-01-08,1469.5601806640625,2073.333251953125,2116.666748046875,2033.3333740234375,2066.666748046875,194100,2026-10-08
2002-01-09,1512.0867919921875,2133.333251953125,2133.333251953125,2056.666748046875,2066.666748046875,269400,2026-10-08
2002-01-10,1462.4720458984375,2063.333251953125,2166.666748046875,2033.3333740234375,2166.666748046875,213600,2026-10-08
2002-01-11,1502.63720703125,2120.0,2146.666748046875,2066.666748046875,2130.0,241200,2026-10-08
2002-01-14,1502.63720703125,2120.0,2120.0,2120.0,2120.0,0,2026-10-08
2002-01-15,1427.03271484375,2013.3333740234375,2066.666748046875,2013.3333740234375,2053.333251953125,169800,2026-10-08
2002-01-16,1384.50537109375,1953.3333740234375,1966.6666259765625,1923.3333740234375,1923.3333740234375,290100,2026-10-08
2002-01-17,1351.427978515625,1906.6666259765625,1960.0,1893.3333740234375,1920.0,206100,2026-10-08
2002-01-18,1431.757568359375,2020.0,2033.3333740234375,1973.3333740234375,2000.0,143400,2026-10-08
2002-01-21,1453.0213623046875,2050.0,2056.666748046875,1953.3333740234375,1993.3333740234375,97200,2026-10-08
2002-01-22,1391.59326171875,1963.3333740234375,2036.6666259765625,1963.3333740234375,2010.0,110700,2026-10-08
2002-01-23,1424.6702880859375,2010.0,2023.3333740234375,1920.0,1920.0,156600,2026-10-08
2002-01-24,1486.0986328125,2096.666748046875,2116.666748046875,2013.3333740234375,2020.0,379500,2026-10-08
2002-01-25,1464.8349609375,2066.666748046875,2096.666748046875,2040.0,2093.333251953125,195300,2026-10-08
2002-01-28,1481.3734130859375,2090.0,2096.666748046875,2023.3333740234375,2060.0,117300,2026-10-08
2002-01-29,1476.6480712890625,2083.333251953125,2110.0,2066.666748046875,2110.0,177300,2026-10-08
2002-01-30,1436.483154296875,2026.6666259765625,2026.6666259765625,1976.6666259765625,2016.6666259765625,180300,2026-10-08
2002-01-31,1436.483154296875,2026.6666259765625,2026.6666259765625,2026.6666259765625,2026.6666259765625,0,2026-10-08
2002-02-01,1356.15380859375,1913.3333740234375,1993.3333740234375,1876.6666259765625,1960.0,237900,2026-10-08
2002-02-04,1294.7249755859375,1826.6666259765625,1853.3333740234375,1793.3333740234375,1846.6666259765625,180600,2026-10-08
2002-02-05,1297.087646484375,1830.0,1890.0,1796.6666259765625,1800.0,135000,2026-10-08
2002-02-06,1346.703125,1900.0,1913.3333740234375,1863.3333740234375,1863.3333740234375,147300,2026-10-08
2002-02-07,1389.23046875,1960.0,1980.0,1886.6666259765625,1906.6666259765625,207000,2026-10-08
2002-02-08,1403.40625,1980.0,2010.0,1970.0,1990.0,281400,2026-10-08
2002-02-11,1403.40625,1980.0,1980.0,1980.0,1980.0,0,2026-10-08
2002-02-12,1507.362060546875,2126.666748046875,2133.333251953125,2046.6666259765625,2066.666748046875,302400,2026-10-08
2002-02-13,1486.0986328125,2096.666748046875,2110.0,2046.6666259765625,2063.333251953125,253200,2026-10-08
2002-02-14,1582.9664306640625,2233.333251953125,2240.0,2166.666748046875,2190.0,510000,2026-10-08
2002-02-15,1587.6922607421875,2240.0,2283.333251953125,2180.0,2200.0,275700,2026-10-08
2002-02-18,1592.417236328125,2246.666748046875,2250.0,2206.666748046875,2206.666748046875,98700,2026-10-08
2002-02-19,1578.241943359375,2226.666748046875,2283.333251953125,2183.333251953125,2260.0,184800,2026-10-08
2002-02-20,1594.7802734375,2250.0,2266.666748046875,2166.666748046875,2200.0,217200,2026-10-08
2002-02-21,1696.3734130859375,2393.333251953125,2393.333251953125,2273.333251953125,2283.333251953125,312300,2026-10-08
2002-02-22,1729.4505615234375,2440.0,2440.0,2293.333251953125,2363.333251953125,339600,2026-10-08
2002-02-25,1741.26318359375,2456.666748046875,2516.666748046875,2443.333251953125,2473.333251953125,460200,2026-10-08
2002-02-26,1802.691650390625,2543.333251953125,2560.0,2473.333251953125,2553.333251953125,543900,2026-10-08
2002-02-27,1771.9774169921875,2500.0,2510.0,2456.666748046875,2476.666748046875,402300,2026-10-08
2002-02-28,1712.91162109375,2416.666748046875,2540.0,2400.0,2540.0,246600,2026-10-08
2002-03-01,1779.0657958984375,2510.0,2513.333251953125,2436.666748046875,2490.0,201000,2026-10-08
2002-03-04,1885.3841552734375,2660.0,2693.333251953125,2550.0,2566.666748046875,500700,2026-10-08
2002-03-05,1972.802001953125,2783.333251953125,2816.666748046875,2700.0,2800.0,525300,2026-10-08
2002-03-06,2055.494140625,2900.0,2996.666748046875,2736.666748046875,2776.666748046875,615600,2026-10-08
2002-03-07,2074.3955078125,2926.666748046875,2926.666748046875,2803.333251953125,2866.666748046875,469800,2026-10-08
2002-03-08,2149.999267578125,3033.333251953125,3050.0,2873.333251953125,2923.333251953125,602100,2026-10-08
2002-03-11,2081.482421875,2936.666748046875,3063.333251953125,2900.0,3063.333251953125,339600,2026-10-08
2002-03-12,2031.8673095703125,2866.666748046875,2900.0,2840.0,2870.0,217800,2026-10-08
2002-03-13,1861.7576904296875,2626.666748046875,2846.666748046875,2626.666748046875,2770.0,391800,2026-10-08
2002-03-14,1857.0325927734375,2620.0,2666.666748046875,2543.333251953125,2593.333251953125,517500,2026-10-08
2002-03-15,1906.6478271484375,2690.0,2700.0,2630.0,2630.0,501900,2026-10-08
2002-03-18,1920.8238525390625,2710.0,2800.0,2710.0,2790.0,283500,2026-10-08
2002-03-19,1960.9893798828125,2766.666748046875,2800.0,2733.333251953125,2733.333251953125,229500,2026-10-08
2002-03-20,1906.6478271484375,2690.0,2796.666748046875,2663.333251953125,2796.666748046875,183600,2026-10-08
2002-03-21,1906.6478271484375,2690.0,2690.0,2690.0,2690.0,0,2026-10-08
2002-03-22,1849.944091796875,2610.0,2690.0,2603.333251953125,2690.0,161400,2026-10-08
2002-03-25,1866.482666015625,2633.333251953125,2646.666748046875,2583.333251953125,2640.0,127200,2026-10-08
2002-03-26,1864.116943359375,2626.666748046875,2666.666748046875,2596.666748046875,2596.666748046875,98700,2026-10-08
2002-03-27,1911.430419921875,2693.333251953125,2693.333251953125,2600.0,2626.666748046875,87000,2026-10-08
2002-03-28,1864.116943359375,2626.666748046875,2696.666748046875,2616.666748046875,2696.666748046875,78000,2026-10-08
2002-03-29,1916.1611328125,2700.0,2740.0,2636.666748046875,2693.333251953125,169500,2026-10-08
2002-04-01,1899.6021728515625,2676.666748046875,2706.666748046875,2650.0,2700.0,118800,2026-10-08
2002-04-02,1942.183349609375,2736.666748046875,2736.666748046875,2650.0,2710.0,87300,2026-10-08
2002-04-03,1968.2052001953125,2773.333251953125,2776.666748046875,2676.666748046875,2700.0,152700,2026-10-08
2002-04-04,2041.5400390625,2876.666748046875,2933.333251953125,2740.0,2766.666748046875,360000,2026-10-08
2002-04-05,1996.59228515625,2813.333251953125,2873.333251953125,2800.0,2866.666748046875,176100,2026-10-08
2002-04-08,1987.1302490234375,2800.0,2846.666748046875,2773.333251953125,2846.666748046875,159300,2026-10-08
2002-04-09,1868.8489990234375,2633.333251953125,2800.0,2596.666748046875,2800.0,441600,2026-10-08
2002-04-10,1845.192626953125,2600.0,2643.333251953125,2540.0,2633.333251953125,405000,2026-10-08
2002-04-11,1866.48291015625,2630.0,2653.333251953125,2603.333251953125,2653.333251953125,200400,2026-10-08
2002-04-12,1840.4609375,2593.333251953125,2596.666748046875,2553.333251953125,2563.333251953125,163500,2026-10-08
2002-04-15,1890.138916015625,2663.333251953125,2666.666748046875,2566.666748046875,2566.666748046875,93000,2026-10-08
2002-04-16,1972.9361572265625,2780.0,2793.333251953125,2650.0,2670.0,285300,2026-10-08
2002-04-17,2008.4210205078125,2830.0,2843.333251953125,2766.666748046875,2813.333251953125,210300,2026-10-08
2002-04-18,1982.39892578125,2793.333251953125,2850.0,2766.666748046875,2816.666748046875,126900,2026-10-08
2002-04-19,1975.30224609375,2783.333251953125,2783.333251953125,2720.0,2760.0,110700,2026-10-08
2002-04-22,2010.7860107421875,2833.333251953125,2850.0,2783.333251953125,2783.333251953125,131400,2026-10-08
2002-04-23,1980.032958984375,2790.0,2833.333251953125,2786.666748046875,2800.0,126000,2026-10-08
2002-04-24,1989.4964599609375,2803.333251953125,2820.0,2790.0,2790.0,137700,2026-10-08
2002-04-25,1989.4964599609375,2803.333251953125,2806.666748046875,2786.666748046875,2803.333251953125,159000,2026-10-08
2002-04-26,1968.2052001953125,2773.333251953125,2823.333251953125,2766.666748046875,2816.666748046875,165900,2026-10-08
2002-04-29,1968.2052001953125,2773.333251953125,2773.333251953125,2773.333251953125,2773.333251953125,0,2026-10-08
2002-04-30,1899.6021728515625,2676.666748046875,2740.0,2676.666748046875,2740.0,192600,2026-10-08
2002-05-01,1887.7733154296875,2660.0,2700.0,2650.0,2683.333251953125,135900,2026-10-08
2002-05-02,1866.48291015625,2630.0,2663.333251953125,2630.0,2646.666748046875,190200,2026-10-08
2002-05-03,1866.48291015625,2630.0,2630.0,2630.0,2630.0,0,2026-10-08
2002-05-06,1866.48291015625,2630.0,2630.0,2630.0,2630.0,0,2026-10-08
2002-05-07,1821.53662109375,2566.666748046875,2663.333251953125,2536.666748046875,2663.333251953125,285300,2026-10-08
2002-05-08,1807.3424072265625,2546.666748046875,2623.333251953125,2543.333251953125,2566.666748046875,249900,2026-10-08
2002-05-09,1821.53662109375,2566.666748046875,2646.666748046875,2560.0,2613.333251953125,271800,2026-10-08
2002-05-10,1828.63330078125,2576.666748046875,2600.0,2563.333251953125,2566.666748046875,129300,2026-10-08
2002-05-13,1781.3199462890625,2510.0,2546.666748046875,2490.0,2546.666748046875,139500,2026-10-08
2002-05-14,1786.051513671875,2516.666748046875,2550.0,2490.0,2510.0,170700,2026-10-08
2002-05-15,1845.192626953125,2600.0,2630.0,2560.0,2573.333251953125,170100,2026-10-08
2002-05-16,1956.37744140625,2756.666748046875,2793.333251953125,2633.333251953125,2666.666748046875,351600,2026-10-08
2002-05-17,1965.8399658203125,2770.0,2783.333251953125,2723.333251953125,2723.333251953125,299700,2026-10-08
2002-05-20,1965.8399658203125,2770.0,2823.333251953125,2736.666748046875,2736.666748046875,238800,2026-10-08
2002-05-21,1916.1611328125,2700.0,2723.333251953125,2676.666748046875,2703.333251953125,139500,2026-10-08
2002-05-22,1868.8489990234375,2633.333251953125,2683.333251953125,2633.333251953125,2660.0,121500,2026-10-08
2002-05-23,1880.6771240234375,2650.0,2680.0,2620.0,2666.666748046875,133200,2026-10-08
2002-05-24,1847.5579833984375,2603.333251953125,2616.666748046875,2533.333251953125,2600.0,262200,2026-10-08
2002-05-27,1804.9766845703125,2543.333251953125,2616.666748046875,2543.333251953125,2596.666748046875,113700,2026-10-08
2002-05-28,1797.880126953125,2533.333251953125,2546.666748046875,2510.0,2546.666748046875,186000,2026-10-08
2002-05-29,1771.857421875,2496.666748046875,2530.0,2493.333251953125,2510.0,200700,2026-10-08
2002-05-30,1738.73876953125,2450.0,2490.0,2450.0,2490.0,179700,2026-10-08
2002-05-31,1767.1265869140625,2490.0,2543.333251953125,2483.333251953125,2500.0,176100,2026-10-08
2002-06-03,1783.6861572265625,2513.333251953125,2563.333251953125,2483.333251953125,2483.333251953125,130800,2026-10-08
2002-06-04,1738.73876953125,2450.0,2486.666748046875,2450.0,2486.666748046875,138900,2026-10-08
2002-06-05,1698.5234375,2393.333251953125,2450.0,2383.333251953125,2426.666748046875,237600,2026-10-08
2002-06-06,1703.2548828125,2400.0,2430.0,2386.666748046875,2400.0,196500,2026-10-08
2002-06-07,1644.114013671875,2316.666748046875,2333.333251953125,2296.666748046875,2316.666748046875,262500,2026-10-08
2002-06-10,1651.210693359375,2326.666748046875,2353.333251953125,2283.333251953125,2283.333251953125,142800,2026-10-08
2002-06-11,1632.28564453125,2300.0,2346.666748046875,2283.333251953125,2320.0,130800,2026-10-08
2002-06-12,1618.0919189453125,2280.0,2280.0,2236.666748046875,2260.0,141600,2026-10-08
2002-06-13,1596.80126953125,2250.0,2300.0,2250.0,2286.666748046875,126600,2026-10-08
2002-06-14,1570.7791748046875,2213.333251953125,2260.0,2200.0,2216.666748046875,303600,2026-10-08
2002-06-17,1530.5634765625,2156.666748046875,2166.666748046875,2123.333251953125,2146.666748046875,205800,2026-10-08
2002-06-18,1606.263671875,2263.333251953125,2290.0,2216.666748046875,2216.666748046875,334800,2026-10-08
2002-06-19,1504.5413818359375,2120.0,2296.666748046875,2110.0,2260.0,244800,2026-10-08
2002-06-20,1525.832275390625,2150.0,2180.0,2106.666748046875,2120.0,153000,2026-10-08
2002-06-21,1483.2510986328125,2090.0,2150.0,2073.333251953125,2150.0,187800,2026-10-08
2002-06-24,1518.735107421875,2140.0,2160.0,2020.0,2046.6666259765625,130800,2026-10-08
2002-06-25,1544.75732421875,2176.666748046875,2216.666748046875,2153.333251953125,2173.333251953125,123600,2026-10-08
2002-06-26,1466.6917724609375,2066.666748046875,2133.333251953125,2066.666748046875,2133.333251953125,171000,2026-10-08
2002-06-27,1471.422607421875,2073.333251953125,2133.333251953125,2070.0,2070.0,123600,2026-10-08
2002-06-28,1516.3701171875,2136.666748046875,2170.0,2106.666748046875,2106.666748046875,143100,2026-10-08
2002-07-01,1568.41357421875,2210.0,2230.0,2173.333251953125,2173.333251953125,115800,2026-10-08
2002-07-02,1528.1976318359375,2153.333251953125,2160.0,2123.333251953125,2143.333251953125,138900,2026-10-08
2002-07-03,1542.391845703125,2173.333251953125,2216.666748046875,2100.0,2113.333251953125,107100,2026-10-08
2002-07-04,1502.1761474609375,2116.666748046875,2200.0,2116.666748046875,2180.0,125700,2026-10-08
2002-07-05,1535.294677734375,2163.333251953125,2200.0,2116.666748046875,2183.333251953125,105300,2026-10-08
2002-07-08,1566.0477294921875,2206.666748046875,2283.333251953125,2203.333251953125,2263.333251953125,240000,2026-10-08
2002-07-09,1608.629638671875,2266.666748046875,2266.666748046875,2183.333251953125,2216.666748046875,108300,2026-10-08
2002-07-10,1568.41357421875,2210.0,2250.0,2203.333251953125,2233.333251953125,82800,2026-10-08
2002-07-11,1528.1976318359375,2153.333251953125,2173.333251953125,2133.333251953125,2143.333251953125,118500,2026-10-08
2002-07-12,1547.123046875,2180.0,2220.0,2180.0,2183.333251953125,51900,2026-10-08
2002-07-15,1532.9293212890625,2160.0,2220.0,2160.0,2180.0,84600,2026-10-08
2002-07-16,1537.660400390625,2166.666748046875,2193.333251953125,2156.666748046875,2166.666748046875,87000,2026-10-08
2002-07-17,1518.735107421875,2140.0,2170.0,2100.0,2166.666748046875,175500,2026-10-08
2002-07-18,1549.4884033203125,2183.333251953125,2206.666748046875,2146.666748046875,2176.666748046875,78000,2026-10-08
2002-07-19,1506.9073486328125,2123.333251953125,2166.666748046875,2123.333251953125,2136.666748046875,105900,2026-10-08
2002-07-22,1469.056884765625,2070.0,2130.0,2033.3333740234375,2036.6666259765625,118800,2026-10-08
2002-07-23,1469.056884765625,2070.0,2096.666748046875,2040.0,2040.0,98100,2026-10-08
2002-07-24,1402.819580078125,1976.6666259765625,2040.0,1976.6666259765625,2036.6666259765625,163500,2026-10-08
2002-07-25,1395.72216796875,1966.6666259765625,2083.333251953125,1966.6666259765625,2076.666748046875,102000,2026-10-08
2002-07-26,1234.859619140625,1740.0,1866.6666259765625,1736.6666259765625,1833.3333740234375,627000,2026-10-08
2002-07-29,1272.709716796875,1793.3333740234375,1820.0,1753.3333740234375,1773.3333740234375,360000,2026-10-08
2002-07-30,1317.6566162109375,1856.6666259765625,1873.3333740234375,1833.3333740234375,1870.0,168600,2026-10-08
2002-07-31,1294.0,1823.3333740234375,1850.0,1766.6666259765625,1850.0,165300,2026-10-08
2002-08-01,1201.7403564453125,1693.3333740234375,1793.3333740234375,1673.3333740234375,1793.3333740234375,366000,2026-10-08
2002-08-02,1178.0843505859375,1660.0,1696.6666259765625,1596.6666259765625,1666.6666259765625,297600,2026-10-08
2002-08-05,1118.943603515625,1576.6666259765625,1610.0,1543.3333740234375,1593.3333740234375,394500,2026-10-08
2002-08-06,1076.362548828125,1516.6666259765625,1533.3333740234375,1443.3333740234375,1526.6666259765625,642300,2026-10-08
2002-08-07,1170.9874267578125,1650.0,1660.0,1590.0,1600.0,273600,2026-10-08
2002-08-08,1088.190673828125,1533.3333740234375,1656.6666259765625,1500.0,1650.0,521100,2026-10-08
2002-08-09,1111.8466796875,1566.6666259765625,1593.3333740234375,1533.3333740234375,1583.3333740234375,340200,2026-10-08
2002-08-12,1111.8466796875,1566.6666259765625,1606.6666259765625,1533.3333740234375,1566.6666259765625,132300,2026-10-08
2002-08-13,1104.749755859375,1556.6666259765625,1560.0,1516.6666259765625,1516.6666259765625,97800,2026-10-08
2002-08-14,1078.727783203125,1520.0,1533.3333740234375,1500.0,1520.0,164400,2026-10-08
2002-08-15,1100.0186767578125,1550.0,1563.3333740234375,1540.0,1540.0,135900,2026-10-08
2002-08-16,1152.062744140625,1623.3333740234375,1626.6666259765625,1563.3333740234375,1563.3333740234375,221400,2026-10-08
2002-08-19,1137.868896484375,1603.3333740234375,1623.3333740234375,1586.6666259765625,1616.6666259765625,258000,2026-10-08
2002-08-20,1192.2783203125,1680.0,1690.0,1636.6666259765625,1646.6666259765625,415200,2026-10-08
2002-08-21,1199.375244140625,1690.0,1700.0,1633.3333740234375,1650.0,255900,2026-10-08
2002-08-22,1260.881591796875,1776.6666259765625,1793.3333740234375,1683.3333740234375,1716.6666259765625,263400,2026-10-08
2002-08-23,1260.881591796875,1776.6666259765625,1776.6666259765625,1776.6666259765625,1776.6666259765625,0,2026-10-08
2002-08-26,1357.8721923828125,1913.3333740234375,1956.6666259765625,1833.3333740234375,1833.3333740234375,227100,2026-10-08
2002-08-27,1298.7313232421875,1830.0,1906.6666259765625,1820.0,1896.6666259765625,218700,2026-10-08
2002-08-28,1265.61279296875,1783.3333740234375,1820.0,1783.3333740234375,1803.3333740234375,392100,2026-10-08
2002-08-29,1220.66552734375,1720.0,1780.0,1720.0,1776.6666259765625,373500,2026-10-08
2002-08-30,1220.66552734375,1720.0,1743.3333740234375,1690.0,1730.0,169200,2026-10-08
2002-09-02,1215.9344482421875,1713.3333740234375,1723.3333740234375,1700.0,1700.0,115500,2026-10-08
2002-09-03,1178.0843505859375,1660.0,1710.0,1650.0,1700.0,167700,2026-10-08
2002-09-04,1163.8907470703125,1640.0,1646.6666259765625,1606.6666259765625,1630.0,217800,2026-10-08
2002-09-05,1168.6217041015625,1646.6666259765625,1700.0,1640.0,1663.3333740234375,161400,2026-10-08
2002-09-06,1154.427978515625,1626.6666259765625,1636.6666259765625,1596.6666259765625,1630.0,210900,2026-10-08
2002-09-09,1185.181396484375,1670.0,1700.0,1663.3333740234375,1676.6666259765625,78000,2026-10-08
2002-09-10,1187.5467529296875,1673.3333740234375,1720.0,1670.0,1673.3333740234375,104700,2026-10-08
2002-09-11,1230.128662109375,1733.3333740234375,1740.0,1706.6666259765625,1733.3333740234375,209700,2026-10-08
2002-09-12,1239.5906982421875,1746.6666259765625,1746.6666259765625,1703.3333740234375,1733.3333740234375,100200,2026-10-08
2002-09-13,1206.471923828125,1700.0,1710.0,1660.0,1670.0,286800,2026-10-08
2002-09-16,1206.471923828125,1700.0,1700.0,1700.0,1700.0,0,2026-10-08
2002-09-17,1260.881591796875,1776.6666259765625,1833.3333740234375,1723.3333740234375,1756.6666259765625,65700,2026-10-08
2002-09-18,1239.5906982421875,1746.6666259765625,1746.6666259765625,1676.6666259765625,1710.0,137100,2026-10-08
2002-09-19,1215.9344482421875,1713.3333740234375,1833.3333740234375,1710.0,1790.0,148200,2026-10-08
2002-09-20,1206.471923828125,1700.0,1746.6666259765625,1666.6666259765625,1666.6666259765625,144900,2026-10-08
2002-09-23,1206.471923828125,1700.0,1700.0,1700.0,1700.0,0,2026-10-08
2002-09-24,1170.9874267578125,1650.0,1660.0,1613.3333740234375,1633.3333740234375,233400,2026-10-08
2002-09-25,1135.4310302734375,1596.6666259765625,1623.3333740234375,1593.3333740234375,1600.0,270000,2026-10-08
2002-09-26,1123.5791015625,1580.0,1653.3333740234375,1573.3333740234375,1620.0,186300,2026-10-08
2002-09-27,1159.1351318359375,1630.0,1630.0,1590.0,1610.0,146700,2026-10-08
2002-09-30,1104.615966796875,1553.3333740234375,1583.3333740234375,1536.6666259765625,1563.3333740234375,115800,2026-10-08
2002-10-01,1050.0958251953125,1476.6666259765625,1533.3333740234375,1453.3333740234375,1533.3333740234375,316200,2026-10-08
2002-10-02,1014.5397338867188,1426.6666259765625,1526.6666259765625,1426.6666259765625,1516.6666259765625,179400,2026-10-08
2002-10-03,983.7242431640625,1383.3333740234375,1410.0,1350.0,1396.6666259765625,449400,2026-10-08
2002-10-04,912.6114501953125,1283.3333740234375,1356.6666259765625,1273.3333740234375,1333.3333740234375,408300,2026-10-08
2002-10-07,803.5722045898438,1130.0,1250.0,1116.6666259765625,1250.0,873600,2026-10-08
2002-10-08,827.2764282226562,1163.3333740234375,1213.3333740234375,1116.6666259765625,1126.6666259765625,476700,2026-10-08
2002-10-09,815.4243774414062,1146.6666259765625,1190.0,1146.6666259765625,1166.6666259765625,464400,2026-10-08
2002-10-10,834.3878784179688,1173.3333740234375,1173.3333740234375,1083.3333740234375,1133.3333740234375,310500,2026-10-08
2002-10-11,907.8709716796875,1276.6666259765625,1283.3333740234375,1226.6666259765625,1240.0,547800,2026-10-08
2002-10-14,907.8709716796875,1276.6666259765625,1276.6666259765625,1276.6666259765625,1276.6666259765625,0,2026-10-08
2002-10-15,981.3541259765625,1380.0,1380.0,1326.6666259765625,1326.6666259765625,443400,2026-10-08
2002-10-16,929.2045288085938,1306.6666259765625,1383.3333740234375,1290.0,1383.3333740234375,403200,2026-10-08
2002-10-17,922.0932006835938,1296.6666259765625,1350.0,1286.6666259765625,1290.0,183600,2026-10-08
2002-10-18,924.4637451171875,1300.0,1356.6666259765625,1286.6666259765625,1313.3333740234375,365400,2026-10-08
2002-10-21,900.7591552734375,1266.6666259765625,1316.6666259765625,1266.6666259765625,1303.3333740234375,218400,2026-10-08
2002-10-22,869.944580078125,1223.3333740234375,1300.0,1223.3333740234375,1286.6666259765625,306600,2026-10-08
2002-10-23,874.6849365234375,1230.0,1240.0,1166.6666259765625,1173.3333740234375,387900,2026-10-08
2002-10-24,884.1666870117188,1243.3333740234375,1250.0,1210.0,1246.6666259765625,195600,2026-10-08
2002-10-25,877.0554809570312,1233.3333740234375,1243.3333740234375,1213.3333740234375,1213.3333740234375,124800,2026-10-08
2002-10-28,886.5371704101562,1246.6666259765625,1250.0,1210.0,1250.0,149700,2026-10-08
2002-10-29,903.1300048828125,1270.0,1283.3333740234375,1243.3333740234375,1250.0,218400,2026-10-08
2002-10-30,888.9072875976562,1250.0,1266.6666259765625,1243.3333740234375,1263.3333740234375,128700,2026-10-08
2002-10-31,900.7591552734375,1266.6666259765625,1286.6666259765625,1240.0,1266.6666259765625,315900,2026-10-08
2002-11-01,881.7962646484375,1240.0,1270.0,1216.6666259765625,1236.6666259765625,124500,2026-10-08
2002-11-04,881.7962646484375,1240.0,1240.0,1240.0,1240.0,0,2026-10-08
2002-11-05,1000.3173828125,1406.6666259765625,1406.6666259765625,1373.3333740234375,1390.0,368100,2026-10-08
2002-11-06,1064.318603515625,1496.6666259765625,1573.3333740234375,1406.6666259765625,1423.3333740234375,1439700,2026-10-08
2002-11-07,1133.060546875,1593.3333740234375,1606.6666259765625,1466.6666259765625,1490.0,823800,2026-10-08
2002-11-08,1047.7255859375,1473.3333740234375,1553.3333740234375,1470.0,1543.3333740234375,480000,2026-10-08
2002-11-11,950.5386352539062,1336.6666259765625,1433.3333740234375,1336.6666259765625,1426.6666259765625,408600,2026-10-08
2002-11-12,957.64990234375,1346.6666259765625,1353.3333740234375,1290.0,1293.3333740234375,389400,2026-10-08
2002-11-13,952.9090576171875,1340.0,1406.6666259765625,1333.3333740234375,1383.3333740234375,203400,2026-10-08
2002-11-14,926.8341674804688,1303.3333740234375,1376.6666259765625,1303.3333740234375,1323.3333740234375,189300,2026-10-08
2002-11-15,976.613037109375,1373.3333740234375,1383.3333740234375,1326.6666259765625,1333.3333740234375,257700,2026-10-08
2002-11-18,950.5386352539062,1336.6666259765625,1366.6666259765625,1326.6666259765625,1360.0,108000,2026-10-08
2002-11-19,936.3159790039062,1316.6666259765625,1350.0,1296.6666259765625,1320.0,177900,2026-10-08
2002-11-20,971.8724975585938,1366.6666259765625,1386.6666259765625,1296.6666259765625,1300.0,251400,2026-10-08
2002-11-21,1035.8734130859375,1456.6666259765625,1483.3333740234375,1396.6666259765625,1416.6666259765625,510900,2026-10-08
2002-11-22,1116.467529296875,1570.0,1610.0,1443.3333740234375,1490.0,1142700,2026-10-08
2002-11-25,1106.986083984375,1556.6666259765625,1666.6666259765625,1530.0,1533.3333740234375,641100,2026-10-08
2002-11-26,1095.1339111328125,1540.0,1600.0,1536.6666259765625,1566.6666259765625,197100,2026-10-08
2002-11-27,1104.615966796875,1553.3333740234375,1573.3333740234375,1493.3333740234375,1513.3333740234375,181200,2026-10-08
2002-11-28,1206.5438232421875,1696.6666259765625,1700.0,1623.3333740234375,1636.6666259765625,651900,2026-10-08
2002-11-29,1246.8408203125,1753.3333740234375,1793.3333740234375,1666.6666259765625,1696.6666259765625,620700,2026-10-08
2002-12-02,1246.8408203125,1753.3333740234375,1753.3333740234375,1753.3333740234375,1753.3333740234375,0,2026-10-08
2002-12-03,1287.137939453125,1810.0,1866.6666259765625,1793.3333740234375,1813.3333740234375,363000,2026-10-08
2002-12-04,1197.0621337890625,1683.3333740234375,1746.6666259765625,1676.6666259765625,1710.0,266700,2026-10-08
2002-12-05,1187.580322265625,1670.0,1703.3333740234375,1603.3333740234375,1633.3333740234375,342300,2026-10-08
2002-12-06,1208.9140625,1700.0,1723.3333740234375,1660.0,1683.3333740234375,170700,2026-10-08
2002-12-09,1173.3582763671875,1650.0,1693.3333740234375,1650.0,1670.0,215400,2026-10-08
2002-12-10,1170.9873046875,1646.6666259765625,1660.0,1610.0,1633.3333740234375,304500,2026-10-08
2002-12-11,1163.87646484375,1636.6666259765625,1676.6666259765625,1633.3333740234375,1663.3333740234375,280500,2026-10-08
2002-12-12,1140.1719970703125,1603.3333740234375,1630.0,1586.6666259765625,1620.0,157800,2026-10-08
2002-12-13,1102.2454833984375,1550.0,1573.3333740234375,1520.0,1553.3333740234375,325500,2026-10-08
2002-12-16,1054.8369140625,1483.3333740234375,1533.3333740234375,1466.6666259765625,1516.6666259765625,223500,2026-10-08
2002-12-17,1097.50439453125,1543.3333740234375,1576.6666259765625,1536.6666259765625,1550.0,183600,2026-10-08
2002-12-18,1035.8734130859375,1456.6666259765625,1516.6666259765625,1436.6666259765625,1516.6666259765625,253200,2026-10-08
2002-12-19,1066.6888427734375,1500.0,1500.0,1426.6666259765625,1430.0,158100,2026-10-08
2002-12-20,1066.6888427734375,1500.0,1520.0,1460.0,1500.0,127500,2026-10-08
2002-12-23,1066.6888427734375,1500.0,1500.0,1500.0,1500.0,0,2026-10-08
2002-12-24,1104.615966796875,1553.3333740234375,1566.6666259765625,1516.6666259765625,1530.0,121800,2026-10-08
2002-12-25,1111.7269287109375,1563.3333740234375,1573.3333740234375,1530.0,1553.3333740234375,90900,2026-10-08
2002-12-26,1170.9873046875,1646.6666259765625,1650.0,1580.0,1596.6666259765625,141300,2026-10-08
2002-12-27,1173.3582763671875,1650.0,1663.3333740234375,1630.0,1643.3333740234375,166500,2026-10-08
2002-12-30,1128.3199462890625,1586.6666259765625,1636.6666259765625,1586.6666259765625,1616.6666259765625,92700,2026-10-08
2002-12-31,1128.3199462890625,1586.6666259765625,1586.6666259765625,1586.6666259765625,1586.6666259765625,0,2026-10-08
2003-01-01,1128.3199462890625,1586.6666259765625,1586.6666259765625,1586.6666259765625,1586.6666259765625,0,2026-10-08
2003-01-02,1128.3199462890625,1586.6666259765625,1586.6666259765625,1586.6666259765625,1586.6666259765625,0,2026-10-08
2003-01-03,1128.3199462890625,1586.6666259765625,1586.6666259765625,1586.6666259765625,1586.6666259765625,0,2026-10-08
2003-01-06,1152.0244140625,1620.0,1643.3333740234375,1620.0,1623.3333740234375,69300,2026-10-08
2003-01-07,1152.0244140625,1620.0,1653.3333740234375,1620.0,1653.3333740234375,126300,2026-10-08
2003-01-08,1125.9495849609375,1583.3333740234375,1620.0,1583.3333740234375,1620.0,167100,2026-10-08
2003-01-09,1106.986083984375,1556.6666259765625,1576.6666259765625,1526.6666259765625,1533.3333740234375,90300,2026-10-08
2003-01-10,1121.2083740234375,1576.6666259765625,1593.3333740234375,1540.0,1590.0,91200,2026-10-08
2003-01-13,1121.2083740234375,1576.6666259765625,1576.6666259765625,1576.6666259765625,1576.6666259765625,0,2026-10-08
2003-01-14,1180.469482421875,1660.0,1673.3333740234375,1590.0,1593.3333740234375,343200,2026-10-08
2003-01-15,1173.3582763671875,1650.0,1653.3333740234375,1616.6666259765625,1643.3333740234375,235800,2026-10-08
2003-01-16,1135.4310302734375,1596.6666259765625,1633.3333740234375,1576.6666259765625,1613.3333740234375,284100,2026-10-08
2003-01-17,1149.6536865234375,1616.6666259765625,1626.6666259765625,1573.3333740234375,1580.0,260400,2026-10-08
2003-01-20,1149.6536865234375,1616.6666259765625,1640.0,1596.6666259765625,1616.6666259765625,202800,2026-10-08
2003-01-21,1166.246826171875,1640.0,1656.6666259765625,1600.0,1603.3333740234375,123600,2026-10-08
2003-01-22,1168.6168212890625,1643.3333740234375,1653.3333740234375,1633.3333740234375,1653.3333740234375,90600,2026-10-08
2003-01-23,1211.284912109375,1703.3333740234375,1703.3333740234375,1600.0,1646.6666259765625,543600,2026-10-08
2003-01-24,1204.1734619140625,1693.3333740234375,1720.0,1650.0,1690.0,429900,2026-10-08
2003-01-27,1144.913330078125,1610.0,1643.3333740234375,1610.0,1626.6666259765625,341100,2026-10-08
2003-01-28,1137.801513671875,1600.0,1600.0,1563.3333740234375,1576.6666259765625,310500,2026-10-08
2003-01-29,1130.6903076171875,1590.0,1600.0,1556.6666259765625,1600.0,197700,2026-10-08
2003-01-30,1109.3565673828125,1560.0,1596.6666259765625,1560.0,1590.0,231600,2026-10-08
2003-01-31,1083.2821044921875,1523.3333740234375,1546.6666259765625,1520.0,1543.3333740234375,126900,2026-10-08
2003-02-03,1109.3565673828125,1560.0,1583.3333740234375,1486.6666259765625,1500.0,266100,2026-10-08
2003-02-04,1111.7269287109375,1563.3333740234375,1600.0,1550.0,1590.0,93900,2026-10-08
2003-02-05,1147.28369140625,1613.3333740234375,1633.3333740234375,1550.0,1553.3333740234375,169500,2026-10-08
2003-02-06,1114.09716796875,1566.6666259765625,1610.0,1566.6666259765625,1596.6666259765625,53700,2026-10-08
2003-02-07,1099.8748779296875,1546.6666259765625,1573.3333740234375,1540.0,1560.0,46800,2026-10-08
2003-02-10,1080.9112548828125,1520.0,1550.0,1513.3333740234375,1530.0,110700,2026-10-08
2003-02-11,1080.9112548828125,1520.0,1520.0,1520.0,1520.0,0,2026-10-08
2003-02-12,1085.652587890625,1526.6666259765625,1540.0,1506.6666259765625,1506.6666259765625,173100,2026-10-08
2003-02-13,1085.652587890625,1526.6666259765625,1540.0,1510.0,1526.6666259765625,125100,2026-10-08
2003-02-14,1085.652587890625,1526.6666259765625,1553.3333740234375,1523.3333740234375,1533.3333740234375,200100,2026-10-08
2003-02-17,1097.50439453125,1543.3333740234375,1576.6666259765625,1540.0,1576.6666259765625,164100,2026-10-08
2003-02-18,1109.3565673828125,1560.0,1576.6666259765625,1546.6666259765625,1560.0,157200,2026-10-08
2003-02-19,1071.4298095703125,1506.6666259765625,1576.6666259765625,1506.6666259765625,1576.6666259765625,94200,2026-10-08
2003-02-20,1078.5408935546875,1516.6666259765625,1523.3333740234375,1506.6666259765625,1506.6666259765625,95700,2026-10-08
2003-02-21,1069.0596923828125,1503.3333740234375,1540.0,1503.3333740234375,1520.0,73800,2026-10-08
2003-02-24,1083.2821044921875,1523.3333740234375,1546.6666259765625,1500.0,1506.6666259765625,105300,2026-10-08
2003-02-25,1059.5775146484375,1490.0,1516.6666259765625,1490.0,1513.3333740234375,135900,2026-10-08
2003-02-26,1035.8734130859375,1456.6666259765625,1490.0,1456.6666259765625,1486.6666259765625,113700,2026-10-08
2003-02-27,1028.762451171875,1446.6666259765625,1483.3333740234375,1440.0,1456.6666259765625,135300,2026-10-08
2003-02-28,1005.0579223632812,1413.3333740234375,1466.6666259765625,1406.6666259765625,1440.0,148500,2026-10-08
2003-03-03,1040.6141357421875,1463.3333740234375,1466.6666259765625,1396.6666259765625,1396.6666259765625,72000,2026-10-08
2003-03-04,1026.39208984375,1443.3333740234375,1446.6666259765625,1416.6666259765625,1433.3333740234375,147600,2026-10-08
2003-03-05,1021.6509399414062,1436.6666259765625,1440.0,1426.6666259765625,1426.6666259765625,74400,2026-10-08
2003-03-06,1033.5030517578125,1453.3333740234375,1456.6666259765625,1433.3333740234375,1453.3333740234375,122400,2026-10-08
2003-03-07,969.5017700195312,1363.3333740234375,1426.6666259765625,1363.3333740234375,1426.6666259765625,129900,2026-10-08
2003-03-10,943.4268798828125,1326.6666259765625,1326.6666259765625,1293.3333740234375,1313.3333740234375,163500,2026-10-08
2003-03-11,910.2409057617188,1280.0,1333.3333740234375,1280.0,1293.3333740234375,103500,2026-10-08
2003-03-12,914.982421875,1286.6666259765625,1293.3333740234375,1266.6666259765625,1270.0,136800,2026-10-08
2003-03-13,907.8709716796875,1276.6666259765625,1300.0,1266.6666259765625,1296.6666259765625,110700,2026-10-08
2003-03-14,917.3528442382812,1290.0,1326.6666259765625,1280.0,1293.3333740234375,457800,2026-10-08
2003-03-17,891.2780151367188,1253.3333740234375,1303.3333740234375,1250.0,1303.3333740234375,182100,2026-10-08
2003-03-18,919.7230224609375,1293.3333740234375,1330.0,1286.6666259765625,1286.6666259765625,281700,2026-10-08
2003-03-19,924.4637451171875,1300.0,1300.0,1253.3333740234375,1293.3333740234375,68700,2026-10-08
2003-03-20,967.1315307617188,1360.0,1360.0,1313.3333740234375,1313.3333740234375,161700,2026-10-08
2003-03-21,967.1315307617188,1360.0,1360.0,1360.0,1360.0,0,2026-10-08
2003-03-24,971.8724975585938,1366.6666259765625,1406.6666259765625,1360.0,1376.6666259765625,165900,2026-10-08
2003-03-25,945.797607421875,1330.0,1350.0,1316.6666259765625,1326.6666259765625,175500,2026-10-08
2003-03-26,993.324951171875,1393.3333740234375,1393.3333740234375,1353.3333740234375,1360.0,128700,2026-10-08
2003-03-27,988.5725708007812,1386.6666259765625,1396.6666259765625,1373.3333740234375,1396.6666259765625,80400,2026-10-08
2003-03-28,971.9378051757812,1363.3333740234375,1386.6666259765625,1356.6666259765625,1386.6666259765625,120900,2026-10-08
2003-03-31,903.0225830078125,1266.6666259765625,1350.0,1266.6666259765625,1346.6666259765625,195600,2026-10-08
2003-04-01,903.0225830078125,1266.6666259765625,1296.6666259765625,1226.6666259765625,1250.0,337200,2026-10-08
2003-04-02,860.2477416992188,1206.6666259765625,1283.3333740234375,1176.6666259765625,1266.6666259765625,573600,2026-10-08
2003-04-03,860.2477416992188,1206.6666259765625,1266.6666259765625,1206.6666259765625,1223.3333740234375,289200,2026-10-08
2003-04-04,862.6246337890625,1210.0,1210.0,1183.3333740234375,1200.0,292800,2026-10-08
2003-04-07,867.3773193359375,1216.6666259765625,1230.0,1190.0,1230.0,262200,2026-10-08
2003-04-08,912.5280151367188,1280.0,1306.6666259765625,1220.0,1226.6666259765625,585600,2026-10-08
2003-04-09,910.152099609375,1276.6666259765625,1303.3333740234375,1263.3333740234375,1280.0,513300,2026-10-08
2003-04-10,884.0119018554688,1240.0,1270.0,1200.0,1263.3333740234375,413400,2026-10-08
2003-04-11,895.8935546875,1256.6666259765625,1266.6666259765625,1206.6666259765625,1223.3333740234375,292500,2026-10-08
2003-04-14,853.1188354492188,1196.6666259765625,1233.3333740234375,1170.0,1223.3333740234375,317700,2026-10-08
2003-04-15,903.0225830078125,1266.6666259765625,1283.3333740234375,1216.6666259765625,1216.6666259765625,400200,2026-10-08
2003-04-16,964.8086547851562,1353.3333740234375,1360.0,1293.3333740234375,1313.3333740234375,303600,2026-10-08
2003-04-17,967.1846923828125,1356.6666259765625,1366.6666259765625,1316.6666259765625,1343.3333740234375,161100,2026-10-08
2003-04-18,979.0665893554688,1373.3333740234375,1390.0,1356.6666259765625,1373.3333740234375,273900,2026-10-08
2003-04-21,1019.4649658203125,1430.0,1430.0,1380.0,1390.0,241500,2026-10-08
2003-04-22,993.324951171875,1393.3333740234375,1430.0,1376.6666259765625,1430.0,131700,2026-10-08
2003-04-23,1002.83056640625,1406.6666259765625,1426.6666259765625,1383.3333740234375,1403.3333740234375,162000,2026-10-08
2003-04-24,995.701416015625,1396.6666259765625,1430.0,1390.0,1423.3333740234375,182100,2026-10-08
2003-04-25,964.8086547851562,1353.3333740234375,1380.0,1336.6666259765625,1380.0,163800,2026-10-08
2003-04-28,914.90478515625,1283.3333740234375,1333.3333740234375,1283.3333740234375,1333.3333740234375,171300,2026-10-08
2003-04-29,914.90478515625,1283.3333740234375,1283.3333740234375,1283.3333740234375,1283.3333740234375,0,2026-10-08
2003-04-30,943.4212646484375,1323.3333740234375,1353.3333740234375,1323.3333740234375,1350.0,113400,2026-10-08
2003-05-01,952.926513671875,1336.6666259765625,1353.3333740234375,1286.6666259765625,1290.0,168000,2026-10-08
2003-05-02,943.4212646484375,1323.3333740234375,1340.0,1316.6666259765625,1330.0,100800,2026-10-08
2003-05-05,943.4212646484375,1323.3333740234375,1323.3333740234375,1323.3333740234375,1323.3333740234375,0,2026-10-08
2003-05-06,1005.20703125,1410.0,1426.6666259765625,1340.0,1340.0,289200,2026-10-08
2003-05-07,979.0665893554688,1373.3333740234375,1426.6666259765625,1373.3333740234375,1426.6666259765625,297900,2026-10-08
2003-05-08,988.5725708007812,1386.6666259765625,1400.0,1340.0,1340.0,159600,2026-10-08
2003-05-09,971.9378051757812,1363.3333740234375,1383.3333740234375,1333.3333740234375,1370.0,239700,2026-10-08
2003-05-12,957.6795654296875,1343.3333740234375,1386.6666259765625,1306.6666259765625,1346.6666259765625,236100,2026-10-08
2003-05-13,948.173828125,1330.0,1376.6666259765625,1330.0,1356.6666259765625,252300,2026-10-08
2003-05-14,960.0557250976562,1346.6666259765625,1363.3333740234375,1326.6666259765625,1326.6666259765625,119100,2026-10-08
2003-05-15,929.162841796875,1303.3333740234375,1346.6666259765625,1290.0,1336.6666259765625,193500,2026-10-08
2003-05-16,929.162841796875,1303.3333740234375,1330.0,1293.3333740234375,1293.3333740234375,90300,2026-10-08
2003-05-19,903.0225830078125,1266.6666259765625,1286.6666259765625,1263.3333740234375,1286.6666259765625,226200,2026-10-08
2003-05-20,884.0119018554688,1240.0,1270.0,1240.0,1266.6666259765625,264000,2026-10-08
2003-05-21,879.2589721679688,1233.3333740234375,1240.0,1176.6666259765625,1236.6666259765625,1131900,2026-10-08
2003-05-22,884.0119018554688,1240.0,1260.0,1220.0,1250.0,224700,2026-10-08
2003-05-23,893.5173950195312,1253.3333740234375,1263.3333740234375,1233.3333740234375,1250.0,324900,2026-10-08
2003-05-26,903.0225830078125,1266.6666259765625,1273.3333740234375,1256.6666259765625,1263.3333740234375,289500,2026-10-08
2003-05-27,884.0119018554688,1240.0,1270.0,1240.0,1270.0,298500,2026-10-08
2003-05-28,888.7646484375,1246.6666259765625,1256.6666259765625,1243.3333740234375,1256.6666259765625,306900,2026-10-08
2003-05-29,903.0225830078125,1266.6666259765625,1270.0,1246.6666259765625,1256.6666259765625,396000,2026-10-08
2003-05-30,912.5280151367188,1280.0,1286.6666259765625,1256.6666259765625,1270.0,411600,2026-10-08
2003-06-02,943.4212646484375,1323.3333740234375,1333.3333740234375,1286.6666259765625,1296.6666259765625,1472700,2026-10-08
2003-06-03,962.4319458007812,1350.0,1370.0,1313.3333740234375,1340.0,1276800,2026-10-08
2003-06-04,967.1846923828125,1356.6666259765625,1390.0,1353.3333740234375,1356.6666259765625,932700,2026-10-08
2003-06-05,1002.83056640625,1406.6666259765625,1413.3333740234375,1386.6666259765625,1390.0,856500,2026-10-08
2003-06-06,1014.712158203125,1423.3333740234375,1423.3333740234375,1396.6666259765625,1413.3333740234375,597300,2026-10-08
2003-06-09,1017.0890502929688,1426.6666259765625,1440.0,1393.3333740234375,1416.6666259765625,566400,2026-10-08
2003-06-10,1005.20703125,1410.0,1426.6666259765625,1393.3333740234375,1393.3333740234375,255000,2026-10-08
2003-06-11,1031.3470458984375,1446.6666259765625,1463.3333740234375,1406.6666259765625,1426.6666259765625,521700,2026-10-08
2003-06-12,1014.712158203125,1423.3333740234375,1480.0,1416.6666259765625,1480.0,542400,2026-10-08
2003-06-13,1038.475830078125,1456.6666259765625,1463.3333740234375,1440.0,1456.6666259765625,568500,2026-10-08
2003-06-16,1040.852783203125,1460.0,1490.0,1440.0,1446.6666259765625,500100,2026-10-08
2003-06-17,1066.9927978515625,1496.6666259765625,1510.0,1493.3333740234375,1496.6666259765625,279600,2026-10-08
2003-06-18,1112.1439208984375,1560.0,1583.3333740234375,1506.6666259765625,1510.0,589800,2026-10-08
2003-06-19,1088.380126953125,1526.6666259765625,1573.3333740234375,1516.6666259765625,1560.0,350400,2026-10-08
2003-06-20,1071.7454833984375,1503.3333740234375,1516.6666259765625,1480.0,1493.3333740234375,295200,2026-10-08
2003-06-23,1047.98193359375,1470.0,1513.3333740234375,1466.6666259765625,1503.3333740234375,280200,2026-10-08
2003-06-24,1026.59423828125,1440.0,1456.6666259765625,1436.6666259765625,1440.0,258600,2026-10-08
2003-06-25,1019.4649658203125,1430.0,1443.3333740234375,1420.0,1436.6666259765625,179100,2026-10-08
2003-06-26,1012.3362426757812,1420.0,1430.0,1390.0,1430.0,356700,2026-10-08
2003-06-27,1064.6162109375,1493.3333740234375,1500.0,1463.3333740234375,1470.0,347400,2026-10-08
2003-06-30,1095.5086669921875,1536.6666259765625,1543.3333740234375,1496.6666259765625,1496.6666259765625,353700,2026-10-08
2003-07-01,1124.025634765625,1576.6666259765625,1583.3333740234375,1530.0,1533.3333740234375,431700,2026-10-08
2003-07-02,1145.412841796875,1606.6666259765625,1640.0,1606.6666259765625,1606.6666259765625,550800,2026-10-08
2003-07-03,1109.7669677734375,1556.6666259765625,1700.0,1543.3333740234375,1700.0,813600,2026-10-08
2003-07-04,1133.5313720703125,1590.0,1593.3333740234375,1550.0,1550.0,504600,2026-10-08
2003-07-07,1183.4351806640625,1660.0,1680.0,1600.0,1600.0,435300,2026-10-08
2003-07-08,1299.8778076171875,1823.3333740234375,1826.6666259765625,1733.3333740234375,1733.3333740234375,1217700,2026-10-08
2003-07-09,1271.361083984375,1783.3333740234375,1823.3333740234375,1736.6666259765625,1820.0,470400,2026-10-08
2003-07-10,1230.962646484375,1726.6666259765625,1760.0,1723.3333740234375,1756.6666259765625,381300,2026-10-08
2003-07-11,1176.305908203125,1650.0,1690.0,1626.6666259765625,1660.0,357300,2026-10-08
2003-07-14,1207.1990966796875,1693.3333740234375,1700.0,1640.0,1653.3333740234375,302100,2026-10-08
2003-07-15,1264.2320556640625,1773.3333740234375,1803.3333740234375,1736.6666259765625,1736.6666259765625,670200,2026-10-08
2003-07-16,1268.9847412109375,1780.0,1846.6666259765625,1750.0,1833.3333740234375,306300,2026-10-08
2003-07-17,1219.0806884765625,1710.0,1756.6666259765625,1670.0,1756.6666259765625,329700,2026-10-08
2003-07-18,1207.1990966796875,1693.3333740234375,1700.0,1653.3333740234375,1653.3333740234375,357300,2026-10-08
2003-07-21,1207.1990966796875,1693.3333740234375,1693.3333740234375,1693.3333740234375,1693.3333740234375,0,2026-10-08
2003-07-22,1204.822265625,1690.0,1713.3333740234375,1680.0,1690.0,132900,2026-10-08
2003-07-23,1278.489990234375,1793.3333740234375,1800.0,1733.3333740234375,1733.3333740234375,363900,2026-10-08
2003-07-24,1299.8778076171875,1823.3333740234375,1833.3333740234375,1793.3333740234375,1793.3333740234375,595800,2026-10-08
2003-07-25,1214.3282470703125,1703.3333740234375,1730.0,1676.6666259765625,1693.3333740234375,786900,2026-10-08
2003-07-28,1169.1771240234375,1640.0,1720.0,1630.0,1713.3333740234375,1106700,2026-10-08
2003-07-29,1150.1661376953125,1613.3333740234375,1676.6666259765625,1596.6666259765625,1656.6666259765625,648300,2026-10-08
2003-07-30,1133.5313720703125,1590.0,1623.3333740234375,1583.3333740234375,1600.0,344100,2026-10-08
2003-07-31,1097.8856201171875,1540.0,1586.6666259765625,1533.3333740234375,1583.3333740234375,416400,2026-10-08
2003-08-01,1131.15478515625,1586.6666259765625,1593.3333740234375,1563.3333740234375,1583.3333740234375,513300,2026-10-08
2003-08-04,1116.896484375,1566.6666259765625,1583.3333740234375,1550.0,1583.3333740234375,246300,2026-10-08
2003-08-05,1083.62744140625,1520.0,1566.6666259765625,1510.0,1550.0,158100,2026-10-08
2003-08-06,1064.6162109375,1493.3333740234375,1520.0,1483.3333740234375,1503.3333740234375,362400,2026-10-08
2003-08-07,1057.4871826171875,1483.3333740234375,1510.0,1470.0,1510.0,169800,2026-10-08
2003-08-08,1064.6162109375,1493.3333740234375,1523.3333740234375,1483.3333740234375,1500.0,157800,2026-10-08
2003-08-11,1083.62744140625,1520.0,1530.0,1506.6666259765625,1513.3333740234375,160500,2026-10-08
2003-08-12,1124.025634765625,1576.6666259765625,1593.3333740234375,1533.3333740234375,1550.0,410400,2026-10-08
2003-08-13,1133.5313720703125,1590.0,1596.6666259765625,1580.0,1590.0,195000,2026-10-08
2003-08-14,1143.036865234375,1603.3333740234375,1616.6666259765625,1563.3333740234375,1573.3333740234375,255000,2026-10-08
2003-08-15,1147.789794921875,1610.0,1610.0,1610.0,1610.0,329700,2026-10-08
2003-08-18,1154.918701171875,1620.0,1640.0,1616.6666259765625,1620.0,124500,2026-10-08
2003-08-19,1207.1990966796875,1693.3333740234375,1700.0,1650.0,1663.3333740234375,466500,2026-10-08
2003-08-20,1202.4461669921875,1686.6666259765625,1716.6666259765625,1670.0,1716.6666259765625,240000,2026-10-08
2003-08-21,1211.951904296875,1700.0,1700.0,1666.6666259765625,1670.0,287700,2026-10-08
2003-08-22,1188.1881103515625,1666.6666259765625,1710.0,1660.0,1703.3333740234375,231300,2026-10-08
2003-08-25,1252.350341796875,1756.6666259765625,1766.6666259765625,1720.0,1733.3333740234375,677400,2026-10-08
2003-08-26,1228.5859375,1723.3333740234375,1760.0,1700.0,1760.0,230700,2026-10-08
2003-08-27,1200.06982421875,1683.3333740234375,1733.3333740234375,1683.3333740234375,1733.3333740234375,237300,2026-10-08
2003-08-28,1264.2320556640625,1773.3333740234375,1793.3333740234375,1723.3333740234375,1733.3333740234375,694800,2026-10-08
2003-08-29,1390.1796875,1950.0,1970.0,1773.3333740234375,1833.3333740234375,2056800,2026-10-08
2003-09-01,1482.8585205078125,2080.0,2100.0,2033.3333740234375,2040.0,1172400,2026-10-08
2003-09-02,1497.11669921875,2100.0,2133.333251953125,2066.666748046875,2093.333251953125,814200,2026-10-08
2003-09-03,1451.965576171875,2036.6666259765625,2126.666748046875,2003.3333740234375,2103.333251953125,552000,2026-10-08
2003-09-04,1466.224365234375,2056.666748046875,2080.0,2016.6666259765625,2066.666748046875,400500,2026-10-08
2003-09-05,1425.8250732421875,2000.0,2056.666748046875,1970.0,2056.666748046875,434100,2026-10-08
2003-09-08,1409.19091796875,1976.6666259765625,1986.6666259765625,1900.0,1900.0,379200,2026-10-08
2003-09-09,1444.83642578125,2026.6666259765625,2056.666748046875,1983.3333740234375,1983.3333740234375,627600,2026-10-08
2003-09-10,1425.8250732421875,2000.0,2046.6666259765625,1986.6666259765625,1993.3333740234375,323400,2026-10-08
2003-09-11,1385.42724609375,1943.3333740234375,1966.6666259765625,1923.3333740234375,1933.3333740234375,370800,2026-10-08
2003-09-12,1371.1690673828125,1923.3333740234375,1943.3333740234375,1910.0,1943.3333740234375,357000,2026-10-08
2003-09-15,1371.1690673828125,1923.3333740234375,1923.3333740234375,1923.3333740234375,1923.3333740234375,0,2026-10-08
2003-09-16,1366.415771484375,1916.6666259765625,1920.0,1893.3333740234375,1906.6666259765625,213600,2026-10-08
2003-09-17,1366.415771484375,1916.6666259765625,1966.6666259765625,1900.0,1940.0,724800,2026-10-08
2003-09-18,1385.42724609375,1943.3333740234375,1953.3333740234375,1893.3333740234375,1900.0,173400,2026-10-08
2003-09-19,1399.685546875,1963.3333740234375,1976.6666259765625,1900.0,1976.6666259765625,347100,2026-10-08
2003-09-22,1307.006591796875,1833.3333740234375,1906.6666259765625,1826.6666259765625,1896.6666259765625,551700,2026-10-08
2003-09-23,1307.006591796875,1833.3333740234375,1833.3333740234375,1833.3333740234375,1833.3333740234375,0,2026-10-08
2003-09-24,1202.4461669921875,1686.6666259765625,1816.6666259765625,1650.0,1790.0,985500,2026-10-08
2003-09-25,1225.0892333984375,1713.3333740234375,1736.6666259765625,1633.3333740234375,1646.6666259765625,331800,2026-10-08
2003-09-26,1263.223876953125,1766.6666259765625,1783.3333740234375,1700.0,1713.3333740234375,403200,2026-10-08
2003-09-29,1248.92333984375,1746.6666259765625,1770.0,1740.0,1740.0,141000,2026-10-08
2003-09-30,1265.607177734375,1770.0,1800.0,1770.0,1780.0,248400,2026-10-08
2003-10-01,1265.607177734375,1770.0,1783.3333740234375,1750.0,1750.0,188400,2026-10-08
2003-10-02,1294.208740234375,1810.0,1816.6666259765625,1783.3333740234375,1806.6666259765625,205800,2026-10-08
2003-10-03,1287.05859375,1800.0,1806.6666259765625,1790.0,1800.0,171900,2026-10-08
2003-10-06,1318.0428466796875,1843.3333740234375,1850.0,1800.0,1800.0,347400,2026-10-08
2003-10-07,1296.59228515625,1813.3333740234375,1836.6666259765625,1806.6666259765625,1810.0,166200,2026-10-08
2003-10-08,1234.6226806640625,1726.6666259765625,1796.6666259765625,1716.6666259765625,1770.0,255600,2026-10-08
2003-10-09,1239.3892822265625,1733.3333740234375,1750.0,1726.6666259765625,1743.3333740234375,147900,2026-10-08
2003-10-10,1298.9754638671875,1816.6666259765625,1843.3333740234375,1743.3333740234375,1783.3333740234375,306300,2026-10-08
2003-10-13,1298.9754638671875,1816.6666259765625,1816.6666259765625,1816.6666259765625,1816.6666259765625,0,2026-10-08
2003-10-14,1363.3282470703125,1906.6666259765625,1916.6666259765625,1850.0,1850.0,470400,2026-10-08
2003-10-15,1380.0125732421875,1930.0,1960.0,1893.3333740234375,1930.0,518400,2026-10-08
2003-10-16,1406.2303466796875,1966.6666259765625,1976.6666259765625,1933.3333740234375,1960.0,387000,2026-10-08
2003-10-17,1408.613525390625,1970.0,1986.6666259765625,1956.6666259765625,1963.3333740234375,494400,2026-10-08
2003-10-20,1413.380859375,1976.6666259765625,1993.3333740234375,1916.6666259765625,1950.0,452100,2026-10-08
2003-10-21,1441.982177734375,2016.6666259765625,2046.6666259765625,1983.3333740234375,2000.0,669600,2026-10-08
2003-10-22,1422.9144287109375,1990.0,2016.6666259765625,1986.6666259765625,2016.6666259765625,363900,2026-10-08
2003-10-23,1315.6593017578125,1840.0,1943.3333740234375,1840.0,1936.6666259765625,391200,2026-10-08
2003-10-24,1310.892578125,1833.3333740234375,1883.3333740234375,1803.3333740234375,1840.0,619500,2026-10-08
2003-10-27,1332.34375,1863.3333740234375,1880.0,1833.3333740234375,1833.3333740234375,166200,2026-10-08
2003-10-28,1351.4112548828125,1890.0,1900.0,1860.0,1896.6666259765625,159300,2026-10-08
2003-10-29,1427.6815185546875,1996.6666259765625,2020.0,1950.0,1950.0,649200,2026-10-08
2003-10-30,1434.8314208984375,2006.6666259765625,2033.3333740234375,1973.3333740234375,1973.3333740234375,421800,2026-10-08
2003-10-31,1406.2303466796875,1966.6666259765625,2003.3333740234375,1943.3333740234375,2000.0,267900,2026-10-08
2003-11-03,1406.2303466796875,1966.6666259765625,1966.6666259765625,1966.6666259765625,1966.6666259765625,0,2026-10-08
2003-11-04,1477.7335205078125,2066.666748046875,2073.333251953125,2006.6666259765625,2006.6666259765625,891900,2026-10-08
2003-11-05,1489.65087890625,2083.333251953125,2083.333251953125,2020.0,2030.0,506400,2026-10-08
2003-11-06,1539.703125,2153.333251953125,2226.666748046875,2136.666748046875,2200.0,1911300,2026-10-08
2003-11-07,1551.6201171875,2170.0,2210.0,2166.666748046875,2200.0,824400,2026-10-08
2003-11-10,1596.905517578125,2233.333251953125,2240.0,2176.666748046875,2203.333251953125,807300,2026-10-08
2003-11-11,1503.951416015625,2103.333251953125,2176.666748046875,2073.333251953125,2140.0,600000,2026-10-08
2003-11-12,1494.4173583984375,2090.0,2156.666748046875,2073.333251953125,2096.666748046875,520500,2026-10-08
2003-11-13,1506.3345947265625,2106.666748046875,2180.0,2033.3333740234375,2170.0,522000,2026-10-08
2003-11-14,1492.034423828125,2086.666748046875,2123.333251953125,2046.6666259765625,2120.0,393600,2026-10-08
2003-11-17,1399.0802001953125,1956.6666259765625,2023.3333740234375,1936.6666259765625,2000.0,480600,2026-10-08
2003-11-18,1396.69677734375,1953.3333740234375,1983.3333740234375,1910.0,1953.3333740234375,326400,2026-10-08
2003-11-19,1337.1107177734375,1870.0,1930.0,1870.0,1920.0,397500,2026-10-08
2003-11-20,1346.6444091796875,1883.3333740234375,1933.3333740234375,1850.0,1933.3333740234375,532800,2026-10-08
2003-11-21,1368.095703125,1913.3333740234375,1926.6666259765625,1843.3333740234375,1866.6666259765625,318900,2026-10-08
2003-11-24,1368.095703125,1913.3333740234375,1913.3333740234375,1913.3333740234375,1913.3333740234375,0,2026-10-08
2003-11-25,1413.380859375,1976.6666259765625,1993.3333740234375,1966.6666259765625,1966.6666259765625,424500,2026-10-08
2003-11-26,1441.982177734375,2016.6666259765625,2050.0,1966.6666259765625,2000.0,243300,2026-10-08
2003-11-27,1422.9144287109375,1990.0,2000.0,1913.3333740234375,1983.3333740234375,858000,2026-10-08
2003-11-28,1363.3282470703125,1906.6666259765625,1956.6666259765625,1900.0,1950.0,500100,2026-10-08
2003-12-01,1425.2978515625,1993.3333740234375,2010.0,1870.0,1906.6666259765625,507600,2026-10-08
2003-12-02,1456.2825927734375,2036.6666259765625,2050.0,2010.0,2033.3333740234375,600000,2026-10-08
2003-12-03,1463.4329833984375,2046.6666259765625,2063.333251953125,1996.6666259765625,2033.3333740234375,450300,2026-10-08
2003-12-04,1477.7335205078125,2066.666748046875,2070.0,2036.6666259765625,2050.0,507600,2026-10-08
2003-12-05,1430.064697265625,2000.0,2053.333251953125,1990.0,2033.3333740234375,225300,2026-10-08
2003-12-08,1365.7120361328125,1910.0,1966.6666259765625,1883.3333740234375,1966.6666259765625,498300,2026-10-08
2003-12-09,1349.0274658203125,1886.6666259765625,1943.3333740234375,1850.0,1943.3333740234375,470400,2026-10-08
2003-12-10,1322.8101806640625,1850.0,1866.6666259765625,1820.0,1863.3333740234375,642900,2026-10-08
2003-12-11,1329.9603271484375,1860.0,1896.6666259765625,1836.6666259765625,1866.6666259765625,218400,2026-10-08
2003-12-12,1368.095703125,1913.3333740234375,1926.6666259765625,1893.3333740234375,1923.3333740234375,470400,2026-10-08
2003-12-15,1396.69677734375,1953.3333740234375,1983.3333740234375,1936.6666259765625,1966.6666259765625,396900,2026-10-08
2003-12-16,1377.62890625,1926.6666259765625,1940.0,1913.3333740234375,1913.3333740234375,322800,2026-10-08
2003-12-17,1380.0125732421875,1930.0,1950.0,1896.6666259765625,1930.0,285900,2026-10-08
2003-12-18,1341.87744140625,1876.6666259765625,1920.0,1866.6666259765625,1896.6666259765625,245700,2026-10-08
2003-12-19,1349.0274658203125,1886.6666259765625,1930.0,1886.6666259765625,1930.0,282000,2026-10-08
2003-12-22,1394.3131103515625,1950.0,1953.3333740234375,1900.0,1920.0,250800,2026-10-08
2003-12-23,1394.3131103515625,1950.0,1950.0,1950.0,1950.0,0,2026-10-08
2003-12-24,1408.613525390625,1970.0,2010.0,1956.6666259765625,1956.6666259765625,325800,2026-10-08
2003-12-25,1425.2978515625,1993.3333740234375,1996.6666259765625,1956.6666259765625,1956.6666259765625,153000,2026-10-08
2003-12-26,1425.2978515625,1993.3333740234375,2000.0,1976.6666259765625,1976.6666259765625,122700,2026-10-08
2003-12-29,1449.1322021484375,2026.6666259765625,2030.0,1986.6666259765625,2016.6666259765625,192300,2026-10-08
2003-12-30,1446.7490234375,2023.3333740234375,2050.0,2016.6666259765625,2040.0,134400,2026-10-08
2003-12-31,1446.7490234375,2023.3333740234375,2023.3333740234375,2023.3333740234375,2023.3333740234375,0,2026-10-08
2004-01-01,1446.7490234375,2023.3333740234375,2023.3333740234375,2023.3333740234375,2023.3333740234375,0,2026-10-08
2004-01-02,1446.7490234375,2023.3333740234375,2023.3333740234375,2023.3333740234375,2023.3333740234375,0,2026-10-08
2004-01-05,1439.598876953125,2013.3333740234375,2060.0,2010.0,2060.0,186600,2026-10-08
2004-01-06,1434.8314208984375,2006.6666259765625,2056.666748046875,1996.6666259765625,2056.666748046875,361800,2026-10-08
2004-01-07,1453.899658203125,2033.3333740234375,2050.0,2006.6666259765625,2006.6666259765625,293100,2026-10-08
2004-01-08,1496.8011474609375,2093.333251953125,2116.666748046875,2020.0,2020.0,557400,2026-10-08
2004-01-09,1537.31982421875,2150.0,2156.666748046875,2116.666748046875,2126.666748046875,489600,2026-10-08
2004-01-12,1537.31982421875,2150.0,2150.0,2150.0,2150.0,0,2026-10-08
2004-01-13,1525.40234375,2133.333251953125,2176.666748046875,2123.333251953125,2173.333251953125,451200,2026-10-08
2004-01-14,1544.469482421875,2160.0,2196.666748046875,2070.0,2070.0,436500,2026-10-08
2004-01-15,1537.31982421875,2150.0,2176.666748046875,2133.333251953125,2166.666748046875,361800,2026-10-08
2004-01-16,1551.6201171875,2170.0,2183.333251953125,2153.333251953125,2173.333251953125,281700,2026-10-08
2004-01-19,1565.9212646484375,2190.0,2206.666748046875,2173.333251953125,2173.333251953125,324000,2026-10-08
2004-01-20,1573.0714111328125,2200.0,2226.666748046875,2176.666748046875,2223.333251953125,348300,2026-10-08
2004-01-21,1542.0867919921875,2156.666748046875,2196.666748046875,2146.666748046875,2176.666748046875,410400,2026-10-08
2004-01-22,1499.1846923828125,2096.666748046875,2156.666748046875,2070.0,2156.666748046875,331200,2026-10-08
2004-01-23,1503.951416015625,2103.333251953125,2123.333251953125,2080.0,2096.666748046875,235200,2026-10-08
2004-01-26,1501.568115234375,2100.0,2103.333251953125,2063.333251953125,2080.0,359400,2026-10-08
2004-01-27,1470.583984375,2056.666748046875,2140.0,2053.333251953125,2113.333251953125,627900,2026-10-08
2004-01-28,1394.3131103515625,1950.0,2026.6666259765625,1926.6666259765625,2023.3333740234375,1035300,2026-10-08
2004-01-29,1382.3961181640625,1933.3333740234375,1953.3333740234375,1906.6666259765625,1916.6666259765625,825000,2026-10-08
2004-01-30,1377.62890625,1926.6666259765625,1953.3333740234375,1903.3333740234375,1933.3333740234375,728100,2026-10-08
2004-02-02,1356.1783447265625,1896.6666259765625,1926.6666259765625,1893.3333740234375,1903.3333740234375,539700,2026-10-08
2004-02-03,1329.9603271484375,1860.0,1906.6666259765625,1850.0,1896.6666259765625,667200,2026-10-08
2004-02-04,1265.607177734375,1770.0,1853.3333740234375,1770.0,1846.6666259765625,667800,2026-10-08
2004-02-05,1298.9754638671875,1816.6666259765625,1836.6666259765625,1760.0,1763.3333740234375,444000,2026-10-08
2004-02-06,1284.6744384765625,1796.6666259765625,1836.6666259765625,1790.0,1816.6666259765625,240000,2026-10-08
2004-02-09,1287.05859375,1800.0,1883.3333740234375,1796.6666259765625,1843.3333740234375,401700,2026-10-08
2004-02-10,1263.223876953125,1766.6666259765625,1826.6666259765625,1753.3333740234375,1806.6666259765625,291600,2026-10-08
2004-02-11,1263.223876953125,1766.6666259765625,1766.6666259765625,1766.6666259765625,1766.6666259765625,0,2026-10-08
2004-02-12,1234.6226806640625,1726.6666259765625,1783.3333740234375,1700.0,1776.6666259765625,836700,2026-10-08
2004-02-13,1225.0892333984375,1713.3333740234375,1726.6666259765625,1700.0,1726.6666259765625,719100,2026-10-08
2004-02-16,1253.68994140625,1753.3333740234375,1756.6666259765625,1703.3333740234375,1726.6666259765625,639600,2026-10-08
2004-02-17,1327.5770263671875,1856.6666259765625,1856.6666259765625,1743.3333740234375,1750.0,730800,2026-10-08
2004-02-18,1279.9080810546875,1790.0,1853.3333740234375,1776.6666259765625,1853.3333740234375,329100,2026-10-08
2004-02-19,1301.3587646484375,1820.0,1840.0,1800.0,1823.3333740234375,327900,2026-10-08
2004-02-20,1272.7578125,1780.0,1816.6666259765625,1776.6666259765625,1816.6666259765625,219600,2026-10-08
2004-02-23,1258.4571533203125,1760.0,1770.0,1723.3333740234375,1730.0,1235400,2026-10-08
2004-02-24,1215.554931640625,1700.0,1746.6666259765625,1700.0,1740.0,688800,2026-10-08
2004-02-25,1208.404541015625,1690.0,1723.3333740234375,1686.6666259765625,1700.0,360600,2026-10-08
2004-02-26,1217.9383544921875,1703.3333740234375,1723.3333740234375,1693.3333740234375,1716.6666259765625,332400,2026-10-08
2004-02-27,1260.840576171875,1763.3333740234375,1783.3333740234375,1716.6666259765625,1736.6666259765625,568500,2026-10-08
2004-03-01,1279.9080810546875,1790.0,1813.3333740234375,1776.6666259765625,1796.6666259765625,670800,2026-10-08
2004-03-02,1296.59228515625,1813.3333740234375,1830.0,1796.6666259765625,1826.6666259765625,472500,2026-10-08
2004-03-03,1291.8248291015625,1806.6666259765625,1816.6666259765625,1790.0,1813.3333740234375,458100,2026-10-08
2004-03-04,1315.6593017578125,1840.0,1843.3333740234375,1803.3333740234375,1806.6666259765625,599100,2026-10-08
2004-03-05,1284.6744384765625,1796.6666259765625,1863.3333740234375,1776.6666259765625,1863.3333740234375,762300,2026-10-08
2004-03-08,1282.291259765625,1793.3333740234375,1826.6666259765625,1793.3333740234375,1816.6666259765625,309600,2026-10-08
2004-03-09,1267.9908447265625,1773.3333740234375,1780.0,1743.3333740234375,1760.0,349200,2026-10-08
2004-03-10,1229.8555908203125,1720.0,1763.3333740234375,1710.0,1746.6666259765625,528300,2026-10-08
2004-03-11,1246.5399169921875,1743.3333740234375,1750.0,1700.0,1700.0,329100,2026-10-08
2004-03-12,1265.607177734375,1770.0,1780.0,1710.0,1710.0,467100,2026-10-08
2004-03-15,1260.840576171875,1763.3333740234375,1783.3333740234375,1756.6666259765625,1783.3333740234375,267300,2026-10-08
2004-03-16,1227.47265625,1716.6666259765625,1743.3333740234375,1710.0,1730.0,507000,2026-10-08
2004-03-17,1248.92333984375,1746.6666259765625,1750.0,1720.0,1720.0,397200,2026-10-08
2004-03-18,1227.47265625,1716.6666259765625,1766.6666259765625,1703.3333740234375,1763.3333740234375,455700,2026-10-08
2004-03-19,1229.8555908203125,1720.0,1733.3333740234375,1706.6666259765625,1723.3333740234375,323400,2026-10-08
2004-03-22,1237.006103515625,1730.0,1743.3333740234375,1720.0,1730.0,207900,2026-10-08
2004-03-23,1232.2388916015625,1723.3333740234375,1726.6666259765625,1700.0,1720.0,216000,2026-10-08
2004-03-24,1222.70556640625,1710.0,1730.0,1703.3333740234375,1726.6666259765625,313800,2026-10-08
2004-03-25,1248.92333984375,1746.6666259765625,1753.3333740234375,1713.3333740234375,1713.3333740234375,433500,2026-10-08
2004-03-26,1319.4365234375,1840.0,1850.0,1776.6666259765625,1793.3333740234375,1144800,2026-10-08
2004-03-29,1314.656005859375,1833.3333740234375,1850.0,1820.0,1846.6666259765625,472800,2026-10-08
2004-03-30,1319.4365234375,1840.0,1860.0,1826.6666259765625,1856.6666259765625,545400,2026-10-08
2004-03-31,1326.607421875,1850.0,1860.0,1793.3333740234375,1850.0,596100,2026-10-08
2004-04-01,1295.5335693359375,1806.6666259765625,1843.3333740234375,1783.3333740234375,1833.3333740234375,452100,2026-10-08
2004-04-02,1319.4365234375,1840.0,1850.0,1800.0,1806.6666259765625,647400,2026-10-08
2004-04-05,1364.8521728515625,1903.3333740234375,1906.6666259765625,1870.0,1896.6666259765625,1049700,2026-10-08
2004-04-06,1372.02294921875,1913.3333740234375,1936.6666259765625,1870.0,1923.3333740234375,975000,2026-10-08
2004-04-07,1355.2908935546875,1890.0,1900.0,1873.3333740234375,1883.3333740234375,521700,2026-10-08
2004-04-08,1343.3392333984375,1873.3333740234375,1880.0,1850.0,1866.6666259765625,414300,2026-10-08
2004-04-09,1293.1435546875,1803.3333740234375,1843.3333740234375,1793.3333740234375,1833.3333740234375,694200,2026-10-08
2004-04-12,1312.2659912109375,1830.0,1840.0,1806.6666259765625,1806.6666259765625,623700,2026-10-08
2004-04-13,1319.4365234375,1840.0,1876.6666259765625,1840.0,1843.3333740234375,574800,2026-10-08
2004-04-14,1288.3626708984375,1796.6666259765625,1816.6666259765625,1780.0,1810.0,692700,2026-10-08
2004-04-15,1276.411376953125,1780.0,1833.3333740234375,1776.6666259765625,1813.3333740234375,577500,2026-10-08
2004-04-16,1276.411376953125,1780.0,1796.6666259765625,1766.6666259765625,1783.3333740234375,242400,2026-10-08
2004-04-19,1257.2890625,1753.3333740234375,1780.0,1733.3333740234375,1766.6666259765625,402600,2026-10-08
2004-04-20,1305.0947265625,1820.0,1820.0,1756.6666259765625,1766.6666259765625,447600,2026-10-08
2004-04-21,1317.046142578125,1836.6666259765625,1853.3333740234375,1780.0,1800.0,567000,2026-10-08
2004-04-22,1305.0947265625,1820.0,1856.6666259765625,1816.6666259765625,1853.3333740234375,334500,2026-10-08
2004-04-23,1350.5103759765625,1883.3333740234375,1883.3333740234375,1826.6666259765625,1833.3333740234375,666900,2026-10-08
2004-04-26,1345.729736328125,1876.6666259765625,1906.6666259765625,1866.6666259765625,1900.0,569400,2026-10-08
2004-04-27,1321.82666015625,1843.3333740234375,1870.0,1813.3333740234375,1853.3333740234375,417900,2026-10-08
2004-04-28,1293.1435546875,1803.3333740234375,1840.0,1793.3333740234375,1826.6666259765625,360900,2026-10-08
2004-04-29,1293.1435546875,1803.3333740234375,1803.3333740234375,1803.3333740234375,1803.3333740234375,0,2026-10-08
2004-04-30,1264.4599609375,1763.3333740234375,1783.3333740234375,1753.3333740234375,1756.6666259765625,408900,2026-10-08
2004-05-03,1264.4599609375,1763.3333740234375,1763.3333740234375,1763.3333740234375,1763.3333740234375,0,2026-10-08
2004-05-04,1264.4599609375,1763.3333740234375,1763.3333740234375,1763.3333740234375,1763.3333740234375,0,2026-10-08
2004-05-05,1264.4599609375,1763.3333740234375,1763.3333740234375,1763.3333740234375,1763.3333740234375,0,2026-10-08
2004-05-06,1238.1671142578125,1726.6666259765625,1783.3333740234375,1726.6666259765625,1773.3333740234375,320700,2026-10-08
2004-05-07,1226.215576171875,1710.0,1736.6666259765625,1710.0,1716.6666259765625,488700,2026-10-08
2004-05-10,1183.1904296875,1650.0,1750.0,1633.3333740234375,1716.6666259765625,710400,2026-10-08
2004-05-11,1176.01953125,1640.0,1666.6666259765625,1616.6666259765625,1633.3333740234375,601200,2026-10-08
2004-05-12,1187.970703125,1656.6666259765625,1680.0,1626.6666259765625,1663.3333740234375,560100,2026-10-08
2004-05-13,1149.7265625,1603.3333740234375,1653.3333740234375,1600.0,1653.3333740234375,320700,2026-10-08
2004-05-14,1140.165283203125,1590.0,1616.6666259765625,1553.3333740234375,1586.6666259765625,281700,2026-10-08
2004-05-17,1078.01806640625,1503.3333740234375,1570.0,1503.3333740234375,1563.3333740234375,386100,2026-10-08
2004-05-18,1104.310791015625,1540.0,1556.6666259765625,1486.6666259765625,1486.6666259765625,360600,2026-10-08
2004-05-19,1161.677734375,1620.0,1626.6666259765625,1550.0,1570.0,354600,2026-10-08
2004-05-20,1123.43310546875,1566.6666259765625,1616.6666259765625,1566.6666259765625,1596.6666259765625,306900,2026-10-08
2004-05-21,1152.1168212890625,1606.6666259765625,1613.3333740234375,1583.3333740234375,1583.3333740234375,261000,2026-10-08
2004-05-24,1156.8975830078125,1613.3333740234375,1623.3333740234375,1606.6666259765625,1610.0,285600,2026-10-08
2004-05-25,1125.82373046875,1570.0,1613.3333740234375,1566.6666259765625,1606.6666259765625,221100,2026-10-08
2004-05-26,1154.5072021484375,1610.0,1610.0,1586.6666259765625,1603.3333740234375,201900,2026-10-08
2004-05-27,1137.7750244140625,1586.6666259765625,1626.6666259765625,1583.3333740234375,1616.6666259765625,140700,2026-10-08
2004-05-28,1187.970703125,1656.6666259765625,1656.6666259765625,1613.3333740234375,1616.6666259765625,362700,2026-10-08
2004-05-31,1166.458740234375,1626.6666259765625,1650.0,1616.6666259765625,1650.0,206400,2026-10-08
2004-06-01,1171.23876953125,1633.3333740234375,1656.6666259765625,1626.6666259765625,1640.0,168600,2026-10-08
2004-06-02,1159.28759765625,1616.6666259765625,1633.3333740234375,1610.0,1626.6666259765625,157200,2026-10-08
2004-06-03,1113.8721923828125,1553.3333740234375,1623.3333740234375,1553.3333740234375,1616.6666259765625,252300,2026-10-08
2004-06-04,1106.7012939453125,1543.3333740234375,1560.0,1536.6666259765625,1553.3333740234375,393900,2026-10-08
2004-06-07,1128.2142333984375,1573.3333740234375,1576.6666259765625,1550.0,1553.3333740234375,843000,2026-10-08
2004-06-08,1123.43310546875,1566.6666259765625,1606.6666259765625,1566.6666259765625,1606.6666259765625,506700,2026-10-08
2004-06-09,1128.2142333984375,1573.3333740234375,1583.3333740234375,1560.0,1563.3333740234375,386100,2026-10-08
2004-06-10,1121.0430908203125,1563.3333740234375,1566.6666259765625,1550.0,1563.3333740234375,677700,2026-10-08
2004-06-11,1104.310791015625,1540.0,1570.0,1533.3333740234375,1546.6666259765625,537900,2026-10-08
2004-06-14,1075.6275634765625,1500.0,1546.6666259765625,1500.0,1546.6666259765625,543300,2026-10-08
2004-06-15,1051.7247314453125,1466.6666259765625,1500.0,1466.6666259765625,1483.3333740234375,609300,2026-10-08
2004-06-16,1073.2371826171875,1496.6666259765625,1513.3333740234375,1486.6666259765625,1500.0,403800,2026-10-08
2004-06-17,1054.115234375,1470.0,1490.0,1460.0,1483.3333740234375,471000,2026-10-08
2004-06-18,1030.2119140625,1436.6666259765625,1466.6666259765625,1433.3333740234375,1466.6666259765625,500400,2026-10-08
2004-06-21,1032.6025390625,1440.0,1466.6666259765625,1433.3333740234375,1436.6666259765625,625800,2026-10-08
2004-06-22,1001.52880859375,1396.6666259765625,1433.3333740234375,1390.0,1426.6666259765625,623700,2026-10-08
2004-06-23,1032.6025390625,1440.0,1450.0,1410.0,1430.0,732300,2026-10-08
2004-06-24,1061.2860107421875,1480.0,1486.6666259765625,1456.6666259765625,1473.3333740234375,867300,2026-10-08
2004-06-25,1061.2860107421875,1480.0,1500.0,1466.6666259765625,1486.6666259765625,824400,2026-10-08
2004-06-28,1099.5306396484375,1533.3333740234375,1540.0,1496.6666259765625,1506.6666259765625,1436400,2026-10-08
2004-06-29,1104.310791015625,1540.0,1543.3333740234375,1516.6666259765625,1536.6666259765625,788100,2026-10-08
2004-06-30,1101.9205322265625,1536.6666259765625,1556.6666259765625,1523.3333740234375,1533.3333740234375,580800,2026-10-08
2004-07-01,1089.9693603515625,1520.0,1556.6666259765625,1510.0,1553.3333740234375,612300,2026-10-08
2004-07-02,1056.50537109375,1473.3333740234375,1496.6666259765625,1463.3333740234375,1486.6666259765625,693900,2026-10-08
2004-07-05,1049.33447265625,1463.3333740234375,1476.6666259765625,1446.6666259765625,1473.3333740234375,366600,2026-10-08
2004-07-06,1039.7734375,1450.0,1480.0,1446.6666259765625,1450.0,284700,2026-10-08
2004-07-07,1027.822265625,1433.3333740234375,1440.0,1423.3333740234375,1423.3333740234375,326700,2026-10-08
2004-07-08,1015.8699951171875,1416.6666259765625,1450.0,1416.6666259765625,1440.0,298800,2026-10-08
2004-07-09,1023.0415649414062,1426.6666259765625,1426.6666259765625,1416.6666259765625,1416.6666259765625,345900,2026-10-08
2004-07-12,1023.0415649414062,1426.6666259765625,1450.0,1423.3333740234375,1436.6666259765625,317100,2026-10-08
2004-07-13,1015.8699951171875,1416.6666259765625,1430.0,1403.3333740234375,1426.6666259765625,321000,2026-10-08
2004-07-14,1006.3094482421875,1403.3333740234375,1420.0,1403.3333740234375,1420.0,365100,2026-10-08
2004-07-15,975.23583984375,1360.0,1410.0,1350.0,1410.0,498000,2026-10-08
2004-07-16,1008.7000122070312,1406.6666259765625,1416.6666259765625,1336.6666259765625,1366.6666259765625,393600,2026-10-08
2004-07-19,1008.7000122070312,1406.6666259765625,1406.6666259765625,1406.6666259765625,1406.6666259765625,0,2026-10-08
2004-07-20,975.23583984375,1360.0,1390.0,1356.6666259765625,1380.0,276300,2026-10-08
2004-07-21,1008.7000122070312,1406.6666259765625,1406.6666259765625,1380.0,1386.6666259765625,248400,2026-10-08
2004-07-22,977.626220703125,1363.3333740234375,1380.0,1360.0,1363.3333740234375,281100,2026-10-08
2004-07-23,970.4551391601562,1353.3333740234375,1370.0,1343.3333740234375,1366.6666259765625,167100,2026-10-08
2004-07-26,984.7969360351562,1373.3333740234375,1380.0,1333.3333740234375,1336.6666259765625,357300,2026-10-08
2004-07-27,958.5037841796875,1336.6666259765625,1376.6666259765625,1333.3333740234375,1373.3333740234375,582000,2026-10-08
2004-07-28,1003.919189453125,1400.0,1420.0,1380.0,1383.3333740234375,912300,2026-10-08
2004-07-29,1018.260986328125,1420.0,1430.0,1380.0,1416.6666259765625,732000,2026-10-08
2004-07-30,1042.1636962890625,1453.3333740234375,1456.6666259765625,1430.0,1430.0,427500,2026-10-08
2004-08-02,1030.2119140625,1436.6666259765625,1456.6666259765625,1430.0,1456.6666259765625,204000,2026-10-08
2004-08-03,1027.822265625,1433.3333740234375,1453.3333740234375,1420.0,1450.0,255900,2026-10-08
2004-08-04,1013.4803466796875,1413.3333740234375,1416.6666259765625,1373.3333740234375,1413.3333740234375,322500,2026-10-08
2004-08-05,1044.553955078125,1456.6666259765625,1456.6666259765625,1413.3333740234375,1430.0,378900,2026-10-08
2004-08-06,1046.9443359375,1460.0,1460.0,1410.0,1423.3333740234375,317700,2026-10-08
2004-08-09,1044.553955078125,1456.6666259765625,1456.6666259765625,1420.0,1423.3333740234375,296100,2026-10-08
2004-08-10,1056.50537109375,1473.3333740234375,1476.6666259765625,1446.6666259765625,1450.0,283800,2026-10-08
2004-08-11,1054.115234375,1470.0,1490.0,1463.3333740234375,1486.6666259765625,459900,2026-10-08
2004-08-12,1034.9927978515625,1443.3333740234375,1463.3333740234375,1436.6666259765625,1463.3333740234375,415500,2026-10-08
2004-08-13,1015.8699951171875,1416.6666259765625,1433.3333740234375,1413.3333740234375,1416.6666259765625,203400,2026-10-08
2004-08-16,1006.3094482421875,1403.3333740234375,1416.6666259765625,1393.3333740234375,1406.6666259765625,171300,2026-10-08
2004-08-17,1006.3094482421875,1403.3333740234375,1430.0,1400.0,1430.0,160200,2026-10-08
2004-08-18,1020.6508178710938,1423.3333740234375,1423.3333740234375,1393.3333740234375,1393.3333740234375,202200,2026-10-08
2004-08-19,1051.7247314453125,1466.6666259765625,1476.6666259765625,1426.6666259765625,1440.0,543600,2026-10-08
2004-08-20,1061.2860107421875,1480.0,1483.3333740234375,1456.6666259765625,1466.6666259765625,297300,2026-10-08
2004-08-23,1051.7247314453125,1466.6666259765625,1486.6666259765625,1466.6666259765625,1483.3333740234375,251100,2026-10-08
2004-08-24,1070.847412109375,1493.3333740234375,1493.3333740234375,1463.3333740234375,1476.6666259765625,178800,2026-10-08
2004-08-25,1075.6275634765625,1500.0,1506.6666259765625,1473.3333740234375,1490.0,367200,2026-10-08
2004-08-26,1066.0665283203125,1486.6666259765625,1503.3333740234375,1473.3333740234375,1500.0,329700,2026-10-08
2004-08-27,1066.0665283203125,1486.6666259765625,1490.0,1473.3333740234375,1490.0,147900,2026-10-08
2004-08-30,1061.2860107421875,1480.0,1483.3333740234375,1473.3333740234375,1480.0,144600,2026-10-08
2004-08-31,1049.33447265625,1463.3333740234375,1480.0,1463.3333740234375,1473.3333740234375,195900,2026-10-08
2004-09-01,1051.7247314453125,1466.6666259765625,1476.6666259765625,1463.3333740234375,1466.6666259765625,125700,2026-10-08
2004-09-02,1066.0665283203125,1486.6666259765625,1486.6666259765625,1466.6666259765625,1466.6666259765625,317700,2026-10-08
2004-09-03,1042.1636962890625,1453.3333740234375,1483.3333740234375,1453.3333740234375,1480.0,276900,2026-10-08
2004-09-06,1032.6025390625,1440.0,1443.3333740234375,1413.3333740234375,1436.6666259765625,663600,2026-10-08
2004-09-07,1034.9927978515625,1443.3333740234375,1456.6666259765625,1430.0,1456.6666259765625,243900,2026-10-08
2004-09-08,1023.0415649414062,1426.6666259765625,1446.6666259765625,1426.6666259765625,1446.6666259765625,160800,2026-10-08
2004-09-09,1008.7000122070312,1406.6666259765625,1440.0,1406.6666259765625,1420.0,280500,2026-10-08
2004-09-10,1015.8699951171875,1416.6666259765625,1426.6666259765625,1400.0,1406.6666259765625,301200,2026-10-08
2004-09-13,1058.8955078125,1476.6666259765625,1476.6666259765625,1420.0,1436.6666259765625,369600,2026-10-08
2004-09-14,1075.6275634765625,1500.0,1510.0,1483.3333740234375,1496.6666259765625,608100,2026-10-08
2004-09-15,1056.50537109375,1473.3333740234375,1500.0,1466.6666259765625,1500.0,228300,2026-10-08
2004-09-16,1044.553955078125,1456.6666259765625,1463.3333740234375,1440.0,1450.0,217500,2026-10-08
2004-09-17,1025.431640625,1430.0,1446.6666259765625,1423.3333740234375,1440.0,197400,2026-10-08
2004-09-20,1025.431640625,1430.0,1430.0,1430.0,1430.0,0,2026-10-08
2004-09-21,1015.8699951171875,1416.6666259765625,1436.6666259765625,1413.3333740234375,1430.0,411600,2026-10-08
2004-09-22,1020.6508178710938,1423.3333740234375,1443.3333740234375,1420.0,1433.3333740234375,252000,2026-10-08
2004-09-23,1020.6508178710938,1423.3333740234375,1423.3333740234375,1423.3333740234375,1423.3333740234375,0,2026-10-08
2004-09-24,1006.3094482421875,1403.3333740234375,1413.3333740234375,1393.3333740234375,1410.0,185400,2026-10-08
2004-09-27,1019.5026245117188,1416.6666259765625,1416.6666259765625,1383.3333740234375,1416.6666259765625,194400,2026-10-08
2004-09-28,1041.0927734375,1446.6666259765625,1466.6666259765625,1413.3333740234375,1420.0,500400,2026-10-08
2004-09-29,1048.2889404296875,1456.6666259765625,1463.3333740234375,1440.0,1460.0,314700,2026-10-08
2004-09-30,1074.676513671875,1493.3333740234375,1500.0,1456.6666259765625,1456.6666259765625,548700,2026-10-08
2004-10-01,1062.681884765625,1476.6666259765625,1486.6666259765625,1466.6666259765625,1480.0,179700,2026-10-08
2004-10-04,1108.2596435546875,1540.0,1543.3333740234375,1496.6666259765625,1510.0,945900,2026-10-08
2004-10-05,1105.8604736328125,1536.6666259765625,1536.6666259765625,1520.0,1536.6666259765625,460200,2026-10-08
2004-10-06,1108.2596435546875,1540.0,1543.3333740234375,1513.3333740234375,1513.3333740234375,476400,2026-10-08
2004-10-07,1079.4737548828125,1500.0,1530.0,1493.3333740234375,1530.0,292200,2026-10-08
2004-10-08,1072.2772216796875,1490.0,1496.6666259765625,1473.3333740234375,1473.3333740234375,326700,2026-10-08
2004-10-11,1072.2772216796875,1490.0,1490.0,1490.0,1490.0,0,2026-10-08
2004-10-12,1062.681884765625,1476.6666259765625,1500.0,1476.6666259765625,1496.6666259765625,223800,2026-10-08
2004-10-13,1055.4853515625,1466.6666259765625,1490.0,1456.6666259765625,1476.6666259765625,596400,2026-10-08
2004-10-14,1045.89013671875,1453.3333740234375,1466.6666259765625,1443.3333740234375,1460.0,264600,2026-10-08
2004-10-15,1048.2889404296875,1456.6666259765625,1470.0,1450.0,1450.0,306000,2026-10-08
2004-10-18,1065.080810546875,1480.0,1483.3333740234375,1466.6666259765625,1473.3333740234375,181800,2026-10-08
2004-10-19,1093.866943359375,1520.0,1530.0,1493.3333740234375,1496.6666259765625,500700,2026-10-08
2004-10-20,1074.676513671875,1493.3333740234375,1513.3333740234375,1476.6666259765625,1513.3333740234375,271800,2026-10-08
2004-10-21,1069.87841796875,1486.6666259765625,1506.6666259765625,1480.0,1486.6666259765625,281400,2026-10-08
2004-10-22,1110.658203125,1543.3333740234375,1543.3333740234375,1496.6666259765625,1506.6666259765625,610200,2026-10-08
2004-10-25,1127.4501953125,1566.6666259765625,1576.6666259765625,1500.0,1516.6666259765625,1179600,2026-10-08
2004-10-26,1146.64111328125,1593.3333740234375,1593.3333740234375,1563.3333740234375,1566.6666259765625,741900,2026-10-08
2004-10-27,1129.8489990234375,1570.0,1583.3333740234375,1563.3333740234375,1583.3333740234375,339900,2026-10-08
2004-10-28,1137.046142578125,1580.0,1593.3333740234375,1563.3333740234375,1593.3333740234375,271800,2026-10-08
2004-10-29,1134.646484375,1576.6666259765625,1576.6666259765625,1550.0,1576.6666259765625,209400,2026-10-08
2004-11-01,1122.6527099609375,1560.0,1566.6666259765625,1543.3333740234375,1566.6666259765625,132300,2026-10-08
2004-11-02,1125.0517578125,1563.3333740234375,1570.0,1543.3333740234375,1566.6666259765625,179700,2026-10-08
2004-11-03,1125.0517578125,1563.3333740234375,1563.3333740234375,1563.3333740234375,1563.3333740234375,0,2026-10-08
2004-11-04,1129.8489990234375,1570.0,1580.0,1566.6666259765625,1580.0,208500,2026-10-08
2004-11-05,1137.046142578125,1580.0,1590.0,1573.3333740234375,1576.6666259765625,314100,2026-10-08
2004-11-08,1137.046142578125,1580.0,1596.6666259765625,1576.6666259765625,1583.3333740234375,253200,2026-10-08
2004-11-09,1084.2711181640625,1506.6666259765625,1533.3333740234375,1493.3333740234375,1513.3333740234375,1089900,2026-10-08
2004-11-10,1055.4853515625,1466.6666259765625,1490.0,1463.3333740234375,1486.6666259765625,615600,2026-10-08
2004-11-11,1019.5026245117188,1416.6666259765625,1463.3333740234375,1416.6666259765625,1460.0,416100,2026-10-08
2004-11-12,1033.8958740234375,1436.6666259765625,1440.0,1406.6666259765625,1413.3333740234375,916800,2026-10-08
2004-11-15,1033.8958740234375,1436.6666259765625,1450.0,1426.6666259765625,1443.3333740234375,406500,2026-10-08
2004-11-16,1031.4971923828125,1433.3333740234375,1456.6666259765625,1426.6666259765625,1453.3333740234375,313500,2026-10-08
2004-11-17,1029.09814453125,1430.0,1440.0,1423.3333740234375,1436.6666259765625,491700,2026-10-08
2004-11-18,1026.6995849609375,1426.6666259765625,1440.0,1416.6666259765625,1440.0,327600,2026-10-08
2004-11-19,1017.1044311523438,1413.3333740234375,1430.0,1413.3333740234375,1423.3333740234375,184800,2026-10-08
2004-11-22,1002.7114868164062,1393.3333740234375,1403.3333740234375,1373.3333740234375,1400.0,339900,2026-10-08
2004-11-23,1002.7114868164062,1393.3333740234375,1393.3333740234375,1393.3333740234375,1393.3333740234375,0,2026-10-08
2004-11-24,1002.7114868164062,1393.3333740234375,1403.3333740234375,1383.3333740234375,1383.3333740234375,167100,2026-10-08
2004-11-25,1005.1099243164062,1396.6666259765625,1403.3333740234375,1390.0,1393.3333740234375,190200,2026-10-08
2004-11-26,1000.3125610351562,1390.0,1400.0,1390.0,1400.0,140700,2026-10-08
2004-11-29,1012.306640625,1406.6666259765625,1416.6666259765625,1386.6666259765625,1393.3333740234375,177300,2026-10-08
2004-11-30,1007.5091552734375,1400.0,1410.0,1396.6666259765625,1403.3333740234375,302100,2026-10-08
2004-12-01,1012.306640625,1406.6666259765625,1410.0,1390.0,1400.0,394500,2026-10-08
2004-12-02,1033.8958740234375,1436.6666259765625,1436.6666259765625,1416.6666259765625,1416.6666259765625,353400,2026-10-08
2004-12-03,1057.88427734375,1470.0,1473.3333740234375,1443.3333740234375,1453.3333740234375,466200,2026-10-08
2004-12-06,1072.2772216796875,1490.0,1490.0,1473.3333740234375,1476.6666259765625,404100,2026-10-08
2004-12-07,1065.080810546875,1480.0,1486.6666259765625,1476.6666259765625,1486.6666259765625,398700,2026-10-08
2004-12-08,1067.4798583984375,1483.3333740234375,1493.3333740234375,1466.6666259765625,1473.3333740234375,251400,2026-10-08
2004-12-09,1045.89013671875,1453.3333740234375,1483.3333740234375,1450.0,1483.3333740234375,263400,2026-10-08
2004-12-10,1041.0927734375,1446.6666259765625,1456.6666259765625,1436.6666259765625,1453.3333740234375,263700,2026-10-08
2004-12-13,1045.89013671875,1453.3333740234375,1456.6666259765625,1440.0,1450.0,190800,2026-10-08
2004-12-14,1053.086669921875,1463.3333740234375,1463.3333740234375,1436.6666259765625,1450.0,170100,2026-10-08
2004-12-15,1050.6876220703125,1460.0,1466.6666259765625,1450.0,1460.0,173700,2026-10-08
2004-12-16,1038.693359375,1443.3333740234375,1450.0,1436.6666259765625,1443.3333740234375,118200,2026-10-08
2004-12-17,1065.080810546875,1480.0,1480.0,1436.6666259765625,1436.6666259765625,464400,2026-10-08
2004-12-20,1089.06884765625,1513.3333740234375,1526.6666259765625,1476.6666259765625,1483.3333740234375,617100,2026-10-08
2004-12-21,1115.456298828125,1550.0,1550.0,1513.3333740234375,1513.3333740234375,618000,2026-10-08
2004-12-22,1113.0572509765625,1546.6666259765625,1560.0,1530.0,1556.6666259765625,408300,2026-10-08
2004-12-23,1113.0572509765625,1546.6666259765625,1546.6666259765625,1546.6666259765625,1546.6666259765625,0,2026-10-08
2004-12-24,1120.2532958984375,1556.6666259765625,1563.3333740234375,1550.0,1550.0,286800,2026-10-08
2004-12-27,1115.456298828125,1550.0,1553.3333740234375,1533.3333740234375,1546.6666259765625,171900,2026-10-08
2004-12-28,1117.85498046875,1553.3333740234375,1560.0,1536.6666259765625,1536.6666259765625,185400,2026-10-08
2004-12-29,1115.456298828125,1550.0,1560.0,1533.3333740234375,1560.0,221100,2026-10-08
2004-12-30,1125.0517578125,1563.3333740234375,1563.3333740234375,1550.0,1550.0,135600,2026-10-08
2004-12-31,1125.0517578125,1563.3333740234375,1563.3333740234375,1563.3333740234375,1563.3333740234375,0,2026-10-08
2005-01-03,1125.0517578125,1563.3333740234375,1563.3333740234375,1563.3333740234375,1563.3333740234375,0,2026-10-08
2005-01-04,1120.2532958984375,1556.6666259765625,1566.6666259765625,1543.3333740234375,1546.6666259765625,90900,2026-10-08
2005-01-05,1103.4620361328125,1533.3333740234375,1546.6666259765625,1523.3333740234375,1536.6666259765625,202500,2026-10-08
2005-01-06,1093.866943359375,1520.0,1530.0,1516.6666259765625,1516.6666259765625,198300,2026-10-08
2005-01-07,1077.0753173828125,1496.6666259765625,1516.6666259765625,1486.6666259765625,1503.3333740234375,378000,2026-10-08
2005-01-10,1077.0753173828125,1496.6666259765625,1496.6666259765625,1496.6666259765625,1496.6666259765625,0,2026-10-08
2005-01-11,1084.2711181640625,1506.6666259765625,1513.3333740234375,1480.0,1490.0,741000,2026-10-08
2005-01-12,1079.4737548828125,1500.0,1516.6666259765625,1490.0,1513.3333740234375,160800,2026-10-08
2005-01-13,1091.467529296875,1516.6666259765625,1523.3333740234375,1493.3333740234375,1500.0,324600,2026-10-08
2005-01-14,1117.85498046875,1553.3333740234375,1553.3333740234375,1516.6666259765625,1533.3333740234375,420300,2026-10-08
2005-01-17,1139.4447021484375,1583.3333740234375,1583.3333740234375,1550.0,1563.3333740234375,444000,2026-10-08
2005-01-18,1144.2423095703125,1590.0,1600.0,1576.6666259765625,1583.3333740234375,495000,2026-10-08
2005-01-19,1137.046142578125,1580.0,1596.6666259765625,1580.0,1596.6666259765625,272700,2026-10-08
2005-01-20,1108.2596435546875,1540.0,1563.3333740234375,1536.6666259765625,1560.0,249900,2026-10-08
2005-01-21,1098.66455078125,1526.6666259765625,1536.6666259765625,1526.6666259765625,1526.6666259765625,150000,2026-10-08
2005-01-24,1103.4620361328125,1533.3333740234375,1543.3333740234375,1510.0,1523.3333740234375,269100,2026-10-08
2005-01-25,1089.06884765625,1513.3333740234375,1543.3333740234375,1500.0,1543.3333740234375,368400,2026-10-08
2005-01-26,1098.66455078125,1526.6666259765625,1533.3333740234375,1520.0,1526.6666259765625,94800,2026-10-08
2005-01-27,1093.866943359375,1520.0,1543.3333740234375,1516.6666259765625,1543.3333740234375,267300,2026-10-08
2005-01-28,1163.4326171875,1616.6666259765625,1623.3333740234375,1536.6666259765625,1536.6666259765625,1569300,2026-10-08
2005-01-31,1156.2364501953125,1606.6666259765625,1626.6666259765625,1583.3333740234375,1600.0,833100,2026-10-08
2005-02-01,1149.0399169921875,1596.6666259765625,1606.6666259765625,1586.6666259765625,1603.3333740234375,310800,2026-10-08
2005-02-02,1177.825927734375,1636.6666259765625,1640.0,1600.0,1600.0,417300,2026-10-08
2005-02-03,1165.8316650390625,1620.0,1630.0,1613.3333740234375,1620.0,188700,2026-10-08
2005-02-04,1141.8433837890625,1586.6666259765625,1616.6666259765625,1583.3333740234375,1613.3333740234375,367500,2026-10-08
2005-02-07,1168.2303466796875,1623.3333740234375,1633.3333740234375,1583.3333740234375,1583.3333740234375,396300,2026-10-08
2005-02-08,1185.022216796875,1646.6666259765625,1650.0,1613.3333740234375,1623.3333740234375,401100,2026-10-08
2005-02-09,1225.8026123046875,1703.3333740234375,1706.6666259765625,1653.3333740234375,1653.3333740234375,1247700,2026-10-08
2005-02-10,1213.8082275390625,1686.6666259765625,1690.0,1653.3333740234375,1683.3333740234375,486600,2026-10-08
2005-02-11,1213.8082275390625,1686.6666259765625,1686.6666259765625,1686.6666259765625,1686.6666259765625,0,2026-10-08
2005-02-14,1237.7965087890625,1720.0,1746.6666259765625,1703.3333740234375,1713.3333740234375,534600,2026-10-08
2005-02-15,1232.9990234375,1713.3333740234375,1736.6666259765625,1706.6666259765625,1733.3333740234375,411000,2026-10-08
2005-02-16,1228.201171875,1706.6666259765625,1723.3333740234375,1703.3333740234375,1716.6666259765625,443700,2026-10-08
2005-02-17,1230.5999755859375,1710.0,1710.0,1693.3333740234375,1706.6666259765625,137400,2026-10-08
2005-02-18,1221.004638671875,1696.6666259765625,1703.3333740234375,1683.3333740234375,1696.6666259765625,142500,2026-10-08
2005-02-21,1194.61767578125,1660.0,1693.3333740234375,1656.6666259765625,1683.3333740234375,261000,2026-10-08
2005-02-22,1197.016357421875,1663.3333740234375,1676.6666259765625,1646.6666259765625,1656.6666259765625,327600,2026-10-08
2005-02-23,1199.4154052734375,1666.6666259765625,1683.3333740234375,1653.3333740234375,1663.3333740234375,378900,2026-10-08
2005-02-24,1201.8138427734375,1670.0,1683.3333740234375,1666.6666259765625,1680.0,130800,2026-10-08
2005-02-25,1211.409423828125,1683.3333740234375,1696.6666259765625,1676.6666259765625,1693.3333740234375,254100,2026-10-08
2005-02-28,1228.201171875,1706.6666259765625,1710.0,1690.0,1693.3333740234375,222600,2026-10-08
2005-03-01,1218.6058349609375,1693.3333740234375,1710.0,1673.3333740234375,1700.0,194100,2026-10-08
2005-03-02,1230.5999755859375,1710.0,1720.0,1700.0,1710.0,303600,2026-10-08
2005-03-03,1225.8026123046875,1703.3333740234375,1716.6666259765625,1700.0,1700.0,108000,2026-10-08
2005-03-04,1192.2188720703125,1656.6666259765625,1696.6666259765625,1656.6666259765625,1670.0,581100,2026-10-08
2005-03-07,1177.825927734375,1636.6666259765625,1673.3333740234375,1633.3333740234375,1663.3333740234375,717900,2026-10-08
2005-03-08,1168.2303466796875,1623.3333740234375,1650.0,1620.0,1640.0,303900,2026-10-08
2005-03-09,1170.62939453125,1626.6666259765625,1636.6666259765625,1620.0,1623.3333740234375,325200,2026-10-08
2005-03-10,1151.4388427734375,1600.0,1633.3333740234375,1600.0,1630.0,233400,2026-10-08
2005-03-11,1165.8316650390625,1620.0,1646.6666259765625,1613.3333740234375,1616.6666259765625,416100,2026-10-08
2005-03-14,1125.0517578125,1563.3333740234375,1603.3333740234375,1560.0,1603.3333740234375,492600,2026-10-08
2005-03-15,1117.85498046875,1553.3333740234375,1590.0,1533.3333740234375,1566.6666259765625,543000,2026-10-08
2005-03-16,1110.658203125,1543.3333740234375,1566.6666259765625,1540.0,1553.3333740234375,373500,2026-10-08
2005-03-17,1110.658203125,1543.3333740234375,1560.0,1543.3333740234375,1560.0,170100,2026-10-08
2005-03-18,1141.8433837890625,1586.6666259765625,1586.6666259765625,1556.6666259765625,1560.0,205800,2026-10-08
2005-03-21,1141.8433837890625,1586.6666259765625,1586.6666259765625,1586.6666259765625,1586.6666259765625,0,2026-10-08
2005-03-22,1117.85498046875,1553.3333740234375,1583.3333740234375,1550.0,1583.3333740234375,256500,2026-10-08
2005-03-23,1101.0631103515625,1530.0,1556.6666259765625,1523.3333740234375,1550.0,291900,2026-10-08
2005-03-24,1091.467529296875,1516.6666259765625,1546.6666259765625,1513.3333740234375,1543.3333740234375,287700,2026-10-08
2005-03-25,1113.0572509765625,1546.6666259765625,1546.6666259765625,1516.6666259765625,1526.6666259765625,214500,2026-10-08
2005-03-28,1129.8851318359375,1566.6666259765625,1573.3333740234375,1553.3333740234375,1553.3333740234375,290400,2026-10-08
2005-03-29,1096.2293701171875,1520.0,1570.0,1510.0,1570.0,436200,2026-10-08
2005-03-30,1089.017333984375,1510.0,1516.6666259765625,1496.6666259765625,1506.6666259765625,191700,2026-10-08
2005-03-31,1105.8453369140625,1533.3333740234375,1533.3333740234375,1513.3333740234375,1526.6666259765625,126900,2026-10-08
2005-04-01,1103.44140625,1530.0,1540.0,1510.0,1520.0,164400,2026-10-08
2005-04-04,1115.4615478515625,1546.6666259765625,1553.3333740234375,1516.6666259765625,1526.6666259765625,157500,2026-10-08
2005-04-05,1120.2694091796875,1553.3333740234375,1556.6666259765625,1533.3333740234375,1550.0,201000,2026-10-08
2005-04-06,1110.653076171875,1540.0,1563.3333740234375,1536.6666259765625,1556.6666259765625,277200,2026-10-08
2005-04-07,1105.8453369140625,1533.3333740234375,1550.0,1516.6666259765625,1550.0,257700,2026-10-08
2005-04-08,1113.0572509765625,1543.3333740234375,1546.6666259765625,1526.6666259765625,1526.6666259765625,283500,2026-10-08
2005-04-11,1089.017333984375,1510.0,1533.3333740234375,1510.0,1533.3333740234375,165600,2026-10-08
2005-04-12,1084.20947265625,1503.3333740234375,1520.0,1503.3333740234375,1513.3333740234375,141000,2026-10-08
2005-04-13,1072.1890869140625,1486.6666259765625,1516.6666259765625,1473.3333740234375,1503.3333740234375,293400,2026-10-08
2005-04-14,1052.95703125,1460.0,1480.0,1443.3333740234375,1480.0,505500,2026-10-08
2005-04-15,1028.9169921875,1426.6666259765625,1443.3333740234375,1426.6666259765625,1443.3333740234375,500400,2026-10-08
2005-04-18,988.0488891601562,1370.0,1420.0,1370.0,1420.0,695400,2026-10-08
2005-04-19,1016.89697265625,1410.0,1413.3333740234375,1386.6666259765625,1400.0,303900,2026-10-08
2005-04-20,1004.8767700195312,1393.3333740234375,1436.6666259765625,1383.3333740234375,1426.6666259765625,661200,2026-10-08
2005-04-21,988.0488891601562,1370.0,1376.6666259765625,1336.6666259765625,1366.6666259765625,843600,2026-10-08
2005-04-22,1004.8767700195312,1393.3333740234375,1420.0,1390.0,1420.0,376200,2026-10-08
2005-04-25,997.6647338867188,1383.3333740234375,1413.3333740234375,1380.0,1396.6666259765625,277800,2026-10-08
2005-04-26,992.8568115234375,1376.6666259765625,1390.0,1366.6666259765625,1390.0,201300,2026-10-08
2005-04-27,978.4326782226562,1356.6666259765625,1376.6666259765625,1343.3333740234375,1376.6666259765625,328200,2026-10-08
2005-04-28,954.392822265625,1323.3333740234375,1363.3333740234375,1320.0,1350.0,407100,2026-10-08
2005-04-29,954.392822265625,1323.3333740234375,1323.3333740234375,1323.3333740234375,1323.3333740234375,0,2026-10-08
2005-05-02,978.4326782226562,1356.6666259765625,1356.6666259765625,1326.6666259765625,1340.0,158700,2026-10-08
2005-05-03,978.4326782226562,1356.6666259765625,1356.6666259765625,1356.6666259765625,1356.6666259765625,0,2026-10-08
2005-05-04,978.4326782226562,1356.6666259765625,1356.6666259765625,1356.6666259765625,1356.6666259765625,0,2026-10-08
2005-05-05,978.4326782226562,1356.6666259765625,1356.6666259765625,1356.6666259765625,1356.6666259765625,0,2026-10-08
2005-05-06,992.8568115234375,1376.6666259765625,1383.3333740234375,1366.6666259765625,1373.3333740234375,162000,2026-10-08
2005-05-09,1000.06884765625,1386.6666259765625,1396.6666259765625,1376.6666259765625,1393.3333740234375,200400,2026-10-08
2005-05-10,1000.06884765625,1386.6666259765625,1393.3333740234375,1383.3333740234375,1386.6666259765625,186300,2026-10-08
2005-05-11,995.2603759765625,1380.0,1383.3333740234375,1360.0,1380.0,151500,2026-10-08
2005-05-12,978.4326782226562,1356.6666259765625,1380.0,1356.6666259765625,1376.6666259765625,164100,2026-10-08
2005-05-13,988.0488891601562,1370.0,1376.6666259765625,1350.0,1350.0,276300,2026-10-08
2005-05-16,1012.0889282226562,1403.3333740234375,1423.3333740234375,1373.3333740234375,1386.6666259765625,1010400,2026-10-08
2005-05-17,1069.78515625,1483.3333740234375,1483.3333740234375,1443.3333740234375,1453.3333740234375,1731600,2026-10-08
2005-05-18,1062.5732421875,1473.3333740234375,1496.6666259765625,1456.6666259765625,1463.3333740234375,468300,2026-10-08
2005-05-19,1086.6131591796875,1506.6666259765625,1513.3333740234375,1483.3333740234375,1493.3333740234375,430500,2026-10-08
2005-05-20,1076.997314453125,1493.3333740234375,1516.6666259765625,1483.3333740234375,1516.6666259765625,245700,2026-10-08
2005-05-23,1105.8453369140625,1533.3333740234375,1536.6666259765625,1493.3333740234375,1503.3333740234375,470700,2026-10-08
2005-05-24,1093.8248291015625,1516.6666259765625,1536.6666259765625,1503.3333740234375,1536.6666259765625,369900,2026-10-08
2005-05-25,1069.78515625,1483.3333740234375,1516.6666259765625,1476.6666259765625,1506.6666259765625,342600,2026-10-08
2005-05-26,1067.381103515625,1480.0,1490.0,1470.0,1473.3333740234375,317700,2026-10-08
2005-05-27,1096.2293701171875,1520.0,1523.3333740234375,1486.6666259765625,1496.6666259765625,440400,2026-10-08
2005-05-30,1108.2491455078125,1536.6666259765625,1560.0,1516.6666259765625,1530.0,586800,2026-10-08
2005-05-31,1120.2694091796875,1553.3333740234375,1560.0,1520.0,1543.3333740234375,265800,2026-10-08
2005-06-01,1129.8851318359375,1566.6666259765625,1566.6666259765625,1530.0,1533.3333740234375,323700,2026-10-08
2005-06-02,1127.4815673828125,1563.3333740234375,1570.0,1553.3333740234375,1566.6666259765625,288300,2026-10-08
2005-06-03,1120.2694091796875,1553.3333740234375,1563.3333740234375,1546.6666259765625,1553.3333740234375,159600,2026-10-08
2005-06-06,1103.44140625,1530.0,1543.3333740234375,1523.3333740234375,1540.0,336600,2026-10-08
2005-06-07,1084.20947265625,1503.3333740234375,1526.6666259765625,1500.0,1523.3333740234375,377400,2026-10-08
2005-06-08,1084.20947265625,1503.3333740234375,1520.0,1490.0,1496.6666259765625,547800,2026-10-08
2005-06-09,1089.017333984375,1510.0,1563.3333740234375,1496.6666259765625,1536.6666259765625,1000500,2026-10-08
2005-06-10,1110.653076171875,1540.0,1550.0,1523.3333740234375,1523.3333740234375,743400,2026-10-08
2005-06-13,1093.8248291015625,1516.6666259765625,1546.6666259765625,1510.0,1533.3333740234375,308400,2026-10-08
2005-06-14,1079.4014892578125,1496.6666259765625,1516.6666259765625,1493.3333740234375,1510.0,233400,2026-10-08
2005-06-15,1086.6131591796875,1506.6666259765625,1513.3333740234375,1490.0,1490.0,315300,2026-10-08
2005-06-16,1098.63330078125,1523.3333740234375,1530.0,1513.3333740234375,1520.0,275400,2026-10-08
2005-06-17,1115.4615478515625,1546.6666259765625,1553.3333740234375,1533.3333740234375,1540.0,298500,2026-10-08
2005-06-20,1125.077392578125,1560.0,1563.3333740234375,1553.3333740234375,1556.6666259765625,386400,2026-10-08
2005-06-21,1120.2694091796875,1553.3333740234375,1556.6666259765625,1526.6666259765625,1536.6666259765625,258300,2026-10-08
2005-06-22,1122.6732177734375,1556.6666259765625,1556.6666259765625,1536.6666259765625,1536.6666259765625,222600,2026-10-08
2005-06-23,1115.4615478515625,1546.6666259765625,1560.0,1540.0,1550.0,288300,2026-10-08
2005-06-24,1125.077392578125,1560.0,1560.0,1536.6666259765625,1540.0,328200,2026-10-08
2005-06-27,1096.2293701171875,1520.0,1550.0,1513.3333740234375,1550.0,265800,2026-10-08
2005-06-28,1098.63330078125,1523.3333740234375,1540.0,1516.6666259765625,1540.0,447300,2026-10-08
2005-06-29,1120.2694091796875,1553.3333740234375,1556.6666259765625,1536.6666259765625,1540.0,246600,2026-10-08
2005-06-30,1110.653076171875,1540.0,1546.6666259765625,1536.6666259765625,1543.3333740234375,165600,2026-10-08
2005-07-01,1096.2293701171875,1520.0,1543.3333740234375,1516.6666259765625,1543.3333740234375,402600,2026-10-08
2005-07-04,1086.6131591796875,1506.6666259765625,1533.3333740234375,1506.6666259765625,1523.3333740234375,182100,2026-10-08
2005-07-05,1072.1890869140625,1486.6666259765625,1513.3333740234375,1483.3333740234375,1506.6666259765625,260700,2026-10-08
2005-07-06,1091.421142578125,1513.3333740234375,1513.3333740234375,1496.6666259765625,1496.6666259765625,214800,2026-10-08
2005-07-07,1086.6131591796875,1506.6666259765625,1510.0,1493.3333740234375,1496.6666259765625,274800,2026-10-08
2005-07-08,1076.997314453125,1493.3333740234375,1510.0,1490.0,1503.3333740234375,272400,2026-10-08
2005-07-11,1091.421142578125,1513.3333740234375,1516.6666259765625,1496.6666259765625,1500.0,225600,2026-10-08
2005-07-12,1084.20947265625,1503.3333740234375,1516.6666259765625,1496.6666259765625,1516.6666259765625,185100,2026-10-08
2005-07-13,1074.593017578125,1490.0,1506.6666259765625,1486.6666259765625,1500.0,159600,2026-10-08
2005-07-14,1101.03759765625,1526.6666259765625,1526.6666259765625,1503.3333740234375,1503.3333740234375,280800,2026-10-08
2005-07-15,1115.4615478515625,1546.6666259765625,1553.3333740234375,1513.3333740234375,1526.6666259765625,354600,2026-10-08
2005-07-18,1115.4615478515625,1546.6666259765625,1546.6666259765625,1546.6666259765625,1546.6666259765625,0,2026-10-08
2005-07-19,1089.017333984375,1510.0,1546.6666259765625,1506.6666259765625,1546.6666259765625,428700,2026-10-08
2005-07-20,1098.63330078125,1523.3333740234375,1530.0,1510.0,1510.0,209100,2026-10-08
2005-07-21,1139.5015869140625,1580.0,1580.0,1530.0,1533.3333740234375,1002000,2026-10-08
2005-07-22,1125.077392578125,1560.0,1573.3333740234375,1546.6666259765625,1573.3333740234375,323100,2026-10-08
2005-07-25,1129.8851318359375,1566.6666259765625,1576.6666259765625,1563.3333740234375,1566.6666259765625,262200,2026-10-08
2005-07-26,1151.5216064453125,1596.6666259765625,1600.0,1570.0,1570.0,517800,2026-10-08
2005-07-27,1173.1575927734375,1626.6666259765625,1626.6666259765625,1600.0,1603.3333740234375,505800,2026-10-08
2005-07-28,1189.9859619140625,1650.0,1656.6666259765625,1633.3333740234375,1633.3333740234375,704400,2026-10-08
2005-07-29,1170.75390625,1623.3333740234375,1643.3333740234375,1613.3333740234375,1633.3333740234375,421200,2026-10-08
2005-08-01,1177.9656982421875,1633.3333740234375,1643.3333740234375,1623.3333740234375,1623.3333740234375,222000,2026-10-08
2005-08-02,1158.7335205078125,1606.6666259765625,1650.0,1600.0,1633.3333740234375,617400,2026-10-08
2005-08-03,1153.9256591796875,1600.0,1623.3333740234375,1600.0,1616.6666259765625,260100,2026-10-08
2005-08-04,1120.2694091796875,1553.3333740234375,1593.3333740234375,1523.3333740234375,1586.6666259765625,739500,2026-10-08
2005-08-05,1122.6732177734375,1556.6666259765625,1576.6666259765625,1546.6666259765625,1570.0,665400,2026-10-08
2005-08-08,1117.86572265625,1550.0,1556.6666259765625,1523.3333740234375,1523.3333740234375,209100,2026-10-08
2005-08-09,1122.6732177734375,1556.6666259765625,1583.3333740234375,1540.0,1556.6666259765625,386400,2026-10-08
2005-08-10,1125.077392578125,1560.0,1576.6666259765625,1553.3333740234375,1560.0,449100,2026-10-08
2005-08-11,1103.44140625,1530.0,1560.0,1523.3333740234375,1560.0,540000,2026-10-08
2005-08-12,1101.03759765625,1526.6666259765625,1556.6666259765625,1520.0,1546.6666259765625,271200,2026-10-08
2005-08-15,1101.03759765625,1526.6666259765625,1543.3333740234375,1520.0,1530.0,139800,2026-10-08
2005-08-16,1105.8453369140625,1533.3333740234375,1543.3333740234375,1526.6666259765625,1530.0,205200,2026-10-08
2005-08-17,1101.03759765625,1526.6666259765625,1543.3333740234375,1523.3333740234375,1530.0,325500,2026-10-08
2005-08-18,1110.653076171875,1540.0,1586.6666259765625,1533.3333740234375,1533.3333740234375,716100,2026-10-08
2005-08-19,1096.2293701171875,1520.0,1540.0,1513.3333740234375,1533.3333740234375,310800,2026-10-08
2005-08-22,1122.6732177734375,1556.6666259765625,1556.6666259765625,1536.6666259765625,1550.0,277200,2026-10-08
2005-08-23,1141.905517578125,1583.3333740234375,1590.0,1560.0,1560.0,837300,2026-10-08
2005-08-24,1139.5015869140625,1580.0,1586.6666259765625,1570.0,1583.3333740234375,240900,2026-10-08
2005-08-25,1161.1378173828125,1610.0,1610.0,1583.3333740234375,1596.6666259765625,773100,2026-10-08
2005-08-26,1163.5418701171875,1613.3333740234375,1613.3333740234375,1590.0,1613.3333740234375,265800,2026-10-08
2005-08-29,1144.3094482421875,1586.6666259765625,1610.0,1576.6666259765625,1610.0,157800,2026-10-08
2005-08-30,1129.8851318359375,1566.6666259765625,1600.0,1556.6666259765625,1600.0,210300,2026-10-08
2005-08-31,1117.86572265625,1550.0,1570.0,1550.0,1556.6666259765625,141600,2026-10-08
2005-09-01,1137.097412109375,1576.6666259765625,1583.3333740234375,1556.6666259765625,1556.6666259765625,164700,2026-10-08
2005-09-02,1137.097412109375,1576.6666259765625,1580.0,1560.0,1576.6666259765625,158100,2026-10-08
2005-09-05,1165.945556640625,1616.6666259765625,1633.3333740234375,1576.6666259765625,1580.0,557700,2026-10-08
2005-09-06,1153.9256591796875,1600.0,1616.6666259765625,1586.6666259765625,1616.6666259765625,200100,2026-10-08
2005-09-07,1139.5015869140625,1580.0,1596.6666259765625,1563.3333740234375,1596.6666259765625,390300,2026-10-08
2005-09-08,1146.713623046875,1590.0,1603.3333740234375,1576.6666259765625,1593.3333740234375,393600,2026-10-08
2005-09-09,1168.3499755859375,1620.0,1626.6666259765625,1596.6666259765625,1606.6666259765625,571500,2026-10-08
2005-09-12,1151.5216064453125,1596.6666259765625,1633.3333740234375,1586.6666259765625,1623.3333740234375,315300,2026-10-08
2005-09-13,1173.1575927734375,1626.6666259765625,1640.0,1596.6666259765625,1613.3333740234375,443400,2026-10-08
2005-09-14,1151.5216064453125,1596.6666259765625,1623.3333740234375,1590.0,1606.6666259765625,349800,2026-10-08
2005-09-15,1156.3294677734375,1603.3333740234375,1613.3333740234375,1580.0,1580.0,362100,2026-10-08
2005-09-16,1177.9656982421875,1633.3333740234375,1643.3333740234375,1610.0,1620.0,528900,2026-10-08
2005-09-19,1177.9656982421875,1633.3333740234375,1633.3333740234375,1633.3333740234375,1633.3333740234375,0,2026-10-08
2005-09-20,1189.9859619140625,1650.0,1656.6666259765625,1630.0,1633.3333740234375,639300,2026-10-08
2005-09-21,1209.21728515625,1676.6666259765625,1683.3333740234375,1646.6666259765625,1656.6666259765625,542100,2026-10-08
2005-09-22,1238.066162109375,1716.6666259765625,1716.6666259765625,1666.6666259765625,1683.3333740234375,974700,2026-10-08
2005-09-23,1238.066162109375,1716.6666259765625,1716.6666259765625,1716.6666259765625,1716.6666259765625,0,2026-10-08
2005-09-26,1233.2581787109375,1710.0,1720.0,1680.0,1720.0,504900,2026-10-08
2005-09-27,1198.2977294921875,1656.6666259765625,1710.0,1656.6666259765625,1710.0,549000,2026-10-08
2005-09-28,1157.3094482421875,1600.0,1643.3333740234375,1590.0,1640.0,878400,2026-10-08
2005-09-29,1138.0211181640625,1573.3333740234375,1616.6666259765625,1560.0,1606.6666259765625,839700,2026-10-08
2005-09-30,1138.0211181640625,1573.3333740234375,1603.3333740234375,1556.6666259765625,1576.6666259765625,952500,2026-10-08
2005-10-03,1179.0089111328125,1630.0,1636.6666259765625,1593.3333740234375,1613.3333740234375,736800,2026-10-08
2005-10-04,1251.341064453125,1730.0,1750.0,1633.3333740234375,1646.6666259765625,1834500,2026-10-08
2005-10-05,1292.3289794921875,1786.6666259765625,1823.3333740234375,1750.0,1770.0,2037000,2026-10-08
2005-10-06,1215.17529296875,1680.0,1733.3333740234375,1666.6666259765625,1733.3333740234375,941700,2026-10-08
2005-10-07,1188.6534423828125,1643.3333740234375,1683.3333740234375,1643.3333740234375,1673.3333740234375,386700,2026-10-08
2005-10-10,1188.6534423828125,1643.3333740234375,1643.3333740234375,1643.3333740234375,1643.3333740234375,0,2026-10-08
2005-10-11,1203.1195068359375,1663.3333740234375,1666.6666259765625,1633.3333740234375,1633.3333740234375,249300,2026-10-08
2005-10-12,1207.9420166015625,1670.0,1693.3333740234375,1646.6666259765625,1676.6666259765625,526800,2026-10-08
2005-10-13,1176.597900390625,1626.6666259765625,1646.6666259765625,1613.3333740234375,1646.6666259765625,604800,2026-10-08
2005-10-14,1179.0089111328125,1630.0,1653.3333740234375,1626.6666259765625,1633.3333740234375,419700,2026-10-08
2005-10-17,1181.420166015625,1633.3333740234375,1666.6666259765625,1633.3333740234375,1663.3333740234375,192300,2026-10-08
2005-10-18,1157.3094482421875,1600.0,1643.3333740234375,1583.3333740234375,1636.6666259765625,491700,2026-10-08
2005-10-19,1142.8428955078125,1580.0,1600.0,1566.6666259765625,1600.0,384600,2026-10-08
2005-10-20,1159.7208251953125,1603.3333740234375,1626.6666259765625,1593.3333740234375,1596.6666259765625,191700,2026-10-08
2005-10-21,1157.3094482421875,1600.0,1600.0,1566.6666259765625,1583.3333740234375,490200,2026-10-08
2005-10-24,1138.0211181640625,1573.3333740234375,1600.0,1570.0,1586.6666259765625,201600,2026-10-08
2005-10-25,1157.3094482421875,1600.0,1616.6666259765625,1596.6666259765625,1600.0,285600,2026-10-08
2005-10-26,1166.9541015625,1613.3333740234375,1623.3333740234375,1606.6666259765625,1616.6666259765625,143100,2026-10-08
2005-10-27,1200.70849609375,1660.0,1663.3333740234375,1613.3333740234375,1623.3333740234375,533100,2026-10-08
2005-10-28,1174.1866455078125,1623.3333740234375,1650.0,1616.6666259765625,1650.0,346800,2026-10-08
2005-10-31,1181.420166015625,1633.3333740234375,1660.0,1633.3333740234375,1656.6666259765625,314400,2026-10-08
2005-11-01,1227.2301025390625,1696.6666259765625,1700.0,1643.3333740234375,1653.3333740234375,428100,2026-10-08
2005-11-02,1219.9970703125,1686.6666259765625,1696.6666259765625,1666.6666259765625,1690.0,388200,2026-10-08
2005-11-03,1219.9970703125,1686.6666259765625,1686.6666259765625,1686.6666259765625,1686.6666259765625,0,2026-10-08
2005-11-04,1229.641357421875,1700.0,1720.0,1700.0,1706.6666259765625,498900,2026-10-08
2005-11-07,1227.2301025390625,1696.6666259765625,1726.6666259765625,1683.3333740234375,1723.3333740234375,348600,2026-10-08
2005-11-08,1246.51904296875,1723.3333740234375,1726.6666259765625,1693.3333740234375,1700.0,474900,2026-10-08
2005-11-09,1248.929931640625,1726.6666259765625,1763.3333740234375,1713.3333740234375,1726.6666259765625,771600,2026-10-08
2005-11-10,1273.04052734375,1760.0,1763.3333740234375,1726.6666259765625,1726.6666259765625,656100,2026-10-08
2005-11-11,1265.80712890625,1750.0,1763.3333740234375,1743.3333740234375,1763.3333740234375,355800,2026-10-08
2005-11-14,1277.8624267578125,1766.6666259765625,1766.6666259765625,1743.3333740234375,1750.0,342000,2026-10-08
2005-11-15,1285.095947265625,1776.6666259765625,1780.0,1736.6666259765625,1746.6666259765625,443100,2026-10-08
2005-11-16,1270.6295166015625,1756.6666259765625,1776.6666259765625,1750.0,1776.6666259765625,472200,2026-10-08
2005-11-17,1273.04052734375,1760.0,1773.3333740234375,1750.0,1750.0,529500,2026-10-08
2005-11-18,1316.4393310546875,1820.0,1823.3333740234375,1776.6666259765625,1780.0,910200,2026-10-08
2005-11-21,1316.4393310546875,1820.0,1846.6666259765625,1806.6666259765625,1823.3333740234375,985800,2026-10-08
2005-11-22,1304.3843994140625,1803.3333740234375,1830.0,1786.6666259765625,1803.3333740234375,505800,2026-10-08
2005-11-23,1304.3843994140625,1803.3333740234375,1803.3333740234375,1803.3333740234375,1803.3333740234375,0,2026-10-08
2005-11-24,1412.8817138671875,1953.3333740234375,1980.0,1836.6666259765625,1856.6666259765625,2234400,2026-10-08
2005-11-25,1355.0167236328125,1873.3333740234375,1890.0,1843.3333740234375,1876.6666259765625,865500,2026-10-08
2005-11-28,1446.63671875,2000.0,2010.0,1920.0,1940.0,1437300,2026-10-08
2005-11-29,1434.581787109375,1983.3333740234375,1993.3333740234375,1956.6666259765625,1983.3333740234375,856500,2026-10-08
2005-11-30,1400.82666015625,1936.6666259765625,1983.3333740234375,1936.6666259765625,1983.3333740234375,418200,2026-10-08
2005-12-01,1424.9375,1970.0,1980.0,1936.6666259765625,1946.6666259765625,619200,2026-10-08
2005-12-02,1475.5697021484375,2040.0,2090.0,2023.3333740234375,2033.3333740234375,1017300,2026-10-08
2005-12-05,1497.2694091796875,2070.0,2083.333251953125,2053.333251953125,2076.666748046875,524100,2026-10-08
2005-12-06,1441.814697265625,1993.3333740234375,2040.0,1993.3333740234375,2016.6666259765625,537900,2026-10-08
2005-12-07,1420.1148681640625,1963.3333740234375,2016.6666259765625,1943.3333740234375,2016.6666259765625,726000,2026-10-08
2005-12-08,1398.415771484375,1933.3333740234375,1976.6666259765625,1906.6666259765625,1950.0,663900,2026-10-08
2005-12-09,1388.7718505859375,1920.0,1930.0,1883.3333740234375,1903.3333740234375,780300,2026-10-08
2005-12-12,1405.649169921875,1943.3333740234375,1983.3333740234375,1936.6666259765625,1970.0,469500,2026-10-08
2005-12-13,1386.3604736328125,1916.6666259765625,1946.6666259765625,1916.6666259765625,1943.3333740234375,481200,2026-10-08
2005-12-14,1357.4278564453125,1876.6666259765625,1943.3333740234375,1863.3333740234375,1916.6666259765625,791100,2026-10-08
2005-12-15,1326.0838623046875,1833.3333740234375,1866.6666259765625,1833.3333740234375,1866.6666259765625,540000,2026-10-08
2005-12-16,1321.26171875,1826.6666259765625,1860.0,1816.6666259765625,1833.3333740234375,487800,2026-10-08
2005-12-19,1335.7281494140625,1846.6666259765625,1873.3333740234375,1830.0,1836.6666259765625,413400,2026-10-08
2005-12-20,1379.126708984375,1906.6666259765625,1916.6666259765625,1846.6666259765625,1863.3333740234375,596700,2026-10-08
2005-12-21,1388.7718505859375,1920.0,1946.6666259765625,1910.0,1930.0,517800,2026-10-08
2005-12-22,1398.415771484375,1933.3333740234375,1933.3333740234375,1910.0,1933.3333740234375,311400,2026-10-08
2005-12-23,1398.415771484375,1933.3333740234375,1933.3333740234375,1933.3333740234375,1933.3333740234375,0,2026-10-08
2005-12-26,1427.34814453125,1973.3333740234375,1986.6666259765625,1950.0,1953.3333740234375,610500,2026-10-08
2005-12-27,1441.814697265625,1993.3333740234375,2016.6666259765625,1980.0,1993.3333740234375,604500,2026-10-08
2005-12-28,1470.74755859375,2033.3333740234375,2040.0,1990.0,2000.0,517200,2026-10-08
2005-12-29,1499.68017578125,2073.333251953125,2083.333251953125,2050.0,2050.0,569100,2026-10-08
2005-12-30,1511.7352294921875,2090.0,2106.666748046875,2066.666748046875,2106.666748046875,426000,2026-10-08
2006-01-02,1511.7352294921875,2090.0,2090.0,2090.0,2090.0,0,2026-10-08
2006-01-03,1511.7352294921875,2090.0,2090.0,2090.0,2090.0,0,2026-10-08
2006-01-04,1523.7906494140625,2106.666748046875,2123.333251953125,2100.0,2116.666748046875,288300,2026-10-08
2006-01-05,1528.6126708984375,2113.333251953125,2126.666748046875,2090.0,2106.666748046875,435000,2026-10-08
2006-01-06,1576.834228515625,2180.0,2200.0,2110.0,2116.666748046875,728400,2026-10-08
2006-01-09,1576.834228515625,2180.0,2180.0,2180.0,2180.0,0,2026-10-08
2006-01-10,1613.0001220703125,2230.0,2246.666748046875,2180.0,2223.333251953125,715500,2026-10-08
2006-01-11,1576.834228515625,2180.0,2220.0,2086.666748046875,2220.0,1056600,2026-10-08
2006-01-12,1596.1226806640625,2206.666748046875,2233.333251953125,2200.0,2213.333251953125,582300,2026-10-08
2006-01-13,1608.177734375,2223.333251953125,2240.0,2180.0,2206.666748046875,563700,2026-10-08
2006-01-16,1613.0001220703125,2230.0,2256.666748046875,2173.333251953125,2176.666748046875,689100,2026-10-08
2006-01-17,1598.5341796875,2210.0,2256.666748046875,2183.333251953125,2183.333251953125,1028400,2026-10-08
2006-01-18,1470.74755859375,2033.3333740234375,2136.666748046875,1973.3333740234375,2133.333251953125,1101300,2026-10-08
2006-01-19,1499.68017578125,2073.333251953125,2090.0,2033.3333740234375,2033.3333740234375,1082400,2026-10-08
2006-01-20,1540.6683349609375,2130.0,2136.666748046875,2090.0,2100.0,660600,2026-10-08
2006-01-23,1492.4471435546875,2063.333251953125,2096.666748046875,2036.6666259765625,2070.0,384600,2026-10-08
2006-01-24,1497.2694091796875,2070.0,2123.333251953125,2056.666748046875,2070.0,620100,2026-10-08
2006-01-25,1545.49072265625,2136.666748046875,2146.666748046875,2083.333251953125,2083.333251953125,551100,2026-10-08
2006-01-26,1518.9688720703125,2100.0,2163.333251953125,2073.333251953125,2140.0,932700,2026-10-08
2006-01-27,1538.257568359375,2126.666748046875,2186.666748046875,2103.333251953125,2133.333251953125,1381500,2026-10-08
2006-01-30,1579.2451171875,2183.333251953125,2216.666748046875,2156.666748046875,2166.666748046875,907200,2026-10-08
2006-01-31,1692.5654296875,2340.0,2350.0,2200.0,2230.0,2347200,2026-10-08
2006-02-01,1685.33203125,2330.0,2336.666748046875,2280.0,2313.333251953125,997200,2026-10-08
2006-02-02,1651.5770263671875,2283.333251953125,2333.333251953125,2246.666748046875,2333.333251953125,1033800,2026-10-08
2006-02-03,1861.3388671875,2573.333251953125,2586.666748046875,2430.0,2446.666748046875,4396200,2026-10-08
2006-02-06,1907.1497802734375,2636.666748046875,2683.333251953125,2516.666748046875,2563.333251953125,3311400,2026-10-08
2006-02-07,1943.3150634765625,2686.666748046875,2723.333251953125,2620.0,2633.333251953125,2022300,2026-10-08
2006-02-08,1899.917236328125,2626.666748046875,2666.666748046875,2616.666748046875,2636.666748046875,1523100,2026-10-08
2006-02-09,1890.27197265625,2613.333251953125,2726.666748046875,2593.333251953125,2660.0,1261800,2026-10-08
2006-02-10,1820.351318359375,2516.666748046875,2690.0,2516.666748046875,2613.333251953125,1365300,2026-10-08
2006-02-13,1793.8294677734375,2480.0,2570.0,2440.0,2520.0,1067700,2026-10-08
2006-02-14,1791.419677734375,2476.666748046875,2510.0,2396.666748046875,2433.333251953125,845100,2026-10-08
2006-02-15,1719.0869140625,2376.666748046875,2453.333251953125,2356.666748046875,2436.666748046875,2037300,2026-10-08
2006-02-16,1707.03173828125,2360.0,2413.333251953125,2340.0,2343.333251953125,1434000,2026-10-08
2006-02-17,1699.7982177734375,2350.0,2413.333251953125,2326.666748046875,2370.0,856500,2026-10-08
2006-02-20,1639.5216064453125,2266.666748046875,2343.333251953125,2250.0,2343.333251953125,1025700,2026-10-08
2006-02-21,1634.69970703125,2260.0,2310.0,2213.333251953125,2266.666748046875,1376100,2026-10-08
2006-02-22,1627.46630859375,2250.0,2300.0,2213.333251953125,2286.666748046875,921600,2026-10-08
2006-02-23,1726.3197021484375,2386.666748046875,2416.666748046875,2343.333251953125,2350.0,1652700,2026-10-08
2006-02-24,1687.7431640625,2333.333251953125,2383.333251953125,2303.333251953125,2353.333251953125,950100,2026-10-08
2006-02-27,1740.786376953125,2406.666748046875,2440.0,2366.666748046875,2400.0,1673100,2026-10-08
2006-02-28,1716.6759033203125,2373.333251953125,2456.666748046875,2330.0,2456.666748046875,900900,2026-10-08
2006-03-01,1707.03173828125,2360.0,2406.666748046875,2346.666748046875,2376.666748046875,979500,2026-10-08
2006-03-02,1726.3197021484375,2386.666748046875,2433.333251953125,2380.0,2426.666748046875,1381200,2026-10-08
2006-03-03,1675.687744140625,2316.666748046875,2410.0,2306.666748046875,2360.0,1053000,2026-10-08
2006-03-06,1670.865478515625,2310.0,2330.0,2266.666748046875,2283.333251953125,645900,2026-10-08
2006-03-07,1639.5216064453125,2266.666748046875,2316.666748046875,2250.0,2316.666748046875,594900,2026-10-08
2006-03-08,1610.589111328125,2226.666748046875,2306.666748046875,2220.0,2233.333251953125,912900,2026-10-08
2006-03-09,1661.2215576171875,2296.666748046875,2300.0,2226.666748046875,2226.666748046875,822000,2026-10-08
2006-03-10,1661.2215576171875,2296.666748046875,2343.333251953125,2276.666748046875,2303.333251953125,778200,2026-10-08
2006-03-13,1750.4306640625,2420.0,2426.666748046875,2366.666748046875,2396.666748046875,1277100,2026-10-08
2006-03-14,1726.3197021484375,2386.666748046875,2416.666748046875,2366.666748046875,2416.666748046875,960900,2026-10-08
2006-03-15,1738.3751220703125,2403.333251953125,2423.333251953125,2390.0,2406.666748046875,508200,2026-10-08
2006-03-16,1678.0987548828125,2320.0,2420.0,2296.666748046875,2416.666748046875,790800,2026-10-08
2006-03-17,1690.1539306640625,2336.666748046875,2353.333251953125,2286.666748046875,2286.666748046875,556200,2026-10-08
2006-03-20,1673.277099609375,2313.333251953125,2333.333251953125,2296.666748046875,2303.333251953125,531000,2026-10-08
2006-03-21,1673.277099609375,2313.333251953125,2313.333251953125,2313.333251953125,2313.333251953125,0,2026-10-08
2006-03-22,1726.3197021484375,2386.666748046875,2390.0,2320.0,2326.666748046875,870900,2026-10-08
2006-03-23,1709.4425048828125,2363.333251953125,2406.666748046875,2356.666748046875,2400.0,579000,2026-10-08
2006-03-24,1702.2095947265625,2353.333251953125,2386.666748046875,2346.666748046875,2363.333251953125,413100,2026-10-08
2006-03-27,1731.1422119140625,2393.333251953125,2396.666748046875,2360.0,2386.666748046875,461400,2026-10-08
2006-03-28,1814.7318115234375,2496.666748046875,2516.666748046875,2410.0,2436.666748046875,2076600,2026-10-08
2006-03-29,1887.4176025390625,2596.666748046875,2623.333251953125,2470.0,2476.666748046875,2197200,2026-10-08
2006-03-30,1868.034912109375,2570.0,2636.666748046875,2563.333251953125,2600.0,1248600,2026-10-08
2006-03-31,1875.3031005859375,2580.0,2600.0,2553.333251953125,2570.0,431400,2026-10-08
2006-04-03,1923.7603759765625,2646.666748046875,2666.666748046875,2576.666748046875,2580.0,1200000,2026-10-08
2006-04-04,1899.5321044921875,2613.333251953125,2643.333251953125,2583.333251953125,2626.666748046875,654300,2026-10-08
2006-04-05,1870.4569091796875,2573.333251953125,2653.333251953125,2553.333251953125,2633.333251953125,669600,2026-10-08
2006-04-06,1926.18359375,2650.0,2650.0,2586.666748046875,2590.0,558000,2026-10-08
2006-04-07,1933.4520263671875,2660.0,2686.666748046875,2623.333251953125,2650.0,924000,2026-10-08
2006-04-10,1909.2232666015625,2626.666748046875,2660.0,2613.333251953125,2646.666748046875,538800,2026-10-08
2006-04-11,1831.6912841796875,2520.0,2613.333251953125,2483.333251953125,2600.0,1487100,2026-10-08
2006-04-12,1771.118896484375,2436.666748046875,2493.333251953125,2433.333251953125,2470.0,1487100,2026-10-08
2006-04-13,1809.8858642578125,2490.0,2520.0,2453.333251953125,2470.0,1101300,2026-10-08
2006-04-14,1829.2686767578125,2516.666748046875,2523.333251953125,2483.333251953125,2490.0,456000,2026-10-08
2006-04-17,1771.118896484375,2436.666748046875,2530.0,2430.0,2520.0,694800,2026-10-08
2006-04-18,1790.501953125,2463.333251953125,2480.0,2406.666748046875,2436.666748046875,701100,2026-10-08
2006-04-19,1838.9603271484375,2530.0,2556.666748046875,2503.333251953125,2520.0,1011600,2026-10-08
2006-04-20,1812.307861328125,2493.333251953125,2526.666748046875,2463.333251953125,2516.666748046875,804600,2026-10-08
2006-04-21,1836.5369873046875,2526.666748046875,2553.333251953125,2483.333251953125,2500.0,620400,2026-10-08
2006-04-24,1759.0052490234375,2420.0,2493.333251953125,2413.333251953125,2466.666748046875,673800,2026-10-08
2006-04-25,1744.468505859375,2400.0,2436.666748046875,2376.666748046875,2436.666748046875,754500,2026-10-08
2006-04-26,1756.58251953125,2416.666748046875,2450.0,2403.333251953125,2413.333251953125,534000,2026-10-08
2006-04-27,1783.2340087890625,2453.333251953125,2466.666748046875,2410.0,2446.666748046875,417600,2026-10-08
2006-04-28,1766.2733154296875,2430.0,2466.666748046875,2400.0,2456.666748046875,553200,2026-10-08
2006-05-01,1759.0052490234375,2420.0,2440.0,2400.0,2400.0,400800,2026-10-08
2006-05-02,1775.965576171875,2443.333251953125,2460.0,2410.0,2420.0,431100,2026-10-08
2006-05-03,1775.965576171875,2443.333251953125,2443.333251953125,2443.333251953125,2443.333251953125,0,2026-10-08
2006-05-04,1775.965576171875,2443.333251953125,2443.333251953125,2443.333251953125,2443.333251953125,0,2026-10-08
2006-05-05,1775.965576171875,2443.333251953125,2443.333251953125,2443.333251953125,2443.333251953125,0,2026-10-08
2006-05-08,1797.77099609375,2473.333251953125,2500.0,2443.333251953125,2496.666748046875,560400,2026-10-08
2006-05-09,1819.5770263671875,2503.333251953125,2543.333251953125,2476.666748046875,2483.333251953125,798000,2026-10-08
2006-05-10,1792.9254150390625,2466.666748046875,2526.666748046875,2456.666748046875,2526.666748046875,483000,2026-10-08
2006-05-11,1739.6221923828125,2393.333251953125,2470.0,2376.666748046875,2450.0,860700,2026-10-08
2006-05-12,1729.9306640625,2380.0,2403.333251953125,2336.666748046875,2393.333251953125,690900,2026-10-08
2006-05-15,1737.199462890625,2390.0,2396.666748046875,2343.333251953125,2350.0,659400,2026-10-08
2006-05-16,1662.0899658203125,2286.666748046875,2430.0,2270.0,2416.666748046875,912600,2026-10-08
2006-05-17,1654.8218994140625,2276.666748046875,2303.333251953125,2200.0,2253.333251953125,1163700,2026-10-08
2006-05-18,1625.747314453125,2236.666748046875,2263.333251953125,2203.333251953125,2203.333251953125,834900,2026-10-08
2006-05-19,1649.976318359375,2270.0,2273.333251953125,2226.666748046875,2250.0,937800,2026-10-08
2006-05-22,1633.0157470703125,2246.666748046875,2360.0,2236.666748046875,2333.333251953125,1158900,2026-10-08
2006-05-23,1577.2894287109375,2170.0,2206.666748046875,2170.0,2180.0,795600,2026-10-08
2006-05-24,1596.6729736328125,2196.666748046875,2216.666748046875,2153.333251953125,2210.0,698400,2026-10-08
2006-05-25,1601.518798828125,2203.333251953125,2216.666748046875,2176.666748046875,2203.333251953125,605400,2026-10-08
2006-05-26,1623.3243408203125,2233.333251953125,2243.333251953125,2203.333251953125,2210.0,492000,2026-10-08
2006-05-29,1606.3643798828125,2210.0,2260.0,2200.0,2260.0,299100,2026-10-08
2006-05-30,1613.6329345703125,2220.0,2226.666748046875,2203.333251953125,2226.666748046875,313500,2026-10-08
2006-05-31,1550.637939453125,2133.333251953125,2186.666748046875,2123.333251953125,2183.333251953125,632700,2026-10-08
2006-06-01,1533.678466796875,2110.0,2173.333251953125,2106.666748046875,2166.666748046875,294900,2026-10-08
2006-06-02,1560.32958984375,2146.666748046875,2150.0,2043.3333740234375,2113.333251953125,591900,2026-10-08
2006-06-05,1521.5638427734375,2093.333251953125,2133.333251953125,2083.333251953125,2126.666748046875,300600,2026-10-08
2006-06-06,1487.6435546875,2046.6666259765625,2083.333251953125,2033.3333740234375,2060.0,381000,2026-10-08
2006-06-07,1427.07177734375,1963.3333740234375,2066.666748046875,1956.6666259765625,2016.6666259765625,507000,2026-10-08
2006-06-08,1395.57470703125,1920.0,1963.3333740234375,1893.3333740234375,1953.3333740234375,698400,2026-10-08
2006-06-09,1419.802978515625,1953.3333740234375,1993.3333740234375,1893.3333740234375,1963.3333740234375,1144200,2026-10-08
2006-06-12,1434.34033203125,1973.3333740234375,1983.3333740234375,1923.3333740234375,1926.6666259765625,395700,2026-10-08
2006-06-13,1393.1512451171875,1916.6666259765625,1963.3333740234375,1916.6666259765625,1940.0,424200,2026-10-08
2006-06-14,1410.1114501953125,1940.0,1966.6666259765625,1886.6666259765625,1900.0,374400,2026-10-08
2006-06-15,1429.494384765625,1966.6666259765625,2016.6666259765625,1953.3333740234375,2000.0,373200,2026-10-08
2006-06-16,1548.2152099609375,2130.0,2150.0,2076.666748046875,2133.333251953125,1413600,2026-10-08
2006-06-19,1514.295166015625,2083.333251953125,2126.666748046875,2080.0,2126.666748046875,484800,2026-10-08
2006-06-20,1473.1063232421875,2026.6666259765625,2073.333251953125,2016.6666259765625,2066.666748046875,558300,2026-10-08
2006-06-21,1441.60888671875,1983.3333740234375,2040.0,1953.3333740234375,2030.0,680700,2026-10-08
2006-06-22,1557.906982421875,2143.333251953125,2143.333251953125,2040.0,2050.0,995400,2026-10-08
2006-06-23,1528.8321533203125,2103.333251953125,2113.333251953125,2050.0,2083.333251953125,679500,2026-10-08
2006-06-26,1538.5238037109375,2116.666748046875,2126.666748046875,2083.333251953125,2086.666748046875,503100,2026-10-08
2006-06-27,1531.2552490234375,2106.666748046875,2126.666748046875,2093.333251953125,2123.333251953125,367500,2026-10-08
2006-06-28,1504.603515625,2070.0,2096.666748046875,2043.3333740234375,2050.0,294000,2026-10-08
2006-06-29,1492.489013671875,2053.333251953125,2100.0,2046.6666259765625,2073.333251953125,639600,2026-10-08
2006-06-30,1555.4840087890625,2140.0,2146.666748046875,2103.333251953125,2116.666748046875,809400,2026-10-08
2006-07-03,1577.2894287109375,2170.0,2180.0,2150.0,2150.0,702900,2026-10-08
2006-07-04,1616.0557861328125,2223.333251953125,2246.666748046875,2206.666748046875,2223.333251953125,837900,2026-10-08
2006-07-05,1623.3243408203125,2233.333251953125,2253.333251953125,2193.333251953125,2193.333251953125,698100,2026-10-08
2006-07-06,1596.6729736328125,2196.666748046875,2230.0,2183.333251953125,2230.0,698400,2026-10-08
2006-07-07,1596.6729736328125,2196.666748046875,2230.0,2193.333251953125,2230.0,317400,2026-10-08
2006-07-10,1594.2496337890625,2193.333251953125,2203.333251953125,2140.0,2156.666748046875,705600,2026-10-08
2006-07-11,1550.637939453125,2133.333251953125,2180.0,2113.333251953125,2160.0,461400,2026-10-08
2006-07-12,1480.3748779296875,2036.6666259765625,2160.0,2016.6666259765625,2150.0,1388100,2026-10-08
2006-07-13,1444.031494140625,1986.6666259765625,2060.0,1976.6666259765625,2026.6666259765625,781800,2026-10-08
2006-07-14,1414.9573974609375,1946.6666259765625,1983.3333740234375,1933.3333740234375,1960.0,716700,2026-10-08
2006-07-17,1414.9573974609375,1946.6666259765625,1946.6666259765625,1946.6666259765625,1946.6666259765625,0,2026-10-08
2006-07-18,1356.808349609375,1866.6666259765625,1930.0,1863.3333740234375,1930.0,700800,2026-10-08
2006-07-19,1366.4998779296875,1880.0,1913.3333740234375,1870.0,1876.6666259765625,475200,2026-10-08
2006-07-20,1444.031494140625,1986.6666259765625,1993.3333740234375,1936.6666259765625,1980.0,671100,2026-10-08
2006-07-21,1422.2257080078125,1956.6666259765625,1990.0,1940.0,1963.3333740234375,553500,2026-10-08
2006-07-24,1373.768798828125,1890.0,1940.0,1873.3333740234375,1936.6666259765625,826800,2026-10-08
2006-07-25,1390.7286376953125,1913.3333740234375,1960.0,1910.0,1946.6666259765625,520200,2026-10-08
2006-07-26,1383.460205078125,1903.3333740234375,1946.6666259765625,1893.3333740234375,1946.6666259765625,438000,2026-10-08
2006-07-27,1410.1114501953125,1940.0,1940.0,1903.3333740234375,1923.3333740234375,559500,2026-10-08
2006-07-28,1480.3748779296875,2036.6666259765625,2040.0,1966.6666259765625,1973.3333740234375,913500,2026-10-08
2006-07-31,1519.141357421875,2090.0,2106.666748046875,2076.666748046875,2103.333251953125,776700,2026-10-08
2006-08-01,1523.9862060546875,2096.666748046875,2123.333251953125,2073.333251953125,2093.333251953125,746700,2026-10-08
2006-08-02,1567.5982666015625,2156.666748046875,2156.666748046875,2086.666748046875,2090.0,1190400,2026-10-08
2006-08-03,1562.7523193359375,2150.0,2183.333251953125,2143.333251953125,2180.0,738600,2026-10-08
2006-08-04,1545.7928466796875,2126.666748046875,2176.666748046875,2110.0,2163.333251953125,473700,2026-10-08
2006-08-07,1487.6435546875,2046.6666259765625,2150.0,2043.3333740234375,2130.0,458400,2026-10-08
2006-08-08,1487.6435546875,2046.6666259765625,2076.666748046875,2020.0,2046.6666259765625,395700,2026-10-08
2006-08-09,1504.603515625,2070.0,2076.666748046875,1990.0,2026.6666259765625,474600,2026-10-08
2006-08-10,1509.44921875,2076.666748046875,2083.333251953125,2030.0,2060.0,396900,2026-10-08
2006-08-11,1523.9862060546875,2096.666748046875,2110.0,2043.3333740234375,2043.3333740234375,480900,2026-10-08
2006-08-14,1557.906982421875,2143.333251953125,2143.333251953125,2060.0,2063.333251953125,395100,2026-10-08
2006-08-15,1565.1751708984375,2153.333251953125,2170.0,2140.0,2160.0,473100,2026-10-08
2006-08-16,1640.284423828125,2256.666748046875,2263.333251953125,2186.666748046875,2190.0,1380300,2026-10-08
2006-08-17,1642.7076416015625,2260.0,2340.0,2240.0,2286.666748046875,1131600,2026-10-08
2006-08-18,1676.6280517578125,2306.666748046875,2316.666748046875,2250.0,2253.333251953125,405600,2026-10-08
2006-08-21,1633.0157470703125,2246.666748046875,2316.666748046875,2243.333251953125,2306.666748046875,432000,2026-10-08
2006-08-22,1642.7076416015625,2260.0,2273.333251953125,2233.333251953125,2240.0,205200,2026-10-08
2006-08-23,1620.90185546875,2230.0,2256.666748046875,2213.333251953125,2236.666748046875,484500,2026-10-08
2006-08-24,1608.7877197265625,2213.333251953125,2243.333251953125,2196.666748046875,2243.333251953125,360900,2026-10-08
2006-08-25,1608.7877197265625,2213.333251953125,2243.333251953125,2183.333251953125,2196.666748046875,367200,2026-10-08
2006-08-28,1570.021240234375,2160.0,2256.666748046875,2160.0,2243.333251953125,418500,2026-10-08
2006-08-29,1603.9410400390625,2206.666748046875,2226.666748046875,2183.333251953125,2210.0,544800,2026-10-08
2006-08-30,1603.9410400390625,2206.666748046875,2233.333251953125,2193.333251953125,2230.0,293100,2026-10-08
2006-08-31,1647.5533447265625,2266.666748046875,2270.0,2206.666748046875,2206.666748046875,542400,2026-10-08
2006-09-01,1681.473388671875,2313.333251953125,2320.0,2250.0,2270.0,437100,2026-10-08
2006-09-04,1710.5472412109375,2353.333251953125,2366.666748046875,2316.666748046875,2333.333251953125,626100,2026-10-08
2006-09-05,1696.010498046875,2333.333251953125,2353.333251953125,2323.333251953125,2353.333251953125,221400,2026-10-08
2006-09-06,1693.5875244140625,2330.0,2353.333251953125,2320.0,2346.666748046875,214500,2026-10-08
2006-09-07,1633.0157470703125,2246.666748046875,2296.666748046875,2230.0,2280.0,462000,2026-10-08
2006-09-08,1640.284423828125,2256.666748046875,2280.0,2220.0,2220.0,552000,2026-10-08
2006-09-11,1608.7877197265625,2213.333251953125,2276.666748046875,2206.666748046875,2263.333251953125,388200,2026-10-08
2006-09-12,1599.09521484375,2200.0,2233.333251953125,2190.0,2220.0,390000,2026-10-08
2006-09-13,1669.359130859375,2296.666748046875,2310.0,2266.666748046875,2273.333251953125,994200,2026-10-08
2006-09-14,1688.7413330078125,2323.333251953125,2330.0,2286.666748046875,2303.333251953125,883200,2026-10-08
2006-09-15,1700.8565673828125,2340.0,2340.0,2283.333251953125,2316.666748046875,635100,2026-10-08
2006-09-18,1700.8565673828125,2340.0,2340.0,2340.0,2340.0,0,2026-10-08
2006-09-19,1744.468505859375,2400.0,2420.0,2350.0,2356.666748046875,1600800,2026-10-08
2006-09-20,1761.4278564453125,2423.333251953125,2430.0,2356.666748046875,2390.0,1463700,2026-10-08
2006-09-21,1754.1595458984375,2413.333251953125,2446.666748046875,2393.333251953125,2433.333251953125,740700,2026-10-08
2006-09-22,1744.468505859375,2400.0,2423.333251953125,2386.666748046875,2400.0,641700,2026-10-08
2006-09-25,1734.7767333984375,2386.666748046875,2403.333251953125,2340.0,2396.666748046875,462600,2026-10-08
2006-09-26,1717.74462890625,2353.333251953125,2390.0,2350.0,2383.333251953125,387900,2026-10-08
2006-09-27,1729.910888671875,2370.0,2393.333251953125,2350.0,2366.666748046875,557100,2026-10-08
2006-09-28,1725.0439453125,2363.333251953125,2400.0,2340.0,2393.333251953125,741900,2026-10-08
2006-09-29,1763.97314453125,2416.666748046875,2420.0,2373.333251953125,2390.0,425700,2026-10-08
2006-10-02,1771.2725830078125,2426.666748046875,2440.0,2386.666748046875,2423.333251953125,525900,2026-10-08
2006-10-03,1756.6744384765625,2406.666748046875,2420.0,2386.666748046875,2400.0,361500,2026-10-08
2006-10-04,1710.44580078125,2343.333251953125,2433.333251953125,2340.0,2416.666748046875,420300,2026-10-08
2006-10-05,1771.2725830078125,2426.666748046875,2460.0,2390.0,2406.666748046875,689700,2026-10-08
2006-10-06,1785.8709716796875,2446.666748046875,2473.333251953125,2433.333251953125,2460.0,679200,2026-10-08
2006-10-09,1785.8709716796875,2446.666748046875,2446.666748046875,2446.666748046875,2446.666748046875,0,2026-10-08
2006-10-10,1776.137939453125,2433.333251953125,2460.0,2406.666748046875,2413.333251953125,980100,2026-10-08
2006-10-11,1751.80859375,2400.0,2433.333251953125,2346.666748046875,2416.666748046875,1034400,2026-10-08
2006-10-12,1737.20947265625,2380.0,2430.0,2366.666748046875,2380.0,573000,2026-10-08
2006-10-13,1805.3350830078125,2473.333251953125,2486.666748046875,2416.666748046875,2416.666748046875,710400,2026-10-08
2006-10-16,1815.0675048828125,2486.666748046875,2496.666748046875,2463.333251953125,2486.666748046875,436500,2026-10-08
2006-10-17,1815.0675048828125,2486.666748046875,2510.0,2470.0,2490.0,627000,2026-10-08
2006-10-18,1807.7685546875,2476.666748046875,2483.333251953125,2440.0,2463.333251953125,513600,2026-10-08
2006-10-19,1788.30419921875,2450.0,2476.666748046875,2436.666748046875,2476.666748046875,533400,2026-10-08
2006-10-20,1781.004638671875,2440.0,2473.333251953125,2423.333251953125,2436.666748046875,302700,2026-10-08
2006-10-23,1729.910888671875,2370.0,2433.333251953125,2363.333251953125,2406.666748046875,1471800,2026-10-08
2006-10-24,1783.437744140625,2443.333251953125,2453.333251953125,2396.666748046875,2403.333251953125,1113000,2026-10-08
2006-10-25,1773.7054443359375,2430.0,2443.333251953125,2403.333251953125,2430.0,637200,2026-10-08
2006-10-26,1766.4058837890625,2420.0,2450.0,2406.666748046875,2450.0,420300,2026-10-08
2006-10-27,1746.94189453125,2393.333251953125,2446.666748046875,2380.0,2446.666748046875,368700,2026-10-08
2006-10-30,1698.280517578125,2326.666748046875,2346.666748046875,2310.0,2336.666748046875,759900,2026-10-08
2006-10-31,1690.9810791015625,2316.666748046875,2350.0,2293.333251953125,2333.333251953125,650700,2026-10-08
2006-11-01,1671.5162353515625,2290.0,2310.0,2270.0,2296.666748046875,531300,2026-10-08
2006-11-02,1676.3826904296875,2296.666748046875,2296.666748046875,2250.0,2266.666748046875,493800,2026-10-08
2006-11-03,1676.3826904296875,2296.666748046875,2296.666748046875,2296.666748046875,2296.666748046875,0,2026-10-08
2006-11-06,1673.9503173828125,2293.333251953125,2306.666748046875,2256.666748046875,2286.666748046875,283500,2026-10-08
2006-11-07,1700.7135009765625,2330.0,2356.666748046875,2320.0,2353.333251953125,660600,2026-10-08
2006-11-08,1647.186279296875,2256.666748046875,2333.333251953125,2250.0,2306.666748046875,398100,2026-10-08
2006-11-09,1613.12353515625,2210.0,2263.333251953125,2200.0,2246.666748046875,567000,2026-10-08
2006-11-10,1635.0205078125,2240.0,2273.333251953125,2203.333251953125,2220.0,752400,2026-10-08
2006-11-13,1639.8865966796875,2246.666748046875,2283.333251953125,2230.0,2253.333251953125,537300,2026-10-08
2006-11-14,1802.9027099609375,2470.0,2470.0,2353.333251953125,2380.0,1930200,2026-10-08
2006-11-15,1853.997314453125,2540.0,2566.666748046875,2486.666748046875,2500.0,2238000,2026-10-08
2006-11-16,1873.46142578125,2566.666748046875,2600.0,2543.333251953125,2550.0,2196900,2026-10-08
2006-11-17,1853.997314453125,2540.0,2560.0,2503.333251953125,2540.0,713100,2026-10-08
2006-11-20,1778.571533203125,2436.666748046875,2506.666748046875,2430.0,2496.666748046875,790500,2026-10-08
2006-11-21,1839.398193359375,2520.0,2540.0,2466.666748046875,2466.666748046875,1092000,2026-10-08
2006-11-22,1866.1619873046875,2556.666748046875,2573.333251953125,2520.0,2540.0,653400,2026-10-08
2006-11-23,1866.1619873046875,2556.666748046875,2556.666748046875,2556.666748046875,2556.666748046875,0,2026-10-08
2006-11-24,1878.3275146484375,2573.333251953125,2586.666748046875,2536.666748046875,2570.0,470100,2026-10-08
2006-11-27,1919.689208984375,2630.0,2653.333251953125,2543.333251953125,2560.0,1029300,2026-10-08
2006-11-28,1905.091552734375,2610.0,2626.666748046875,2580.0,2596.666748046875,531000,2026-10-08
2006-11-29,1897.7921142578125,2600.0,2630.0,2583.333251953125,2630.0,803100,2026-10-08
2006-11-30,1917.256591796875,2626.666748046875,2630.0,2573.333251953125,2606.666748046875,557700,2026-10-08
2006-12-01,1936.721435546875,2653.333251953125,2686.666748046875,2603.333251953125,2613.333251953125,1100700,2026-10-08
2006-12-04,1961.05224609375,2686.666748046875,2700.0,2623.333251953125,2636.666748046875,725400,2026-10-08
2006-12-05,1944.0198974609375,2663.333251953125,2696.666748046875,2656.666748046875,2686.666748046875,429600,2026-10-08
2006-12-06,1951.31884765625,2673.333251953125,2673.333251953125,2623.333251953125,2650.0,405300,2026-10-08
2006-12-07,1961.05224609375,2686.666748046875,2713.333251953125,2656.666748046875,2660.0,791400,2026-10-08
2006-12-08,1978.08251953125,2710.0,2733.333251953125,2700.0,2720.0,1104000,2026-10-08
2006-12-11,1973.21728515625,2703.333251953125,2726.666748046875,2690.0,2720.0,373500,2026-10-08
2006-12-12,1948.8868408203125,2670.0,2713.333251953125,2653.333251953125,2703.333251953125,594600,2026-10-08
2006-12-13,1982.9490966796875,2716.666748046875,2716.666748046875,2670.0,2670.0,402900,2026-10-08
2006-12-14,2036.4769287109375,2790.0,2806.666748046875,2716.666748046875,2726.666748046875,879300,2026-10-08
2006-12-15,2026.74462890625,2776.666748046875,2813.333251953125,2756.666748046875,2813.333251953125,621900,2026-10-08
2006-12-18,2036.4769287109375,2790.0,2823.333251953125,2780.0,2786.666748046875,618600,2026-10-08
2006-12-19,2043.7755126953125,2800.0,2833.333251953125,2783.333251953125,2786.666748046875,503100,2026-10-08
2006-12-20,2024.3116455078125,2773.333251953125,2793.333251953125,2760.0,2786.666748046875,644700,2026-10-08
2006-12-21,2007.2806396484375,2750.0,2793.333251953125,2740.0,2780.0,840900,2026-10-08
2006-12-22,2048.64208984375,2806.666748046875,2813.333251953125,2720.0,2726.666748046875,1103400,2026-10-08
2006-12-25,2034.044677734375,2786.666748046875,2806.666748046875,2766.666748046875,2800.0,265200,2026-10-08
2006-12-26,2046.20849609375,2803.333251953125,2803.333251953125,2766.666748046875,2790.0,224400,2026-10-08
2006-12-27,2058.37451171875,2820.0,2833.333251953125,2793.333251953125,2803.333251953125,398700,2026-10-08
2006-12-28,2029.1771240234375,2780.0,2850.0,2750.0,2833.333251953125,538500,2026-10-08
2006-12-29,2036.4769287109375,2790.0,2806.666748046875,2766.666748046875,2770.0,130800,2026-10-08
2007-01-04,2002.4139404296875,2743.333251953125,2793.333251953125,2716.666748046875,2793.333251953125,510900,2026-10-08
2007-01-05,1902.658447265625,2606.666748046875,2723.333251953125,2590.0,2710.0,1389600,2026-10-08
2007-01-09,1895.359619140625,2596.666748046875,2643.333251953125,2566.666748046875,2616.666748046875,1031100,2026-10-08
2007-01-10,1905.091552734375,2610.0,2636.666748046875,2583.333251953125,2630.0,1373400,2026-10-08
2007-01-11,1924.555908203125,2636.666748046875,2670.0,2626.666748046875,2643.333251953125,1004100,2026-10-08
2007-01-12,1975.6500244140625,2706.666748046875,2716.666748046875,2660.0,2670.0,893400,2026-10-08
2007-01-15,1987.8155517578125,2723.333251953125,2733.333251953125,2710.0,2730.0,324600,2026-10-08
2007-01-16,2021.8785400390625,2770.0,2800.0,2706.666748046875,2726.666748046875,1005000,2026-10-08
2007-01-17,2007.2806396484375,2750.0,2776.666748046875,2716.666748046875,2743.333251953125,606600,2026-10-08
2007-01-18,2014.57958984375,2760.0,2790.0,2746.666748046875,2783.333251953125,684600,2026-10-08
2007-01-19,1982.9490966796875,2716.666748046875,2770.0,2706.666748046875,2750.0,912300,2026-10-08
2007-01-22,2012.1456298828125,2756.666748046875,2776.666748046875,2750.0,2760.0,496200,2026-10-08
2007-01-23,1985.3818359375,2720.0,2746.666748046875,2716.666748046875,2730.0,684900,2026-10-08
2007-01-24,1917.256591796875,2626.666748046875,2683.333251953125,2623.333251953125,2666.666748046875,1406100,2026-10-08
2007-01-25,1888.0596923828125,2586.666748046875,2660.0,2586.666748046875,2660.0,847500,2026-10-08
2007-01-26,1892.925537109375,2593.333251953125,2616.666748046875,2573.333251953125,2616.666748046875,879600,2026-10-08
2007-01-29,1880.7608642578125,2576.666748046875,2600.0,2573.333251953125,2593.333251953125,627900,2026-10-08
2007-01-30,1853.997314453125,2540.0,2590.0,2536.666748046875,2576.666748046875,780300,2026-10-08
2007-01-31,1846.6971435546875,2530.0,2573.333251953125,2513.333251953125,2540.0,738000,2026-10-08
2007-02-01,1871.0283203125,2563.333251953125,2563.333251953125,2526.666748046875,2536.666748046875,556800,2026-10-08
2007-02-02,1819.933349609375,2493.333251953125,2576.666748046875,2480.0,2566.666748046875,1335000,2026-10-08
2007-02-05,1810.2017822265625,2480.0,2510.0,2466.666748046875,2503.333251953125,702900,2026-10-08
2007-02-06,1812.6341552734375,2483.333251953125,2500.0,2466.666748046875,2470.0,578100,2026-10-08
2007-02-07,1776.137939453125,2433.333251953125,2483.333251953125,2420.0,2466.666748046875,813000,2026-10-08
2007-02-08,1778.571533203125,2436.666748046875,2483.333251953125,2420.0,2440.0,509100,2026-10-08
2007-02-09,1815.0675048828125,2486.666748046875,2486.666748046875,2406.666748046875,2440.0,604500,2026-10-08
2007-02-13,1790.7371826171875,2453.333251953125,2486.666748046875,2443.333251953125,2483.333251953125,403200,2026-10-08
2007-02-14,1839.398193359375,2520.0,2550.0,2493.333251953125,2493.333251953125,795000,2026-10-08
2007-02-15,1836.965087890625,2516.666748046875,2553.333251953125,2506.666748046875,2553.333251953125,413400,2026-10-08
2007-02-16,1846.6971435546875,2530.0,2536.666748046875,2500.0,2516.666748046875,277200,2026-10-08
2007-02-19,1853.997314453125,2540.0,2546.666748046875,2530.0,2546.666748046875,276600,2026-10-08
2007-02-20,1832.09912109375,2510.0,2540.0,2496.666748046875,2533.333251953125,389400,2026-10-08
2007-02-21,1800.4696044921875,2466.666748046875,2496.666748046875,2446.666748046875,2493.333251953125,546300,2026-10-08
2007-02-22,1802.9027099609375,2470.0,2496.666748046875,2453.333251953125,2496.666748046875,480900,2026-10-08
2007-02-23,1856.4288330078125,2543.333251953125,2543.333251953125,2483.333251953125,2503.333251953125,545700,2026-10-08
2007-02-26,1832.09912109375,2510.0,2553.333251953125,2486.666748046875,2550.0,482700,2026-10-08
2007-02-27,1810.2017822265625,2480.0,2503.333251953125,2470.0,2493.333251953125,355800,2026-10-08
2007-02-28,1734.7764892578125,2376.666748046875,2406.666748046875,2280.0,2280.0,795900,2026-10-08
2007-03-01,1751.80859375,2400.0,2426.666748046875,2376.666748046875,2393.333251953125,742200,2026-10-08
2007-03-02,1756.6744384765625,2406.666748046875,2416.666748046875,2353.333251953125,2396.666748046875,978900,2026-10-08
2007-03-05,1712.878662109375,2346.666748046875,2396.666748046875,2336.666748046875,2376.666748046875,931800,2026-10-08
2007-03-06,1683.682373046875,2306.666748046875,2333.333251953125,2273.333251953125,2313.333251953125,1117500,2026-10-08
2007-03-07,1615.556396484375,2213.333251953125,2346.666748046875,2206.666748046875,2330.0,1242000,2026-10-08
2007-03-08,1681.2491455078125,2303.333251953125,2303.333251953125,2240.0,2246.666748046875,745500,2026-10-08
2007-03-09,1715.3123779296875,2350.0,2356.666748046875,2313.333251953125,2316.666748046875,733200,2026-10-08
2007-03-12,1756.6744384765625,2406.666748046875,2440.0,2386.666748046875,2400.0,594000,2026-10-08
2007-03-13,1744.5084228515625,2390.0,2440.0,2386.666748046875,2433.333251953125,637200,2026-10-08
2007-03-14,1669.08349609375,2286.666748046875,2326.666748046875,2283.333251953125,2316.666748046875,756600,2026-10-08
2007-03-15,1698.280517578125,2326.666748046875,2346.666748046875,2303.333251953125,2320.0,418800,2026-10-08
2007-03-16,1669.08349609375,2286.666748046875,2333.333251953125,2250.0,2303.333251953125,673800,2026-10-08
2007-03-19,1688.5482177734375,2313.333251953125,2320.0,2266.666748046875,2266.666748046875,514800,2026-10-08
2007-03-20,1710.44580078125,2343.333251953125,2343.333251953125,2300.0,2313.333251953125,841500,2026-10-08
2007-03-22,1727.4776611328125,2366.666748046875,2383.333251953125,2356.666748046875,2383.333251953125,591900,2026-10-08
2007-03-23,1717.74462890625,2353.333251953125,2363.333251953125,2320.0,2350.0,436800,2026-10-08
2007-03-26,1712.878662109375,2346.666748046875,2363.333251953125,2326.666748046875,2350.0,280800,2026-10-08
2007-03-27,1692.0645751953125,2303.333251953125,2346.666748046875,2293.333251953125,2346.666748046875,585900,2026-10-08
2007-03-28,1701.8599853515625,2316.666748046875,2330.0,2286.666748046875,2300.0,498900,2026-10-08
2007-03-29,1716.552490234375,2336.666748046875,2353.333251953125,2283.333251953125,2306.666748046875,554400,2026-10-08
2007-03-30,1763.0777587890625,2400.0,2430.0,2383.333251953125,2386.666748046875,1277100,2026-10-08
2007-04-02,1714.1031494140625,2333.333251953125,2400.0,2323.333251953125,2400.0,610500,2026-10-08
2007-04-03,1792.462646484375,2440.0,2446.666748046875,2363.333251953125,2370.0,1120200,2026-10-08
2007-04-04,1841.4364013671875,2506.666748046875,2516.666748046875,2463.333251953125,2500.0,1211100,2026-10-08
2007-04-05,1868.372314453125,2543.333251953125,2550.0,2503.333251953125,2506.666748046875,901800,2026-10-08
2007-04-06,1878.167724609375,2556.666748046875,2566.666748046875,2530.0,2540.0,548400,2026-10-08
2007-04-09,1880.615966796875,2560.0,2573.333251953125,2536.666748046875,2543.333251953125,746700,2026-10-08
2007-04-10,1868.372314453125,2543.333251953125,2560.0,2540.0,2556.666748046875,421500,2026-10-08
2007-04-11,1878.167724609375,2556.666748046875,2566.666748046875,2520.0,2560.0,479700,2026-10-08
2007-04-12,1848.7830810546875,2516.666748046875,2550.0,2510.0,2550.0,380700,2026-10-08
2007-04-13,1807.154541015625,2460.0,2533.333251953125,2453.333251953125,2533.333251953125,575400,2026-10-08
2007-04-16,1851.231689453125,2520.0,2526.666748046875,2473.333251953125,2480.0,444000,2026-10-08
2007-04-17,1878.167724609375,2556.666748046875,2573.333251953125,2543.333251953125,2563.333251953125,707400,2026-10-08
2007-04-18,1883.0650634765625,2563.333251953125,2580.0,2530.0,2566.666748046875,441900,2026-10-08
2007-04-19,1846.3336181640625,2513.333251953125,2570.0,2486.666748046875,2570.0,447900,2026-10-08
2007-04-20,1843.8851318359375,2510.0,2530.0,2476.666748046875,2513.333251953125,374100,2026-10-08
2007-04-23,1853.680419921875,2523.333251953125,2560.0,2516.666748046875,2546.666748046875,435600,2026-10-08
2007-04-24,1846.3336181640625,2513.333251953125,2533.333251953125,2493.333251953125,2533.333251953125,397500,2026-10-08
2007-04-25,1829.1929931640625,2490.0,2526.666748046875,2480.0,2493.333251953125,390000,2026-10-08
2007-04-26,1821.8466796875,2480.0,2526.666748046875,2476.666748046875,2520.0,466500,2026-10-08
2007-04-27,1836.5391845703125,2500.0,2526.666748046875,2470.0,2513.333251953125,447600,2026-10-08
2007-05-01,1812.0521240234375,2466.666748046875,2513.333251953125,2453.333251953125,2503.333251953125,378600,2026-10-08
2007-05-02,1790.0130615234375,2436.666748046875,2473.333251953125,2426.666748046875,2466.666748046875,468000,2026-10-08
2007-05-07,1799.808349609375,2450.0,2470.0,2440.0,2466.666748046875,354900,2026-10-08
2007-05-08,1802.2572021484375,2453.333251953125,2460.0,2450.0,2450.0,315600,2026-10-08
2007-05-09,1812.0521240234375,2466.666748046875,2470.0,2456.666748046875,2456.666748046875,232200,2026-10-08
2007-05-10,1816.94921875,2473.333251953125,2490.0,2473.333251953125,2483.333251953125,281700,2026-10-08
2007-05-11,1699.4114990234375,2313.333251953125,2313.333251953125,2243.333251953125,2256.666748046875,2726700,2026-10-08
2007-05-14,1679.8214111328125,2286.666748046875,2293.333251953125,2266.666748046875,2273.333251953125,1134600,2026-10-08
2007-05-15,1650.4366455078125,2246.666748046875,2256.666748046875,2236.666748046875,2240.0,660600,2026-10-08
2007-05-16,1611.2567138671875,2193.333251953125,2240.0,2180.0,2236.666748046875,1268100,2026-10-08
2007-05-17,1591.6678466796875,2166.666748046875,2216.666748046875,2160.0,2193.333251953125,1346700,2026-10-08
2007-05-18,1576.97509765625,2146.666748046875,2166.666748046875,2103.333251953125,2166.666748046875,1307100,2026-10-08
2007-05-21,1638.193115234375,2230.0,2233.333251953125,2180.0,2180.0,1804500,2026-10-08
2007-05-22,1672.474853515625,2276.666748046875,2283.333251953125,2236.666748046875,2260.0,1173600,2026-10-08
2007-05-23,1694.513671875,2306.666748046875,2310.0,2266.666748046875,2293.333251953125,928500,2026-10-08
2007-05-24,1709.20556640625,2326.666748046875,2330.0,2303.333251953125,2313.333251953125,1248600,2026-10-08
2007-05-25,1689.615478515625,2300.0,2303.333251953125,2273.333251953125,2296.666748046875,1042800,2026-10-08
2007-05-28,1738.5904541015625,2366.666748046875,2393.333251953125,2366.666748046875,2393.333251953125,1478700,2026-10-08
2007-05-29,1721.449462890625,2343.333251953125,2360.0,2333.333251953125,2346.666748046875,765900,2026-10-08
2007-05-30,1689.615478515625,2300.0,2310.0,2273.333251953125,2290.0,896700,2026-10-08
2007-05-31,1672.474853515625,2276.666748046875,2296.666748046875,2263.333251953125,2266.666748046875,1538700,2026-10-08
2007-06-01,1692.0645751953125,2303.333251953125,2306.666748046875,2296.666748046875,2300.0,851400,2026-10-08
2007-06-04,1704.308349609375,2320.0,2320.0,2306.666748046875,2316.666748046875,697200,2026-10-08
2007-06-05,1689.615478515625,2300.0,2306.666748046875,2270.0,2283.333251953125,583200,2026-10-08
2007-06-06,1662.6802978515625,2263.333251953125,2296.666748046875,2256.666748046875,2296.666748046875,567900,2026-10-08
2007-06-07,1672.474853515625,2276.666748046875,2280.0,2216.666748046875,2223.333251953125,1173300,2026-10-08
2007-06-08,1608.808349609375,2190.0,2226.666748046875,2173.333251953125,2220.0,1940700,2026-10-08
2007-06-11,1594.115966796875,2170.0,2216.666748046875,2163.333251953125,2213.333251953125,1020000,2026-10-08
2007-06-12,1579.4234619140625,2150.0,2156.666748046875,2143.333251953125,2150.0,841800,2026-10-08
2007-06-13,1618.6033935546875,2203.333251953125,2206.666748046875,2200.0,2203.333251953125,1033500,2026-10-08
2007-06-14,1670.026611328125,2273.333251953125,2276.666748046875,2253.333251953125,2256.666748046875,1508400,2026-10-08
2007-06-15,1677.37255859375,2283.333251953125,2286.666748046875,2270.0,2280.0,784800,2026-10-08
2007-06-18,1679.8214111328125,2286.666748046875,2306.666748046875,2276.666748046875,2296.666748046875,416400,2026-10-08
2007-06-19,1643.0904541015625,2236.666748046875,2273.333251953125,2233.333251953125,2266.666748046875,664200,2026-10-08
2007-06-20,1670.026611328125,2273.333251953125,2283.333251953125,2260.0,2260.0,935700,2026-10-08
2007-06-21,1719.0009765625,2340.0,2346.666748046875,2333.333251953125,2346.666748046875,1626300,2026-10-08
2007-06-22,1767.9752197265625,2406.666748046875,2410.0,2370.0,2393.333251953125,1813200,2026-10-08
2007-06-25,1785.1163330078125,2430.0,2453.333251953125,2386.666748046875,2406.666748046875,1868100,2026-10-08
2007-06-26,1743.4874267578125,2373.333251953125,2376.666748046875,2353.333251953125,2360.0,926400,2026-10-08
2007-06-27,1704.308349609375,2320.0,2360.0,2306.666748046875,2356.666748046875,610200,2026-10-08
2007-06-28,1726.3470458984375,2350.0,2363.333251953125,2330.0,2340.0,465300,2026-10-08
2007-06-29,1748.3853759765625,2380.0,2383.333251953125,2343.333251953125,2350.0,483300,2026-10-08
2007-07-02,1738.5904541015625,2366.666748046875,2383.333251953125,2360.0,2380.0,258000,2026-10-08
2007-07-03,1714.1031494140625,2333.333251953125,2353.333251953125,2310.0,2346.666748046875,660000,2026-10-08
2007-07-04,1711.655029296875,2330.0,2333.333251953125,2313.333251953125,2320.0,321900,2026-10-08
2007-07-05,1733.69287109375,2360.0,2383.333251953125,2323.333251953125,2323.333251953125,502800,2026-10-08
2007-07-06,1736.141845703125,2363.333251953125,2373.333251953125,2336.666748046875,2363.333251953125,517800,2026-10-08
2007-07-09,1782.6676025390625,2426.666748046875,2426.666748046875,2393.333251953125,2396.666748046875,871500,2026-10-08
2007-07-10,1782.6676025390625,2426.666748046875,2440.0,2410.0,2423.333251953125,656100,2026-10-08
2007-07-11,1775.3216552734375,2416.666748046875,2426.666748046875,2380.0,2380.0,774600,2026-10-08
2007-07-12,1738.5904541015625,2366.666748046875,2406.666748046875,2340.0,2403.333251953125,996000,2026-10-08
2007-07-13,1760.62890625,2396.666748046875,2410.0,2370.0,2393.333251953125,637800,2026-10-08
2007-07-17,1753.2825927734375,2386.666748046875,2393.333251953125,2380.0,2390.0,469500,2026-10-08
2007-07-18,1741.0396728515625,2370.0,2403.333251953125,2366.666748046875,2383.333251953125,753900,2026-10-08
2007-07-19,1694.513671875,2306.666748046875,2356.666748046875,2286.666748046875,2350.0,1026900,2026-10-08
2007-07-20,1692.0645751953125,2303.333251953125,2320.0,2303.333251953125,2313.333251953125,532500,2026-10-08
2007-07-23,1657.7823486328125,2256.666748046875,2283.333251953125,2243.333251953125,2273.333251953125,623100,2026-10-08
2007-07-24,1638.193115234375,2230.0,2270.0,2206.666748046875,2266.666748046875,882600,2026-10-08
2007-07-25,1662.6802978515625,2263.333251953125,2266.666748046875,2200.0,2200.0,755400,2026-10-08
2007-07-26,1687.1676025390625,2296.666748046875,2296.666748046875,2276.666748046875,2276.666748046875,956700,2026-10-08
2007-07-27,1621.0517578125,2206.666748046875,2233.333251953125,2190.0,2206.666748046875,897900,2026-10-08
2007-07-30,1618.6033935546875,2203.333251953125,2203.333251953125,2156.666748046875,2173.333251953125,647100,2026-10-08
2007-07-31,1603.9110107421875,2183.333251953125,2203.333251953125,2176.666748046875,2203.333251953125,593400,2026-10-08
2007-08-01,1562.28271484375,2126.666748046875,2190.0,2110.0,2170.0,820800,2026-10-08
2007-08-02,1640.6417236328125,2233.333251953125,2313.333251953125,2176.666748046875,2246.666748046875,2527800,2026-10-08
2007-08-03,1733.69287109375,2360.0,2380.0,2320.0,2320.0,2030700,2026-10-08
2007-08-06,1704.308349609375,2320.0,2336.666748046875,2290.0,2303.333251953125,1080900,2026-10-08
2007-08-07,1709.20556640625,2326.666748046875,2350.0,2320.0,2350.0,733500,2026-10-08
2007-08-08,1684.718994140625,2293.333251953125,2313.333251953125,2280.0,2280.0,588600,2026-10-08
2007-08-09,1741.0396728515625,2370.0,2410.0,2350.0,2366.666748046875,1766100,2026-10-08
2007-08-10,1719.0009765625,2340.0,2366.666748046875,2336.666748046875,2340.0,859200,2026-10-08
2007-08-13,1682.269775390625,2290.0,2320.0,2290.0,2320.0,708000,2026-10-08
2007-08-14,1670.026611328125,2273.333251953125,2280.0,2266.666748046875,2273.333251953125,567000,2026-10-08
2007-08-15,1623.5010986328125,2210.0,2233.333251953125,2200.0,2230.0,570600,2026-10-08
2007-08-16,1623.5010986328125,2210.0,2223.333251953125,2170.0,2196.666748046875,778500,2026-10-08
2007-08-17,1510.85986328125,2056.666748046875,2203.333251953125,2036.6666259765625,2196.666748046875,720000,2026-10-08
2007-08-20,1572.0777587890625,2140.0,2170.0,2123.333251953125,2156.666748046875,532500,2026-10-08
2007-08-21,1621.0517578125,2206.666748046875,2216.666748046875,2186.666748046875,2190.0,580200,2026-10-08
2007-08-22,1601.4625244140625,2180.0,2200.0,2170.0,2196.666748046875,687600,2026-10-08
2007-08-23,1630.846923828125,2220.0,2220.0,2200.0,2213.333251953125,357600,2026-10-08
2007-08-24,1630.846923828125,2220.0,2240.0,2210.0,2240.0,291300,2026-10-08
2007-08-27,1623.5010986328125,2210.0,2236.666748046875,2210.0,2233.333251953125,217500,2026-10-08
2007-08-28,1594.115966796875,2170.0,2200.0,2156.666748046875,2200.0,434400,2026-10-08
2007-08-29,1554.9364013671875,2116.666748046875,2120.0,2100.0,2113.333251953125,698100,2026-10-08
2007-08-30,1584.321533203125,2156.666748046875,2173.333251953125,2126.666748046875,2170.0,533400,2026-10-08
2007-08-31,1662.6802978515625,2263.333251953125,2263.333251953125,2223.333251953125,2230.0,774900,2026-10-08
2007-09-03,1660.231201171875,2260.0,2280.0,2240.0,2263.333251953125,724500,2026-10-08
2007-09-04,1665.12890625,2266.666748046875,2276.666748046875,2246.666748046875,2266.666748046875,356400,2026-10-08
2007-09-05,1657.7823486328125,2256.666748046875,2280.0,2253.333251953125,2256.666748046875,686100,2026-10-08
2007-09-06,1643.0904541015625,2236.666748046875,2256.666748046875,2206.666748046875,2206.666748046875,637500,2026-10-08
2007-09-07,1608.808349609375,2190.0,2226.666748046875,2180.0,2206.666748046875,540600,2026-10-08
2007-09-10,1586.769775390625,2160.0,2183.333251953125,2116.666748046875,2120.0,340200,2026-10-08
2007-09-11,1564.7314453125,2130.0,2186.666748046875,2123.333251953125,2180.0,435900,2026-10-08
2007-09-12,1523.1033935546875,2073.333251953125,2153.333251953125,2056.666748046875,2136.666748046875,712800,2026-10-08
2007-09-13,1471.6802978515625,2003.3333740234375,2043.3333740234375,1996.6666259765625,2043.3333740234375,916500,2026-10-08
2007-09-14,1498.6162109375,2040.0,2053.333251953125,2000.0,2003.3333740234375,717000,2026-10-08
2007-09-18,1479.0262451171875,2013.3333740234375,2043.3333740234375,2010.0,2040.0,404400,2026-10-08
2007-09-19,1515.756591796875,2063.333251953125,2070.0,2050.0,2053.333251953125,542400,2026-10-08
2007-09-20,1444.744140625,1966.6666259765625,1976.6666259765625,1956.6666259765625,1963.3333740234375,1284600,2026-10-08
2007-09-21,1412.9107666015625,1923.3333740234375,1950.0,1893.3333740234375,1926.6666259765625,1372500,2026-10-08
2007-09-25,1436.3157958984375,1943.3333740234375,1950.0,1880.0,1923.3333740234375,1680600,2026-10-08
2007-09-26,1480.6617431640625,2003.3333740234375,2060.0,1993.3333740234375,2030.0,1348200,2026-10-08
2007-09-27,1547.1805419921875,2093.333251953125,2100.0,2060.0,2083.333251953125,892500,2026-10-08
2007-09-28,1579.208251953125,2136.666748046875,2146.666748046875,2103.333251953125,2103.333251953125,918300,2026-10-08
2007-10-01,1589.0623779296875,2150.0,2153.333251953125,2103.333251953125,2103.333251953125,899400,2026-10-08
2007-10-02,1628.4814453125,2203.333251953125,2210.0,2173.333251953125,2183.333251953125,1047600,2026-10-08
2007-10-03,1695.0006103515625,2293.333251953125,2306.666748046875,2273.333251953125,2280.0,1851300,2026-10-08
2007-10-04,1714.70947265625,2320.0,2353.333251953125,2270.0,2283.333251953125,1858500,2026-10-08
2007-10-05,1699.927001953125,2300.0,2333.333251953125,2290.0,2326.666748046875,1053300,2026-10-08
2007-10-09,1682.681640625,2276.666748046875,2303.333251953125,2250.0,2296.666748046875,1140300,2026-10-08
2007-10-10,1741.8094482421875,2356.666748046875,2366.666748046875,2310.0,2310.0,1431600,2026-10-08
2007-10-11,1763.9825439453125,2386.666748046875,2390.0,2336.666748046875,2336.666748046875,765000,2026-10-08
2007-10-12,1717.173095703125,2323.333251953125,2382.333251953125,2323.333251953125,2382.333251953125,765000,2026-10-08
2007-10-15,1746.7373046875,2363.333251953125,2373.333251953125,2326.666748046875,2336.666748046875,756300,2026-10-08
2007-10-16,1766.4464111328125,2390.0,2390.0,2357.779541015625,2357.779541015625,756300,2026-10-08
2007-10-17,1749.2008056640625,2366.666748046875,2384.144775390625,2366.666748046875,2384.144775390625,756300,2026-10-08
2007-10-18,1771.3739013671875,2396.666748046875,2400.0,2353.333251953125,2386.666748046875,488700,2026-10-08
2007-10-19,1759.055419921875,2380.0,2380.0,2378.333251953125,2378.333251953125,488700,2026-10-08
2007-10-22,1697.464111328125,2296.666748046875,2320.0,2240.0,2246.666748046875,566100,2026-10-08
2007-10-23,1761.5191650390625,2383.333251953125,2383.333251953125,2382.0,2382.0,566100,2026-10-08
2007-10-24,1778.764892578125,2406.666748046875,2406.666748046875,2379.0,2379.0,566100,2026-10-08
2007-10-25,1776.301025390625,2403.333251953125,2413.333251953125,2403.333251953125,2413.333251953125,566100,2026-10-08
2007-10-26,1714.70947265625,2320.0,2396.003173828125,2320.0,2396.003173828125,566100,2026-10-08
2007-10-29,1714.70947265625,2320.0,2336.666748046875,2293.333251953125,2316.666748046875,740100,2026-10-08
2007-10-30,1677.754150390625,2270.0,2279.333251953125,2270.0,2279.333251953125,740100,2026-10-08
2007-10-31,1677.754150390625,2270.0,2286.666748046875,2240.0,2243.333251953125,976800,2026-10-08
2007-11-01,1724.5640869140625,2333.333251953125,2333.333251953125,2266.666748046875,2266.666748046875,611700,2026-10-08
2007-11-02,1653.1180419921875,2236.666748046875,2340.333251953125,2236.666748046875,2340.333251953125,611700,2026-10-08
2007-11-05,1665.43603515625,2253.333251953125,2263.333251953125,2236.666748046875,2240.0,426900,2026-10-08
2007-11-06,1648.1907958984375,2230.0,2251.333251953125,2230.0,2251.333251953125,426900,2026-10-08
2007-11-07,1586.5992431640625,2146.666748046875,2220.666748046875,2146.666748046875,2220.666748046875,426900,2026-10-08
2007-11-08,1549.6439208984375,2096.666748046875,2152.333251953125,2096.666748046875,2152.333251953125,426900,2026-10-08
2007-11-09,1539.7899169921875,2083.333251953125,2096.666748046875,2083.333251953125,2096.666748046875,426900,2026-10-08
2007-11-12,1490.5164794921875,2016.6666259765625,2018.3333740234375,2016.6666259765625,2018.3333740234375,426900,2026-10-08
2007-11-13,1596.45361328125,2160.0,2160.0,2022.0,2022.0,426900,2026-10-08
2007-11-14,1633.4090576171875,2210.0,2210.0,2201.333251953125,2201.333251953125,426900,2026-10-08
2007-11-15,1593.9903564453125,2156.666748046875,2202.666748046875,2156.666748046875,2202.666748046875,426900,2026-10-08
2007-11-16,1598.917236328125,2163.333251953125,2164.666748046875,2163.333251953125,2164.666748046875,426900,2026-10-08
2007-11-19,1626.0177001953125,2200.0,2206.666748046875,2200.0,2206.666748046875,426900,2026-10-08
2007-11-20,1623.5540771484375,2196.666748046875,2196.666748046875,2191.75,2191.75,426900,2026-10-08
2007-11-21,1537.3260498046875,2080.0,2198.333251953125,2080.0,2198.333251953125,426900,2026-10-08
2007-11-22,1564.426025390625,2116.666748046875,2116.666748046875,2086.666748046875,2086.666748046875,426900,2026-10-08
2007-11-26,1603.8446044921875,2170.0,2183.333251953125,2080.0,2096.666748046875,579900,2026-10-08
2007-11-27,1557.0352783203125,2106.666748046875,2106.666748046875,2044.6666259765625,2044.6666259765625,426900,2026-10-08
2007-11-28,1547.1805419921875,2093.333251953125,2100.0,2073.333251953125,2100.0,431100,2026-10-08
2007-11-29,1598.917236328125,2163.333251953125,2163.333251953125,2136.666748046875,2136.666748046875,431100,2026-10-08
2007-11-30,1608.7720947265625,2176.666748046875,2176.666748046875,2162.251708984375,2162.251708984375,431100,2026-10-08
2007-12-03,1611.2359619140625,2180.0,2186.352783203125,2180.0,2186.352783203125,431100,2026-10-08
2007-12-04,1596.45361328125,2160.0,2185.666748046875,2160.0,2185.666748046875,431100,2026-10-08
2007-12-05,1584.1356201171875,2143.333251953125,2160.0,2143.333251953125,2160.0,431100,2026-10-08
2007-12-06,1685.14599609375,2280.0,2280.0,2143.333251953125,2143.333251953125,431100,2026-10-08
2007-12-07,1665.43603515625,2253.333251953125,2272.870361328125,2253.333251953125,2272.870361328125,431100,2026-10-08
2007-12-10,1670.3634033203125,2260.0,2260.0,2246.0,2246.0,431100,2026-10-08
2007-12-11,1709.78271484375,2313.333251953125,2313.333251953125,2313.333251953125,2313.333251953125,431100,2026-10-08
2007-12-12,1692.536376953125,2290.0,2290.0,2266.666748046875,2266.666748046875,431100,2026-10-08
2007-12-13,1643.2635498046875,2223.333251953125,2294.1220703125,2223.333251953125,2294.1220703125,431100,2026-10-08
2007-12-14,1662.97265625,2250.0,2251.333251953125,2250.0,2251.333251953125,431100,2026-10-08
2007-12-17,1621.0899658203125,2193.333251953125,2244.0,2193.333251953125,2244.0,431100,2026-10-08
2007-12-18,1566.889892578125,2120.0,2170.0,2116.666748046875,2163.333251953125,493200,2026-10-08
2007-12-19,1529.934814453125,2070.0,2102.0,2070.0,2102.0,431100,2026-10-08
2007-12-20,1532.398681640625,2073.333251953125,2073.333251953125,2073.333251953125,2073.333251953125,431100,2026-10-08
2007-12-21,1554.5712890625,2103.333251953125,2103.333251953125,2073.666748046875,2073.666748046875,431100,2026-10-08
2007-12-25,1564.426025390625,2116.666748046875,2116.666748046875,2104.666748046875,2104.666748046875,431100,2026-10-08
2007-12-26,1579.208251953125,2136.666748046875,2140.0,2126.666748046875,2130.0,400500,2026-10-08
2007-12-27,1559.4989013671875,2110.0,2140.0,2110.0,2140.0,400500,2026-10-08
2007-12-28,1544.717041015625,2090.0,2100.0,2070.0,2096.666748046875,125400,2026-10-08
2008-01-04,1465.8797607421875,1983.3333740234375,2066.666748046875,1966.6666259765625,2066.666748046875,268500,2026-10-08
2008-01-07,1436.3157958984375,1943.3333740234375,1978.0,1943.3333740234375,1978.0,400500,2026-10-08
2008-01-08,1357.478515625,1836.6666259765625,1947.9974365234375,1836.6666259765625,1947.9974365234375,400500,2026-10-08
2008-01-09,1330.3785400390625,1800.0,1836.6666259765625,1800.0,1836.6666259765625,400500,2026-10-08
2008-01-10,1318.0599365234375,1783.3333740234375,1806.3900146484375,1783.3333740234375,1806.3900146484375,400500,2026-10-08
2008-01-11,1266.3228759765625,1713.3333740234375,1731.6666259765625,1713.3333740234375,1731.6666259765625,400500,2026-10-08
2008-01-15,1204.7310791015625,1630.0,1714.3333740234375,1630.0,1714.3333740234375,400500,2026-10-08
2008-01-16,1120.966552734375,1516.6666259765625,1583.3333740234375,1500.0,1546.6666259765625,1641900,2026-10-08
2008-01-17,1202.267578125,1626.6666259765625,1626.6666259765625,1582.3333740234375,1582.3333740234375,1641900,2026-10-08
2008-01-18,1273.7138671875,1723.3333740234375,1723.3333740234375,1629.3333740234375,1629.3333740234375,1641900,2026-10-08
2008-01-21,1182.558349609375,1600.0,1723.0,1600.0,1723.0,1641900,2026-10-08
2008-01-22,1113.5758056640625,1506.6666259765625,1528.3333740234375,1506.6666259765625,1528.3333740234375,1641900,2026-10-08
2008-01-23,1152.9942626953125,1560.0,1613.3333740234375,1560.0,1613.3333740234375,1641900,2026-10-08
2008-01-24,1175.167236328125,1590.0,1590.0,1560.0,1560.0,1641900,2026-10-08
2008-01-25,1207.19482421875,1633.3333740234375,1633.3333740234375,1591.0,1591.0,1641900,2026-10-08
2008-01-28,1145.603759765625,1550.0,1642.3333740234375,1550.0,1642.3333740234375,1641900,2026-10-08
2008-01-29,1138.2125244140625,1540.0,1579.3333740234375,1540.0,1579.3333740234375,1641900,2026-10-08
2008-01-30,1148.06689453125,1553.3333740234375,1553.3333740234375,1548.85498046875,1548.85498046875,1641900,2026-10-08
2008-01-31,1135.74853515625,1536.6666259765625,1536.6666259765625,1532.3333740234375,1532.3333740234375,1641900,2026-10-08
2008-02-01,1160.385009765625,1570.0,1570.0,1536.6666259765625,1536.6666259765625,1641900,2026-10-08
2008-02-04,1189.9490966796875,1610.0,1610.0,1575.6666259765625,1575.6666259765625,1641900,2026-10-08
2008-02-05,1148.06689453125,1553.3333740234375,1610.0,1553.3333740234375,1610.0,1641900,2026-10-08
2008-02-06,1091.40283203125,1476.6666259765625,1492.0,1476.6666259765625,1492.0,1641900,2026-10-08
2008-02-07,1061.8389892578125,1436.6666259765625,1470.6666259765625,1436.6666259765625,1470.6666259765625,1641900,2026-10-08
2008-02-08,1034.7384033203125,1400.0,1435.6666259765625,1400.0,1435.6666259765625,1641900,2026-10-08
2008-02-12,1019.956298828125,1380.0,1400.6666259765625,1380.0,1400.6666259765625,1641900,2026-10-08
2008-02-13,1039.6654052734375,1406.6666259765625,1406.6666259765625,1380.0,1380.0,1641900,2026-10-08
2008-02-14,1096.330078125,1483.3333740234375,1483.3333740234375,1465.0,1465.0,1641900,2026-10-08
2008-02-15,1108.6488037109375,1500.0,1503.3333740234375,1456.6666259765625,1480.0,1026000,2026-10-08
2008-02-18,1155.4581298828125,1563.3333740234375,1563.3333740234375,1493.6666259765625,1493.6666259765625,1026000,2026-10-08
2008-02-19,1172.7037353515625,1586.6666259765625,1586.6666259765625,1556.37646484375,1556.37646484375,1026000,2026-10-08
2008-02-20,1135.74853515625,1536.6666259765625,1581.0,1536.6666259765625,1581.0,1026000,2026-10-08
2008-02-21,1194.876708984375,1616.6666259765625,1616.6666259765625,1591.0,1591.0,1026000,2026-10-08
2008-02-22,1241.6864013671875,1680.0,1680.0,1648.3333740234375,1648.3333740234375,1026000,2026-10-08
2008-02-25,1281.1051025390625,1733.3333740234375,1733.3333740234375,1673.3638916015625,1673.3638916015625,1026000,2026-10-08
2008-02-26,1288.4959716796875,1743.3333740234375,1743.3333740234375,1727.6666259765625,1727.6666259765625,1026000,2026-10-08
2008-02-27,1283.5684814453125,1736.6666259765625,1736.6666259765625,1736.6666259765625,1736.6666259765625,1026000,2026-10-08
2008-02-28,1266.3228759765625,1713.3333740234375,1733.2900390625,1713.3333740234375,1733.2900390625,1026000,2026-10-08
2008-02-29,1229.367919921875,1663.3333740234375,1714.6666259765625,1663.3333740234375,1714.6666259765625,1026000,2026-10-08
2008-03-03,1135.74853515625,1536.6666259765625,1664.3333740234375,1536.6666259765625,1664.3333740234375,1026000,2026-10-08
2008-03-04,1135.74853515625,1536.6666259765625,1542.7364501953125,1536.6666259765625,1542.7364501953125,1026000,2026-10-08
2008-03-05,1111.112060546875,1503.3333740234375,1503.3333740234375,1503.3333740234375,1503.3333740234375,1026000,2026-10-08
2008-03-06,1157.9217529296875,1566.6666259765625,1566.6666259765625,1546.6666259765625,1546.6666259765625,1026000,2026-10-08
2008-03-07,1081.5482177734375,1463.3333740234375,1567.0,1463.3333740234375,1567.0,1026000,2026-10-08
2008-03-10,1059.37548828125,1433.3333740234375,1469.3333740234375,1433.3333740234375,1469.3333740234375,1026000,2026-10-08
2008-03-11,1076.6204833984375,1456.6666259765625,1456.6666259765625,1433.3333740234375,1433.3333740234375,1026000,2026-10-08
2008-03-12,1069.229736328125,1446.6666259765625,1486.6666259765625,1446.6666259765625,1486.6666259765625,1026000,2026-10-08
2008-03-13,1061.8389892578125,1436.6666259765625,1470.0,1436.6666259765625,1470.0,1026000,2026-10-08
2008-03-14,1005.174560546875,1360.0,1396.6666259765625,1360.0,1396.6666259765625,1026000,2026-10-08
2008-03-17,970.6835327148438,1313.3333740234375,1313.3333740234375,1306.6666259765625,1306.6666259765625,1026000,2026-10-08
2008-03-18,978.0744018554688,1323.3333740234375,1323.3333740234375,1309.3333740234375,1309.3333740234375,1026000,2026-10-08
2008-03-19,1019.956298828125,1380.0,1384.6666259765625,1380.0,1384.6666259765625,1026000,2026-10-08
2008-03-21,1027.347412109375,1390.0,1390.0,1380.0,1380.0,1026000,2026-10-08
2008-03-24,1056.9112548828125,1430.0,1430.0,1414.0,1414.0,1026000,2026-10-08
2008-03-25,1086.47509765625,1470.0,1470.0,1469.0,1469.0,1026000,2026-10-08
2008-03-26,1112.3555908203125,1490.0,1490.0,1455.3333740234375,1455.3333740234375,1026000,2026-10-08
2008-03-27,1062.5859375,1423.3333740234375,1423.3333740234375,1420.6666259765625,1420.6666259765625,1026000,2026-10-08
2008-03-28,1082.4937744140625,1450.0,1450.0,1426.3333740234375,1426.3333740234375,1026000,2026-10-08
2008-03-31,1067.562744140625,1430.0,1430.0,1430.0,1430.0,1026000,2026-10-08
2008-04-01,1084.9822998046875,1453.3333740234375,1453.3333740234375,1453.3333740234375,1453.3333740234375,1026000,2026-10-08
2008-04-02,1129.775390625,1513.3333740234375,1513.3333740234375,1453.3333740234375,1453.3333740234375,1026000,2026-10-08
2008-04-03,1119.8214111328125,1500.0,1516.6666259765625,1500.0,1516.6666259765625,1026000,2026-10-08
2008-04-04,1112.3555908203125,1490.0,1512.3333740234375,1490.0,1512.3333740234375,1026000,2026-10-08
2008-04-07,1147.1943359375,1536.6666259765625,1536.6666259765625,1527.3333740234375,1527.3333740234375,1026000,2026-10-08
2008-04-08,1084.9822998046875,1453.3333740234375,1457.0,1453.3333740234375,1457.0,1026000,2026-10-08
2008-04-09,1052.6319580078125,1410.0,1453.6666259765625,1410.0,1453.6666259765625,1026000,2026-10-08
2008-04-10,1015.3046264648438,1360.0,1375.6666259765625,1360.0,1375.6666259765625,1026000,2026-10-08
2008-04-11,1092.4481201171875,1463.3333740234375,1463.3333740234375,1360.6666259765625,1360.6666259765625,1026000,2026-10-08
2008-04-14,1065.0743408203125,1426.6666259765625,1462.0,1426.6666259765625,1462.0,1026000,2026-10-08
2008-04-15,1075.0284423828125,1440.0,1440.0,1436.4102783203125,1436.4102783203125,1026000,2026-10-08
2008-04-16,1107.3787841796875,1483.3333740234375,1483.3333740234375,1440.6666259765625,1440.6666259765625,1026000,2026-10-08
2008-04-17,1119.8214111328125,1500.0,1510.0,1500.0,1510.0,1026000,2026-10-08
2008-04-18,1129.775390625,1513.3333740234375,1513.3333740234375,1490.0,1490.0,1026000,2026-10-08
2008-04-21,1147.1943359375,1536.6666259765625,1536.6666259765625,1513.3333740234375,1513.3333740234375,1026000,2026-10-08
2008-04-22,1124.7984619140625,1506.6666259765625,1516.6666259765625,1506.6666259765625,1516.6666259765625,1026000,2026-10-08
2008-04-23,1129.775390625,1513.3333740234375,1513.3333740234375,1513.3333740234375,1513.3333740234375,1026000,2026-10-08
2008-04-24,1182.03369140625,1583.3333740234375,1583.3333740234375,1515.0,1515.0,1026000,2026-10-08
2008-04-25,1206.91845703125,1616.6666259765625,1620.0,1616.6666259765625,1620.0,1026000,2026-10-08
2008-04-28,1214.3837890625,1626.6666259765625,1656.0,1626.6666259765625,1656.0,1026000,2026-10-08
2008-04-30,1271.619140625,1703.3333740234375,1703.3333740234375,1621.0,1621.0,1026000,2026-10-08
2008-05-01,1204.4302978515625,1613.3333740234375,1626.6666259765625,1613.3333740234375,1626.6666259765625,1026000,2026-10-08
2008-05-02,1269.130615234375,1700.0,1700.0,1662.3333740234375,1662.3333740234375,1026000,2026-10-08
2008-05-07,1259.1767578125,1686.6666259765625,1715.3397216796875,1686.6666259765625,1715.3397216796875,1026000,2026-10-08
2008-05-08,1294.0157470703125,1733.3333740234375,1733.3333740234375,1686.6666259765625,1686.6666259765625,1026000,2026-10-08
2008-05-09,1211.8953857421875,1623.3333740234375,1729.6666259765625,1623.3333740234375,1729.6666259765625,1026000,2026-10-08
2008-05-12,1204.4302978515625,1613.3333740234375,1613.3333740234375,1600.0,1600.0,1026000,2026-10-08
2008-05-13,1241.75732421875,1663.3333740234375,1681.3333740234375,1663.3333740234375,1681.3333740234375,1026000,2026-10-08
2008-05-14,1261.6651611328125,1690.0,1690.0,1680.0,1680.0,1026000,2026-10-08
2008-05-15,1308.9468994140625,1753.3333740234375,1753.3333740234375,1743.0,1743.0,1026000,2026-10-08
2008-05-16,1301.481201171875,1743.3333740234375,1743.3333740234375,1737.8592529296875,1737.8592529296875,1026000,2026-10-08
2008-05-19,1316.4124755859375,1763.3333740234375,1763.3333740234375,1747.0,1747.0,1026000,2026-10-08
2008-05-20,1308.9468994140625,1753.3333740234375,1753.6666259765625,1753.3333740234375,1753.6666259765625,1026000,2026-10-08
2008-05-21,1264.154052734375,1693.3333740234375,1693.3333740234375,1683.3333740234375,1683.3333740234375,1026000,2026-10-08
2008-05-22,1269.130615234375,1700.0,1700.0,1676.6666259765625,1676.6666259765625,1026000,2026-10-08
2008-05-23,1264.154052734375,1693.3333740234375,1701.3333740234375,1693.3333740234375,1701.3333740234375,1026000,2026-10-08
2008-05-26,1239.2685546875,1660.0,1695.0,1660.0,1695.0,1026000,2026-10-08
2008-05-27,1256.6883544921875,1683.3333740234375,1683.3333740234375,1655.6666259765625,1655.6666259765625,1026000,2026-10-08
2008-05-28,1244.2454833984375,1666.6666259765625,1680.6666259765625,1666.6666259765625,1680.6666259765625,1026000,2026-10-08
2008-05-29,1318.900634765625,1766.6666259765625,1766.6666259765625,1750.6666259765625,1750.6666259765625,1026000,2026-10-08
2008-05-30,1351.2513427734375,1810.0,1810.0,1766.0,1766.0,1026000,2026-10-08
2008-06-02,1383.6014404296875,1853.3333740234375,1853.3333740234375,1823.3333740234375,1823.3333740234375,1026000,2026-10-08
2008-06-03,1338.8084716796875,1793.3333740234375,1797.0,1793.3333740234375,1797.0,1026000,2026-10-08
2008-06-04,1353.7398681640625,1813.3333740234375,1813.3333740234375,1812.8118896484375,1812.8118896484375,1026000,2026-10-08
2008-06-05,1361.2049560546875,1823.3333740234375,1823.3333740234375,1796.6666259765625,1796.6666259765625,1026000,2026-10-08
2008-06-06,1341.2972412109375,1796.6666259765625,1819.0,1796.6666259765625,1819.0,1026000,2026-10-08
2008-06-09,1303.9696044921875,1746.6666259765625,1753.3333740234375,1746.6666259765625,1753.3333740234375,1026000,2026-10-08
2008-06-10,1236.780517578125,1656.6666259765625,1746.6666259765625,1656.6666259765625,1746.6666259765625,1026000,2026-10-08
2008-06-11,1251.711181640625,1676.6666259765625,1676.6666259765625,1656.6666259765625,1656.6666259765625,1026000,2026-10-08
2008-06-12,1219.36083984375,1633.3333740234375,1633.3333740234375,1603.3333740234375,1603.3333740234375,1026000,2026-10-08
2008-06-13,1244.2454833984375,1666.6666259765625,1666.6666259765625,1660.0,1660.0,1026000,2026-10-08
2008-06-16,1274.10791015625,1706.6666259765625,1706.6666259765625,1661.0,1661.0,1026000,2026-10-08
2008-06-17,1261.6651611328125,1690.0,1706.0,1690.0,1706.0,1026000,2026-10-08
2008-06-18,1244.2454833984375,1666.6666259765625,1666.6666259765625,1660.14892578125,1660.14892578125,1026000,2026-10-08
2008-06-19,1214.3837890625,1626.6666259765625,1626.6666259765625,1623.3333740234375,1623.3333740234375,1026000,2026-10-08
2008-06-20,1184.52197265625,1586.6666259765625,1586.6666259765625,1570.6666259765625,1570.6666259765625,1026000,2026-10-08
2008-06-23,1169.5911865234375,1566.6666259765625,1566.6666259765625,1549.0,1549.0,1026000,2026-10-08
2008-06-24,1172.079345703125,1570.0,1579.6666259765625,1570.0,1579.6666259765625,1026000,2026-10-08
2008-06-25,1159.636962890625,1553.3333740234375,1564.3333740234375,1553.3333740234375,1564.3333740234375,1026000,2026-10-08
2008-06-26,1137.240478515625,1523.3333740234375,1551.6666259765625,1523.3333740234375,1551.6666259765625,1026000,2026-10-08
2008-06-27,1147.1943359375,1536.6666259765625,1536.6666259765625,1518.3333740234375,1518.3333740234375,1026000,2026-10-08
2008-06-30,1117.3326416015625,1496.6666259765625,1537.6666259765625,1496.6666259765625,1537.6666259765625,1026000,2026-10-08
2008-07-01,1129.775390625,1513.3333740234375,1513.3333740234375,1497.0,1497.0,1026000,2026-10-08
2008-07-02,1072.5401611328125,1436.6666259765625,1513.0,1436.6666259765625,1513.0,1026000,2026-10-08
2008-07-03,1062.5859375,1423.3333740234375,1437.0,1423.3333740234375,1437.0,1026000,2026-10-08
2008-07-04,1072.5401611328125,1436.6666259765625,1436.6666259765625,1424.6666259765625,1424.6666259765625,1026000,2026-10-08
2008-07-07,1104.8902587890625,1480.0,1480.0,1380.0,1380.0,1026000,2026-10-08
2008-07-08,1045.1663818359375,1400.0,1427.3333740234375,1400.0,1427.3333740234375,1026000,2026-10-08
2008-07-09,1055.120849609375,1413.3333740234375,1423.3333740234375,1413.3333740234375,1423.3333740234375,1026000,2026-10-08
2008-07-10,1037.7008056640625,1390.0,1390.0,1380.0,1380.0,1026000,2026-10-08
2008-07-11,1052.6319580078125,1410.0,1410.0,1391.0,1391.0,1026000,2026-10-08
2008-07-14,1077.5169677734375,1443.3333740234375,1459.3333740234375,1443.3333740234375,1459.3333740234375,1026000,2026-10-08
2008-07-15,1045.1663818359375,1400.0,1400.0,1395.3333740234375,1395.3333740234375,1026000,2026-10-08
2008-07-16,1092.4481201171875,1463.3333740234375,1463.3333740234375,1440.0,1440.0,1026000,2026-10-08
2008-07-17,1109.8671875,1486.6666259765625,1493.3333740234375,1486.6666259765625,1493.3333740234375,1026000,2026-10-08
2008-07-18,1094.9361572265625,1466.6666259765625,1486.6666259765625,1466.6666259765625,1486.6666259765625,1026000,2026-10-08
2008-07-22,1127.2869873046875,1510.0,1513.3333740234375,1456.6666259765625,1500.0,701100,2026-10-08
2008-07-23,1137.240478515625,1523.3333740234375,1523.3333740234375,1513.3333740234375,1513.3333740234375,701100,2026-10-08
2008-07-24,1206.91845703125,1616.6666259765625,1616.6666259765625,1573.3333740234375,1573.3333740234375,701100,2026-10-08
2008-07-25,1142.2177734375,1530.0,1534.6666259765625,1530.0,1534.6666259765625,701100,2026-10-08
2008-07-28,1124.7984619140625,1506.6666259765625,1513.3333740234375,1506.6666259765625,1513.3333740234375,701100,2026-10-08
2008-07-29,1094.9361572265625,1466.6666259765625,1497.0,1466.6666259765625,1497.0,701100,2026-10-08
2008-07-30,1094.9361572265625,1466.6666259765625,1466.6666259765625,1457.6666259765625,1457.6666259765625,701100,2026-10-08
2008-07-31,1075.0284423828125,1440.0,1440.0,1409.3333740234375,1409.3333740234375,701100,2026-10-08
2008-08-01,1005.3507690429688,1346.6666259765625,1441.3333740234375,1346.6666259765625,1441.3333740234375,701100,2026-10-08
2008-08-04,982.954345703125,1316.6666259765625,1343.3333740234375,1316.6666259765625,1343.3333740234375,701100,2026-10-08
2008-08-05,987.9313354492188,1323.3333740234375,1323.3333740234375,1308.90966796875,1308.90966796875,701100,2026-10-08
2008-08-06,1055.120849609375,1413.3333740234375,1413.3333740234375,1322.6666259765625,1322.6666259765625,701100,2026-10-08
2008-08-07,1084.9822998046875,1453.3333740234375,1461.0,1453.3333740234375,1461.0,701100,2026-10-08
2008-08-08,1047.655029296875,1403.3333740234375,1403.3333740234375,1387.3333740234375,1387.3333740234375,701100,2026-10-08
2008-08-11,1045.1663818359375,1400.0,1400.0,1397.0,1397.0,701100,2026-10-08
2008-08-12,1017.793212890625,1363.3333740234375,1386.6666259765625,1363.3333740234375,1386.6666259765625,701100,2026-10-08
2008-08-13,1007.8391723632812,1350.0,1350.0,1338.0,1338.0,701100,2026-10-08
2008-08-14,1005.3507690429688,1346.6666259765625,1347.3333740234375,1346.6666259765625,1347.3333740234375,701100,2026-10-08
2008-08-15,1050.1431884765625,1406.6666259765625,1406.6666259765625,1346.6666259765625,1346.6666259765625,701100,2026-10-08
2008-08-18,1077.5169677734375,1443.3333740234375,1453.0,1443.3333740234375,1453.0,701100,2026-10-08
2008-08-19,1052.6319580078125,1410.0,1410.0,1408.0,1408.0,701100,2026-10-08
2008-08-20,1065.0743408203125,1426.6666259765625,1426.6666259765625,1409.3333740234375,1409.3333740234375,701100,2026-10-08
2008-08-21,1045.1663818359375,1400.0,1407.0,1400.0,1407.0,701100,2026-10-08
2008-08-22,1017.793212890625,1363.3333740234375,1400.6666259765625,1363.3333740234375,1400.6666259765625,701100,2026-10-08
2008-08-25,1005.3507690429688,1346.6666259765625,1364.3333740234375,1346.6666259765625,1364.3333740234375,701100,2026-10-08
2008-08-26,1007.8391723632812,1350.0,1350.0,1338.0,1338.0,701100,2026-10-08
2008-08-27,1007.8391723632812,1350.0,1350.0,1340.6666259765625,1340.6666259765625,701100,2026-10-08
2008-08-28,1000.37353515625,1340.0,1340.0,1340.0,1340.0,701100,2026-10-08
2008-08-29,1017.793212890625,1363.3333740234375,1366.0,1363.3333740234375,1366.0,701100,2026-10-08
2008-09-01,1012.8160400390625,1356.6666259765625,1363.3333740234375,1356.6666259765625,1363.3333740234375,701100,2026-10-08
2008-09-02,975.4885864257812,1306.6666259765625,1355.6666259765625,1306.6666259765625,1355.6666259765625,701100,2026-10-08
2008-09-03,950.6036987304688,1273.3333740234375,1289.6666259765625,1273.3333740234375,1289.6666259765625,701100,2026-10-08
2008-09-04,918.2532958984375,1230.0,1274.0,1230.0,1274.0,701100,2026-10-08
2008-09-05,890.8799438476562,1193.3333740234375,1193.3333740234375,1186.6666259765625,1186.6666259765625,701100,2026-10-08
2008-09-08,923.230224609375,1236.6666259765625,1246.6666259765625,1236.6666259765625,1246.6666259765625,701100,2026-10-08
2008-09-09,883.4146118164062,1183.3333740234375,1183.3333740234375,1183.3333740234375,1183.3333740234375,701100,2026-10-08
2008-09-10,880.9259033203125,1180.0,1203.3333740234375,1150.0,1150.0,831600,2026-10-08
2008-09-11,863.5068969726562,1156.6666259765625,1183.3333740234375,1156.6666259765625,1183.3333740234375,831600,2026-10-08
2008-09-12,863.5068969726562,1156.6666259765625,1160.3333740234375,1156.6666259765625,1160.3333740234375,831600,2026-10-08
2008-09-16,856.0413818359375,1146.6666259765625,1157.0,1146.6666259765625,1157.0,831600,2026-10-08
2008-09-17,813.7369384765625,1090.0,1103.3333740234375,1090.0,1103.3333740234375,831600,2026-10-08
2008-09-18,821.2023315429688,1100.0,1100.0,1090.0,1090.0,831600,2026-10-08
2008-09-19,933.1843872070312,1250.0,1250.0,1190.3333740234375,1190.3333740234375,831600,2026-10-08
2008-09-22,910.7881469726562,1220.0,1223.3333740234375,1220.0,1223.3333740234375,831600,2026-10-08
2008-09-24,898.3455200195312,1203.3333740234375,1220.0,1203.3333740234375,1220.0,831600,2026-10-08
2008-09-25,865.9054565429688,1156.6666259765625,1162.6666259765625,1156.6666259765625,1162.6666259765625,831600,2026-10-08
2008-09-26,828.4741821289062,1106.6666259765625,1110.6666259765625,1106.6666259765625,1110.6666259765625,831600,2026-10-08
2008-09-29,796.0338134765625,1063.3333740234375,1107.3333740234375,1063.3333740234375,1107.3333740234375,831600,2026-10-08
2008-09-30,758.6028442382812,1013.3333129882812,1016.6666870117188,1013.3333129882812,1016.6666870117188,831600,2026-10-08
2008-10-01,737.391845703125,985.0,1013.3333129882812,985.0,1013.3333129882812,831600,2026-10-08
2008-10-02,679.997802734375,908.3333129882812,986.0,908.3333129882812,986.0,831600,2026-10-08
2008-10-03,671.263671875,896.6666870117188,928.6666870117188,896.6666870117188,928.6666870117188,831600,2026-10-08
2008-10-06,636.3280029296875,850.0,892.0,850.0,892.0,831600,2026-10-08
2008-10-07,693.7223510742188,926.6666870117188,926.6666870117188,852.2721557617188,852.2721557617188,831600,2026-10-08
2008-10-08,593.9061889648438,793.3333129882812,927.0,793.3333129882812,927.0,831600,2026-10-08
2008-10-09,580.1815795898438,775.0,793.0,775.0,793.0,831600,2026-10-08
2008-10-10,613.869384765625,820.0,820.0,722.0,722.0,831600,2026-10-08
2008-10-14,679.997802734375,908.3333129882812,908.3333129882812,889.3333129882812,889.3333129882812,831600,2026-10-08
2008-10-15,645.0619506835938,861.6666870117188,861.6666870117188,855.3333129882812,855.3333129882812,831600,2026-10-08
2008-10-16,570.19970703125,761.6666870117188,771.6666870117188,761.6666870117188,771.6666870117188,831600,2026-10-08
2008-10-17,581.4290771484375,776.6666870117188,776.6666870117188,774.3333129882812,774.3333129882812,831600,2026-10-08
2008-10-20,608.8786010742188,813.3333129882812,813.3333129882812,777.0,777.0,831600,2026-10-08
2008-10-21,645.0619506835938,861.6666870117188,861.6666870117188,848.3333129882812,848.3333129882812,831600,2026-10-08
2008-10-22,621.3554077148438,830.0,848.6666870117188,830.0,848.6666870117188,831600,2026-10-08
2008-10-23,606.3832397460938,810.0,810.0,758.6094360351562,758.6094360351562,831600,2026-10-08
2008-10-24,522.7872924804688,698.3333129882812,703.6666870117188,698.3333129882812,703.6666870117188,831600,2026-10-08
2008-10-27,520.2916870117188,695.0,698.6666870117188,695.0,698.6666870117188,831600,2026-10-08
2008-10-28,542.7503662109375,725.0,725.0,641.3333129882812,641.3333129882812,831600,2026-10-08
2008-10-29,550.2365112304688,735.0,735.0,725.6666870117188,725.6666870117188,831600,2026-10-08
2008-10-30,632.5848388671875,845.0,845.0,766.0,766.0,831600,2026-10-08
2008-10-31,575.1904907226562,768.3333129882812,846.6666870117188,768.3333129882812,846.6666870117188,831600,2026-10-08
2008-11-04,621.3554077148438,830.0,830.0,769.0,769.0,1186200,2026-10-08
2008-11-05,684.9884643554688,915.0,915.0,829.6666870117188,829.6666870117188,1186200,2026-10-08
2008-11-06,635.0803833007812,848.3333129882812,916.6666870117188,848.3333129882812,916.6666870117188,1186200,2026-10-08
2008-11-07,605.135498046875,808.3333129882812,848.3333129882812,808.3333129882812,848.3333129882812,1186200,2026-10-08
2008-11-10,635.0803833007812,848.3333129882812,848.3333129882812,845.0,845.0,1186200,2026-10-08
2008-11-11,607.6309814453125,811.6666870117188,849.3333129882812,811.6666870117188,849.3333129882812,1186200,2026-10-08
2008-11-12,571.447509765625,763.3333129882812,816.6666870117188,763.3333129882812,816.6666870117188,1186200,2026-10-08
2008-11-13,509.0624694824219,680.0,763.3333129882812,680.0,763.3333129882812,1186200,2026-10-08
2008-11-14,501.57623291015625,670.0,680.0,670.0,680.0,1186200,2026-10-08
2008-11-17,471.880859375,630.3333129882812,659.3333129882812,630.3333129882812,659.3333129882812,1186200,2026-10-08
2008-11-18,455.6607971191406,608.6666870117188,631.0,608.6666870117188,631.0,1186200,2026-10-08
2008-11-19,434.9488220214844,581.0,581.0,572.0,572.0,1186200,2026-10-08
2008-11-20,417.2315368652344,557.3333129882812,581.0,557.3333129882812,581.0,1186200,2026-10-08
2008-11-21,440.9379577636719,589.0,589.0,557.6666870117188,557.6666870117188,1186200,2026-10-08
2008-11-25,451.16912841796875,602.6666870117188,602.6666870117188,590.0,590.0,66900,2026-10-08
2008-11-26,431.9544372558594,577.0,607.3333129882812,577.0,607.3333129882812,66900,2026-10-08
2008-11-27,447.67535400390625,598.0,600.3333129882812,598.0,600.3333129882812,66900,2026-10-08
2008-11-28,454.912109375,607.6666870117188,607.6666870117188,598.3333129882812,598.3333129882812,66900,2026-10-08
2008-12-01,435.44793701171875,581.6666870117188,608.0,581.6666870117188,608.0,66900,2026-10-08
2008-12-02,401.5105895996094,536.3333129882812,582.0,536.3333129882812,582.0,66900,2026-10-08
2008-12-03,396.2701416015625,529.3333129882812,541.0,529.3333129882812,541.0,66900,2026-10-08
2008-12-04,369.3199157714844,493.3333435058594,501.0,493.3333435058594,501.0,66900,2026-10-08
2008-12-05,384.7912292480469,514.0,514.0,493.6666564941406,493.6666564941406,66900,2026-10-08
2008-12-08,406.7508850097656,543.3333129882812,543.3333129882812,525.6666870117188,525.6666870117188,66900,2026-10-08
2008-12-09,399.2646179199219,533.3333129882812,546.3333129882812,533.3333129882812,546.3333129882812,66900,2026-10-08
2008-12-10,408.9966125488281,546.3333129882812,546.3333129882812,533.6666870117188,533.6666870117188,66900,2026-10-08
2008-12-11,426.7142333984375,570.0,570.0,546.3333129882812,546.3333129882812,66900,2026-10-08
2008-12-12,409.7453918457031,547.3333129882812,570.6666870117188,547.3333129882812,570.6666870117188,66900,2026-10-08
2008-12-15,451.9176940917969,603.6666870117188,603.6666870117188,547.3333129882812,547.3333129882812,66900,2026-10-08
2008-12-16,429.70867919921875,574.0,578.0,574.0,578.0,801600,2026-10-08
2008-12-17,414.4866027832031,553.6666870117188,574.6666870117188,553.6666870117188,574.6666870117188,991200,2026-10-08
2008-12-18,431.20587158203125,576.0,579.0,576.0,579.0,605400,2026-10-08
2008-12-19,423.4700927734375,565.6666870117188,576.6666870117188,565.6666870117188,576.6666870117188,595200,2026-10-08
2008-12-22,447.67535400390625,598.0,598.0,565.6666870117188,565.6666870117188,321600,2026-10-08
2008-12-24,428.21136474609375,572.0,598.6666870117188,572.0,598.6666870117188,381900,2026-10-08
2008-12-25,448.42425537109375,599.0,599.359375,599.0,599.359375,330600,2026-10-08
2008-12-26,457.9066467285156,611.6666870117188,611.6666870117188,610.3597412109375,610.3597412109375,243300,2026-10-08
2008-12-29,461.4001159667969,616.3333129882812,616.3333129882812,609.4215087890625,609.4215087890625,489000,2026-10-08
2008-12-30,457.1581726074219,610.6666870117188,616.3333129882812,593.6666870117188,596.3333129882812,206400,2026-10-08
2009-01-05,498.3321533203125,665.6666870117188,670.0,633.3333129882812,640.6666870117188,595800,2026-10-08
2009-01-06,571.447509765625,763.3333129882812,763.3333129882812,706.6666870117188,706.6666870117188,1451100,2026-10-08
2009-01-07,626.3463745117188,836.6666870117188,836.6666870117188,763.3333129882812,763.3333129882812,2171700,2026-10-08
2009-01-08,552.7319946289062,738.3333129882812,836.6666870117188,738.3333129882812,836.6666870117188,1269600,2026-10-08
2009-01-09,512.805419921875,685.0,738.3333129882812,685.0,738.3333129882812,1121100,2026-10-08
2009-01-13,496.5853576660156,663.3333129882812,685.0,663.3333129882812,685.0,1639800,2026-10-08
2009-01-14,495.0881042480469,661.3333129882812,663.3333129882812,661.3333129882812,663.3333129882812,753300,2026-10-08
2009-01-15,486.104736328125,649.3333129882812,649.3333129882812,631.3333129882812,631.3333129882812,1562700,2026-10-08
2009-01-16,512.805419921875,685.0,685.0,647.6666870117188,647.6666870117188,681900,2026-10-08
2009-01-19,537.7597045898438,718.3333129882812,721.6666870117188,718.3333129882812,721.6666870117188,882000,2026-10-08
2009-01-20,521.53955078125,696.6666870117188,696.6666870117188,686.6666870117188,686.6666870117188,495600,2026-10-08
2009-01-21,512.805419921875,685.0,696.6666870117188,685.0,696.6666870117188,1506300,2026-10-08
2009-01-22,522.7872924804688,698.3333129882812,698.3333129882812,685.3333129882812,685.3333129882812,1248600,2026-10-08
2009-01-23,490.3468933105469,655.0,655.0,655.0,655.0,1096800,2026-10-08
2009-01-26,498.0827331542969,665.3333129882812,665.3333129882812,655.0,655.0,649800,2026-10-08
2009-01-27,529.02587890625,706.6666870117188,706.6666870117188,658.6666870117188,658.6666870117188,698400,2026-10-08
2009-01-28,572.6953125,765.0,765.0,765.0,765.0,1256100,2026-10-08
2009-01-29,572.6953125,765.0,765.3333129882812,765.0,765.3333129882812,611100,2026-10-08
2009-01-30,555.2274780273438,741.6666870117188,765.3333129882812,741.6666870117188,765.3333129882812,406500,2026-10-08
2009-02-02,570.19970703125,761.6666870117188,761.6666870117188,741.6666870117188,741.6666870117188,763500,2026-10-08
2009-02-03,540.2550659179688,721.6666870117188,761.6666870117188,721.6666870117188,761.6666870117188,1007100,2026-10-08
2009-02-04,598.8970336914062,800.0,800.0,721.6666870117188,721.6666870117188,1579800,2026-10-08
2009-02-05,586.419921875,783.3333129882812,790.0,783.3333129882812,790.0,885900,2026-10-08
2009-02-06,611.3739013671875,816.6666870117188,816.6666870117188,780.6666870117188,780.6666870117188,826200,2026-10-08
2009-02-09,616.36474609375,823.3333129882812,846.3333129882812,823.3333129882812,846.3333129882812,1078200,2026-10-08
2009-02-10,593.9061889648438,793.3333129882812,811.6666870117188,791.6666870117188,791.6666870117188,810600,2026-10-08
2009-02-12,606.3832397460938,810.0,816.6666870117188,810.0,816.6666870117188,891900,2026-10-08
2009-02-13,592.6585083007812,791.6666870117188,810.0,791.6666870117188,810.0,758700,2026-10-08
2009-02-16,613.869384765625,820.0,820.0,817.6666870117188,817.6666870117188,576900,2026-10-08
2009-02-17,582.6767578125,778.3333129882812,805.0,778.3333129882812,805.0,732900,2026-10-08
2009-02-18,568.9520263671875,760.0,769.6666870117188,760.0,769.6666870117188,779100,2026-10-08
2009-02-19,596.4015502929688,796.6666870117188,796.6666870117188,787.3333129882812,787.3333129882812,590100,2026-10-08
2009-02-20,562.713623046875,751.6666870117188,766.6666870117188,751.6666870117188,766.6666870117188,747300,2026-10-08
2009-02-23,570.19970703125,761.6666870117188,761.6666870117188,756.0,756.0,750000,2026-10-08
2009-02-24,613.869384765625,820.0,820.0,777.6666870117188,777.6666870117188,1122600,2026-10-08
2009-02-25,637.5756225585938,851.6666870117188,851.6666870117188,838.3333129882812,838.3333129882812,1212600,2026-10-08
2009-02-26,605.135498046875,808.3333129882812,852.3333129882812,808.3333129882812,852.3333129882812,1326600,2026-10-08
2009-02-27,620.1078491210938,828.3333129882812,828.3333129882812,800.3333129882812,800.3333129882812,570600,2026-10-08
2009-03-02,582.6767578125,778.3333129882812,828.3333129882812,778.3333129882812,828.3333129882812,627000,2026-10-08
2009-03-03,570.19970703125,761.6666870117188,761.6666870117188,758.3333129882812,758.3333129882812,805500,2026-10-08
2009-03-04,600.1447143554688,801.6666870117188,801.6666870117188,781.6666870117188,781.6666870117188,814500,2026-10-08
2009-03-05,616.36474609375,823.3333129882812,833.6666870117188,823.3333129882812,833.6666870117188,828000,2026-10-08
2009-03-06,596.4015502929688,796.6666870117188,823.3333129882812,796.6666870117188,823.3333129882812,972000,2026-10-08
2009-03-09,608.8786010742188,813.3333129882812,813.3333129882812,797.3333129882812,797.3333129882812,692400,2026-10-08
2009-03-10,633.8328247070312,846.6666870117188,846.6666870117188,838.6666870117188,838.6666870117188,1443300,2026-10-08
2009-03-11,658.786865234375,880.0,888.3333129882812,880.0,888.3333129882812,856200,2026-10-08
2009-03-12,665.0252685546875,888.3333129882812,888.3333129882812,880.0,880.0,894900,2026-10-08
2009-03-13,663.7776489257812,886.6666870117188,898.3333129882812,886.6666870117188,898.3333129882812,807600,2026-10-08
2009-03-16,682.4929809570312,911.6666870117188,916.6666870117188,911.6666870117188,916.6666870117188,596400,2026-10-08
2009-03-17,661.2821044921875,883.3333129882812,899.3333129882812,883.3333129882812,899.3333129882812,1061100,2026-10-08
2009-03-18,677.5023803710938,905.0,905.0,901.6666870117188,901.6666870117188,465000,2026-10-08
2009-03-19,676.254638671875,903.3333129882812,905.0,903.3333129882812,905.0,413400,2026-10-08
2009-03-23,692.474609375,925.0,925.0,911.3333129882812,911.3333129882812,609900,2026-10-08
2009-03-24,701.2085571289062,936.6666870117188,936.6666870117188,931.6666870117188,931.6666870117188,936900,2026-10-08
2009-03-25,668.7684326171875,893.3333129882812,901.6666870117188,893.3333129882812,901.6666870117188,638700,2026-10-08
2009-03-26,668.7684326171875,890.0,907.6666870117188,890.0,907.6666870117188,881100,2026-10-08
2009-03-27,696.3206787109375,926.6666870117188,926.6666870117188,891.6666870117188,891.6666870117188,637500,2026-10-08
2009-03-30,637.458984375,848.3333129882812,927.0,848.3333129882812,927.0,747600,2026-10-08
2009-03-31,609.906982421875,811.6666870117188,849.3333129882812,811.6666870117188,849.3333129882812,1014000,2026-10-08
2009-04-01,623.682861328125,830.0,830.0,813.3333129882812,813.3333129882812,733200,2026-10-08
2009-04-02,681.2921142578125,906.6666870117188,906.6666870117188,830.6666870117188,830.6666870117188,1085100,2026-10-08
2009-04-03,692.5635375976562,921.6666870117188,926.6666870117188,921.6666870117188,926.6666870117188,875700,2026-10-08
2009-04-06,761.4441528320312,1013.3333129882812,1013.3333129882812,979.3333129882812,979.3333129882812,1663500,2026-10-08
2009-04-07,768.958251953125,1023.3333129882812,1023.3333129882812,1012.6666870117188,1012.6666870117188,1071900,2026-10-08
2009-04-08,746.4155883789062,993.3333129882812,1030.0,993.3333129882812,1030.0,1287900,2026-10-08
2009-04-09,788.9962768554688,1050.0,1050.0,1020.0,1020.0,618900,2026-10-08
2009-04-10,834.0817260742188,1110.0,1126.6666259765625,1110.0,1126.6666259765625,985500,2026-10-08
2009-04-13,831.577392578125,1106.6666259765625,1114.0,1106.6666259765625,1114.0,642600,2026-10-08
2009-04-14,806.5297241210938,1073.3333740234375,1073.3333740234375,1063.0,1063.0,587100,2026-10-08
2009-04-15,766.45361328125,1020.0,1031.0,1020.0,1031.0,816900,2026-10-08
2009-04-16,758.9392700195312,1010.0,1020.3333129882812,1010.0,1020.3333129882812,721200,2026-10-08
2009-04-17,778.9774169921875,1036.6666259765625,1036.6666259765625,1011.0,1011.0,567300,2026-10-08
2009-04-20,783.9869995117188,1043.3333740234375,1043.3333740234375,1037.6666259765625,1037.6666259765625,841200,2026-10-08
2009-04-21,758.9392700195312,1010.0,1010.0,995.0,995.0,446700,2026-10-08
2009-04-22,773.9677124023438,1030.0,1030.0,1004.0,1004.0,1152300,2026-10-08
2009-04-23,751.425048828125,1000.0,1000.0,984.0,984.0,790200,2026-10-08
2009-04-24,745.1630859375,991.6666870117188,1002.7999877929688,991.6666870117188,1002.7999877929688,591600,2026-10-08
2009-04-27,726.3775634765625,966.6666870117188,994.3441772460938,966.6666870117188,994.3441772460938,680400,2026-10-08
2009-04-28,696.3206787109375,926.6666870117188,962.6666870117188,926.6666870117188,962.6666870117188,620400,2026-10-08
2009-04-30,738.9013061523438,983.3333129882812,983.3333129882812,983.3333129882812,983.3333129882812,912000,2026-10-08
2009-05-01,781.4820556640625,1040.0,1040.0,987.0,987.0,1103700,2026-10-08
2009-05-07,794.0059204101562,1056.6666259765625,1056.6666259765625,1036.7239990234375,1036.7239990234375,1216500,2026-10-08
2009-05-08,796.5105590820312,1060.0,1060.0,1051.3333740234375,1051.3333740234375,425700,2026-10-08
2009-05-11,771.4630737304688,1026.6666259765625,1060.3333740234375,1026.6666259765625,1060.3333740234375,321900,2026-10-08
2009-05-12,781.4820556640625,1040.0,1040.0,1029.900634765625,1029.900634765625,276000,2026-10-08
2009-05-13,761.4441528320312,1013.3333129882812,1039.0,1013.3333129882812,1039.0,379500,2026-10-08
2009-05-14,723.872802734375,963.3333129882812,963.3333129882812,963.3333129882812,963.3333129882812,576300,2026-10-08
2009-05-15,763.9487915039062,1016.6666870117188,1016.6666870117188,1007.0,1007.0,674100,2026-10-08
2009-05-18,783.9869995117188,1043.3333740234375,1044.3333740234375,1043.3333740234375,1044.3333740234375,734700,2026-10-08
2009-05-19,819.0532836914062,1090.0,1090.0,1056.6666259765625,1056.6666259765625,752700,2026-10-08
2009-05-20,831.577392578125,1106.6666259765625,1106.6666259765625,1087.0,1087.0,593100,2026-10-08
2009-05-21,814.0440063476562,1083.3333740234375,1103.6666259765625,1083.3333740234375,1103.6666259765625,379500,2026-10-08
2009-05-22,814.0440063476562,1083.3333740234375,1086.0,1083.3333740234375,1086.0,417000,2026-10-08
2009-05-25,829.072265625,1103.3333740234375,1103.3333740234375,1080.6666259765625,1080.6666259765625,510900,2026-10-08
2009-05-26,846.6055297851562,1126.6666259765625,1126.6666259765625,1095.0,1095.0,715800,2026-10-08
2009-05-27,816.548583984375,1086.6666259765625,1103.6666259765625,1086.6666259765625,1103.6666259765625,714000,2026-10-08
2009-05-28,834.0817260742188,1110.0,1110.0,1087.3333740234375,1087.3333740234375,303300,2026-10-08
2009-05-29,841.5960693359375,1120.0,1120.0,1110.6666259765625,1110.6666259765625,389400,2026-10-08
2009-06-01,829.072265625,1103.3333740234375,1103.3333740234375,1103.3333740234375,1103.3333740234375,411600,2026-10-08
2009-06-02,859.1293334960938,1143.3333740234375,1143.3333740234375,1106.3123779296875,1106.3123779296875,744600,2026-10-08
2009-06-03,859.1293334960938,1143.3333740234375,1143.3333740234375,1136.6666259765625,1136.6666259765625,308700,2026-10-08
2009-06-04,866.6436157226562,1153.3333740234375,1156.6666259765625,1153.3333740234375,1156.6666259765625,271500,2026-10-08
2009-06-05,924.2527465820312,1230.0,1230.0,1220.0,1220.0,988200,2026-10-08
2009-06-08,911.7291870117188,1213.3333740234375,1220.0,1213.3333740234375,1220.0,565200,2026-10-08
2009-06-09,974.3475341796875,1296.6666259765625,1320.6666259765625,1296.6666259765625,1320.6666259765625,1531200,2026-10-08
2009-06-10,991.8814086914062,1320.0,1320.0,1302.3333740234375,1302.3333740234375,1100700,2026-10-08
2009-06-11,996.8904418945312,1326.6666259765625,1340.0,1320.0,1340.0,659700,2026-10-08
2009-06-12,971.8435668945312,1293.3333740234375,1316.6666259765625,1290.0,1313.3333740234375,779100,2026-10-08
2009-06-15,946.79541015625,1260.0,1270.0,1253.3333740234375,1270.0,408600,2026-10-08
2009-06-16,896.7006225585938,1193.3333740234375,1200.0,1173.3333740234375,1193.3333740234375,1550400,2026-10-08
2009-06-17,896.7006225585938,1193.3333740234375,1196.6666259765625,1176.6666259765625,1176.6666259765625,996900,2026-10-08
2009-06-18,894.1961059570312,1190.0,1190.0,1173.3333740234375,1173.3333740234375,531300,2026-10-08
2009-06-19,904.21484375,1203.3333740234375,1210.0,1193.3333740234375,1200.0,705300,2026-10-08
2009-06-22,991.8814086914062,1320.0,1333.3333740234375,1253.3333740234375,1260.0,1830300,2026-10-08
2009-06-23,936.7767944335938,1246.6666259765625,1256.6666259765625,1223.3333740234375,1223.3333740234375,1267800,2026-10-08
2009-06-24,979.3573608398438,1303.3333740234375,1316.6666259765625,1273.3333740234375,1280.0,767100,2026-10-08
2009-06-25,964.3290405273438,1283.3333740234375,1313.3333740234375,1276.6666259765625,1306.6666259765625,869100,2026-10-08
2009-06-26,991.8814086914062,1320.0,1326.6666259765625,1273.3333740234375,1286.6666259765625,796500,2026-10-08
2009-06-29,1034.462158203125,1376.6666259765625,1396.6666259765625,1340.0,1350.0,1419000,2026-10-08
2009-06-30,1026.947509765625,1366.6666259765625,1376.6666259765625,1336.6666259765625,1373.3333740234375,827700,2026-10-08
2009-07-01,1026.947509765625,1366.6666259765625,1393.3333740234375,1356.6666259765625,1380.0,882300,2026-10-08
2009-07-02,1062.0140380859375,1413.3333740234375,1456.6666259765625,1366.6666259765625,1380.0,2132400,2026-10-08
2009-07-03,1049.490234375,1396.6666259765625,1416.6666259765625,1363.3333740234375,1363.3333740234375,1132200,2026-10-08
2009-07-06,1049.490234375,1396.6666259765625,1416.6666259765625,1383.3333740234375,1413.3333740234375,529500,2026-10-08
2009-07-07,1059.50927734375,1410.0,1426.6666259765625,1350.0,1413.3333740234375,792300,2026-10-08
2009-07-08,996.8904418945312,1326.6666259765625,1386.6666259765625,1313.3333740234375,1376.6666259765625,1058700,2026-10-08
2009-07-09,969.33837890625,1290.0,1320.0,1266.6666259765625,1296.6666259765625,879900,2026-10-08
2009-07-10,999.395263671875,1330.0,1373.3333740234375,1310.0,1323.3333740234375,934200,2026-10-08
2009-07-13,931.76708984375,1240.0,1313.3333740234375,1230.0,1310.0,571500,2026-10-08
2009-07-14,986.8717041015625,1313.3333740234375,1323.3333740234375,1273.3333740234375,1290.0,694800,2026-10-08
2009-07-15,1001.900634765625,1333.3333740234375,1360.0,1320.0,1356.6666259765625,795300,2026-10-08
2009-07-16,1046.9854736328125,1393.3333740234375,1426.6666259765625,1386.6666259765625,1403.3333740234375,1042800,2026-10-08
2009-07-17,1031.9571533203125,1373.3333740234375,1416.6666259765625,1366.6666259765625,1410.0,346800,2026-10-08
2009-07-21,1059.50927734375,1410.0,1413.3333740234375,1380.0,1400.0,312300,2026-10-08
2009-07-22,1046.9854736328125,1393.3333740234375,1400.0,1370.0,1376.6666259765625,571500,2026-10-08
2009-07-23,1099.5853271484375,1463.3333740234375,1473.3333740234375,1400.0,1410.0,1045800,2026-10-08
2009-07-24,1144.6710205078125,1523.3333740234375,1523.3333740234375,1486.6666259765625,1493.3333740234375,999300,2026-10-08
2009-07-27,1197.27099609375,1593.3333740234375,1613.3333740234375,1560.0,1570.0,1126200,2026-10-08
2009-07-28,1172.2230224609375,1560.0,1593.3333740234375,1523.3333740234375,1593.3333740234375,1038000,2026-10-08
2009-07-29,1244.8607177734375,1656.6666259765625,1660.0,1536.6666259765625,1556.6666259765625,1187400,2026-10-08
2009-07-30,1194.765869140625,1590.0,1660.0,1576.6666259765625,1656.6666259765625,1216200,2026-10-08
2009-07-31,1242.3563232421875,1653.3333740234375,1653.3333740234375,1613.3333740234375,1620.0,787800,2026-10-08
2009-08-03,1214.80419921875,1616.6666259765625,1630.0,1600.0,1630.0,1056900,2026-10-08
2009-08-04,1204.78515625,1603.3333740234375,1640.0,1583.3333740234375,1633.3333740234375,762300,2026-10-08
2009-08-05,1142.1656494140625,1520.0,1610.0,1510.0,1606.6666259765625,1126500,2026-10-08
2009-08-06,1169.7186279296875,1556.6666259765625,1580.0,1500.0,1516.6666259765625,763800,2026-10-08
2009-08-07,1179.737060546875,1570.0,1590.0,1546.6666259765625,1570.0,645900,2026-10-08
2009-08-10,1282.4320068359375,1706.6666259765625,1716.6666259765625,1620.0,1636.6666259765625,2400600,2026-10-08
2009-08-11,1272.4132080078125,1693.3333740234375,1706.6666259765625,1670.0,1703.3333740234375,804000,2026-10-08
2009-08-12,1312.4891357421875,1746.6666259765625,1790.0,1710.0,1713.3333740234375,2500200,2026-10-08
2009-08-13,1337.536865234375,1780.0,1796.6666259765625,1753.3333740234375,1753.3333740234375,1566600,2026-10-08
2009-08-14,1390.13623046875,1850.0,1866.6666259765625,1796.6666259765625,1803.3333740234375,1838400,2026-10-08
2009-08-17,1365.0888671875,1816.6666259765625,1850.0,1816.6666259765625,1850.0,1116600,2026-10-08
2009-08-18,1420.193603515625,1890.0,1903.3333740234375,1796.6666259765625,1806.6666259765625,2021100,2026-10-08
2009-08-19,1417.6883544921875,1886.6666259765625,1940.0,1880.0,1926.6666259765625,2010000,2026-10-08
2009-08-20,1372.6031494140625,1826.6666259765625,1910.0,1780.0,1890.0,3444600,2026-10-08
2009-08-21,1330.0223388671875,1770.0,1803.3333740234375,1733.3333740234375,1803.3333740234375,1768800,2026-10-08
2009-08-24,1415.183837890625,1883.3333740234375,1890.0,1796.6666259765625,1816.6666259765625,1730700,2026-10-08
2009-08-25,1410.1744384765625,1876.6666259765625,1886.6666259765625,1850.0,1856.6666259765625,1009800,2026-10-08
2009-08-26,1392.641357421875,1853.3333740234375,1870.0,1810.0,1870.0,1242300,2026-10-08
2009-08-27,1355.06982421875,1803.3333740234375,1853.3333740234375,1790.0,1846.6666259765625,919500,2026-10-08
2009-08-28,1402.6602783203125,1866.6666259765625,1883.3333740234375,1816.6666259765625,1823.3333740234375,1829700,2026-10-08
2009-08-31,1390.13623046875,1850.0,1906.6666259765625,1830.0,1866.6666259765625,787200,2026-10-08
2009-09-02,1415.183837890625,1883.3333740234375,1900.0,1850.0,1866.6666259765625,1260600,2026-10-08
2009-09-03,1455.2601318359375,1936.6666259765625,1953.3333740234375,1873.3333740234375,1883.3333740234375,2412900,2026-10-08
2009-09-04,1437.7269287109375,1913.3333740234375,1966.6666259765625,1896.6666259765625,1950.0,988500,2026-10-08
2009-09-07,1467.783935546875,1953.3333740234375,1963.3333740234375,1926.6666259765625,1946.6666259765625,801000,2026-10-08
2009-09-08,1470.288330078125,1956.6666259765625,1963.3333740234375,1906.6666259765625,1920.0,1138800,2026-10-08
2009-09-09,1440.231201171875,1916.6666259765625,1946.6666259765625,1906.6666259765625,1920.0,1169400,2026-10-08
2009-09-10,1457.7646484375,1940.0,1943.3333740234375,1916.6666259765625,1916.6666259765625,665400,2026-10-08
2009-09-11,1437.7269287109375,1913.3333740234375,1946.6666259765625,1900.0,1940.0,585300,2026-10-08
2009-09-14,1390.13623046875,1850.0,1910.0,1836.6666259765625,1910.0,660000,2026-10-08
2009-09-15,1385.1270751953125,1843.3333740234375,1873.3333740234375,1823.3333740234375,1843.3333740234375,734100,2026-10-08
2009-09-16,1440.231201171875,1916.6666259765625,1950.0,1856.6666259765625,1863.3333740234375,1076400,2026-10-08
2009-09-17,1422.6983642578125,1893.3333740234375,1940.0,1856.6666259765625,1930.0,1156500,2026-10-08
2009-09-18,1430.2125244140625,1903.3333740234375,1916.6666259765625,1866.6666259765625,1886.6666259765625,741000,2026-10-08
2009-09-21,1430.2125244140625,1903.3333740234375,1903.3333740234375,1903.3333740234375,1903.3333740234375,0,2026-10-08
2009-09-24,1525.3927001953125,2030.0,2033.3333740234375,1933.3333740234375,1950.0,1906200,2026-10-08
2009-09-25,1530.4107666015625,2033.3333740234375,2063.333251953125,1993.3333740234375,2000.0,1134900,2026-10-08
2009-09-28,1457.6531982421875,1936.6666259765625,1993.3333740234375,1903.3333740234375,1970.0,1099200,2026-10-08
2009-09-29,1495.2862548828125,1986.6666259765625,2016.6666259765625,1956.6666259765625,1973.3333740234375,777300,2026-10-08
2009-09-30,1500.3045654296875,1993.3333740234375,2006.6666259765625,1973.3333740234375,1980.0,624900,2026-10-08
2009-10-01,1412.493896484375,1876.6666259765625,1973.3333740234375,1870.0,1960.0,1536300,2026-10-08
2009-10-02,1329.7010498046875,1766.6666259765625,1836.6666259765625,1743.3333740234375,1836.6666259765625,2232300,2026-10-08
2009-10-05,1292.0679931640625,1716.6666259765625,1806.6666259765625,1710.0,1790.0,1008000,2026-10-08
2009-10-06,1357.2987060546875,1803.3333740234375,1810.0,1750.0,1750.0,1681800,2026-10-08
2009-10-07,1415.002685546875,1880.0,1886.6666259765625,1836.6666259765625,1870.0,1038900,2026-10-08
2009-10-08,1417.5115966796875,1883.3333740234375,1906.6666259765625,1843.3333740234375,1886.6666259765625,745500,2026-10-08
2009-10-09,1460.1622314453125,1940.0,1970.0,1920.0,1940.0,1658400,2026-10-08
2009-10-13,1512.8489990234375,2010.0,2033.3333740234375,1986.6666259765625,2006.6666259765625,2002800,2026-10-08
2009-10-14,1492.777587890625,1983.3333740234375,2000.0,1906.6666259765625,2000.0,1662900,2026-10-08
2009-10-15,1492.777587890625,1983.3333740234375,2020.0,1973.3333740234375,2016.6666259765625,743700,2026-10-08
2009-10-16,1470.1981201171875,1953.3333740234375,2003.3333740234375,1933.3333740234375,2003.3333740234375,743700,2026-10-08
2009-10-19,1427.5469970703125,1896.6666259765625,1940.0,1880.0,1920.0,1552500,2026-10-08
2009-10-20,1422.5296630859375,1890.0,1936.6666259765625,1880.0,1930.0,855900,2026-10-08
2009-10-21,1427.5469970703125,1896.6666259765625,1916.6666259765625,1866.6666259765625,1866.6666259765625,675300,2026-10-08
2009-10-22,1442.6002197265625,1916.6666259765625,1916.6666259765625,1880.0,1890.0,576000,2026-10-08
2009-10-23,1404.9671630859375,1866.6666259765625,1903.3333740234375,1840.0,1890.0,1329000,2026-10-08
2009-10-26,1397.440673828125,1856.6666259765625,1900.0,1830.0,1880.0,902400,2026-10-08
2009-10-27,1372.3519287109375,1823.3333740234375,1846.6666259765625,1813.3333740234375,1826.6666259765625,725700,2026-10-08
2009-10-28,1282.032470703125,1703.3333740234375,1836.6666259765625,1690.0,1836.6666259765625,2161200,2026-10-08
2009-10-29,1259.4530029296875,1673.3333740234375,1686.6666259765625,1620.0,1636.6666259765625,1982400,2026-10-08
2009-10-30,1282.032470703125,1703.3333740234375,1716.6666259765625,1683.3333740234375,1693.3333740234375,1470900,2026-10-08
2009-11-02,1229.3463134765625,1633.3333740234375,1650.0,1616.6666259765625,1620.0,1173000,2026-10-08
2009-11-04,1149.062255859375,1526.6666259765625,1616.6666259765625,1523.3333740234375,1616.6666259765625,2475000,2026-10-08
2009-11-05,1191.7135009765625,1583.3333740234375,1596.6666259765625,1536.6666259765625,1540.0,2275800,2026-10-08
2009-11-06,1199.2398681640625,1593.3333740234375,1633.3333740234375,1583.3333740234375,1630.0,909900,2026-10-08
2009-11-09,1199.2398681640625,1593.3333740234375,1606.6666259765625,1533.3333740234375,1550.0,1497300,2026-10-08
2009-11-10,1214.293212890625,1613.3333740234375,1660.0,1610.0,1633.3333740234375,1257900,2026-10-08
2009-11-11,1246.9080810546875,1656.6666259765625,1666.6666259765625,1626.6666259765625,1633.3333740234375,1446600,2026-10-08
2009-11-12,1292.0679931640625,1716.6666259765625,1776.6666259765625,1680.0,1703.3333740234375,3143700,2026-10-08
2009-11-13,1294.5767822265625,1720.0,1760.0,1693.3333740234375,1746.6666259765625,2606400,2026-10-08
2009-11-16,1231.8551025390625,1636.6666259765625,1726.6666259765625,1613.3333740234375,1720.0,1605300,2026-10-08
2009-11-17,1211.7840576171875,1610.0,1676.6666259765625,1603.3333740234375,1640.0,1253100,2026-10-08
2009-11-18,1231.8551025390625,1636.6666259765625,1650.0,1593.3333740234375,1626.6666259765625,1214700,2026-10-08
2009-11-19,1221.8199462890625,1623.3333740234375,1650.0,1610.0,1620.0,891600,2026-10-08
2009-11-20,1211.7840576171875,1610.0,1620.0,1583.3333740234375,1590.0,759000,2026-10-08
2009-11-24,1189.2044677734375,1580.0,1636.6666259765625,1573.3333740234375,1630.0,691200,2026-10-08
2009-11-25,1181.677490234375,1570.0,1583.3333740234375,1530.0,1573.3333740234375,928800,2026-10-08
2009-11-26,1216.8017578125,1616.6666259765625,1623.3333740234375,1543.3333740234375,1556.6666259765625,1115400,2026-10-08
2009-11-27,1219.310546875,1620.0,1660.0,1526.6666259765625,1550.0,4772700,2026-10-08
2009-11-30,1249.4171142578125,1660.0,1673.3333740234375,1640.0,1666.6666259765625,724200,2026-10-08
2009-12-01,1287.050048828125,1710.0,1723.3333740234375,1663.3333740234375,1693.3333740234375,1750800,2026-10-08
2009-12-02,1339.736572265625,1780.0,1780.0,1723.3333740234375,1730.0,2533800,2026-10-08
2009-12-03,1377.36962890625,1830.0,1830.0,1793.3333740234375,1813.3333740234375,1518300,2026-10-08
2009-12-04,1362.31640625,1810.0,1833.3333740234375,1773.3333740234375,1833.3333740234375,1238100,2026-10-08
2009-12-07,1420.0201416015625,1886.6666259765625,1896.6666259765625,1840.0,1856.6666259765625,1069500,2026-10-08
2009-12-08,1435.07373046875,1906.6666259765625,1926.6666259765625,1850.0,1853.3333740234375,1400100,2026-10-08
2009-12-09,1397.440673828125,1856.6666259765625,1886.6666259765625,1833.3333740234375,1873.3333740234375,911700,2026-10-08
2009-12-10,1347.26318359375,1790.0,1863.3333740234375,1776.6666259765625,1833.3333740234375,1001100,2026-10-08
2009-12-11,1387.4051513671875,1843.3333740234375,1843.3333740234375,1803.3333740234375,1823.3333740234375,870000,2026-10-08
2009-12-14,1404.9671630859375,1866.6666259765625,1866.6666259765625,1830.0,1843.3333740234375,455700,2026-10-08
2009-12-15,1407.4761962890625,1870.0,1870.0,1826.6666259765625,1850.0,494400,2026-10-08
2009-12-16,1387.4051513671875,1843.3333740234375,1893.3333740234375,1836.6666259765625,1886.6666259765625,652800,2026-10-08
2009-12-17,1384.8966064453125,1840.0,1873.3333740234375,1833.3333740234375,1853.3333740234375,463800,2026-10-08
2009-12-18,1374.8607177734375,1826.6666259765625,1836.6666259765625,1796.6666259765625,1820.0,591900,2026-10-08
2009-12-21,1432.5648193359375,1903.3333740234375,1906.6666259765625,1860.0,1860.0,1212600,2026-10-08
2009-12-22,1482.7418212890625,1970.0,1976.6666259765625,1943.3333740234375,1963.3333740234375,1728000,2026-10-08
2009-12-24,1472.7066650390625,1956.6666259765625,1990.0,1950.0,1970.0,957000,2026-10-08
2009-12-25,1460.1622314453125,1940.0,1956.6666259765625,1920.0,1956.6666259765625,648900,2026-10-08
2009-12-28,1457.6531982421875,1936.6666259765625,1966.6666259765625,1923.3333740234375,1936.6666259765625,548400,2026-10-08
2009-12-29,1447.6180419921875,1923.3333740234375,1936.6666259765625,1906.6666259765625,1930.0,355200,2026-10-08
2009-12-30,1447.6180419921875,1923.3333740234375,1923.3333740234375,1900.0,1906.6666259765625,366300,2026-10-08
2010-01-04,1455.14453125,1933.3333740234375,1936.6666259765625,1886.6666259765625,1920.0,742800,2026-10-08
2010-01-05,1412.493896484375,1876.6666259765625,1956.6666259765625,1876.6666259765625,1946.6666259765625,1161900,2026-10-08
2010-01-06,1420.0201416015625,1886.6666259765625,1913.3333740234375,1863.3333740234375,1890.0,1712700,2026-10-08
2010-01-07,1377.36962890625,1830.0,1870.0,1826.6666259765625,1866.6666259765625,1418100,2026-10-08
2010-01-08,1374.8607177734375,1826.6666259765625,1833.3333740234375,1786.6666259765625,1806.6666259765625,1746000,2026-10-08
2010-01-12,1367.334228515625,1816.6666259765625,1820.0,1786.6666259765625,1816.6666259765625,1169100,2026-10-08
2010-01-13,1327.1925048828125,1763.3333740234375,1803.3333740234375,1760.0,1800.0,1152300,2026-10-08
2010-01-14,1404.9671630859375,1866.6666259765625,1870.0,1763.3333740234375,1763.3333740234375,1638600,2026-10-08
2010-01-15,1430.0557861328125,1900.0,1936.6666259765625,1876.6666259765625,1933.3333740234375,2734200,2026-10-08
2010-01-18,1447.6180419921875,1923.3333740234375,1923.3333740234375,1870.0,1880.0,1361700,2026-10-08
2010-01-19,1394.9320068359375,1853.3333740234375,1930.0,1833.3333740234375,1930.0,1306200,2026-10-08
2010-01-20,1377.36962890625,1830.0,1880.0,1823.3333740234375,1880.0,966600,2026-10-08
2010-01-21,1402.4581298828125,1863.3333740234375,1866.6666259765625,1790.0,1796.6666259765625,967500,2026-10-08
2010-01-22,1367.334228515625,1816.6666259765625,1836.6666259765625,1790.0,1830.0,1230300,2026-10-08
2010-01-25,1362.31640625,1810.0,1810.0,1760.0,1783.3333740234375,984300,2026-10-08
2010-01-26,1302.1033935546875,1730.0,1796.6666259765625,1723.3333740234375,1793.3333740234375,1585200,2026-10-08
2010-01-27,1264.470947265625,1680.0,1723.3333740234375,1673.3333740234375,1720.0,1185900,2026-10-08
2010-01-28,1294.5767822265625,1720.0,1736.6666259765625,1680.0,1690.0,1123500,2026-10-08
2010-01-29,1261.9619140625,1676.6666259765625,1716.6666259765625,1670.0,1686.6666259765625,766200,2026-10-08
2010-02-01,1240.63623046875,1648.3333740234375,1683.3333740234375,1621.6666259765625,1673.3333740234375,1060800,2026-10-08
2010-02-02,1259.4530029296875,1673.3333740234375,1726.6666259765625,1651.6666259765625,1673.3333740234375,1372800,2026-10-08
2010-02-03,1230.6007080078125,1635.0,1700.0,1628.3333740234375,1693.3333740234375,1578000,2026-10-08
2010-02-04,1204.2579345703125,1600.0,1640.0,1580.0,1635.0,1518900,2026-10-08
2010-02-05,1192.9678955078125,1585.0,1588.3333740234375,1533.3333740234375,1535.0,1134300,2026-10-08
2010-02-08,1192.9678955078125,1585.0,1605.0,1570.0,1586.6666259765625,1311600,2026-10-08
2010-02-09,1245.6541748046875,1655.0,1655.0,1586.6666259765625,1596.6666259765625,2321100,2026-10-08
2010-02-10,1297.0859375,1723.3333740234375,1723.3333740234375,1676.6666259765625,1680.0,2019600,2026-10-08
2010-02-12,1284.541259765625,1706.6666259765625,1746.6666259765625,1676.6666259765625,1733.3333740234375,1375200,2026-10-08
2010-02-15,1287.050048828125,1710.0,1743.3333740234375,1703.3333740234375,1720.0,1183200,2026-10-08
2010-02-16,1254.4349365234375,1666.6666259765625,1716.6666259765625,1656.6666259765625,1710.0,1095300,2026-10-08
2010-02-17,1302.1033935546875,1730.0,1733.3333740234375,1693.3333740234375,1703.3333740234375,820200,2026-10-08
2010-02-18,1297.0859375,1723.3333740234375,1740.0,1700.0,1740.0,668400,2026-10-08
2010-02-19,1264.470947265625,1680.0,1746.6666259765625,1676.6666259765625,1716.6666259765625,1053900,2026-10-08
2010-02-22,1277.014892578125,1696.6666259765625,1736.6666259765625,1686.6666259765625,1706.6666259765625,975900,2026-10-08
2010-02-23,1282.032470703125,1703.3333740234375,1706.6666259765625,1676.6666259765625,1686.6666259765625,704400,2026-10-08
2010-02-24,1259.4530029296875,1673.3333740234375,1683.3333740234375,1660.0,1670.0,804900,2026-10-08
2010-02-25,1230.6007080078125,1635.0,1686.6666259765625,1623.3333740234375,1686.6666259765625,964800,2026-10-08
2010-02-26,1226.837158203125,1630.0,1646.6666259765625,1610.0,1638.3333740234375,997800,2026-10-08
2010-03-01,1239.38134765625,1646.6666259765625,1666.6666259765625,1615.0,1640.0,739200,2026-10-08
2010-03-02,1269.4884033203125,1686.6666259765625,1690.0,1658.3333740234375,1661.6666259765625,1015800,2026-10-08
2010-03-03,1264.470947265625,1680.0,1686.6666259765625,1655.0,1673.3333740234375,511500,2026-10-08
2010-03-04,1241.890869140625,1650.0,1696.6666259765625,1643.3333740234375,1693.3333740234375,992400,2026-10-08
2010-03-05,1274.506103515625,1693.3333740234375,1693.3333740234375,1650.0,1658.3333740234375,1012500,2026-10-08
2010-03-08,1287.050048828125,1710.0,1726.6666259765625,1700.0,1723.3333740234375,1128300,2026-10-08
2010-03-09,1347.26318359375,1790.0,1800.0,1720.0,1726.6666259765625,2357700,2026-10-08
2010-03-10,1347.26318359375,1790.0,1806.6666259765625,1776.6666259765625,1790.0,942300,2026-10-08
2010-03-11,1359.807373046875,1806.6666259765625,1830.0,1790.0,1803.3333740234375,862500,2026-10-08
2010-03-12,1362.31640625,1810.0,1833.3333740234375,1786.6666259765625,1833.3333740234375,912600,2026-10-08
2010-03-15,1364.8255615234375,1813.3333740234375,1823.3333740234375,1793.3333740234375,1816.6666259765625,493800,2026-10-08
2010-03-16,1344.7540283203125,1786.6666259765625,1810.0,1786.6666259765625,1800.0,466200,2026-10-08
2010-03-17,1392.4227294921875,1850.0,1870.0,1836.6666259765625,1863.3333740234375,1890900,2026-10-08
2010-03-18,1379.87841796875,1833.3333740234375,1896.6666259765625,1833.3333740234375,1856.6666259765625,1060800,2026-10-08
2010-03-19,1384.8966064453125,1840.0,1863.3333740234375,1836.6666259765625,1853.3333740234375,441600,2026-10-08
2010-03-23,1379.87841796875,1833.3333740234375,1843.3333740234375,1820.0,1843.3333740234375,543000,2026-10-08
2010-03-24,1377.36962890625,1830.0,1850.0,1806.6666259765625,1843.3333740234375,812700,2026-10-08
2010-03-25,1404.9671630859375,1866.6666259765625,1873.3333740234375,1836.6666259765625,1856.6666259765625,853800,2026-10-08
2010-03-26,1465.1800537109375,1946.6666259765625,1956.6666259765625,1876.6666259765625,1883.3333740234375,3855000,2026-10-08
2010-03-29,1475.2330322265625,1956.6666259765625,1983.3333740234375,1950.0,1966.6666259765625,1056300,2026-10-08
2010-03-30,1482.7723388671875,1966.6666259765625,1966.6666259765625,1950.0,1963.3333740234375,556500,2026-10-08
2010-03-31,1445.0748291015625,1916.6666259765625,1953.3333740234375,1913.3333740234375,1953.3333740234375,1047000,2026-10-08
2010-04-01,1475.2330322265625,1956.6666259765625,1960.0,1916.6666259765625,1920.0,797700,2026-10-08
2010-04-02,1485.285400390625,1970.0,1973.3333740234375,1946.6666259765625,1970.0,885000,2026-10-08
2010-04-05,1507.9039306640625,2000.0,2000.0,1966.6666259765625,1973.3333740234375,704400,2026-10-08
2010-04-06,1515.443603515625,2010.0,2093.333251953125,1980.0,2033.3333740234375,2497800,2026-10-08
2010-04-07,1573.2469482421875,2086.666748046875,2086.666748046875,2043.3333740234375,2066.666748046875,3309000,2026-10-08
2010-04-08,1555.6541748046875,2063.333251953125,2080.0,2053.333251953125,2056.666748046875,1192800,2026-10-08
2010-04-09,1613.4573974609375,2140.0,2146.666748046875,2076.666748046875,2080.0,3923700,2026-10-08
2010-04-12,1610.9444580078125,2136.666748046875,2163.333251953125,2113.333251953125,2140.0,1133100,2026-10-08
2010-04-13,1565.7069091796875,2076.666748046875,2123.333251953125,2046.6666259765625,2116.666748046875,1600500,2026-10-08
2010-04-14,1575.760009765625,2090.0,2113.333251953125,2066.666748046875,2090.0,986700,2026-10-08
2010-04-15,1578.2728271484375,2093.333251953125,2130.0,2086.666748046875,2120.0,1138200,2026-10-08
2010-04-16,1545.6015625,2050.0,2080.0,2030.0,2073.333251953125,849900,2026-10-08
2010-04-19,1512.930419921875,2006.6666259765625,2023.3333740234375,2000.0,2016.6666259765625,739500,2026-10-08
2010-04-20,1600.8912353515625,2123.333251953125,2143.333251953125,2093.333251953125,2106.666748046875,3706500,2026-10-08
2010-04-21,1671.260498046875,2216.666748046875,2226.666748046875,2163.333251953125,2166.666748046875,2418900,2026-10-08
2010-04-22,1641.1026611328125,2176.666748046875,2266.666748046875,2173.333251953125,2256.666748046875,2825400,2026-10-08
2010-04-23,1626.0234375,2156.666748046875,2213.333251953125,2146.666748046875,2186.666748046875,1866300,2026-10-08
2010-04-26,1643.6153564453125,2180.0,2196.666748046875,2160.0,2190.0,945900,2026-10-08
2010-04-27,1683.825927734375,2233.333251953125,2243.333251953125,2163.333251953125,2180.0,1144500,2026-10-08
2010-04-28,1658.694091796875,2200.0,2220.0,2183.333251953125,2196.666748046875,1066800,2026-10-08
2010-04-30,1683.825927734375,2233.333251953125,2253.333251953125,2213.333251953125,2233.333251953125,1012800,2026-10-08
2010-05-06,1618.4835205078125,2146.666748046875,2186.666748046875,2143.333251953125,2166.666748046875,951000,2026-10-08
2010-05-07,1578.2728271484375,2093.333251953125,2113.333251953125,2036.6666259765625,2060.0,1245000,2026-10-08
2010-05-10,1565.7069091796875,2076.666748046875,2120.0,2046.6666259765625,2060.0,1149300,2026-10-08
2010-05-11,1560.680419921875,2070.0,2143.333251953125,2056.666748046875,2130.0,1476900,2026-10-08
2010-05-12,1540.5753173828125,2043.3333740234375,2086.666748046875,2026.6666259765625,2036.6666259765625,1162800,2026-10-08
2010-05-13,1603.4046630859375,2126.666748046875,2136.666748046875,2076.666748046875,2076.666748046875,851700,2026-10-08
2010-05-14,1583.2991943359375,2100.0,2136.666748046875,2060.0,2093.333251953125,1641600,2026-10-08
2010-05-17,1510.4171142578125,2003.3333740234375,2090.0,1986.6666259765625,2083.333251953125,1732800,2026-10-08
2010-05-18,1472.719970703125,1953.3333740234375,2046.6666259765625,1930.0,2023.3333740234375,1893000,2026-10-08
2010-05-19,1497.8514404296875,1986.6666259765625,2010.0,1876.6666259765625,1916.6666259765625,1706400,2026-10-08
2010-05-20,1472.719970703125,1953.3333740234375,1996.6666259765625,1936.6666259765625,1966.6666259765625,1216500,2026-10-08
2010-05-21,1424.96923828125,1890.0,1940.0,1870.0,1890.0,1853100,2026-10-08
2010-05-24,1462.666748046875,1940.0,1946.6666259765625,1866.6666259765625,1906.6666259765625,1263300,2026-10-08
2010-05-25,1402.350830078125,1860.0,1940.0,1840.0,1926.6666259765625,1930800,2026-10-08
2010-05-26,1392.2979736328125,1846.6666259765625,1913.3333740234375,1806.6666259765625,1893.3333740234375,1636800,2026-10-08
2010-05-27,1455.127685546875,1930.0,1940.0,1813.3333740234375,1820.0,2289600,2026-10-08
2010-05-28,1545.6015625,2050.0,2050.0,1986.6666259765625,1986.6666259765625,3040200,2026-10-08
2010-05-31,1538.0621337890625,2040.0,2060.0,2026.6666259765625,2036.6666259765625,1769700,2026-10-08
2010-06-01,1530.522705078125,2030.0,2050.0,2010.0,2050.0,1299900,2026-10-08
2010-06-02,1502.877685546875,1993.3333740234375,2056.666748046875,1973.3333740234375,1993.3333740234375,1152000,2026-10-08
2010-06-03,1565.7069091796875,2076.666748046875,2080.0,2013.3333740234375,2026.6666259765625,1190700,2026-10-08
2010-06-04,1600.8912353515625,2123.333251953125,2160.0,2076.666748046875,2076.666748046875,1590000,2026-10-08
2010-06-07,1555.6541748046875,2063.333251953125,2093.333251953125,2063.333251953125,2070.0,1649700,2026-10-08
2010-06-08,1575.760009765625,2090.0,2106.666748046875,2043.3333740234375,2046.6666259765625,1365900,2026-10-08
2010-06-09,1585.812255859375,2103.333251953125,2140.0,2070.0,2090.0,2366100,2026-10-08
2010-06-10,1590.8387451171875,2110.0,2120.0,2056.666748046875,2073.333251953125,1451400,2026-10-08
2010-06-11,1613.4573974609375,2140.0,2163.333251953125,2133.333251953125,2153.333251953125,1348200,2026-10-08
2010-06-14,1651.1549072265625,2190.0,2196.666748046875,2153.333251953125,2163.333251953125,1113300,2026-10-08
2010-06-15,1661.2076416015625,2203.333251953125,2220.0,2166.666748046875,2173.333251953125,756900,2026-10-08
2010-06-16,1656.180908203125,2196.666748046875,2243.333251953125,2183.333251953125,2236.666748046875,1039200,2026-10-08
2010-06-17,1633.563232421875,2166.666748046875,2190.0,2146.666748046875,2176.666748046875,1049700,2026-10-08
2010-06-18,1641.1026611328125,2176.666748046875,2206.666748046875,2160.0,2186.666748046875,735600,2026-10-08
2010-06-21,1651.1549072265625,2190.0,2206.666748046875,2173.333251953125,2193.333251953125,758400,2026-10-08
2010-06-22,1598.3782958984375,2120.0,2176.666748046875,2113.333251953125,2163.333251953125,1258800,2026-10-08
2010-06-23,1565.7069091796875,2076.666748046875,2086.666748046875,2053.333251953125,2083.333251953125,1089600,2026-10-08
2010-06-24,1558.1678466796875,2066.666748046875,2093.333251953125,2040.0,2050.0,533100,2026-10-08
2010-06-25,1487.7987060546875,1973.3333740234375,2013.3333740234375,1966.6666259765625,2000.0,1431000,2026-10-08
2010-06-28,1462.666748046875,1940.0,1980.0,1930.0,1966.6666259765625,1048200,2026-10-08
2010-06-29,1455.127685546875,1930.0,1990.0,1920.0,1946.6666259765625,856500,2026-10-08
2010-06-30,1427.482666015625,1893.3333740234375,1906.6666259765625,1860.0,1866.6666259765625,915300,2026-10-08
2010-07-01,1384.7584228515625,1836.6666259765625,1910.0,1826.6666259765625,1896.6666259765625,1239600,2026-10-08
2010-07-02,1387.271728515625,1840.0,1886.6666259765625,1830.0,1880.0,1684500,2026-10-08
2010-07-05,1402.350830078125,1860.0,1866.6666259765625,1843.3333740234375,1850.0,782700,2026-10-08
2010-07-06,1452.6143798828125,1926.6666259765625,1926.6666259765625,1806.6666259765625,1843.3333740234375,1254900,2026-10-08
2010-07-07,1409.89013671875,1870.0,1923.3333740234375,1856.6666259765625,1920.0,898200,2026-10-08
2010-07-08,1467.693115234375,1946.6666259765625,1956.6666259765625,1926.6666259765625,1936.6666259765625,894000,2026-10-08
2010-07-09,1462.666748046875,1940.0,1980.0,1933.3333740234375,1963.3333740234375,864600,2026-10-08
2010-07-12,1450.1009521484375,1923.3333740234375,1973.3333740234375,1920.0,1946.6666259765625,789300,2026-10-08
2010-07-13,1450.1009521484375,1923.3333740234375,1953.3333740234375,1916.6666259765625,1950.0,627300,2026-10-08
2010-07-14,1485.285400390625,1970.0,1993.3333740234375,1956.6666259765625,1973.3333740234375,1140600,2026-10-08
2010-07-15,1447.587646484375,1920.0,1956.6666259765625,1913.3333740234375,1953.3333740234375,821700,2026-10-08
2010-07-16,1412.403564453125,1873.3333740234375,1916.6666259765625,1846.6666259765625,1896.6666259765625,1053900,2026-10-08
2010-07-21,1357.1136474609375,1800.0,1866.6666259765625,1776.6666259765625,1866.6666259765625,1580100,2026-10-08
2010-07-22,1304.3369140625,1730.0,1770.0,1680.0,1770.0,2594100,2026-10-08
2010-07-23,1367.166259765625,1813.3333740234375,1826.6666259765625,1780.0,1786.6666259765625,1754100,2026-10-08
2010-07-26,1362.139892578125,1806.6666259765625,1846.6666259765625,1796.6666259765625,1826.6666259765625,704100,2026-10-08
2010-07-27,1357.1136474609375,1800.0,1836.6666259765625,1796.6666259765625,1813.3333740234375,507000,2026-10-08
2010-07-28,1394.8111572265625,1850.0,1856.6666259765625,1810.0,1816.6666259765625,888300,2026-10-08
2010-07-29,1367.166259765625,1813.3333740234375,1863.3333740234375,1803.3333740234375,1836.6666259765625,805500,2026-10-08
2010-07-30,1314.3897705078125,1743.3333740234375,1793.3333740234375,1733.3333740234375,1786.6666259765625,1360500,2026-10-08
2010-08-02,1309.3634033203125,1736.6666259765625,1790.0,1733.3333740234375,1736.6666259765625,876600,2026-10-08
2010-08-03,1334.494873046875,1770.0,1796.6666259765625,1753.3333740234375,1783.3333740234375,825300,2026-10-08
2010-08-04,1299.3106689453125,1723.3333740234375,1763.3333740234375,1720.0,1753.3333740234375,660600,2026-10-08
2010-08-05,1266.639404296875,1680.0,1756.6666259765625,1663.3333740234375,1750.0,1702500,2026-10-08
2010-08-06,1233.968017578125,1636.6666259765625,1660.0,1596.6666259765625,1660.0,2938800,2026-10-08
2010-08-09,1206.3232421875,1600.0,1620.0,1595.0,1613.3333740234375,1679700,2026-10-08
2010-08-10,1274.1788330078125,1690.0,1736.6666259765625,1676.6666259765625,1703.3333740234375,4962000,2026-10-08
2010-08-11,1221.4022216796875,1620.0,1660.0,1616.6666259765625,1656.6666259765625,2711700,2026-10-08
2010-08-12,1256.5865478515625,1666.6666259765625,1673.3333740234375,1570.0,1581.6666259765625,3288600,2026-10-08
2010-08-13,1264.1263427734375,1676.6666259765625,1686.6666259765625,1633.3333740234375,1670.0,1640700,2026-10-08
2010-08-16,1227.6851806640625,1628.3333740234375,1641.6666259765625,1613.3333740234375,1640.0,1207500,2026-10-08
2010-08-17,1227.6851806640625,1628.3333740234375,1648.3333740234375,1608.3333740234375,1608.3333740234375,1096500,2026-10-08
2010-08-18,1173.651611328125,1556.6666259765625,1630.0,1550.0,1615.0,4024800,2026-10-08
2010-08-19,1195.0140380859375,1585.0,1585.0,1510.0,1533.3333740234375,2815200,2026-10-08
2010-08-20,1171.1390380859375,1553.3333740234375,1566.6666259765625,1543.3333740234375,1556.6666259765625,1417200,2026-10-08
2010-08-23,1156.0596923828125,1533.3333740234375,1560.0,1520.0,1555.0,1155000,2026-10-08
2010-08-24,1114.5926513671875,1478.3333740234375,1505.0,1471.6666259765625,1503.3333740234375,1583700,2026-10-08
2010-08-25,1085.6912841796875,1440.0,1476.6666259765625,1435.0,1436.6666259765625,1956600,2026-10-08
2010-08-26,1103.2833251953125,1463.3333740234375,1471.6666259765625,1450.0,1450.0,1378200,2026-10-08
2010-08-27,1152.2900390625,1528.3333740234375,1543.3333740234375,1451.6666259765625,1460.0,2019000,2026-10-08
2010-08-30,1109.56591796875,1471.6666259765625,1558.3333740234375,1465.0,1550.0,2938200,2026-10-08
2010-08-31,1054.2763671875,1398.3333740234375,1453.3333740234375,1398.3333740234375,1448.3333740234375,2126700,2026-10-08
2010-09-01,1064.328857421875,1411.6666259765625,1425.0,1385.0,1408.3333740234375,1211700,2026-10-08
2010-09-02,1065.5858154296875,1413.3333740234375,1456.6666259765625,1388.3333740234375,1445.0,1860900,2026-10-08
2010-09-03,1074.3817138671875,1425.0,1435.0,1398.3333740234375,1416.6666259765625,1732500,2026-10-08
2010-09-06,1143.4937744140625,1516.6666259765625,1520.0,1433.3333740234375,1436.6666259765625,2936400,2026-10-08
2010-09-07,1138.4676513671875,1510.0,1520.0,1485.0,1501.6666259765625,1694400,2026-10-08
2010-09-08,1123.388671875,1490.0,1498.3333740234375,1466.6666259765625,1480.0,1595400,2026-10-08
2010-09-09,1122.1319580078125,1488.3333740234375,1508.3333740234375,1483.3333740234375,1505.0,1032300,2026-10-08
2010-09-10,1128.414794921875,1496.6666259765625,1518.3333740234375,1491.6666259765625,1505.0,1173900,2026-10-08
2010-09-13,1162.3426513671875,1541.6666259765625,1550.0,1506.6666259765625,1520.0,1579800,2026-10-08
2010-09-14,1158.5732421875,1536.6666259765625,1581.6666259765625,1530.0,1555.0,1806600,2026-10-08
2010-09-16,1195.0140380859375,1585.0,1611.6666259765625,1571.6666259765625,1603.3333740234375,1264800,2026-10-08
2010-09-17,1216.3763427734375,1613.3333740234375,1613.3333740234375,1583.3333740234375,1598.3333740234375,1248600,2026-10-08
2010-09-21,1228.94189453125,1630.0,1653.3333740234375,1615.0,1640.0,1685400,2026-10-08
2010-09-22,1237.7379150390625,1641.6666259765625,1645.0,1611.6666259765625,1615.0,1700400,2026-10-08
2010-09-24,1201.296875,1593.3333740234375,1633.3333740234375,1591.6666259765625,1608.3333740234375,2379000,2026-10-08
2010-09-27,1222.6590576171875,1621.6666259765625,1626.6666259765625,1596.6666259765625,1610.0,1049400,2026-10-08
2010-09-28,1218.869873046875,1608.3333740234375,1628.3333740234375,1591.6666259765625,1618.3333740234375,830700,2026-10-08
2010-09-29,1231.500244140625,1625.0,1626.6666259765625,1601.6666259765625,1603.3333740234375,1136700,2026-10-08
2010-09-30,1212.5543212890625,1600.0,1621.6666259765625,1600.0,1618.3333740234375,1021200,2026-10-08
2010-10-01,1217.6063232421875,1606.6666259765625,1626.6666259765625,1601.6666259765625,1615.0,1105500,2026-10-08
2010-10-04,1216.34326171875,1605.0,1625.0,1595.0,1620.0,1180500,2026-10-08
2010-10-05,1230.2374267578125,1623.3333740234375,1626.6666259765625,1575.0,1583.3333740234375,1317900,2026-10-08
2010-10-06,1265.603271484375,1670.0,1673.3333740234375,1626.6666259765625,1640.0,1707900,2026-10-08
2010-10-07,1295.9176025390625,1710.0,1726.6666259765625,1663.3333740234375,1666.6666259765625,1866300,2026-10-08
2010-10-08,1283.2867431640625,1693.3333740234375,1710.0,1670.0,1693.3333740234375,1243500,2026-10-08
2010-10-12,1234.0264892578125,1628.3333740234375,1693.3333740234375,1623.3333740234375,1693.3333740234375,1979100,2026-10-08
2010-10-13,1162.031005859375,1533.3333740234375,1596.6666259765625,1526.6666259765625,1596.6666259765625,3741300,2026-10-08
2010-10-14,1182.2403564453125,1560.0,1566.6666259765625,1536.6666259765625,1556.6666259765625,1424100,2026-10-08
2010-10-15,1196.13427734375,1578.3333740234375,1613.3333740234375,1556.6666259765625,1561.6666259765625,1739100,2026-10-08
2010-10-18,1204.9757080078125,1590.0,1605.0,1573.3333740234375,1578.3333740234375,884400,2026-10-08
2010-10-19,1212.5543212890625,1600.0,1605.0,1586.6666259765625,1591.6666259765625,691800,2026-10-08
2010-10-20,1223.9219970703125,1615.0,1618.3333740234375,1556.6666259765625,1560.0,1392600,2026-10-08
2010-10-21,1213.8173828125,1601.6666259765625,1608.3333740234375,1571.6666259765625,1606.6666259765625,1563000,2026-10-08
2010-10-22,1227.711181640625,1620.0,1626.6666259765625,1590.0,1600.0,757800,2026-10-08
2010-10-25,1211.2911376953125,1598.3333740234375,1630.0,1595.0,1620.0,756300,2026-10-08
2010-10-26,1211.2911376953125,1598.3333740234375,1621.6666259765625,1596.6666259765625,1605.0,460500,2026-10-08
2010-10-27,1222.6591796875,1613.3333740234375,1638.3333740234375,1605.0,1615.0,682200,2026-10-08
2010-10-28,1204.9757080078125,1590.0,1613.3333740234375,1573.3333740234375,1613.3333740234375,1314900,2026-10-08
2010-10-29,1178.4508056640625,1555.0,1613.3333740234375,1545.0,1613.3333740234375,1317000,2026-10-08
2010-11-01,1163.2943115234375,1535.0,1561.6666259765625,1528.3333740234375,1553.3333740234375,1248900,2026-10-08
2010-11-02,1164.557373046875,1536.6666259765625,1551.6666259765625,1516.6666259765625,1543.3333740234375,1083600,2026-10-08
2010-11-04,1179.7138671875,1556.6666259765625,1573.3333740234375,1543.3333740234375,1550.0,1298400,2026-10-08
2010-11-05,1236.55224609375,1631.6666259765625,1633.3333740234375,1571.6666259765625,1571.6666259765625,1369800,2026-10-08
2010-11-08,1293.3912353515625,1706.6666259765625,1716.6666259765625,1643.3333740234375,1645.0,1631700,2026-10-08
2010-11-09,1283.2867431640625,1693.3333740234375,1706.6666259765625,1670.0,1683.3333740234375,854700,2026-10-08
2010-11-10,1278.234130859375,1686.6666259765625,1706.6666259765625,1683.3333740234375,1690.0,938100,2026-10-08
2010-11-11,1318.6527099609375,1740.0,1753.3333740234375,1706.6666259765625,1706.6666259765625,1414200,2026-10-08
2010-11-12,1139.2960205078125,1503.3333740234375,1521.6666259765625,1458.3333740234375,1473.3333740234375,10799700,2026-10-08
2010-11-15,1136.7694091796875,1500.0,1530.0,1480.0,1498.3333740234375,3894000,2026-10-08
2010-11-16,1141.8218994140625,1506.6666259765625,1520.0,1498.3333740234375,1515.0,2223300,2026-10-08
2010-11-17,1132.980224609375,1495.0,1498.3333740234375,1486.6666259765625,1493.3333740234375,1177500,2026-10-08
2010-11-18,1162.031005859375,1533.3333740234375,1533.3333740234375,1498.3333740234375,1498.3333740234375,1614300,2026-10-08
2010-11-19,1169.609619140625,1543.3333740234375,1568.3333740234375,1541.6666259765625,1551.6666259765625,2164200,2026-10-08
2010-11-22,1204.9757080078125,1590.0,1598.3333740234375,1556.6666259765625,1563.3333740234375,1815600,2026-10-08
2010-11-24,1218.869873046875,1608.3333740234375,1613.3333740234375,1543.3333740234375,1546.6666259765625,1784400,2026-10-08
2010-11-25,1237.81591796875,1633.3333740234375,1655.0,1615.0,1626.6666259765625,1740600,2026-10-08
2010-11-26,1225.185302734375,1616.6666259765625,1656.6666259765625,1596.6666259765625,1645.0,1793400,2026-10-08
2010-11-29,1260.55126953125,1663.3333740234375,1665.0,1638.3333740234375,1640.0,1599300,2026-10-08
2010-11-30,1231.500244140625,1625.0,1658.3333740234375,1623.3333740234375,1651.6666259765625,1781400,2026-10-08
2010-12-01,1231.500244140625,1625.0,1630.0,1603.3333740234375,1620.0,885900,2026-10-08
2010-12-02,1270.65576171875,1676.6666259765625,1676.6666259765625,1648.3333740234375,1655.0,1482000,2026-10-08
2010-12-03,1283.2867431640625,1693.3333740234375,1706.6666259765625,1673.3333740234375,1686.6666259765625,1938000,2026-10-08
2010-12-06,1306.02197265625,1723.3333740234375,1730.0,1676.6666259765625,1676.6666259765625,1539900,2026-10-08
2010-12-07,1288.339111328125,1700.0,1716.6666259765625,1683.3333740234375,1713.3333740234375,1029900,2026-10-08
2010-12-08,1303.4959716796875,1720.0,1730.0,1696.6666259765625,1696.6666259765625,942300,2026-10-08
2010-12-09,1293.3912353515625,1706.6666259765625,1730.0,1693.3333740234375,1720.0,832500,2026-10-08
2010-12-10,1270.65576171875,1676.6666259765625,1703.3333740234375,1673.3333740234375,1700.0,673200,2026-10-08
2010-12-13,1336.3355712890625,1763.3333740234375,1763.3333740234375,1676.6666259765625,1690.0,1888800,2026-10-08
2010-12-14,1348.966552734375,1780.0,1806.6666259765625,1760.0,1763.3333740234375,1625100,2026-10-08
2010-12-15,1359.0712890625,1793.3333740234375,1793.3333740234375,1770.0,1793.3333740234375,838800,2026-10-08
2010-12-16,1351.4925537109375,1783.3333740234375,1800.0,1776.6666259765625,1783.3333740234375,793800,2026-10-08
2010-12-17,1333.809814453125,1760.0,1813.3333740234375,1753.3333740234375,1813.3333740234375,1052700,2026-10-08
2010-12-20,1308.5482177734375,1726.6666259765625,1760.0,1693.3333740234375,1756.6666259765625,2073900,2026-10-08
2010-12-21,1283.2867431640625,1693.3333740234375,1720.0,1680.0,1706.6666259765625,2834400,2026-10-08
2010-12-22,1265.603271484375,1670.0,1700.0,1655.0,1683.3333740234375,2001600,2026-10-08
2010-12-24,1263.0771484375,1666.6666259765625,1676.6666259765625,1643.3333740234375,1650.0,1643700,2026-10-08
2010-12-27,1275.7080078125,1683.3333740234375,1700.0,1666.6666259765625,1676.6666259765625,861000,2026-10-08
2010-12-28,1263.0771484375,1666.6666259765625,1680.0,1661.6666259765625,1680.0,837000,2026-10-08
2010-12-29,1261.8143310546875,1665.0,1680.0,1663.3333740234375,1670.0,650100,2026-10-08
2010-12-30,1245.3944091796875,1643.3333740234375,1666.6666259765625,1640.0,1665.0,1051800,2026-10-08
2011-01-04,1285.8125,1696.6666259765625,1706.6666259765625,1656.6666259765625,1666.6666259765625,1570800,2026-10-08
2011-01-05,1259.2880859375,1661.6666259765625,1696.6666259765625,1655.0,1673.3333740234375,1857000,2026-10-08
2011-01-06,1265.603271484375,1670.0,1680.0,1655.0,1665.0,1841700,2026-10-08
2011-01-07,1295.9176025390625,1710.0,1713.3333740234375,1673.3333740234375,1676.6666259765625,1512900,2026-10-08
2011-01-11,1280.7603759765625,1690.0,1710.0,1683.3333740234375,1706.6666259765625,801000,2026-10-08
2011-01-12,1265.603271484375,1670.0,1713.3333740234375,1666.6666259765625,1706.6666259765625,1077600,2026-10-08
2011-01-13,1270.65576171875,1676.6666259765625,1690.0,1665.0,1680.0,1262400,2026-10-08
2011-01-14,1308.5482177734375,1726.6666259765625,1750.0,1680.0,1686.6666259765625,3240600,2026-10-08
2011-01-17,1341.387939453125,1770.0,1776.6666259765625,1736.6666259765625,1740.0,1808700,2026-10-08
2011-01-18,1346.4403076171875,1776.6666259765625,1796.6666259765625,1753.3333740234375,1770.0,1333200,2026-10-08
2011-01-19,1394.4376220703125,1840.0,1870.0,1790.0,1790.0,2950200,2026-10-08
2011-01-20,1364.1236572265625,1800.0,1823.3333740234375,1786.6666259765625,1806.6666259765625,1846800,2026-10-08
2011-01-21,1341.387939453125,1770.0,1796.6666259765625,1703.3333740234375,1783.3333740234375,2415300,2026-10-08
2011-01-24,1364.1236572265625,1800.0,1820.0,1783.3333740234375,1786.6666259765625,1660500,2026-10-08
2011-01-25,1404.5421142578125,1853.3333740234375,1863.3333740234375,1823.3333740234375,1833.3333740234375,1717800,2026-10-08
2011-01-26,1402.015869140625,1850.0,1880.0,1843.3333740234375,1870.0,2243700,2026-10-08
2011-01-27,1399.48974609375,1846.6666259765625,1866.6666259765625,1826.6666259765625,1860.0,1311300,2026-10-08
2011-01-28,1384.3330078125,1826.6666259765625,1853.3333740234375,1806.6666259765625,1840.0,871800,2026-10-08
2011-01-31,1386.8587646484375,1830.0,1843.3333740234375,1766.6666259765625,1793.3333740234375,1376700,2026-10-08
2011-02-01,1402.015869140625,1850.0,1870.0,1840.0,1856.6666259765625,840300,2026-10-08
2011-02-02,1432.32958984375,1890.0,1900.0,1863.3333740234375,1870.0,1199700,2026-10-08
2011-02-03,1434.85595703125,1893.3333740234375,1916.6666259765625,1883.3333740234375,1900.0,749700,2026-10-08
2011-02-04,1434.85595703125,1893.3333740234375,1910.0,1870.0,1900.0,662100,2026-10-08
2011-02-07,1455.06494140625,1920.0,1930.0,1896.6666259765625,1926.6666259765625,624900,2026-10-08
2011-02-08,1495.4835205078125,1973.3333740234375,1976.6666259765625,1936.6666259765625,1953.3333740234375,1658700,2026-10-08
2011-02-09,1467.69580078125,1936.6666259765625,1996.6666259765625,1930.0,1983.3333740234375,1458300,2026-10-08
2011-02-10,1457.5911865234375,1923.3333740234375,1950.0,1913.3333740234375,1913.3333740234375,729900,2026-10-08
2011-02-14,1475.274169921875,1946.6666259765625,1963.3333740234375,1933.3333740234375,1956.6666259765625,1096800,2026-10-08
2011-02-15,1498.009521484375,1976.6666259765625,1986.6666259765625,1953.3333740234375,1960.0,788700,2026-10-08
2011-02-16,1503.0618896484375,1983.3333740234375,2000.0,1976.6666259765625,1990.0,862800,2026-10-08
2011-02-17,1505.588134765625,1986.6666259765625,2000.0,1980.0,1980.0,832500,2026-10-08
2011-02-18,1508.1143798828125,1990.0,2000.0,1960.0,1976.6666259765625,873300,2026-10-08
2011-02-21,1472.748291015625,1943.3333740234375,2000.0,1933.3333740234375,2000.0,1710000,2026-10-08
2011-02-22,1447.4866943359375,1910.0,1926.6666259765625,1910.0,1916.6666259765625,1439700,2026-10-08
2011-02-23,1427.277587890625,1883.3333740234375,1930.0,1866.6666259765625,1876.6666259765625,1017000,2026-10-08
2011-02-24,1391.9111328125,1836.6666259765625,1880.0,1826.6666259765625,1866.6666259765625,1227900,2026-10-08
2011-02-25,1427.277587890625,1883.3333740234375,1883.3333740234375,1850.0,1853.3333740234375,807000,2026-10-08
2011-02-28,1452.5391845703125,1916.6666259765625,1923.3333740234375,1870.0,1900.0,636600,2026-10-08
2011-03-01,1480.326904296875,1953.3333740234375,1960.0,1923.3333740234375,1930.0,908700,2026-10-08
2011-03-02,1434.85595703125,1893.3333740234375,1936.6666259765625,1890.0,1916.6666259765625,795300,2026-10-08
2011-03-03,1442.434326171875,1903.3333740234375,1910.0,1886.6666259765625,1906.6666259765625,476700,2026-10-08
2011-03-04,1447.4866943359375,1910.0,1936.6666259765625,1900.0,1933.3333740234375,831900,2026-10-08
2011-03-07,1432.32958984375,1890.0,1906.6666259765625,1873.3333740234375,1900.0,486300,2026-10-08
2011-03-08,1419.6988525390625,1873.3333740234375,1900.0,1870.0,1900.0,867300,2026-10-08
2011-03-09,1422.224853515625,1876.6666259765625,1903.3333740234375,1860.0,1880.0,934200,2026-10-08
2011-03-10,1399.48974609375,1846.6666259765625,1873.3333740234375,1826.6666259765625,1856.6666259765625,1000200,2026-10-08
2011-03-11,1376.7542724609375,1816.6666259765625,1826.6666259765625,1776.6666259765625,1813.3333740234375,1860300,2026-10-08
2011-03-14,1263.0771484375,1666.6666259765625,1760.0,1623.3333740234375,1650.0,1916700,2026-10-08
2011-03-15,1204.9757080078125,1590.0,1633.3333740234375,1483.3333740234375,1573.3333740234375,1524300,2026-10-08
2011-03-16,1311.0743408203125,1730.0,1756.6666259765625,1666.6666259765625,1750.0,1703400,2026-10-08
2011-03-17,1300.969482421875,1716.6666259765625,1743.3333740234375,1620.0,1645.0,1446300,2026-10-08
2011-03-18,1326.2313232421875,1750.0,1766.6666259765625,1726.6666259765625,1726.6666259765625,779400,2026-10-08
2011-03-22,1356.545166015625,1790.0,1820.0,1776.6666259765625,1790.0,878100,2026-10-08
2011-03-23,1348.966552734375,1780.0,1810.0,1753.3333740234375,1770.0,1432800,2026-10-08
2011-03-24,1341.387939453125,1770.0,1796.6666259765625,1756.6666259765625,1786.6666259765625,956100,2026-10-08
2011-03-25,1348.966552734375,1780.0,1810.0,1766.6666259765625,1800.0,462300,2026-10-08
2011-03-28,1354.01904296875,1786.6666259765625,1796.6666259765625,1766.6666259765625,1786.6666259765625,803100,2026-10-08
2011-03-29,1394.7412109375,1826.6666259765625,1836.6666259765625,1766.6666259765625,1766.6666259765625,1168200,2026-10-08
2011-03-30,1445.64453125,1893.3333740234375,1900.0,1840.0,1840.0,929700,2026-10-08
2011-03-31,1445.64453125,1893.3333740234375,1930.0,1883.3333740234375,1926.6666259765625,702600,2026-10-08
2011-04-01,1450.7342529296875,1900.0,1930.0,1893.3333740234375,1900.0,747000,2026-10-08
2011-04-04,1494.0020751953125,1956.6666259765625,1996.6666259765625,1930.0,1933.3333740234375,1862700,2026-10-08
2011-04-05,1448.18896484375,1896.6666259765625,1956.6666259765625,1870.0,1956.6666259765625,1946100,2026-10-08
2011-04-06,1445.64453125,1893.3333740234375,1906.6666259765625,1873.3333740234375,1890.0,771300,2026-10-08
2011-04-07,1438.0091552734375,1883.3333740234375,1943.3333740234375,1880.0,1926.6666259765625,852000,2026-10-08
2011-04-08,1468.5504150390625,1923.3333740234375,1930.0,1850.0,1863.3333740234375,1066500,2026-10-08
2011-04-11,1458.369873046875,1910.0,1943.3333740234375,1906.6666259765625,1943.3333740234375,547500,2026-10-08
2011-04-12,1425.2828369140625,1866.6666259765625,1890.0,1850.0,1876.6666259765625,972600,2026-10-08
2011-04-13,1432.9183349609375,1876.6666259765625,1883.3333740234375,1843.3333740234375,1843.3333740234375,543000,2026-10-08
2011-04-14,1412.55712890625,1850.0,1870.0,1836.6666259765625,1860.0,1265400,2026-10-08
2011-04-15,1346.383544921875,1763.3333740234375,1823.3333740234375,1756.6666259765625,1816.6666259765625,2915100,2026-10-08
2011-04-18,1364.1993408203125,1786.6666259765625,1786.6666259765625,1756.6666259765625,1766.6666259765625,1145400,2026-10-08
2011-04-19,1323.47705078125,1733.3333740234375,1773.3333740234375,1730.0,1763.3333740234375,1023600,2026-10-08
2011-04-20,1371.8348388671875,1796.6666259765625,1806.6666259765625,1760.0,1766.6666259765625,1265700,2026-10-08
2011-04-21,1369.289794921875,1793.3333740234375,1816.6666259765625,1776.6666259765625,1816.6666259765625,750900,2026-10-08
2011-04-22,1376.9249267578125,1803.3333740234375,1820.0,1796.6666259765625,1810.0,1007100,2026-10-08
2011-04-25,1384.560791015625,1813.3333740234375,1846.6666259765625,1806.6666259765625,1830.0,801600,2026-10-08
2011-04-26,1356.5640869140625,1776.6666259765625,1813.3333740234375,1770.0,1810.0,487800,2026-10-08
2011-04-27,1379.4703369140625,1806.6666259765625,1810.0,1786.6666259765625,1810.0,573000,2026-10-08
2011-04-28,1399.83154296875,1833.3333740234375,1846.6666259765625,1813.3333740234375,1823.3333740234375,660900,2026-10-08
2011-05-02,1422.738037109375,1863.3333740234375,1866.6666259765625,1836.6666259765625,1860.0,619800,2026-10-08
2011-05-06,1402.3765869140625,1836.6666259765625,1840.0,1813.3333740234375,1830.0,842700,2026-10-08
2011-05-09,1384.560791015625,1813.3333740234375,1836.6666259765625,1796.6666259765625,1836.6666259765625,769200,2026-10-08
2011-05-10,1407.4671630859375,1843.3333740234375,1846.6666259765625,1796.6666259765625,1796.6666259765625,456600,2026-10-08
2011-05-11,1407.4671630859375,1843.3333740234375,1866.6666259765625,1836.6666259765625,1866.6666259765625,571800,2026-10-08
2011-05-12,1397.2862548828125,1830.0,1836.6666259765625,1810.0,1836.6666259765625,689400,2026-10-08
2011-05-13,1384.560791015625,1813.3333740234375,1843.3333740234375,1793.3333740234375,1836.6666259765625,846900,2026-10-08
2011-05-16,1348.9288330078125,1766.6666259765625,1793.3333740234375,1766.6666259765625,1786.6666259765625,669300,2026-10-08
2011-05-17,1364.1993408203125,1786.6666259765625,1786.6666259765625,1760.0,1776.6666259765625,534600,2026-10-08
2011-05-18,1379.4703369140625,1806.6666259765625,1810.0,1750.0,1776.6666259765625,1068000,2026-10-08
2011-05-19,1359.1092529296875,1780.0,1816.6666259765625,1770.0,1816.6666259765625,567900,2026-10-08
2011-05-20,1346.383544921875,1763.3333740234375,1783.3333740234375,1750.0,1783.3333740234375,817500,2026-10-08
2011-05-23,1320.93212890625,1730.0,1753.3333740234375,1710.0,1736.6666259765625,567900,2026-10-08
2011-05-24,1320.93212890625,1730.0,1736.6666259765625,1710.0,1710.0,358800,2026-10-08
2011-05-25,1303.11572265625,1706.6666259765625,1743.3333740234375,1703.3333740234375,1726.6666259765625,611700,2026-10-08
2011-05-26,1328.5675048828125,1740.0,1740.0,1716.6666259765625,1720.0,367500,2026-10-08
2011-05-27,1326.022216796875,1736.6666259765625,1750.0,1716.6666259765625,1740.0,209700,2026-10-08
2011-05-30,1320.93212890625,1730.0,1736.6666259765625,1710.0,1723.3333740234375,398700,2026-10-08
2011-05-31,1343.8382568359375,1760.0,1763.3333740234375,1720.0,1726.6666259765625,422400,2026-10-08
2011-06-01,1369.289794921875,1793.3333740234375,1806.6666259765625,1770.0,1776.6666259765625,1167300,2026-10-08
2011-06-02,1336.203125,1750.0,1763.3333740234375,1733.3333740234375,1736.6666259765625,846900,2026-10-08
2011-06-03,1308.2059326171875,1713.3333740234375,1746.6666259765625,1703.3333740234375,1730.0,629400,2026-10-08
2011-06-06,1295.48046875,1696.6666259765625,1723.3333740234375,1690.0,1700.0,627900,2026-10-08
2011-06-07,1310.7513427734375,1716.6666259765625,1723.3333740234375,1686.6666259765625,1693.3333740234375,605400,2026-10-08
2011-06-08,1313.2965087890625,1720.0,1723.3333740234375,1700.0,1703.3333740234375,662100,2026-10-08
2011-06-09,1305.661376953125,1710.0,1716.6666259765625,1693.3333740234375,1716.6666259765625,1118400,2026-10-08
2011-06-10,1298.02587890625,1700.0,1720.0,1693.3333740234375,1706.6666259765625,820800,2026-10-08
2011-06-13,1290.3902587890625,1690.0,1693.3333740234375,1673.3333740234375,1673.3333740234375,709500,2026-10-08
2011-06-14,1300.57080078125,1703.3333740234375,1703.3333740234375,1676.6666259765625,1683.3333740234375,654900,2026-10-08
2011-06-15,1298.02587890625,1700.0,1706.6666259765625,1690.0,1706.6666259765625,550500,2026-10-08
2011-06-16,1280.2098388671875,1676.6666259765625,1710.0,1676.6666259765625,1696.6666259765625,900600,2026-10-08
2011-06-17,1275.1192626953125,1670.0,1700.0,1665.0,1686.6666259765625,700500,2026-10-08
2011-06-20,1277.6646728515625,1673.3333740234375,1703.3333740234375,1666.6666259765625,1680.0,972000,2026-10-08
2011-06-21,1300.57080078125,1703.3333740234375,1713.3333740234375,1686.6666259765625,1700.0,506100,2026-10-08
2011-06-22,1310.7513427734375,1716.6666259765625,1720.0,1703.3333740234375,1716.6666259765625,421200,2026-10-08
2011-06-23,1277.6646728515625,1673.3333740234375,1703.3333740234375,1673.3333740234375,1693.3333740234375,785400,2026-10-08
2011-06-24,1271.3021240234375,1665.0,1670.0,1636.6666259765625,1640.0,1669500,2026-10-08
2011-06-27,1266.2113037109375,1658.3333740234375,1676.6666259765625,1655.0,1670.0,602700,2026-10-08
2011-06-28,1268.756103515625,1661.6666259765625,1673.3333740234375,1658.3333740234375,1666.6666259765625,505500,2026-10-08
2011-06-29,1290.3902587890625,1690.0,1690.0,1670.0,1680.0,471900,2026-10-08
2011-06-30,1292.9354248046875,1693.3333740234375,1706.6666259765625,1680.0,1706.6666259765625,582300,2026-10-08
2011-07-01,1300.57080078125,1703.3333740234375,1710.0,1693.3333740234375,1706.6666259765625,469800,2026-10-08
2011-07-04,1277.6646728515625,1673.3333740234375,1713.3333740234375,1656.6666259765625,1706.6666259765625,1395900,2026-10-08
2011-07-05,1275.1192626953125,1670.0,1673.3333740234375,1656.6666259765625,1661.6666259765625,826800,2026-10-08
2011-07-06,1290.3902587890625,1690.0,1696.6666259765625,1665.0,1680.0,602400,2026-10-08
2011-07-07,1303.11572265625,1706.6666259765625,1716.6666259765625,1686.6666259765625,1690.0,772800,2026-10-08
2011-07-08,1282.7547607421875,1680.0,1700.0,1676.6666259765625,1686.6666259765625,1111800,2026-10-08
2011-07-11,1272.57421875,1666.6666259765625,1670.0,1661.6666259765625,1666.6666259765625,612600,2026-10-08
2011-07-12,1254.7579345703125,1643.3333740234375,1658.3333740234375,1640.0,1651.6666259765625,988800,2026-10-08
2011-07-13,1225.4888916015625,1605.0,1635.0,1600.0,1631.6666259765625,1574100,2026-10-08
2011-07-14,1203.8553466796875,1576.6666259765625,1605.0,1555.0,1605.0,1941300,2026-10-08
2011-07-15,1193.674560546875,1563.3333740234375,1573.3333740234375,1555.0,1573.3333740234375,1473900,2026-10-08
2011-07-19,1156.769775390625,1515.0,1545.0,1510.0,1541.6666259765625,2242200,2026-10-08
2011-07-20,1174.5863037109375,1538.3333740234375,1551.6666259765625,1525.0,1533.3333740234375,2069400,2026-10-08
2011-07-21,1151.6796875,1508.3333740234375,1546.6666259765625,1500.0,1540.0,2135100,2026-10-08
2011-07-22,1166.950439453125,1528.3333740234375,1528.3333740234375,1501.6666259765625,1520.0,2161200,2026-10-08
2011-07-25,1150.406982421875,1506.6666259765625,1526.6666259765625,1503.3333740234375,1520.0,948000,2026-10-08
2011-07-26,1137.681396484375,1490.0,1498.3333740234375,1463.3333740234375,1498.3333740234375,2628300,2026-10-08
2011-07-27,1178.403564453125,1543.3333740234375,1543.3333740234375,1485.0,1491.6666259765625,2924700,2026-10-08
2011-07-28,1163.1328125,1523.3333740234375,1545.0,1515.0,1523.3333740234375,1285800,2026-10-08
2011-07-29,1144.0443115234375,1498.3333740234375,1526.6666259765625,1490.0,1521.6666259765625,1191300,2026-10-08
2011-08-01,1172.0408935546875,1535.0,1545.0,1515.0,1515.0,1550100,2026-10-08
2011-08-02,1146.589111328125,1501.6666259765625,1526.6666259765625,1485.0,1526.6666259765625,1555200,2026-10-08
2011-08-03,1109.6846923828125,1453.3333740234375,1478.3333740234375,1450.0,1478.3333740234375,1403100,2026-10-08
2011-08-04,1091.8687744140625,1430.0,1475.0,1426.6666259765625,1450.0,1430700,2026-10-08
2011-08-05,1054.963623046875,1381.6666259765625,1390.0,1335.0,1338.3333740234375,1864200,2026-10-08
2011-08-08,1025.6944580078125,1343.3333740234375,1358.3333740234375,1320.0,1350.0,1572000,2026-10-08
2011-08-09,983.7003784179688,1288.3333740234375,1293.3333740234375,1245.0,1283.3333740234375,2263800,2026-10-08
2011-08-10,988.7902221679688,1295.0,1350.0,1290.0,1340.0,1467600,2026-10-08
2011-08-11,964.6115112304688,1263.3333740234375,1283.3333740234375,1256.6666259765625,1260.0,874500,2026-10-08
2011-08-12,953.1581420898438,1248.3333740234375,1281.6666259765625,1243.3333740234375,1271.6666259765625,900900,2026-10-08
2011-08-15,959.5209350585938,1256.6666259765625,1280.0,1250.0,1271.6666259765625,875700,2026-10-08
2011-08-16,981.1546630859375,1285.0,1296.6666259765625,1270.0,1275.0,697200,2026-10-08
2011-08-17,962.0659790039062,1260.0,1295.0,1255.0,1288.3333740234375,593700,2026-10-08
2011-08-18,922.6160888671875,1208.3333740234375,1246.6666259765625,1203.3333740234375,1246.6666259765625,969600,2026-10-08
2011-08-19,890.8017578125,1166.6666259765625,1181.6666259765625,1158.3333740234375,1176.6666259765625,1564800,2026-10-08
2011-08-22,879.3487548828125,1151.6666259765625,1195.0,1148.3333740234375,1151.6666259765625,1412100,2026-10-08
2011-08-23,889.529296875,1165.0,1188.3333740234375,1148.3333740234375,1158.3333740234375,1644000,2026-10-08
2011-08-24,871.7132568359375,1141.6666259765625,1196.6666259765625,1138.3333740234375,1188.3333740234375,794400,2026-10-08
2011-08-25,902.2551879882812,1181.6666259765625,1190.0,1146.6666259765625,1150.0,1039800,2026-10-08
2011-08-26,928.97900390625,1216.6666259765625,1220.0,1166.6666259765625,1170.0,1334700,2026-10-08
2011-08-29,938.1414184570312,1228.6666259765625,1245.0,1203.3333740234375,1231.6666259765625,1072500,2026-10-08
2011-08-30,945.5228881835938,1238.3333740234375,1258.3333740234375,1231.6666259765625,1255.0,810300,2026-10-08
2011-08-31,933.731201171875,1222.8902587890625,1243.3333740234375,1206.6666259765625,1238.3333740234375,878700,2026-10-08
2011-09-01,951.1216430664062,1245.6666259765625,1253.3333740234375,1215.0,1233.3333740234375,1208700,2026-10-08
2011-09-02,924.143310546875,1210.3333740234375,1240.0,1206.6666259765625,1228.3333740234375,744300,2026-10-08
2011-09-05,896.9102783203125,1174.6666259765625,1191.6666259765625,1156.6666259765625,1186.6666259765625,846900,2026-10-08
2011-09-06,844.9894409179688,1106.6666259765625,1150.0,1091.6666259765625,1148.3333740234375,1751400,2026-10-08
2011-09-07,859.4964599609375,1125.6666259765625,1160.0,1113.3333740234375,1113.3333740234375,1512300,2026-10-08
2011-09-08,899.9644165039062,1178.6666259765625,1195.0,1165.0,1175.0,2136900,2026-10-08
2011-09-09,902.2551879882812,1181.6666259765625,1191.6666259765625,1155.0,1190.0,1341300,2026-10-08
2011-09-12,882.1482543945312,1155.3333740234375,1171.6666259765625,1131.6666259765625,1136.6666259765625,836700,2026-10-08
2011-09-13,926.4343872070312,1213.3333740234375,1213.3333740234375,1160.0,1160.0,1203900,2026-10-08
2011-09-14,905.0545043945312,1185.3333740234375,1258.3333740234375,1181.6666259765625,1220.0,1476000,2026-10-08
2011-09-15,935.342041015625,1225.0,1245.0,1216.6666259765625,1218.3333740234375,1348800,2026-10-08
2011-09-16,962.0659790039062,1260.0,1283.3333740234375,1230.0,1233.3333740234375,2120400,2026-10-08
2011-09-20,960.7935791015625,1258.3333740234375,1260.0,1213.3333740234375,1241.6666259765625,1339500,2026-10-08
2011-09-21,964.6115112304688,1263.3333740234375,1271.6666259765625,1236.6666259765625,1260.0,882000,2026-10-08
2011-09-22,911.1630859375,1193.3333740234375,1235.0,1186.6666259765625,1233.3333740234375,1325100,2026-10-08
2011-09-26,888.2565307617188,1163.3333740234375,1183.3333740234375,1136.6666259765625,1175.0,1912800,2026-10-08
2011-09-27,940.43212890625,1231.6666259765625,1243.3333740234375,1196.6666259765625,1198.3333740234375,1149600,2026-10-08
2011-09-28,929.9144897460938,1208.3333740234375,1248.3333740234375,1198.3333740234375,1233.3333740234375,971700,2026-10-08
2011-09-29,954.2847290039062,1240.0,1240.0,1175.0,1195.0,1035600,2026-10-08
2011-09-30,954.2847290039062,1240.0,1256.6666259765625,1203.3333740234375,1240.0,934200,2026-10-08
2011-10-03,900.4139404296875,1170.0,1220.0,1165.0,1206.6666259765625,1055400,2026-10-08
2011-10-04,896.5660400390625,1165.0,1171.6666259765625,1116.6666259765625,1123.3333740234375,995100,2026-10-08
2011-10-05,892.7180786132812,1160.0,1186.6666259765625,1145.0,1178.3333740234375,1157700,2026-10-08
2011-10-06,933.7627563476562,1213.3333740234375,1228.3333740234375,1183.3333740234375,1183.3333740234375,859500,2026-10-08
2011-10-07,982.5028076171875,1276.6666259765625,1288.3333740234375,1250.0,1250.0,1344600,2026-10-08
2011-10-11,1031.2431640625,1340.0,1350.0,1308.3333740234375,1308.3333740234375,1524600,2026-10-08
2011-10-12,1069.7225341796875,1390.0,1393.3333740234375,1313.3333740234375,1323.3333740234375,1435800,2026-10-08
2011-10-13,1106.9190673828125,1438.3333740234375,1448.3333740234375,1403.3333740234375,1406.6666259765625,1890900,2026-10-08
2011-10-14,1059.4613037109375,1376.6666259765625,1438.3333740234375,1363.3333740234375,1416.6666259765625,1278000,2026-10-08
2011-10-17,1079.9837646484375,1403.3333740234375,1423.3333740234375,1390.0,1420.0,680400,2026-10-08
2011-10-18,1067.1572265625,1386.6666259765625,1400.0,1365.0,1373.3333740234375,643800,2026-10-08
2011-10-19,1054.330810546875,1370.0,1415.0,1356.6666259765625,1413.3333740234375,705300,2026-10-08
2011-10-20,1012.0032958984375,1315.0,1350.0,1291.6666259765625,1348.3333740234375,1600500,2026-10-08
2011-10-21,1026.1126708984375,1333.3333740234375,1338.3333740234375,1280.0,1306.6666259765625,877200,2026-10-08
2011-10-24,1059.4613037109375,1376.6666259765625,1390.0,1351.6666259765625,1360.0,848100,2026-10-08
2011-10-25,1062.0267333984375,1380.0,1401.6666259765625,1366.6666259765625,1393.3333740234375,684600,2026-10-08
2011-10-26,1079.9837646484375,1403.3333740234375,1415.0,1350.0,1353.3333740234375,552300,2026-10-08
2011-10-27,1109.484375,1441.6666259765625,1443.3333740234375,1400.0,1425.0,951600,2026-10-08
2011-10-28,1085.1143798828125,1410.0,1461.6666259765625,1396.6666259765625,1450.0,1329000,2026-10-08
2011-10-31,1079.9837646484375,1403.3333740234375,1458.3333740234375,1401.6666259765625,1455.0,1178100,2026-10-08
2011-11-01,1047.917236328125,1361.6666259765625,1400.0,1345.0,1400.0,1304100,2026-10-08
2011-11-02,1051.765625,1366.6666259765625,1388.3333740234375,1323.3333740234375,1333.3333740234375,962400,2026-10-08
2011-11-04,1076.1357421875,1398.3333740234375,1408.3333740234375,1370.0,1385.0,611700,2026-10-08
2011-11-07,1095.3756103515625,1423.3333740234375,1451.6666259765625,1378.3333740234375,1390.0,1028700,2026-10-08
2011-11-08,1058.1787109375,1375.0,1426.6666259765625,1360.0,1425.0,914700,2026-10-08
2011-11-09,1036.373779296875,1346.6666259765625,1366.6666259765625,1320.0,1333.3333740234375,2408400,2026-10-08
2011-11-10,999.17724609375,1298.3333740234375,1301.6666259765625,1281.6666259765625,1300.0,1362900,2026-10-08
2011-11-11,986.3509521484375,1281.6666259765625,1305.0,1256.6666259765625,1281.6666259765625,1035900,2026-10-08
2011-11-14,986.3509521484375,1281.6666259765625,1306.6666259765625,1250.0,1298.3333740234375,1246500,2026-10-08
2011-11-15,953.0022583007812,1238.3333740234375,1271.6666259765625,1236.6666259765625,1253.3333740234375,1368600,2026-10-08
2011-11-16,949.1541748046875,1233.3333740234375,1258.3333740234375,1228.3333740234375,1236.6666259765625,659100,2026-10-08
2011-11-17,994.046875,1291.6666259765625,1301.6666259765625,1231.6666259765625,1233.3333740234375,1280400,2026-10-08
2011-11-18,999.17724609375,1298.3333740234375,1305.0,1261.6666259765625,1276.6666259765625,816900,2026-10-08
2011-11-21,967.1113891601562,1256.6666259765625,1286.6666259765625,1236.6666259765625,1286.6666259765625,1103400,2026-10-08
2011-11-22,960.6982421875,1248.3333740234375,1256.6666259765625,1230.0,1233.3333740234375,847800,2026-10-08
2011-11-24,929.9144897460938,1208.3333740234375,1230.0,1195.0,1216.6666259765625,1012200,2026-10-08
2011-11-25,958.1328125,1245.0,1253.3333740234375,1206.6666259765625,1206.6666259765625,1029300,2026-10-08
2011-11-28,1012.0032958984375,1315.0,1326.6666259765625,1283.3333740234375,1285.0,965100,2026-10-08
2011-11-29,1059.4613037109375,1376.6666259765625,1380.0,1330.0,1330.0,1388400,2026-10-08
2011-11-30,1028.6781005859375,1336.6666259765625,1361.6666259765625,1325.0,1360.0,768600,2026-10-08
2011-12-01,1063.309326171875,1381.6666259765625,1396.6666259765625,1358.3333740234375,1383.3333740234375,1113600,2026-10-08
2011-12-02,1086.3966064453125,1411.6666259765625,1413.3333740234375,1361.6666259765625,1370.0,1153200,2026-10-08
2011-12-05,1097.9403076171875,1426.6666259765625,1431.6666259765625,1403.3333740234375,1411.6666259765625,897600,2026-10-08
2011-12-06,1074.8526611328125,1396.6666259765625,1421.6666259765625,1388.3333740234375,1406.6666259765625,969000,2026-10-08
2011-12-07,1099.2232666015625,1428.3333740234375,1430.0,1395.0,1396.6666259765625,885000,2026-10-08
2011-12-08,1106.9190673828125,1438.3333740234375,1461.6666259765625,1421.6666259765625,1431.6666259765625,1660800,2026-10-08
2011-12-09,1083.83154296875,1408.3333740234375,1430.0,1405.0,1421.6666259765625,825600,2026-10-08
2011-12-12,1094.0926513671875,1421.6666259765625,1430.0,1416.6666259765625,1430.0,647100,2026-10-08
2011-12-13,1081.26611328125,1405.0,1413.3333740234375,1380.0,1380.0,613200,2026-10-08
2011-12-14,1073.570068359375,1395.0,1406.6666259765625,1391.6666259765625,1395.0,457800,2026-10-08
2011-12-15,1033.8082275390625,1343.3333740234375,1375.0,1336.6666259765625,1370.0,1162500,2026-10-08
2011-12-16,1031.2431640625,1340.0,1358.3333740234375,1331.6666259765625,1346.6666259765625,850500,2026-10-08
2011-12-19,1019.6995239257812,1325.0,1343.3333740234375,1313.3333740234375,1320.0,600300,2026-10-08
2011-12-20,1040.2218017578125,1351.6666259765625,1355.0,1326.6666259765625,1326.6666259765625,360900,2026-10-08
2011-12-21,1050.4825439453125,1365.0,1383.3333740234375,1360.0,1375.0,367500,2026-10-08
2011-12-22,1042.787109375,1355.0,1365.0,1345.0,1365.0,336600,2026-10-08
2011-12-26,1049.2001953125,1363.3333740234375,1375.0,1353.3333740234375,1366.6666259765625,285000,2026-10-08
2011-12-27,1042.787109375,1355.0,1366.6666259765625,1350.0,1366.6666259765625,277500,2026-10-08
2011-12-28,1020.9818115234375,1326.6666259765625,1350.0,1323.3333740234375,1350.0,431700,2026-10-08
2011-12-29,1020.9818115234375,1326.6666259765625,1333.3333740234375,1305.0,1310.0,347400,2026-10-08
2011-12-30,1029.960693359375,1338.3333740234375,1341.6666259765625,1320.0,1338.3333740234375,273600,2026-10-08
2012-01-04,1053.048095703125,1368.3333740234375,1373.3333740234375,1358.3333740234375,1361.6666259765625,529800,2026-10-08
2012-01-05,1029.960693359375,1338.3333740234375,1358.3333740234375,1335.0,1358.3333740234375,405900,2026-10-08
2012-01-06,1023.5470581054688,1330.0,1336.6666259765625,1308.3333740234375,1320.0,705900,2026-10-08
2012-01-10,1036.373779296875,1346.6666259765625,1350.0,1321.6666259765625,1323.3333740234375,499800,2026-10-08
2012-01-11,1065.875,1385.0,1396.6666259765625,1355.0,1356.6666259765625,978000,2026-10-08
2012-01-12,1069.7225341796875,1390.0,1400.0,1383.3333740234375,1388.3333740234375,731400,2026-10-08
2012-01-13,1068.440185546875,1388.3333740234375,1396.6666259765625,1370.0,1373.3333740234375,1185000,2026-10-08
2012-01-16,1040.2218017578125,1351.6666259765625,1375.0,1343.3333740234375,1373.3333740234375,897900,2026-10-08
2012-01-17,1077.4183349609375,1400.0,1403.3333740234375,1363.3333740234375,1363.3333740234375,861000,2026-10-08
2012-01-18,1113.332275390625,1446.6666259765625,1450.0,1410.0,1421.6666259765625,1266300,2026-10-08
2012-01-19,1147.9637451171875,1491.6666259765625,1495.0,1468.3333740234375,1483.3333740234375,1503900,2026-10-08
2012-01-20,1141.550048828125,1483.3333740234375,1506.6666259765625,1448.3333740234375,1496.6666259765625,1849500,2026-10-08
2012-01-23,1090.244873046875,1416.6666259765625,1448.3333740234375,1383.3333740234375,1446.6666259765625,2461800,2026-10-08
2012-01-24,1069.7225341796875,1390.0,1405.0,1355.0,1400.0,2215500,2026-10-08
2012-01-25,1095.3756103515625,1423.3333740234375,1425.0,1386.6666259765625,1390.0,1517100,2026-10-08
2012-01-26,1064.5916748046875,1383.3333740234375,1425.0,1378.3333740234375,1421.6666259765625,944100,2026-10-08
2012-01-27,1040.2218017578125,1351.6666259765625,1368.3333740234375,1341.6666259765625,1363.3333740234375,1396800,2026-10-08
2012-01-30,1028.6781005859375,1336.6666259765625,1363.3333740234375,1335.0,1340.0,1033800,2026-10-08
2012-01-31,1055.61328125,1371.6666259765625,1373.3333740234375,1326.6666259765625,1336.6666259765625,949800,2026-10-08
2012-02-01,1059.4613037109375,1376.6666259765625,1385.0,1350.0,1358.3333740234375,721500,2026-10-08
2012-02-02,1065.875,1385.0,1395.0,1376.6666259765625,1378.3333740234375,543000,2026-10-08
2012-02-03,1086.3966064453125,1411.6666259765625,1418.3333740234375,1376.6666259765625,1383.3333740234375,946500,2026-10-08
2012-02-06,1067.1572265625,1386.6666259765625,1431.6666259765625,1366.6666259765625,1423.3333740234375,1256700,2026-10-08
2012-02-07,1062.0267333984375,1380.0,1396.6666259765625,1365.0,1386.6666259765625,947100,2026-10-08
2012-02-08,1047.917236328125,1361.6666259765625,1376.6666259765625,1351.6666259765625,1373.3333740234375,1422000,2026-10-08
2012-02-09,1036.373779296875,1346.6666259765625,1348.3333740234375,1306.6666259765625,1333.3333740234375,2338800,2026-10-08
2012-02-10,1024.8299560546875,1331.6666259765625,1355.0,1321.6666259765625,1350.0,966300,2026-10-08
2012-02-13,1027.3956298828125,1335.0,1343.3333740234375,1330.0,1336.6666259765625,541200,2026-10-08
2012-02-14,1031.2431640625,1340.0,1345.0,1318.3333740234375,1338.3333740234375,679800,2026-10-08
2012-02-15,1059.4613037109375,1376.6666259765625,1380.0,1336.6666259765625,1346.6666259765625,1089000,2026-10-08
2012-02-16,1086.3966064453125,1411.6666259765625,1415.0,1366.6666259765625,1373.3333740234375,1448400,2026-10-08
2012-02-17,1090.244873046875,1416.6666259765625,1430.0,1406.6666259765625,1421.6666259765625,922200,2026-10-08
2012-02-20,1106.9190673828125,1438.3333740234375,1448.3333740234375,1428.3333740234375,1433.3333740234375,747300,2026-10-08
2012-02-21,1105.6363525390625,1436.6666259765625,1451.6666259765625,1428.3333740234375,1433.3333740234375,858000,2026-10-08
2012-02-22,1109.484375,1441.6666259765625,1445.0,1411.6666259765625,1436.6666259765625,876300,2026-10-08
2012-02-23,1131.2894287109375,1470.0,1475.0,1440.0,1453.3333740234375,922800,2026-10-08
2012-02-24,1147.9637451171875,1491.6666259765625,1508.3333740234375,1475.0,1483.3333740234375,1064700,2026-10-08
2012-02-27,1159.507080078125,1506.6666259765625,1540.0,1503.3333740234375,1515.0,1222200,2026-10-08
2012-02-28,1158.224609375,1505.0,1508.3333740234375,1456.6666259765625,1470.0,981900,2026-10-08
2012-02-29,1158.224609375,1505.0,1530.0,1496.6666259765625,1518.3333740234375,813600,2026-10-08
2012-03-01,1133.8546142578125,1473.3333740234375,1518.3333740234375,1466.6666259765625,1508.3333740234375,628200,2026-10-08
2012-03-02,1113.332275390625,1446.6666259765625,1490.0,1438.3333740234375,1483.3333740234375,1305000,2026-10-08
2012-03-05,1099.2232666015625,1428.3333740234375,1456.6666259765625,1421.6666259765625,1445.0,841800,2026-10-08
2012-03-06,1071.0052490234375,1391.6666259765625,1428.3333740234375,1381.6666259765625,1415.0,1077600,2026-10-08
2012-03-07,1082.549072265625,1406.6666259765625,1418.3333740234375,1383.3333740234375,1383.3333740234375,816900,2026-10-08
2012-03-08,1104.3538818359375,1435.0,1436.6666259765625,1423.3333740234375,1430.0,552600,2026-10-08
2012-03-09,1128.7239990234375,1466.6666259765625,1480.0,1458.3333740234375,1473.3333740234375,1164300,2026-10-08
2012-03-12,1127.441162109375,1465.0,1496.6666259765625,1453.3333740234375,1490.0,844500,2026-10-08
2012-03-13,1114.6148681640625,1448.3333740234375,1470.0,1443.3333740234375,1470.0,686100,2026-10-08
2012-03-14,1142.8331298828125,1485.0,1506.6666259765625,1476.6666259765625,1486.6666259765625,664800,2026-10-08
2012-03-15,1181.3123779296875,1535.0,1538.3333740234375,1486.6666259765625,1498.3333740234375,1167000,2026-10-08
2012-03-16,1233.900634765625,1603.3333740234375,1610.0,1535.0,1538.3333740234375,1957200,2026-10-08
2012-03-19,1215.9434814453125,1580.0,1608.3333740234375,1580.0,1603.3333740234375,740100,2026-10-08
2012-03-21,1212.0955810546875,1575.0,1613.3333740234375,1573.3333740234375,1585.0,964200,2026-10-08
2012-03-22,1203.116943359375,1563.3333740234375,1593.3333740234375,1561.6666259765625,1573.3333740234375,986100,2026-10-08
2012-03-23,1186.4427490234375,1541.6666259765625,1563.3333740234375,1541.6666259765625,1548.3333740234375,525600,2026-10-08
2012-03-26,1183.877685546875,1538.3333740234375,1548.3333740234375,1520.0,1541.6666259765625,841500,2026-10-08
2012-03-27,1199.2691650390625,1558.3333740234375,1590.0,1546.6666259765625,1585.0,735000,2026-10-08
2012-03-28,1235.072265625,1598.3333740234375,1598.3333740234375,1553.3333740234375,1560.0,660300,2026-10-08
2012-03-29,1200.2994384765625,1553.3333740234375,1586.6666259765625,1546.6666259765625,1585.0,695700,2026-10-08
2012-03-30,1178.4052734375,1525.0,1578.3333740234375,1523.3333740234375,1576.6666259765625,1018800,2026-10-08
2012-04-02,1183.55712890625,1531.6666259765625,1555.0,1523.3333740234375,1540.0,612900,2026-10-08
2012-04-03,1237.64794921875,1601.6666259765625,1626.6666259765625,1565.0,1566.6666259765625,2456100,2026-10-08
2012-04-04,1236.3599853515625,1600.0,1610.0,1590.0,1591.6666259765625,1153800,2026-10-08
2012-04-05,1238.9356689453125,1603.3333740234375,1605.0,1558.3333740234375,1585.0,1045500,2026-10-08
2012-04-06,1219.617919921875,1578.3333740234375,1608.3333740234375,1563.3333740234375,1600.0,677400,2026-10-08
2012-04-09,1210.60302734375,1566.6666259765625,1586.6666259765625,1545.0,1546.6666259765625,545400,2026-10-08
2012-04-10,1217.041748046875,1575.0,1606.6666259765625,1570.0,1571.6666259765625,797100,2026-10-08
2012-04-11,1215.754150390625,1573.3333740234375,1578.3333740234375,1550.0,1551.6666259765625,916200,2026-10-08
2012-04-12,1232.49609375,1595.0,1603.3333740234375,1568.3333740234375,1580.0,720000,2026-10-08
2012-04-13,1219.617919921875,1578.3333740234375,1623.3333740234375,1576.6666259765625,1600.0,981300,2026-10-08
2012-04-16,1199.0115966796875,1551.6666259765625,1570.0,1545.0,1561.6666259765625,715200,2026-10-08
2012-04-17,1169.3905029296875,1513.3333740234375,1560.0,1501.6666259765625,1551.6666259765625,1251600,2026-10-08
2012-04-18,1213.177978515625,1570.0,1573.3333740234375,1541.6666259765625,1548.3333740234375,575700,2026-10-08
2012-04-19,1224.7689208984375,1585.0,1596.6666259765625,1560.0,1561.6666259765625,403500,2026-10-08
2012-04-20,1235.072265625,1598.3333740234375,1618.3333740234375,1590.0,1606.6666259765625,925800,2026-10-08
2012-04-23,1210.60302734375,1566.6666259765625,1613.3333740234375,1565.0,1600.0,529500,2026-10-08
2012-04-24,1208.0264892578125,1563.3333740234375,1583.3333740234375,1555.0,1556.6666259765625,377100,2026-10-08
2012-04-25,1226.0567626953125,1586.6666259765625,1596.6666259765625,1580.0,1588.3333740234375,348600,2026-10-08
2012-04-26,1242.7994384765625,1608.3333740234375,1621.6666259765625,1600.0,1613.3333740234375,744600,2026-10-08
2012-04-27,1235.072265625,1598.3333740234375,1621.6666259765625,1586.6666259765625,1613.3333740234375,1011300,2026-10-08
2012-05-01,1192.572265625,1543.3333740234375,1603.3333740234375,1541.6666259765625,1596.6666259765625,694800,2026-10-08
2012-05-02,1218.3294677734375,1576.6666259765625,1586.6666259765625,1565.0,1570.0,978300,2026-10-08
2012-05-07,1182.26904296875,1530.0,1545.0,1523.3333740234375,1538.3333740234375,738600,2026-10-08
2012-05-08,1171.9661865234375,1516.6666259765625,1548.3333740234375,1510.0,1530.0,611700,2026-10-08
2012-05-09,1155.2236328125,1495.0,1505.0,1483.3333740234375,1493.3333740234375,956700,2026-10-08
2012-05-10,1155.2236328125,1495.0,1518.3333740234375,1485.0,1486.6666259765625,619800,2026-10-08
2012-05-11,1247.9508056640625,1615.0,1638.3333740234375,1585.0,1588.3333740234375,2460000,2026-10-08
2012-05-14,1274.9962158203125,1650.0,1650.0,1615.0,1628.3333740234375,1839600,2026-10-08
2012-05-15,1262.1175537109375,1633.3333740234375,1643.3333740234375,1593.3333740234375,1616.6666259765625,1350000,2026-10-08
2012-05-16,1250.52685546875,1618.3333740234375,1650.0,1603.3333740234375,1630.0,818100,2026-10-08
2012-05-17,1250.52685546875,1618.3333740234375,1630.0,1586.6666259765625,1616.6666259765625,1273200,2026-10-08
2012-05-18,1209.3145751953125,1565.0,1598.3333740234375,1558.3333740234375,1595.0,1145100,2026-10-08
2012-05-21,1188.7088623046875,1538.3333740234375,1561.6666259765625,1533.3333740234375,1550.0,794400,2026-10-08
2012-05-22,1200.2994384765625,1553.3333740234375,1571.6666259765625,1541.6666259765625,1550.0,477300,2026-10-08
2012-05-23,1161.6632080078125,1503.3333740234375,1553.3333740234375,1496.6666259765625,1553.3333740234375,824700,2026-10-08
2012-05-24,1138.4814453125,1473.3333740234375,1505.0,1438.3333740234375,1503.3333740234375,1707300,2026-10-08
2012-05-25,1084.3907470703125,1403.3333740234375,1463.3333740234375,1393.3333740234375,1455.0,2294100,2026-10-08
2012-05-28,1067.648193359375,1381.6666259765625,1413.3333740234375,1361.6666259765625,1411.6666259765625,1383900,2026-10-08
2012-05-29,1090.830078125,1411.6666259765625,1411.6666259765625,1366.6666259765625,1381.6666259765625,824100,2026-10-08
2012-05-30,1080.527099609375,1398.3333740234375,1403.3333740234375,1368.3333740234375,1388.3333740234375,866400,2026-10-08
2012-05-31,1077.951171875,1395.0,1396.6666259765625,1363.3333740234375,1381.6666259765625,862200,2026-10-08
2012-06-01,1032.8759765625,1336.6666259765625,1380.0,1316.6666259765625,1380.0,789600,2026-10-08
2012-06-04,1005.8301391601562,1301.6666259765625,1318.3333740234375,1283.3333740234375,1283.3333740234375,668100,2026-10-08
2012-06-05,1067.648193359375,1381.6666259765625,1386.6666259765625,1348.3333740234375,1355.0,1373700,2026-10-08
2012-06-06,1099.845458984375,1423.3333740234375,1431.6666259765625,1371.6666259765625,1401.6666259765625,1031100,2026-10-08
2012-06-07,1116.5877685546875,1445.0,1475.0,1440.0,1470.0,1325400,2026-10-08
2012-06-08,1110.1485595703125,1436.6666259765625,1460.0,1428.3333740234375,1455.0,1049700,2026-10-08
2012-06-11,1135.9058837890625,1470.0,1475.0,1446.6666259765625,1463.3333740234375,569700,2026-10-08
2012-06-12,1134.61767578125,1468.3333740234375,1475.0,1431.6666259765625,1433.3333740234375,559200,2026-10-08
2012-06-13,1155.2236328125,1495.0,1496.6666259765625,1468.3333740234375,1485.0,848100,2026-10-08
2012-06-14,1170.678466796875,1515.0,1525.0,1475.0,1486.6666259765625,1020000,2026-10-08
2012-06-15,1169.3905029296875,1513.3333740234375,1528.3333740234375,1493.3333740234375,1515.0,642300,2026-10-08
2012-06-18,1217.041748046875,1575.0,1576.6666259765625,1541.6666259765625,1545.0,763800,2026-10-08
2012-06-19,1197.7236328125,1550.0,1578.3333740234375,1546.6666259765625,1560.0,583200,2026-10-08
2012-06-20,1195.14794921875,1546.6666259765625,1566.6666259765625,1540.0,1563.3333740234375,393300,2026-10-08
2012-06-21,1196.4359130859375,1548.3333740234375,1563.3333740234375,1538.3333740234375,1551.6666259765625,419100,2026-10-08
2012-06-22,1179.6934814453125,1526.6666259765625,1530.0,1508.3333740234375,1526.6666259765625,939300,2026-10-08
2012-06-25,1141.05712890625,1476.6666259765625,1536.6666259765625,1468.3333740234375,1528.3333740234375,1018200,2026-10-08
2012-06-26,1111.43603515625,1438.3333740234375,1451.6666259765625,1421.6666259765625,1443.3333740234375,1244400,2026-10-08
2012-06-27,1123.0269775390625,1453.3333740234375,1471.6666259765625,1418.3333740234375,1446.6666259765625,797400,2026-10-08
2012-06-28,1134.61767578125,1468.3333740234375,1486.6666259765625,1451.6666259765625,1475.0,579900,2026-10-08
2012-06-29,1152.6483154296875,1491.6666259765625,1496.6666259765625,1440.0,1463.3333740234375,660300,2026-10-08
2012-07-02,1148.7841796875,1486.6666259765625,1525.0,1485.0,1525.0,375000,2026-10-08
2012-07-03,1153.93603515625,1493.3333740234375,1510.0,1486.6666259765625,1503.3333740234375,430200,2026-10-08
2012-07-04,1144.9208984375,1481.6666259765625,1510.0,1475.0,1510.0,415500,2026-10-08
2012-07-05,1147.496826171875,1485.0,1490.0,1471.6666259765625,1475.0,382200,2026-10-08
2012-07-06,1125.602783203125,1456.6666259765625,1486.6666259765625,1448.3333740234375,1486.6666259765625,757800,2026-10-08
2012-07-09,1093.4058837890625,1415.0,1440.0,1410.0,1436.6666259765625,660300,2026-10-08
2012-07-10,1088.7696533203125,1409.0,1433.3333740234375,1386.6666259765625,1426.6666259765625,681900,2026-10-08
2012-07-11,1074.0877685546875,1390.0,1418.3333740234375,1370.0,1403.3333740234375,973800,2026-10-08
2012-07-12,1052.1937255859375,1361.6666259765625,1371.6666259765625,1340.0,1366.6666259765625,1093500,2026-10-08
2012-07-13,1081.2998046875,1399.3333740234375,1403.3333740234375,1351.6666259765625,1351.6666259765625,748800,2026-10-08
2012-07-17,1061.209228515625,1373.3333740234375,1416.6666259765625,1366.6666259765625,1416.6666259765625,580200,2026-10-08
2012-07-18,1023.0877685546875,1324.0,1370.0,1318.3333740234375,1368.3333740234375,1137300,2026-10-08
2012-07-19,1061.7596435546875,1374.0460205078125,1390.0,1341.6666259765625,1348.3333740234375,889500,2026-10-08
2012-07-20,1047.0423583984375,1355.0,1388.3333740234375,1353.3333740234375,1383.3333740234375,448800,2026-10-08
2012-07-23,1032.1925048828125,1335.7825927734375,1351.6666259765625,1328.3333740234375,1336.6666259765625,298500,2026-10-08
2012-07-24,1027.6734619140625,1329.9344482421875,1345.0,1313.3333740234375,1328.3333740234375,369300,2026-10-08
2012-07-25,992.1788940429688,1284.0,1315.0,1270.0,1308.3333740234375,658800,2026-10-08
2012-07-26,1008.9212646484375,1305.6666259765625,1321.6666259765625,1276.6666259765625,1286.6666259765625,524100,2026-10-08
2012-07-27,1018.1243286132812,1317.57666015625,1360.0,1308.3333740234375,1360.0,1062600,2026-10-08
2012-07-30,1038.5423583984375,1344.0,1368.3333740234375,1333.3333740234375,1346.6666259765625,411000,2026-10-08
2012-07-31,1070.22412109375,1385.0,1390.0,1338.3333740234375,1343.3333740234375,743400,2026-10-08
2012-08-01,1053.4814453125,1363.3333740234375,1371.6666259765625,1350.0,1363.3333740234375,632700,2026-10-08
2012-08-02,1056.0576171875,1366.6666259765625,1376.6666259765625,1360.0,1363.3333740234375,469200,2026-10-08
2012-08-03,1035.4512939453125,1340.0,1356.6666259765625,1336.6666259765625,1351.6666259765625,396600,2026-10-08
2012-08-06,1060.69384765625,1372.6666259765625,1383.3333740234375,1365.0,1365.0,385800,2026-10-08
2012-08-07,1058.6334228515625,1370.0,1383.3333740234375,1363.3333740234375,1381.6666259765625,300600,2026-10-08
2012-08-08,1043.266845703125,1350.1143798828125,1408.3333740234375,1336.6666259765625,1398.3333740234375,1223700,2026-10-08
2012-08-09,1036.360107421875,1341.175537109375,1390.0,1303.3333740234375,1318.3333740234375,1640400,2026-10-08
2012-08-10,1020.3733520507812,1320.4866943359375,1335.0,1313.3333740234375,1316.6666259765625,1011000,2026-10-08
2012-08-13,1028.2608642578125,1330.6944580078125,1343.3333740234375,1326.6666259765625,1328.3333740234375,351300,2026-10-08
2012-08-14,1006.345703125,1302.3333740234375,1328.3333740234375,1266.6666259765625,1326.6666259765625,1741200,2026-10-08
2012-08-15,995.5275268554688,1288.3333740234375,1291.6666259765625,1246.6666259765625,1278.3333740234375,1256100,2026-10-08
2012-08-16,1008.1486206054688,1304.6666259765625,1310.0,1286.6666259765625,1288.3333740234375,790800,2026-10-08
2012-08-17,1034.6788330078125,1339.0,1341.6666259765625,1318.3333740234375,1326.6666259765625,648600,2026-10-08
2012-08-20,1040.3455810546875,1346.3333740234375,1373.3333740234375,1336.6666259765625,1361.6666259765625,581700,2026-10-08
2012-08-21,1032.6185302734375,1336.3333740234375,1346.6666259765625,1328.3333740234375,1345.0,410700,2026-10-08
2012-08-22,1014.845458984375,1313.3333740234375,1330.0,1306.6666259765625,1320.0,465600,2026-10-08
2012-08-23,1015.4927978515625,1314.1707763671875,1323.3333740234375,1293.3333740234375,1300.0,536400,2026-10-08
2012-08-24,1002.7396240234375,1297.6666259765625,1303.3333740234375,1290.0,1300.0,386700,2026-10-08
2012-08-27,996.8151245117188,1290.0,1310.0,1288.3333740234375,1300.0,457800,2026-10-08
2012-08-28,990.3760986328125,1281.6666259765625,1310.0,1275.0,1303.3333740234375,473700,2026-10-08
2012-08-29,1012.269287109375,1310.0,1315.0,1283.3333740234375,1288.3333740234375,519000,2026-10-08
2012-08-30,1004.5424194335938,1300.0,1328.3333740234375,1295.0,1325.0,632700,2026-10-08
2012-08-31,999.3909301757812,1293.3333740234375,1305.0,1286.6666259765625,1288.3333740234375,583800,2026-10-08
2012-09-03,991.6636962890625,1283.3333740234375,1298.3333740234375,1261.6666259765625,1293.3333740234375,556500,2026-10-08
2012-09-04,1001.966796875,1296.6666259765625,1301.6666259765625,1278.3333740234375,1280.0,516300,2026-10-08
2012-09-05,978.7848510742188,1266.6666259765625,1293.3333740234375,1261.6666259765625,1293.3333740234375,452100,2026-10-08
2012-09-06,981.360595703125,1270.0,1275.0,1228.3333740234375,1266.6666259765625,646800,2026-10-08
2012-09-07,1018.709228515625,1318.3333740234375,1318.3333740234375,1291.6666259765625,1306.6666259765625,740700,2026-10-08
2012-09-10,1000.6788330078125,1295.0,1320.0,1285.0,1320.0,356400,2026-10-08
2012-09-11,967.1941528320312,1251.6666259765625,1268.3333740234375,1243.3333740234375,1266.6666259765625,677700,2026-10-08
2012-09-12,971.0579223632812,1256.6666259765625,1275.0,1248.3333740234375,1251.6666259765625,521400,2026-10-08
2012-09-13,968.4819946289062,1253.3333740234375,1270.0,1250.0,1258.3333740234375,318000,2026-10-08
2012-09-14,996.8151245117188,1290.0,1298.3333740234375,1271.6666259765625,1276.6666259765625,691500,2026-10-08
2012-09-18,1019.9969482421875,1320.0,1338.3333740234375,1300.0,1313.3333740234375,666900,2026-10-08
2012-09-19,1019.9969482421875,1320.0,1331.6666259765625,1301.6666259765625,1320.0,528600,2026-10-08
2012-09-20,981.360595703125,1270.0,1313.3333740234375,1270.0,1308.3333740234375,582000,2026-10-08
2012-09-21,981.360595703125,1270.0,1290.0,1266.6666259765625,1271.6666259765625,820800,2026-10-08
2012-09-24,985.2245483398438,1275.0,1278.3333740234375,1266.6666259765625,1270.0,326700,2026-10-08
2012-09-25,1003.25439453125,1298.3333740234375,1300.0,1268.3333740234375,1280.0,599400,2026-10-08
2012-09-26,996.7481689453125,1276.6666259765625,1290.0,1271.6666259765625,1280.0,535200,2026-10-08
2012-09-27,979.8319091796875,1255.0,1295.0,1250.0,1270.0,767700,2026-10-08
2012-09-28,978.5310668945312,1253.3333740234375,1270.0,1248.3333740234375,1255.0,490200,2026-10-08
2012-10-01,962.916259765625,1233.3333740234375,1243.3333740234375,1218.3333740234375,1241.6666259765625,447300,2026-10-08
2012-10-02,965.5187377929688,1236.6666259765625,1258.3333740234375,1230.0,1240.0,575100,2026-10-08
2012-10-03,917.3731689453125,1175.0,1220.0,1175.0,1218.3333740234375,837900,2026-10-08
2012-10-04,931.6864624023438,1193.3333740234375,1195.0,1153.3333740234375,1178.3333740234375,660000,2026-10-08
2012-10-05,913.4692993164062,1170.0,1193.3333740234375,1160.0,1193.3333740234375,843300,2026-10-08
2012-10-09,912.1680297851562,1168.3333740234375,1170.0,1158.3333740234375,1170.0,571200,2026-10-08
2012-10-10,891.3479614257812,1141.6666259765625,1173.3333740234375,1140.0,1150.0,966900,2026-10-08
2012-10-11,909.5653686523438,1165.0,1190.0,1126.6666259765625,1130.0,889800,2026-10-08
2012-10-12,919.9754638671875,1178.3333740234375,1196.6666259765625,1166.6666259765625,1173.3333740234375,483300,2026-10-08
2012-10-15,940.7954711914062,1205.0,1206.6666259765625,1173.3333740234375,1178.3333740234375,551100,2026-10-08
2012-10-16,939.4937133789062,1203.3333740234375,1221.6666259765625,1196.6666259765625,1211.6666259765625,554100,2026-10-08
2012-10-17,952.506591796875,1220.0,1221.6666259765625,1195.0,1213.3333740234375,610500,2026-10-08
2012-10-18,990.2421264648438,1268.3333740234375,1270.0,1228.3333740234375,1230.0,793500,2026-10-08
2012-10-19,1003.2545776367188,1285.0,1288.3333740234375,1255.0,1260.0,707100,2026-10-08
2012-10-22,1003.2545776367188,1285.0,1288.3333740234375,1253.3333740234375,1280.0,479400,2026-10-08
2012-10-23,1001.9532470703125,1283.3333740234375,1298.3333740234375,1271.6666259765625,1296.6666259765625,367500,2026-10-08
2012-10-24,982.4348754882812,1258.3333740234375,1266.6666259765625,1238.3333740234375,1260.0,633600,2026-10-08
2012-10-25,979.8319091796875,1255.0,1255.0,1223.3333740234375,1246.6666259765625,668400,2026-10-08
2012-10-26,987.6397705078125,1265.0,1286.6666259765625,1255.0,1281.6666259765625,944400,2026-10-08
2012-10-29,999.35107421875,1280.0,1285.0,1265.0,1275.0,577800,2026-10-08
2012-10-30,996.7481689453125,1276.6666259765625,1298.3333740234375,1273.3333740234375,1281.6666259765625,831600,2026-10-08
2012-10-31,1024.0745849609375,1311.6666259765625,1318.3333740234375,1286.6666259765625,1286.6666259765625,705600,2026-10-08
2012-11-01,1042.2919921875,1335.0,1338.3333740234375,1301.6666259765625,1323.3333740234375,739500,2026-10-08
2012-11-02,1056.60546875,1353.3333740234375,1373.3333740234375,1350.0,1350.0,852600,2026-10-08
2012-11-05,1063.1114501953125,1361.6666259765625,1368.3333740234375,1348.3333740234375,1348.3333740234375,595200,2026-10-08
2012-11-06,1009.7608032226562,1293.3333740234375,1348.3333740234375,1293.3333740234375,1343.3333740234375,866400,2026-10-08
2012-11-07,1021.47216796875,1308.3333740234375,1333.3333740234375,1303.3333740234375,1325.0,795300,2026-10-08
2012-11-08,982.4348754882812,1258.3333740234375,1298.3333740234375,1255.0,1298.3333740234375,974700,2026-10-08
2012-11-09,1040.9903564453125,1333.3333740234375,1338.3333740234375,1301.6666259765625,1308.3333740234375,2117700,2026-10-08
2012-11-12,1013.664306640625,1298.3333740234375,1316.6666259765625,1293.3333740234375,1315.0,664200,2026-10-08
2012-11-13,1029.2794189453125,1318.3333740234375,1318.3333740234375,1290.0,1290.0,505200,2026-10-08
2012-11-14,1025.375732421875,1313.3333740234375,1323.3333740234375,1305.0,1316.6666259765625,294900,2026-10-08
2012-11-15,1052.7015380859375,1348.3333740234375,1348.3333740234375,1301.6666259765625,1311.6666259765625,406200,2026-10-08
2012-11-16,1081.3289794921875,1385.0,1391.6666259765625,1355.0,1363.3333740234375,700500,2026-10-08
2012-11-19,1093.039794921875,1400.0,1411.6666259765625,1385.0,1403.3333740234375,640800,2026-10-08
2012-11-20,1087.8349609375,1393.3333740234375,1411.6666259765625,1386.6666259765625,1411.6666259765625,535800,2026-10-08
2012-11-21,1091.73876953125,1398.3333740234375,1416.6666259765625,1388.3333740234375,1405.0,432600,2026-10-08
2012-11-22,1126.8720703125,1443.3333740234375,1445.0,1410.0,1416.6666259765625,709800,2026-10-08
2012-11-26,1113.85986328125,1426.6666259765625,1483.3333740234375,1425.0,1466.6666259765625,765300,2026-10-08
2012-11-27,1120.365966796875,1435.0,1436.6666259765625,1395.0,1411.6666259765625,992700,2026-10-08
2012-11-28,1099.546142578125,1408.3333740234375,1421.6666259765625,1403.3333740234375,1418.3333740234375,332100,2026-10-08
2012-11-29,1107.3538818359375,1418.3333740234375,1431.6666259765625,1411.6666259765625,1425.0,445200,2026-10-08
2012-11-30,1141.1856689453125,1461.6666259765625,1465.0,1420.0,1430.0,556200,2026-10-08
2012-12-03,1130.776123046875,1448.3333740234375,1468.3333740234375,1441.6666259765625,1468.3333740234375,465900,2026-10-08
2012-12-04,1141.1856689453125,1461.6666259765625,1471.6666259765625,1446.6666259765625,1450.0,683100,2026-10-08
2012-12-05,1141.1856689453125,1461.6666259765625,1473.3333740234375,1446.6666259765625,1456.6666259765625,541800,2026-10-08
2012-12-06,1151.595947265625,1475.0,1481.6666259765625,1460.0,1468.3333740234375,475800,2026-10-08
2012-12-07,1145.08984375,1466.6666259765625,1475.0,1463.3333740234375,1468.3333740234375,340500,2026-10-08
2012-12-10,1145.08984375,1466.6666259765625,1483.3333740234375,1460.0,1466.6666259765625,396000,2026-10-08
2012-12-11,1139.8848876953125,1460.0,1478.3333740234375,1448.3333740234375,1478.3333740234375,382500,2026-10-08
2012-12-12,1145.08984375,1466.6666259765625,1468.3333740234375,1455.0,1466.6666259765625,452700,2026-10-08
2012-12-13,1165.909423828125,1493.3333740234375,1496.6666259765625,1465.0,1466.6666259765625,695400,2026-10-08
2012-12-14,1151.595947265625,1475.0,1486.6666259765625,1448.3333740234375,1483.3333740234375,960300,2026-10-08
2012-12-17,1154.1982421875,1478.3333740234375,1498.3333740234375,1470.0,1495.0,406500,2026-10-08
2012-12-18,1121.66748046875,1436.6666259765625,1456.6666259765625,1396.6666259765625,1455.0,1192200,2026-10-08
2012-12-19,1132.0771484375,1450.0,1455.0,1428.3333740234375,1453.3333740234375,741300,2026-10-08
2012-12-20,1111.257568359375,1423.3333740234375,1448.3333740234375,1416.6666259765625,1435.0,790200,2026-10-08
2012-12-21,1113.85986328125,1426.6666259765625,1450.0,1411.6666259765625,1423.3333740234375,657300,2026-10-08
2012-12-25,1125.5709228515625,1441.6666259765625,1461.6666259765625,1435.0,1435.0,438300,2026-10-08
2012-12-26,1139.8848876953125,1460.0,1461.6666259765625,1445.0,1458.3333740234375,342000,2026-10-08
2012-12-27,1156.80078125,1481.6666259765625,1491.6666259765625,1466.6666259765625,1470.0,362700,2026-10-08
2012-12-28,1164.6083984375,1491.6666259765625,1498.3333740234375,1483.3333740234375,1485.0,416400,2026-10-08
2013-01-04,1224.4649658203125,1568.3333740234375,1571.6666259765625,1535.0,1546.6666259765625,738600,2026-10-08
2013-01-07,1221.862548828125,1565.0,1596.6666259765625,1558.3333740234375,1596.6666259765625,498300,2026-10-08
2013-01-08,1201.0430908203125,1538.3333740234375,1550.0,1505.0,1550.0,703200,2026-10-08
2013-01-09,1195.837890625,1531.6666259765625,1541.6666259765625,1495.0,1511.6666259765625,585300,2026-10-08
2013-01-10,1215.356201171875,1556.6666259765625,1565.0,1528.3333740234375,1528.3333740234375,489600,2026-10-08
2013-01-11,1207.5489501953125,1546.6666259765625,1583.3333740234375,1541.6666259765625,1571.6666259765625,510600,2026-10-08
2013-01-15,1194.5364990234375,1530.0,1563.3333740234375,1521.6666259765625,1560.0,641700,2026-10-08
2013-01-16,1199.74169921875,1536.6666259765625,1573.3333740234375,1530.0,1540.0,951000,2026-10-08
2013-01-17,1220.5611572265625,1563.3333740234375,1578.3333740234375,1540.0,1560.0,1030500,2026-10-08
2013-01-18,1306.4432373046875,1673.3333740234375,1676.6666259765625,1596.6666259765625,1601.6666259765625,1729200,2026-10-08
2013-01-21,1298.635498046875,1663.3333740234375,1670.0,1638.3333740234375,1670.0,684600,2026-10-08
2013-01-22,1299.937255859375,1665.0,1676.6666259765625,1640.0,1661.6666259765625,806100,2026-10-08
2013-01-23,1266.104736328125,1621.6666259765625,1661.6666259765625,1616.6666259765625,1653.3333740234375,676800,2026-10-08
2013-01-24,1255.69482421875,1608.3333740234375,1633.3333740234375,1593.3333740234375,1603.3333740234375,786000,2026-10-08
2013-01-25,1340.2755126953125,1716.6666259765625,1720.0,1661.6666259765625,1666.6666259765625,1115100,2026-10-08
2013-01-28,1332.4677734375,1706.6666259765625,1756.6666259765625,1703.3333740234375,1753.3333740234375,740700,2026-10-08
2013-01-29,1322.057861328125,1693.3333740234375,1720.0,1680.0,1686.6666259765625,451200,2026-10-08
2013-01-30,1306.4432373046875,1673.3333740234375,1706.6666259765625,1670.0,1680.0,986400,2026-10-08
2013-01-31,1309.0455322265625,1676.6666259765625,1680.0,1658.3333740234375,1673.3333740234375,743100,2026-10-08
2013-02-01,1306.4432373046875,1673.3333740234375,1686.6666259765625,1655.0,1676.6666259765625,556200,2026-10-08
2013-02-04,1327.26318359375,1700.0,1710.0,1683.3333740234375,1693.3333740234375,335100,2026-10-08
2013-02-05,1311.6483154296875,1680.0,1693.3333740234375,1666.6666259765625,1680.0,602400,2026-10-08
2013-02-06,1329.8653564453125,1703.3333740234375,1723.3333740234375,1696.6666259765625,1703.3333740234375,535500,2026-10-08
2013-02-07,1327.26318359375,1700.0,1716.6666259765625,1683.3333740234375,1686.6666259765625,485100,2026-10-08
2013-02-08,1311.6483154296875,1680.0,1710.0,1676.6666259765625,1710.0,516000,2026-10-08
2013-02-12,1368.9024658203125,1753.3333740234375,1806.6666259765625,1733.3333740234375,1740.0,957900,2026-10-08
2013-02-13,1361.0950927734375,1743.3333740234375,1763.3333740234375,1713.3333740234375,1753.3333740234375,744600,2026-10-08
2013-02-14,1392.324951171875,1783.3333740234375,1810.0,1750.0,1753.3333740234375,738600,2026-10-08
2013-02-15,1387.119873046875,1776.6666259765625,1776.6666259765625,1740.0,1760.0,667800,2026-10-08
2013-02-18,1392.324951171875,1783.3333740234375,1800.0,1776.6666259765625,1796.6666259765625,438600,2026-10-08
2013-02-19,1384.5174560546875,1773.3333740234375,1776.6666259765625,1740.0,1766.6666259765625,447000,2026-10-08
2013-02-20,1392.324951171875,1783.3333740234375,1790.0,1760.0,1776.6666259765625,390300,2026-10-08
2013-02-21,1392.324951171875,1783.3333740234375,1790.0,1770.0,1783.3333740234375,292200,2026-10-08
2013-02-22,1376.7098388671875,1763.3333740234375,1776.6666259765625,1746.6666259765625,1773.3333740234375,681600,2026-10-08
2013-02-25,1376.7098388671875,1763.3333740234375,1796.6666259765625,1753.3333740234375,1790.0,380400,2026-10-08
2013-02-26,1368.9024658203125,1753.3333740234375,1776.6666259765625,1720.0,1726.6666259765625,522300,2026-10-08
2013-02-27,1350.6851806640625,1730.0,1756.6666259765625,1726.6666259765625,1753.3333740234375,963900,2026-10-08
2013-02-28,1381.914794921875,1770.0,1773.3333740234375,1736.6666259765625,1736.6666259765625,454200,2026-10-08
2013-03-01,1381.914794921875,1770.0,1776.6666259765625,1746.6666259765625,1766.6666259765625,415200,2026-10-08
2013-03-04,1374.107177734375,1760.0,1776.6666259765625,1750.0,1770.0,201900,2026-10-08
2013-03-05,1376.7098388671875,1763.3333740234375,1780.0,1756.6666259765625,1760.0,268500,2026-10-08
2013-03-06,1418.349609375,1816.6666259765625,1840.0,1800.0,1800.0,947100,2026-10-08
2013-03-07,1428.7593994140625,1830.0,1846.6666259765625,1816.6666259765625,1816.6666259765625,517200,2026-10-08
2013-03-08,1483.4114990234375,1900.0,1916.6666259765625,1870.0,1870.0,913200,2026-10-08
2013-03-11,1462.59130859375,1873.3333740234375,1923.3333740234375,1863.3333740234375,1920.0,636300,2026-10-08
2013-03-12,1444.374755859375,1850.0,1876.6666259765625,1846.6666259765625,1873.3333740234375,629100,2026-10-08
2013-03-13,1415.74755859375,1813.3333740234375,1850.0,1813.3333740234375,1833.3333740234375,517800,2026-10-08
2013-03-14,1433.96435546875,1836.6666259765625,1850.0,1816.6666259765625,1820.0,416400,2026-10-08
2013-03-15,1470.399169921875,1883.3333740234375,1893.3333740234375,1846.6666259765625,1846.6666259765625,758400,2026-10-08
2013-03-18,1444.374755859375,1850.0,1873.3333740234375,1840.0,1873.3333740234375,429600,2026-10-08
2013-03-19,1457.3863525390625,1866.6666259765625,1880.0,1856.6666259765625,1866.6666259765625,266400,2026-10-08
2013-03-21,1454.7840576171875,1863.3333740234375,1873.3333740234375,1846.6666259765625,1870.0,417900,2026-10-08
2013-03-22,1418.349609375,1816.6666259765625,1840.0,1816.6666259765625,1833.3333740234375,392700,2026-10-08
2013-03-25,1423.5543212890625,1823.3333740234375,1836.6666259765625,1810.0,1830.0,227700,2026-10-08
2013-03-26,1428.7593994140625,1830.0,1833.3333740234375,1810.0,1823.3333740234375,273000,2026-10-08
2013-03-27,1419.88525390625,1813.3333740234375,1830.0,1793.3333740234375,1830.0,405300,2026-10-08
2013-03-28,1393.7840576171875,1780.0,1803.3333740234375,1760.0,1796.6666259765625,309300,2026-10-08
2013-03-29,1388.5638427734375,1773.3333740234375,1790.0,1760.0,1770.0,447300,2026-10-08
2013-04-01,1367.6834716796875,1746.6666259765625,1783.3333740234375,1743.3333740234375,1756.6666259765625,234000,2026-10-08
2013-04-02,1417.275146484375,1810.0,1840.0,1763.3333740234375,1780.0,927900,2026-10-08
2013-04-03,1419.88525390625,1813.3333740234375,1830.0,1776.6666259765625,1823.3333740234375,433500,2026-10-08
2013-04-04,1422.495361328125,1816.6666259765625,1816.6666259765625,1763.3333740234375,1780.0,476700,2026-10-08
2013-04-05,1466.86669921875,1873.3333740234375,1910.0,1863.3333740234375,1890.0,795300,2026-10-08
2013-04-08,1477.3072509765625,1886.6666259765625,1923.3333740234375,1866.6666259765625,1916.6666259765625,560100,2026-10-08
2013-04-09,1464.25634765625,1870.0,1916.6666259765625,1853.3333740234375,1890.0,487800,2026-10-08
2013-04-10,1495.5775146484375,1910.0,1920.0,1876.6666259765625,1876.6666259765625,657300,2026-10-08
2013-04-11,1539.9488525390625,1966.6666259765625,1966.6666259765625,1920.0,1930.0,532200,2026-10-08
2013-04-12,1542.55908203125,1970.0,1970.0,1933.3333740234375,1970.0,510900,2026-10-08
2013-04-15,1508.6279296875,1926.6666259765625,1956.6666259765625,1903.3333740234375,1956.6666259765625,375000,2026-10-08
2013-04-16,1482.5274658203125,1893.3333740234375,1946.6666259765625,1876.6666259765625,1893.3333740234375,682500,2026-10-08
2013-04-17,1539.9488525390625,1966.6666259765625,2000.0,1946.6666259765625,1973.3333740234375,796800,2026-10-08
2013-04-18,1511.238525390625,1930.0,1956.6666259765625,1923.3333740234375,1953.3333740234375,380700,2026-10-08
2013-04-19,1508.6279296875,1926.6666259765625,1950.0,1910.0,1930.0,534600,2026-10-08
2013-04-22,1532.1187744140625,1956.6666259765625,1976.6666259765625,1950.0,1960.0,310800,2026-10-08
2013-04-23,1576.4898681640625,2013.3333740234375,2016.6666259765625,1976.6666259765625,1990.0,655500,2026-10-08
2013-04-24,1649.5723876953125,2106.666748046875,2110.0,2046.6666259765625,2050.0,883500,2026-10-08
2013-04-25,1626.0819091796875,2076.666748046875,2110.0,2073.333251953125,2100.0,387600,2026-10-08
2013-04-26,1618.251708984375,2066.666748046875,2100.0,2046.6666259765625,2096.666748046875,393900,2026-10-08
2013-04-30,1641.7421875,2096.666748046875,2096.666748046875,2073.333251953125,2096.666748046875,405000,2026-10-08
2013-05-01,1607.81103515625,2053.333251953125,2086.666748046875,2050.0,2083.333251953125,371400,2026-10-08
2013-05-02,1602.5906982421875,2046.6666259765625,2083.333251953125,2040.0,2050.0,415500,2026-10-08
2013-05-07,1646.9620361328125,2103.333251953125,2110.0,2083.333251953125,2090.0,460500,2026-10-08
2013-05-08,1641.7421875,2096.666748046875,2156.666748046875,2096.666748046875,2113.333251953125,790200,2026-10-08
2013-05-09,1620.861572265625,2070.0,2133.333251953125,2066.666748046875,2110.0,359100,2026-10-08
2013-05-10,1720.0447998046875,2196.666748046875,2250.0,2183.333251953125,2200.0,1068600,2026-10-08
2013-05-13,1725.2650146484375,2203.333251953125,2233.333251953125,2186.666748046875,2230.0,500100,2026-10-08
2013-05-14,1751.36572265625,2236.666748046875,2256.666748046875,2210.0,2220.0,518700,2026-10-08
2013-05-15,1795.737060546875,2293.333251953125,2293.333251953125,2263.333251953125,2270.0,492600,2026-10-08
2013-05-16,1787.906494140625,2283.333251953125,2330.0,2246.666748046875,2323.333251953125,631800,2026-10-08
2013-05-17,1774.8564453125,2266.666748046875,2280.0,2240.0,2260.0,460200,2026-10-08
2013-05-20,1808.787353515625,2310.0,2316.666748046875,2270.0,2270.0,331500,2026-10-08
2013-05-21,1827.0582275390625,2333.333251953125,2346.666748046875,2286.666748046875,2300.0,444000,2026-10-08
2013-05-22,1845.32861328125,2356.666748046875,2373.333251953125,2313.333251953125,2350.0,577800,2026-10-08
2013-05-23,1709.604248046875,2183.333251953125,2366.666748046875,2183.333251953125,2356.666748046875,798000,2026-10-08
2013-05-24,1722.65478515625,2200.0,2266.666748046875,2146.666748046875,2220.0,934200,2026-10-08
2013-05-27,1667.8427734375,2130.0,2200.0,2110.0,2200.0,435300,2026-10-08
2013-05-28,1727.8746337890625,2206.666748046875,2220.0,2103.333251953125,2110.0,518400,2026-10-08
2013-05-29,1800.95703125,2300.0,2320.0,2216.666748046875,2250.0,1008600,2026-10-08
2013-05-30,1738.3154296875,2220.0,2286.666748046875,2203.333251953125,2286.666748046875,1070100,2026-10-08
2013-05-31,1764.415771484375,2253.333251953125,2296.666748046875,2236.666748046875,2253.333251953125,624300,2026-10-08
2013-06-03,1699.1640625,2170.0,2233.333251953125,2166.666748046875,2230.0,456000,2026-10-08
2013-06-04,1701.7742919921875,2173.333251953125,2176.666748046875,2103.333251953125,2136.666748046875,616200,2026-10-08
2013-06-05,1675.67333984375,2140.0,2200.0,2140.0,2160.0,538500,2026-10-08
2013-06-06,1626.0819091796875,2076.666748046875,2156.666748046875,2060.0,2083.333251953125,865800,2026-10-08
2013-06-07,1589.5406494140625,2030.0,2063.333251953125,1986.6666259765625,2050.0,565800,2026-10-08
2013-06-10,1691.333984375,2160.0,2160.0,2093.333251953125,2100.0,875400,2026-10-08
2013-06-11,1652.1827392578125,2110.0,2140.0,2090.0,2103.333251953125,438600,2026-10-08
2013-06-12,1675.67333984375,2140.0,2156.666748046875,2056.666748046875,2076.666748046875,453900,2026-10-08
2013-06-13,1620.861572265625,2070.0,2123.333251953125,2050.0,2106.666748046875,575100,2026-10-08
2013-06-14,1626.0819091796875,2076.666748046875,2133.333251953125,2076.666748046875,2116.666748046875,526500,2026-10-08
2013-06-17,1691.333984375,2160.0,2160.0,2050.0,2050.0,446100,2026-10-08
2013-06-18,1693.94384765625,2163.333251953125,2186.666748046875,2140.0,2146.666748046875,351000,2026-10-08
2013-06-19,1717.4345703125,2193.333251953125,2226.666748046875,2176.666748046875,2206.666748046875,393300,2026-10-08
2013-06-20,1709.604248046875,2183.333251953125,2196.666748046875,2160.0,2196.666748046875,295800,2026-10-08
2013-06-21,1722.65478515625,2200.0,2210.0,2113.333251953125,2136.666748046875,695400,2026-10-08
2013-06-24,1727.8746337890625,2206.666748046875,2253.333251953125,2166.666748046875,2250.0,384600,2026-10-08
2013-06-25,1701.7742919921875,2173.333251953125,2210.0,2136.666748046875,2190.0,341400,2026-10-08
2013-06-26,1673.0634765625,2136.666748046875,2203.333251953125,2133.333251953125,2190.0,219900,2026-10-08
2013-06-27,1720.0447998046875,2196.666748046875,2200.0,2120.0,2163.333251953125,365700,2026-10-08
2013-06-28,1787.906494140625,2283.333251953125,2306.666748046875,2213.333251953125,2220.0,707100,2026-10-08
2013-07-01,1790.5169677734375,2286.666748046875,2293.333251953125,2250.0,2286.666748046875,327900,2026-10-08
2013-07-02,1790.5169677734375,2286.666748046875,2303.333251953125,2253.333251953125,2300.0,489900,2026-10-08
2013-07-03,1748.755615234375,2233.333251953125,2283.333251953125,2230.0,2283.333251953125,454800,2026-10-08
2013-07-04,1712.2144775390625,2186.666748046875,2243.333251953125,2180.0,2200.0,616800,2026-10-08
2013-07-05,1751.36572265625,2236.666748046875,2243.333251953125,2206.666748046875,2230.0,415800,2026-10-08
2013-07-08,1727.8746337890625,2206.666748046875,2260.0,2206.666748046875,2243.333251953125,324900,2026-10-08
2013-07-09,1722.65478515625,2200.0,2223.333251953125,2160.0,2213.333251953125,657000,2026-10-08
2013-07-10,1727.8746337890625,2206.666748046875,2243.333251953125,2186.666748046875,2193.333251953125,570900,2026-10-08
2013-07-11,1704.38427734375,2176.666748046875,2220.0,2163.333251953125,2200.0,966300,2026-10-08
2013-07-12,1706.9945068359375,2180.0,2223.333251953125,2170.0,2183.333251953125,721800,2026-10-08
2013-07-16,1722.65478515625,2200.0,2213.333251953125,2180.0,2180.0,813300,2026-10-08
2013-07-17,1717.4345703125,2193.333251953125,2203.333251953125,2176.666748046875,2203.333251953125,430800,2026-10-08
2013-07-18,1727.8746337890625,2206.666748046875,2213.333251953125,2190.0,2213.333251953125,2445600,2026-10-08
2013-07-19,1618.251708984375,2066.666748046875,2206.666748046875,2056.666748046875,2200.0,1665900,2026-10-08
2013-07-22,1566.0498046875,2000.0,2086.666748046875,1966.6666259765625,2083.333251953125,1633800,2026-10-08
2013-07-23,1526.8983154296875,1950.0,1980.0,1903.3333740234375,1976.6666259765625,3084300,2026-10-08
2013-07-24,1547.779296875,1976.6666259765625,1980.0,1920.0,1960.0,1574400,2026-10-08
2013-07-25,1560.8297119140625,1993.3333740234375,2043.3333740234375,1976.6666259765625,1976.6666259765625,1204500,2026-10-08
2013-07-26,1537.3388671875,1963.3333740234375,1976.6666259765625,1923.3333740234375,1943.3333740234375,892800,2026-10-08
2013-07-29,1498.1876220703125,1913.3333740234375,1953.3333740234375,1910.0,1933.3333740234375,755400,2026-10-08
2013-07-30,1500.7974853515625,1916.6666259765625,1923.3333740234375,1886.6666259765625,1886.6666259765625,454800,2026-10-08
2013-07-31,1513.848388671875,1933.3333740234375,1960.0,1906.6666259765625,1916.6666259765625,608700,2026-10-08
2013-08-01,1508.6279296875,1926.6666259765625,1930.0,1880.0,1916.6666259765625,614100,2026-10-08
2013-08-02,1526.8983154296875,1950.0,1963.3333740234375,1930.0,1960.0,717600,2026-10-08
2013-08-05,1532.1187744140625,1956.6666259765625,2010.0,1940.0,1950.0,627300,2026-10-08
2013-08-06,1545.16943359375,1973.3333740234375,1990.0,1936.6666259765625,1990.0,425700,2026-10-08
2013-08-07,1495.5775146484375,1910.0,1943.3333740234375,1903.3333740234375,1933.3333740234375,438900,2026-10-08
2013-08-08,1464.25634765625,1870.0,1923.3333740234375,1866.6666259765625,1900.0,468000,2026-10-08
2013-08-09,1440.76611328125,1840.0,1906.6666259765625,1730.0,1900.0,2640900,2026-10-08
2013-08-12,1438.155517578125,1836.6666259765625,1836.6666259765625,1796.6666259765625,1820.0,1022100,2026-10-08
2013-08-13,1466.86669921875,1873.3333740234375,1873.3333740234375,1830.0,1853.3333740234375,543000,2026-10-08
2013-08-14,1453.8162841796875,1856.6666259765625,1903.3333740234375,1833.3333740234375,1896.6666259765625,1256100,2026-10-08
2013-08-15,1399.0047607421875,1786.6666259765625,1846.6666259765625,1773.3333740234375,1830.0,876600,2026-10-08
2013-08-16,1404.224853515625,1793.3333740234375,1823.3333740234375,1753.3333740234375,1753.3333740234375,803100,2026-10-08
2013-08-19,1464.25634765625,1870.0,1873.3333740234375,1803.3333740234375,1810.0,729300,2026-10-08
2013-08-20,1453.8162841796875,1856.6666259765625,1866.6666259765625,1836.6666259765625,1860.0,851700,2026-10-08
2013-08-21,1500.7974853515625,1916.6666259765625,1940.0,1880.0,1913.3333740234375,1422300,2026-10-08
2013-08-22,1477.3072509765625,1886.6666259765625,1900.0,1856.6666259765625,1896.6666259765625,706800,2026-10-08
2013-08-23,1526.8983154296875,1950.0,1963.3333740234375,1923.3333740234375,1923.3333740234375,928500,2026-10-08
2013-08-26,1547.779296875,1976.6666259765625,1996.6666259765625,1966.6666259765625,1976.6666259765625,710700,2026-10-08
2013-08-27,1532.1187744140625,1956.6666259765625,1976.6666259765625,1946.6666259765625,1963.3333740234375,435600,2026-10-08
2013-08-28,1513.848388671875,1933.3333740234375,1946.6666259765625,1910.0,1923.3333740234375,517500,2026-10-08
2013-08-29,1516.4581298828125,1936.6666259765625,1946.6666259765625,1920.0,1936.6666259765625,369300,2026-10-08
2013-08-30,1511.238525390625,1930.0,1956.6666259765625,1920.0,1940.0,406500,2026-10-08
2013-09-02,1500.7974853515625,1916.6666259765625,1943.3333740234375,1903.3333740234375,1943.3333740234375,344100,2026-10-08
2013-09-03,1547.779296875,1976.6666259765625,1980.0,1950.0,1950.0,444900,2026-10-08
2013-09-04,1529.508544921875,1953.3333740234375,1973.3333740234375,1933.3333740234375,1973.3333740234375,584700,2026-10-08
2013-09-05,1524.2882080078125,1946.6666259765625,1976.6666259765625,1933.3333740234375,1953.3333740234375,753300,2026-10-08
2013-09-06,1516.4581298828125,1936.6666259765625,1953.3333740234375,1923.3333740234375,1943.3333740234375,706200,2026-10-08
2013-09-09,1513.848388671875,1933.3333740234375,1973.3333740234375,1886.6666259765625,1963.3333740234375,664800,2026-10-08
2013-09-10,1529.508544921875,1953.3333740234375,1966.6666259765625,1940.0,1966.6666259765625,406500,2026-10-08
2013-09-11,1459.036376953125,1863.3333740234375,1956.6666259765625,1853.3333740234375,1956.6666259765625,1296300,2026-10-08
2013-09-12,1438.155517578125,1836.6666259765625,1843.3333740234375,1796.6666259765625,1833.3333740234375,1208700,2026-10-08
2013-09-13,1427.71533203125,1823.3333740234375,1830.0,1796.6666259765625,1816.6666259765625,838800,2026-10-08
2013-09-17,1469.4764404296875,1876.6666259765625,1896.6666259765625,1843.3333740234375,1856.6666259765625,691200,2026-10-08
2013-09-18,1469.4764404296875,1876.6666259765625,1913.3333740234375,1870.0,1896.6666259765625,613500,2026-10-08
2013-09-19,1479.9173583984375,1890.0,1903.3333740234375,1856.6666259765625,1900.0,654000,2026-10-08
2013-09-20,1472.0865478515625,1880.0,1906.6666259765625,1866.6666259765625,1900.0,1026000,2026-10-08
2013-09-24,1474.697021484375,1883.3333740234375,1900.0,1856.6666259765625,1866.6666259765625,771000,2026-10-08
2013-09-25,1506.0181884765625,1923.3333740234375,1960.0,1910.0,1930.0,1253400,2026-10-08
2013-09-26,1516.549560546875,1920.0,1920.0,1873.3333740234375,1880.0,573900,2026-10-08
2013-09-27,1503.3848876953125,1903.3333740234375,1946.6666259765625,1900.0,1940.0,672300,2026-10-08
2013-09-30,1479.6888427734375,1873.3333740234375,1896.6666259765625,1870.0,1880.0,327000,2026-10-08
2013-10-01,1513.9166259765625,1916.6666259765625,1950.0,1886.6666259765625,1886.6666259765625,1062000,2026-10-08
2013-10-02,1482.321533203125,1876.6666259765625,1906.6666259765625,1873.3333740234375,1883.3333740234375,791700,2026-10-08
2013-10-03,1474.423095703125,1866.6666259765625,1896.6666259765625,1850.0,1866.6666259765625,748200,2026-10-08
2013-10-04,1487.587646484375,1883.3333740234375,1900.0,1856.6666259765625,1863.3333740234375,826500,2026-10-08
2013-10-07,1450.7269287109375,1836.6666259765625,1883.3333740234375,1833.3333740234375,1876.6666259765625,530400,2026-10-08
2013-10-08,1458.6258544921875,1846.6666259765625,1850.0,1833.3333740234375,1833.3333740234375,521400,2026-10-08
2013-10-09,1484.954345703125,1880.0,1883.3333740234375,1826.6666259765625,1850.0,533700,2026-10-08
2013-10-10,1484.954345703125,1880.0,1883.3333740234375,1866.6666259765625,1883.3333740234375,327300,2026-10-08
2013-10-11,1511.28369140625,1913.3333740234375,1913.3333740234375,1883.3333740234375,1903.3333740234375,753600,2026-10-08
2013-10-15,1490.220703125,1886.6666259765625,1930.0,1876.6666259765625,1923.3333740234375,516000,2026-10-08
2013-10-16,1508.6507568359375,1910.0,1926.6666259765625,1890.0,1900.0,558600,2026-10-08
2013-10-17,1540.2452392578125,1950.0,1950.0,1903.3333740234375,1916.6666259765625,865800,2026-10-08
2013-10-18,1571.8404541015625,1990.0,2006.6666259765625,1946.6666259765625,1960.0,1058100,2026-10-08
2013-10-21,1571.8404541015625,1990.0,1993.3333740234375,1973.3333740234375,1990.0,642000,2026-10-08
2013-10-22,1603.4351806640625,2030.0,2033.3333740234375,1983.3333740234375,1993.3333740234375,763500,2026-10-08
2013-10-23,1624.49853515625,2056.666748046875,2076.666748046875,2016.6666259765625,2036.6666259765625,1246200,2026-10-08
2013-10-24,1632.397216796875,2066.666748046875,2070.0,2026.6666259765625,2040.0,844800,2026-10-08
2013-10-25,1653.460205078125,2093.333251953125,2103.333251953125,2050.0,2076.666748046875,1013400,2026-10-08
2013-10-28,1640.2957763671875,2076.666748046875,2093.333251953125,2026.6666259765625,2093.333251953125,609600,2026-10-08
2013-10-29,1613.9666748046875,2043.3333740234375,2060.0,2000.0,2060.0,624000,2026-10-08
2013-10-30,1648.1943359375,2086.666748046875,2110.0,2073.333251953125,2103.333251953125,651000,2026-10-08
2013-10-31,1629.76416015625,2063.333251953125,2096.666748046875,2060.0,2093.333251953125,541200,2026-10-08
2013-11-01,1613.9666748046875,2043.3333740234375,2063.333251953125,2023.3333740234375,2063.333251953125,432900,2026-10-08
2013-11-05,1569.2073974609375,1986.6666259765625,2043.3333740234375,1976.6666259765625,2040.0,722400,2026-10-08
2013-11-06,1600.802490234375,2026.6666259765625,2033.3333740234375,1996.6666259765625,2013.3333740234375,594600,2026-10-08
2013-11-07,1550.777099609375,1963.3333740234375,2013.3333740234375,1943.3333740234375,1993.3333740234375,1638000,2026-10-08
2013-11-08,1692.953857421875,2143.333251953125,2153.333251953125,2066.666748046875,2096.666748046875,2404800,2026-10-08
2013-11-11,1695.586669921875,2146.666748046875,2173.333251953125,2133.333251953125,2146.666748046875,507600,2026-10-08
2013-11-12,1714.016845703125,2170.0,2180.0,2153.333251953125,2160.0,398100,2026-10-08
2013-11-13,1700.8524169921875,2153.333251953125,2186.666748046875,2146.666748046875,2173.333251953125,423000,2026-10-08
2013-11-14,1714.016845703125,2170.0,2183.333251953125,2156.666748046875,2170.0,562500,2026-10-08
2013-11-15,1708.7509765625,2163.333251953125,2180.0,2150.0,2176.666748046875,684900,2026-10-08
2013-11-18,1692.953857421875,2143.333251953125,2160.0,2116.666748046875,2160.0,579000,2026-10-08
2013-11-19,1661.358642578125,2103.333251953125,2130.0,2096.666748046875,2120.0,524100,2026-10-08
2013-11-20,1663.9918212890625,2106.666748046875,2113.333251953125,2063.333251953125,2100.0,603900,2026-10-08
2013-11-21,1714.016845703125,2170.0,2183.333251953125,2130.0,2130.0,756900,2026-10-08
2013-11-22,1742.9783935546875,2206.666748046875,2210.0,2166.666748046875,2190.0,823200,2026-10-08
2013-11-25,1785.1051025390625,2260.0,2266.666748046875,2226.666748046875,2230.0,980100,2026-10-08
2013-11-26,1798.269775390625,2276.666748046875,2286.666748046875,2226.666748046875,2256.666748046875,804900,2026-10-08
2013-11-27,1821.9658203125,2306.666748046875,2316.666748046875,2240.0,2250.0,827100,2026-10-08
2013-11-28,1861.4591064453125,2356.666748046875,2360.0,2316.666748046875,2330.0,896700,2026-10-08
2013-11-29,1850.92724609375,2343.333251953125,2350.0,2316.666748046875,2330.0,744600,2026-10-08
2013-12-02,1848.2947998046875,2340.0,2360.0,2323.333251953125,2343.333251953125,544500,2026-10-08
2013-12-03,1829.86474609375,2316.666748046875,2376.666748046875,2300.0,2363.333251953125,747600,2026-10-08
2013-12-04,1816.6998291015625,2300.0,2323.333251953125,2273.333251953125,2300.0,714000,2026-10-08
2013-12-05,1769.3077392578125,2240.0,2283.333251953125,2226.666748046875,2276.666748046875,1143900,2026-10-08
2013-12-06,1808.8011474609375,2290.0,2296.666748046875,2223.333251953125,2223.333251953125,551700,2026-10-08
2013-12-09,1837.76318359375,2326.666748046875,2330.0,2286.666748046875,2310.0,624300,2026-10-08
2013-12-10,1800.9027099609375,2280.0,2326.666748046875,2270.0,2326.666748046875,590400,2026-10-08
2013-12-11,1758.776611328125,2226.666748046875,2276.666748046875,2223.333251953125,2253.333251953125,1093200,2026-10-08
2013-12-12,1824.5985107421875,2310.0,2313.333251953125,2233.333251953125,2260.0,1231800,2026-10-08
2013-12-13,1829.86474609375,2316.666748046875,2356.666748046875,2310.0,2350.0,1363200,2026-10-08
2013-12-16,1806.16845703125,2286.666748046875,2326.666748046875,2273.333251953125,2293.333251953125,716700,2026-10-08
2013-12-17,1803.5350341796875,2283.333251953125,2320.0,2273.333251953125,2303.333251953125,364500,2026-10-08
2013-12-18,1795.63671875,2273.333251953125,2296.666748046875,2260.0,2270.0,638700,2026-10-08
2013-12-19,1798.269775390625,2276.666748046875,2316.666748046875,2266.666748046875,2296.666748046875,528000,2026-10-08
2013-12-20,1811.43408203125,2293.333251953125,2293.333251953125,2253.333251953125,2263.333251953125,498300,2026-10-08
2013-12-24,1793.003662109375,2270.0,2306.666748046875,2263.333251953125,2293.333251953125,617700,2026-10-08
2013-12-25,1800.9027099609375,2280.0,2290.0,2256.666748046875,2256.666748046875,390900,2026-10-08
2013-12-26,1806.16845703125,2286.666748046875,2293.333251953125,2270.0,2280.0,341100,2026-10-08
2013-12-27,1840.3961181640625,2330.0,2336.666748046875,2276.666748046875,2296.666748046875,510000,2026-10-08
2013-12-30,1837.76318359375,2326.666748046875,2346.666748046875,2320.0,2340.0,331200,2026-10-08
2014-01-06,1821.9658203125,2306.666748046875,2333.333251953125,2296.666748046875,2326.666748046875,422100,2026-10-08
2014-01-07,1790.370849609375,2266.666748046875,2293.333251953125,2233.333251953125,2260.0,713700,2026-10-08
2014-01-08,1790.370849609375,2266.666748046875,2283.333251953125,2260.0,2283.333251953125,586500,2026-10-08
2014-01-09,1816.6998291015625,2300.0,2306.666748046875,2263.333251953125,2266.666748046875,494400,2026-10-08
2014-01-10,1832.497314453125,2320.0,2326.666748046875,2283.333251953125,2300.0,922800,2026-10-08
2014-01-14,1782.47216796875,2256.666748046875,2273.333251953125,2246.666748046875,2270.0,611100,2026-10-08
2014-01-15,1827.2318115234375,2313.333251953125,2316.666748046875,2270.0,2276.666748046875,333300,2026-10-08
2014-01-16,1903.5853271484375,2410.0,2446.666748046875,2333.333251953125,2333.333251953125,1419300,2026-10-08
2014-01-17,1932.547607421875,2446.666748046875,2460.0,2380.0,2383.333251953125,915000,2026-10-08
2014-01-20,1935.1805419921875,2450.0,2476.666748046875,2443.333251953125,2463.333251953125,465000,2026-10-08
2014-01-21,1924.649169921875,2436.666748046875,2460.0,2420.0,2433.333251953125,362100,2026-10-08
2014-01-22,1943.0794677734375,2460.0,2470.0,2380.0,2423.333251953125,819900,2026-10-08
2014-01-23,2003.6353759765625,2536.666748046875,2590.0,2483.333251953125,2500.0,1577100,2026-10-08
2014-01-24,1940.4461669921875,2456.666748046875,2473.333251953125,2420.0,2460.0,1621800,2026-10-08
2014-01-27,1885.1552734375,2386.666748046875,2410.0,2363.333251953125,2373.333251953125,850200,2026-10-08
2014-01-28,1906.2186279296875,2413.333251953125,2450.0,2390.0,2390.0,529800,2026-10-08
2014-01-29,1937.8131103515625,2453.333251953125,2463.333251953125,2403.333251953125,2423.333251953125,849000,2026-10-08
2014-01-30,1914.1168212890625,2423.333251953125,2443.333251953125,2380.0,2403.333251953125,639900,2026-10-08
2014-01-31,1898.3193359375,2403.333251953125,2436.666748046875,2383.333251953125,2430.0,447600,2026-10-08
2014-02-03,1869.3582763671875,2366.666748046875,2420.0,2360.0,2393.333251953125,499800,2026-10-08
2014-02-04,1798.269775390625,2276.666748046875,2346.666748046875,2270.0,2300.0,913200,2026-10-08
2014-02-05,1748.2447509765625,2213.333251953125,2296.666748046875,2193.333251953125,2293.333251953125,1245900,2026-10-08
2014-02-06,1724.5484619140625,2183.333251953125,2233.333251953125,2183.333251953125,2233.333251953125,1310400,2026-10-08
2014-02-07,1803.5350341796875,2283.333251953125,2290.0,2230.0,2250.0,946500,2026-10-08
2014-02-10,1798.269775390625,2276.666748046875,2336.666748046875,2253.333251953125,2336.666748046875,506100,2026-10-08
2014-02-12,1829.86474609375,2316.666748046875,2320.0,2290.0,2310.0,498900,2026-10-08
2014-02-13,1808.8011474609375,2290.0,2330.0,2273.333251953125,2316.666748046875,456300,2026-10-08
2014-02-14,1798.269775390625,2276.666748046875,2353.333251953125,2256.666748046875,2303.333251953125,738900,2026-10-08
2014-02-17,1803.5350341796875,2283.333251953125,2330.0,2266.666748046875,2330.0,519000,2026-10-08
2014-02-18,1843.0289306640625,2333.333251953125,2343.333251953125,2260.0,2306.666748046875,822300,2026-10-08
2014-02-19,1808.8011474609375,2290.0,2320.0,2276.666748046875,2303.333251953125,279600,2026-10-08
2014-02-20,1735.0799560546875,2196.666748046875,2270.0,2193.333251953125,2270.0,904500,2026-10-08
2014-02-21,1737.712890625,2200.0,2220.0,2183.333251953125,2203.333251953125,967200,2026-10-08
2014-02-24,1729.81396484375,2190.0,2213.333251953125,2153.333251953125,2203.333251953125,825600,2026-10-08
2014-02-25,1742.9783935546875,2206.666748046875,2226.666748046875,2200.0,2200.0,474600,2026-10-08
2014-02-26,1766.6749267578125,2236.666748046875,2266.666748046875,2196.666748046875,2200.0,651600,2026-10-08
2014-02-27,1800.9027099609375,2280.0,2293.333251953125,2233.333251953125,2240.0,695100,2026-10-08
2014-02-28,1803.5350341796875,2283.333251953125,2296.666748046875,2260.0,2263.333251953125,569100,2026-10-08
2014-03-03,1745.611328125,2210.0,2253.333251953125,2196.666748046875,2250.0,350100,2026-10-08
2014-03-04,1729.81396484375,2190.0,2196.666748046875,2153.333251953125,2170.0,617100,2026-10-08
2014-03-05,1750.8778076171875,2216.666748046875,2233.333251953125,2193.333251953125,2213.333251953125,688500,2026-10-08
2014-03-06,1814.0667724609375,2296.666748046875,2313.333251953125,2226.666748046875,2230.0,1391100,2026-10-08
2014-03-07,1824.5985107421875,2310.0,2340.0,2293.333251953125,2313.333251953125,793200,2026-10-08
2014-03-10,1806.16845703125,2286.666748046875,2303.333251953125,2260.0,2300.0,472200,2026-10-08
2014-03-11,1787.7386474609375,2263.333251953125,2293.333251953125,2243.333251953125,2273.333251953125,616500,2026-10-08
2014-03-12,1742.9783935546875,2206.666748046875,2233.333251953125,2200.0,2230.0,660300,2026-10-08
2014-03-13,1724.5484619140625,2183.333251953125,2223.333251953125,2180.0,2203.333251953125,456600,2026-10-08
2014-03-14,1658.7257080078125,2100.0,2143.333251953125,2086.666748046875,2140.0,830100,2026-10-08
2014-03-17,1621.8653564453125,2053.333251953125,2090.0,2036.6666259765625,2076.666748046875,886500,2026-10-08
2014-03-18,1642.9287109375,2080.0,2113.333251953125,2076.666748046875,2096.666748046875,677400,2026-10-08
2014-03-19,1666.6248779296875,2110.0,2130.0,2033.3333740234375,2066.666748046875,1013700,2026-10-08
2014-03-20,1687.688232421875,2136.666748046875,2200.0,2130.0,2166.666748046875,1211100,2026-10-08
2014-03-24,1695.586669921875,2146.666748046875,2230.0,2143.333251953125,2203.333251953125,1021200,2026-10-08
2014-03-25,1679.7891845703125,2126.666748046875,2166.666748046875,2103.333251953125,2133.333251953125,1065600,2026-10-08
2014-03-26,1711.384521484375,2166.666748046875,2183.333251953125,2140.0,2160.0,798300,2026-10-08
2014-03-27,1684.8919677734375,2120.0,2123.333251953125,2090.0,2100.0,712200,2026-10-08
2014-03-28,1711.3839111328125,2153.333251953125,2156.666748046875,2103.333251953125,2116.666748046875,515400,2026-10-08
2014-03-31,1700.787109375,2140.0,2166.666748046875,2123.333251953125,2163.333251953125,628800,2026-10-08
2014-04-01,1708.734619140625,2150.0,2163.333251953125,2130.0,2140.0,433500,2026-10-08
2014-04-02,1809.404296875,2276.666748046875,2296.666748046875,2223.333251953125,2223.333251953125,1431000,2026-10-08
2014-04-03,1833.246826171875,2306.666748046875,2340.0,2286.666748046875,2306.666748046875,1199100,2026-10-08
2014-04-04,1790.8597412109375,2253.333251953125,2300.0,2243.333251953125,2290.0,910800,2026-10-08
2014-04-07,1756.4202880859375,2210.0,2226.666748046875,2193.333251953125,2226.666748046875,582300,2026-10-08
2014-04-08,1743.17431640625,2193.333251953125,2243.333251953125,2190.0,2200.0,897000,2026-10-08
2014-04-09,1729.928466796875,2176.666748046875,2196.666748046875,2160.0,2163.333251953125,735000,2026-10-08
2014-04-10,1719.33154296875,2163.333251953125,2226.666748046875,2150.0,2223.333251953125,408300,2026-10-08
2014-04-11,1690.1905517578125,2126.666748046875,2136.666748046875,2083.333251953125,2126.666748046875,498000,2026-10-08
2014-04-14,1682.242919921875,2116.666748046875,2136.666748046875,2113.333251953125,2123.333251953125,215700,2026-10-08
2014-04-15,1684.8919677734375,2120.0,2146.666748046875,2120.0,2136.666748046875,242100,2026-10-08
2014-04-16,1698.1383056640625,2136.666748046875,2143.333251953125,2116.666748046875,2126.666748046875,519000,2026-10-08
2014-04-17,1668.996337890625,2100.0,2146.666748046875,2076.666748046875,2133.333251953125,948600,2026-10-08
2014-04-18,1674.29541015625,2106.666748046875,2116.666748046875,2083.333251953125,2110.0,737400,2026-10-08
2014-04-21,1676.9444580078125,2110.0,2136.666748046875,2090.0,2106.666748046875,564600,2026-10-08
2014-04-22,1663.698486328125,2093.333251953125,2116.666748046875,2090.0,2110.0,426600,2026-10-08
2014-04-23,1703.4365234375,2143.333251953125,2146.666748046875,2113.333251953125,2116.666748046875,644700,2026-10-08
2014-04-24,1671.6456298828125,2103.333251953125,2163.333251953125,2093.333251953125,2160.0,585000,2026-10-08
2014-04-25,1687.541015625,2123.333251953125,2143.333251953125,2100.0,2106.666748046875,553500,2026-10-08
2014-04-28,1655.7506103515625,2083.333251953125,2116.666748046875,2070.0,2103.333251953125,524100,2026-10-08
2014-04-30,1645.154052734375,2070.0,2113.333251953125,2066.666748046875,2103.333251953125,383400,2026-10-08
2014-05-01,1679.5936279296875,2113.333251953125,2116.666748046875,2080.0,2100.0,317400,2026-10-08
2014-05-02,1663.698486328125,2093.333251953125,2123.333251953125,2073.333251953125,2123.333251953125,392100,2026-10-08
2014-05-07,1634.5572509765625,2056.666748046875,2066.666748046875,2033.3333740234375,2063.333251953125,641100,2026-10-08
2014-05-08,1629.258544921875,2050.0,2073.333251953125,2036.6666259765625,2056.666748046875,370200,2026-10-08
2014-05-09,1642.5048828125,2066.666748046875,2070.0,2043.3333740234375,2043.3333740234375,332100,2026-10-08
2014-05-12,1610.7147216796875,2026.6666259765625,2073.333251953125,2020.0,2073.333251953125,652200,2026-10-08
2014-05-13,1621.311279296875,2040.0,2073.333251953125,2023.3333740234375,2073.333251953125,879900,2026-10-08
2014-05-14,1610.7147216796875,2026.6666259765625,2036.6666259765625,2016.6666259765625,2033.3333740234375,504000,2026-10-08
2014-05-15,1608.0650634765625,2023.3333740234375,2023.3333740234375,1996.6666259765625,2006.6666259765625,506100,2026-10-08
2014-05-16,1637.2061767578125,2060.0,2066.666748046875,2003.3333740234375,2006.6666259765625,772200,2026-10-08
2014-05-19,1634.5572509765625,2056.666748046875,2080.0,2050.0,2080.0,649800,2026-10-08
2014-05-20,1621.311279296875,2040.0,2080.0,2040.0,2070.0,414000,2026-10-08
2014-05-21,1600.117431640625,2013.3333740234375,2033.3333740234375,2013.3333740234375,2023.3333740234375,592200,2026-10-08
2014-05-22,1642.5048828125,2066.666748046875,2070.0,2033.3333740234375,2040.0,402300,2026-10-08
2014-05-23,1647.8031005859375,2073.333251953125,2086.666748046875,2070.0,2080.0,250800,2026-10-08
2014-05-26,1655.7506103515625,2083.333251953125,2086.666748046875,2056.666748046875,2076.666748046875,552000,2026-10-08
2014-05-27,1679.5936279296875,2113.333251953125,2123.333251953125,2083.333251953125,2086.666748046875,479400,2026-10-08
2014-05-28,1684.8919677734375,2120.0,2133.333251953125,2110.0,2113.333251953125,384600,2026-10-08
2014-05-29,1692.8392333984375,2130.0,2140.0,2106.666748046875,2106.666748046875,662100,2026-10-08
2014-05-30,1727.279541015625,2173.333251953125,2193.333251953125,2143.333251953125,2143.333251953125,1037100,2026-10-08
2014-06-02,1782.91259765625,2243.333251953125,2246.666748046875,2183.333251953125,2193.333251953125,823800,2026-10-08
2014-06-03,1796.1580810546875,2260.0,2273.333251953125,2236.666748046875,2263.333251953125,627000,2026-10-08
2014-06-04,1785.561279296875,2246.666748046875,2260.0,2233.333251953125,2260.0,330300,2026-10-08
2014-06-05,1801.456787109375,2266.666748046875,2290.0,2236.666748046875,2246.666748046875,822000,2026-10-08
2014-06-06,1809.404296875,2276.666748046875,2290.0,2263.333251953125,2266.666748046875,408300,2026-10-08
2014-06-09,1817.352294921875,2286.666748046875,2306.666748046875,2280.0,2280.0,289500,2026-10-08
2014-06-10,1798.80810546875,2263.333251953125,2293.333251953125,2256.666748046875,2286.666748046875,330600,2026-10-08
2014-06-11,1814.702392578125,2283.333251953125,2283.333251953125,2260.0,2273.333251953125,271800,2026-10-08
2014-06-12,1806.755126953125,2273.333251953125,2290.0,2253.333251953125,2260.0,437700,2026-10-08
2014-06-13,1812.0538330078125,2280.0,2293.333251953125,2263.333251953125,2280.0,514500,2026-10-08
2014-06-16,1833.246826171875,2306.666748046875,2320.0,2246.666748046875,2260.0,749400,2026-10-08
2014-06-17,1872.9849853515625,2356.666748046875,2360.0,2326.666748046875,2330.0,840900,2026-10-08
2014-06-18,1896.8280029296875,2386.666748046875,2396.666748046875,2343.333251953125,2363.333251953125,585900,2026-10-08
2014-06-19,1899.4775390625,2390.0,2403.333251953125,2376.666748046875,2400.0,832800,2026-10-08
2014-06-20,1883.58203125,2370.0,2403.333251953125,2356.666748046875,2403.333251953125,492300,2026-10-08
2014-06-23,1883.58203125,2370.0,2386.666748046875,2360.0,2360.0,272400,2026-10-08
2014-06-24,1907.4251708984375,2400.0,2406.666748046875,2346.666748046875,2353.333251953125,343200,2026-10-08
2014-06-25,1867.687255859375,2350.0,2390.0,2340.0,2376.666748046875,339000,2026-10-08
2014-06-26,1827.948974609375,2300.0,2330.0,2290.0,2326.666748046875,579300,2026-10-08
2014-06-27,1804.1058349609375,2270.0,2290.0,2216.666748046875,2290.0,795600,2026-10-08
2014-06-30,1801.456787109375,2266.666748046875,2300.0,2243.333251953125,2263.333251953125,633900,2026-10-08
2014-07-01,1835.8958740234375,2310.0,2330.0,2260.0,2263.333251953125,504900,2026-10-08
2014-07-02,1817.352294921875,2286.666748046875,2340.0,2263.333251953125,2340.0,1267500,2026-10-08
2014-07-03,1830.5980224609375,2303.333251953125,2306.666748046875,2283.333251953125,2300.0,478500,2026-10-08
2014-07-04,1798.80810546875,2263.333251953125,2306.666748046875,2253.333251953125,2300.0,1022700,2026-10-08
2014-07-07,1801.456787109375,2266.666748046875,2283.333251953125,2213.333251953125,2250.0,969600,2026-10-08
2014-07-08,1780.262939453125,2240.0,2266.666748046875,2230.0,2263.333251953125,603000,2026-10-08
2014-07-09,1788.2108154296875,2250.0,2253.333251953125,2206.666748046875,2206.666748046875,696300,2026-10-08
2014-07-10,1782.91259765625,2243.333251953125,2283.333251953125,2243.333251953125,2283.333251953125,708900,2026-10-08
2014-07-11,1753.7708740234375,2206.666748046875,2230.0,2186.666748046875,2223.333251953125,883800,2026-10-08
2014-07-14,1769.666259765625,2226.666748046875,2233.333251953125,2206.666748046875,2216.666748046875,300900,2026-10-08
2014-07-15,1780.262939453125,2240.0,2253.333251953125,2226.666748046875,2250.0,545400,2026-10-08
2014-07-16,1814.702392578125,2283.333251953125,2303.333251953125,2226.666748046875,2230.0,1006800,2026-10-08
2014-07-17,1857.08984375,2336.666748046875,2386.666748046875,2326.666748046875,2383.333251953125,1627500,2026-10-08
2014-07-18,1854.4410400390625,2333.333251953125,2343.333251953125,2310.0,2323.333251953125,767100,2026-10-08
2014-07-22,1870.3353271484375,2353.333251953125,2363.333251953125,2336.666748046875,2360.0,725700,2026-10-08
2014-07-23,1878.28369140625,2363.333251953125,2386.666748046875,2360.0,2366.666748046875,694800,2026-10-08
2014-07-24,1814.702392578125,2283.333251953125,2293.333251953125,2256.666748046875,2280.0,1737300,2026-10-08
2014-07-25,1827.948974609375,2300.0,2323.333251953125,2290.0,2303.333251953125,735900,2026-10-08
2014-07-28,1825.2994384765625,2296.666748046875,2316.666748046875,2286.666748046875,2316.666748046875,476700,2026-10-08
2014-07-29,1809.404296875,2276.666748046875,2303.333251953125,2270.0,2300.0,478500,2026-10-08
2014-07-30,1806.755126953125,2273.333251953125,2296.666748046875,2270.0,2290.0,403800,2026-10-08
2014-07-31,1774.964599609375,2233.333251953125,2290.0,2230.0,2286.666748046875,811500,2026-10-08
2014-08-01,1777.6138916015625,2236.666748046875,2253.333251953125,2223.333251953125,2226.666748046875,520200,2026-10-08
2014-08-04,1782.91259765625,2243.333251953125,2260.0,2230.0,2240.0,221400,2026-10-08
2014-08-05,1756.4202880859375,2210.0,2263.333251953125,2206.666748046875,2263.333251953125,480900,2026-10-08
2014-08-06,1756.4202880859375,2210.0,2216.666748046875,2190.0,2190.0,355800,2026-10-08
2014-08-07,1790.8597412109375,2253.333251953125,2256.666748046875,2206.666748046875,2210.0,421200,2026-10-08
2014-08-08,1687.541015625,2123.333251953125,2183.333251953125,2083.333251953125,2166.666748046875,1753500,2026-10-08
2014-08-11,1724.6300048828125,2170.0,2173.333251953125,2130.0,2143.333251953125,882600,2026-10-08
2014-08-12,1732.5777587890625,2180.0,2196.666748046875,2170.0,2183.333251953125,340500,2026-10-08
2014-08-13,1724.6300048828125,2170.0,2173.333251953125,2153.333251953125,2166.666748046875,372900,2026-10-08
2014-08-14,1740.5247802734375,2190.0,2213.333251953125,2180.0,2190.0,399300,2026-10-08
2014-08-15,1735.2265625,2183.333251953125,2190.0,2170.0,2190.0,498300,2026-10-08
2014-08-18,1743.17431640625,2193.333251953125,2223.333251953125,2186.666748046875,2186.666748046875,495000,2026-10-08
2014-08-19,1740.5247802734375,2190.0,2206.666748046875,2183.333251953125,2200.0,346800,2026-10-08
2014-08-20,1737.8759765625,2186.666748046875,2196.666748046875,2183.333251953125,2193.333251953125,239100,2026-10-08
2014-08-21,1748.4727783203125,2200.0,2210.0,2190.0,2190.0,455100,2026-10-08
2014-08-22,1748.4727783203125,2200.0,2213.333251953125,2190.0,2203.333251953125,357900,2026-10-08
2014-08-25,1743.17431640625,2193.333251953125,2210.0,2183.333251953125,2186.666748046875,399900,2026-10-08
2014-08-26,1753.7708740234375,2206.666748046875,2210.0,2183.333251953125,2193.333251953125,389100,2026-10-08
2014-08-27,1769.666259765625,2226.666748046875,2236.666748046875,2216.666748046875,2220.0,331800,2026-10-08
2014-08-28,1761.7191162109375,2216.666748046875,2230.0,2210.0,2220.0,366900,2026-10-08
2014-08-29,1761.7191162109375,2216.666748046875,2226.666748046875,2206.666748046875,2220.0,308700,2026-10-08
2014-09-01,1764.3682861328125,2220.0,2226.666748046875,2206.666748046875,2220.0,222000,2026-10-08
2014-09-02,1774.964599609375,2233.333251953125,2233.333251953125,2210.0,2216.666748046875,334500,2026-10-08
2014-09-03,1801.456787109375,2266.666748046875,2280.0,2250.0,2256.666748046875,490800,2026-10-08
2014-09-04,1793.5093994140625,2256.666748046875,2273.333251953125,2250.0,2266.666748046875,294900,2026-10-08
2014-09-05,1809.404296875,2276.666748046875,2283.333251953125,2263.333251953125,2263.333251953125,462600,2026-10-08
2014-09-08,1814.702392578125,2283.333251953125,2293.333251953125,2266.666748046875,2280.0,302100,2026-10-08
2014-09-09,1833.246826171875,2306.666748046875,2306.666748046875,2280.0,2290.0,555900,2026-10-08
2014-09-10,1849.1422119140625,2326.666748046875,2330.0,2293.333251953125,2300.0,664500,2026-10-08
2014-09-11,1875.634033203125,2360.0,2370.0,2350.0,2350.0,930600,2026-10-08
2014-09-12,1872.9849853515625,2356.666748046875,2380.0,2346.666748046875,2373.333251953125,558600,2026-10-08
2014-09-16,1870.3353271484375,2353.333251953125,2373.333251953125,2326.666748046875,2356.666748046875,660900,2026-10-08
2014-09-17,1880.933349609375,2366.666748046875,2373.333251953125,2340.0,2343.333251953125,1109400,2026-10-08
2014-09-18,1891.5299072265625,2380.0,2390.0,2360.0,2373.333251953125,668400,2026-10-08
2014-09-19,1923.320068359375,2420.0,2433.333251953125,2370.0,2376.666748046875,934500,2026-10-08
2014-09-22,1952.4613037109375,2456.666748046875,2456.666748046875,2406.666748046875,2430.0,634500,2026-10-08
2014-09-24,1963.0584716796875,2470.0,2483.333251953125,2416.666748046875,2433.333251953125,679500,2026-10-08
2014-09-25,1986.9007568359375,2500.0,2500.0,2470.0,2483.333251953125,528000,2026-10-08
2014-09-26,1990.11083984375,2480.0,2486.666748046875,2456.666748046875,2480.0,363300,2026-10-08
2014-09-29,2000.8099365234375,2493.333251953125,2506.666748046875,2470.0,2480.0,573600,2026-10-08
2014-09-30,1992.7850341796875,2483.333251953125,2500.0,2463.333251953125,2490.0,582900,2026-10-08
2014-10-01,1979.4111328125,2466.666748046875,2500.0,2460.0,2493.333251953125,759300,2026-10-08
2014-10-02,1958.0123291015625,2440.0,2470.0,2420.0,2443.333251953125,885000,2026-10-08
2014-10-03,1963.3619384765625,2446.666748046875,2450.0,2393.333251953125,2393.333251953125,743100,2026-10-08
2014-10-06,1960.68701171875,2443.333251953125,2460.0,2436.666748046875,2456.666748046875,690600,2026-10-08
2014-10-07,1958.0123291015625,2440.0,2456.666748046875,2426.666748046875,2433.333251953125,486000,2026-10-08
2014-10-08,1925.9140625,2400.0,2416.666748046875,2373.333251953125,2393.333251953125,459300,2026-10-08
2014-10-09,1880.4404296875,2343.333251953125,2400.0,2340.0,2400.0,662100,2026-10-08
2014-10-10,1877.765625,2340.0,2350.0,2306.666748046875,2306.666748046875,499500,2026-10-08
2014-10-14,1837.6431884765625,2290.0,2326.666748046875,2276.666748046875,2303.333251953125,777600,2026-10-08
2014-10-15,1848.342041015625,2303.333251953125,2306.666748046875,2266.666748046875,2290.0,414600,2026-10-08
2014-10-16,1821.59326171875,2270.0,2280.0,2253.333251953125,2256.666748046875,574200,2026-10-08
2014-10-17,1805.5439453125,2250.0,2310.0,2250.0,2283.333251953125,741900,2026-10-08
2014-10-20,1869.741455078125,2330.0,2340.0,2306.666748046875,2316.666748046875,670200,2026-10-08
2014-10-21,1840.3175048828125,2293.333251953125,2346.666748046875,2283.333251953125,2340.0,565200,2026-10-08
2014-10-22,1875.0908203125,2336.666748046875,2346.666748046875,2300.0,2326.666748046875,546900,2026-10-08
2014-10-23,1893.8148193359375,2360.0,2406.666748046875,2353.333251953125,2363.333251953125,1012200,2026-10-08
2014-10-24,1920.5638427734375,2393.333251953125,2400.0,2360.0,2386.666748046875,568800,2026-10-08
2014-10-27,1966.0364990234375,2450.0,2450.0,2393.333251953125,2413.333251953125,645600,2026-10-08
2014-10-28,1909.8643798828125,2380.0,2433.333251953125,2366.666748046875,2426.666748046875,755400,2026-10-08
2014-10-29,1923.2384033203125,2396.666748046875,2416.666748046875,2386.666748046875,2400.0,386100,2026-10-08
2014-10-30,1941.9627685546875,2420.0,2426.666748046875,2393.333251953125,2400.0,365400,2026-10-08
2014-10-31,1998.1356201171875,2490.0,2490.0,2430.0,2450.0,764700,2026-10-08
2014-11-04,2078.382080078125,2590.0,2606.666748046875,2513.333251953125,2520.0,1284000,2026-10-08
2014-11-05,2038.25830078125,2540.0,2586.666748046875,2523.333251953125,2576.666748046875,922200,2026-10-08
2014-11-06,2027.5589599609375,2526.666748046875,2570.0,2510.0,2560.0,459900,2026-10-08
2014-11-07,2260.273681640625,2816.666748046875,2826.666748046875,2653.333251953125,2666.666748046875,3231000,2026-10-08
2014-11-10,2297.72216796875,2863.333251953125,2876.666748046875,2820.0,2830.0,1652700,2026-10-08
2014-11-11,2321.795654296875,2893.333251953125,2910.0,2843.333251953125,2856.666748046875,933900,2026-10-08
2014-11-12,2343.19482421875,2920.0,2963.333251953125,2910.0,2923.333251953125,794700,2026-10-08
2014-11-13,2353.894775390625,2933.333251953125,2940.0,2883.333251953125,2896.666748046875,559200,2026-10-08
2014-11-14,2367.26904296875,2950.0,2966.666748046875,2906.666748046875,2960.0,724500,2026-10-08
2014-11-17,2324.470703125,2896.666748046875,2940.0,2866.666748046875,2936.666748046875,741600,2026-10-08
2014-11-18,2410.06689453125,3003.333251953125,3010.0,2896.666748046875,2910.0,845400,2026-10-08
2014-11-19,2439.490478515625,3040.0,3063.333251953125,3003.333251953125,3026.666748046875,783000,2026-10-08
2014-11-20,2450.189453125,3053.333251953125,3063.333251953125,3040.0,3053.333251953125,524100,2026-10-08
2014-11-21,2402.042236328125,2993.333251953125,3050.0,2970.0,3050.0,873900,2026-10-08
2014-11-25,2460.889404296875,3066.666748046875,3076.666748046875,3026.666748046875,3040.0,889800,2026-10-08
2014-11-26,2423.441162109375,3020.0,3110.0,3006.666748046875,3083.333251953125,1057500,2026-10-08
2014-11-27,2471.58935546875,3080.0,3100.0,2986.666748046875,3013.333251953125,960600,2026-10-08
2014-11-28,2522.41162109375,3143.333251953125,3153.333251953125,3066.666748046875,3076.666748046875,741600,2026-10-08
2014-12-01,2519.737060546875,3140.0,3156.666748046875,3106.666748046875,3143.333251953125,891300,2026-10-08
2014-12-02,2575.909423828125,3210.0,3213.333251953125,3126.666748046875,3133.333251953125,973200,2026-10-08
2014-12-03,2535.786376953125,3160.0,3216.666748046875,3116.666748046875,3210.0,1671300,2026-10-08
2014-12-04,2554.510498046875,3183.333251953125,3206.666748046875,3160.0,3193.333251953125,714600,2026-10-08
2014-12-05,2565.2099609375,3196.666748046875,3206.666748046875,3133.333251953125,3150.0,1086300,2026-10-08
2014-12-08,2586.609130859375,3223.333251953125,3236.666748046875,3190.0,3220.0,459900,2026-10-08
2014-12-09,2613.357666015625,3256.666748046875,3276.666748046875,3213.333251953125,3226.666748046875,1068300,2026-10-08
2014-12-10,2490.31298828125,3103.333251953125,3260.0,3083.333251953125,3256.666748046875,1163700,2026-10-08
2014-12-11,2506.362548828125,3123.333251953125,3136.666748046875,3006.666748046875,3010.0,1144800,2026-10-08
2014-12-12,2535.786376953125,3160.0,3190.0,3100.0,3120.0,817800,2026-10-08
2014-12-15,2565.2099609375,3196.666748046875,3250.0,3140.0,3170.0,945600,2026-10-08
2014-12-16,2514.3876953125,3133.333251953125,3156.666748046875,3093.333251953125,3146.666748046875,651600,2026-10-08
2014-12-17,2530.4365234375,3153.333251953125,3203.333251953125,3120.0,3120.0,739200,2026-10-08
2014-12-18,2541.135986328125,3166.666748046875,3213.333251953125,3160.0,3210.0,528600,2026-10-08
2014-12-19,2608.008056640625,3250.0,3270.0,3223.333251953125,3246.666748046875,746700,2026-10-08
2014-12-22,2608.008056640625,3250.0,3270.0,3226.666748046875,3266.666748046875,450300,2026-10-08
2014-12-24,2605.33251953125,3246.666748046875,3270.0,3240.0,3250.0,513600,2026-10-08
2014-12-25,2616.032958984375,3260.0,3303.333251953125,3240.0,3246.666748046875,595800,2026-10-08
2014-12-26,2709.65380859375,3376.666748046875,3396.666748046875,3260.0,3293.333251953125,738600,2026-10-08
2014-12-29,2669.5302734375,3326.666748046875,3420.0,3293.333251953125,3396.666748046875,743700,2026-10-08
2014-12-30,2597.30859375,3236.666748046875,3326.666748046875,3226.666748046875,3326.666748046875,492900,2026-10-08
2015-01-05,2672.205078125,3330.0,3356.666748046875,3233.333251953125,3236.666748046875,758100,2026-10-08
2015-01-06,2640.1064453125,3290.0,3333.333251953125,3216.666748046875,3246.666748046875,1266900,2026-10-08
2015-01-07,2618.707275390625,3263.333251953125,3283.333251953125,3203.333251953125,3250.0,758100,2026-10-08
2015-01-08,2835.37255859375,3533.333251953125,3550.0,3383.333251953125,3410.0,1350300,2026-10-08
2015-01-09,2867.47119140625,3573.333251953125,3650.0,3543.333251953125,3640.0,1160100,2026-10-08
2015-01-13,2816.648681640625,3510.0,3533.333251953125,3456.666748046875,3523.333251953125,804300,2026-10-08
2015-01-14,2709.65380859375,3376.666748046875,3486.666748046875,3306.666748046875,3433.333251953125,1514400,2026-10-08
2015-01-15,2787.2255859375,3473.333251953125,3486.666748046875,3350.0,3400.0,1128900,2026-10-08
2015-01-16,2864.796142578125,3570.0,3573.333251953125,3370.0,3376.666748046875,1431600,2026-10-08
2015-01-19,2904.919189453125,3620.0,3643.333251953125,3513.333251953125,3583.333251953125,914400,2026-10-08
2015-01-20,2875.49609375,3583.333251953125,3603.333251953125,3550.0,3583.333251953125,1350000,2026-10-08
2015-01-21,2888.870361328125,3600.0,3646.666748046875,3576.666748046875,3583.333251953125,521100,2026-10-08
2015-01-22,2859.44677734375,3563.333251953125,3636.666748046875,3543.333251953125,3600.0,398100,2026-10-08
2015-01-23,2843.397216796875,3543.333251953125,3620.0,3520.0,3610.0,904500,2026-10-08
2015-01-26,2902.244384765625,3616.666748046875,3620.0,3513.333251953125,3530.0,387900,2026-10-08
2015-01-27,2894.219482421875,3606.666748046875,3636.666748046875,3586.666748046875,3626.666748046875,409500,2026-10-08
2015-01-28,2923.6435546875,3643.333251953125,3660.0,3570.0,3593.333251953125,541800,2026-10-08
2015-01-29,2928.993408203125,3650.0,3693.333251953125,3626.666748046875,3626.666748046875,488100,2026-10-08
2015-01-30,2907.5947265625,3623.333251953125,3723.333251953125,3620.0,3680.0,640500,2026-10-08
2015-02-02,2859.44677734375,3563.333251953125,3593.333251953125,3523.333251953125,3556.666748046875,513600,2026-10-08
2015-02-03,2739.076904296875,3413.333251953125,3573.333251953125,3366.666748046875,3563.333251953125,1038300,2026-10-08
2015-02-04,2789.899658203125,3476.666748046875,3496.666748046875,3396.666748046875,3460.0,706800,2026-10-08
2015-02-05,2690.928955078125,3353.333251953125,3433.333251953125,3353.333251953125,3380.0,1008000,2026-10-08
2015-02-06,2696.27880859375,3360.0,3416.666748046875,3313.333251953125,3403.333251953125,1038900,2026-10-08
2015-02-09,2760.47607421875,3440.0,3550.0,3366.666748046875,3550.0,1018200,2026-10-08
2015-02-10,2688.254150390625,3350.0,3443.333251953125,3330.0,3443.333251953125,949500,2026-10-08
2015-02-12,2771.17578125,3453.333251953125,3460.0,3370.0,3383.333251953125,675600,2026-10-08
2015-02-13,2808.6240234375,3500.0,3523.333251953125,3453.333251953125,3493.333251953125,862200,2026-10-08
2015-02-16,2712.32861328125,3380.0,3530.0,3350.0,3503.333251953125,727800,2026-10-08
2015-02-17,2763.15087890625,3443.333251953125,3450.0,3350.0,3380.0,405600,2026-10-08
2015-02-18,2800.59912109375,3490.0,3493.333251953125,3446.666748046875,3446.666748046875,409200,2026-10-08
2015-02-19,2784.550048828125,3470.0,3536.666748046875,3456.666748046875,3490.0,563700,2026-10-08
2015-02-20,2755.12646484375,3433.333251953125,3466.666748046875,3400.0,3423.333251953125,684900,2026-10-08
2015-02-23,2813.973876953125,3506.666748046875,3506.666748046875,3423.333251953125,3433.333251953125,594600,2026-10-08
2015-02-24,2781.875244140625,3466.666748046875,3530.0,3423.333251953125,3500.0,654600,2026-10-08
2015-02-25,2928.993408203125,3650.0,3683.333251953125,3526.666748046875,3540.0,1310100,2026-10-08
2015-02-26,2955.742431640625,3683.333251953125,3693.333251953125,3600.0,3653.333251953125,606300,2026-10-08
2015-02-27,2942.36767578125,3666.666748046875,3700.0,3640.0,3693.333251953125,485100,2026-10-08
2015-03-02,2963.76708984375,3693.333251953125,3720.0,3613.333251953125,3660.0,600300,2026-10-08
2015-03-03,3084.136474609375,3843.333251953125,3873.333251953125,3683.333251953125,3716.666748046875,1041600,2026-10-08
2015-03-04,2987.8408203125,3723.333251953125,3790.0,3710.0,3790.0,668400,2026-10-08
2015-03-05,3033.314453125,3780.0,3790.0,3686.666748046875,3690.0,738900,2026-10-08
2015-03-06,3129.60888671875,3900.0,3903.333251953125,3803.333251953125,3803.333251953125,970500,2026-10-08
2015-03-09,3065.412353515625,3820.0,3866.666748046875,3816.666748046875,3863.333251953125,469200,2026-10-08
2015-03-10,2998.5400390625,3736.666748046875,3856.666748046875,3733.333251953125,3833.333251953125,956700,2026-10-08
2015-03-11,3022.614501953125,3766.666748046875,3790.0,3706.666748046875,3726.666748046875,322500,2026-10-08
2015-03-12,3169.73291015625,3950.0,3960.0,3830.0,3866.666748046875,1076100,2026-10-08
2015-03-13,3324.8759765625,4143.33349609375,4166.66650390625,3993.333251953125,4116.66650390625,1670700,2026-10-08
2015-03-16,3373.023681640625,4203.33349609375,4320.0,4116.66650390625,4136.66650390625,1370100,2026-10-08
2015-03-17,3375.697998046875,4206.66650390625,4303.33349609375,4160.0,4200.0,1272900,2026-10-08
2015-03-18,3356.974609375,4183.33349609375,4220.0,4136.66650390625,4210.0,516900,2026-10-08
2015-03-19,3292.777099609375,4103.33349609375,4163.33349609375,4070.0,4143.33349609375,685200,2026-10-08
2015-03-20,3290.102294921875,4100.0,4106.66650390625,4043.333251953125,4100.0,639900,2026-10-08
2015-03-23,3429.196533203125,4273.33349609375,4300.0,4136.66650390625,4173.33349609375,1033200,2026-10-08
2015-03-24,3348.949951171875,4173.33349609375,4286.66650390625,4156.66650390625,4283.33349609375,1118400,2026-10-08
2015-03-25,3421.17138671875,4263.33349609375,4273.33349609375,4173.33349609375,4173.33349609375,751200,2026-10-08
2015-03-26,3410.471923828125,4250.0,4293.33349609375,4173.33349609375,4250.0,1323900,2026-10-08
2015-03-27,3272.56640625,4050.0,4166.66650390625,3976.666748046875,4130.0,1115100,2026-10-08
2015-03-30,3307.5810546875,4093.333251953125,4106.66650390625,4006.666748046875,4056.666748046875,570900,2026-10-08
2015-03-31,3307.5810546875,4093.333251953125,4153.33349609375,4050.0,4146.66650390625,856800,2026-10-08
2015-04-01,3197.148681640625,3956.666748046875,4086.666748046875,3953.333251953125,4086.666748046875,797400,2026-10-08
2015-04-02,3280.646728515625,4060.0,4080.0,3983.333251953125,4026.666748046875,859800,2026-10-08
2015-04-03,3304.88720703125,4090.0,4090.0,3986.666748046875,4073.333251953125,609300,2026-10-08
2015-04-06,3312.96875,4100.0,4156.66650390625,4073.333251953125,4083.333251953125,447900,2026-10-08
2015-04-07,3321.049072265625,4110.0,4183.33349609375,4083.333251953125,4163.33349609375,598500,2026-10-08
2015-04-08,3294.1142578125,4076.666748046875,4140.0,4063.333251953125,4100.0,592800,2026-10-08
2015-04-09,3345.290283203125,4140.0,4183.33349609375,4080.0,4086.666748046875,694500,2026-10-08
2015-04-10,3331.82275390625,4123.33349609375,4150.0,4073.333251953125,4150.0,771900,2026-10-08
2015-04-13,3423.400390625,4236.66650390625,4293.33349609375,4190.0,4200.0,980400,2026-10-08
2015-04-14,3277.952880859375,4056.666748046875,4216.66650390625,4040.0,4200.0,925800,2026-10-08
2015-04-15,3213.310302734375,3976.666748046875,4006.666748046875,3933.333251953125,4006.666748046875,969900,2026-10-08
2015-04-16,3092.10400390625,3826.666748046875,3950.0,3800.0,3933.333251953125,1436100,2026-10-08
2015-04-17,3005.912841796875,3720.0,3800.0,3710.0,3800.0,1524000,2026-10-08
2015-04-20,3024.7666015625,3743.333251953125,3796.666748046875,3613.333251953125,3683.333251953125,1111200,2026-10-08
2015-04-21,3119.03857421875,3860.0,3860.0,3736.666748046875,3736.666748046875,780600,2026-10-08
2015-04-22,3162.134033203125,3913.333251953125,3963.333251953125,3886.666748046875,3886.666748046875,787500,2026-10-08
2015-04-23,3062.4755859375,3790.0,3903.333251953125,3783.333251953125,3900.0,1285500,2026-10-08
2015-04-24,3032.8466796875,3753.333251953125,3760.0,3706.666748046875,3753.333251953125,777300,2026-10-08
2015-04-27,2965.51025390625,3670.0,3750.0,3656.666748046875,3750.0,984300,2026-10-08
2015-04-28,2992.4453125,3703.333251953125,3703.333251953125,3636.666748046875,3670.0,628500,2026-10-08
2015-04-30,2952.04296875,3653.333251953125,3693.333251953125,3640.0,3666.666748046875,717600,2026-10-08
2015-05-01,2863.158447265625,3543.333251953125,3636.666748046875,3503.333251953125,3606.666748046875,1270200,2026-10-08
2015-05-07,2868.545654296875,3550.0,3590.0,3520.0,3543.333251953125,865800,2026-10-08
2015-05-08,2930.49560546875,3626.666748046875,3650.0,3583.333251953125,3583.333251953125,572700,2026-10-08
2015-05-11,2978.97802734375,3686.666748046875,3720.0,3623.333251953125,3683.333251953125,720600,2026-10-08
2015-05-12,3038.234375,3760.0,3773.333251953125,3636.666748046875,3666.666748046875,906900,2026-10-08
2015-05-13,3197.148681640625,3956.666748046875,3996.666748046875,3880.0,3960.0,1909500,2026-10-08
2015-05-14,3145.972900390625,3893.333251953125,3953.333251953125,3846.666748046875,3953.333251953125,969300,2026-10-08
2015-05-15,3199.8427734375,3960.0,4030.0,3926.666748046875,3933.333251953125,725100,2026-10-08
2015-05-18,3151.359619140625,3900.0,3970.0,3886.666748046875,3960.0,672600,2026-10-08
2015-05-19,3186.37451171875,3943.333251953125,3956.666748046875,3906.666748046875,3943.333251953125,440700,2026-10-08
2015-05-20,3164.827880859375,3916.666748046875,3973.333251953125,3890.0,3963.333251953125,489900,2026-10-08
2015-05-21,3116.34521484375,3856.666748046875,3916.666748046875,3850.0,3896.666748046875,732300,2026-10-08
2015-05-22,3154.0537109375,3903.333251953125,3913.333251953125,3803.333251953125,3836.666748046875,615300,2026-10-08
2015-05-25,3129.8125,3873.333251953125,3926.666748046875,3860.0,3906.666748046875,424500,2026-10-08
2015-05-26,3135.19921875,3880.0,3893.333251953125,3850.0,3860.0,283500,2026-10-08
2015-05-27,3159.440673828125,3910.0,3936.666748046875,3866.666748046875,3890.0,447300,2026-10-08
2015-05-28,3213.310302734375,3976.666748046875,4043.333251953125,3930.0,3936.666748046875,795900,2026-10-08
2015-05-29,3124.425048828125,3866.666748046875,3926.666748046875,3850.0,3913.333251953125,1079700,2026-10-08
2015-06-01,3089.41015625,3823.333251953125,3830.0,3763.333251953125,3816.666748046875,938400,2026-10-08
2015-06-02,3102.8779296875,3840.0,3863.333251953125,3783.333251953125,3803.333251953125,503400,2026-10-08
2015-06-03,3081.32958984375,3813.333251953125,3873.333251953125,3793.333251953125,3793.333251953125,619800,2026-10-08
2015-06-04,3038.234375,3760.0,3856.666748046875,3743.333251953125,3856.666748046875,867900,2026-10-08
2015-06-05,3057.088623046875,3783.333251953125,3796.666748046875,3750.0,3760.0,563400,2026-10-08
2015-06-08,3046.314697265625,3770.0,3813.333251953125,3753.333251953125,3793.333251953125,530700,2026-10-08
2015-06-09,2917.0283203125,3610.0,3753.333251953125,3606.666748046875,3750.0,1058700,2026-10-08
2015-06-10,2838.917724609375,3513.333251953125,3656.666748046875,3403.333251953125,3613.333251953125,2997600,2026-10-08
2015-06-11,2782.3544921875,3443.333251953125,3466.666748046875,3383.333251953125,3413.333251953125,1946700,2026-10-08
2015-06-12,2728.485595703125,3376.666748046875,3450.0,3360.0,3406.666748046875,2034900,2026-10-08
2015-06-15,2696.16357421875,3336.666748046875,3373.333251953125,3320.0,3333.333251953125,1322100,2026-10-08
2015-06-16,2712.324951171875,3356.666748046875,3453.333251953125,3346.666748046875,3356.666748046875,1410900,2026-10-08
2015-06-17,2739.259765625,3390.0,3460.0,3366.666748046875,3366.666748046875,1074600,2026-10-08
2015-06-18,2704.244873046875,3346.666748046875,3370.0,3290.0,3336.666748046875,1380000,2026-10-08
2015-06-19,2715.017822265625,3360.0,3436.666748046875,3353.333251953125,3406.666748046875,1110300,2026-10-08
2015-06-22,2731.1787109375,3380.0,3403.333251953125,3343.333251953125,3370.0,729600,2026-10-08
2015-06-23,2803.90234375,3470.0,3476.666748046875,3410.0,3430.0,918900,2026-10-08
2015-06-24,2806.596435546875,3473.333251953125,3520.0,3453.333251953125,3500.0,916200,2026-10-08
2015-06-25,2852.38525390625,3530.0,3550.0,3466.666748046875,3466.666748046875,1001400,2026-10-08
2015-06-26,2817.3701171875,3486.666748046875,3533.333251953125,3470.0,3510.0,785700,2026-10-08
2015-06-29,2731.1787109375,3380.0,3420.0,3350.0,3366.666748046875,843000,2026-10-08
2015-06-30,2728.485595703125,3376.666748046875,3376.666748046875,3340.0,3350.0,782700,2026-10-08
2015-07-01,2771.5810546875,3430.0,3453.333251953125,3363.333251953125,3376.666748046875,691500,2026-10-08
2015-07-02,2698.85693359375,3340.0,3450.0,3333.333251953125,3420.0,1637100,2026-10-08
2015-07-03,2725.791748046875,3373.333251953125,3383.333251953125,3316.666748046875,3356.666748046875,791700,2026-10-08
2015-07-06,2674.6162109375,3310.0,3363.333251953125,3283.333251953125,3326.666748046875,710100,2026-10-08
2015-07-07,2698.85693359375,3340.0,3363.333251953125,3296.666748046875,3340.0,627600,2026-10-08
2015-07-08,2612.666015625,3233.333251953125,3326.666748046875,3233.333251953125,3310.0,794700,2026-10-08
2015-07-09,2631.520263671875,3256.666748046875,3270.0,3076.666748046875,3136.666748046875,913800,2026-10-08
2015-07-10,2529.16845703125,3130.0,3283.333251953125,3120.0,3283.333251953125,1097400,2026-10-08
2015-07-13,2561.490234375,3170.0,3216.666748046875,3120.0,3126.666748046875,608100,2026-10-08
2015-07-14,2682.69580078125,3320.0,3373.333251953125,3243.333251953125,3270.0,1638300,2026-10-08
2015-07-15,2698.85693359375,3340.0,3436.666748046875,3313.333251953125,3383.333251953125,1007700,2026-10-08
2015-07-16,2671.9228515625,3306.666748046875,3383.333251953125,3300.0,3350.0,754200,2026-10-08
2015-07-17,2690.7763671875,3330.0,3330.0,3253.333251953125,3310.0,718800,2026-10-08
2015-07-21,2782.3544921875,3443.333251953125,3456.666748046875,3336.666748046875,3336.666748046875,857100,2026-10-08
2015-07-22,2685.389892578125,3323.333251953125,3396.666748046875,3316.666748046875,3383.333251953125,624300,2026-10-08
2015-07-23,2688.083251953125,3326.666748046875,3366.666748046875,3313.333251953125,3363.333251953125,717300,2026-10-08
2015-07-24,2658.455078125,3290.0,3340.0,3273.333251953125,3333.333251953125,368100,2026-10-08
2015-07-27,2591.1181640625,3206.666748046875,3256.666748046875,3186.666748046875,3243.333251953125,487500,2026-10-08
2015-07-28,2631.520263671875,3256.666748046875,3263.333251953125,3170.0,3173.333251953125,505200,2026-10-08
2015-07-29,2526.474609375,3126.666748046875,3286.666748046875,3123.333251953125,3280.0,784800,2026-10-08
2015-07-30,2507.62060546875,3103.333251953125,3136.666748046875,3076.666748046875,3100.0,917100,2026-10-08
2015-07-31,2583.0380859375,3196.666748046875,3203.333251953125,3156.666748046875,3176.666748046875,598800,2026-10-08
2015-08-03,2545.32958984375,3150.0,3223.333251953125,3133.333251953125,3196.666748046875,603000,2026-10-08
2015-08-04,2507.62060546875,3103.333251953125,3186.666748046875,3083.333251953125,3180.0,1020900,2026-10-08
2015-08-05,2556.10302734375,3163.333251953125,3190.0,3096.666748046875,3103.333251953125,813000,2026-10-08
2015-08-06,2658.455078125,3290.0,3303.333251953125,3190.0,3200.0,929400,2026-10-08
2015-08-07,2486.072998046875,3076.666748046875,3186.666748046875,3036.666748046875,3126.666748046875,3007500,2026-10-08
2015-08-10,2494.1533203125,3086.666748046875,3096.666748046875,3020.0,3033.333251953125,675300,2026-10-08
2015-08-11,2545.32958984375,3150.0,3193.333251953125,3103.333251953125,3126.666748046875,1067400,2026-10-08
2015-08-12,2445.670654296875,3026.666748046875,3133.333251953125,3020.0,3116.666748046875,1175700,2026-10-08
2015-08-13,2553.40966796875,3160.0,3170.0,3040.0,3050.0,1038000,2026-10-08
2015-08-14,2593.81201171875,3210.0,3223.333251953125,3126.666748046875,3133.333251953125,1115100,2026-10-08
2015-08-17,2569.570556640625,3180.0,3200.0,3120.0,3183.333251953125,696600,2026-10-08
2015-08-18,2561.490234375,3170.0,3180.0,3096.666748046875,3130.0,640500,2026-10-08
2015-08-19,2480.6865234375,3070.0,3196.666748046875,3056.666748046875,3180.0,672000,2026-10-08
2015-08-20,2504.92724609375,3100.0,3126.666748046875,3026.666748046875,3040.0,798900,2026-10-08
2015-08-21,2456.444580078125,3040.0,3053.333251953125,2990.0,3003.333251953125,757800,2026-10-08
2015-08-24,2343.319091796875,2900.0,3040.0,2896.666748046875,2953.333251953125,1062900,2026-10-08
2015-08-25,2316.385009765625,2866.666748046875,3043.333251953125,2780.0,2823.333251953125,1461300,2026-10-08
2015-08-26,2416.042724609375,2990.0,3006.666748046875,2860.0,2893.333251953125,879900,2026-10-08
2015-08-27,2383.72119140625,2950.0,3076.666748046875,2943.333251953125,3053.333251953125,889500,2026-10-08
2015-08-28,2545.32958984375,3150.0,3173.333251953125,3000.0,3020.0,880800,2026-10-08
2015-08-31,2467.21875,3053.333251953125,3133.333251953125,3016.666748046875,3100.0,591900,2026-10-08
2015-09-01,2383.72119140625,2950.0,3083.333251953125,2940.0,3020.0,682200,2026-10-08
2015-09-02,2386.414306640625,2953.333251953125,2976.666748046875,2856.666748046875,2860.0,1088400,2026-10-08
2015-09-03,2381.027587890625,2946.666748046875,3016.666748046875,2920.0,3003.333251953125,625800,2026-10-08
2015-09-04,2319.077880859375,2870.0,2940.0,2816.666748046875,2940.0,635100,2026-10-08
2015-09-07,2319.077880859375,2870.0,2890.0,2796.666748046875,2830.0,537600,2026-10-08
2015-09-08,2354.092041015625,2913.333251953125,2966.666748046875,2880.0,2883.333251953125,558300,2026-10-08
2015-09-09,2459.13818359375,3043.333251953125,3076.666748046875,2963.333251953125,2986.666748046875,914700,2026-10-08
2015-09-10,2394.494873046875,2963.333251953125,3010.0,2930.0,2950.0,1044900,2026-10-08
2015-09-11,2324.464599609375,2876.666748046875,2913.333251953125,2790.0,2883.333251953125,1533900,2026-10-08
2015-09-14,2329.851806640625,2883.333251953125,2993.333251953125,2846.666748046875,2863.333251953125,975600,2026-10-08
2015-09-15,2316.385009765625,2866.666748046875,2933.333251953125,2846.666748046875,2893.333251953125,659100,2026-10-08
2015-09-16,2397.1884765625,2966.666748046875,3036.666748046875,2920.0,2930.0,1246200,2026-10-08
2015-09-17,2564.18359375,3173.333251953125,3190.0,2930.0,3003.333251953125,1932600,2026-10-08
2015-09-18,2518.39453125,3116.666748046875,3136.666748046875,3033.333251953125,3123.333251953125,989100,2026-10-08
2015-09-24,2405.26904296875,2976.666748046875,3016.666748046875,2953.333251953125,2986.666748046875,691800,2026-10-08
2015-09-25,2402.5751953125,2973.333251953125,2973.333251953125,2856.666748046875,2973.333251953125,758100,2026-10-08
2015-09-28,2403.935546875,2946.666748046875,3000.0,2913.333251953125,2943.333251953125,433200,2026-10-08
2015-09-29,2265.24658203125,2776.666748046875,2860.0,2766.666748046875,2860.0,780900,2026-10-08
2015-09-30,2273.40478515625,2786.666748046875,2870.0,2773.333251953125,2833.333251953125,829200,2026-10-08
2015-10-01,2335.95068359375,2863.333251953125,2913.333251953125,2806.666748046875,2806.666748046875,879900,2026-10-08
2015-10-02,2444.725830078125,2996.666748046875,3060.0,2833.333251953125,2866.666748046875,1417500,2026-10-08
2015-10-05,2501.833740234375,3066.666748046875,3076.666748046875,3030.0,3033.333251953125,528900,2026-10-08
2015-10-06,2520.868896484375,3090.0,3160.0,3080.0,3116.666748046875,476400,2026-10-08
2015-10-07,2561.659423828125,3140.0,3150.0,3080.0,3090.0,504600,2026-10-08
2015-10-08,2572.536865234375,3153.333251953125,3223.333251953125,3136.666748046875,3156.666748046875,939300,2026-10-08
2015-10-09,2624.205078125,3216.666748046875,3230.0,3160.0,3180.0,712800,2026-10-08
2015-10-13,2651.398681640625,3250.0,3256.666748046875,3180.0,3183.333251953125,1053900,2026-10-08
2015-10-14,2632.36376953125,3226.666748046875,3293.333251953125,3190.0,3233.333251953125,1175400,2026-10-08
2015-10-15,2692.190185546875,3300.0,3323.333251953125,3203.333251953125,3203.333251953125,974700,2026-10-08
2015-10-16,2681.312255859375,3286.666748046875,3316.666748046875,3226.666748046875,3276.666748046875,1109100,2026-10-08
2015-10-19,2705.787109375,3316.666748046875,3340.0,3266.666748046875,3310.0,661200,2026-10-08
2015-10-20,2792.8076171875,3423.333251953125,3533.333251953125,3363.333251953125,3526.666748046875,1553400,2026-10-08
2015-10-21,2907.021240234375,3563.333251953125,3593.333251953125,3496.666748046875,3593.333251953125,2122800,2026-10-08
2015-10-22,2882.546142578125,3533.333251953125,3560.0,3476.666748046875,3500.0,779100,2026-10-08
2015-10-23,2964.1279296875,3633.333251953125,3646.666748046875,3510.0,3533.333251953125,1145400,2026-10-08
2015-10-26,2988.6025390625,3663.333251953125,3700.0,3590.0,3650.0,1056300,2026-10-08
2015-10-27,2939.65380859375,3603.333251953125,3663.333251953125,3570.0,3643.333251953125,808200,2026-10-08
2015-10-28,2939.65380859375,3603.333251953125,3650.0,3576.666748046875,3616.666748046875,690000,2026-10-08
2015-10-29,3010.35791015625,3690.0,3713.333251953125,3640.0,3650.0,1315200,2026-10-08
2015-10-30,3021.235595703125,3703.333251953125,3720.0,3650.0,3690.0,605700,2026-10-08
2015-11-02,2994.041259765625,3670.0,3716.666748046875,3640.0,3666.666748046875,645900,2026-10-08
2015-11-04,3013.077392578125,3693.333251953125,3750.0,3690.0,3700.0,831900,2026-10-08
2015-11-05,3042.990234375,3730.0,3736.666748046875,3656.666748046875,3656.666748046875,582600,2026-10-08
2015-11-06,2934.214599609375,3596.666748046875,3626.666748046875,3373.333251953125,3530.0,2644200,2026-10-08
2015-11-09,2953.2509765625,3620.0,3650.0,3593.333251953125,3596.666748046875,867300,2026-10-08
2015-11-10,3056.58740234375,3746.666748046875,3780.0,3570.0,3573.333251953125,1382400,2026-10-08
2015-11-11,3062.025634765625,3753.333251953125,3773.333251953125,3716.666748046875,3716.666748046875,675600,2026-10-08
2015-11-12,3064.7451171875,3756.666748046875,3810.0,3723.333251953125,3733.333251953125,835500,2026-10-08
2015-11-13,3094.657958984375,3793.333251953125,3803.333251953125,3693.333251953125,3713.333251953125,678900,2026-10-08
2015-11-16,3051.149169921875,3740.0,3770.0,3710.0,3726.666748046875,334500,2026-10-08
2015-11-17,3083.781494140625,3780.0,3816.666748046875,3773.333251953125,3783.333251953125,513600,2026-10-08
2015-11-18,3013.077392578125,3693.333251953125,3806.666748046875,3676.666748046875,3796.666748046875,777000,2026-10-08
2015-11-19,3053.86767578125,3743.333251953125,3760.0,3720.0,3753.333251953125,568800,2026-10-08
2015-11-20,3067.46435546875,3760.0,3760.0,3696.666748046875,3723.333251953125,436500,2026-10-08
2015-11-24,3097.3779296875,3796.666748046875,3806.666748046875,3760.0,3760.0,528000,2026-10-08
2015-11-25,3056.58740234375,3746.666748046875,3770.0,3736.666748046875,3766.666748046875,387300,2026-10-08
2015-11-26,3037.551513671875,3723.333251953125,3773.333251953125,3716.666748046875,3740.0,516900,2026-10-08
2015-11-27,3211.591796875,3936.666748046875,3996.666748046875,3746.666748046875,3763.333251953125,2316900,2026-10-08
2015-11-30,3225.189208984375,3953.333251953125,3970.0,3930.0,3936.666748046875,656100,2026-10-08
2015-12-01,3255.1015625,3990.0,3996.666748046875,3956.666748046875,3966.666748046875,934800,2026-10-08
2015-12-02,3197.9951171875,3920.0,3966.666748046875,3886.666748046875,3966.666748046875,659400,2026-10-08
2015-12-03,3236.066650390625,3966.666748046875,3976.666748046875,3933.333251953125,3936.666748046875,505500,2026-10-08
2015-12-04,3227.908935546875,3956.666748046875,3983.333251953125,3913.333251953125,3933.333251953125,549000,2026-10-08
2015-12-07,3301.332275390625,4046.666748046875,4073.333251953125,3966.666748046875,3970.0,852600,2026-10-08
2015-12-08,3268.699462890625,4006.666748046875,4086.666748046875,3936.666748046875,4073.333251953125,730500,2026-10-08
2015-12-09,3260.541015625,3996.666748046875,4063.333251953125,3963.333251953125,4063.333251953125,745800,2026-10-08
2015-12-10,3233.346923828125,3963.333251953125,4056.666748046875,3930.0,4033.333251953125,706500,2026-10-08
2015-12-11,3241.505615234375,3973.333251953125,3990.0,3853.333251953125,3873.333251953125,1106400,2026-10-08
2015-12-14,3132.72998046875,3840.0,3870.0,3800.0,3860.0,902700,2026-10-08
2015-12-15,3149.046630859375,3860.0,3920.0,3813.333251953125,3826.666748046875,857700,2026-10-08
2015-12-16,3200.71435546875,3923.333251953125,3953.333251953125,3860.0,3940.0,567600,2026-10-08
2015-12-17,3197.9951171875,3920.0,4040.0,3906.666748046875,4000.0,1233300,2026-10-08
2015-12-18,3132.72998046875,3840.0,3990.0,3823.333251953125,3916.666748046875,749700,2026-10-08
2015-12-21,3113.6943359375,3816.666748046875,3856.666748046875,3743.333251953125,3800.0,573000,2026-10-08
2015-12-22,3097.3779296875,3796.666748046875,3860.0,3783.333251953125,3826.666748046875,394200,2026-10-08
2015-12-24,3040.271240234375,3726.666748046875,3866.666748046875,3720.0,3836.666748046875,455400,2026-10-08
2015-12-25,3040.271240234375,3726.666748046875,3726.666748046875,3726.666748046875,3726.666748046875,0,2026-10-08
2015-12-28,3097.3779296875,3796.666748046875,3823.333251953125,3753.333251953125,3766.666748046875,429600,2026-10-08
2015-12-29,3132.72998046875,3840.0,3846.666748046875,3753.333251953125,3783.333251953125,347700,2026-10-08
2015-12-30,3127.290771484375,3833.333251953125,3873.333251953125,3816.666748046875,3866.666748046875,342000,2026-10-08
2016-01-04,3064.7451171875,3756.666748046875,3846.666748046875,3736.666748046875,3813.333251953125,387600,2026-10-08
2016-01-05,3029.393798828125,3713.333251953125,3783.333251953125,3693.333251953125,3760.0,508200,2026-10-08
2016-01-06,3037.551513671875,3723.333251953125,3803.333251953125,3686.666748046875,3753.333251953125,569400,2026-10-08
2016-01-07,2890.705322265625,3543.333251953125,3710.0,3516.666748046875,3680.0,862800,2026-10-08
2016-01-08,2909.74072265625,3566.666748046875,3620.0,3506.666748046875,3510.0,705300,2026-10-08
2016-01-12,2836.3173828125,3476.666748046875,3530.0,3466.666748046875,3496.666748046875,687900,2026-10-08
2016-01-13,2871.668701171875,3520.0,3553.333251953125,3486.666748046875,3503.333251953125,770400,2026-10-08
2016-01-14,2798.245361328125,3430.0,3450.0,3373.333251953125,3433.333251953125,757800,2026-10-08
2016-01-15,2820.00048828125,3456.666748046875,3553.333251953125,3440.0,3503.333251953125,1053300,2026-10-08
2016-01-18,2776.490966796875,3403.333251953125,3426.666748046875,3313.333251953125,3346.666748046875,650100,2026-10-08
2016-01-19,2877.10791015625,3526.666748046875,3546.666748046875,3393.333251953125,3406.666748046875,1015500,2026-10-08
2016-01-20,2749.296630859375,3370.0,3526.666748046875,3363.333251953125,3526.666748046875,539100,2026-10-08
2016-01-21,2719.383544921875,3333.333251953125,3493.333251953125,3333.333251953125,3346.666748046875,686700,2026-10-08
2016-01-22,2898.86328125,3553.333251953125,3560.0,3433.333251953125,3500.0,641400,2026-10-08
2016-01-25,2926.05712890625,3586.666748046875,3650.0,3566.666748046875,3603.333251953125,603000,2026-10-08
2016-01-26,2822.720458984375,3460.0,3556.666748046875,3453.333251953125,3530.0,597600,2026-10-08
2016-01-27,2977.72509765625,3650.0,3683.333251953125,3570.0,3583.333251953125,902700,2026-10-08
2016-01-28,3004.9189453125,3683.333251953125,3730.0,3636.666748046875,3643.333251953125,1009500,2026-10-08
2016-01-29,3072.903564453125,3766.666748046875,3783.333251953125,3623.333251953125,3686.666748046875,1157700,2026-10-08
2016-02-01,3236.066650390625,3966.666748046875,3986.666748046875,3803.333251953125,3803.333251953125,1572300,2026-10-08
2016-02-02,3138.16845703125,3846.666748046875,3970.0,3823.333251953125,3916.666748046875,1152300,2026-10-08
2016-02-03,3037.551513671875,3723.333251953125,3796.666748046875,3660.0,3766.666748046875,882600,2026-10-08
2016-02-04,3023.955078125,3706.666748046875,3746.666748046875,3673.333251953125,3700.0,820200,2026-10-08
2016-02-05,2958.689208984375,3626.666748046875,3676.666748046875,3576.666748046875,3623.333251953125,834000,2026-10-08
2016-02-08,3048.42919921875,3736.666748046875,3750.0,3513.333251953125,3586.666748046875,1385400,2026-10-08
2016-02-09,2830.87841796875,3470.0,3676.666748046875,3420.0,3636.666748046875,1312500,2026-10-08
2016-02-10,2760.174072265625,3383.333251953125,3510.0,3313.333251953125,3473.333251953125,748200,2026-10-08
2016-02-12,2591.572509765625,3176.666748046875,3253.333251953125,3130.0,3196.666748046875,2044200,2026-10-08
2016-02-15,2765.61328125,3390.0,3413.333251953125,3256.666748046875,3333.333251953125,1334700,2026-10-08
2016-02-16,2760.174072265625,3383.333251953125,3466.666748046875,3336.666748046875,3360.0,920100,2026-10-08
2016-02-17,2814.563232421875,3450.0,3550.0,3400.0,3446.666748046875,1533000,2026-10-08
2016-02-18,2907.021240234375,3563.333251953125,3586.666748046875,3516.666748046875,3550.0,782700,2026-10-08
2016-02-19,2811.8427734375,3446.666748046875,3546.666748046875,3430.0,3540.0,783000,2026-10-08
2016-02-22,2931.495849609375,3593.333251953125,3606.666748046875,3416.666748046875,3430.0,735000,2026-10-08
2016-02-23,2898.86328125,3553.333251953125,3673.333251953125,3510.0,3646.666748046875,1011900,2026-10-08
2016-02-24,2771.052001953125,3396.666748046875,3470.0,3373.333251953125,3470.0,1008600,2026-10-08
2016-02-25,2822.720458984375,3460.0,3476.666748046875,3413.333251953125,3413.333251953125,591600,2026-10-08
2016-02-26,2833.59814453125,3473.333251953125,3520.0,3463.333251953125,3493.333251953125,487200,2026-10-08
2016-02-29,2828.158935546875,3466.666748046875,3570.0,3466.666748046875,3540.0,492600,2026-10-08
2016-03-01,2765.61328125,3390.0,3466.666748046875,3336.666748046875,3436.666748046875,696900,2026-10-08
2016-03-02,2887.985595703125,3540.0,3570.0,3486.666748046875,3500.0,1153200,2026-10-08
2016-03-03,2887.985595703125,3540.0,3580.0,3496.666748046875,3580.0,589800,2026-10-08
2016-03-04,2836.3173828125,3476.666748046875,3516.666748046875,3396.666748046875,3483.333251953125,1502100,2026-10-08
2016-03-07,2852.6337890625,3496.666748046875,3523.333251953125,3470.0,3476.666748046875,694200,2026-10-08
2016-03-08,2817.28125,3453.333251953125,3513.333251953125,3406.666748046875,3493.333251953125,857400,2026-10-08
2016-03-09,2746.57763671875,3366.666748046875,3403.333251953125,3310.0,3376.666748046875,978600,2026-10-08
2016-03-10,2839.03662109375,3480.0,3503.333251953125,3376.666748046875,3390.0,1426200,2026-10-08
2016-03-11,2806.40380859375,3440.0,3470.0,3380.0,3430.0,1251600,2026-10-08
2016-03-14,2839.03662109375,3480.0,3520.0,3446.666748046875,3506.666748046875,835500,2026-10-08
2016-03-15,2787.3681640625,3416.666748046875,3473.333251953125,3406.666748046875,3463.333251953125,909600,2026-10-08
2016-03-16,2776.490966796875,3403.333251953125,3430.0,3360.0,3380.0,1130400,2026-10-08
2016-03-17,2689.470458984375,3296.666748046875,3420.0,3270.0,3363.333251953125,1415100,2026-10-08
2016-03-18,2597.011474609375,3183.333251953125,3276.666748046875,3136.666748046875,3276.666748046875,1722600,2026-10-08
2016-03-22,2654.1181640625,3253.333251953125,3316.666748046875,3203.333251953125,3233.333251953125,956100,2026-10-08
2016-03-23,2624.205078125,3216.666748046875,3253.333251953125,3196.666748046875,3226.666748046875,795300,2026-10-08
2016-03-24,2550.781982421875,3126.666748046875,3223.333251953125,3126.666748046875,3180.0,1035900,2026-10-08
2016-03-25,2564.379150390625,3143.333251953125,3166.666748046875,3116.666748046875,3133.333251953125,584400,2026-10-08
2016-03-28,2575.256591796875,3156.666748046875,3180.0,3130.0,3146.666748046875,645600,2026-10-08
2016-03-29,2633.78466796875,3150.0,3186.666748046875,3123.333251953125,3133.333251953125,626400,2026-10-08
2016-03-30,2625.42333984375,3140.0,3216.666748046875,3140.0,3180.0,765600,2026-10-08
2016-03-31,2658.86865234375,3180.0,3256.666748046875,3166.666748046875,3176.666748046875,1019400,2026-10-08
2016-04-01,2600.339599609375,3110.0,3230.0,3090.0,3186.666748046875,1478400,2026-10-08
2016-04-04,2608.701416015625,3120.0,3190.0,3066.666748046875,3090.0,846900,2026-10-08
2016-04-05,2533.45068359375,3030.0,3116.666748046875,3020.0,3103.333251953125,1064700,2026-10-08
2016-04-06,2516.727294921875,3010.0,3040.0,2980.0,3003.333251953125,1072500,2026-10-08
2016-04-07,2561.320556640625,3063.333251953125,3093.333251953125,2983.333251953125,2986.666748046875,1101000,2026-10-08
2016-04-08,2614.275390625,3126.666748046875,3166.666748046875,2963.333251953125,2986.666748046875,1123200,2026-10-08
2016-04-11,2583.61767578125,3090.0,3123.333251953125,3040.0,3120.0,642900,2026-10-08
2016-04-12,2661.656005859375,3183.333251953125,3186.666748046875,3063.333251953125,3063.333251953125,943800,2026-10-08
2016-04-13,2789.861328125,3336.666748046875,3350.0,3243.333251953125,3266.666748046875,1460700,2026-10-08
2016-04-14,2817.7314453125,3370.0,3430.0,3343.333251953125,3390.0,1527000,2026-10-08
2016-04-15,2778.712646484375,3323.333251953125,3366.666748046875,3310.0,3310.0,574500,2026-10-08
2016-04-18,2664.442626953125,3186.666748046875,3226.666748046875,3170.0,3173.333251953125,753600,2026-10-08
2016-04-19,2720.183837890625,3253.333251953125,3313.333251953125,3220.0,3273.333251953125,1072800,2026-10-08
2016-04-20,2745.26806640625,3283.333251953125,3306.666748046875,3253.333251953125,3286.666748046875,817500,2026-10-08
2016-04-21,2795.4345703125,3343.333251953125,3356.666748046875,3316.666748046875,3356.666748046875,612300,2026-10-08
2016-04-22,2812.157958984375,3363.333251953125,3373.333251953125,3270.0,3293.333251953125,1008000,2026-10-08
2016-04-25,2792.64794921875,3340.0,3376.666748046875,3326.666748046875,3356.666748046875,640200,2026-10-08
2016-04-26,2739.693603515625,3276.666748046875,3330.0,3270.0,3286.666748046875,487200,2026-10-08
2016-04-27,2670.01708984375,3193.333251953125,3260.0,3183.333251953125,3253.333251953125,710400,2026-10-08
2016-04-28,2636.57177734375,3153.333251953125,3270.0,3150.0,3173.333251953125,861600,2026-10-08
2016-05-02,2552.959716796875,3053.333251953125,3066.666748046875,3023.333251953125,3050.0,630300,2026-10-08
2016-05-06,2589.19189453125,3096.666748046875,3126.666748046875,3070.0,3083.333251953125,638700,2026-10-08
2016-05-09,2633.78466796875,3150.0,3173.333251953125,3126.666748046875,3146.666748046875,703800,2026-10-08
2016-05-10,2672.804443359375,3196.666748046875,3223.333251953125,3126.666748046875,3150.0,986700,2026-10-08
2016-05-11,2748.054931640625,3286.666748046875,3350.0,3216.666748046875,3216.666748046875,1778400,2026-10-08
2016-05-12,2642.146240234375,3160.0,3160.0,3053.333251953125,3053.333251953125,2331900,2026-10-08
2016-05-13,2555.746826171875,3056.666748046875,3153.333251953125,3053.333251953125,3140.0,1347300,2026-10-08
2016-05-16,2586.404541015625,3093.333251953125,3140.0,3056.666748046875,3060.0,1059000,2026-10-08
2016-05-17,2600.339599609375,3110.0,3126.666748046875,3063.333251953125,3123.333251953125,829200,2026-10-08
2016-05-18,2636.57177734375,3153.333251953125,3183.333251953125,3110.0,3120.0,882300,2026-10-08
2016-05-19,2711.822998046875,3243.333251953125,3276.666748046875,3216.666748046875,3253.333251953125,1341000,2026-10-08
2016-05-20,2703.46142578125,3233.333251953125,3240.0,3150.0,3156.666748046875,1215900,2026-10-08
2016-05-23,2734.11962890625,3270.0,3276.666748046875,3213.333251953125,3233.333251953125,777600,2026-10-08
2016-05-24,2720.183837890625,3253.333251953125,3283.333251953125,3246.666748046875,3260.0,750900,2026-10-08
2016-05-25,2773.138916015625,3316.666748046875,3366.666748046875,3276.666748046875,3290.0,997800,2026-10-08
2016-05-26,2773.138916015625,3316.666748046875,3363.333251953125,3310.0,3346.666748046875,721800,2026-10-08
2016-05-27,2817.7314453125,3370.0,3376.666748046875,3333.333251953125,3353.333251953125,707400,2026-10-08
2016-05-30,2870.68603515625,3433.333251953125,3433.333251953125,3383.333251953125,3410.0,447000,2026-10-08
2016-05-31,2940.36328125,3516.666748046875,3526.666748046875,3416.666748046875,3436.666748046875,1013100,2026-10-08
2016-06-01,2932.001953125,3506.666748046875,3566.666748046875,3490.0,3510.0,1220400,2026-10-08
2016-06-02,2884.621826171875,3450.0,3496.666748046875,3433.333251953125,3480.0,805800,2026-10-08
2016-06-03,2853.9638671875,3413.333251953125,3463.333251953125,3380.0,3450.0,1234500,2026-10-08
2016-06-06,2892.982666015625,3460.0,3470.0,3353.333251953125,3413.333251953125,1050900,2026-10-08
2016-06-07,2948.724609375,3526.666748046875,3536.666748046875,3480.0,3503.333251953125,1030200,2026-10-08
2016-06-08,3012.8271484375,3603.333251953125,3616.666748046875,3550.0,3563.333251953125,893400,2026-10-08
2016-06-09,2971.020751953125,3553.333251953125,3606.666748046875,3530.0,3560.0,975000,2026-10-08
2016-06-10,2965.44677734375,3546.666748046875,3573.333251953125,3496.666748046875,3540.0,744900,2026-10-08
2016-06-13,2739.693603515625,3276.666748046875,3373.333251953125,3270.0,3346.666748046875,1599300,2026-10-08
2016-06-14,2711.822998046875,3243.333251953125,3290.0,3223.333251953125,3246.666748046875,825900,2026-10-08
2016-06-15,2728.54541015625,3263.333251953125,3293.333251953125,3220.0,3243.333251953125,615900,2026-10-08
2016-06-16,2628.211181640625,3143.333251953125,3263.333251953125,3126.666748046875,3240.0,972300,2026-10-08
2016-06-17,2661.656005859375,3183.333251953125,3186.666748046875,3126.666748046875,3126.666748046875,1372200,2026-10-08
2016-06-20,2764.77734375,3306.666748046875,3333.333251953125,3223.333251953125,3223.333251953125,669900,2026-10-08
2016-06-21,2761.990478515625,3303.333251953125,3313.333251953125,3236.666748046875,3256.666748046875,645000,2026-10-08
2016-06-22,2770.3515625,3313.333251953125,3313.333251953125,3263.333251953125,3293.333251953125,746400,2026-10-08
2016-06-23,2812.157958984375,3363.333251953125,3370.0,3286.666748046875,3330.0,737400,2026-10-08
2016-06-24,2586.404541015625,3093.333251953125,3410.0,3063.333251953125,3383.333251953125,1225200,2026-10-08
2016-06-27,2572.469482421875,3076.666748046875,3113.333251953125,3016.666748046875,3093.333251953125,847800,2026-10-08
2016-06-28,2583.61767578125,3090.0,3116.666748046875,3030.0,3043.333251953125,753000,2026-10-08
2016-06-29,2569.682373046875,3073.333251953125,3083.333251953125,2970.0,3040.0,1424700,2026-10-08
2016-06-30,2561.320556640625,3063.333251953125,3120.0,3060.0,3083.333251953125,982500,2026-10-08
2016-07-01,2536.237060546875,3033.333251953125,3090.0,3016.666748046875,3066.666748046875,720000,2026-10-08
2016-07-04,2530.663330078125,3026.666748046875,3056.666748046875,2936.666748046875,3013.333251953125,885000,2026-10-08
2016-07-05,2500.00537109375,2990.0,3043.333251953125,2983.333251953125,3023.333251953125,699000,2026-10-08
2016-07-06,2466.560546875,2950.0,2960.0,2906.666748046875,2946.666748046875,796800,2026-10-08
2016-07-07,2455.412109375,2936.666748046875,2980.0,2920.0,2963.333251953125,752700,2026-10-08
2016-07-08,2438.68994140625,2916.666748046875,2983.333251953125,2916.666748046875,2956.666748046875,648300,2026-10-08
2016-07-11,2438.68994140625,2916.666748046875,2916.666748046875,2916.666748046875,2916.666748046875,0,2026-10-08
2016-07-12,2653.2939453125,3173.333251953125,3213.333251953125,3110.0,3116.666748046875,871200,2026-10-08
2016-07-13,2820.519287109375,3373.333251953125,3406.666748046875,3316.666748046875,3340.0,1770900,2026-10-08
2016-07-14,2803.796142578125,3353.333251953125,3360.0,3296.666748046875,3316.666748046875,611100,2026-10-08
2016-07-15,2767.564697265625,3310.0,3376.666748046875,3290.0,3366.666748046875,982200,2026-10-08
2016-07-19,2881.83447265625,3446.666748046875,3450.0,3340.0,3343.333251953125,748200,2026-10-08
2016-07-20,2859.5380859375,3420.0,3433.333251953125,3346.666748046875,3346.666748046875,739500,2026-10-08
2016-07-21,2856.750732421875,3416.666748046875,3463.333251953125,3400.0,3450.0,839700,2026-10-08
2016-07-22,2840.0283203125,3396.666748046875,3420.0,3360.0,3376.666748046875,385200,2026-10-08
2016-07-25,2859.5380859375,3420.0,3446.666748046875,3403.333251953125,3420.0,449400,2026-10-08
2016-07-26,2778.712646484375,3323.333251953125,3393.333251953125,3293.333251953125,3393.333251953125,353700,2026-10-08
2016-07-27,2920.853515625,3493.333251953125,3533.333251953125,3383.333251953125,3403.333251953125,1124100,2026-10-08
2016-07-28,2934.7890625,3510.0,3540.0,3406.666748046875,3406.666748046875,649200,2026-10-08
2016-07-29,2959.872802734375,3540.0,3550.0,3456.666748046875,3533.333251953125,589800,2026-10-08
2016-08-01,2915.27880859375,3486.666748046875,3506.666748046875,3443.333251953125,3470.0,488700,2026-10-08
2016-08-02,2979.382080078125,3563.333251953125,3583.333251953125,3483.333251953125,3506.666748046875,810000,2026-10-08
2016-08-03,2923.640869140625,3496.666748046875,3540.0,3473.333251953125,3480.0,648300,2026-10-08
2016-08-04,2954.2978515625,3533.333251953125,3553.333251953125,3473.333251953125,3526.666748046875,713100,2026-10-08
2016-08-05,3102.01318359375,3710.0,3856.666748046875,3626.666748046875,3633.333251953125,1690500,2026-10-08
2016-08-08,3132.671142578125,3746.666748046875,3800.0,3720.0,3783.333251953125,846300,2026-10-08
2016-08-09,3160.54248046875,3780.0,3793.333251953125,3673.333251953125,3700.0,603600,2026-10-08
2016-08-10,3143.819091796875,3760.0,3780.0,3726.666748046875,3726.666748046875,480600,2026-10-08
2016-08-12,3152.180908203125,3770.0,3816.666748046875,3760.0,3800.0,581400,2026-10-08
2016-08-15,3157.754638671875,3776.666748046875,3790.0,3743.333251953125,3743.333251953125,368100,2026-10-08
2016-08-16,3129.88427734375,3743.333251953125,3796.666748046875,3743.333251953125,3773.333251953125,399000,2026-10-08
2016-08-17,3088.078369140625,3693.333251953125,3703.333251953125,3640.0,3703.333251953125,747000,2026-10-08
2016-08-18,3090.864990234375,3696.666748046875,3763.333251953125,3693.333251953125,3706.666748046875,465900,2026-10-08
2016-08-19,3154.967529296875,3773.333251953125,3820.0,3743.333251953125,3820.0,880800,2026-10-08
2016-08-22,3205.13427734375,3833.333251953125,3863.333251953125,3793.333251953125,3826.666748046875,714300,2026-10-08
2016-08-23,3062.994384765625,3663.333251953125,3783.333251953125,3646.666748046875,3783.333251953125,989700,2026-10-08
2016-08-24,3079.716552734375,3683.333251953125,3740.0,3663.333251953125,3696.666748046875,726300,2026-10-08
2016-08-25,3127.096923828125,3740.0,3780.0,3713.333251953125,3726.666748046875,608400,2026-10-08
2016-08-26,3135.45849609375,3750.0,3780.0,3710.0,3743.333251953125,510600,2026-10-08
2016-08-29,3210.70947265625,3840.0,3863.333251953125,3806.666748046875,3830.0,424200,2026-10-08
2016-08-30,3180.051513671875,3803.333251953125,3830.0,3766.666748046875,3790.0,436500,2026-10-08
2016-08-31,3255.30224609375,3893.333251953125,3923.333251953125,3840.0,3853.333251953125,709800,2026-10-08
2016-09-01,3266.450927734375,3906.666748046875,3933.333251953125,3880.0,3896.666748046875,633900,2026-10-08
2016-09-02,3213.495849609375,3843.333251953125,3883.333251953125,3826.666748046875,3866.666748046875,466200,2026-10-08
2016-09-05,3233.005615234375,3866.666748046875,3950.0,3860.0,3916.666748046875,461700,2026-10-08
2016-09-06,3327.766357421875,3980.0,4000.0,3920.0,3933.333251953125,828900,2026-10-08
2016-09-07,3302.68212890625,3950.0,3966.666748046875,3876.666748046875,3953.333251953125,500400,2026-10-08
2016-09-08,3291.5341796875,3936.666748046875,3983.333251953125,3906.666748046875,3966.666748046875,619500,2026-10-08
2016-09-09,3305.469970703125,3953.333251953125,3980.0,3916.666748046875,3916.666748046875,354000,2026-10-08
2016-09-12,3255.30224609375,3893.333251953125,3960.0,3876.666748046875,3900.0,633600,2026-10-08
2016-09-13,3238.579345703125,3873.333251953125,3920.0,3866.666748046875,3920.0,443100,2026-10-08
2016-09-14,3224.64501953125,3856.666748046875,3913.333251953125,3816.666748046875,3830.0,442200,2026-10-08
2016-09-15,3227.431884765625,3860.0,3906.666748046875,3840.0,3853.333251953125,539400,2026-10-08
2016-09-16,3269.23779296875,3910.0,3926.666748046875,3853.333251953125,3913.333251953125,915000,2026-10-08
2016-09-20,3316.617919921875,3966.666748046875,3966.666748046875,3873.333251953125,3883.333251953125,658500,2026-10-08
2016-09-21,3246.941650390625,3883.333251953125,3906.666748046875,3796.666748046875,3893.333251953125,829800,2026-10-08
2016-09-23,3260.87646484375,3900.0,3930.0,3853.333251953125,3893.333251953125,634500,2026-10-08
2016-09-26,3249.728515625,3886.666748046875,3903.333251953125,3876.666748046875,3903.333251953125,370200,2026-10-08
2016-09-27,3235.792724609375,3870.0,3870.0,3756.666748046875,3830.0,858000,2026-10-08
2016-09-28,3295.585205078125,3913.333251953125,3923.333251953125,3836.666748046875,3863.333251953125,606900,2026-10-08
2016-09-29,3365.763916015625,3996.666748046875,4010.0,3943.333251953125,3953.333251953125,552900,2026-10-08
2016-09-30,3337.69189453125,3963.333251953125,3993.333251953125,3950.0,3960.0,490200,2026-10-08
2016-10-03,3354.534423828125,3983.333251953125,4003.333251953125,3960.0,3996.666748046875,485100,2026-10-08
2016-10-04,3483.663330078125,4136.66650390625,4136.66650390625,4000.0,4013.333251953125,744900,2026-10-08
2016-10-05,3500.505615234375,4156.66650390625,4213.33349609375,4150.0,4166.66650390625,783000,2026-10-08
2016-10-06,3480.856201171875,4133.33349609375,4213.33349609375,4120.0,4130.0,779100,2026-10-08
2016-10-07,3508.927978515625,4166.66650390625,4170.0,4066.666748046875,4110.0,501900,2026-10-08
2016-10-11,3478.049072265625,4130.0,4176.66650390625,4126.66650390625,4176.66650390625,468900,2026-10-08
2016-10-12,3421.90625,4063.333251953125,4103.33349609375,4046.666748046875,4056.666748046875,682200,2026-10-08
2016-10-13,3407.870361328125,4046.666748046875,4070.0,4013.333251953125,4063.333251953125,679800,2026-10-08
2016-10-14,3379.799072265625,4013.333251953125,4033.333251953125,3963.333251953125,4020.0,697500,2026-10-08
2016-10-17,3433.134765625,4076.666748046875,4093.333251953125,3966.666748046875,3996.666748046875,573000,2026-10-08
2016-10-18,3407.870361328125,4046.666748046875,4080.0,4023.333251953125,4040.0,603000,2026-10-08
2016-10-19,3379.799072265625,4013.333251953125,4053.333251953125,3993.333251953125,4046.666748046875,551400,2026-10-08
2016-10-20,3368.57080078125,4000.0,4020.0,3963.333251953125,3980.0,529800,2026-10-08
2016-10-21,3362.95654296875,3993.333251953125,4046.666748046875,3986.666748046875,4043.333251953125,535200,2026-10-08
2016-10-24,3334.885009765625,3960.0,4003.333251953125,3913.333251953125,3980.0,477300,2026-10-08
2016-10-25,3430.32763671875,4073.333251953125,4080.0,3980.0,4006.666748046875,485400,2026-10-08
2016-10-26,3441.556396484375,4086.666748046875,4123.33349609375,4053.333251953125,4053.333251953125,384000,2026-10-08
2016-10-27,3385.413330078125,4020.0,4090.0,4006.666748046875,4056.666748046875,549300,2026-10-08
2016-10-28,3520.15673828125,4180.0,4206.66650390625,4083.333251953125,4090.0,1152000,2026-10-08
2016-10-31,3565.07080078125,4233.33349609375,4283.33349609375,4216.66650390625,4216.66650390625,836100,2026-10-08
2016-11-01,3565.07080078125,4233.33349609375,4250.0,4183.33349609375,4200.0,665100,2026-10-08
2016-11-02,3511.735107421875,4170.0,4203.33349609375,4160.0,4196.66650390625,411600,2026-10-08
2016-11-04,3475.241455078125,4126.66650390625,4150.0,4070.0,4070.0,723900,2026-10-08
2016-11-07,3531.38525390625,4193.33349609375,4233.33349609375,4150.0,4200.0,434400,2026-10-08
2016-11-08,3573.491943359375,4243.33349609375,4286.66650390625,4083.333251953125,4093.333251953125,847200,2026-10-08
2016-11-09,3410.677490234375,4050.0,4316.66650390625,4000.0,4283.33349609375,1152600,2026-10-08
2016-11-10,3632.442138671875,4313.33349609375,4390.0,4203.33349609375,4246.66650390625,1112700,2026-10-08
2016-11-11,3559.45556640625,4226.66650390625,4346.66650390625,4210.0,4333.33349609375,776700,2026-10-08
2016-11-14,3581.9140625,4253.33349609375,4280.0,4223.33349609375,4280.0,535500,2026-10-08
2016-11-15,3542.61328125,4206.66650390625,4290.0,4180.0,4270.0,646200,2026-10-08
2016-11-16,3587.528076171875,4260.0,4303.33349609375,4243.33349609375,4266.66650390625,566100,2026-10-08
2016-11-17,3581.9140625,4253.33349609375,4260.0,4203.33349609375,4233.33349609375,342000,2026-10-08
2016-11-18,3739.113037109375,4440.0,4463.33349609375,4316.66650390625,4333.33349609375,888900,2026-10-08
2016-11-21,3719.46337890625,4416.66650390625,4493.33349609375,4406.66650390625,4483.33349609375,453300,2026-10-08
2016-11-22,3705.42822265625,4400.0,4430.0,4376.66650390625,4416.66650390625,441300,2026-10-08
2016-11-24,3761.569580078125,4466.66650390625,4496.66650390625,4423.33349609375,4476.66650390625,650400,2026-10-08
2016-11-25,3711.041748046875,4406.66650390625,4483.33349609375,4383.33349609375,4436.66650390625,537600,2026-10-08
2016-11-28,3747.534912109375,4450.0,4463.33349609375,4406.66650390625,4463.33349609375,497400,2026-10-08
2016-11-29,3784.028076171875,4493.33349609375,4496.66650390625,4410.0,4426.66650390625,460800,2026-10-08
2016-11-30,3806.48486328125,4520.0,4570.0,4500.0,4500.0,752100,2026-10-08
2016-12-01,3842.977783203125,4563.33349609375,4600.0,4543.33349609375,4573.33349609375,586800,2026-10-08
2016-12-02,3654.899169921875,4340.0,4463.33349609375,4300.0,4426.66650390625,1137000,2026-10-08
2016-12-05,3663.3203125,4350.0,4360.0,4273.33349609375,4326.66650390625,488700,2026-10-08
2016-12-06,3685.7783203125,4376.66650390625,4470.0,4360.0,4450.0,717300,2026-10-08
2016-12-07,3638.057373046875,4320.0,4423.33349609375,4296.66650390625,4420.0,533400,2026-10-08
2016-12-08,3646.4775390625,4330.0,4386.66650390625,4260.0,4373.33349609375,804900,2026-10-08
2016-12-09,3682.970458984375,4373.33349609375,4380.0,4280.0,4286.66650390625,635100,2026-10-08
2016-12-12,3682.970458984375,4373.33349609375,4390.0,4323.33349609375,4366.66650390625,621000,2026-10-08
2016-12-13,3699.813232421875,4393.33349609375,4406.66650390625,4300.0,4300.0,584400,2026-10-08
2016-12-14,3705.42822265625,4400.0,4440.0,4296.66650390625,4296.66650390625,561300,2026-10-08
2016-12-15,3747.534912109375,4450.0,4463.33349609375,4370.0,4370.0,532800,2026-10-08
2016-12-16,3800.8701171875,4513.33349609375,4533.33349609375,4466.66650390625,4500.0,725700,2026-10-08
2016-12-19,3767.185791015625,4473.33349609375,4496.66650390625,4453.33349609375,4480.0,350400,2026-10-08
2016-12-20,3831.749267578125,4550.0,4553.33349609375,4440.0,4483.33349609375,482400,2026-10-08
2016-12-21,3837.363525390625,4556.66650390625,4600.0,4543.33349609375,4556.66650390625,569400,2026-10-08
2016-12-22,3946.841796875,4686.66650390625,4710.0,4550.0,4590.0,960900,2026-10-08
2016-12-26,3921.576904296875,4656.66650390625,4760.0,4653.33349609375,4680.0,609900,2026-10-08
2016-12-27,3921.576904296875,4656.66650390625,4706.66650390625,4613.33349609375,4660.0,516000,2026-10-08
2016-12-28,4014.212890625,4766.66650390625,4796.66650390625,4666.66650390625,4666.66650390625,561000,2026-10-08
2016-12-29,3932.805908203125,4670.0,4736.66650390625,4640.0,4720.0,411600,2026-10-08
2016-12-30,3974.913330078125,4720.0,4733.33349609375,4600.0,4623.33349609375,292800,2026-10-08
2017-01-04,4061.935302734375,4823.33349609375,4850.0,4763.33349609375,4790.0,822600,2026-10-08
2017-01-05,4008.59814453125,4760.0,4823.33349609375,4703.33349609375,4823.33349609375,674700,2026-10-08
2017-01-06,3955.2626953125,4696.66650390625,4723.33349609375,4656.66650390625,4660.0,584400,2026-10-08
2017-01-10,4033.86328125,4790.0,4813.33349609375,4736.66650390625,4760.0,690300,2026-10-08
2017-01-11,4025.442138671875,4780.0,4823.33349609375,4770.0,4800.0,436800,2026-10-08
2017-01-12,4073.1630859375,4836.66650390625,4886.66650390625,4816.66650390625,4843.33349609375,643200,2026-10-08
2017-01-13,4053.51416015625,4813.33349609375,4880.0,4796.66650390625,4810.0,569700,2026-10-08
2017-01-16,4000.178955078125,4750.0,4850.0,4720.0,4833.33349609375,746700,2026-10-08
2017-01-17,3949.64892578125,4690.0,4760.0,4686.66650390625,4730.0,500700,2026-10-08
2017-01-18,3977.72021484375,4723.33349609375,4740.0,4650.0,4650.0,396300,2026-10-08
2017-01-19,4047.89892578125,4806.66650390625,4820.0,4753.33349609375,4800.0,431700,2026-10-08
2017-01-20,4022.6337890625,4776.66650390625,4820.0,4743.33349609375,4753.33349609375,415200,2026-10-08
2017-01-23,4070.3564453125,4833.33349609375,4873.33349609375,4750.0,4763.33349609375,528000,2026-10-08
2017-01-24,4039.477783203125,4796.66650390625,4870.0,4783.33349609375,4803.33349609375,417000,2026-10-08
2017-01-25,4092.8134765625,4860.0,4893.33349609375,4823.33349609375,4883.33349609375,432000,2026-10-08
2017-01-26,4087.2001953125,4853.33349609375,4866.66650390625,4800.0,4800.0,1018500,2026-10-08
2017-01-27,4092.8134765625,4860.0,4923.33349609375,4846.66650390625,4880.0,625800,2026-10-08
2017-01-30,4123.69140625,4896.66650390625,4910.0,4846.66650390625,4846.66650390625,451200,2026-10-08
2017-01-31,4053.51416015625,4813.33349609375,4853.33349609375,4800.0,4836.66650390625,507300,2026-10-08
2017-02-01,4008.59814453125,4760.0,4773.33349609375,4710.0,4736.66650390625,579600,2026-10-08
2017-02-02,4005.792236328125,4756.66650390625,4836.66650390625,4726.66650390625,4806.66650390625,511200,2026-10-08
2017-02-03,4002.984375,4753.33349609375,4813.33349609375,4716.66650390625,4776.66650390625,452100,2026-10-08
2017-02-06,4014.212890625,4766.66650390625,4813.33349609375,4723.33349609375,4813.33349609375,469800,2026-10-08
2017-02-07,4553.1845703125,5406.66650390625,5583.33349609375,5316.66650390625,5480.0,3385800,2026-10-08
2017-02-08,4628.97705078125,5496.66650390625,5550.0,5363.33349609375,5406.66650390625,1344900,2026-10-08
2017-02-09,4673.8916015625,5550.0,5636.66650390625,5460.0,5513.33349609375,1426800,2026-10-08
2017-02-10,4752.49169921875,5643.33349609375,5683.33349609375,5566.66650390625,5586.66650390625,734700,2026-10-08
2017-02-13,4769.33447265625,5663.33349609375,5693.33349609375,5636.66650390625,5676.66650390625,573900,2026-10-08
2017-02-14,4749.68505859375,5640.0,5796.66650390625,5626.66650390625,5786.66650390625,805200,2026-10-08
2017-02-15,4752.49169921875,5643.33349609375,5720.0,5590.0,5696.66650390625,767400,2026-10-08
2017-02-16,4780.5625,5676.66650390625,5686.66650390625,5580.0,5626.66650390625,732000,2026-10-08
2017-02-17,4741.26318359375,5630.0,5673.33349609375,5603.33349609375,5616.66650390625,437700,2026-10-08
2017-02-20,4794.599609375,5693.33349609375,5716.66650390625,5640.0,5650.0,523200,2026-10-08
2017-02-21,4842.3203125,5750.0,5763.33349609375,5666.66650390625,5673.33349609375,551400,2026-10-08
2017-02-22,4822.669921875,5726.66650390625,5756.66650390625,5683.33349609375,5730.0,479400,2026-10-08
2017-02-23,4853.54833984375,5763.33349609375,5763.33349609375,5703.33349609375,5753.33349609375,453900,2026-10-08
2017-02-24,4803.021484375,5703.33349609375,5773.33349609375,5683.33349609375,5703.33349609375,420900,2026-10-08
2017-02-27,4738.455078125,5626.66650390625,5683.33349609375,5600.0,5660.0,574800,2026-10-08
2017-02-28,4741.26318359375,5630.0,5723.33349609375,5630.0,5710.0,431700,2026-10-08
2017-03-01,4825.4765625,5730.0,5770.0,5626.66650390625,5646.66650390625,654900,2026-10-08
2017-03-02,4946.18505859375,5873.33349609375,5886.66650390625,5763.33349609375,5800.0,670500,2026-10-08
2017-03-03,4920.92041015625,5843.33349609375,5856.66650390625,5810.0,5850.0,464400,2026-10-08
2017-03-06,4946.18505859375,5873.33349609375,5883.33349609375,5810.0,5810.0,510300,2026-10-08
2017-03-07,4892.849609375,5810.0,5876.66650390625,5790.0,5876.66650390625,499200,2026-10-08
2017-03-08,4890.0419921875,5806.66650390625,5833.33349609375,5770.0,5810.0,447300,2026-10-08
2017-03-09,4974.25537109375,5906.66650390625,5923.33349609375,5833.33349609375,5866.66650390625,547500,2026-10-08
2017-03-10,5007.9423828125,5946.66650390625,5996.66650390625,5893.33349609375,5973.33349609375,647400,2026-10-08
2017-03-13,4937.763671875,5863.33349609375,5900.0,5740.0,5893.33349609375,656400,2026-10-08
2017-03-14,4918.11328125,5840.0,5850.0,5806.66650390625,5813.33349609375,529800,2026-10-08
2017-03-15,4805.82763671875,5706.66650390625,5840.0,5696.66650390625,5810.0,853200,2026-10-08
2017-03-16,4856.35595703125,5766.66650390625,5780.0,5606.66650390625,5666.66650390625,910200,2026-10-08
2017-03-17,4758.1064453125,5650.0,5713.33349609375,5620.0,5706.66650390625,893400,2026-10-08
2017-03-21,4744.06982421875,5633.33349609375,5643.33349609375,5560.0,5636.66650390625,804900,2026-10-08
2017-03-22,4648.626953125,5520.0,5560.0,5436.66650390625,5480.0,729900,2026-10-08
2017-03-23,4679.50537109375,5556.66650390625,5600.0,5510.0,5516.66650390625,714900,2026-10-08
2017-03-24,4749.68505859375,5640.0,5680.0,5566.66650390625,5566.66650390625,573000,2026-10-08
2017-03-27,4701.962890625,5583.33349609375,5656.66650390625,5550.0,5550.0,392700,2026-10-08
2017-03-28,4786.17724609375,5683.33349609375,5686.66650390625,5583.33349609375,5633.33349609375,594300,2026-10-08
2017-03-29,4837.8681640625,5646.66650390625,5690.0,5580.0,5650.0,690900,2026-10-08
2017-03-30,4889.275390625,5706.66650390625,5773.33349609375,5640.0,5646.66650390625,660000,2026-10-08
2017-03-31,4835.01318359375,5643.33349609375,5790.0,5643.33349609375,5783.33349609375,480600,2026-10-08
2017-04-03,4843.58056640625,5653.33349609375,5710.0,5636.66650390625,5673.33349609375,551700,2026-10-08
2017-04-04,4855.0048828125,5666.66650390625,5783.33349609375,5596.66650390625,5690.0,853800,2026-10-08
2017-04-05,4852.1484375,5663.33349609375,5746.66650390625,5596.66650390625,5713.33349609375,893400,2026-10-08
2017-04-06,4786.46240234375,5586.66650390625,5686.66650390625,5566.66650390625,5643.33349609375,659700,2026-10-08
2017-04-07,4817.8779296875,5623.33349609375,5666.66650390625,5550.0,5666.66650390625,594600,2026-10-08
2017-04-10,4863.57177734375,5676.66650390625,5686.66650390625,5576.66650390625,5643.33349609375,729000,2026-10-08
2017-04-11,4797.88671875,5600.0,5643.33349609375,5533.33349609375,5633.33349609375,726300,2026-10-08
2017-04-12,4600.830078125,5370.0,5536.66650390625,5356.66650390625,5533.33349609375,1470000,2026-10-08
2017-04-13,4572.27099609375,5336.66650390625,5346.66650390625,5160.0,5203.33349609375,1362300,2026-10-08
2017-04-14,4643.66796875,5420.0,5460.0,5313.33349609375,5336.66650390625,898500,2026-10-08
2017-04-17,4597.97509765625,5366.66650390625,5450.0,5343.33349609375,5386.66650390625,667500,2026-10-08
2017-04-18,4603.68701171875,5373.33349609375,5490.0,5356.66650390625,5420.0,743100,2026-10-08
2017-04-19,4632.24560546875,5406.66650390625,5450.0,5333.33349609375,5350.0,939000,2026-10-08
2017-04-20,4703.642578125,5490.0,5516.66650390625,5386.66650390625,5450.0,1135500,2026-10-08
2017-04-21,4849.29150390625,5660.0,5700.0,5520.0,5623.33349609375,1230900,2026-10-08
2017-04-24,4869.283203125,5683.33349609375,5756.66650390625,5670.0,5700.0,838800,2026-10-08
2017-04-25,4954.96044921875,5783.33349609375,5810.0,5666.66650390625,5670.0,803100,2026-10-08
2017-04-26,4997.7978515625,5833.33349609375,5916.66650390625,5806.66650390625,5916.66650390625,1172700,2026-10-08
2017-04-27,5034.92431640625,5876.66650390625,5890.0,5703.33349609375,5776.66650390625,673200,2026-10-08
2017-04-28,5032.06884765625,5873.33349609375,5900.0,5773.33349609375,5896.66650390625,968400,2026-10-08
2017-05-01,5143.44921875,6003.33349609375,6063.33349609375,5913.33349609375,5916.66650390625,1035300,2026-10-08
2017-05-02,5197.71142578125,6066.66650390625,6070.0,5950.0,6030.0,772200,2026-10-08
2017-05-08,5317.65673828125,6206.66650390625,6226.66650390625,6100.0,6133.33349609375,1207800,2026-10-08
2017-05-09,5263.39599609375,6143.33349609375,6200.0,6120.0,6163.33349609375,888600,2026-10-08
2017-05-10,5246.259765625,6123.33349609375,6176.66650390625,6040.0,6100.0,1117500,2026-10-08
2017-05-11,5397.62255859375,6300.0,6480.0,6230.0,6233.33349609375,2072700,2026-10-08
2017-05-12,5371.91943359375,6270.0,6383.33349609375,6253.33349609375,6300.0,1069200,2026-10-08
2017-05-15,5271.962890625,6153.33349609375,6240.0,6146.66650390625,6196.66650390625,1195500,2026-10-08
2017-05-16,5377.63037109375,6276.66650390625,6300.0,6190.0,6240.0,1212000,2026-10-08
2017-05-17,5403.33447265625,6306.66650390625,6343.33349609375,6240.0,6296.66650390625,908100,2026-10-08
2017-05-18,5371.91943359375,6270.0,6283.33349609375,6153.33349609375,6190.0,851400,2026-10-08
2017-05-19,5366.20751953125,6263.33349609375,6350.0,6236.66650390625,6333.33349609375,955200,2026-10-08
2017-05-22,5337.6484375,6230.0,6280.0,6220.0,6266.66650390625,585000,2026-10-08
2017-05-23,5329.0810546875,6220.0,6280.0,6196.66650390625,6230.0,545700,2026-10-08
2017-05-24,5377.63037109375,6276.66650390625,6323.33349609375,6233.33349609375,6310.0,774000,2026-10-08
2017-05-25,5314.80126953125,6203.33349609375,6300.0,6193.33349609375,6276.66650390625,804000,2026-10-08
2017-05-26,5337.6484375,6230.0,6230.0,6076.66650390625,6126.66650390625,959400,2026-10-08
2017-05-29,5354.783203125,6250.0,6293.33349609375,6186.66650390625,6230.0,871200,2026-10-08
2017-05-30,5351.92919921875,6246.66650390625,6286.66650390625,6186.66650390625,6253.33349609375,693300,2026-10-08
2017-05-31,5454.73974609375,6366.66650390625,6366.66650390625,6173.33349609375,6256.66650390625,8546400,2026-10-08
2017-06-01,5537.56201171875,6463.33349609375,6573.33349609375,6406.66650390625,6500.0,1396500,2026-10-08
2017-06-02,5511.85791015625,6433.33349609375,6483.33349609375,6370.0,6450.0,1249800,2026-10-08
2017-06-05,5643.228515625,6586.66650390625,6600.0,6496.66650390625,6526.66650390625,899700,2026-10-08
2017-06-06,5634.6611328125,6576.66650390625,6653.33349609375,6543.33349609375,6613.33349609375,899400,2026-10-08
2017-06-07,5717.482421875,6673.33349609375,6746.66650390625,6620.0,6646.66650390625,952200,2026-10-08
2017-06-08,5728.9052734375,6686.66650390625,6746.66650390625,6666.66650390625,6700.0,879000,2026-10-08
2017-06-09,5743.18505859375,6703.33349609375,6743.33349609375,6653.33349609375,6686.66650390625,715500,2026-10-08
2017-06-12,5423.32421875,6330.0,6456.66650390625,6310.0,6400.0,1523700,2026-10-08
2017-06-13,5389.0546875,6290.0,6333.33349609375,6223.33349609375,6233.33349609375,1012200,2026-10-08
2017-06-14,5303.37841796875,6190.0,6463.33349609375,6173.33349609375,6446.66650390625,1373100,2026-10-08
2017-06-15,5189.1416015625,6056.66650390625,6146.66650390625,6046.66650390625,6146.66650390625,1157700,2026-10-08
2017-06-16,5177.71923828125,6043.33349609375,6073.33349609375,5993.33349609375,6033.33349609375,1015800,2026-10-08
2017-06-19,5257.68359375,6136.66650390625,6136.66650390625,6023.33349609375,6066.66650390625,640500,2026-10-08
2017-06-20,5363.3515625,6260.0,6280.0,6190.0,6256.66650390625,923700,2026-10-08
2017-06-21,5289.09814453125,6173.33349609375,6280.0,6146.66650390625,6260.0,857400,2026-10-08
2017-06-22,5280.53173828125,6163.33349609375,6223.33349609375,6160.0,6200.0,513000,2026-10-08
2017-06-23,5214.845703125,6086.66650390625,6170.0,6076.66650390625,6163.33349609375,726000,2026-10-08
2017-06-26,5289.09814453125,6173.33349609375,6183.33349609375,6076.66650390625,6076.66650390625,386700,2026-10-08
2017-06-27,5317.65673828125,6206.66650390625,6236.66650390625,6110.0,6183.33349609375,678000,2026-10-08
2017-06-28,5146.3037109375,6006.66650390625,6130.0,6000.0,6116.66650390625,901800,2026-10-08
2017-06-29,5186.2880859375,6053.33349609375,6140.0,6016.66650390625,6140.0,674400,2026-10-08
2017-06-30,5117.7451171875,5973.33349609375,5973.33349609375,5873.33349609375,5920.0,1095300,2026-10-08
2017-07-03,5069.19482421875,5916.66650390625,6006.66650390625,5893.33349609375,5973.33349609375,957900,2026-10-08
2017-07-04,4903.5537109375,5723.33349609375,5916.66650390625,5713.33349609375,5916.66650390625,1437900,2026-10-08
2017-07-05,5154.8720703125,6016.66650390625,6016.66650390625,5736.66650390625,5740.0,1568700,2026-10-08
2017-07-06,5134.880859375,5993.33349609375,6063.33349609375,5926.66650390625,6036.66650390625,774300,2026-10-08
2017-07-07,5200.56591796875,6070.0,6086.66650390625,5936.66650390625,5936.66650390625,666600,2026-10-08
2017-07-10,5340.50439453125,6233.33349609375,6243.33349609375,6116.66650390625,6196.66650390625,1005900,2026-10-08
2017-07-11,5414.7578125,6320.0,6320.0,6243.33349609375,6280.0,751200,2026-10-08
2017-07-12,5377.63037109375,6276.66650390625,6330.0,6273.33349609375,6300.0,591600,2026-10-08
2017-07-13,5489.0107421875,6406.66650390625,6406.66650390625,6310.0,6316.66650390625,759300,2026-10-08
2017-07-14,5440.4619140625,6350.0,6386.66650390625,6336.66650390625,6350.0,624000,2026-10-08
2017-07-17,5440.4619140625,6350.0,6350.0,6350.0,6350.0,0,2026-10-08
2017-07-18,5486.15478515625,6403.33349609375,6403.33349609375,6306.66650390625,6350.0,603900,2026-10-08
2017-07-19,5514.712890625,6436.66650390625,6453.33349609375,6380.0,6436.66650390625,561000,2026-10-08
2017-07-20,5640.37255859375,6583.33349609375,6596.66650390625,6496.66650390625,6496.66650390625,816900,2026-10-08
2017-07-21,5717.482421875,6673.33349609375,6710.0,6576.66650390625,6576.66650390625,767700,2026-10-08
2017-07-24,5706.05859375,6660.0,6690.0,6600.0,6650.0,604500,2026-10-08
2017-07-25,5717.482421875,6673.33349609375,6716.66650390625,6653.33349609375,6683.33349609375,534300,2026-10-08
2017-07-26,5723.1923828125,6680.0,6820.0,6620.0,6800.0,793200,2026-10-08
2017-07-27,5834.57275390625,6810.0,6830.0,6676.66650390625,6713.33349609375,758100,2026-10-08
2017-07-28,5626.09326171875,6566.66650390625,6776.66650390625,6543.33349609375,6746.66650390625,940200,2026-10-08
2017-07-31,5588.966796875,6523.33349609375,6603.33349609375,6480.0,6480.0,716100,2026-10-08
2017-08-01,5568.97607421875,6500.0,6506.66650390625,6416.66650390625,6476.66650390625,695700,2026-10-08
2017-08-02,5683.2109375,6633.33349609375,6633.33349609375,6530.0,6583.33349609375,560400,2026-10-08
2017-08-03,5551.84033203125,6480.0,6553.33349609375,6393.33349609375,6546.66650390625,901800,2026-10-08
2017-08-04,5351.92919921875,6246.66650390625,6333.33349609375,6133.33349609375,6213.33349609375,1953600,2026-10-08
2017-08-07,5474.73193359375,6390.0,6396.66650390625,6296.66650390625,6296.66650390625,949500,2026-10-08
2017-08-08,5483.29833984375,6400.0,6490.0,6386.66650390625,6450.0,976500,2026-10-08
2017-08-09,5411.90087890625,6316.66650390625,6390.0,6290.0,6376.66650390625,625800,2026-10-08
2017-08-10,5440.4619140625,6350.0,6386.66650390625,6293.33349609375,6350.0,595800,2026-10-08
2017-08-11,5440.4619140625,6350.0,6350.0,6350.0,6350.0,0,2026-10-08
2017-08-14,5443.31591796875,6353.33349609375,6393.33349609375,6246.66650390625,6296.66650390625,613200,2026-10-08
2017-08-15,5520.4248046875,6443.33349609375,6470.0,6400.0,6416.66650390625,663000,2026-10-08
2017-08-16,5537.56201171875,6463.33349609375,6506.66650390625,6436.66650390625,6456.66650390625,423600,2026-10-08
2017-08-17,5540.41650390625,6466.66650390625,6520.0,6450.0,6476.66650390625,355800,2026-10-08
2017-08-18,5591.822265625,6526.66650390625,6560.0,6376.66650390625,6380.0,599100,2026-10-08
2017-08-21,5566.11962890625,6496.66650390625,6590.0,6496.66650390625,6546.66650390625,569700,2026-10-08
2017-08-22,5694.634765625,6646.66650390625,6660.0,6530.0,6536.66650390625,633900,2026-10-08
2017-08-23,5711.76953125,6666.66650390625,6756.66650390625,6643.33349609375,6730.0,521100,2026-10-08
2017-08-24,5711.76953125,6666.66650390625,6710.0,6663.33349609375,6670.0,363600,2026-10-08
2017-08-25,5674.642578125,6623.33349609375,6680.0,6616.66650390625,6650.0,307200,2026-10-08
2017-08-28,5694.634765625,6646.66650390625,6663.33349609375,6596.66650390625,6660.0,273000,2026-10-08
2017-08-29,5708.9140625,6663.33349609375,6683.33349609375,6593.33349609375,6610.0,423300,2026-10-08
2017-08-30,5660.3642578125,6606.66650390625,6660.0,6586.66650390625,6660.0,414000,2026-10-08
2017-08-31,5628.94873046875,6570.0,6646.66650390625,6546.66650390625,6626.66650390625,768900,2026-10-08
2017-09-01,5666.07470703125,6613.33349609375,6623.33349609375,6510.0,6590.0,627000,2026-10-08
2017-09-04,5654.65185546875,6600.0,6610.0,6533.33349609375,6556.66650390625,378300,2026-10-08
2017-09-05,5551.84033203125,6480.0,6576.66650390625,6433.33349609375,6550.0,654600,2026-10-08
2017-09-06,5646.08447265625,6590.0,6596.66650390625,6370.0,6383.33349609375,745200,2026-10-08
2017-09-07,5723.1923828125,6680.0,6743.33349609375,6590.0,6590.0,723600,2026-10-08
2017-09-08,5763.17431640625,6726.66650390625,6753.33349609375,6693.33349609375,6700.0,601500,2026-10-08
2017-09-11,5991.64697265625,6993.33349609375,7003.33349609375,6766.66650390625,6776.66650390625,960000,2026-10-08
2017-09-12,6165.85546875,7196.66650390625,7216.66650390625,7083.33349609375,7126.66650390625,774900,2026-10-08
2017-09-13,6217.26171875,7256.66650390625,7303.33349609375,7176.66650390625,7230.0,522300,2026-10-08
2017-09-14,6228.68310546875,7270.0,7330.0,7230.0,7263.33349609375,622800,2026-10-08
2017-09-15,6331.4970703125,7390.0,7390.0,7276.66650390625,7276.66650390625,728100,2026-10-08
2017-09-18,6331.4970703125,7390.0,7390.0,7390.0,7390.0,0,2026-10-08
2017-09-19,6625.6533203125,7733.33349609375,7736.66650390625,7466.66650390625,7623.33349609375,1253700,2026-10-08
2017-09-20,6717.04052734375,7840.0,7860.0,7750.0,7806.66650390625,842700,2026-10-08
2017-09-21,6462.8662109375,7543.33349609375,7766.66650390625,7503.33349609375,7726.66650390625,1296900,2026-10-08
2017-09-22,6497.138671875,7583.33349609375,7610.0,7496.66650390625,7600.0,795900,2026-10-08
2017-09-25,6508.56103515625,7596.66650390625,7680.0,7593.33349609375,7633.33349609375,497700,2026-10-08
2017-09-26,6405.7490234375,7476.66650390625,7540.0,7456.66650390625,7493.33349609375,754200,2026-10-08
2017-09-27,6414.65869140625,7440.0,7520.0,7423.33349609375,7453.33349609375,615600,2026-10-08
2017-09-28,6592.8427734375,7646.66650390625,7683.33349609375,7576.66650390625,7663.33349609375,899400,2026-10-08
2017-09-29,6578.4736328125,7630.0,7650.0,7583.33349609375,7636.66650390625,551400,2026-10-08
2017-10-02,6584.22216796875,7636.66650390625,7673.33349609375,7586.66650390625,7666.66650390625,399900,2026-10-08
2017-10-03,6595.7177734375,7650.0,7696.66650390625,7606.66650390625,7686.66650390625,485700,2026-10-08
2017-10-04,6630.205078125,7690.0,7726.66650390625,7640.0,7666.66650390625,505200,2026-10-08
2017-10-05,6667.56591796875,7733.33349609375,7993.33349609375,7696.66650390625,7883.33349609375,837000,2026-10-08
2017-10-06,6578.4736328125,7630.0,7793.33349609375,7586.66650390625,7736.66650390625,650700,2026-10-08
2017-10-09,6578.4736328125,7630.0,7630.0,7630.0,7630.0,0,2026-10-08
2017-10-10,6658.94482421875,7723.33349609375,7760.0,7660.0,7753.33349609375,705000,2026-10-08
2017-10-11,6702.052734375,7773.33349609375,7780.0,7686.66650390625,7750.0,539400,2026-10-08
2017-10-12,6805.51611328125,7893.33349609375,7950.0,7860.0,7873.33349609375,627600,2026-10-08
2017-10-13,6871.61669921875,7970.0,7990.0,7853.33349609375,7873.33349609375,560700,2026-10-08
2017-10-16,6851.49853515625,7946.66650390625,8040.0,7936.66650390625,8000.0,435600,2026-10-08
2017-10-17,6914.72607421875,8020.0,8040.0,7916.66650390625,7950.0,384600,2026-10-08
2017-10-18,6802.64306640625,7890.0,7976.66650390625,7846.66650390625,7953.33349609375,492900,2026-10-08
2017-10-19,6891.7353515625,7993.33349609375,8020.0,7830.0,7830.0,540600,2026-10-08
2017-10-20,7006.6923828125,8126.66650390625,8126.66650390625,7926.66650390625,7926.66650390625,645000,2026-10-08
2017-10-23,7115.90087890625,8253.3330078125,8280.0,8146.66650390625,8200.0,590100,2026-10-08
2017-10-24,7147.51708984375,8290.0,8290.0,8143.33349609375,8163.33349609375,478800,2026-10-08
2017-10-25,7239.4833984375,8396.6669921875,8503.3330078125,8336.6669921875,8336.6669921875,807900,2026-10-08
2017-10-26,7311.33203125,8480.0,8520.0,8366.6669921875,8396.6669921875,557700,2026-10-08
2017-10-27,7357.3134765625,8533.3330078125,8550.0,8423.3330078125,8533.3330078125,651900,2026-10-08
2017-10-30,7426.28955078125,8613.3330078125,8613.3330078125,8520.0,8566.6669921875,1002000,2026-10-08
2017-10-31,7509.63525390625,8710.0,8716.6669921875,8606.6669921875,8636.6669921875,536700,2026-10-08
2017-11-01,7797.02880859375,9043.3330078125,9083.3330078125,8716.6669921875,8876.6669921875,1055400,2026-10-08
2017-11-02,7739.5517578125,8976.6669921875,9003.3330078125,8843.3330078125,8986.6669921875,861900,2026-10-08
2017-11-03,7739.5517578125,8976.6669921875,8976.6669921875,8976.6669921875,8976.6669921875,0,2026-10-08
2017-11-06,7788.40625,9033.3330078125,9140.0,8990.0,9093.3330078125,788100,2026-10-08
2017-11-07,7615.96923828125,8833.3330078125,8916.6669921875,8383.3330078125,8436.6669921875,2811300,2026-10-08
2017-11-08,7888.99658203125,9150.0,9173.3330078125,8750.0,8833.3330078125,1527900,2026-10-08
2017-11-09,7733.80224609375,8970.0,9200.0,8763.3330078125,9196.6669921875,1302000,2026-10-08
2017-11-10,7638.9619140625,8860.0,8880.0,8686.6669921875,8736.6669921875,1003500,2026-10-08
2017-11-13,7604.47412109375,8820.0,9033.3330078125,8803.3330078125,9000.0,452700,2026-10-08
2017-11-14,7705.06298828125,8936.6669921875,9026.6669921875,8810.0,8830.0,599700,2026-10-08
2017-11-15,7621.7197265625,8840.0,9040.0,8730.0,8900.0,798600,2026-10-08
2017-11-16,7768.291015625,9010.0,9013.3330078125,8710.0,8726.6669921875,675000,2026-10-08
2017-11-17,7920.6103515625,9186.6669921875,9296.6669921875,9106.6669921875,9233.3330078125,1007100,2026-10-08
2017-11-20,7874.625,9133.3330078125,9173.3330078125,9023.3330078125,9093.3330078125,529800,2026-10-08
2017-11-21,7972.3408203125,9246.6669921875,9446.6669921875,9210.0,9233.3330078125,801900,2026-10-08
2017-11-22,8101.66748046875,9396.6669921875,9410.0,9326.6669921875,9393.3330078125,481500,2026-10-08
2017-11-23,8101.66748046875,9396.6669921875,9396.6669921875,9396.6669921875,9396.6669921875,0,2026-10-08
2017-11-24,8121.78564453125,9420.0,9450.0,9220.0,9266.6669921875,688800,2026-10-08
2017-11-27,7920.6103515625,9186.6669921875,9463.3330078125,9146.6669921875,9460.0,946200,2026-10-08
2017-11-28,7745.2958984375,8983.3330078125,9150.0,8973.3330078125,9113.3330078125,834900,2026-10-08
2017-11-29,7294.087890625,8460.0,8983.3330078125,8393.3330078125,8983.3330078125,1716600,2026-10-08
2017-11-30,7144.64208984375,8286.6669921875,8306.6669921875,8000.0,8040.0,2326800,2026-10-08
2017-12-01,7021.0625,8143.33349609375,8406.6669921875,8066.66650390625,8333.3330078125,1246500,2026-10-08
2017-12-04,6992.32275390625,8110.0,8263.3330078125,8093.33349609375,8186.66650390625,807000,2026-10-08
2017-12-05,6702.052734375,7773.33349609375,7876.66650390625,7733.33349609375,7830.0,1344300,2026-10-08
2017-12-06,6799.767578125,7886.66650390625,8143.33349609375,7860.0,8050.0,1309500,2026-10-08
2017-12-07,7207.86962890625,8360.0,8380.0,7886.66650390625,8220.0,1694700,2026-10-08
2017-12-08,7383.1806640625,8563.3330078125,8660.0,8423.3330078125,8526.6669921875,1026300,2026-10-08
2017-12-11,7294.087890625,8460.0,8496.6669921875,8330.0,8496.6669921875,612600,2026-10-08
2017-12-12,7256.7275390625,8416.6669921875,8596.6669921875,8383.3330078125,8530.0,558000,2026-10-08
2017-12-13,6998.07080078125,8116.66650390625,8283.3330078125,8073.33349609375,8266.6669921875,956400,2026-10-08
2017-12-14,6980.82763671875,8096.66650390625,8203.3330078125,8050.0,8056.66650390625,672600,2026-10-08
2017-12-15,7087.1630859375,8220.0,8323.3330078125,8056.66650390625,8093.33349609375,836700,2026-10-08
2017-12-18,7388.927734375,8570.0,8570.0,8340.0,8386.6669921875,923400,2026-10-08
2017-12-19,7469.39892578125,8663.3330078125,8823.3330078125,8616.6669921875,8633.3330078125,1350300,2026-10-08
2017-12-20,7475.14599609375,8670.0,8673.3330078125,8523.3330078125,8606.6669921875,737700,2026-10-08
2017-12-21,7509.63525390625,8710.0,8730.0,8610.0,8716.6669921875,461700,2026-10-08
2017-12-22,7219.3642578125,8373.3330078125,8516.6669921875,8290.0,8476.6669921875,1160700,2026-10-08
2017-12-25,7365.93505859375,8543.3330078125,8556.6669921875,8356.6669921875,8373.3330078125,404100,2026-10-08
2017-12-26,7242.3564453125,8400.0,8530.0,8376.6669921875,8493.3330078125,360600,2026-10-08
2017-12-27,7268.2216796875,8430.0,8463.3330078125,8306.6669921875,8333.3330078125,467700,2026-10-08
2017-12-28,7239.4833984375,8396.6669921875,8480.0,8370.0,8423.3330078125,272400,2026-10-08
2017-12-29,7204.99560546875,8356.6669921875,8483.3330078125,8333.3330078125,8403.3330078125,258600,2026-10-08
2018-01-01,7204.99560546875,8356.6669921875,8356.6669921875,8356.6669921875,8356.6669921875,0,2026-10-08
2018-01-02,7204.99560546875,8356.6669921875,8356.6669921875,8356.6669921875,8356.6669921875,0,2026-10-08
2018-01-03,7204.99560546875,8356.6669921875,8356.6669921875,8356.6669921875,8356.6669921875,0,2026-10-08
2018-01-04,7512.50732421875,8713.3330078125,8730.0,8660.0,8690.0,699600,2026-10-08
2018-01-05,7569.986328125,8780.0,8823.3330078125,8693.3330078125,8790.0,638700,2026-10-08
2018-01-08,7569.986328125,8780.0,8780.0,8780.0,8780.0,0,2026-10-08
2018-01-09,7661.955078125,8886.6669921875,8923.3330078125,8813.3330078125,8906.6669921875,642300,2026-10-08
2018-01-10,7544.12109375,8750.0,9000.0,8673.3330078125,9000.0,978900,2026-10-08
2018-01-11,7446.40771484375,8636.6669921875,8640.0,8513.3330078125,8516.6669921875,680100,2026-10-08
2018-01-12,7437.78515625,8626.6669921875,8683.3330078125,8583.3330078125,8650.0,447300,2026-10-08
2018-01-15,7423.41455078125,8610.0,8753.3330078125,8610.0,8723.3330078125,417000,2026-10-08
2018-01-16,7564.240234375,8773.3330078125,8776.6669921875,8566.6669921875,8643.3330078125,543600,2026-10-08
2018-01-17,7762.54248046875,9003.3330078125,9096.6669921875,8840.0,8933.3330078125,1176300,2026-10-08
2018-01-18,7820.02099609375,9070.0,9233.3330078125,9056.6669921875,9170.0,890400,2026-10-08
2018-01-19,7972.3408203125,9246.6669921875,9273.3330078125,9110.0,9163.3330078125,752400,2026-10-08
2018-01-22,7880.37353515625,9140.0,9180.0,9046.6669921875,9176.6669921875,397200,2026-10-08
2018-01-23,7883.248046875,9143.3330078125,9200.0,9080.0,9200.0,428100,2026-10-08
2018-01-24,7765.4140625,9006.6669921875,9110.0,8953.3330078125,9076.6669921875,500100,2026-10-08
2018-01-25,7567.1142578125,8776.6669921875,8930.0,8753.3330078125,8833.3330078125,675000,2026-10-08
2018-01-26,7466.52490234375,8660.0,8840.0,8606.6669921875,8743.3330078125,798000,2026-10-08
2018-01-29,7575.73583984375,8786.6669921875,8883.3330078125,8726.6669921875,8733.3330078125,509700,2026-10-08
2018-01-30,7469.39892578125,8663.3330078125,8823.3330078125,8630.0,8780.0,538200,2026-10-08
2018-01-31,7340.0712890625,8513.3330078125,8643.3330078125,8450.0,8496.6669921875,585300,2026-10-08
2018-02-01,7561.365234375,8770.0,8780.0,8576.6669921875,8620.0,462300,2026-10-08
2018-02-02,7417.6689453125,8603.3330078125,8740.0,8570.0,8726.6669921875,417000,2026-10-08
2018-02-05,7133.14697265625,8273.3330078125,8430.0,8236.6669921875,8356.6669921875,853200,2026-10-08
2018-02-06,6814.1376953125,7903.33349609375,7946.66650390625,7570.0,7580.0,1184400,2026-10-08
2018-02-07,6658.94482421875,7723.33349609375,8420.0,7720.0,8403.3330078125,1782000,2026-10-08
2018-02-08,6860.12060546875,7956.66650390625,8003.33349609375,7683.33349609375,7683.33349609375,1058100,2026-10-08
2018-02-09,6627.33056640625,7686.66650390625,7736.66650390625,7540.0,7636.66650390625,894900,2026-10-08
2018-02-12,6627.33056640625,7686.66650390625,7686.66650390625,7686.66650390625,7686.66650390625,0,2026-10-08
2018-02-13,6584.22216796875,7636.66650390625,7880.0,7636.66650390625,7866.66650390625,796800,2026-10-08
2018-02-14,6520.9951171875,7563.33349609375,7750.0,7473.33349609375,7563.33349609375,794400,2026-10-08
2018-02-15,6908.978515625,8013.33349609375,8033.33349609375,7680.0,7680.0,1013700,2026-10-08
2018-02-16,6817.01220703125,7906.66650390625,8030.0,7886.66650390625,8006.66650390625,615000,2026-10-08
2018-02-19,6998.07080078125,8116.66650390625,8116.66650390625,7930.0,7973.33349609375,419400,2026-10-08
2018-02-20,6840.00439453125,7933.33349609375,8053.33349609375,7913.33349609375,8050.0,418800,2026-10-08
2018-02-21,6972.20458984375,8086.66650390625,8200.0,7980.0,8033.33349609375,490500,2026-10-08
2018-02-22,6989.44921875,8106.66650390625,8146.66650390625,7986.66650390625,8036.66650390625,519000,2026-10-08
2018-02-23,7012.4404296875,8133.33349609375,8153.33349609375,8023.33349609375,8026.66650390625,311400,2026-10-08
2018-02-26,7084.2900390625,8216.6669921875,8280.0,8090.0,8240.0,402300,2026-10-08
2018-02-27,7285.4658203125,8450.0,8476.6669921875,8320.0,8333.3330078125,519900,2026-10-08
2018-02-28,7245.23046875,8403.3330078125,8536.6669921875,8403.3330078125,8430.0,510600,2026-10-08
2018-03-01,7196.3740234375,8346.6669921875,8420.0,8250.0,8250.0,666300,2026-10-08
2018-03-02,7084.2900390625,8216.6669921875,8270.0,8103.33349609375,8116.66650390625,632700,2026-10-08
2018-03-05,6894.60791015625,7996.66650390625,8263.3330078125,7990.0,8183.33349609375,662700,2026-10-08
2018-03-06,7190.62646484375,8340.0,8433.3330078125,8096.66650390625,8120.0,706500,2026-10-08
2018-03-07,7259.599609375,8420.0,8496.6669921875,8263.3330078125,8273.3330078125,823800,2026-10-08
2018-03-08,7506.759765625,8706.6669921875,8740.0,8453.3330078125,8500.0,757200,2026-10-08
2018-03-09,7463.64990234375,8656.6669921875,8863.3330078125,8543.3330078125,8830.0,771900,2026-10-08
2018-03-12,7572.85986328125,8783.3330078125,8846.6669921875,8676.6669921875,8823.3330078125,528300,2026-10-08
2018-03-13,7426.28955078125,8613.3330078125,8646.6669921875,8510.0,8616.6669921875,1120200,2026-10-08
2018-03-14,7173.380859375,8320.0,8516.6669921875,8236.6669921875,8466.6669921875,1037700,2026-10-08
2018-03-15,7113.0283203125,8250.0,8346.6669921875,8203.3330078125,8333.3330078125,547200,2026-10-08
2018-03-16,7049.8017578125,8176.66650390625,8410.0,8123.33349609375,8353.3330078125,606300,2026-10-08
2018-03-19,6940.591796875,8050.0,8163.33349609375,7990.0,8126.66650390625,516000,2026-10-08
2018-03-20,6874.4912109375,7973.33349609375,8013.33349609375,7856.66650390625,7943.33349609375,417300,2026-10-08
2018-03-21,6874.4912109375,7973.33349609375,7973.33349609375,7973.33349609375,7973.33349609375,0,2026-10-08
2018-03-22,6986.5751953125,8103.33349609375,8103.33349609375,7993.33349609375,8050.0,472200,2026-10-08
2018-03-23,6532.490234375,7576.66650390625,7760.0,7570.0,7710.0,910500,2026-10-08
2018-03-26,6500.876953125,7540.0,7546.66650390625,7270.0,7343.33349609375,689400,2026-10-08
2018-03-27,6578.4736328125,7630.0,7776.66650390625,7590.0,7733.33349609375,720000,2026-10-08
2018-03-28,6545.93310546875,7510.0,7566.66650390625,7426.66650390625,7500.0,1056000,2026-10-08
2018-03-29,6484.91845703125,7440.0,7570.0,7330.0,7570.0,777900,2026-10-08
2018-03-30,6667.9609375,7650.0,7686.66650390625,7520.0,7546.66650390625,527700,2026-10-08
2018-04-02,6667.9609375,7650.0,7733.33349609375,7646.66650390625,7653.33349609375,448200,2026-10-08
2018-04-03,6589.51513671875,7560.0,7586.66650390625,7430.0,7483.33349609375,599700,2026-10-08
2018-04-04,6441.33740234375,7390.0,7683.33349609375,7330.0,7663.33349609375,933300,2026-10-08
2018-04-05,6484.91845703125,7440.0,7480.0,7320.0,7466.66650390625,831300,2026-10-08
2018-04-06,6450.05322265625,7400.0,7476.66650390625,7366.66650390625,7396.66650390625,826800,2026-10-08
2018-04-09,6499.44580078125,7456.66650390625,7490.0,7340.0,7400.0,465000,2026-10-08
2018-04-10,6621.4736328125,7596.66650390625,7623.33349609375,7353.33349609375,7436.66650390625,600600,2026-10-08
2018-04-11,6720.25830078125,7710.0,7783.33349609375,7690.0,7763.33349609375,683700,2026-10-08
2018-04-12,6720.25830078125,7710.0,7746.66650390625,7626.66650390625,7710.0,593400,2026-10-08
2018-04-13,6819.04345703125,7823.33349609375,7910.0,7756.66650390625,7773.33349609375,324900,2026-10-08
2018-04-16,6784.17919921875,7783.33349609375,7893.33349609375,7756.66650390625,7846.66650390625,486300,2026-10-08
2018-04-17,6760.93408203125,7756.66650390625,7866.66650390625,7743.33349609375,7783.33349609375,334200,2026-10-08
2018-04-18,6935.26025390625,7956.66650390625,7996.66650390625,7716.66650390625,7756.66650390625,581400,2026-10-08
2018-04-19,6627.2861328125,7603.33349609375,7870.0,7573.33349609375,7850.0,915000,2026-10-08
2018-04-20,6365.79638671875,7303.33349609375,7320.0,7036.66650390625,7223.33349609375,1496100,2026-10-08
2018-04-23,6269.91796875,7193.33349609375,7266.66650390625,7063.33349609375,7263.33349609375,1083900,2026-10-08
2018-04-24,6313.4990234375,7243.33349609375,7313.33349609375,7203.33349609375,7236.66650390625,607200,2026-10-08
2018-04-25,6261.20068359375,7183.33349609375,7250.0,7110.0,7153.33349609375,867000,2026-10-08
2018-04-26,6455.86474609375,7406.66650390625,7500.0,7366.66650390625,7366.66650390625,835500,2026-10-08
2018-04-27,5601.6689453125,6426.66650390625,6500.0,6366.66650390625,6440.0,2759700,2026-10-08
2018-04-30,5601.6689453125,6426.66650390625,6426.66650390625,6426.66650390625,6426.66650390625,0,2026-10-08
2018-05-01,5622.0068359375,6450.0,6573.33349609375,6436.66650390625,6560.0,946500,2026-10-08
2018-05-02,5837.00732421875,6696.66650390625,6763.33349609375,6560.0,6566.66650390625,1210200,2026-10-08
2018-05-03,5837.00732421875,6696.66650390625,6696.66650390625,6696.66650390625,6696.66650390625,0,2026-10-08
2018-05-04,5837.00732421875,6696.66650390625,6696.66650390625,6696.66650390625,6696.66650390625,0,2026-10-08
2018-05-07,5929.982421875,6803.33349609375,6846.66650390625,6673.33349609375,6830.0,1028100,2026-10-08
2018-05-08,6043.29443359375,6933.33349609375,6946.66650390625,6773.33349609375,6783.33349609375,779400,2026-10-08
2018-05-09,6081.0634765625,6976.66650390625,7116.66650390625,6903.33349609375,6926.66650390625,1064100,2026-10-08
2018-05-10,5982.2802734375,6863.33349609375,6946.66650390625,6566.66650390625,6576.66650390625,1655400,2026-10-08
2018-05-11,6269.91796875,7193.33349609375,7213.33349609375,6833.33349609375,6833.33349609375,1089900,2026-10-08
2018-05-14,6255.3896484375,7176.66650390625,7180.0,7050.0,7066.66650390625,698100,2026-10-08
2018-05-15,6214.71435546875,7130.0,7286.66650390625,7110.0,7210.0,728100,2026-10-08
2018-05-16,6136.26708984375,7040.0,7110.0,6980.0,7033.33349609375,815100,2026-10-08
2018-05-17,6147.888671875,7053.33349609375,7166.66650390625,7030.0,7133.33349609375,773400,2026-10-08
2018-05-18,6008.4287109375,6893.33349609375,7033.33349609375,6860.0,7033.33349609375,787200,2026-10-08
2018-05-21,5918.35986328125,6790.0,6803.33349609375,6636.66650390625,6726.66650390625,962400,2026-10-08
2018-05-22,5889.30615234375,6756.66650390625,6913.33349609375,6700.0,6830.0,740400,2026-10-08
2018-05-23,5857.34619140625,6720.0,6806.66650390625,6680.0,6696.66650390625,621900,2026-10-08
2018-05-24,5825.38671875,6683.33349609375,6720.0,6653.33349609375,6670.0,445200,2026-10-08
2018-05-25,5871.8720703125,6736.66650390625,6796.66650390625,6610.0,6616.66650390625,793500,2026-10-08
2018-05-28,5938.6982421875,6813.33349609375,6833.33349609375,6710.0,6716.66650390625,500400,2026-10-08
2018-05-29,6008.4287109375,6893.33349609375,6966.66650390625,6793.33349609375,6833.33349609375,838500,2026-10-08
2018-05-30,5944.50927734375,6820.0,6930.0,6726.66650390625,6866.66650390625,855600,2026-10-08
2018-05-31,5970.6572265625,6850.0,7000.0,6820.0,6910.0,930300,2026-10-08
2018-06-01,6147.888671875,7053.33349609375,7156.66650390625,6846.66650390625,6850.0,1299900,2026-10-08
2018-06-04,6098.49755859375,6996.66650390625,7156.66650390625,6973.33349609375,7100.0,683700,2026-10-08
2018-06-05,6226.3359375,7143.33349609375,7166.66650390625,7080.0,7100.0,634500,2026-10-08
2018-06-06,6031.671875,6920.0,7120.0,6840.0,7083.33349609375,811500,2026-10-08
2018-06-07,6115.9287109375,7016.66650390625,7026.66650390625,6906.66650390625,7016.66650390625,404700,2026-10-08
2018-06-08,5999.71240234375,6883.33349609375,7010.0,6856.66650390625,6970.0,500400,2026-10-08
2018-06-11,5918.35986328125,6790.0,6930.0,6783.33349609375,6826.66650390625,405900,2026-10-08
2018-06-12,5810.859375,6666.66650390625,6733.33349609375,6606.66650390625,6693.33349609375,1059000,2026-10-08
2018-06-13,5810.859375,6666.66650390625,6746.66650390625,6653.33349609375,6696.66650390625,747000,2026-10-08
2018-06-14,6011.33447265625,6896.66650390625,7000.0,6636.66650390625,6640.0,1721700,2026-10-08
2018-06-15,5802.14208984375,6656.66650390625,6840.0,6603.33349609375,6810.0,1422300,2026-10-08
2018-06-18,5534.84326171875,6350.0,6633.33349609375,6333.33349609375,6606.66650390625,993000,2026-10-08
2018-06-19,5488.3564453125,6296.66650390625,6363.33349609375,6150.0,6166.66650390625,846600,2026-10-08
2018-06-20,5587.1416015625,6410.0,6436.66650390625,6136.66650390625,6230.0,1029300,2026-10-08
2018-06-21,5671.39892578125,6506.66650390625,6693.33349609375,6416.66650390625,6630.0,992100,2026-10-08
2018-06-22,5627.81689453125,6456.66650390625,6510.0,6386.66650390625,6410.0,626100,2026-10-08
2018-06-25,5456.39697265625,6260.0,6536.66650390625,6256.66650390625,6510.0,631800,2026-10-08
2018-06-26,5447.68017578125,6250.0,6270.0,6103.33349609375,6156.66650390625,636900,2026-10-08
2018-06-27,5459.30224609375,6263.33349609375,6373.33349609375,6250.0,6280.0,677700,2026-10-08
2018-06-28,5543.5595703125,6360.0,6370.0,6156.66650390625,6213.33349609375,469200,2026-10-08
2018-06-29,5494.16796875,6303.33349609375,6380.0,6196.66650390625,6360.0,518400,2026-10-08
2018-07-02,5540.6552734375,6356.66650390625,6543.33349609375,6290.0,6290.0,664800,2026-10-08
2018-07-03,5499.978515625,6310.0,6320.0,6136.66650390625,6223.33349609375,1035000,2026-10-08
2018-07-04,5287.8818359375,6066.66650390625,6246.66650390625,5940.0,6193.33349609375,1001700,2026-10-08
2018-07-05,5229.7734375,6000.0,6156.66650390625,5970.0,6006.66650390625,728100,2026-10-08
2018-07-06,5418.6259765625,6216.66650390625,6243.33349609375,6070.0,6106.66650390625,611700,2026-10-08
2018-07-09,5572.61376953125,6393.33349609375,6393.33349609375,6236.66650390625,6276.66650390625,681300,2026-10-08
2018-07-10,5697.5478515625,6536.66650390625,6573.33349609375,6413.33349609375,6500.0,625800,2026-10-08
2018-07-11,5604.5732421875,6430.0,6520.0,6340.0,6490.0,457200,2026-10-08
2018-07-12,5674.3037109375,6510.0,6523.33349609375,6313.33349609375,6446.66650390625,471000,2026-10-08
2018-07-13,5898.02197265625,6766.66650390625,6800.0,6620.0,6633.33349609375,861000,2026-10-08
2018-07-16,5898.02197265625,6766.66650390625,6766.66650390625,6766.66650390625,6766.66650390625,0,2026-10-08
2018-07-17,5735.3173828125,6580.0,6743.33349609375,6553.33349609375,6743.33349609375,705600,2026-10-08
2018-07-18,5674.3037109375,6510.0,6713.33349609375,6483.33349609375,6680.0,821700,2026-10-08
2018-07-19,5703.3583984375,6543.33349609375,6633.33349609375,6453.33349609375,6456.66650390625,665400,2026-10-08
2018-07-20,5569.7080078125,6390.0,6480.0,6336.66650390625,6453.33349609375,695400,2026-10-08
2018-07-23,5569.7080078125,6390.0,6410.0,6306.66650390625,6343.33349609375,470700,2026-10-08
2018-07-24,5616.1962890625,6443.33349609375,6486.66650390625,6370.0,6423.33349609375,354300,2026-10-08
2018-07-25,5590.04736328125,6413.33349609375,6460.0,6376.66650390625,6433.33349609375,468000,2026-10-08
2018-07-26,5677.21044921875,6513.33349609375,6603.33349609375,6473.33349609375,6513.33349609375,649200,2026-10-08
2018-07-27,5642.34423828125,6473.33349609375,6716.66650390625,6380.0,6620.0,1160700,2026-10-08
2018-07-30,5531.93896484375,6346.66650390625,6420.0,6326.66650390625,6383.33349609375,694800,2026-10-08
2018-07-31,5511.60009765625,6323.33349609375,6373.33349609375,6303.33349609375,6333.33349609375,616500,2026-10-08
2018-08-01,5508.69482421875,6320.0,6390.0,6316.66650390625,6326.66650390625,518100,2026-10-08
2018-08-02,5555.181640625,6373.33349609375,6416.66650390625,6303.33349609375,6346.66650390625,511500,2026-10-08
2018-08-03,5636.533203125,6466.66650390625,6590.0,6403.33349609375,6410.0,615600,2026-10-08
2018-08-06,5468.01953125,6273.33349609375,6446.66650390625,6266.66650390625,6410.0,410100,2026-10-08
2018-08-07,5537.74951171875,6353.33349609375,6356.66650390625,6246.66650390625,6276.66650390625,299100,2026-10-08
2018-08-08,5537.74951171875,6353.33349609375,6410.0,6283.33349609375,6336.66650390625,468900,2026-10-08
2018-08-09,5526.126953125,6340.0,6400.0,6316.66650390625,6386.66650390625,433500,2026-10-08
2018-08-10,5415.72216796875,6213.33349609375,6343.33349609375,6200.0,6313.33349609375,886800,2026-10-08
2018-08-13,5241.39599609375,6013.33349609375,6130.0,5993.33349609375,6120.0,512100,2026-10-08
2018-08-14,5383.759765625,6176.66650390625,6190.0,6073.33349609375,6080.0,456600,2026-10-08
2018-08-15,5314.03173828125,6096.66650390625,6176.66650390625,6056.66650390625,6170.0,600000,2026-10-08
2018-08-16,5194.90771484375,5960.0,6063.33349609375,5816.66650390625,5950.0,796800,2026-10-08
2018-08-17,5221.05712890625,5990.0,6046.66650390625,5876.66650390625,6006.66650390625,536100,2026-10-08
2018-08-20,5139.705078125,5896.66650390625,5986.66650390625,5873.33349609375,5946.66650390625,623700,2026-10-08
2018-08-21,5058.353515625,5803.33349609375,5850.0,5740.0,5766.66650390625,790200,2026-10-08
2018-08-22,5235.58349609375,6006.66650390625,6026.66650390625,5876.66650390625,5883.33349609375,585000,2026-10-08
2018-08-23,5238.48974609375,6010.0,6056.66650390625,5970.0,6006.66650390625,380400,2026-10-08
2018-08-24,5250.111328125,6023.33349609375,6083.33349609375,5956.66650390625,6070.0,263400,2026-10-08
2018-08-27,5430.24853515625,6230.0,6233.33349609375,6030.0,6083.33349609375,389100,2026-10-08
2018-08-28,5520.3173828125,6333.33349609375,6423.33349609375,6326.66650390625,6343.33349609375,708900,2026-10-08
2018-08-29,5622.0068359375,6450.0,6466.66650390625,6360.0,6363.33349609375,495900,2026-10-08
2018-08-30,5741.12890625,6586.66650390625,6616.66650390625,6476.66650390625,6556.66650390625,813900,2026-10-08
2018-08-31,5775.9931640625,6626.66650390625,6650.0,6440.0,6466.66650390625,662700,2026-10-08
2018-09-03,5630.72216796875,6460.0,6596.66650390625,6453.33349609375,6556.66650390625,398100,2026-10-08
2018-09-04,5610.38427734375,6436.66650390625,6503.33349609375,6396.66650390625,6400.0,311100,2026-10-08
2018-09-05,5520.3173828125,6333.33349609375,6450.0,6293.33349609375,6393.33349609375,522900,2026-10-08
2018-09-06,5380.85595703125,6173.33349609375,6236.66650390625,6093.33349609375,6200.0,498900,2026-10-08
2018-09-07,5241.39599609375,6013.33349609375,6013.33349609375,5803.33349609375,5863.33349609375,1182000,2026-10-08
2018-09-10,5264.63916015625,6040.0,6073.33349609375,5986.66650390625,6030.0,719400,2026-10-08
2018-09-11,5418.6259765625,6216.66650390625,6236.66650390625,5970.0,6033.33349609375,696900,2026-10-08
2018-09-12,5209.43505859375,5976.66650390625,6146.66650390625,5896.66650390625,6120.0,957300,2026-10-08
2018-09-13,5122.2724609375,5876.66650390625,6020.0,5773.33349609375,5800.0,1368300,2026-10-08
2018-09-14,5433.15380859375,6233.33349609375,6243.33349609375,6003.33349609375,6010.0,848100,2026-10-08
2018-09-17,5433.15380859375,6233.33349609375,6233.33349609375,6233.33349609375,6233.33349609375,0,2026-10-08
2018-09-18,5613.2900390625,6440.0,6450.0,6080.0,6176.66650390625,1188000,2026-10-08
2018-09-19,5653.9658203125,6486.66650390625,6593.33349609375,6436.66650390625,6493.33349609375,930000,2026-10-08
2018-09-20,5499.978515625,6310.0,6500.0,6273.33349609375,6496.66650390625,705900,2026-10-08
2018-09-21,5569.7080078125,6390.0,6436.66650390625,6316.66650390625,6406.66650390625,741300,2026-10-08
2018-09-24,5569.7080078125,6390.0,6390.0,6390.0,6390.0,0,2026-10-08
2018-09-25,5636.533203125,6466.66650390625,6523.33349609375,6310.0,6333.33349609375,554400,2026-10-08
2018-09-26,5783.83251953125,6596.66650390625,6626.66650390625,6400.0,6416.66650390625,622200,2026-10-08
2018-09-27,5535.412109375,6313.33349609375,6533.33349609375,6310.0,6520.0,718800,2026-10-08
2018-09-28,5558.79248046875,6340.0,6423.33349609375,6313.33349609375,6383.33349609375,428700,2026-10-08
2018-10-01,5672.7734375,6470.0,6586.66650390625,6333.33349609375,6346.66650390625,508800,2026-10-08
2018-10-02,5675.6962890625,6473.33349609375,6593.33349609375,6473.33349609375,6540.0,681000,2026-10-08
2018-10-03,5541.25732421875,6320.0,6516.66650390625,6290.0,6480.0,468000,2026-10-08
2018-10-04,5550.0244140625,6330.0,6483.33349609375,6280.0,6453.33349609375,612600,2026-10-08
2018-10-05,5327.90625,6076.66650390625,6206.66650390625,6026.66650390625,6196.66650390625,756000,2026-10-08
2018-10-08,5327.90625,6076.66650390625,6076.66650390625,6076.66650390625,6076.66650390625,0,2026-10-08
2018-10-09,5129.16943359375,5850.0,6026.66650390625,5800.0,5983.33349609375,1182000,2026-10-08
2018-10-10,5228.53955078125,5963.33349609375,6036.66650390625,5870.0,5970.0,614100,2026-10-08
2018-10-11,4912.8974609375,5603.33349609375,5716.66650390625,5533.33349609375,5580.0,926400,2026-10-08
2018-10-12,5114.55615234375,5833.33349609375,5840.0,5503.33349609375,5533.33349609375,1008300,2026-10-08
2018-10-15,5137.93701171875,5860.0,5953.33349609375,5743.33349609375,5833.33349609375,610500,2026-10-08
2018-10-16,5254.841796875,5993.33349609375,5996.66650390625,5803.33349609375,5880.0,626100,2026-10-08
2018-10-17,5523.72119140625,6300.0,6430.0,6190.0,6190.0,1062900,2026-10-08
2018-10-18,5351.2880859375,6103.33349609375,6283.33349609375,6090.0,6283.33349609375,801300,2026-10-08
2018-10-19,5488.64990234375,6260.0,6273.33349609375,5940.0,5970.0,879900,2026-10-08
2018-10-22,5547.10205078125,6326.66650390625,6360.0,6106.66650390625,6126.66650390625,521100,2026-10-08
2018-10-23,5246.07421875,5983.33349609375,6256.66650390625,5980.0,6206.66650390625,559800,2026-10-08
2018-10-24,5155.4736328125,5880.0,6060.0,5836.66650390625,6000.0,634500,2026-10-08
2018-10-25,4760.921875,5430.0,5650.0,5413.33349609375,5480.0,1396800,2026-10-08
2018-10-26,4836.9091796875,5516.66650390625,5586.66650390625,5360.0,5550.0,1332300,2026-10-08
2018-10-29,4874.9033203125,5560.0,5743.33349609375,5540.0,5643.33349609375,917100,2026-10-08
2018-10-30,5225.615234375,5960.0,6026.66650390625,5490.0,5496.66650390625,1330500,2026-10-08
2018-10-31,5251.91845703125,5990.0,6096.66650390625,5436.66650390625,6093.33349609375,2060700,2026-10-08
2018-11-01,5158.39501953125,5883.33349609375,5966.66650390625,5743.33349609375,5900.0,860400,2026-10-08
2018-11-02,5593.86328125,6380.0,6413.33349609375,5940.0,5940.0,1566300,2026-10-08
2018-11-05,5304.52587890625,6050.0,6206.66650390625,6040.0,6153.33349609375,942300,2026-10-08
2018-11-06,5254.841796875,5993.33349609375,6076.66650390625,5930.0,6030.0,625200,2026-10-08
2018-11-07,5263.60986328125,6003.33349609375,6203.33349609375,5933.33349609375,5983.33349609375,861300,2026-10-08
2018-11-08,5322.06103515625,6070.0,6310.0,6066.66650390625,6200.0,705300,2026-10-08
2018-11-09,5102.865234375,5820.0,6060.0,5790.0,6033.33349609375,651000,2026-10-08
2018-11-12,5111.63427734375,5830.0,5886.66650390625,5693.33349609375,5720.0,530100,2026-10-08
2018-11-13,5018.11083984375,5723.33349609375,5763.33349609375,5490.0,5590.0,687600,2026-10-08
2018-11-14,5070.71826171875,5783.33349609375,5873.33349609375,5760.0,5763.33349609375,467400,2026-10-08
2018-11-15,5085.33056640625,5800.0,5856.66650390625,5706.66650390625,5706.66650390625,335700,2026-10-08
2018-11-16,4831.06396484375,5510.0,5763.33349609375,5506.66650390625,5686.66650390625,1092900,2026-10-08
2018-11-19,4915.8193359375,5606.66650390625,5686.66650390625,5456.66650390625,5523.33349609375,603300,2026-10-08
2018-11-20,4769.6884765625,5440.0,5543.33349609375,5393.33349609375,5433.33349609375,492000,2026-10-08
2018-11-21,4945.044921875,5640.0,5696.66650390625,5383.33349609375,5383.33349609375,655200,2026-10-08
2018-11-22,4869.05810546875,5553.33349609375,5630.0,5473.33349609375,5606.66650390625,516300,2026-10-08
2018-11-23,4869.05810546875,5553.33349609375,5553.33349609375,5553.33349609375,5553.33349609375,0,2026-10-08
2018-11-26,4740.46337890625,5406.66650390625,5513.33349609375,5393.33349609375,5490.0,868200,2026-10-08
2018-11-27,4790.14794921875,5463.33349609375,5496.66650390625,5393.33349609375,5476.66650390625,637500,2026-10-08
2018-11-28,4845.67529296875,5526.66650390625,5543.33349609375,5440.0,5483.33349609375,455700,2026-10-08
2018-11-29,4851.52294921875,5533.33349609375,5666.66650390625,5530.0,5660.0,384900,2026-10-08
2018-11-30,4836.9091796875,5516.66650390625,5583.33349609375,5483.33349609375,5536.66650390625,650700,2026-10-08
2018-12-03,5082.40771484375,5796.66650390625,5866.66650390625,5663.33349609375,5666.66650390625,695100,2026-10-08
2018-12-04,4848.60009765625,5530.0,5856.66650390625,5530.0,5736.66650390625,783300,2026-10-08
2018-12-05,4682.01171875,5340.0,5530.0,5326.66650390625,5416.66650390625,749400,2026-10-08
2018-12-06,4395.5966796875,5013.33349609375,5246.66650390625,4876.66650390625,5246.66650390625,1590000,2026-10-08
2018-12-07,4290.3828125,4893.33349609375,5133.33349609375,4856.66650390625,5113.33349609375,939900,2026-10-08
2018-12-10,4161.787109375,4746.66650390625,4796.66650390625,4703.33349609375,4763.33349609375,870000,2026-10-08
2018-12-11,4082.87646484375,4656.66650390625,4813.33349609375,4626.66650390625,4806.66650390625,645300,2026-10-08
2018-12-12,4065.34130859375,4636.66650390625,4700.0,4550.0,4676.66650390625,1410900,2026-10-08
2018-12-13,4103.33642578125,4680.0,4763.33349609375,4643.33349609375,4683.33349609375,902700,2026-10-08
2018-12-14,3930.902099609375,4483.33349609375,4680.0,4450.0,4640.0,1100700,2026-10-08
2018-12-17,3907.521240234375,4456.66650390625,4613.33349609375,4420.0,4550.0,1098900,2026-10-08
2018-12-18,3927.9794921875,4480.0,4516.66650390625,4343.33349609375,4426.66650390625,982200,2026-10-08
2018-12-19,3910.443603515625,4460.0,4526.66650390625,4333.33349609375,4420.0,1097400,2026-10-08
2018-12-20,3717.55224609375,4240.0,4403.33349609375,4200.0,4360.0,1355100,2026-10-08
2018-12-21,3723.3974609375,4246.66650390625,4290.0,4136.66650390625,4213.33349609375,1318500,2026-10-08
2018-12-24,3723.3974609375,4246.66650390625,4246.66650390625,4246.66650390625,4246.66650390625,0,2026-10-08
2018-12-25,3469.131103515625,3956.666748046875,4086.666748046875,3946.666748046875,3993.333251953125,1159200,2026-10-08
2018-12-26,3603.570556640625,4110.0,4120.0,4010.0,4056.666748046875,969000,2026-10-08
2018-12-27,3726.320068359375,4250.0,4340.0,4193.33349609375,4333.33349609375,1220400,2026-10-08
2018-12-28,3755.54638671875,4283.33349609375,4313.33349609375,4176.66650390625,4186.66650390625,630900,2026-10-08
2018-12-31,3755.54638671875,4283.33349609375,4283.33349609375,4283.33349609375,4283.33349609375,0,2026-10-08
2019-01-04,3574.34423828125,4076.666748046875,4076.666748046875,3903.333251953125,4043.333251953125,717000,2026-10-08
2019-01-07,3694.171142578125,4213.33349609375,4306.66650390625,4210.0,4276.66650390625,864600,2026-10-08
2019-01-08,3764.3134765625,4293.33349609375,4453.33349609375,4226.66650390625,4226.66650390625,1475700,2026-10-08
2019-01-09,3854.914306640625,4396.66650390625,4433.33349609375,4306.66650390625,4393.33349609375,967500,2026-10-08
2019-01-10,3887.063232421875,4433.33349609375,4513.33349609375,4283.33349609375,4360.0,1018800,2026-10-08
2019-01-11,3898.75244140625,4446.66650390625,4503.33349609375,4376.66650390625,4460.0,756300,2026-10-08
2019-01-15,4015.65869140625,4580.0,4600.0,4346.66650390625,4383.33349609375,761400,2026-10-08
2019-01-16,3948.43701171875,4503.33349609375,4543.33349609375,4386.66650390625,4496.66650390625,1000500,2026-10-08
2019-01-17,3866.6044921875,4410.0,4530.0,4383.33349609375,4503.33349609375,819300,2026-10-08
2019-01-18,4182.24609375,4770.0,4823.33349609375,4393.33349609375,4420.0,1874700,2026-10-08
2019-01-21,4287.458984375,4890.0,4956.66650390625,4790.0,4910.0,1503000,2026-10-08
2019-01-22,4167.63330078125,4753.33349609375,4890.0,4726.66650390625,4873.33349609375,979200,2026-10-08
2019-01-23,4158.865234375,4743.33349609375,4810.0,4636.66650390625,4696.66650390625,744300,2026-10-08
2019-01-24,4345.91162109375,4956.66650390625,4980.0,4760.0,4763.33349609375,1407900,2026-10-08
2019-01-25,4655.70751953125,5310.0,5316.66650390625,5040.0,5040.0,1974300,2026-10-08
2019-01-28,4632.32763671875,5283.33349609375,5380.0,5250.0,5310.0,1448100,2026-10-08
2019-01-29,4486.1962890625,5116.66650390625,5200.0,5036.66650390625,5166.66650390625,1641300,2026-10-08
2019-01-30,4550.494140625,5190.0,5336.66650390625,5143.33349609375,5250.0,1143000,2026-10-08
2019-01-31,4699.546875,5360.0,5410.0,5143.33349609375,5156.66650390625,1858800,2026-10-08
2019-02-01,4620.63671875,5270.0,5436.66650390625,5243.33349609375,5266.66650390625,1129500,2026-10-08
2019-02-04,4667.3974609375,5323.33349609375,5346.66650390625,5203.33349609375,5206.66650390625,611100,2026-10-08
2019-02-05,4673.244140625,5330.0,5396.66650390625,5320.0,5340.0,525900,2026-10-08
2019-02-06,4737.541015625,5403.33349609375,5430.0,5323.33349609375,5410.0,414000,2026-10-08
2019-02-07,4842.75390625,5523.33349609375,5633.33349609375,5453.33349609375,5490.0,972000,2026-10-08
2019-02-08,4608.9462890625,5256.66650390625,5400.0,5186.66650390625,5356.66650390625,1046400,2026-10-08
2019-02-12,4886.59326171875,5573.33349609375,5596.66650390625,5293.33349609375,5340.0,896400,2026-10-08
2019-02-13,4909.97412109375,5600.0,5640.0,5533.33349609375,5576.66650390625,949200,2026-10-08
2019-02-14,4874.9033203125,5560.0,5623.33349609375,5526.66650390625,5600.0,800400,2026-10-08
2019-02-15,4752.15283203125,5420.0,5526.66650390625,5410.0,5500.0,785100,2026-10-08
2019-02-18,4863.21337890625,5546.66650390625,5583.33349609375,5473.33349609375,5566.66650390625,735600,2026-10-08
2019-02-19,4781.38037109375,5453.33349609375,5556.66650390625,5453.33349609375,5546.66650390625,439200,2026-10-08
2019-02-20,4772.6123046875,5443.33349609375,5550.0,5410.0,5530.0,433500,2026-10-08
2019-02-21,4787.22509765625,5460.0,5546.66650390625,5383.33349609375,5443.33349609375,766200,2026-10-08
2019-02-22,4696.6240234375,5356.66650390625,5410.0,5316.66650390625,5353.33349609375,734100,2026-10-08
2019-02-25,4766.7666015625,5436.66650390625,5553.33349609375,5430.0,5453.33349609375,526200,2026-10-08
2019-02-26,4731.6962890625,5396.66650390625,5493.33349609375,5370.0,5436.66650390625,477000,2026-10-08
2019-02-27,4693.70166015625,5353.33349609375,5403.33349609375,5310.0,5383.33349609375,533700,2026-10-08
2019-02-28,4483.27392578125,5113.33349609375,5303.33349609375,5096.66650390625,5300.0,1004700,2026-10-08
2019-03-01,4573.87451171875,5216.66650390625,5286.66650390625,5156.66650390625,5166.66650390625,1070400,2026-10-08
2019-03-04,4863.21337890625,5546.66650390625,5610.0,5273.33349609375,5273.33349609375,1138500,2026-10-08
2019-03-05,4699.546875,5360.0,5526.66650390625,5326.66650390625,5463.33349609375,790200,2026-10-08
2019-03-06,4614.79150390625,5263.33349609375,5316.66650390625,5216.66650390625,5306.66650390625,515100,2026-10-08
2019-03-07,4348.8349609375,4960.0,5146.66650390625,4953.33349609375,5140.0,1109700,2026-10-08
2019-03-08,4223.162109375,4816.66650390625,4906.66650390625,4750.0,4870.0,945600,2026-10-08
2019-03-11,4249.46630859375,4846.66650390625,4893.33349609375,4726.66650390625,4843.33349609375,490500,2026-10-08
2019-03-12,4357.6025390625,4970.0,5043.33349609375,4960.0,5000.0,592200,2026-10-08
2019-03-13,4229.00732421875,4823.33349609375,4923.33349609375,4796.66650390625,4856.66650390625,404400,2026-10-08
2019-03-14,4173.478515625,4760.0,4833.33349609375,4690.0,4790.0,791700,2026-10-08
2019-03-15,4188.09033203125,4776.66650390625,4840.0,4743.33349609375,4746.66650390625,824400,2026-10-08
2019-03-18,4231.9296875,4826.66650390625,4930.0,4816.66650390625,4876.66650390625,641100,2026-10-08
2019-03-19,4240.697265625,4836.66650390625,4863.33349609375,4753.33349609375,4790.0,455100,2026-10-08
2019-03-20,4340.06689453125,4950.0,4966.66650390625,4870.0,4880.0,813600,2026-10-08
2019-03-22,4500.810546875,5133.33349609375,5313.33349609375,5083.33349609375,5260.0,1626300,2026-10-08
2019-03-25,4395.5966796875,5013.33349609375,5036.66650390625,4956.66650390625,4976.66650390625,808500,2026-10-08
2019-03-26,4532.95751953125,5170.0,5203.33349609375,5016.66650390625,5080.0,634500,2026-10-08
2019-03-27,4641.9716796875,5223.33349609375,5300.0,5150.0,5233.33349609375,663600,2026-10-08
2019-03-28,4633.0849609375,5213.33349609375,5253.33349609375,5050.0,5150.0,650700,2026-10-08
2019-03-29,4671.59521484375,5256.66650390625,5326.66650390625,5190.0,5286.66650390625,663300,2026-10-08
2019-04-01,4858.22216796875,5466.66650390625,5513.33349609375,5370.0,5390.0,772800,2026-10-08
2019-04-02,5222.58837890625,5876.66650390625,6006.66650390625,5700.0,5700.0,1577400,2026-10-08
2019-04-03,5471.4248046875,6156.66650390625,6206.66650390625,5913.33349609375,5913.33349609375,1628700,2026-10-08
2019-04-04,5379.59228515625,6053.33349609375,6213.33349609375,5956.66650390625,6123.33349609375,1278300,2026-10-08
2019-04-05,5477.349609375,6163.33349609375,6206.66650390625,6026.66650390625,6040.0,1083000,2026-10-08
2019-04-08,5349.96923828125,6020.0,6250.0,5983.33349609375,6216.66650390625,654600,2026-10-08
2019-04-09,5483.2744140625,6170.0,6196.66650390625,6033.33349609375,6060.0,683400,2026-10-08
2019-04-10,5397.3662109375,6073.33349609375,6083.33349609375,5970.0,6016.66650390625,643500,2026-10-08
2019-04-11,5347.00732421875,6016.66650390625,6053.33349609375,5936.66650390625,5980.0,941700,2026-10-08
2019-04-12,5332.19482421875,6000.0,6013.33349609375,5873.33349609375,5976.66650390625,696900,2026-10-08
2019-04-15,5373.66845703125,6046.66650390625,6113.33349609375,5953.33349609375,6100.0,1020000,2026-10-08
2019-04-16,5361.818359375,6033.33349609375,6063.33349609375,5976.66650390625,6003.33349609375,542400,2026-10-08
2019-04-17,5687.6748046875,6400.0,6443.33349609375,6070.0,6103.33349609375,1731300,2026-10-08
2019-04-18,5616.57861328125,6320.0,6543.33349609375,6306.66650390625,6496.66650390625,928500,2026-10-08
2019-04-19,5850.6025390625,6583.33349609375,6623.33349609375,6390.0,6390.0,1224000,2026-10-08
2019-04-22,5838.75341796875,6570.0,6636.66650390625,6520.0,6600.0,946500,2026-10-08
2019-04-23,5717.29833984375,6433.33349609375,6550.0,6383.33349609375,6536.66650390625,705600,2026-10-08
2019-04-24,5723.2236328125,6440.0,6526.66650390625,6406.66650390625,6453.33349609375,573000,2026-10-08
2019-04-25,5729.1484375,6446.66650390625,6500.0,6350.0,6383.33349609375,590100,2026-10-08
2019-04-26,5652.126953125,6360.0,6376.66650390625,6196.66650390625,6260.0,779400,2026-10-08
2019-05-07,5355.892578125,6026.66650390625,6180.0,6016.66650390625,6166.66650390625,1311900,2026-10-08
2019-05-08,5192.96630859375,5843.33349609375,5963.33349609375,5783.33349609375,5833.33349609375,1164300,2026-10-08
2019-05-09,5098.1708984375,5736.66650390625,6150.0,5736.66650390625,6000.0,1394100,2026-10-08
2019-05-10,5181.1162109375,5830.0,5950.0,5736.66650390625,5756.66650390625,981600,2026-10-08
2019-05-13,4976.71533203125,5600.0,5766.66650390625,5583.33349609375,5750.0,754200,2026-10-08
2019-05-14,4997.45068359375,5623.33349609375,5686.66650390625,5310.0,5363.33349609375,986400,2026-10-08
2019-05-15,5151.4931640625,5796.66650390625,5810.0,5680.0,5680.0,717000,2026-10-08
2019-05-16,5033.0,5663.33349609375,5896.66650390625,5613.33349609375,5883.33349609375,922200,2026-10-08
2019-05-17,5027.07421875,5656.66650390625,5783.33349609375,5640.0,5650.0,768000,2026-10-08
2019-05-20,4861.18359375,5470.0,5666.66650390625,5426.66650390625,5590.0,857400,2026-10-08
2019-05-21,4733.80322265625,5326.66650390625,5410.0,5176.66650390625,5336.66650390625,1552800,2026-10-08
2019-05-22,4692.33203125,5280.0,5513.33349609375,5276.66650390625,5453.33349609375,861000,2026-10-08
2019-05-23,4502.74267578125,5066.66650390625,5213.33349609375,5056.66650390625,5213.33349609375,1011900,2026-10-08
2019-05-24,4582.72509765625,5156.66650390625,5156.66650390625,4943.33349609375,4990.0,1100400,2026-10-08
2019-05-27,4496.8173828125,5060.0,5186.66650390625,5040.0,5096.66650390625,618300,2026-10-08
2019-05-28,4526.44140625,5093.33349609375,5160.0,5033.33349609375,5083.33349609375,1127400,2026-10-08
2019-05-29,4529.40380859375,5096.66650390625,5103.33349609375,5006.66650390625,5030.0,951000,2026-10-08
2019-05-30,4597.53662109375,5173.33349609375,5186.66650390625,5066.66650390625,5130.0,762300,2026-10-08
2019-05-31,4493.8544921875,5056.66650390625,5163.33349609375,5043.33349609375,5150.0,814800,2026-10-08
2019-06-03,4431.646484375,4986.66650390625,5073.33349609375,4946.66650390625,4983.33349609375,809100,2026-10-08
2019-06-04,4520.515625,5086.66650390625,5106.66650390625,4956.66650390625,4986.66650390625,843000,2026-10-08
2019-06-05,4668.63232421875,5253.33349609375,5313.33349609375,5233.33349609375,5266.66650390625,796500,2026-10-08
2019-06-06,4559.02783203125,5130.0,5216.66650390625,5116.66650390625,5183.33349609375,540900,2026-10-08
2019-06-07,4704.1806640625,5293.33349609375,5310.0,5210.0,5210.0,665700,2026-10-08
2019-06-10,4781.20263671875,5380.0,5493.33349609375,5336.66650390625,5456.66650390625,602400,2026-10-08
2019-06-11,4973.75439453125,5596.66650390625,5603.33349609375,5460.0,5513.33349609375,918600,2026-10-08
2019-06-12,4908.58154296875,5523.33349609375,5613.33349609375,5510.0,5560.0,640500,2026-10-08
2019-06-13,4739.72900390625,5333.33349609375,5416.66650390625,5280.0,5406.66650390625,723600,2026-10-08
2019-06-14,4644.93359375,5226.66650390625,5323.33349609375,5216.66650390625,5323.33349609375,713700,2026-10-08
2019-06-17,4484.96875,5046.66650390625,5093.33349609375,4963.33349609375,5023.33349609375,1203600,2026-10-08
2019-06-18,4502.74267578125,5066.66650390625,5103.33349609375,5033.33349609375,5050.0,650700,2026-10-08
2019-06-19,4781.20263671875,5380.0,5433.33349609375,5266.66650390625,5333.33349609375,1100400,2026-10-08
2019-06-20,4941.16748046875,5560.0,5573.33349609375,5313.33349609375,5463.33349609375,1001700,2026-10-08
2019-06-21,4855.2607421875,5463.33349609375,5600.0,5430.0,5560.0,797700,2026-10-08
2019-06-24,4757.50341796875,5353.33349609375,5410.0,5336.66650390625,5386.66650390625,499800,2026-10-08
2019-06-25,4713.068359375,5303.33349609375,5373.33349609375,5280.0,5346.66650390625,378900,2026-10-08
2019-06-26,4896.7314453125,5510.0,5540.0,5326.66650390625,5326.66650390625,906000,2026-10-08
2019-06-27,5166.3056640625,5813.33349609375,5843.33349609375,5636.66650390625,5636.66650390625,1075200,2026-10-08
2019-06-28,5237.4013671875,5893.33349609375,5923.33349609375,5780.0,5850.0,916800,2026-10-08
2019-07-01,5554.369140625,6250.0,6270.0,6100.0,6183.33349609375,1305900,2026-10-08
2019-07-02,5613.6162109375,6316.66650390625,6330.0,6170.0,6223.33349609375,598200,2026-10-08
2019-07-03,5329.2333984375,5996.66650390625,6176.66650390625,5930.0,6133.33349609375,1285800,2026-10-08
2019-07-04,5284.7978515625,5946.66650390625,6023.33349609375,5873.33349609375,6013.33349609375,1021800,2026-10-08
2019-07-05,5456.61328125,6140.0,6156.66650390625,5983.33349609375,6033.33349609375,976200,2026-10-08
2019-07-08,5441.80126953125,6123.33349609375,6156.66650390625,6043.33349609375,6070.0,815400,2026-10-08
2019-07-09,5421.06494140625,6100.0,6126.66650390625,6030.0,6086.66650390625,559500,2026-10-08
2019-07-10,5465.5,6150.0,6193.33349609375,6073.33349609375,6086.66650390625,774000,2026-10-08
2019-07-11,5619.54150390625,6323.33349609375,6340.0,6183.33349609375,6183.33349609375,1060500,2026-10-08
2019-07-12,5504.00927734375,6193.33349609375,6290.0,6170.0,6286.66650390625,694800,2026-10-08
2019-07-16,5509.93505859375,6200.0,6360.0,6200.0,6280.0,627900,2026-10-08
2019-07-17,5554.369140625,6250.0,6273.33349609375,6010.0,6110.0,782100,2026-10-08
2019-07-18,5527.70947265625,6220.0,6280.0,6186.66650390625,6206.66650390625,681900,2026-10-08
2019-07-19,5758.771484375,6480.0,6580.0,6343.33349609375,6346.66650390625,1441200,2026-10-08
2019-07-22,5865.41455078125,6600.0,6623.33349609375,6460.0,6466.66650390625,1045500,2026-10-08
2019-07-23,5960.2099609375,6706.66650390625,6776.66650390625,6670.0,6733.33349609375,905100,2026-10-08
2019-07-24,6114.2509765625,6880.0,6896.66650390625,6770.0,6800.0,885000,2026-10-08
2019-07-25,6407.52099609375,7210.0,7273.33349609375,6923.33349609375,6983.33349609375,1815000,2026-10-08
2019-07-26,5936.5107421875,6680.0,6876.66650390625,6633.33349609375,6816.66650390625,2703900,2026-10-08
2019-07-29,5841.716796875,6573.33349609375,6680.0,6540.0,6580.0,1070100,2026-10-08
2019-07-30,6025.380859375,6780.0,6796.66650390625,6610.0,6610.0,965100,2026-10-08
2019-07-31,5992.79541015625,6743.33349609375,6763.33349609375,6620.0,6633.33349609375,576000,2026-10-08
2019-08-01,5960.2099609375,6706.66650390625,6760.0,6580.0,6593.33349609375,573300,2026-10-08
2019-08-02,5850.6025390625,6583.33349609375,6583.33349609375,6380.0,6453.33349609375,970800,2026-10-08
2019-08-05,5575.1064453125,6273.33349609375,6393.33349609375,6200.0,6320.0,1421400,2026-10-08
2019-08-06,5649.1650390625,6356.66650390625,6410.0,6016.66650390625,6086.66650390625,1129500,2026-10-08
2019-08-07,5557.33349609375,6253.33349609375,6306.66650390625,6186.66650390625,6250.0,785100,2026-10-08
2019-08-08,5554.369140625,6250.0,6306.66650390625,6186.66650390625,6246.66650390625,938100,2026-10-08
2019-08-09,5604.72900390625,6306.66650390625,6373.33349609375,6273.33349609375,6273.33349609375,718500,2026-10-08
2019-08-13,5578.068359375,6276.66650390625,6303.33349609375,6100.0,6210.0,806400,2026-10-08
2019-08-14,5770.62060546875,6493.33349609375,6613.33349609375,6460.0,6460.0,846900,2026-10-08
2019-08-15,5755.80810546875,6476.66650390625,6490.0,6296.66650390625,6323.33349609375,826500,2026-10-08
2019-08-16,5820.97998046875,6550.0,6590.0,6390.0,6423.33349609375,770100,2026-10-08
2019-08-19,5699.5244140625,6413.33349609375,6726.66650390625,6413.33349609375,6706.66650390625,705600,2026-10-08
2019-08-20,5767.658203125,6490.0,6503.33349609375,6356.66650390625,6420.0,541500,2026-10-08
2019-08-21,5764.69580078125,6486.66650390625,6523.33349609375,6400.0,6400.0,340500,2026-10-08
2019-08-22,5835.79052734375,6566.66650390625,6610.0,6503.33349609375,6506.66650390625,495300,2026-10-08
2019-08-23,5729.1484375,6446.66650390625,6586.66650390625,6393.33349609375,6560.0,674400,2026-10-08
2019-08-26,5563.2568359375,6260.0,6333.33349609375,6226.66650390625,6233.33349609375,590400,2026-10-08
2019-08-27,5634.353515625,6340.0,6440.0,6330.0,6353.33349609375,495300,2026-10-08
2019-08-28,5557.33349609375,6253.33349609375,6396.66650390625,6250.0,6366.66650390625,491100,2026-10-08
2019-08-29,5569.18115234375,6266.66650390625,6336.66650390625,6250.0,6283.33349609375,456300,2026-10-08
2019-08-30,5717.29833984375,6433.33349609375,6533.33349609375,6406.66650390625,6410.0,767400,2026-10-08
2019-09-02,5960.2099609375,6706.66650390625,6733.33349609375,6480.0,6506.66650390625,910200,2026-10-08
2019-09-03,5918.7373046875,6660.0,6750.0,6636.66650390625,6706.66650390625,454200,2026-10-08
2019-09-04,5945.3974609375,6690.0,6706.66650390625,6546.66650390625,6680.0,797100,2026-10-08
2019-09-05,6203.12109375,6980.0,7016.66650390625,6810.0,6810.0,1148700,2026-10-08
2019-09-06,6173.4970703125,6946.66650390625,7050.0,6910.0,7000.0,690000,2026-10-08
2019-09-09,6016.49267578125,6770.0,6953.33349609375,6733.33349609375,6893.33349609375,876600,2026-10-08
2019-09-10,5847.64111328125,6580.0,6773.33349609375,6570.0,6723.33349609375,1321500,2026-10-08
2019-09-11,5909.84912109375,6650.0,6653.33349609375,6520.0,6540.0,774000,2026-10-08
2019-09-12,6280.14111328125,7066.66650390625,7106.66650390625,6693.33349609375,6833.33349609375,1182600,2026-10-08
2019-09-13,6336.42578125,7130.0,7210.0,6990.0,7200.0,954600,2026-10-08
2019-09-17,6416.40771484375,7220.0,7223.33349609375,7043.33349609375,7066.66650390625,654600,2026-10-08
2019-09-18,6428.2568359375,7233.33349609375,7310.0,7213.33349609375,7266.66650390625,828300,2026-10-08
2019-09-19,6428.2568359375,7233.33349609375,7346.66650390625,7170.0,7316.66650390625,948300,2026-10-08
2019-09-20,6306.80224609375,7096.66650390625,7226.66650390625,7030.0,7200.0,868800,2026-10-08
2019-09-24,6268.29150390625,7053.33349609375,7296.66650390625,7036.66650390625,7160.0,958800,2026-10-08
2019-09-25,6102.4013671875,6866.66650390625,6976.66650390625,6856.66650390625,6906.66650390625,855000,2026-10-08
2019-09-26,6090.55224609375,6853.33349609375,6996.66650390625,6830.0,6983.33349609375,748800,2026-10-08
2019-09-27,6239.6240234375,6990.0,7010.0,6586.66650390625,6833.33349609375,942000,2026-10-08
2019-09-30,6087.87353515625,6820.0,6906.66650390625,6753.33349609375,6823.33349609375,760800,2026-10-08
2019-10-01,6248.55126953125,7000.0,7000.0,6890.0,6940.0,537000,2026-10-08
2019-10-02,6144.408203125,6883.33349609375,6963.33349609375,6876.66650390625,6913.33349609375,530100,2026-10-08
2019-10-03,6159.2861328125,6900.0,6956.66650390625,6816.66650390625,6826.66650390625,770700,2026-10-08
2019-10-04,6212.84375,6960.0,7103.33349609375,6933.33349609375,6946.66650390625,740100,2026-10-08
2019-10-07,6174.1630859375,6916.66650390625,7090.0,6903.33349609375,7066.66650390625,547800,2026-10-08
2019-10-08,6373.521484375,7140.0,7156.66650390625,6950.0,6956.66650390625,511500,2026-10-08
2019-10-09,6236.64794921875,6986.66650390625,7023.33349609375,6880.0,7000.0,674700,2026-10-08
2019-10-10,6245.57568359375,6996.66650390625,7006.66650390625,6780.0,7003.33349609375,693000,2026-10-08
2019-10-11,6343.76708984375,7106.66650390625,7173.33349609375,7036.66650390625,7096.66650390625,544200,2026-10-08
2019-10-15,6486.5908203125,7266.66650390625,7303.33349609375,7170.0,7233.33349609375,769800,2026-10-08
2019-10-16,6486.5908203125,7266.66650390625,7433.33349609375,7203.33349609375,7370.0,721500,2026-10-08
2019-10-17,6433.03173828125,7206.66650390625,7273.33349609375,7143.33349609375,7170.0,867300,2026-10-08
2019-10-18,6430.056640625,7203.33349609375,7233.33349609375,7066.66650390625,7176.66650390625,821100,2026-10-08
2019-10-21,6450.884765625,7226.66650390625,7343.33349609375,7180.0,7180.0,612300,2026-10-08
2019-10-23,6302.109375,7060.0,7280.0,6960.0,7276.66650390625,960900,2026-10-08
2019-10-24,6337.81640625,7100.0,7166.66650390625,7020.0,7106.66650390625,855600,2026-10-08
2019-10-25,7069.7890625,7920.0,8120.0,7640.0,7666.66650390625,3300300,2026-10-08
2019-10-28,7480.408203125,8380.0,8403.3330078125,7953.33349609375,7966.66650390625,1841700,2026-10-08
2019-10-29,7468.5068359375,8366.6669921875,8483.3330078125,8196.6669921875,8423.3330078125,1620600,2026-10-08
2019-10-30,7257.24560546875,8130.0,8356.6669921875,8056.66650390625,8356.6669921875,1178100,2026-10-08
2019-10-31,7105.4951171875,7960.0,8173.33349609375,7810.0,8120.0,1098600,2026-10-08
2019-11-01,7037.05859375,7883.33349609375,7980.0,7750.0,7793.33349609375,637800,2026-10-08
2019-11-05,7025.15625,7870.0,8016.66650390625,7800.0,7993.33349609375,1281300,2026-10-08
2019-11-06,7028.13134765625,7873.33349609375,7883.33349609375,7746.66650390625,7856.66650390625,865500,2026-10-08
2019-11-07,6912.08740234375,7743.33349609375,7916.66650390625,7686.66650390625,7873.33349609375,598800,2026-10-08
2019-11-08,6882.33203125,7710.0,7920.0,7676.66650390625,7896.66650390625,731100,2026-10-08
2019-11-11,6932.9150390625,7766.66650390625,7883.33349609375,7720.0,7753.33349609375,484500,2026-10-08
2019-11-12,6962.6708984375,7800.0,7826.66650390625,7703.33349609375,7720.0,538500,2026-10-08
2019-11-13,7010.27880859375,7853.33349609375,7863.33349609375,7713.33349609375,7740.0,449700,2026-10-08
2019-11-14,6971.59765625,7810.0,7946.66650390625,7806.66650390625,7820.0,675300,2026-10-08
2019-11-15,7019.2060546875,7863.33349609375,7936.66650390625,7723.33349609375,7743.33349609375,607500,2026-10-08
2019-11-18,7221.53955078125,8090.0,8106.66650390625,7900.0,7900.0,612900,2026-10-08
2019-11-19,7063.8388671875,7913.33349609375,8080.0,7893.33349609375,8066.66650390625,519900,2026-10-08
2019-11-20,6784.140625,7600.0,7800.0,7566.66650390625,7770.0,1249500,2026-10-08
2019-11-21,6638.341796875,7436.66650390625,7526.66650390625,7323.33349609375,7473.33349609375,1012200,2026-10-08
2019-11-22,6599.66015625,7393.33349609375,7533.33349609375,7293.33349609375,7343.33349609375,815100,2026-10-08
2019-11-25,6846.62646484375,7670.0,7676.66650390625,7466.66650390625,7526.66650390625,796500,2026-10-08
2019-11-26,6923.98974609375,7756.66650390625,7890.0,7753.33349609375,7813.33349609375,921600,2026-10-08
2019-11-27,7102.51953125,7956.66650390625,8006.66650390625,7833.33349609375,7873.33349609375,921300,2026-10-08
2019-11-28,6995.4013671875,7836.66650390625,7986.66650390625,7823.33349609375,7880.0,383400,2026-10-08
2019-11-29,7028.13134765625,7873.33349609375,7970.0,7806.66650390625,7863.33349609375,554700,2026-10-08
2019-12-02,7007.30322265625,7850.0,7953.33349609375,7836.66650390625,7933.33349609375,290100,2026-10-08
2019-12-03,7040.033203125,7886.66650390625,7890.0,7703.33349609375,7703.33349609375,474600,2026-10-08
2019-12-04,6965.64599609375,7803.33349609375,7853.33349609375,7740.0,7766.66650390625,417300,2026-10-08
2019-12-05,6947.79345703125,7783.33349609375,7926.66650390625,7716.66650390625,7910.0,467400,2026-10-08
2019-12-06,7037.05859375,7883.33349609375,7883.33349609375,7786.66650390625,7833.33349609375,431700,2026-10-08
2019-12-09,7031.1064453125,7876.66650390625,7990.0,7850.0,7970.0,285900,2026-10-08
2019-12-10,6974.5732421875,7813.33349609375,7850.0,7693.33349609375,7806.66650390625,687000,2026-10-08
2019-12-11,7019.2060546875,7863.33349609375,8050.0,7810.0,7963.33349609375,703800,2026-10-08
2019-12-12,7349.486328125,8233.3330078125,8326.6669921875,7936.66650390625,7963.33349609375,1397700,2026-10-08
2019-12-13,7510.16259765625,8413.3330078125,8470.0,8293.3330078125,8343.3330078125,865500,2026-10-08
2019-12-16,7641.08447265625,8560.0,8616.6669921875,8423.3330078125,8463.3330078125,573300,2026-10-08
2019-12-17,7780.9345703125,8716.6669921875,8880.0,8673.3330078125,8706.6669921875,1064400,2026-10-08
2019-12-18,7733.3251953125,8663.3330078125,8846.6669921875,8586.6669921875,8760.0,753000,2026-10-08
2019-12-19,7840.443359375,8783.3330078125,8870.0,8683.3330078125,8816.6669921875,727500,2026-10-08
2019-12-20,7807.712890625,8746.6669921875,8766.6669921875,8643.3330078125,8680.0,531300,2026-10-08
2019-12-23,7739.275390625,8670.0,8816.6669921875,8663.3330078125,8806.6669921875,413400,2026-10-08
2019-12-24,7697.6181640625,8623.3330078125,8716.6669921875,8606.6669921875,8650.0,351000,2026-10-08
2019-12-25,7763.07958984375,8696.6669921875,8730.0,8596.6669921875,8666.6669921875,251700,2026-10-08
2019-12-26,7780.9345703125,8716.6669921875,8756.6669921875,8660.0,8700.0,327900,2026-10-08
2019-12-27,7763.07958984375,8696.6669921875,8796.6669921875,8680.0,8796.6669921875,247500,2026-10-08
2019-12-30,7706.54541015625,8633.3330078125,8700.0,8540.0,8700.0,310800,2026-10-08
2020-01-06,7670.83984375,8593.3330078125,8596.6669921875,8480.0,8500.0,432600,2026-10-08
2020-01-07,7739.275390625,8670.0,8676.6669921875,8573.3330078125,8650.0,379500,2026-10-08
2020-01-08,7670.83984375,8593.3330078125,8623.3330078125,8400.0,8530.0,586200,2026-10-08
2020-01-09,7953.5126953125,8910.0,8916.6669921875,8676.6669921875,8676.6669921875,794700,2026-10-08
2020-01-10,8004.09765625,8966.6669921875,9196.6669921875,8890.0,9066.6669921875,986100,2026-10-08
2020-01-14,8030.8759765625,8996.6669921875,9076.6669921875,8940.0,8966.6669921875,708000,2026-10-08
2020-01-15,7896.97900390625,8846.6669921875,8996.6669921875,8823.3330078125,8996.6669921875,482700,2026-10-08
2020-01-16,7745.22802734375,8676.6669921875,8800.0,8613.3330078125,8800.0,939900,2026-10-08
2020-01-17,7638.10888671875,8556.6669921875,8813.3330078125,8506.6669921875,8786.6669921875,1179300,2026-10-08
2020-01-20,7855.3212890625,8800.0,8800.0,8630.0,8646.6669921875,623400,2026-10-08
2020-01-21,7754.15283203125,8686.6669921875,8910.0,8686.6669921875,8903.3330078125,586500,2026-10-08
2020-01-22,7944.5859375,8900.0,8900.0,8666.6669921875,8666.6669921875,667200,2026-10-08
2020-01-23,7983.2685546875,8943.3330078125,8976.6669921875,8790.0,8856.6669921875,684600,2026-10-08
2020-01-24,8236.185546875,9226.6669921875,9330.0,9006.6669921875,9233.3330078125,1898100,2026-10-08
2020-01-27,7950.537109375,8906.6669921875,9070.0,8816.6669921875,8893.3330078125,1305600,2026-10-08
2020-01-28,7926.734375,8880.0,8906.6669921875,8623.3330078125,8746.6669921875,1209000,2026-10-08
2020-01-29,8060.6298828125,9030.0,9043.3330078125,8870.0,8933.3330078125,836100,2026-10-08
2020-01-30,7807.712890625,8746.6669921875,9096.6669921875,8703.3330078125,9013.3330078125,1186200,2026-10-08
2020-01-31,7688.69189453125,8613.3330078125,8876.6669921875,8593.3330078125,8856.6669921875,1022400,2026-10-08
2020-02-03,7522.06494140625,8426.6669921875,8466.6669921875,8173.33349609375,8220.0,1091400,2026-10-08
2020-02-04,7605.3779296875,8520.0,8580.0,8380.0,8426.6669921875,728400,2026-10-08
2020-02-05,7739.275390625,8670.0,8763.3330078125,8630.0,8736.6669921875,764100,2026-10-08
2020-02-06,7908.87939453125,8860.0,8910.0,8700.0,8786.6669921875,610200,2026-10-08
2020-02-07,7876.14990234375,8823.3330078125,8910.0,8760.0,8866.6669921875,627600,2026-10-08
2020-02-10,7804.7373046875,8743.3330078125,8816.6669921875,8620.0,8656.6669921875,435300,2026-10-08
2020-02-12,8048.728515625,9016.6669921875,9016.6669921875,8780.0,8796.6669921875,643800,2026-10-08
2020-02-13,8051.70361328125,9020.0,9190.0,8996.6669921875,9030.0,861300,2026-10-08
2020-02-14,7992.1943359375,8953.3330078125,9190.0,8933.3330078125,9096.6669921875,974100,2026-10-08
2020-02-17,7769.03173828125,8703.3330078125,8873.3330078125,8703.3330078125,8833.3330078125,926100,2026-10-08
2020-02-18,7215.58837890625,8083.33349609375,8510.0,8073.33349609375,8466.6669921875,2017500,2026-10-08
2020-02-19,7471.4814453125,8370.0,8400.0,8150.0,8200.0,1619700,2026-10-08
2020-02-20,7361.388671875,8246.6669921875,8610.0,8200.0,8536.6669921875,1389900,2026-10-08
2020-02-21,7352.46142578125,8236.6669921875,8406.6669921875,8226.6669921875,8250.0,661800,2026-10-08
2020-02-25,7040.033203125,7886.66650390625,8033.33349609375,7653.33349609375,7700.0,1083000,2026-10-08
2020-02-26,7054.91064453125,7903.33349609375,7940.0,7720.0,7773.33349609375,924300,2026-10-08
2020-02-27,6840.67626953125,7663.33349609375,7910.0,7633.33349609375,7900.0,896400,2026-10-08
2020-02-28,6510.39501953125,7293.33349609375,7473.33349609375,7216.66650390625,7443.33349609375,1445700,2026-10-08
2020-03-02,6840.67626953125,7663.33349609375,7710.0,7203.33349609375,7233.33349609375,1255200,2026-10-08
2020-03-03,6694.87548828125,7500.0,7903.33349609375,7496.66650390625,7830.0,1044000,2026-10-08
2020-03-04,6799.0185546875,7616.66650390625,7716.66650390625,7310.0,7333.33349609375,818400,2026-10-08
2020-03-05,6715.70458984375,7523.33349609375,7816.66650390625,7420.0,7763.33349609375,981900,2026-10-08
2020-03-06,6546.1005859375,7333.33349609375,7536.66650390625,7270.0,7433.33349609375,890100,2026-10-08
2020-03-09,6093.82373046875,6826.66650390625,7086.66650390625,6780.0,7000.0,959100,2026-10-08
2020-03-10,6409.2275390625,7180.0,7226.66650390625,6513.33349609375,6716.66650390625,1620300,2026-10-08
2020-03-11,6123.580078125,6860.0,7250.0,6853.33349609375,7170.0,1192200,2026-10-08
2020-03-12,6025.38818359375,6750.0,7023.33349609375,6603.33349609375,6760.0,2064000,2026-10-08
2020-03-13,5686.18115234375,6370.0,6646.66650390625,6013.33349609375,6093.33349609375,1719000,2026-10-08
2020-03-16,5439.2138671875,6093.33349609375,6573.33349609375,6073.33349609375,6436.66650390625,1007700,2026-10-08
2020-03-17,5784.37353515625,6480.0,6530.0,5856.66650390625,5900.0,2361600,2026-10-08
2020-03-18,5846.8583984375,6550.0,6736.66650390625,6416.66650390625,6583.33349609375,1945500,2026-10-08
2020-03-19,5343.9990234375,5986.66650390625,6810.0,5886.66650390625,6770.0,1874100,2026-10-08
2020-03-23,5516.57763671875,6180.0,6283.33349609375,5893.33349609375,5930.0,1531800,2026-10-08
2020-03-24,6328.8896484375,7090.0,7090.0,6580.0,6633.33349609375,1746300,2026-10-08
2020-03-25,6629.4140625,7426.66650390625,7520.0,7023.33349609375,7423.33349609375,1369200,2026-10-08
2020-03-26,6314.01220703125,7073.33349609375,7440.0,6963.33349609375,7260.0,1332300,2026-10-08
2020-03-27,6546.1005859375,7333.33349609375,7496.66650390625,7143.33349609375,7426.66650390625,986400,2026-10-08
2020-03-30,6511.9384765625,7180.0,7193.33349609375,6910.0,6966.66650390625,774000,2026-10-08
2020-03-31,6457.521484375,7120.0,7353.33349609375,7066.66650390625,7333.33349609375,858300,2026-10-08
2020-04-01,6100.78515625,6726.66650390625,7050.0,6670.0,7046.66650390625,930300,2026-10-08
2020-04-02,6179.38818359375,6813.33349609375,6866.66650390625,6616.66650390625,6633.33349609375,878100,2026-10-08
2020-04-03,6064.5078125,6686.66650390625,7050.0,6636.66650390625,7050.0,691500,2026-10-08
2020-04-06,6315.431640625,6963.33349609375,6973.33349609375,6540.0,6580.0,803700,2026-10-08
2020-04-07,6920.068359375,7630.0,7640.0,7360.0,7466.66650390625,1345800,2026-10-08
2020-04-08,6992.62451171875,7710.0,7783.33349609375,7526.66650390625,7623.33349609375,969300,2026-10-08
2020-04-09,7053.08837890625,7776.66650390625,7776.66650390625,7600.0,7763.33349609375,548700,2026-10-08
2020-04-10,7053.08837890625,7776.66650390625,7826.66650390625,7610.0,7820.0,654600,2026-10-08
2020-04-13,6862.62744140625,7566.66650390625,7766.66650390625,7550.0,7743.33349609375,427500,2026-10-08
2020-04-14,7189.1318359375,7926.66650390625,7956.66650390625,7700.0,7733.33349609375,697800,2026-10-08
2020-04-15,7183.08642578125,7920.0,8020.0,7870.0,7936.66650390625,525300,2026-10-08
2020-04-16,7255.64208984375,8000.0,8033.33349609375,7733.33349609375,7820.0,725700,2026-10-08
2020-04-17,7427.9638671875,8190.0,8300.0,8146.66650390625,8233.3330078125,636600,2026-10-08
2020-04-20,7446.10302734375,8210.0,8260.0,8070.0,8096.66650390625,442800,2026-10-08
2020-04-21,7331.22119140625,8083.33349609375,8196.6669921875,8063.33349609375,8156.66650390625,559200,2026-10-08
2020-04-22,7452.14892578125,8216.6669921875,8216.6669921875,7973.33349609375,8000.0,834600,2026-10-08
2020-04-23,7461.2197265625,8226.6669921875,8326.6669921875,8140.0,8326.6669921875,702900,2026-10-08
2020-04-24,7092.39013671875,7820.0,8126.66650390625,7763.33349609375,7893.33349609375,1599600,2026-10-08
2020-04-27,7282.8505859375,8030.0,8040.0,7940.0,7986.66650390625,907200,2026-10-08
2020-04-28,7300.9892578125,8050.0,8083.33349609375,7966.66650390625,8000.0,674400,2026-10-08
2020-04-30,7361.453125,8116.66650390625,8256.6669921875,8076.66650390625,8236.6669921875,577500,2026-10-08
2020-05-01,7110.52880859375,7840.0,7963.33349609375,7830.0,7860.0,637500,2026-10-08
2020-05-07,7388.662109375,8146.66650390625,8163.33349609375,7840.0,7866.66650390625,749100,2026-10-08
2020-05-08,7530.7509765625,8303.3330078125,8356.6669921875,8200.0,8310.0,681000,2026-10-08
2020-05-11,7576.099609375,8353.3330078125,8423.3330078125,8300.0,8356.6669921875,508500,2026-10-08
2020-05-12,7687.95703125,8476.6669921875,8503.3330078125,8350.0,8353.3330078125,424500,2026-10-08
2020-05-13,7633.54150390625,8416.6669921875,8473.3330078125,8310.0,8383.3330078125,454200,2026-10-08
2020-05-14,7476.33447265625,8243.3330078125,8420.0,8240.0,8420.0,533400,2026-10-08
2020-05-15,7579.12255859375,8356.6669921875,8496.6669921875,8216.6669921875,8423.3330078125,506100,2026-10-08
2020-05-18,7331.22119140625,8083.33349609375,8206.6669921875,7993.33349609375,8136.66650390625,833700,2026-10-08
2020-05-19,7337.267578125,8090.0,8263.3330078125,7983.33349609375,8233.3330078125,647400,2026-10-08
2020-05-20,7536.7978515625,8310.0,8353.3330078125,8156.66650390625,8186.66650390625,688200,2026-10-08
2020-05-21,7557.9609375,8333.3330078125,8433.3330078125,8286.6669921875,8350.0,627600,2026-10-08
2020-05-22,7603.30810546875,8383.3330078125,8453.3330078125,8270.0,8370.0,536400,2026-10-08
2020-05-25,7636.56298828125,8420.0,8500.0,8326.6669921875,8500.0,444300,2026-10-08
2020-05-26,7618.4248046875,8400.0,8426.6669921875,8323.3330078125,8420.0,540000,2026-10-08
2020-05-27,7636.56298828125,8420.0,8453.3330078125,8243.3330078125,8283.3330078125,891000,2026-10-08
2020-05-28,7594.23828125,8373.3330078125,8400.0,8236.6669921875,8400.0,666900,2026-10-08
2020-05-29,7273.78173828125,8020.0,8390.0,8020.0,8300.0,1319100,2026-10-08
2020-06-01,7624.470703125,8406.6669921875,8416.6669921875,8063.33349609375,8126.66650390625,726600,2026-10-08
2020-06-02,7697.02685546875,8486.6669921875,8526.6669921875,8343.3330078125,8380.0,501300,2026-10-08
2020-06-03,7648.65576171875,8433.3330078125,8690.0,8353.3330078125,8673.3330078125,561000,2026-10-08
2020-06-04,7742.375,8536.6669921875,8543.3330078125,8413.3330078125,8470.0,518700,2026-10-08
2020-06-05,7799.8154296875,8600.0,8606.6669921875,8450.0,8490.0,365400,2026-10-08
2020-06-08,7963.06689453125,8780.0,8780.0,8670.0,8700.0,515400,2026-10-08
2020-06-09,7920.7421875,8733.3330078125,8746.6669921875,8573.3330078125,8620.0,884400,2026-10-08
2020-06-10,8080.97119140625,8910.0,8996.6669921875,8776.6669921875,8816.6669921875,731700,2026-10-08
2020-06-11,7966.08984375,8783.3330078125,8906.6669921875,8760.0,8883.3330078125,528600,2026-10-08
2020-06-12,7757.49072265625,8553.3330078125,8586.6669921875,8383.3330078125,8450.0,816900,2026-10-08
2020-06-15,7107.50634765625,7836.66650390625,8316.6669921875,7836.66650390625,8266.6669921875,1534500,2026-10-08
2020-06-16,7524.7060546875,8296.6669921875,8300.0,8020.0,8050.0,1377900,2026-10-08
2020-06-17,7518.6591796875,8290.0,8380.0,8183.33349609375,8260.0,741900,2026-10-08
2020-06-18,7530.7509765625,8303.3330078125,8323.3330078125,8183.33349609375,8263.3330078125,426300,2026-10-08
2020-06-19,7630.5166015625,8413.3330078125,8476.6669921875,8290.0,8380.0,687600,2026-10-08
2020-06-22,7648.65576171875,8433.3330078125,8490.0,8300.0,8390.0,336900,2026-10-08
2020-06-23,7781.67626953125,8580.0,8660.0,8440.0,8550.0,631800,2026-10-08
2020-06-24,7836.09375,8640.0,8656.6669921875,8483.3330078125,8500.0,629400,2026-10-08
2020-06-25,7799.8154296875,8600.0,8620.0,8473.3330078125,8586.6669921875,471600,2026-10-08
2020-06-26,7966.08984375,8783.3330078125,8846.6669921875,8680.0,8720.0,629100,2026-10-08
2020-06-29,7836.09375,8640.0,8826.6669921875,8620.0,8636.6669921875,348600,2026-10-08
2020-06-30,7887.4873046875,8696.6669921875,8790.0,8646.6669921875,8770.0,432300,2026-10-08
2020-07-01,7869.3486328125,8676.6669921875,8893.3330078125,8633.3330078125,8790.0,534000,2026-10-08
2020-07-02,7742.375,8536.6669921875,8693.3330078125,8413.3330078125,8676.6669921875,936600,2026-10-08
2020-07-03,8008.4150390625,8830.0,8830.0,8493.3330078125,8576.6669921875,500700,2026-10-08
2020-07-06,8071.9013671875,8900.0,8906.6669921875,8800.0,8810.0,342900,2026-10-08
2020-07-07,8343.9892578125,9200.0,9430.0,9103.3330078125,9133.3330078125,1224300,2026-10-08
2020-07-08,8347.0126953125,9203.3330078125,9366.6669921875,9143.3330078125,9256.6669921875,626700,2026-10-08
2020-07-09,8404.453125,9266.6669921875,9406.6669921875,9216.6669921875,9216.6669921875,668400,2026-10-08
2020-07-10,8356.0791015625,9213.3330078125,9383.3330078125,9213.3330078125,9383.3330078125,456600,2026-10-08
2020-07-13,8359.10546875,9216.6669921875,9343.3330078125,9070.0,9333.3330078125,448800,2026-10-08
2020-07-14,8319.802734375,9173.3330078125,9196.6669921875,9000.0,9073.3330078125,811800,2026-10-08
2020-07-15,8334.91796875,9190.0,9296.6669921875,9090.0,9276.6669921875,423300,2026-10-08
2020-07-16,8126.3203125,8960.0,9023.3330078125,8836.6669921875,9000.0,583800,2026-10-08
2020-07-17,8117.2490234375,8950.0,9153.3330078125,8930.0,9020.0,480900,2026-10-08
2020-07-20,8201.8974609375,9043.3330078125,9126.6669921875,8943.3330078125,9110.0,226200,2026-10-08
2020-07-21,8404.453125,9266.6669921875,9266.6669921875,9116.6669921875,9173.3330078125,688200,2026-10-08
2020-07-22,8289.5703125,9140.0,9213.3330078125,8933.3330078125,9086.6669921875,840900,2026-10-08
2020-07-27,8105.15625,8936.6669921875,8956.6669921875,8816.6669921875,8920.0,621900,2026-10-08
2020-07-28,8177.71337890625,9016.6669921875,9093.3330078125,8923.3330078125,9016.6669921875,507600,2026-10-08
2020-07-29,7996.32275390625,8816.6669921875,8993.3330078125,8736.6669921875,8950.0,504900,2026-10-08
2020-07-30,7984.22998046875,8803.3330078125,8903.3330078125,8760.0,8863.3330078125,323400,2026-10-08
2020-07-31,7609.35498046875,8390.0,8733.3330078125,8390.0,8676.6669921875,838200,2026-10-08
2020-08-03,7694.00341796875,8483.3330078125,8536.6669921875,8286.6669921875,8290.0,463200,2026-10-08
2020-08-04,7787.72265625,8586.6669921875,8666.6669921875,8506.6669921875,8583.3330078125,626100,2026-10-08
2020-08-05,7657.724609375,8443.3330078125,8580.0,8396.6669921875,8580.0,564300,2026-10-08
2020-08-06,7530.7509765625,8303.3330078125,8426.6669921875,8196.6669921875,8426.6669921875,998700,2026-10-08
2020-08-07,7382.6162109375,8140.0,8263.3330078125,8033.33349609375,8263.3330078125,709800,2026-10-08
2020-08-11,7573.076171875,8350.0,8353.3330078125,7996.66650390625,8066.66650390625,644400,2026-10-08
2020-08-12,7618.4248046875,8400.0,8400.0,8256.6669921875,8316.6669921875,440100,2026-10-08
2020-08-13,7902.60302734375,8713.3330078125,8786.6669921875,8576.6669921875,8583.3330078125,721800,2026-10-08
2020-08-14,7911.67236328125,8723.3330078125,8770.0,8653.3330078125,8743.3330078125,344700,2026-10-08
2020-08-17,7790.74560546875,8590.0,8710.0,8590.0,8670.0,247500,2026-10-08
2020-08-18,7935.8583984375,8750.0,8803.3330078125,8643.3330078125,8733.3330078125,540600,2026-10-08
2020-08-19,7824.0009765625,8626.6669921875,8746.6669921875,8556.6669921875,8746.6669921875,444600,2026-10-08
2020-08-20,7497.498046875,8266.6669921875,8566.6669921875,8266.6669921875,8460.0,696900,2026-10-08
2020-08-21,7591.21484375,8370.0,8420.0,8313.3330078125,8340.0,419700,2026-10-08
2020-08-24,7669.818359375,8456.6669921875,8510.0,8240.0,8273.3330078125,503100,2026-10-08
2020-08-25,7612.37744140625,8393.3330078125,8563.3330078125,8380.0,8520.0,300900,2026-10-08
2020-08-26,7642.609375,8426.6669921875,8430.0,8290.0,8336.6669921875,417900,2026-10-08
2020-08-27,7609.35498046875,8390.0,8493.3330078125,8376.6669921875,8423.3330078125,280500,2026-10-08
2020-08-28,7437.03271484375,8200.0,8363.3330078125,8113.33349609375,8270.0,558900,2026-10-08
2020-08-31,7476.33447265625,8243.3330078125,8393.3330078125,8243.3330078125,8326.6669921875,340200,2026-10-08
2020-09-01,7557.9609375,8333.3330078125,8416.6669921875,8210.0,8270.0,383700,2026-10-08
2020-09-02,7709.1201171875,8500.0,8520.0,8393.3330078125,8426.6669921875,449700,2026-10-08
2020-09-03,7730.2822265625,8523.3330078125,8710.0,8510.0,8666.6669921875,458100,2026-10-08
2020-09-04,7427.9638671875,8190.0,8310.0,8183.33349609375,8256.6669921875,690300,2026-10-08
2020-09-07,7137.73779296875,7870.0,8130.0,7856.66650390625,8103.33349609375,1128900,2026-10-08
2020-09-08,7328.1982421875,8080.0,8120.0,7796.66650390625,7990.0,968100,2026-10-08
2020-09-09,7216.34033203125,7956.66650390625,7986.66650390625,7766.66650390625,7766.66650390625,726300,2026-10-08
2020-09-10,7198.201171875,7936.66650390625,8123.33349609375,7903.33349609375,8003.33349609375,693000,2026-10-08
2020-09-11,7201.22509765625,7940.0,8063.33349609375,7883.33349609375,8040.0,657000,2026-10-08
2020-09-14,7343.31396484375,8096.66650390625,8116.66650390625,7920.0,7980.0,432600,2026-10-08
2020-09-15,7397.732421875,8156.66650390625,8226.6669921875,8076.66650390625,8083.33349609375,375600,2026-10-08
2020-09-16,7524.7060546875,8296.6669921875,8310.0,8143.33349609375,8170.0,582600,2026-10-08
2020-09-17,7648.65576171875,8433.3330078125,8496.6669921875,8270.0,8313.3330078125,709500,2026-10-08
2020-09-18,7603.30810546875,8383.3330078125,8413.3330078125,8283.3330078125,8360.0,624600,2026-10-08
2020-09-23,7763.5361328125,8560.0,8586.6669921875,8390.0,8550.0,543600,2026-10-08
2020-09-24,7757.49072265625,8553.3330078125,8650.0,8490.0,8500.0,473400,2026-10-08
2020-09-25,7712.142578125,8503.3330078125,8656.6669921875,8486.6669921875,8566.6669921875,514200,2026-10-08
2020-09-28,7697.02685546875,8486.6669921875,8700.0,8366.6669921875,8640.0,571500,2026-10-08
2020-09-29,7686.70166015625,8436.6669921875,8500.0,8300.0,8326.6669921875,690600,2026-10-08
2020-09-30,7717.07080078125,8470.0,8546.6669921875,8380.0,8406.6669921875,421800,2026-10-08
2020-10-02,7747.44140625,8503.3330078125,8636.6669921875,8460.0,8560.0,476400,2026-10-08
2020-10-05,7668.4794921875,8416.6669921875,8563.3330078125,8400.0,8513.3330078125,323700,2026-10-08
2020-10-06,7802.10693359375,8563.3330078125,8566.6669921875,8460.0,8483.3330078125,325200,2026-10-08
2020-10-07,8163.51416015625,8960.0,9000.0,8663.3330078125,8720.0,1200300,2026-10-08
2020-10-08,8473.2890625,9300.0,9300.0,9013.3330078125,9013.3330078125,1131900,2026-10-08
2020-10-09,8427.736328125,9250.0,9396.6669921875,9213.3330078125,9383.3330078125,664800,2026-10-08
2020-10-12,8406.4755859375,9226.6669921875,9400.0,9193.3330078125,9313.3330078125,612600,2026-10-08
2020-10-13,8597.806640625,9436.6669921875,9460.0,9286.6669921875,9313.3330078125,693600,2026-10-08
2020-10-14,8564.40234375,9400.0,9493.3330078125,9383.3330078125,9463.3330078125,599400,2026-10-08
2020-10-15,8470.25390625,9296.6669921875,9403.3330078125,9296.6669921875,9390.0,502800,2026-10-08
2020-10-16,8415.5859375,9236.6669921875,9346.6669921875,9203.3330078125,9260.0,371700,2026-10-08
2020-10-19,8521.8818359375,9353.3330078125,9380.0,9270.0,9270.0,383100,2026-10-08
2020-10-20,8804.3251953125,9663.3330078125,9663.3330078125,9400.0,9403.3330078125,739200,2026-10-08
2020-10-21,8828.6220703125,9690.0,9796.6669921875,9643.3330078125,9753.3330078125,561600,2026-10-08
2020-10-22,8862.02734375,9726.6669921875,9763.3330078125,9620.0,9650.0,498000,2026-10-08
2020-10-23,8442.919921875,9266.6669921875,9580.0,9256.6669921875,9566.6669921875,1177800,2026-10-08
2020-10-26,8527.9580078125,9360.0,9483.3330078125,9243.3330078125,9250.0,484500,2026-10-08
2020-10-27,8546.177734375,9380.0,9410.0,9160.0,9300.0,450900,2026-10-08
2020-10-28,8631.21484375,9473.3330078125,9503.3330078125,9343.3330078125,9360.0,411300,2026-10-08
2020-10-29,8664.62109375,9510.0,9543.3330078125,9360.0,9393.3330078125,377400,2026-10-08
2020-10-30,8512.7705078125,9343.3330078125,9646.6669921875,9343.3330078125,9500.0,551700,2026-10-08
2020-11-02,8518.84375,9350.0,9466.6669921875,9296.6669921875,9426.6669921875,464100,2026-10-08
2020-11-04,8561.3642578125,9396.6669921875,9506.6669921875,9336.6669921875,9423.3330078125,356700,2026-10-08
2020-11-05,8728.400390625,9580.0,9620.0,9403.3330078125,9473.3330078125,531300,2026-10-08
2020-11-06,8749.658203125,9603.3330078125,9606.6669921875,9446.6669921875,9580.0,480600,2026-10-08
2020-11-09,8971.361328125,9846.6669921875,9910.0,9613.3330078125,9643.3330078125,606000,2026-10-08
2020-11-10,8722.3251953125,9573.3330078125,9820.0,9536.6669921875,9766.6669921875,702000,2026-10-08
2020-11-11,8810.400390625,9670.0,9720.0,9520.0,9536.6669921875,479100,2026-10-08
2020-11-12,8959.212890625,9833.3330078125,9853.3330078125,9723.3330078125,9736.6669921875,510600,2026-10-08
2020-11-13,8977.435546875,9853.3330078125,9890.0,9690.0,9726.6669921875,348600,2026-10-08
2020-11-16,9247.73046875,10150.0,10183.3330078125,9886.6669921875,9933.3330078125,487200,2026-10-08
2020-11-17,9156.619140625,10050.0,10166.6669921875,9953.3330078125,10066.6669921875,371700,2026-10-08
2020-11-18,9104.990234375,9993.3330078125,10066.6669921875,9926.6669921875,9943.3330078125,271800,2026-10-08
2020-11-19,9156.619140625,10050.0,10050.0,9860.0,9956.6669921875,435900,2026-10-08
2020-11-20,9278.099609375,10183.3330078125,10200.0,9963.3330078125,9976.6669921875,365700,2026-10-08
2020-11-24,9764.0244140625,10716.6669921875,10766.6669921875,10500.0,10500.0,740100,2026-10-08
2020-11-25,9733.6533203125,10683.3330078125,10833.3330078125,10633.3330078125,10783.3330078125,469500,2026-10-08
2020-11-26,9915.875,10883.3330078125,10950.0,10766.6669921875,10800.0,337800,2026-10-08
2020-11-27,9976.6162109375,10950.0,11033.3330078125,10800.0,10866.6669921875,487200,2026-10-08
2020-11-30,10098.095703125,11083.3330078125,11233.3330078125,11000.0,11133.3330078125,670200,2026-10-08
2020-12-01,10067.7265625,11050.0,11200.0,11016.6669921875,11150.0,414900,2026-10-08
2020-12-02,10006.9853515625,10983.3330078125,11033.3330078125,10833.3330078125,11033.3330078125,705300,2026-10-08
2020-12-03,10067.7265625,11050.0,11066.6669921875,10866.6669921875,10866.6669921875,300000,2026-10-08
2020-12-04,9976.6162109375,10950.0,11100.0,10783.3330078125,11100.0,448500,2026-10-08
2020-12-07,9779.208984375,10733.3330078125,11000.0,10716.6669921875,10950.0,319800,2026-10-08
2020-12-08,9931.060546875,10900.0,10950.0,10533.3330078125,10600.0,333000,2026-10-08
2020-12-09,10067.7265625,11050.0,11083.3330078125,10883.3330078125,10883.3330078125,410100,2026-10-08
2020-12-10,9946.2451171875,10916.6669921875,10966.6669921875,10766.6669921875,10966.6669921875,364200,2026-10-08
2020-12-11,10052.5400390625,11033.3330078125,11066.6669921875,10933.3330078125,10966.6669921875,379500,2026-10-08
2020-12-14,10204.3916015625,11200.0,11450.0,11200.0,11416.6669921875,536700,2026-10-08
2020-12-15,10447.3544921875,11466.6669921875,11533.3330078125,11216.6669921875,11400.0,534900,2026-10-08
2020-12-16,10204.3916015625,11200.0,11600.0,11183.3330078125,11600.0,459300,2026-10-08
2020-12-17,10386.6142578125,11400.0,11416.6669921875,11216.6669921875,11250.0,297600,2026-10-08
2020-12-18,10098.095703125,11083.3330078125,11383.3330078125,11000.0,11250.0,649200,2026-10-08
2020-12-21,10098.095703125,11083.3330078125,11133.3330078125,11016.6669921875,11083.3330078125,355200,2026-10-08
2020-12-22,10006.9853515625,10983.3330078125,11116.6669921875,10916.6669921875,10983.3330078125,302400,2026-10-08
2020-12-23,10158.8369140625,11150.0,11150.0,10866.6669921875,10900.0,294000,2026-10-08
2020-12-24,10143.6513671875,11133.3330078125,11133.3330078125,11033.3330078125,11083.3330078125,145800,2026-10-08
2020-12-25,10067.7265625,11050.0,11200.0,11033.3330078125,11200.0,116700,2026-10-08
2020-12-28,10265.1328125,11266.6669921875,11283.3330078125,10966.6669921875,11033.3330078125,262800,2026-10-08
2020-12-29,10508.0927734375,11533.3330078125,11533.3330078125,11216.6669921875,11233.3330078125,365700,2026-10-08
2020-12-30,10553.6494140625,11583.3330078125,11633.3330078125,11433.3330078125,11600.0,393600,2026-10-08
2021-01-04,10447.3544921875,11466.6669921875,11666.6669921875,11416.6669921875,11633.3330078125,323100,2026-10-08
2021-01-05,10720.685546875,11766.6669921875,11850.0,11483.3330078125,11533.3330078125,539100,2026-10-08
2021-01-06,10599.205078125,11633.3330078125,11866.6669921875,11583.3330078125,11800.0,288000,2026-10-08
2021-01-07,10796.611328125,11850.0,11916.6669921875,11700.0,11716.6669921875,335400,2026-10-08
2021-01-08,10963.6474609375,12033.3330078125,12200.0,11950.0,12016.6669921875,502800,2026-10-08
2021-01-12,11252.1640625,12350.0,12383.3330078125,12116.6669921875,12166.6669921875,603000,2026-10-08
2021-01-13,11616.607421875,12750.0,12750.0,12483.3330078125,12716.6669921875,628200,2026-10-08
2021-01-14,11312.904296875,12416.6669921875,12883.3330078125,12200.0,12650.0,913200,2026-10-08
2021-01-15,11525.49609375,12650.0,12983.3330078125,12466.6669921875,12766.6669921875,829500,2026-10-08
2021-01-18,11388.830078125,12500.0,12600.0,12366.6669921875,12483.3330078125,355500,2026-10-08
2021-01-19,11419.19921875,12533.3330078125,12700.0,12466.6669921875,12650.0,510300,2026-10-08
2021-01-20,11434.384765625,12550.0,12716.6669921875,12500.0,12716.6669921875,461400,2026-10-08
2021-01-21,11191.4248046875,12283.3330078125,12533.3330078125,12133.3330078125,12533.3330078125,772500,2026-10-08
2021-01-22,11206.6083984375,12300.0,12416.6669921875,12233.3330078125,12350.0,334200,2026-10-08
2021-01-25,11297.720703125,12400.0,12500.0,12300.0,12483.3330078125,324600,2026-10-08
2021-01-26,11434.384765625,12550.0,12616.6669921875,12300.0,12316.6669921875,580200,2026-10-08
2021-01-27,10963.6474609375,12033.3330078125,12283.3330078125,11766.6669921875,12233.3330078125,1216200,2026-10-08
2021-01-28,10644.7587890625,11683.3330078125,11966.6669921875,11633.3330078125,11666.6669921875,785100,2026-10-08
2021-01-29,10341.05859375,11350.0,11900.0,11350.0,11833.3330078125,717300,2026-10-08
2021-02-01,10599.205078125,11633.3330078125,11683.3330078125,11233.3330078125,11300.0,401100,2026-10-08
2021-02-02,10796.611328125,11850.0,11866.6669921875,11600.0,11833.3330078125,417600,2026-10-08
2021-02-03,10659.9453125,11700.0,12000.0,11533.3330078125,12000.0,496800,2026-10-08
2021-02-04,10204.3916015625,11200.0,11583.3330078125,11150.0,11583.3330078125,786900,2026-10-08
2021-02-05,10219.5791015625,11216.6669921875,11366.6669921875,11050.0,11366.6669921875,495900,2026-10-08
2021-02-08,10310.6884765625,11316.6669921875,11350.0,10883.3330078125,11066.6669921875,503700,2026-10-08
2021-02-09,10690.314453125,11733.3330078125,11733.3330078125,11416.6669921875,11550.0,768600,2026-10-08
2021-02-10,10416.9833984375,11433.3330078125,11733.3330078125,11416.6669921875,11700.0,572100,2026-10-08
2021-02-12,10523.279296875,11550.0,11733.3330078125,11483.3330078125,11700.0,591300,2026-10-08
2021-02-15,10796.611328125,11850.0,11866.6669921875,11700.0,11766.6669921875,430500,2026-10-08
2021-02-16,10735.8701171875,11783.3330078125,12033.3330078125,11700.0,11916.6669921875,556800,2026-10-08
2021-02-17,10614.3916015625,11650.0,11716.6669921875,11266.6669921875,11716.6669921875,800700,2026-10-08
2021-02-18,10477.7236328125,11500.0,11616.6669921875,11433.3330078125,11500.0,381900,2026-10-08
2021-02-19,10614.3916015625,11650.0,11650.0,11250.0,11283.3330078125,420000,2026-10-08
2021-02-22,10781.423828125,11833.3330078125,11833.3330078125,11516.6669921875,11650.0,585000,2026-10-08
2021-02-24,10492.91015625,11516.6669921875,11650.0,11366.6669921875,11600.0,507600,2026-10-08
2021-02-25,10584.0185546875,11616.6669921875,11783.3330078125,11566.6669921875,11616.6669921875,343500,2026-10-08
2021-02-26,10143.6513671875,11133.3330078125,11350.0,11050.0,11300.0,680100,2026-10-08
2021-03-01,10553.6494140625,11583.3330078125,11766.6669921875,11283.3330078125,11366.6669921875,706800,2026-10-08
2021-03-02,10416.9833984375,11433.3330078125,11733.3330078125,11316.6669921875,11633.3330078125,646200,2026-10-08
2021-03-03,10234.7626953125,11233.3330078125,11483.3330078125,11116.6669921875,11433.3330078125,579300,2026-10-08
2021-03-04,10006.9853515625,10983.3330078125,11183.3330078125,10883.3330078125,11000.0,526500,2026-10-08
2021-03-05,9976.6162109375,10950.0,10966.6669921875,10583.3330078125,10666.6669921875,576900,2026-10-08
2021-03-08,9748.83984375,10700.0,11150.0,10683.3330078125,11133.3330078125,714000,2026-10-08
2021-03-09,9718.46875,10666.6669921875,10766.6669921875,10316.6669921875,10533.3330078125,728400,2026-10-08
2021-03-10,9915.875,10883.3330078125,11250.0,10816.6669921875,11133.3330078125,693900,2026-10-08
2021-03-11,9976.6162109375,10950.0,11000.0,10683.3330078125,10766.6669921875,430800,2026-10-08
2021-03-12,10401.80078125,11416.6669921875,11450.0,11083.3330078125,11150.0,699000,2026-10-08
2021-03-15,10280.3173828125,11283.3330078125,11400.0,11150.0,11300.0,444000,2026-10-08
2021-03-16,10584.0185546875,11616.6669921875,11683.3330078125,11383.3330078125,11383.3330078125,506100,2026-10-08
2021-03-17,10341.05859375,11350.0,11716.6669921875,11216.6669921875,11650.0,918600,2026-10-08
2021-03-18,10614.3916015625,11650.0,11783.3330078125,11500.0,11583.3330078125,678600,2026-10-08
2021-03-19,10416.9833984375,11433.3330078125,11466.6669921875,11283.3330078125,11333.3330078125,595500,2026-10-08
2021-03-22,10265.1328125,11266.6669921875,11400.0,11233.3330078125,11383.3330078125,510300,2026-10-08
2021-03-23,10325.8720703125,11333.3330078125,11666.6669921875,11316.6669921875,11566.6669921875,504300,2026-10-08
2021-03-24,10325.8720703125,11333.3330078125,11666.6669921875,11250.0,11266.6669921875,765300,2026-10-08
2021-03-25,10462.537109375,11483.3330078125,11500.0,11183.3330078125,11383.3330078125,541200,2026-10-08
2021-03-26,10553.6494140625,11583.3330078125,11600.0,11400.0,11466.6669921875,337800,2026-10-08
2021-03-29,10705.501953125,11750.0,11900.0,11666.6669921875,11816.6669921875,519900,2026-10-08
2021-03-30,10878.6337890625,11750.0,11783.3330078125,11533.3330078125,11683.3330078125,471900,2026-10-08
2021-03-31,10724.3251953125,11583.3330078125,11750.0,11583.3330078125,11750.0,434400,2026-10-08
2021-04-01,11295.2607421875,12200.0,12200.0,11833.3330078125,11850.0,784500,2026-10-08
2021-04-02,11418.7060546875,12333.3330078125,12450.0,12216.6669921875,12383.3330078125,546600,2026-10-08
2021-04-05,11634.7353515625,12566.6669921875,12666.6669921875,12416.6669921875,12500.0,508500,2026-10-08
2021-04-06,11403.275390625,12316.6669921875,12600.0,12266.6669921875,12600.0,545700,2026-10-08
2021-04-07,11542.15234375,12466.6669921875,12500.0,12133.3330078125,12166.6669921875,720000,2026-10-08
2021-04-08,11727.3212890625,12666.6669921875,12666.6669921875,12416.6669921875,12516.6669921875,510000,2026-10-08
2021-04-09,11681.029296875,12616.6669921875,12766.6669921875,12550.0,12600.0,522000,2026-10-08
2021-04-12,11650.166015625,12583.3330078125,12716.6669921875,12466.6669921875,12716.6669921875,392700,2026-10-08
2021-04-13,11634.7353515625,12566.6669921875,12633.3330078125,12400.0,12533.3330078125,393900,2026-10-08
2021-04-14,11634.7353515625,12566.6669921875,12633.3330078125,12500.0,12616.6669921875,272100,2026-10-08
2021-04-15,11650.166015625,12583.3330078125,12633.3330078125,12333.3330078125,12433.3330078125,422400,2026-10-08
2021-04-16,11511.291015625,12433.3330078125,12766.6669921875,12433.3330078125,12766.6669921875,409800,2026-10-08
2021-04-19,11650.166015625,12583.3330078125,12600.0,12416.6669921875,12433.3330078125,268200,2026-10-08
2021-04-20,11542.15234375,12466.6669921875,12583.3330078125,12383.3330078125,12400.0,397500,2026-10-08
2021-04-21,11218.1064453125,12116.6669921875,12333.3330078125,12083.3330078125,12250.0,457500,2026-10-08
2021-04-22,11634.7353515625,12566.6669921875,12583.3330078125,12350.0,12466.6669921875,523500,2026-10-08
2021-04-23,11588.443359375,12516.6669921875,12550.0,12066.6669921875,12233.3330078125,958200,2026-10-08
2021-04-26,11758.18359375,12700.0,12783.3330078125,12466.6669921875,12566.6669921875,623700,2026-10-08
2021-04-27,11511.291015625,12433.3330078125,12733.3330078125,12400.0,12716.6669921875,597300,2026-10-08
2021-04-28,11387.8466796875,12300.0,12450.0,12233.3330078125,12400.0,594900,2026-10-08
2021-04-30,10924.9248046875,11800.0,12266.6669921875,11716.6669921875,12216.6669921875,817800,2026-10-08
2021-05-06,10847.76953125,11716.6669921875,11866.6669921875,11500.0,11850.0,833700,2026-10-08
2021-05-07,10894.0634765625,11766.6669921875,11966.6669921875,11566.6669921875,11733.3330078125,626700,2026-10-08
2021-05-10,10832.33984375,11700.0,11766.6669921875,11650.0,11700.0,502200,2026-10-08
2021-05-11,10353.9892578125,11183.3330078125,11516.6669921875,11133.3330078125,11466.6669921875,935700,2026-10-08
2021-05-12,9999.0830078125,10800.0,11333.3330078125,10683.3330078125,11283.3330078125,1002300,2026-10-08
2021-05-13,9613.31640625,10383.3330078125,10533.3330078125,10333.3330078125,10483.3330078125,903900,2026-10-08
2021-05-14,9891.068359375,10683.3330078125,10750.0,10500.0,10533.3330078125,762000,2026-10-08
2021-05-17,9659.607421875,10433.3330078125,10933.3330078125,10366.6669921875,10916.6669921875,672900,2026-10-08
2021-05-18,9736.76171875,10516.6669921875,10583.3330078125,10416.6669921875,10516.6669921875,527100,2026-10-08
2021-05-19,9551.5947265625,10316.6669921875,10416.6669921875,10233.3330078125,10383.3330078125,528600,2026-10-08
2021-05-20,9721.3310546875,10500.0,10616.6669921875,10333.3330078125,10333.3330078125,462900,2026-10-08
2021-05-21,9613.31640625,10383.3330078125,10800.0,10366.6669921875,10800.0,573300,2026-10-08
2021-05-24,9767.623046875,10550.0,10633.3330078125,10433.3330078125,10483.3330078125,594600,2026-10-08
2021-05-25,10045.3759765625,10850.0,10850.0,10616.6669921875,10750.0,560400,2026-10-08
2021-05-26,10076.236328125,10883.3330078125,11000.0,10833.3330078125,10983.3330078125,509700,2026-10-08
2021-05-27,10307.697265625,11133.3330078125,11183.3330078125,10916.6669921875,10983.3330078125,975000,2026-10-08
2021-05-28,10369.4189453125,11200.0,11366.6669921875,11133.3330078125,11350.0,494700,2026-10-08
2021-05-31,10369.4189453125,11200.0,11316.6669921875,11133.3330078125,11200.0,313500,2026-10-08
2021-06-01,10353.9892578125,11183.3330078125,11266.6669921875,11083.3330078125,11233.3330078125,294600,2026-10-08
2021-06-02,10245.9755859375,11066.6669921875,11200.0,11016.6669921875,11183.3330078125,408900,2026-10-08
2021-06-03,10631.7421875,11483.3330078125,11500.0,11116.6669921875,11166.6669921875,530700,2026-10-08
2021-06-04,10492.865234375,11333.3330078125,11433.3330078125,11250.0,11350.0,510300,2026-10-08
2021-06-07,10508.296875,11350.0,11633.3330078125,11300.0,11566.6669921875,457800,2026-10-08
2021-06-08,10245.9755859375,11066.6669921875,11400.0,11066.6669921875,11350.0,519600,2026-10-08
2021-06-09,10230.544921875,11050.0,11100.0,10833.3330078125,11033.3330078125,477600,2026-10-08
2021-06-10,10415.7119140625,11250.0,11266.6669921875,11050.0,11083.3330078125,531000,2026-10-08
2021-06-11,10446.5732421875,11283.3330078125,11350.0,11183.3330078125,11266.6669921875,495000,2026-10-08
2021-06-14,10755.1884765625,11616.6669921875,11633.3330078125,11250.0,11333.3330078125,437100,2026-10-08
2021-06-15,10832.33984375,11700.0,11733.3330078125,11566.6669921875,11666.6669921875,545700,2026-10-08
2021-06-16,10739.7568359375,11600.0,11616.6669921875,11450.0,11466.6669921875,400800,2026-10-08
2021-06-17,10708.896484375,11566.6669921875,11583.3330078125,11400.0,11483.3330078125,393900,2026-10-08
2021-06-18,10770.6171875,11633.3330078125,11766.6669921875,11600.0,11666.6669921875,548100,2026-10-08
2021-06-21,10554.587890625,11400.0,11616.6669921875,11366.6669921875,11400.0,632400,2026-10-08
2021-06-22,10724.3251953125,11583.3330078125,11633.3330078125,11416.6669921875,11483.3330078125,479400,2026-10-08
2021-06-23,10739.7568359375,11600.0,11633.3330078125,11450.0,11583.3330078125,390900,2026-10-08
2021-06-24,10739.7568359375,11600.0,11716.6669921875,11516.6669921875,11716.6669921875,261300,2026-10-08
2021-06-25,10724.3251953125,11583.3330078125,11716.6669921875,11516.6669921875,11633.3330078125,424800,2026-10-08
2021-06-28,10523.728515625,11366.6669921875,11533.3330078125,11300.0,11483.3330078125,373200,2026-10-08
2021-06-29,10400.2802734375,11233.3330078125,11500.0,11216.6669921875,11500.0,579000,2026-10-08
2021-06-30,10477.435546875,11316.6669921875,11450.0,11200.0,11300.0,594900,2026-10-08
2021-07-01,10600.8798828125,11450.0,11500.0,11250.0,11283.3330078125,451500,2026-10-08
2021-07-02,10400.2802734375,11233.3330078125,11350.0,11050.0,11350.0,681900,2026-10-08
2021-07-05,10554.587890625,11400.0,11400.0,11233.3330078125,11300.0,325500,2026-10-08
2021-07-06,10554.587890625,11400.0,11450.0,11333.3330078125,11400.0,252000,2026-10-08
2021-07-07,10415.7119140625,11250.0,11350.0,11216.6669921875,11283.3330078125,490800,2026-10-08
2021-07-08,10153.3916015625,10966.6669921875,11250.0,10950.0,11200.0,595200,2026-10-08
2021-07-09,10076.236328125,10883.3330078125,10900.0,10633.3330078125,10766.6669921875,685800,2026-10-08
2021-07-12,10261.4052734375,11083.3330078125,11116.6669921875,10983.3330078125,11116.6669921875,348000,2026-10-08
2021-07-13,10045.3759765625,10850.0,11033.3330078125,10833.3330078125,11016.6669921875,492300,2026-10-08
2021-07-14,10184.2509765625,11000.0,11033.3330078125,10800.0,10866.6669921875,412200,2026-10-08
2021-07-15,10076.236328125,10883.3330078125,10983.3330078125,10833.3330078125,10833.3330078125,484200,2026-10-08
2021-07-16,9921.9306640625,10716.6669921875,10766.6669921875,10500.0,10566.6669921875,640200,2026-10-08
2021-07-19,9597.88671875,10366.6669921875,10600.0,10333.3330078125,10500.0,696900,2026-10-08
2021-07-20,9505.302734375,10266.6669921875,10450.0,10200.0,10200.0,762900,2026-10-08
2021-07-21,9459.0107421875,10216.6669921875,10600.0,10150.0,10583.3330078125,1604700,2026-10-08
2021-07-26,9582.4560546875,10350.0,10500.0,10283.3330078125,10450.0,561300,2026-10-08
2021-07-27,9567.025390625,10333.3330078125,10400.0,10250.0,10333.3330078125,402600,2026-10-08
2021-07-28,9459.0107421875,10216.6669921875,10316.6669921875,10150.0,10283.3330078125,594900,2026-10-08
2021-07-29,9690.4716796875,10466.6669921875,10466.6669921875,10250.0,10316.6669921875,606300,2026-10-08
2021-07-30,9613.31640625,10383.3330078125,10550.0,10366.6669921875,10466.6669921875,405300,2026-10-08
2021-08-02,9721.3310546875,10500.0,10566.6669921875,10433.3330078125,10550.0,352800,2026-10-08
2021-08-03,9844.7763671875,10633.3330078125,10683.3330078125,10516.6669921875,10583.3330078125,419700,2026-10-08
2021-08-04,9983.65234375,10783.3330078125,10800.0,10666.6669921875,10750.0,409800,2026-10-08
2021-08-05,10215.11328125,11033.3330078125,11033.3330078125,10850.0,10866.6669921875,439200,2026-10-08
2021-08-06,10137.9580078125,10950.0,11000.0,10850.0,11000.0,370500,2026-10-08
2021-08-10,10276.837890625,11100.0,11133.3330078125,10916.6669921875,11000.0,417900,2026-10-08
2021-08-11,10076.236328125,10883.3330078125,11083.3330078125,10800.0,11050.0,442800,2026-10-08
2021-08-12,9875.6396484375,10666.6669921875,10816.6669921875,10633.3330078125,10816.6669921875,424200,2026-10-08
2021-08-13,9659.607421875,10433.3330078125,10666.6669921875,10400.0,10616.6669921875,422100,2026-10-08
2021-08-16,9628.748046875,10400.0,10416.6669921875,10300.0,10350.0,344700,2026-10-08
2021-08-17,9551.5947265625,10316.6669921875,10700.0,10316.6669921875,10666.6669921875,423300,2026-10-08
2021-08-18,9829.34765625,10616.6669921875,10683.3330078125,10316.6669921875,10316.6669921875,607500,2026-10-08
2021-08-19,9551.5947265625,10316.6669921875,10583.3330078125,10316.6669921875,10500.0,510600,2026-10-08
2021-08-20,9489.87109375,10250.0,10550.0,10216.6669921875,10500.0,421200,2026-10-08
2021-08-23,9567.025390625,10333.3330078125,10433.3330078125,10266.6669921875,10366.6669921875,332400,2026-10-08
2021-08-24,9705.900390625,10483.3330078125,10533.3330078125,10416.6669921875,10466.6669921875,355200,2026-10-08
2021-08-25,9597.88671875,10366.6669921875,10550.0,10316.6669921875,10466.6669921875,321300,2026-10-08
2021-08-26,9675.041015625,10450.0,10566.6669921875,10383.3330078125,10416.6669921875,357600,2026-10-08
2021-08-27,9659.607421875,10433.3330078125,10566.6669921875,10383.3330078125,10516.6669921875,355200,2026-10-08
2021-08-30,9829.34765625,10616.6669921875,10666.6669921875,10516.6669921875,10600.0,507300,2026-10-08
2021-08-31,9891.068359375,10683.3330078125,10683.3330078125,10500.0,10500.0,420900,2026-10-08
2021-09-01,9906.5009765625,10700.0,10750.0,10583.3330078125,10583.3330078125,454200,2026-10-08
2021-09-02,10014.5146484375,10816.6669921875,10866.6669921875,10733.3330078125,10833.3330078125,381300,2026-10-08
2021-09-03,10276.837890625,11100.0,11183.3330078125,10850.0,10866.6669921875,584700,2026-10-08
2021-09-06,10384.8525390625,11216.6669921875,11300.0,11183.3330078125,11266.6669921875,374700,2026-10-08
2021-09-07,10353.9892578125,11183.3330078125,11350.0,11116.6669921875,11300.0,446700,2026-10-08
2021-09-08,10693.4638671875,11550.0,11550.0,11216.6669921875,11266.6669921875,643200,2026-10-08
2021-09-09,10647.173828125,11500.0,11650.0,11400.0,11416.6669921875,486900,2026-10-08
2021-09-10,11032.939453125,11916.6669921875,11933.3330078125,11550.0,11600.0,856800,2026-10-08
2021-09-13,11048.37109375,11933.3330078125,12083.3330078125,11816.6669921875,11966.6669921875,538200,2026-10-08
2021-09-14,11218.1064453125,12116.6669921875,12200.0,12016.6669921875,12033.3330078125,675000,2026-10-08
2021-09-15,11171.8154296875,12066.6669921875,12183.3330078125,12000.0,12033.3330078125,680100,2026-10-08
2021-09-16,10384.8525390625,11216.6669921875,11700.0,11133.3330078125,11600.0,1289100,2026-10-08
2021-09-17,10570.01953125,11416.6669921875,11550.0,11316.6669921875,11400.0,882600,2026-10-08
2021-09-21,10400.2802734375,11233.3330078125,11316.6669921875,10950.0,10950.0,532800,2026-10-08
2021-09-22,10230.544921875,11050.0,11250.0,11033.3330078125,11183.3330078125,497100,2026-10-08
2021-09-24,10307.697265625,11133.3330078125,11400.0,11133.3330078125,11400.0,642900,2026-10-08
2021-09-27,10245.9755859375,11066.6669921875,11183.3330078125,11000.0,11083.3330078125,446400,2026-10-08
2021-09-28,10245.9755859375,11066.6669921875,11133.3330078125,10966.6669921875,11033.3330078125,537300,2026-10-08
2021-09-29,9904.1416015625,10633.3330078125,10650.0,10500.0,10600.0,1051200,2026-10-08
2021-09-30,9733.3818359375,10450.0,10616.6669921875,10316.6669921875,10616.6669921875,597600,2026-10-08
2021-10-01,9624.7138671875,10333.3330078125,10500.0,10233.3330078125,10233.3330078125,750900,2026-10-08
2021-10-04,9208.6796875,9886.6669921875,10350.0,9846.6669921875,10266.6669921875,1197300,2026-10-08
2021-10-05,8941.6708984375,9600.0,9736.6669921875,9353.3330078125,9720.0,1343700,2026-10-08
2021-10-06,8947.880859375,9606.6669921875,10100.0,9570.0,9916.6669921875,1219200,2026-10-08
2021-10-07,9093.80078125,9763.3330078125,9910.0,9676.6669921875,9773.3330078125,865500,2026-10-08
2021-10-08,9242.8310546875,9923.3330078125,10083.3330078125,9876.6669921875,10050.0,646800,2026-10-08
2021-10-11,9137.2685546875,9810.0,9893.3330078125,9623.3330078125,9833.3330078125,634500,2026-10-08
2021-10-12,8982.0322265625,9643.3330078125,9913.3330078125,9606.6669921875,9783.3330078125,483000,2026-10-08
2021-10-13,8857.8427734375,9510.0,9633.3330078125,9473.3330078125,9500.0,458700,2026-10-08
2021-10-14,9028.603515625,9693.3330078125,9763.3330078125,9603.3330078125,9670.0,563400,2026-10-08
2021-10-15,9314.2412109375,10000.0,10066.6669921875,9853.3330078125,9866.6669921875,658500,2026-10-08
2021-10-18,9484.9990234375,10183.3330078125,10266.6669921875,10050.0,10183.3330078125,774300,2026-10-08
2021-10-19,9686.8095703125,10400.0,10516.6669921875,10283.3330078125,10366.6669921875,562200,2026-10-08
2021-10-20,9547.095703125,10250.0,10516.6669921875,10216.6669921875,10483.3330078125,865800,2026-10-08
2021-10-21,9345.2880859375,10033.3330078125,10283.3330078125,10000.0,10250.0,879300,2026-10-08
2021-10-22,9624.7138671875,10333.3330078125,10500.0,10116.6669921875,10366.6669921875,1109700,2026-10-08
2021-10-25,9717.8564453125,10433.3330078125,10433.3330078125,10116.6669921875,10133.3330078125,494700,2026-10-08
2021-10-26,9624.7138671875,10333.3330078125,10566.6669921875,10300.0,10516.6669921875,493800,2026-10-08
2021-10-27,9438.4306640625,10133.3330078125,10250.0,10016.6669921875,10233.3330078125,656100,2026-10-08
2021-10-28,9640.2392578125,10350.0,10350.0,10150.0,10166.6669921875,1370400,2026-10-08
2021-10-29,9500.5263671875,10200.0,10316.6669921875,10150.0,10250.0,429600,2026-10-08
2021-11-01,9764.4287109375,10483.3330078125,10483.3330078125,10250.0,10433.3330078125,456000,2026-10-08
2021-11-02,9748.9052734375,10466.6669921875,10500.0,10400.0,10400.0,248400,2026-10-08
2021-11-04,9904.1416015625,10633.3330078125,10700.0,10533.3330078125,10700.0,603600,2026-10-08
2021-11-05,9981.7607421875,10716.6669921875,10800.0,10650.0,10716.6669921875,489600,2026-10-08
2021-11-08,10152.521484375,10900.0,10916.6669921875,10683.3330078125,10800.0,561600,2026-10-08
2021-11-09,10276.7099609375,11033.3330078125,11133.3330078125,10933.3330078125,10983.3330078125,597900,2026-10-08
2021-11-10,10214.6171875,10966.6669921875,11100.0,10933.3330078125,11000.0,416400,2026-10-08
2021-11-11,10276.7099609375,11033.3330078125,11050.0,10700.0,10750.0,401700,2026-10-08
2021-11-12,10462.9951171875,11233.3330078125,11316.6669921875,11116.6669921875,11133.3330078125,406500,2026-10-08
2021-11-15,10649.28125,11433.3330078125,11500.0,11333.3330078125,11333.3330078125,430800,2026-10-08
2021-11-16,10664.8046875,11450.0,11516.6669921875,11300.0,11383.3330078125,271500,2026-10-08
2021-11-17,10556.1376953125,11333.3330078125,11483.3330078125,11300.0,11400.0,537000,2026-10-08
2021-11-18,10292.2373046875,11050.0,11283.3330078125,11000.0,11283.3330078125,871800,2026-10-08
2021-11-19,10462.9951171875,11233.3330078125,11266.6669921875,11100.0,11133.3330078125,490500,2026-10-08
2021-11-22,10276.7099609375,11033.3330078125,11166.6669921875,11000.0,11133.3330078125,434400,2026-10-08
2021-11-24,10012.80859375,10750.0,10883.3330078125,10650.0,10800.0,522600,2026-10-08
2021-11-25,9997.2841796875,10733.3330078125,10866.6669921875,10700.0,10816.6669921875,250800,2026-10-08
2021-11-26,9795.4765625,10516.6669921875,10716.6669921875,10400.0,10683.3330078125,601800,2026-10-08
2021-11-29,9919.6650390625,10650.0,10750.0,10383.3330078125,10433.3330078125,730500,2026-10-08
2021-11-30,10121.4755859375,10866.6669921875,11250.0,10866.6669921875,10966.6669921875,1003500,2026-10-08
2021-12-01,10043.85546875,10783.3330078125,10900.0,10600.0,10850.0,552000,2026-10-08
2021-12-02,10090.427734375,10833.3330078125,10933.3330078125,10700.0,10733.3330078125,332100,2026-10-08
2021-12-03,10121.4755859375,10866.6669921875,10883.3330078125,10616.6669921875,10833.3330078125,451200,2026-10-08
2021-12-06,10168.0458984375,10916.6669921875,10983.3330078125,10816.6669921875,10866.6669921875,373500,2026-10-08
2021-12-07,10245.6640625,11000.0,11016.6669921875,10683.3330078125,10816.6669921875,528600,2026-10-08
2021-12-08,10168.0458984375,10916.6669921875,11233.3330078125,10850.0,11216.6669921875,682500,2026-10-08
2021-12-09,10276.7099609375,11033.3330078125,11116.6669921875,10833.3330078125,10933.3330078125,429600,2026-10-08
2021-12-10,10261.189453125,11016.6669921875,11100.0,10916.6669921875,10933.3330078125,435300,2026-10-08
2021-12-13,10276.7099609375,11033.3330078125,11100.0,10983.3330078125,11066.6669921875,395100,2026-10-08
2021-12-14,10121.4755859375,10866.6669921875,11083.3330078125,10833.3330078125,11083.3330078125,511200,2026-10-08
2021-12-15,10152.521484375,10900.0,11016.6669921875,10833.3330078125,10833.3330078125,341100,2026-10-08
2021-12-16,10323.2822265625,11083.3330078125,11116.6669921875,10933.3330078125,11066.6669921875,513600,2026-10-08
2021-12-17,10261.189453125,11016.6669921875,11066.6669921875,10933.3330078125,10983.3330078125,489300,2026-10-08
2021-12-20,10214.6171875,10966.6669921875,11133.3330078125,10950.0,11083.3330078125,567900,2026-10-08
2021-12-21,10587.1875,11366.6669921875,11366.6669921875,11083.3330078125,11150.0,579300,2026-10-08
2021-12-22,10602.708984375,11383.3330078125,11450.0,11183.3330078125,11400.0,508500,2026-10-08
2021-12-23,10664.8046875,11450.0,11483.3330078125,11383.3330078125,11466.6669921875,368400,2026-10-08
2021-12-24,10773.4716796875,11566.6669921875,11583.3330078125,11483.3330078125,11500.0,317400,2026-10-08
2021-12-27,10804.51953125,11600.0,11700.0,11600.0,11666.6669921875,535200,2026-10-08
2021-12-28,10913.1845703125,11716.6669921875,11716.6669921875,11616.6669921875,11666.6669921875,566100,2026-10-08
2021-12-29,10913.1845703125,11716.6669921875,11783.3330078125,11633.3330078125,11733.3330078125,479100,2026-10-08
2021-12-30,10913.1845703125,11716.6669921875,11800.0,11633.3330078125,11666.6669921875,461400,2026-10-08
2022-01-04,11177.0888671875,12000.0,12016.6669921875,11783.3330078125,11833.3330078125,802500,2026-10-08
2022-01-05,10990.8046875,11800.0,11900.0,11783.3330078125,11900.0,505800,2026-10-08
2022-01-06,10726.900390625,11516.6669921875,11633.3330078125,11416.6669921875,11483.3330078125,625500,2026-10-08
2022-01-07,10975.2802734375,11783.3330078125,12016.6669921875,11666.6669921875,11916.6669921875,1439400,2026-10-08
2022-01-11,10773.4716796875,11566.6669921875,11733.3330078125,11450.0,11716.6669921875,734700,2026-10-08
2022-01-12,11099.470703125,11916.6669921875,11983.3330078125,11666.6669921875,11733.3330078125,755100,2026-10-08
2022-01-13,10835.5654296875,11633.3330078125,11816.6669921875,11633.3330078125,11700.0,769200,2026-10-08
2022-01-14,10913.1845703125,11716.6669921875,11716.6669921875,11516.6669921875,11600.0,689100,2026-10-08
2022-01-17,10928.708984375,11733.3330078125,11866.6669921875,11666.6669921875,11866.6669921875,831600,2026-10-08
2022-01-18,10959.7548828125,11766.6669921875,11916.6669921875,11666.6669921875,11733.3330078125,817800,2026-10-08
2022-01-19,10540.615234375,11316.6669921875,11616.6669921875,11300.0,11550.0,930000,2026-10-08
2022-01-20,10323.2822265625,11083.3330078125,11216.6669921875,11000.0,11166.6669921875,945000,2026-10-08
2022-01-21,9935.1904296875,10666.6669921875,10866.6669921875,10600.0,10850.0,978900,2026-10-08
2022-01-24,10043.85546875,10783.3330078125,10783.3330078125,10383.3330078125,10483.3330078125,782400,2026-10-08
2022-01-25,9702.3349609375,10416.6669921875,10933.3330078125,10300.0,10866.6669921875,1225800,2026-10-08
2022-01-26,10028.333984375,10766.6669921875,10850.0,10316.6669921875,10616.6669921875,1605000,2026-10-08
2022-01-27,9826.5234375,10550.0,11200.0,10550.0,11083.3330078125,1785600,2026-10-08
2022-01-28,9531.572265625,10233.3330078125,10716.6669921875,10233.3330078125,10700.0,1112400,2026-10-08
2022-01-31,9655.7626953125,10366.6669921875,10383.3330078125,10166.6669921875,10166.6669921875,968700,2026-10-08
2022-02-01,9950.7119140625,10683.3330078125,10883.3330078125,10633.3330078125,10716.6669921875,946500,2026-10-08
2022-02-02,10292.2373046875,11050.0,11066.6669921875,10733.3330078125,10733.3330078125,638100,2026-10-08
2022-02-03,9997.2841796875,10733.3330078125,11033.3330078125,10666.6669921875,10983.3330078125,693300,2026-10-08
2022-02-04,10059.3798828125,10800.0,10816.6669921875,10600.0,10616.6669921875,532800,2026-10-08
2022-02-07,10012.80859375,10750.0,10866.6669921875,10666.6669921875,10766.6669921875,615300,2026-10-08
2022-02-08,9997.2841796875,10733.3330078125,10816.6669921875,10716.6669921875,10733.3330078125,574200,2026-10-08
2022-02-09,10369.8525390625,11133.3330078125,11133.3330078125,10900.0,10900.0,704400,2026-10-08
2022-02-10,10664.8046875,11450.0,11450.0,11266.6669921875,11333.3330078125,870000,2026-10-08
2022-02-14,10416.4267578125,11183.3330078125,11216.6669921875,11000.0,11000.0,679500,2026-10-08
2022-02-15,10199.0927734375,10950.0,11316.6669921875,10933.3330078125,11266.6669921875,687900,2026-10-08
2022-02-16,10431.9462890625,11200.0,11216.6669921875,11050.0,11200.0,601500,2026-10-08
2022-02-17,10757.9462890625,11550.0,11733.3330078125,11316.6669921875,11333.3330078125,1051500,2026-10-08
2022-02-18,10509.5673828125,11283.3330078125,11366.6669921875,11166.6669921875,11316.6669921875,700800,2026-10-08
2022-02-21,10540.615234375,11316.6669921875,11333.3330078125,10983.3330078125,11050.0,614700,2026-10-08
2022-02-22,9997.2841796875,10733.3330078125,11166.6669921875,10700.0,11083.3330078125,676200,2026-10-08
2022-02-24,9422.90625,10116.6669921875,10550.0,10000.0,10550.0,966600,2026-10-08
2022-02-25,10043.85546875,10783.3330078125,10816.6669921875,10366.6669921875,10416.6669921875,684300,2026-10-08
2022-02-28,9981.7607421875,10716.6669921875,10800.0,10400.0,10400.0,675900,2026-10-08
2022-03-01,10028.333984375,10766.6669921875,10883.3330078125,10733.3330078125,10866.6669921875,451200,2026-10-08
2022-03-02,9748.9052734375,10466.6669921875,10616.6669921875,10383.3330078125,10533.3330078125,453000,2026-10-08
2022-03-03,9904.1416015625,10633.3330078125,10750.0,10583.3330078125,10600.0,428700,2026-10-08
2022-03-04,9407.3828125,10100.0,10416.6669921875,10066.6669921875,10400.0,683400,2026-10-08
2022-03-07,8954.08984375,9613.3330078125,9923.3330078125,9470.0,9800.0,956100,2026-10-08
2022-03-08,9025.4990234375,9690.0,9883.3330078125,9376.6669921875,9376.6669921875,1011600,2026-10-08
2022-03-09,9183.8408203125,9860.0,10033.3330078125,9670.0,9813.3330078125,690900,2026-10-08
2022-03-10,9531.572265625,10233.3330078125,10300.0,10100.0,10200.0,481200,2026-10-08
2022-03-11,9112.431640625,9783.3330078125,10066.6669921875,9576.6669921875,9940.0,1012500,2026-10-08
2022-03-14,9059.650390625,9726.6669921875,9936.6669921875,9673.3330078125,9760.0,556800,2026-10-08
2022-03-15,9081.3857421875,9750.0,9853.3330078125,9526.6669921875,9560.0,539400,2026-10-08
2022-03-16,9314.2412109375,10000.0,10050.0,9770.0,9850.0,711000,2026-10-08
2022-03-17,9779.9521484375,10500.0,10566.6669921875,10300.0,10450.0,567900,2026-10-08
2022-03-18,9904.1416015625,10633.3330078125,10633.3330078125,10516.6669921875,10600.0,753000,2026-10-08
2022-03-22,9935.1904296875,10666.6669921875,10733.3330078125,10533.3330078125,10683.3330078125,436800,2026-10-08
2022-03-23,10447.4736328125,11216.6669921875,11216.6669921875,10883.3330078125,10900.0,583200,2026-10-08
2022-03-24,10509.5673828125,11283.3330078125,11283.3330078125,10883.3330078125,10916.6669921875,337500,2026-10-08
2022-03-25,10649.28125,11433.3330078125,11583.3330078125,11350.0,11500.0,541500,2026-10-08
2022-03-28,10462.9951171875,11233.3330078125,11433.3330078125,11200.0,11366.6669921875,352800,2026-10-08
2022-03-29,10664.8046875,11450.0,11583.3330078125,11400.0,11400.0,495900,2026-10-08
2022-03-30,10778.2783203125,11366.6669921875,11533.3330078125,11333.3330078125,11500.0,546300,2026-10-08
2022-03-31,10873.103515625,11466.6669921875,11666.6669921875,11333.3330078125,11400.0,557700,2026-10-08
2022-04-01,10541.2197265625,11116.6669921875,11283.3330078125,11050.0,11200.0,715200,2026-10-08
2022-04-04,10478.00390625,11050.0,11083.3330078125,10866.6669921875,11000.0,381000,2026-10-08
2022-04-05,10541.2197265625,11116.6669921875,11316.6669921875,11066.6669921875,11233.3330078125,432600,2026-10-08
2022-04-06,10161.92578125,10716.6669921875,10833.3330078125,10683.3330078125,10800.0,483000,2026-10-08
2022-04-07,9592.9833984375,10116.6669921875,10450.0,10083.3330078125,10333.3330078125,1052400,2026-10-08
2022-04-08,9545.57421875,10066.6669921875,10333.3330078125,10033.3330078125,10316.6669921875,762000,2026-10-08
2022-04-11,9498.16015625,10016.6669921875,10133.3330078125,9916.6669921875,10016.6669921875,551100,2026-10-08
2022-04-12,9498.16015625,10016.6669921875,10066.6669921875,9860.0,9916.6669921875,551700,2026-10-08
2022-04-13,9624.5908203125,10150.0,10200.0,9986.6669921875,9986.6669921875,637200,2026-10-08
2022-04-14,9735.21875,10266.6669921875,10266.6669921875,10133.3330078125,10266.6669921875,418800,2026-10-08
2022-04-15,9447.5869140625,9963.3330078125,10133.3330078125,9936.6669921875,9993.3330078125,520200,2026-10-08
2022-04-18,9498.16015625,10016.6669921875,10066.6669921875,9920.0,10033.3330078125,399900,2026-10-08
2022-04-19,9703.611328125,10233.3330078125,10300.0,10133.3330078125,10166.6669921875,473400,2026-10-08
2022-04-20,9498.16015625,10016.6669921875,10400.0,9973.3330078125,10366.6669921875,788100,2026-10-08
2022-04-21,9893.2568359375,10433.3330078125,10466.6669921875,10100.0,10116.6669921875,937500,2026-10-08
2022-04-22,10256.7490234375,10816.6669921875,10966.6669921875,10450.0,10533.3330078125,1935300,2026-10-08
2022-04-25,9956.4736328125,10500.0,10733.3330078125,10416.6669921875,10466.6669921875,741000,2026-10-08
2022-04-26,10146.1220703125,10700.0,10866.6669921875,10650.0,10800.0,748500,2026-10-08
2022-04-27,10114.513671875,10666.6669921875,10700.0,10350.0,10483.3330078125,819000,2026-10-08
2022-04-28,10146.1220703125,10700.0,10700.0,10500.0,10633.3330078125,547500,2026-10-08
2022-05-02,9814.23828125,10350.0,10700.0,10250.0,10700.0,793200,2026-10-08
2022-05-06,9988.080078125,10533.3330078125,10533.3330078125,10183.3330078125,10333.3330078125,685200,2026-10-08
2022-05-09,9798.4326171875,10333.3330078125,10466.6669921875,10333.3330078125,10350.0,325200,2026-10-08
2022-05-10,9861.6494140625,10400.0,10450.0,10116.6669921875,10316.6669921875,632700,2026-10-08
2022-05-11,10019.6884765625,10566.6669921875,10616.6669921875,10300.0,10300.0,496200,2026-10-08
2022-05-12,9909.0625,10450.0,10583.3330078125,10300.0,10350.0,495600,2026-10-08
2022-05-13,10177.7275390625,10733.3330078125,10783.3330078125,10550.0,10600.0,525300,2026-10-08
2022-05-16,10225.1396484375,10783.3330078125,10933.3330078125,10666.6669921875,10850.0,447300,2026-10-08
2022-05-17,10367.3740234375,10933.3330078125,10933.3330078125,10733.3330078125,10850.0,300300,2026-10-08
2022-05-18,10651.84375,11233.3330078125,11366.6669921875,11133.3330078125,11166.6669921875,759600,2026-10-08
2022-05-19,10493.806640625,11066.6669921875,11083.3330078125,10783.3330078125,10783.3330078125,459300,2026-10-08
2022-05-20,10541.2197265625,11116.6669921875,11116.6669921875,10950.0,11116.6669921875,459600,2026-10-08
2022-05-23,10557.021484375,11133.3330078125,11316.6669921875,11083.3330078125,11316.6669921875,359100,2026-10-08
2022-05-24,10430.58984375,11000.0,11133.3330078125,10966.6669921875,11066.6669921875,360600,2026-10-08
2022-05-25,10620.236328125,11200.0,11283.3330078125,10966.6669921875,11100.0,489300,2026-10-08
2022-05-26,10478.00390625,11050.0,11266.6669921875,11033.3330078125,11100.0,415200,2026-10-08
2022-05-27,10794.080078125,11383.3330078125,11483.3330078125,11316.6669921875,11350.0,550800,2026-10-08
2022-05-30,11125.9638671875,11733.3330078125,11750.0,11533.3330078125,11616.6669921875,919200,2026-10-08
2022-05-31,11094.35546875,11700.0,11833.3330078125,11616.6669921875,11716.6669921875,846900,2026-10-08
2022-06-01,10999.533203125,11600.0,11666.6669921875,11566.6669921875,11600.0,471900,2026-10-08
2022-06-02,11046.9443359375,11650.0,11683.3330078125,11550.0,11650.0,317700,2026-10-08
2022-06-03,11173.3759765625,11783.3330078125,11933.3330078125,11750.0,11816.6669921875,475500,2026-10-08
2022-06-06,11141.767578125,11750.0,11766.6669921875,11600.0,11600.0,337200,2026-10-08
2022-06-07,11110.1591796875,11716.6669921875,11800.0,11600.0,11650.0,357300,2026-10-08
2022-06-08,11031.1396484375,11633.3330078125,11833.3330078125,11616.6669921875,11800.0,476100,2026-10-08
2022-06-09,10873.103515625,11466.6669921875,11566.6669921875,11316.6669921875,11366.6669921875,651000,2026-10-08
2022-06-10,10525.4150390625,11100.0,11333.3330078125,11083.3330078125,11300.0,683700,2026-10-08
2022-06-13,10098.708984375,10650.0,10833.3330078125,10583.3330078125,10766.6669921875,636000,2026-10-08
2022-06-14,10098.708984375,10650.0,10733.3330078125,10416.6669921875,10466.6669921875,711900,2026-10-08
2022-06-15,10067.1005859375,10616.6669921875,10700.0,10533.3330078125,10583.3330078125,465900,2026-10-08
2022-06-16,10161.92578125,10716.6669921875,11000.0,10700.0,10900.0,578400,2026-10-08
2022-06-17,9845.845703125,10383.3330078125,10466.6669921875,10166.6669921875,10266.6669921875,836100,2026-10-08
2022-06-20,9412.818359375,9926.6669921875,10416.6669921875,9860.0,10416.6669921875,870000,2026-10-08
2022-06-21,9592.9833984375,10116.6669921875,10200.0,9836.6669921875,9950.0,629400,2026-10-08
2022-06-22,9453.908203125,9970.0,10350.0,9956.6669921875,10350.0,788700,2026-10-08
2022-06-23,9577.1796875,10100.0,10250.0,9926.6669921875,9933.3330078125,699600,2026-10-08
2022-06-24,10256.7490234375,10816.6669921875,10816.6669921875,10383.3330078125,10566.6669921875,1100700,2026-10-08
2022-06-27,10414.787109375,10983.3330078125,11050.0,10716.6669921875,10900.0,666600,2026-10-08
2022-06-28,10651.84375,11233.3330078125,11233.3330078125,10850.0,10866.6669921875,733500,2026-10-08
2022-06-29,10462.197265625,11033.3330078125,11166.6669921875,10900.0,11083.3330078125,865200,2026-10-08
2022-06-30,10177.7275390625,10733.3330078125,11150.0,10666.6669921875,11133.3330078125,790800,2026-10-08
2022-07-01,9672.00390625,10200.0,11000.0,10150.0,10833.3330078125,1212900,2026-10-08
2022-07-04,9529.7666015625,10050.0,10166.6669921875,9866.6669921875,9966.6669921875,993000,2026-10-08
2022-07-05,9460.2294921875,9976.6669921875,10216.6669921875,9973.3330078125,10100.0,881700,2026-10-08
2022-07-06,9672.00390625,10200.0,10266.6669921875,9973.3330078125,9976.6669921875,829200,2026-10-08
2022-07-07,9624.5908203125,10150.0,10183.3330078125,9936.6669921875,9966.6669921875,1222800,2026-10-08
2022-07-08,9703.611328125,10233.3330078125,10450.0,10233.3330078125,10383.3330078125,741000,2026-10-08
2022-07-11,9687.8056640625,10216.6669921875,10383.3330078125,10116.6669921875,10366.6669921875,651600,2026-10-08
2022-07-12,9592.9833984375,10116.6669921875,10233.3330078125,10000.0,10216.6669921875,577800,2026-10-08
2022-07-13,9608.7880859375,10133.3330078125,10283.3330078125,10066.6669921875,10200.0,389700,2026-10-08
2022-07-14,9861.6494140625,10400.0,10433.3330078125,10083.3330078125,10116.6669921875,573000,2026-10-08
2022-07-15,9577.1796875,10100.0,10466.6669921875,10100.0,10400.0,875400,2026-10-08
2022-07-19,9703.611328125,10233.3330078125,10383.3330078125,10150.0,10250.0,556800,2026-10-08
2022-07-20,10019.6884765625,10566.6669921875,10633.3330078125,10450.0,10500.0,674700,2026-10-08
2022-07-21,9893.2568359375,10433.3330078125,10550.0,10383.3330078125,10483.3330078125,797700,2026-10-08
2022-07-22,10082.904296875,10633.3330078125,10683.3330078125,10483.3330078125,10566.6669921875,1028700,2026-10-08
2022-07-25,9861.6494140625,10400.0,10600.0,10400.0,10566.6669921875,631800,2026-10-08
2022-07-26,9924.8662109375,10466.6669921875,10466.6669921875,10350.0,10400.0,434700,2026-10-08
2022-07-27,10161.92578125,10716.6669921875,10733.3330078125,10400.0,10400.0,475200,2026-10-08
2022-07-28,10193.533203125,10750.0,10916.6669921875,10683.3330078125,10883.3330078125,606600,2026-10-08
2022-07-29,10209.337890625,10766.6669921875,10916.6669921875,10683.3330078125,10700.0,607800,2026-10-08
2022-08-01,10398.9833984375,10966.6669921875,10966.6669921875,10750.0,10833.3330078125,484800,2026-10-08
2022-08-02,10240.9443359375,10800.0,10950.0,10750.0,10950.0,455700,2026-10-08
2022-08-03,10240.9443359375,10800.0,10800.0,10500.0,10500.0,507600,2026-10-08
2022-08-04,10620.236328125,11200.0,11233.3330078125,10933.3330078125,10933.3330078125,713400,2026-10-08
2022-08-05,10825.689453125,11416.6669921875,11483.3330078125,11216.6669921875,11216.6669921875,474600,2026-10-08
2022-08-08,10715.0625,11300.0,11533.3330078125,11266.6669921875,11383.3330078125,440400,2026-10-08
2022-08-09,10604.4345703125,11183.3330078125,11283.3330078125,11083.3330078125,11133.3330078125,425100,2026-10-08
2022-08-10,10351.5712890625,10916.6669921875,11033.3330078125,10850.0,10966.6669921875,444900,2026-10-08
2022-08-12,10683.4541015625,11266.6669921875,11350.0,11066.6669921875,11133.3330078125,436800,2026-10-08
2022-08-15,10857.296875,11450.0,11483.3330078125,11383.3330078125,11416.6669921875,332400,2026-10-08
2022-08-16,10809.8876953125,11400.0,11616.6669921875,11383.3330078125,11483.3330078125,459600,2026-10-08
2022-08-17,11015.3369140625,11616.6669921875,11650.0,11400.0,11450.0,513900,2026-10-08
2022-08-18,10967.92578125,11566.6669921875,11600.0,11366.6669921875,11433.3330078125,405000,2026-10-08
2022-08-19,11299.8076171875,11916.6669921875,11966.6669921875,11700.0,11750.0,823800,2026-10-08
2022-08-22,11378.8271484375,12000.0,12033.3330078125,11783.3330078125,11800.0,564600,2026-10-08
2022-08-23,11299.8076171875,11916.6669921875,11983.3330078125,11850.0,11883.3330078125,684300,2026-10-08
2022-08-24,10999.533203125,11600.0,11883.3330078125,11550.0,11783.3330078125,664500,2026-10-08
2022-08-25,11015.3369140625,11616.6669921875,11666.6669921875,11500.0,11600.0,390000,2026-10-08
2022-08-26,11078.5517578125,11683.3330078125,11850.0,11650.0,11716.6669921875,271200,2026-10-08
2022-08-29,10699.2578125,11283.3330078125,11350.0,11216.6669921875,11233.3330078125,488100,2026-10-08
2022-08-30,10825.689453125,11416.6669921875,11450.0,11300.0,11366.6669921875,413400,2026-10-08
2022-08-31,10809.8876953125,11400.0,11400.0,11233.3330078125,11266.6669921875,443100,2026-10-08
2022-09-01,10478.00390625,11050.0,11333.3330078125,10983.3330078125,11250.0,583800,2026-10-08
2022-09-02,10398.9833984375,10966.6669921875,11150.0,10883.3330078125,11116.6669921875,504900,2026-10-08
2022-09-05,10430.58984375,11000.0,11033.3330078125,10800.0,10866.6669921875,375600,2026-10-08
2022-09-06,10588.630859375,11166.6669921875,11300.0,11050.0,11100.0,369000,2026-10-08
2022-09-07,10604.4345703125,11183.3330078125,11250.0,11050.0,11250.0,501300,2026-10-08
2022-09-08,10952.119140625,11550.0,11550.0,11283.3330078125,11383.3330078125,656700,2026-10-08
2022-09-09,11031.1396484375,11633.3330078125,11650.0,11433.3330078125,11533.3330078125,579900,2026-10-08
2022-09-12,11031.1396484375,11633.3330078125,11783.3330078125,11600.0,11733.3330078125,274200,2026-10-08
2022-09-13,11173.3759765625,11783.3330078125,11783.3330078125,11650.0,11666.6669921875,318300,2026-10-08
2022-09-14,10904.7099609375,11500.0,11583.3330078125,11300.0,11300.0,470400,2026-10-08
2022-09-15,10936.318359375,11533.3330078125,11566.6669921875,11450.0,11500.0,327900,2026-10-08
2022-09-16,10730.865234375,11316.6669921875,11533.3330078125,11250.0,11383.3330078125,919200,2026-10-08
2022-09-20,10809.8876953125,11400.0,11533.3330078125,11333.3330078125,11433.3330078125,464700,2026-10-08
2022-09-21,10572.8271484375,11150.0,11433.3330078125,11116.6669921875,11366.6669921875,597300,2026-10-08
2022-09-22,10794.080078125,11383.3330078125,11400.0,10933.3330078125,11016.6669921875,772500,2026-10-08
2022-09-26,10572.8271484375,11150.0,11266.6669921875,11033.3330078125,11150.0,1062900,2026-10-08
2022-09-27,10683.4541015625,11266.6669921875,11333.3330078125,11166.6669921875,11200.0,757200,2026-10-08
2022-09-28,10699.2578125,11283.3330078125,11483.3330078125,11083.3330078125,11266.6669921875,850800,2026-10-08
2022-09-29,10821.0146484375,11316.6669921875,11350.0,11083.3330078125,11333.3330078125,695100,2026-10-08
2022-09-30,10199.4853515625,10666.6669921875,11150.0,10550.0,11150.0,1094100,2026-10-08
2022-10-03,10566.02734375,11050.0,11133.3330078125,10683.3330078125,10733.3330078125,810900,2026-10-08
2022-10-04,10789.1396484375,11283.3330078125,11450.0,11233.3330078125,11450.0,756300,2026-10-08
2022-10-05,10868.8251953125,11366.6669921875,11433.3330078125,11266.6669921875,11366.6669921875,584100,2026-10-08
2022-10-06,11187.5576171875,11700.0,11750.0,11366.6669921875,11366.6669921875,757200,2026-10-08
2022-10-07,10390.724609375,10866.6669921875,11333.3330078125,10866.6669921875,11233.3330078125,1863600,2026-10-08
2022-10-11,9928.5595703125,10383.3330078125,10500.0,10300.0,10400.0,1281600,2026-10-08
2022-10-12,9753.2568359375,10200.0,10333.3330078125,10083.3330078125,10216.6669921875,1071900,2026-10-08
2022-10-13,9880.748046875,10333.3330078125,10433.3330078125,10166.6669921875,10233.3330078125,871500,2026-10-08
2022-10-14,9992.30859375,10450.0,10633.3330078125,10300.0,10600.0,983400,2026-10-08
2022-10-17,9976.369140625,10433.3330078125,10516.6669921875,10200.0,10216.6669921875,577200,2026-10-08
2022-10-18,10071.98828125,10533.3330078125,10633.3330078125,10333.3330078125,10600.0,863100,2026-10-08
2022-10-19,10103.8623046875,10566.6669921875,10583.3330078125,10450.0,10500.0,676500,2026-10-08
2022-10-20,9880.748046875,10333.3330078125,10550.0,10300.0,10483.3330078125,993300,2026-10-08
2022-10-21,10661.6484375,11150.0,11183.3330078125,10466.6669921875,10566.6669921875,2403300,2026-10-08
2022-10-24,10916.634765625,11416.6669921875,11533.3330078125,11200.0,11200.0,1319100,2026-10-08
2022-10-25,11012.255859375,11516.6669921875,11583.3330078125,11283.3330078125,11316.6669921875,847200,2026-10-08
2022-10-26,10932.5712890625,11433.3330078125,11500.0,11300.0,11466.6669921875,681300,2026-10-08
2022-10-27,11171.62109375,11683.3330078125,11683.3330078125,11383.3330078125,11433.3330078125,752100,2026-10-08
2022-10-28,11075.9990234375,11583.3330078125,11650.0,11433.3330078125,11550.0,978600,2026-10-08
2022-10-31,11378.796875,11900.0,11933.3330078125,11700.0,11850.0,754500,2026-10-08
2022-11-01,11426.609375,11950.0,11983.3330078125,11783.3330078125,11816.6669921875,446400,2026-10-08
2022-11-02,11251.3046875,11766.6669921875,12033.3330078125,11750.0,11950.0,543000,2026-10-08
2022-11-04,11267.2431640625,11783.3330078125,11833.3330078125,11600.0,11616.6669921875,542400,2026-10-08
2022-11-07,11394.7353515625,11916.6669921875,11933.3330078125,11733.3330078125,11883.3330078125,566400,2026-10-08
2022-11-08,11697.5322265625,12233.3330078125,12233.3330078125,11966.6669921875,12016.6669921875,657600,2026-10-08
2022-11-09,12271.25390625,12833.3330078125,13100.0,12316.6669921875,12466.6669921875,1842300,2026-10-08
2022-11-10,11968.45703125,12516.6669921875,12800.0,12500.0,12616.6669921875,920400,2026-10-08
2022-11-11,12749.3544921875,13333.3330078125,13516.6669921875,13116.6669921875,13166.6669921875,1446900,2026-10-08
2022-11-14,13068.0888671875,13666.6669921875,13766.6669921875,13450.0,13500.0,1315800,2026-10-08
2022-11-15,13323.0751953125,13933.3330078125,14033.3330078125,13466.6669921875,13633.3330078125,859500,2026-10-08
2022-11-16,13068.0888671875,13666.6669921875,13983.3330078125,13566.6669921875,13700.0,1190100,2026-10-08
2022-11-17,12813.1015625,13400.0,13450.0,13033.3330078125,13200.0,994500,2026-10-08
2022-11-18,12781.2275390625,13366.6669921875,13666.6669921875,13250.0,13633.3330078125,741900,2026-10-08
2022-11-21,12908.7216796875,13500.0,13550.0,13366.6669921875,13433.3330078125,413400,2026-10-08
2022-11-22,12876.84765625,13466.6669921875,13500.0,13316.6669921875,13450.0,505500,2026-10-08
2022-11-24,13323.0751953125,13933.3330078125,14000.0,13733.3330078125,13766.6669921875,571200,2026-10-08
2022-11-25,13179.64453125,13783.3330078125,13900.0,13733.3330078125,13866.6669921875,375600,2026-10-08
2022-11-28,13099.9619140625,13700.0,13816.6669921875,13600.0,13800.0,387600,2026-10-08
2022-11-29,12940.5947265625,13533.3330078125,13583.3330078125,13450.0,13583.3330078125,474600,2026-10-08
2022-11-30,12940.5947265625,13533.3330078125,13550.0,13100.0,13333.3330078125,1098600,2026-10-08
2022-12-01,13036.2138671875,13633.3330078125,13916.6669921875,13566.6669921875,13783.3330078125,690600,2026-10-08
2022-12-02,13131.833984375,13733.3330078125,13816.6669921875,13433.3330078125,13466.6669921875,810600,2026-10-08
2022-12-05,12781.2275390625,13366.6669921875,13750.0,13350.0,13683.3330078125,464700,2026-10-08
2022-12-06,12844.97265625,13433.3330078125,13516.6669921875,13233.3330078125,13266.6669921875,529800,2026-10-08
2022-12-07,12701.5439453125,13283.3330078125,13533.3330078125,13283.3330078125,13466.6669921875,456000,2026-10-08
2022-12-08,12733.41796875,13316.6669921875,13450.0,13216.6669921875,13416.6669921875,451200,2026-10-08
2022-12-09,13131.833984375,13733.3330078125,13733.3330078125,13466.6669921875,13600.0,530100,2026-10-08
2022-12-12,12956.5322265625,13550.0,13583.3330078125,13500.0,13566.6669921875,258600,2026-10-08
2022-12-13,13020.27734375,13616.6669921875,13700.0,13533.3330078125,13666.6669921875,348900,2026-10-08
2022-12-14,13131.833984375,13733.3330078125,13783.3330078125,13616.6669921875,13733.3330078125,315300,2026-10-08
2022-12-15,13020.27734375,13616.6669921875,13700.0,13550.0,13650.0,250200,2026-10-08
2022-12-16,12685.607421875,13266.6669921875,13350.0,13166.6669921875,13266.6669921875,848700,2026-10-08
2022-12-19,12733.41796875,13316.6669921875,13433.3330078125,13116.6669921875,13133.3330078125,362100,2026-10-08
2022-12-20,12478.4306640625,13050.0,13450.0,13000.0,13350.0,800700,2026-10-08
2022-12-21,12080.0126953125,12633.3330078125,12983.3330078125,12550.0,12950.0,843300,2026-10-08
2022-12-22,12143.759765625,12700.0,12883.3330078125,12700.0,12750.0,654000,2026-10-08
2022-12-23,11888.7724609375,12433.3330078125,12616.6669921875,12200.0,12500.0,872100,2026-10-08
2022-12-26,12143.759765625,12700.0,12766.6669921875,12400.0,12400.0,521700,2026-10-08
2022-12-27,12080.0126953125,12633.3330078125,12900.0,12500.0,12900.0,462000,2026-10-08
2022-12-28,12207.5068359375,12766.6669921875,12783.3330078125,12500.0,12566.6669921875,588600,2026-10-08
2022-12-29,12191.5693359375,12750.0,12816.6669921875,12600.0,12650.0,424200,2026-10-08
2022-12-30,12032.203125,12583.3330078125,12850.0,12583.3330078125,12733.3330078125,456300,2026-10-08
2023-01-04,11777.2158203125,12316.6669921875,12483.3330078125,12233.3330078125,12233.3330078125,471600,2026-10-08
2023-01-05,11888.7724609375,12433.3330078125,12583.3330078125,12383.3330078125,12433.3330078125,408900,2026-10-08
2023-01-06,12159.6962890625,12716.6669921875,12716.6669921875,12350.0,12450.0,485400,2026-10-08
2023-01-10,12319.0625,12883.3330078125,13050.0,12783.3330078125,13050.0,396600,2026-10-08
2023-01-11,12558.11328125,13133.3330078125,13200.0,13016.6669921875,13116.6669921875,518700,2026-10-08
2023-01-12,12303.126953125,12866.6669921875,13416.6669921875,12783.3330078125,13350.0,906000,2026-10-08
2023-01-13,12510.3037109375,13083.3330078125,13116.6669921875,12766.6669921875,12766.6669921875,653100,2026-10-08
2023-01-16,12271.25390625,12833.3330078125,13183.3330078125,12833.3330078125,13016.6669921875,410700,2026-10-08
2023-01-17,12414.6826171875,12983.3330078125,13200.0,12900.0,12950.0,397500,2026-10-08
2023-01-18,12605.9228515625,13183.3330078125,13333.3330078125,12950.0,13033.3330078125,455400,2026-10-08
2023-01-19,12478.4306640625,13050.0,13183.3330078125,13000.0,13000.0,312900,2026-10-08
2023-01-20,12462.494140625,13033.3330078125,13066.6669921875,12916.6669921875,12983.3330078125,328800,2026-10-08
2023-01-23,12717.48046875,13300.0,13300.0,13166.6669921875,13300.0,476100,2026-10-08
2023-01-24,12876.84765625,13466.6669921875,13700.0,13416.6669921875,13466.6669921875,718800,2026-10-08
2023-01-25,12430.6201171875,13000.0,13233.3330078125,12950.0,13000.0,1436100,2026-10-08
2023-01-26,12446.5576171875,13016.6669921875,13366.6669921875,12883.3330078125,13116.6669921875,1024800,2026-10-08
2023-01-27,12366.873046875,12933.3330078125,13016.6669921875,12750.0,12950.0,786600,2026-10-08
2023-01-30,12510.3037109375,13083.3330078125,13133.3330078125,12866.6669921875,12966.6669921875,543900,2026-10-08
2023-01-31,12335.0009765625,12900.0,13133.3330078125,12900.0,13033.3330078125,443100,2026-10-08
2023-02-01,12526.240234375,13100.0,13166.6669921875,13016.6669921875,13033.3330078125,529200,2026-10-08
2023-02-02,12940.5947265625,13533.3330078125,13533.3330078125,13250.0,13333.3330078125,777000,2026-10-08
2023-02-03,12860.9111328125,13450.0,13566.6669921875,13366.6669921875,13533.3330078125,493800,2026-10-08
2023-02-06,12653.734375,13233.3330078125,13516.6669921875,13183.3330078125,13516.6669921875,450000,2026-10-08
2023-02-07,12876.84765625,13466.6669921875,13466.6669921875,13200.0,13283.3330078125,546900,2026-10-08
2023-02-08,13211.517578125,13816.6669921875,13866.6669921875,13616.6669921875,13616.6669921875,650400,2026-10-08
2023-02-09,12972.4677734375,13566.6669921875,13666.6669921875,13516.6669921875,13600.0,415800,2026-10-08
2023-02-10,12924.6572265625,13516.6669921875,13750.0,13350.0,13383.3330078125,544200,2026-10-08
2023-02-13,12749.3544921875,13333.3330078125,13550.0,13316.6669921875,13433.3330078125,366900,2026-10-08
2023-02-14,13004.341796875,13600.0,13650.0,13483.3330078125,13550.0,345300,2026-10-08
2023-02-15,12892.783203125,13483.3330078125,13750.0,13433.3330078125,13700.0,469200,2026-10-08
2023-02-16,13243.392578125,13850.0,13850.0,13633.3330078125,13650.0,663000,2026-10-08
2023-02-17,12844.97265625,13433.3330078125,13700.0,13433.3330078125,13616.6669921875,618600,2026-10-08
2023-02-20,12749.3544921875,13333.3330078125,13400.0,13250.0,13400.0,399600,2026-10-08
2023-02-21,12685.607421875,13266.6669921875,13416.6669921875,13166.6669921875,13400.0,417900,2026-10-08
2023-02-22,12829.037109375,13416.6669921875,13416.6669921875,13083.3330078125,13100.0,611400,2026-10-08
2023-02-24,13785.2392578125,14416.6669921875,14533.3330078125,13800.0,13833.3330078125,1932900,2026-10-08
2023-02-27,13450.568359375,14066.6669921875,14216.6669921875,13900.0,14183.3330078125,951300,2026-10-08
2023-02-28,13609.935546875,14233.3330078125,14333.3330078125,14066.6669921875,14100.0,716100,2026-10-08
2023-03-01,13896.796875,14533.3330078125,14583.3330078125,14183.3330078125,14333.3330078125,747000,2026-10-08
2023-03-02,13386.8212890625,14000.0,14566.6669921875,14000.0,14566.6669921875,1026000,2026-10-08
2023-03-03,13339.0107421875,13950.0,14233.3330078125,13933.3330078125,14083.3330078125,962700,2026-10-08
2023-03-06,13737.4296875,14366.6669921875,14450.0,14216.6669921875,14233.3330078125,776400,2026-10-08
2023-03-07,13721.4931640625,14350.0,14400.0,14266.6669921875,14333.3330078125,441600,2026-10-08
2023-03-08,13705.5546875,14333.3330078125,14466.6669921875,14250.0,14283.3330078125,379200,2026-10-08
2023-03-09,14056.1630859375,14700.0,14733.3330078125,14566.6669921875,14633.3330078125,620100,2026-10-08
2023-03-10,13992.416015625,14633.3330078125,14766.6669921875,14433.3330078125,14466.6669921875,726900,2026-10-08
2023-03-13,13944.6064453125,14583.3330078125,14583.3330078125,14383.3330078125,14466.6669921875,513300,2026-10-08
2023-03-14,13514.3154296875,14133.3330078125,14433.3330078125,14066.6669921875,14433.3330078125,814200,2026-10-08
2023-03-15,13689.619140625,14316.6669921875,14416.6669921875,14283.3330078125,14366.6669921875,624900,2026-10-08
2023-03-16,13753.365234375,14383.3330078125,14516.6669921875,14083.3330078125,14083.3330078125,615900,2026-10-08
2023-03-17,14024.2900390625,14666.6669921875,14700.0,14516.6669921875,14683.3330078125,769800,2026-10-08
2023-03-20,13689.619140625,14316.6669921875,14700.0,14316.6669921875,14700.0,525300,2026-10-08
2023-03-22,13864.9208984375,14500.0,14583.3330078125,14416.6669921875,14450.0,551700,2026-10-08
2023-03-23,14103.9736328125,14750.0,14750.0,14316.6669921875,14350.0,617400,2026-10-08
2023-03-24,14119.9091796875,14766.6669921875,15083.3330078125,14766.6669921875,14833.3330078125,861600,2026-10-08
2023-03-27,14151.783203125,14800.0,14883.3330078125,14633.3330078125,14733.3330078125,543900,2026-10-08
2023-03-28,14151.783203125,14800.0,14800.0,14550.0,14666.6669921875,521100,2026-10-08
2023-03-29,14231.466796875,14883.3330078125,14883.3330078125,14550.0,14650.0,549900,2026-10-08
2023-03-30,14375.0234375,14820.0,15280.0,14650.0,15070.0,723700,2026-10-08
2023-03-31,14840.6103515625,15300.0,15350.0,14910.0,15080.0,951400,2026-10-08
2023-04-03,14287.7255859375,14730.0,15140.0,14610.0,15100.0,958100,2026-10-08
2023-04-04,14016.1328125,14450.0,14830.0,14360.0,14710.0,664400,2026-10-08
2023-04-05,13831.837890625,14260.0,14420.0,14150.0,14250.0,817700,2026-10-08
2023-04-06,13511.7451171875,13930.0,14100.0,13800.0,14100.0,790200,2026-10-08
2023-04-07,13734.83984375,14160.0,14330.0,13950.0,13950.0,563100,2026-10-08
2023-04-10,13744.5390625,14170.0,14360.0,14010.0,14230.0,300600,2026-10-08
2023-04-11,13987.0322265625,14420.0,14480.0,14280.0,14380.0,608800,2026-10-08
2023-04-12,14103.4296875,14540.0,14540.0,14200.0,14240.0,434900,2026-10-08
2023-04-13,14025.8310546875,14460.0,14460.0,14230.0,14310.0,509300,2026-10-08
2023-04-14,14084.0302734375,14520.0,14610.0,14410.0,14600.0,466300,2026-10-08
2023-04-17,14200.427734375,14640.0,14660.0,14450.0,14610.0,377600,2026-10-08
2023-04-18,13948.2333984375,14380.0,14610.0,14280.0,14600.0,563200,2026-10-08
2023-04-19,14113.130859375,14550.0,14940.0,14440.0,14660.0,842400,2026-10-08
2023-04-20,14151.9296875,14590.0,14640.0,14360.0,14460.0,672200,2026-10-08
2023-04-21,16140.3759765625,16640.0,16680.0,15180.0,15190.0,3766000,2026-10-08
2023-04-24,15684.4873046875,16170.0,16670.0,16070.0,16630.0,1798000,2026-10-08
2023-04-25,15626.2880859375,16110.0,16430.0,16060.0,16150.0,895800,2026-10-08
2023-04-26,15102.5029296875,15570.0,16090.0,15470.0,15950.0,1017300,2026-10-08
2023-04-27,14830.91015625,15290.0,15310.0,14960.0,15270.0,1472200,2026-10-08
2023-04-28,14947.3076171875,15410.0,15420.0,15020.0,15410.0,923200,2026-10-08
2023-05-01,15034.603515625,15500.0,15630.0,15290.0,15560.0,728500,2026-10-08
2023-05-02,15432.2939453125,15910.0,15950.0,15400.0,15450.0,767600,2026-10-08
2023-05-08,15635.98828125,16120.0,16160.0,15720.0,15820.0,833900,2026-10-08
2023-05-09,15859.0849609375,16350.0,16380.0,16090.0,16330.0,728700,2026-10-08
2023-05-10,16179.171875,16680.0,16970.0,16470.0,16630.0,910500,2026-10-08
2023-05-11,16295.57421875,16800.0,17090.0,16750.0,16990.0,762800,2026-10-08
2023-05-12,16654.462890625,17170.0,17170.0,16690.0,16810.0,896200,2026-10-08
2023-05-15,16751.4609375,17270.0,17620.0,17260.0,17450.0,863200,2026-10-08
2023-05-16,17478.943359375,18020.0,18050.0,17600.0,17630.0,1061000,2026-10-08
2023-05-17,17226.748046875,17760.0,18150.0,17740.0,18070.0,1083100,2026-10-08
2023-05-18,18022.126953125,18580.0,18890.0,18330.0,18400.0,1241600,2026-10-08
2023-05-19,18070.626953125,18630.0,18870.0,18300.0,18760.0,925600,2026-10-08
2023-05-22,18448.91796875,19020.0,19070.0,18630.0,18630.0,782700,2026-10-08
2023-05-23,18313.1171875,18880.0,19150.0,18730.0,19040.0,821800,2026-10-08
2023-05-24,18526.513671875,19100.0,19450.0,18610.0,18610.0,1218800,2026-10-08
2023-05-25,19001.80078125,19590.0,20120.0,19430.0,19870.0,1228000,2026-10-08
2023-05-26,19496.484375,20100.0,20490.0,19780.0,19970.0,1128000,2026-10-08
2023-05-29,19826.28125,20440.0,21240.0,20180.0,21100.0,1133100,2026-10-08
2023-05-30,19874.77734375,20490.0,20670.0,20190.0,20340.0,770300,2026-10-08
2023-05-31,19738.98046875,20350.0,20740.0,20220.0,20490.0,1618600,2026-10-08
2023-06-01,19962.078125,20580.0,20580.0,19830.0,19900.0,1103600,2026-10-08
2023-06-02,20010.576171875,20630.0,20810.0,20410.0,20580.0,962600,2026-10-08
2023-06-05,20374.3125,21005.0,21025.0,20145.0,20630.0,1008100,2026-10-08
2023-06-06,20922.349609375,21570.0,21625.0,20815.0,20835.0,1218400,2026-10-08
2023-06-07,19729.28125,20340.0,21580.0,20240.0,21460.0,1600800,2026-10-08
2023-06-08,19952.375,20570.0,20815.0,20080.0,20200.0,1553800,2026-10-08
2023-06-09,20553.759765625,21190.0,21205.0,20655.0,20820.0,1196500,2026-10-08
2023-06-12,20514.958984375,21150.0,21315.0,20770.0,20840.0,686100,2026-10-08
2023-06-13,21475.236328125,22140.0,22340.0,21560.0,21605.0,1240100,2026-10-08
2023-06-14,21552.8359375,22220.0,22540.0,21680.0,22365.0,1367400,2026-10-08
2023-06-15,21979.623046875,22660.0,23235.0,22455.0,22585.0,1699800,2026-10-08
2023-06-16,22469.4609375,23165.0,23165.0,22180.0,22345.0,1496000,2026-10-08
2023-06-19,21906.873046875,22585.0,22925.0,22415.0,22860.0,1400600,2026-10-08
2023-06-20,22484.01171875,23180.0,23260.0,22550.0,22620.0,834700,2026-10-08
2023-06-21,22653.755859375,23355.0,23610.0,23205.0,23370.0,1055800,2026-10-08
2023-06-22,21678.9296875,22350.0,22950.0,22300.0,22895.0,1313100,2026-10-08
2023-06-23,21567.384765625,22235.0,23180.0,21830.0,22550.0,1332300,2026-10-08
2023-06-26,21174.544921875,21830.0,22180.0,21680.0,21740.0,822800,2026-10-08
2023-06-27,20820.505859375,21465.0,21545.0,21055.0,21330.0,1231600,2026-10-08
2023-06-28,21562.53515625,22230.0,22230.0,21585.0,21820.0,799100,2026-10-08
2023-06-29,21829.27734375,22505.0,22795.0,22240.0,22395.0,741900,2026-10-08
2023-06-30,21931.123046875,22610.0,22675.0,22055.0,22105.0,740900,2026-10-08
2023-07-03,22862.30078125,23570.0,23715.0,23235.0,23255.0,943800,2026-10-08
2023-07-04,23240.58984375,23960.0,24200.0,23270.0,23335.0,1118700,2026-10-08
2023-07-05,23420.037109375,24145.0,24420.0,23910.0,24140.0,1110200,2026-10-08
2023-07-06,22813.80078125,23520.0,23800.0,23175.0,23205.0,1013900,2026-10-08
2023-07-07,22411.259765625,23105.0,23660.0,22980.0,23390.0,1112200,2026-10-08
2023-07-10,21848.677734375,22525.0,23020.0,22385.0,22800.0,1126300,2026-10-08
2023-07-11,22561.607421875,23260.0,23370.0,22810.0,22970.0,824100,2026-10-08
2023-07-12,21751.677734375,22425.0,23080.0,22345.0,23020.0,803200,2026-10-08
2023-07-13,22212.4140625,22900.0,22955.0,22195.0,22815.0,849000,2026-10-08
2023-07-14,22624.65234375,23325.0,23780.0,22940.0,22980.0,1265200,2026-10-08
2023-07-18,22978.697265625,23690.0,24050.0,23490.0,23625.0,840800,2026-10-08
2023-07-19,23196.939453125,23915.0,23915.0,23370.0,23790.0,1071400,2026-10-08
2023-07-20,22411.259765625,23105.0,23855.0,23060.0,23415.0,1140300,2026-10-08
2023-07-21,22508.259765625,23205.0,24075.0,22370.0,22605.0,3564700,2026-10-08
2023-07-24,23439.43359375,24165.0,24165.0,22990.0,23535.0,1402200,2026-10-08
2023-07-25,23919.5703125,24660.0,24720.0,24020.0,24490.0,1483100,2026-10-08
2023-07-26,24089.3203125,24835.0,25375.0,24685.0,25035.0,1518100,2026-10-08
2023-07-27,25437.580078125,26225.0,26425.0,24820.0,24865.0,2332400,2026-10-08
2023-07-28,25437.580078125,26225.0,26525.0,25625.0,25865.0,1928900,2026-10-08
2023-07-31,25840.123046875,26640.0,27025.0,26490.0,26800.0,1339100,2026-10-08
2023-08-01,26887.693359375,27720.0,27820.0,26905.0,27055.0,1221800,2026-10-08
2023-08-02,26199.013671875,27010.0,27940.0,26710.0,27830.0,1797200,2026-10-08
2023-08-03,26485.154296875,27305.0,27440.0,26085.0,26330.0,1708800,2026-10-08
2023-08-04,26329.958984375,27145.0,27860.0,27020.0,27310.0,1334900,2026-10-08
2023-08-07,25941.966796875,26745.0,26990.0,26030.0,26955.0,1187200,2026-10-08
2023-08-08,25127.189453125,25905.0,27005.0,25800.0,26950.0,1138500,2026-10-08
2023-08-09,25476.37890625,26265.0,26555.0,25640.0,25850.0,901300,2026-10-08
2023-08-10,25195.08984375,25975.0,26050.0,25430.0,25765.0,991100,2026-10-08
2023-08-14,24336.662109375,25090.0,25590.0,24805.0,25300.0,1163100,2026-10-08
2023-08-15,25088.392578125,25865.0,26285.0,25755.0,26090.0,1119300,2026-10-08
2023-08-16,25355.134765625,26140.0,26590.0,25635.0,25870.0,1187100,2026-10-08
2023-08-17,25199.9375,25980.0,26420.0,25565.0,25920.0,932300,2026-10-08
2023-08-18,25127.189453125,25905.0,26290.0,25270.0,25665.0,1031200,2026-10-08
2023-08-21,25219.337890625,26000.0,26160.0,25605.0,25910.0,789200,2026-10-08
2023-08-22,26053.51953125,26860.0,27110.0,26375.0,27000.0,1093000,2026-10-08
2023-08-23,25990.466796875,26795.0,27050.0,26575.0,26770.0,913900,2026-10-08
2023-08-24,27091.38671875,27930.0,28460.0,27805.0,28000.0,1682000,2026-10-08
2023-08-25,25461.83203125,26250.0,27250.0,26185.0,27205.0,1423400,2026-10-08
2023-08-28,26640.349609375,27465.0,27520.0,26495.0,26650.0,1116500,2026-10-08
2023-08-29,26606.40234375,27430.0,27695.0,27145.0,27550.0,822100,2026-10-08
2023-08-30,27736.421875,28595.0,28875.0,28065.0,28350.0,1662500,2026-10-08
2023-08-31,27881.91796875,28745.0,28870.0,28310.0,28670.0,1319300,2026-10-08
2023-09-01,27232.03515625,28075.0,28830.0,27890.0,28740.0,1286800,2026-10-08
2023-09-04,27125.3359375,27965.0,28130.0,27645.0,28030.0,807500,2026-10-08
2023-09-05,27265.984375,28110.0,28110.0,27520.0,27600.0,926900,2026-10-08
2023-09-06,27818.869140625,28680.0,28690.0,28140.0,28530.0,756900,2026-10-08
2023-09-07,27430.880859375,28280.0,28645.0,28105.0,28550.0,801500,2026-10-08
2023-09-08,27256.28515625,28100.0,28310.0,27790.0,27980.0,1016700,2026-10-08
2023-09-11,26397.857421875,27215.0,27795.0,27055.0,27750.0,1009800,2026-10-08
2023-09-12,25544.279296875,26335.0,27365.0,25915.0,27250.0,1519500,2026-10-08
2023-09-13,25044.7421875,25820.0,26380.0,25725.0,25910.0,1188800,2026-10-08
2023-09-14,26480.3046875,27300.0,27315.0,26115.0,26395.0,1474400,2026-10-08
2023-09-15,26771.296875,27600.0,27855.0,27205.0,27395.0,1657000,2026-10-08
2023-09-19,25549.12890625,26340.0,26795.0,26030.0,26790.0,1336600,2026-10-08
2023-09-20,25442.43359375,26230.0,26875.0,26120.0,26500.0,1145900,2026-10-08
2023-09-21,25098.091796875,25875.0,26120.0,25650.0,25780.0,858300,2026-10-08
2023-09-22,25185.390625,25965.0,26340.0,25200.0,25450.0,1298600,2026-10-08
2023-09-25,26232.962890625,27045.0,27045.0,26035.0,26110.0,1034700,2026-10-08
2023-09-26,25621.87890625,26415.0,27150.0,26360.0,26825.0,863700,2026-10-08
2023-09-27,25515.181640625,26305.0,26310.0,25510.0,25565.0,996300,2026-10-08
2023-09-28,25958.767578125,26685.0,26865.0,26260.0,26520.0,1016200,2026-10-08
2023-09-29,26829.41015625,27580.0,27645.0,27005.0,27180.0,1235300,2026-10-08
2023-10-02,27374.169921875,28140.0,28525.0,27475.0,27600.0,1199400,2026-10-08
2023-10-03,27150.431640625,27910.0,28460.0,27730.0,28015.0,1022100,2026-10-08
2023-10-04,26542.44140625,27285.0,27650.0,26900.0,27450.0,1376400,2026-10-08
2023-10-05,27179.61328125,27940.0,27965.0,27410.0,27940.0,990000,2026-10-08
2023-10-06,26771.044921875,27520.0,28545.0,26930.0,28160.0,1602500,2026-10-08
2023-10-10,27841.109375,28620.0,28660.0,27745.0,27885.0,1206400,2026-10-08
2023-10-11,27675.734375,28450.0,29320.0,28435.0,28740.0,1278300,2026-10-08
2023-10-12,29689.400390625,30520.0,30670.0,29350.0,29350.0,1745400,2026-10-08
2023-10-13,28648.521484375,29450.0,30160.0,29360.0,30110.0,1668200,2026-10-08
2023-10-16,28152.400390625,28940.0,29060.0,27945.0,28450.0,1253100,2026-10-08
2023-10-17,28789.57421875,29595.0,29985.0,29255.0,29635.0,945200,2026-10-08
2023-10-18,28852.8046875,29660.0,29830.0,28690.0,29195.0,1456900,2026-10-08
2023-10-19,27631.958984375,28405.0,29205.0,28200.0,29180.0,1575400,2026-10-08
2023-10-20,27237.982421875,28000.0,28050.0,26240.0,27120.0,3688600,2026-10-08
2023-10-23,27797.333984375,28575.0,29315.0,28160.0,28185.0,2880200,2026-10-08
2023-10-24,27403.35546875,28170.0,29125.0,27605.0,29075.0,2193300,2026-10-08
2023-10-25,27734.099609375,28510.0,29120.0,28100.0,28400.0,1684400,2026-10-08
2023-10-26,26226.283203125,26960.0,27500.0,26725.0,27110.0,2149400,2026-10-08
2023-10-27,26488.935546875,27230.0,27550.0,26725.0,27260.0,1654000,2026-10-08
2023-10-30,26639.716796875,27385.0,27770.0,27160.0,27250.0,1033200,2026-10-08
2023-10-31,25443.193359375,26155.0,26410.0,25485.0,26385.0,2133200,2026-10-08
2023-11-01,25428.6015625,26140.0,26650.0,25660.0,26435.0,1963900,2026-10-08
2023-11-02,27199.0703125,27960.0,28000.0,27080.0,27400.0,1688700,2026-10-08
2023-11-06,28273.99609375,29065.0,29260.0,28590.0,29235.0,1511400,2026-10-08
2023-11-07,28312.91015625,29105.0,29820.0,28915.0,29015.0,1385800,2026-10-08
2023-11-08,28059.984375,28845.0,29550.0,28610.0,29300.0,1317600,2026-10-08
2023-11-09,27466.587890625,28235.0,29275.0,28235.0,29205.0,1269400,2026-10-08
2023-11-10,28269.1328125,29060.0,29060.0,28330.0,28475.0,1274300,2026-10-08
2023-11-13,28799.30078125,29605.0,30220.0,29410.0,30200.0,1360900,2026-10-08
2023-11-14,29368.380859375,30190.0,30380.0,29250.0,29450.0,1126700,2026-10-08
2023-11-15,31022.1171875,31890.0,31900.0,30860.0,31000.0,1363200,2026-10-08
2023-11-16,31333.40625,32210.0,32300.0,31460.0,31950.0,1507700,2026-10-08
2023-11-17,31197.21484375,32070.0,32360.0,31580.0,32170.0,1218600,2026-10-08
2023-11-20,30866.470703125,31730.0,32680.0,31640.0,32160.0,1519900,2026-10-08
2023-11-21,31158.306640625,32030.0,32550.0,31590.0,32430.0,1159200,2026-10-08
2023-11-22,30944.291015625,31810.0,32100.0,31260.0,31730.0,1007800,2026-10-08
2023-11-24,30448.173828125,31300.0,32090.0,31300.0,32000.0,981100,2026-10-08
2023-11-27,30049.330078125,30890.0,31600.0,30830.0,31480.0,881800,2026-10-08
2023-11-28,30195.248046875,31040.0,31260.0,30610.0,30900.0,870500,2026-10-08
2023-11-29,30584.361328125,31440.0,31500.0,30760.0,30830.0,701700,2026-10-08
2023-11-30,31216.671875,32090.0,32210.0,31630.0,31850.0,1356100,2026-10-08
2023-12-01,30769.19140625,31630.0,31870.0,31470.0,31800.0,890400,2026-10-08
2023-12-04,30477.359375,31330.0,31610.0,31090.0,31580.0,789000,2026-10-08
2023-12-05,28760.390625,29565.0,31180.0,29455.0,31180.0,1461500,2026-10-08
2023-12-06,29699.12890625,30530.0,30750.0,30100.0,30210.0,963100,2026-10-08
2023-12-07,28988.99609375,29800.0,30300.0,29555.0,29950.0,956700,2026-10-08
2023-12-08,28906.30859375,29715.0,30410.0,29590.0,30090.0,973300,2026-10-08
2023-12-11,29426.748046875,30250.0,30550.0,30010.0,30330.0,610900,2026-10-08
2023-12-12,30097.96875,30940.0,31680.0,30670.0,31490.0,1060300,2026-10-08
2023-12-13,33074.6953125,34000.0,34390.0,31470.0,31600.0,3731500,2026-10-08
2023-12-14,32850.94921875,33770.0,34980.0,33610.0,34330.0,2923600,2026-10-08
2023-12-15,32033.810546875,32930.0,34230.0,32660.0,34200.0,1771400,2026-10-08
2023-12-18,31673.880859375,32560.0,33190.0,32390.0,33050.0,745800,2026-10-08
2023-12-19,32656.396484375,33570.0,33690.0,32390.0,33040.0,1121300,2026-10-08
2023-12-20,32705.0390625,33620.0,34190.0,33320.0,34190.0,1210600,2026-10-08
2023-12-21,32257.556640625,33160.0,33260.0,32750.0,32860.0,869400,2026-10-08
2023-12-22,32471.560546875,33380.0,33900.0,33130.0,33470.0,834000,2026-10-08
2023-12-25,33045.51171875,33970.0,33970.0,33340.0,33610.0,612900,2026-10-08
2023-12-26,33463.80859375,34400.0,34440.0,33690.0,33820.0,760200,2026-10-08
2023-12-27,33862.6484375,34810.0,35130.0,34460.0,34770.0,951300,2026-10-08
2023-12-28,33843.19140625,34790.0,35270.0,34470.0,35100.0,836600,2026-10-08
2023-12-29,34028.01953125,34980.0,35040.0,34150.0,34490.0,794700,2026-10-08
2024-01-04,32714.763671875,33630.0,33780.0,32520.0,32830.0,1407500,2026-10-08
2024-01-05,32024.0859375,32920.0,33560.0,32650.0,33490.0,1131100,2026-10-08
2024-01-09,33648.6328125,34590.0,34780.0,34070.0,34230.0,1528200,2026-10-08
2024-01-10,34105.84375,35060.0,35300.0,34660.0,35040.0,1063900,2026-10-08
2024-01-11,35419.10546875,36410.0,36500.0,35310.0,35470.0,1472000,2026-10-08
2024-01-12,35351.0078125,36340.0,37040.0,36070.0,36500.0,1356400,2026-10-08
2024-01-15,36391.88671875,37410.0,37600.0,36730.0,36880.0,502000,2026-10-08
2024-01-16,37364.671875,38410.0,38480.0,36730.0,36880.0,1467600,2026-10-08
2024-01-17,37325.765625,38370.0,39430.0,38290.0,39110.0,1619800,2026-10-08
2024-01-18,38279.09375,39350.0,39580.0,38140.0,38240.0,1574900,2026-10-08
2024-01-19,39728.54296875,40840.0,41140.0,39980.0,40000.0,2466300,2026-10-08
2024-01-22,39952.28125,41070.0,42060.0,40640.0,41500.0,2249600,2026-10-08
2024-01-23,39504.8046875,40610.0,42950.0,40610.0,40960.0,3170600,2026-10-08
2024-01-24,39621.53515625,40730.0,40910.0,39950.0,40380.0,1956800,2026-10-08
2024-01-25,40351.12109375,41480.0,42050.0,39380.0,41900.0,4045000,2026-10-08
2024-01-26,38522.2890625,39600.0,41030.0,39470.0,40350.0,2599000,2026-10-08
2024-01-29,39456.16015625,40560.0,40560.0,39340.0,39590.0,1627500,2026-10-08
2024-01-30,40049.5625,41170.0,41790.0,40630.0,41000.0,1911300,2026-10-08
2024-01-31,39281.05859375,40380.0,40620.0,39760.0,39900.0,1657800,2026-10-08
2024-02-01,38911.40625,40000.0,40570.0,39810.0,40170.0,1493000,2026-10-08
2024-02-02,40341.39453125,41470.0,41470.0,40540.0,40780.0,1990600,2026-10-08
2024-02-05,40613.7734375,41750.0,42140.0,40780.0,41600.0,1591700,2026-10-08
2024-02-06,42209.14453125,43390.0,43490.0,41720.0,41960.0,2305200,2026-10-08
2024-02-07,41683.83984375,42850.0,43120.0,42390.0,42840.0,1570900,2026-10-08
2024-02-08,43045.734375,44250.0,44480.0,43310.0,43900.0,1964800,2026-10-08
2024-02-09,42539.890625,43730.0,44800.0,43510.0,44250.0,1801200,2026-10-08
2024-02-13,42393.97265625,43580.0,44920.0,43240.0,44890.0,1955100,2026-10-08
2024-02-14,42695.53515625,43890.0,43910.0,43100.0,43170.0,1363900,2026-10-08
2024-02-15,44290.90234375,45530.0,46010.0,44300.0,44660.0,2484100,2026-10-08
2024-02-16,43074.91796875,44280.0,46480.0,43760.0,45660.0,2705800,2026-10-08
2024-02-19,42355.0625,43540.0,44340.0,42880.0,44020.0,1211000,2026-10-08
2024-02-20,42899.82421875,44100.0,44950.0,43750.0,44010.0,1508000,2026-10-08
2024-02-21,42150.77734375,43330.0,43330.0,42520.0,42900.0,1474700,2026-10-08
2024-02-22,46119.734375,47410.0,47460.0,45010.0,45980.0,3056200,2026-10-08
2024-02-26,45672.26171875,46950.0,47840.0,46300.0,47800.0,1811700,2026-10-08
2024-02-27,45954.3671875,47240.0,47590.0,46570.0,47390.0,1394200,2026-10-08
2024-02-28,45837.62890625,47120.0,47590.0,46380.0,46800.0,1242900,2026-10-08
2024-02-29,46946.609375,48260.0,48260.0,46350.0,46550.0,2122600,2026-10-08
2024-03-01,48726.80859375,50090.0,50090.0,48600.0,48780.0,2132700,2026-10-08
2024-03-04,50117.8828125,51520.0,51970.0,50720.0,51750.0,2107700,2026-10-08
2024-03-05,51995.359375,53450.0,54190.0,51180.0,51510.0,4380200,2026-10-08
2024-03-06,50925.30078125,52350.0,53060.0,51910.0,52450.0,2882300,2026-10-08
2024-03-07,49709.3125,51100.0,52660.0,50280.0,52640.0,2946200,2026-10-08
2024-03-08,50507.00390625,51920.0,53260.0,51680.0,51800.0,2547900,2026-10-08
2024-03-11,48298.77734375,49650.0,49650.0,48050.0,48680.0,2092400,2026-10-08
2024-03-12,48580.88671875,49940.0,50460.0,48930.0,49310.0,2169900,2026-10-08
2024-03-13,48639.25390625,50000.0,51390.0,49260.0,51300.0,1888800,2026-10-08
2024-03-14,48979.73046875,50350.0,50370.0,48540.0,49450.0,1843200,2026-10-08
2024-03-15,46771.5078125,48080.0,49490.0,47860.0,49360.0,1925200,2026-10-08
2024-03-18,49505.03515625,50890.0,51000.0,47960.0,48000.0,1989200,2026-10-08
2024-03-19,50098.4296875,51500.0,51750.0,50010.0,50180.0,2472000,2026-10-08
2024-03-21,51518.6953125,52960.0,52960.0,51360.0,52100.0,2741700,2026-10-08
2024-03-22,53298.890625,54790.0,55570.0,53080.0,53200.0,3393900,2026-10-08
2024-03-25,52919.5078125,54400.0,55650.0,54380.0,55360.0,2108500,2026-10-08
2024-03-26,53503.1796875,55000.0,56310.0,54420.0,55100.0,2275000,2026-10-08
2024-03-27,53785.28125,55290.0,55690.0,54630.0,55440.0,2242900,2026-10-08
2024-03-28,53913.25390625,55190.0,55750.0,54520.0,54830.0,2249600,2026-10-08
2024-03-29,55798.609375,57120.0,57310.0,54720.0,55130.0,2761000,2026-10-08
2024-04-01,54528.68359375,55820.0,57590.0,55370.0,57320.0,2849600,2026-10-08
2024-04-02,55691.15234375,57010.0,57200.0,56230.0,56600.0,2427800,2026-10-08
2024-04-03,54909.6640625,56210.0,57050.0,55270.0,56220.0,2692000,2026-10-08
2024-04-04,55437.16796875,56750.0,57200.0,56190.0,57180.0,2291700,2026-10-08
2024-04-05,53297.83203125,54560.0,57000.0,53880.0,56300.0,3443300,2026-10-08
2024-04-08,54763.12890625,56060.0,57460.0,55430.0,55600.0,3579300,2026-10-08
2024-04-09,55290.640625,56600.0,56900.0,55630.0,55790.0,2147700,2026-10-08
2024-04-10,54216.0859375,55500.0,56530.0,55350.0,56080.0,2182900,2026-10-08
2024-04-11,54264.9296875,55550.0,56000.0,54950.0,55000.0,2168900,2026-10-08
2024-04-12,54978.0390625,56280.0,56580.0,54980.0,56450.0,2561600,2026-10-08
2024-04-15,53923.0234375,55200.0,55860.0,54350.0,55650.0,1843400,2026-10-08
2024-04-16,51480.859375,52700.0,53840.0,52460.0,53810.0,2187400,2026-10-08
2024-04-17,52008.36328125,53240.0,54220.0,52840.0,53560.0,2371000,2026-10-08
2024-04-18,52877.78125,54130.0,54590.0,50900.0,51350.0,2948300,2026-10-08
2024-04-19,48647.9453125,49800.0,52330.0,49270.0,52130.0,3550100,2026-10-08
2024-04-22,46518.375,47620.0,49530.0,46650.0,48220.0,3567600,2026-10-08
2024-04-23,45326.6015625,46400.0,49010.0,46250.0,48990.0,2631500,2026-10-08
2024-04-24,47309.640625,48430.0,49250.0,47610.0,47800.0,3065200,2026-10-08
2024-04-25,45990.8671875,47080.0,48030.0,46730.0,47150.0,2159400,2026-10-08
2024-04-26,44945.62109375,46010.0,48790.0,45360.0,48500.0,4055600,2026-10-08
2024-04-30,44740.4765625,45800.0,46880.0,45350.0,46650.0,2389300,2026-10-08
2024-05-01,45053.078125,46120.0,47190.0,45280.0,45900.0,2026500,2026-10-08
2024-05-02,45414.51953125,46490.0,46490.0,44720.0,45420.0,2185000,2026-10-08
2024-05-07,49439.20703125,50610.0,50610.0,47850.0,48000.0,3454300,2026-10-08
2024-05-08,48706.5546875,49860.0,50600.0,49260.0,49800.0,2647400,2026-10-08
2024-05-09,49781.109375,50960.0,51580.0,49380.0,49550.0,3191200,2026-10-08
2024-05-10,49702.96484375,50880.0,51990.0,49880.0,50910.0,2469600,2026-10-08
2024-05-13,51490.625,52710.0,52710.0,51030.0,51500.0,2573600,2026-10-08
2024-05-14,50767.74609375,51970.0,53520.0,51200.0,52980.0,2511400,2026-10-08
2024-05-15,52604.2578125,53850.0,54080.0,52470.0,52570.0,3058900,2026-10-08
2024-05-16,54841.27734375,56140.0,56140.0,54980.0,55300.0,2799500,2026-10-08
2024-05-17,54763.12890625,56060.0,56590.0,55460.0,55650.0,2221000,2026-10-08
2024-05-20,54411.4609375,55700.0,56260.0,55240.0,55510.0,2303800,2026-10-08
2024-05-21,55808.375,57130.0,58060.0,56170.0,56240.0,3010300,2026-10-08
2024-05-22,56335.88671875,57670.0,58070.0,56820.0,57240.0,2839400,2026-10-08
2024-05-23,60819.703125,62260.0,62670.0,59840.0,60000.0,4931700,2026-10-08
2024-05-24,60077.28125,61500.0,62480.0,60860.0,61130.0,3388800,2026-10-08
2024-05-27,60360.57421875,61790.0,62550.0,61310.0,62000.0,2405100,2026-10-08
2024-05-28,60800.16796875,62240.0,62620.0,60790.0,62030.0,3482700,2026-10-08
2024-05-29,61278.828125,62730.0,64990.0,62440.0,63240.0,3929700,2026-10-08
2024-05-30,59881.9140625,61300.0,62120.0,60750.0,61570.0,3390800,2026-10-08
2024-05-31,60067.515625,61490.0,61700.0,59770.0,59900.0,3338700,2026-10-08
2024-06-03,58602.21484375,59990.0,61100.0,59230.0,61000.0,2819000,2026-10-08
2024-06-04,57664.4296875,59030.0,60120.0,58920.0,59880.0,2304200,2026-10-08
2024-06-05,55906.06640625,57230.0,59320.0,57190.0,58340.0,2807300,2026-10-08
2024-06-06,58484.9921875,59870.0,60070.0,58780.0,59600.0,2377600,2026-10-08
2024-06-07,58416.609375,59800.0,59980.0,58590.0,59340.0,1956600,2026-10-08
2024-06-10,58025.86328125,59400.0,60070.0,58640.0,59710.0,1832100,2026-10-08
2024-06-11,58992.9609375,60390.0,60560.0,59720.0,59960.0,1969100,2026-10-08
2024-06-12,60536.41015625,61970.0,61990.0,59970.0,60050.0,2192500,2026-10-08
2024-06-13,62626.90234375,64110.0,64300.0,62760.0,63300.0,3040100,2026-10-08
2024-06-14,64082.43359375,65600.0,66100.0,64080.0,64420.0,3035200,2026-10-08
2024-06-17,62402.2265625,63880.0,65510.0,63750.0,65210.0,2428500,2026-10-08
2024-06-18,62079.859375,63550.0,65000.0,63350.0,64700.0,2269300,2026-10-08
2024-06-19,59715.84375,61130.0,64870.0,60800.0,63980.0,3153400,2026-10-08
2024-06-20,60673.171875,62110.0,62180.0,60800.0,60900.0,2379000,2026-10-08
2024-06-21,62089.625,63560.0,63750.0,60250.0,60510.0,3743500,2026-10-08
2024-06-24,61737.95703125,63200.0,63620.0,61770.0,62330.0,2931500,2026-10-08
2024-06-25,58318.92578125,59700.0,62130.0,59380.0,62000.0,3384900,2026-10-08
2024-06-26,61054.1484375,62500.0,62500.0,60810.0,61310.0,3774400,2026-10-08
2024-06-27,59422.78515625,60830.0,62400.0,60570.0,61800.0,2618200,2026-10-08
2024-06-28,59627.92578125,61040.0,61930.0,60850.0,60980.0,2285300,2026-10-08
2024-07-01,59334.86328125,60740.0,61800.0,60350.0,61480.0,1659000,2026-10-08
2024-07-02,60419.19140625,61850.0,62050.0,60340.0,60950.0,2538300,2026-10-08
2024-07-03,62802.73828125,64290.0,64500.0,62600.0,62850.0,2935000,2026-10-08
2024-07-04,63086.03515625,64580.0,65260.0,63640.0,65000.0,2579600,2026-10-08
2024-07-05,61777.03125,63240.0,65350.0,63000.0,65000.0,2873700,2026-10-08
2024-07-08,61659.8046875,63120.0,63380.0,62350.0,62990.0,1915800,2026-10-08
2024-07-09,63183.71875,64680.0,64780.0,63250.0,63650.0,2539300,2026-10-08
2024-07-10,64736.93359375,66270.0,66360.0,64380.0,64880.0,3940100,2026-10-08
2024-07-11,66954.421875,68540.0,68850.0,67060.0,67670.0,3658100,2026-10-08
2024-07-12,61083.45703125,62530.0,66040.0,62150.0,65800.0,5457800,2026-10-08
2024-07-16,61991.94140625,63460.0,64070.0,62310.0,63250.0,3243900,2026-10-08
2024-07-17,59207.87109375,60610.0,62990.0,60460.0,62600.0,3553200,2026-10-08
2024-07-18,53981.63671875,55260.0,56950.0,54500.0,55610.0,4272700,2026-10-08
2024-07-19,51480.859375,52700.0,54500.0,52100.0,54270.0,5090200,2026-10-08
2024-07-22,48755.40234375,49910.0,52370.0,49530.0,51700.0,4428700,2026-10-08
2024-07-23,48530.72265625,49680.0,52220.0,49300.0,52000.0,4474800,2026-10-08
2024-07-24,47671.08203125,48800.0,49880.0,48210.0,49160.0,4600000,2026-10-08
2024-07-25,45766.1953125,46850.0,47180.0,45250.0,45630.0,5291300,2026-10-08
2024-07-26,45033.5390625,46100.0,47290.0,45180.0,46400.0,4958700,2026-10-08
2024-07-29,46479.3046875,47580.0,47870.0,46020.0,47000.0,4407300,2026-10-08
2024-07-30,45668.5078125,46750.0,47280.0,45380.0,46880.0,3994800,2026-10-08
2024-07-31,48315.80859375,49460.0,50000.0,45210.0,45350.0,5877500,2026-10-08
2024-08-01,46606.296875,47710.0,50200.0,46790.0,50160.0,5324700,2026-10-08
2024-08-02,43568.2421875,44600.0,46160.0,43200.0,44000.0,7028700,2026-10-08
2024-08-05,36730.1796875,37600.0,41170.0,37600.0,39000.0,4062200,2026-10-08
2024-08-06,38195.4765625,39100.0,41600.0,37520.0,39630.0,6915700,2026-10-08
2024-08-07,42933.28125,43950.0,45540.0,38130.0,38400.0,9031900,2026-10-08
2024-08-08,41174.9140625,42150.0,43140.0,40260.0,42550.0,6611400,2026-10-08
2024-08-09,40373.890625,41330.0,44490.0,40000.0,43340.0,6213500,2026-10-08
2024-08-13,41956.41015625,42950.0,43550.0,42110.0,42730.0,4206000,2026-10-08
2024-08-14,42835.58984375,43850.0,44730.0,43150.0,44000.0,4771900,2026-10-08
2024-08-15,44134.828125,45180.0,45980.0,43540.0,43700.0,4887800,2026-10-08
2024-08-16,47172.8828125,48290.0,48290.0,45900.0,47000.0,6015400,2026-10-08
2024-08-19,44955.39453125,46020.0,48610.0,46020.0,47880.0,4449400,2026-10-08
2024-08-20,44769.78515625,45830.0,47070.0,45830.0,46720.0,3428600,2026-10-08
2024-08-21,43538.93359375,44570.0,45520.0,44230.0,44430.0,2992100,2026-10-08
2024-08-22,42552.30078125,43560.0,44950.0,43330.0,44570.0,3281400,2026-10-08
2024-08-23,42239.70703125,43240.0,43780.0,42830.0,43000.0,3142300,2026-10-08
2024-08-26,41565.66015625,42550.0,42910.0,41950.0,42810.0,2660200,2026-10-08
2024-08-27,40686.48828125,41650.0,41960.0,40910.0,41850.0,2800000,2026-10-08
2024-08-28,41272.60546875,42250.0,42250.0,40810.0,41220.0,2815500,2026-10-08
2024-08-29,40256.66796875,41210.0,41700.0,40000.0,40150.0,3989900,2026-10-08
2024-08-30,41673.12109375,42660.0,42660.0,40970.0,41420.0,4102700,2026-10-08
2024-09-02,40393.421875,41350.0,43150.0,41250.0,42900.0,3226400,2026-10-08
2024-09-03,39230.953125,40160.0,41610.0,39640.0,41530.0,3154100,2026-10-08
2024-09-04,35372.33203125,36210.0,37920.0,36150.0,37600.0,5367600,2026-10-08
2024-09-05,34327.0859375,35140.0,36740.0,34910.0,36500.0,5882200,2026-10-08
2024-09-06,33848.421875,34650.0,35580.0,34020.0,35460.0,4079900,2026-10-08
2024-09-09,32793.40625,33570.0,33730.0,31730.0,31850.0,4899600,2026-10-08
2024-09-10,32852.01953125,33630.0,34080.0,32340.0,33370.0,4876300,2026-10-08
2024-09-11,32256.126953125,33020.0,34290.0,32470.0,33820.0,4551400,2026-10-08
2024-09-12,33838.6484375,34640.0,35720.0,33950.0,35080.0,4234600,2026-10-08
2024-09-13,34483.37890625,35300.0,36130.0,34680.0,34830.0,4232700,2026-10-08
2024-09-17,32930.16796875,33710.0,34980.0,33260.0,34600.0,3510500,2026-10-08
2024-09-18,34024.2578125,34830.0,34940.0,33830.0,34420.0,3897600,2026-10-08
2024-09-19,34629.9140625,35450.0,36020.0,34970.0,35500.0,3828900,2026-10-08
2024-09-20,35450.48046875,36290.0,37350.0,36110.0,36280.0,4569800,2026-10-08
2024-09-24,34835.05859375,35660.0,37090.0,35480.0,36820.0,3029900,2026-10-08
2024-09-25,35089.04296875,35920.0,36460.0,35410.0,35430.0,2685400,2026-10-08
2024-09-26,38342.0078125,39250.0,39250.0,36860.0,37200.0,3746800,2026-10-08
2024-09-27,39884.46484375,40700.0,41090.0,39370.0,40540.0,5265500,2026-10-08
2024-09-30,36738.7890625,37490.0,39550.0,37460.0,38700.0,4107300,2026-10-08
2024-10-01,38571.3125,39360.0,39570.0,37790.0,37910.0,3505700,2026-10-08
2024-10-02,36660.38671875,37410.0,38440.0,37370.0,37940.0,3472600,2026-10-08
2024-10-03,39590.48046875,40400.0,40630.0,38630.0,38810.0,4470400,2026-10-08
2024-10-04,38914.3046875,39710.0,40290.0,39550.0,39840.0,3327500,2026-10-08
2024-10-07,36474.19921875,37220.0,39030.0,36470.0,38210.0,6753100,2026-10-08
2024-10-08,36121.41015625,36860.0,37730.0,36600.0,36880.0,3979100,2026-10-08
2024-10-09,37091.5703125,37850.0,38040.0,37350.0,37610.0,3576200,2026-10-08
2024-10-10,36621.19140625,37370.0,38770.0,37300.0,38550.0,3202100,2026-10-08
2024-10-11,36807.3828125,37560.0,37850.0,37220.0,37440.0,2300800,2026-10-08
2024-10-15,37571.75390625,38340.0,39000.0,37740.0,38240.0,3670200,2026-10-08
2024-10-16,35386.4375,36110.0,36360.0,35030.0,36100.0,3660800,2026-10-08
2024-10-17,34867.05859375,35580.0,35970.0,35030.0,35780.0,3096400,2026-10-08
2024-10-18,37542.359375,38310.0,38830.0,35320.0,36360.0,10266700,2026-10-08
2024-10-21,38747.7109375,39540.0,40420.0,38370.0,38510.0,7969000,2026-10-08
2024-10-22,38532.1171875,39320.0,40180.0,37820.0,39520.0,8502500,2026-10-08
2024-10-23,36924.98046875,37680.0,39720.0,37600.0,39720.0,5472500,2026-10-08
2024-10-24,36846.5859375,37600.0,38380.0,37220.0,37320.0,5413500,2026-10-08
2024-10-25,36944.58203125,37700.0,38180.0,37150.0,37230.0,4839600,2026-10-08
2024-10-28,38875.10546875,39670.0,39920.0,37480.0,37700.0,5570700,2026-10-08
2024-10-29,39933.46484375,40750.0,41050.0,38950.0,39150.0,6390400,2026-10-08
2024-10-30,44411.89453125,45320.0,46130.0,41690.0,41820.0,11573300,2026-10-08
2024-10-31,43578.92578125,44470.0,45650.0,44310.0,44850.0,5515300,2026-10-08
2024-11-01,41952.1875,42810.0,43610.0,42420.0,42620.0,4474400,2026-10-08
2024-11-05,43647.51953125,44540.0,45460.0,43860.0,44860.0,4895200,2026-10-08
2024-11-06,45813.2421875,46750.0,46750.0,44700.0,45240.0,5998600,2026-10-08
2024-11-07,43853.3125,44750.0,47830.0,44270.0,47700.0,6801200,2026-10-08
2024-11-08,43412.328125,44300.0,45400.0,43810.0,45390.0,4937000,2026-10-08
2024-11-11,43804.3125,44700.0,44700.0,43510.0,44180.0,3569900,2026-10-08
2024-11-12,42873.3515625,43750.0,44450.0,43060.0,44330.0,4393900,2026-10-08
2024-11-13,41227.015625,42070.0,44520.0,42070.0,44450.0,4409200,2026-10-08
2024-11-14,39492.48046875,40300.0,42150.0,40300.0,42070.0,4698100,2026-10-08
2024-11-15,41726.79296875,42580.0,42800.0,40900.0,41000.0,5122500,2026-10-08
2024-11-18,41570.00390625,42420.0,43190.0,41420.0,41880.0,5006500,2026-10-08
2024-11-19,41697.39453125,42550.0,42670.0,42020.0,42260.0,3306000,2026-10-08
2024-11-20,41462.20703125,42310.0,43270.0,41630.0,43250.0,3417000,2026-10-08
2024-11-21,41530.8046875,42380.0,42990.0,40880.0,42240.0,4926500,2026-10-08
2024-11-22,41736.59375,42590.0,43370.0,42200.0,42600.0,4603200,2026-10-08
2024-11-25,41873.78515625,42730.0,43320.0,42280.0,42960.0,5106900,2026-10-08
2024-11-26,40560.640625,41390.0,42430.0,40710.0,42380.0,4464000,2026-10-08
2024-11-27,41040.8203125,41880.0,42740.0,40760.0,41040.0,6142300,2026-10-08
2024-11-28,40933.0234375,41770.0,43370.0,40430.0,41180.0,6870400,2026-10-08
2024-11-29,39786.46875,40600.0,41630.0,40310.0,41330.0,4538900,2026-10-08
2024-12-02,40501.84375,41330.0,42450.0,40760.0,41300.0,5734000,2026-10-08
2024-12-03,42961.546875,43840.0,44470.0,42850.0,42890.0,6093000,2026-10-08
2024-12-04,42549.9609375,43420.0,44770.0,43320.0,44500.0,3571100,2026-10-08
2024-12-05,42579.36328125,43450.0,44480.0,43120.0,44200.0,3655900,2026-10-08
2024-12-06,40707.63671875,41540.0,43100.0,41430.0,42750.0,3456000,2026-10-08
2024-12-09,39659.078125,40470.0,42100.0,40470.0,42030.0,3118300,2026-10-08
2024-12-10,41099.62109375,41940.0,42040.0,40600.0,41170.0,3967500,2026-10-08
2024-12-11,39600.27734375,40410.0,41380.0,40370.0,41180.0,3406200,2026-10-08
2024-12-12,40198.0546875,41020.0,41990.0,40570.0,41810.0,3882400,2026-10-08
2024-12-13,39698.2734375,40510.0,41080.0,40120.0,41020.0,3046900,2026-10-08
2024-12-16,40364.64453125,41190.0,41870.0,40710.0,40800.0,3611100,2026-10-08
2024-12-17,40452.84765625,41280.0,42380.0,41000.0,41870.0,3139900,2026-10-08
2024-12-18,42491.1640625,43360.0,43650.0,41320.0,41550.0,4756200,2026-10-08
2024-12-19,41668.0,42520.0,43480.0,41640.0,42000.0,3760900,2026-10-08
2024-12-20,40707.63671875,41540.0,42400.0,41140.0,42150.0,5024500,2026-10-08
2024-12-23,41648.3984375,42500.0,42640.0,41710.0,42160.0,3300200,2026-10-08
2024-12-24,41305.41015625,42150.0,43290.0,42130.0,42990.0,2862900,2026-10-08
2024-12-25,41354.41015625,42200.0,42630.0,41390.0,42370.0,2748100,2026-10-08
2024-12-26,41912.98828125,42770.0,43050.0,41660.0,41730.0,3547800,2026-10-08
2024-12-27,42883.1484375,43760.0,43850.0,42830.0,43010.0,3211100,2026-10-08
2024-12-30,41873.78515625,42730.0,43500.0,42570.0,43370.0,2546700,2026-10-08
2025-01-06,42314.7734375,43180.0,43750.0,42660.0,43430.0,3033200,2026-10-08
2025-01-07,45489.8515625,46420.0,46950.0,44870.0,45280.0,5160000,2026-10-08
2025-01-08,47626.16796875,48600.0,48600.0,45700.0,45760.0,5343900,2026-10-08
2025-01-09,47704.56640625,48680.0,49710.0,48180.0,48540.0,4526100,2026-10-08
2025-01-10,47038.1953125,48000.0,49530.0,47710.0,48180.0,4521000,2026-10-08
2025-01-14,43461.328125,44350.0,47240.0,44300.0,47040.0,4503400,2026-10-08
2025-01-15,43186.94140625,44070.0,44640.0,43370.0,44600.0,3808100,2026-10-08
2025-01-16,43373.12890625,44260.0,45100.0,43580.0,44560.0,4434300,2026-10-08
2025-01-17,43147.7421875,44030.0,45010.0,43400.0,43910.0,3670300,2026-10-08
2025-01-20,43137.94140625,44020.0,45040.0,43720.0,44320.0,3712500,2026-10-08
2025-01-21,45666.2421875,46600.0,46600.0,44580.0,44720.0,5824500,2026-10-08
2025-01-22,51095.234375,52140.0,52200.0,46900.0,47500.0,8801600,2026-10-08
2025-01-23,49840.8828125,50860.0,53680.0,50720.0,53000.0,6776400,2026-10-08
2025-01-24,46479.61328125,47430.0,48480.0,46430.0,47150.0,8477600,2026-10-08
2025-01-27,45646.64453125,46580.0,46800.0,44960.0,46100.0,5838800,2026-10-08
2025-01-28,44323.6953125,45230.0,45600.0,42180.0,44000.0,7458900,2026-10-08
2025-01-29,44402.09375,45310.0,45930.0,43910.0,45930.0,5857800,2026-10-08
2025-01-30,44960.671875,45880.0,45910.0,44880.0,45290.0,4371700,2026-10-08
2025-01-31,43843.515625,44740.0,45770.0,44740.0,45560.0,3447700,2026-10-08
2025-02-03,42079.58203125,42940.0,43880.0,42700.0,43200.0,3148300,2026-10-08
2025-02-04,43088.94140625,43970.0,44930.0,43330.0,43590.0,3916800,2026-10-08
2025-02-05,42638.1640625,43510.0,44100.0,43170.0,43870.0,2750000,2026-10-08
2025-02-06,43863.11328125,44760.0,44810.0,43720.0,43800.0,2938400,2026-10-08
2025-02-07,45078.265625,46000.0,46640.0,44190.0,44310.0,4576900,2026-10-08
2025-02-10,45480.0546875,46410.0,47150.0,45840.0,45950.0,3289600,2026-10-08
2025-02-12,44372.6953125,45280.0,46100.0,44420.0,45900.0,3550100,2026-10-08
2025-02-13,44686.28515625,45600.0,46030.0,45020.0,45020.0,2816700,2026-10-08
2025-02-14,44470.6875,45380.0,46320.0,45360.0,45830.0,2446600,2026-10-08
2025-02-17,46117.0234375,47060.0,47220.0,45260.0,45380.0,3327600,2026-10-08
2025-02-18,46068.03125,47010.0,48000.0,47000.0,47160.0,2569300,2026-10-08
2025-02-19,46009.23046875,46950.0,47100.0,45310.0,46500.0,4330300,2026-10-08
2025-02-20,45372.2578125,46300.0,47310.0,45830.0,46500.0,3834400,2026-10-08
2025-02-21,44921.46875,45840.0,45880.0,44840.0,45600.0,3422800,2026-10-08
2025-02-25,41922.7890625,42780.0,45030.0,42480.0,43040.0,4986000,2026-10-08
2025-02-26,40276.453125,41100.0,41530.0,40680.0,41280.0,3220700,2026-10-08
2025-02-27,41060.41796875,41900.0,42290.0,41250.0,41500.0,3363000,2026-10-08
2025-02-28,36817.18359375,37570.0,38500.0,37060.0,38500.0,4352500,2026-10-08
2025-03-03,37630.55078125,38400.0,38640.0,37770.0,38320.0,3119800,2026-10-08
2025-03-04,35994.015625,36730.0,37390.0,35860.0,36940.0,4771100,2026-10-08
2025-03-05,33495.109375,34180.0,37400.0,34180.0,36980.0,5444000,2026-10-08
2025-03-06,32426.953125,33090.0,34680.0,32950.0,34620.0,5201500,2026-10-08
2025-03-07,31927.171875,32580.0,34200.0,32000.0,32000.0,5561100,2026-10-08
2025-03-10,32358.35546875,33020.0,34450.0,32790.0,32900.0,5505300,2026-10-08
2025-03-11,32456.353515625,33120.0,33120.0,31190.0,31620.0,4873800,2026-10-08
2025-03-12,32074.166015625,32730.0,33680.0,32630.0,33440.0,3477500,2026-10-08
2025-03-13,33740.10546875,34430.0,34950.0,33960.0,34000.0,4423800,2026-10-08
2025-03-14,34984.65625,35700.0,35840.0,34300.0,34440.0,5944700,2026-10-08
2025-03-17,34573.07421875,35280.0,36300.0,35150.0,36200.0,3870900,2026-10-08
2025-03-18,34896.45703125,35610.0,36160.0,35330.0,35900.0,2715200,2026-10-08
2025-03-19,33073.7265625,33750.0,35080.0,33660.0,34910.0,3610400,2026-10-08
2025-03-21,32946.3359375,33620.0,34220.0,33610.0,33970.0,2816200,2026-10-08
2025-03-24,32397.556640625,33060.0,33870.0,32920.0,33870.0,2905100,2026-10-08
2025-03-25,33602.91015625,34290.0,34390.0,33470.0,33930.0,3758400,2026-10-08
2025-03-26,34484.875,35190.0,35460.0,34630.0,34990.0,3989400,2026-10-08
2025-03-27,32848.3359375,33520.0,34220.0,33260.0,34070.0,3247800,2026-10-08
2025-03-28,32254.255859375,32630.0,33190.0,32130.0,32280.0,3975100,2026-10-08
2025-03-31,29550.75,29895.0,31220.0,29860.0,31150.0,4709300,2026-10-08
2025-04-01,29773.16015625,30120.0,30290.0,29430.0,29665.0,5120100,2026-10-08
2025-04-02,29881.89453125,30230.0,30490.0,29750.0,30120.0,4258100,2026-10-08
2025-04-03,28661.11328125,28995.0,29635.0,28020.0,28030.0,6470200,2026-10-08
2025-04-04,27316.775390625,27635.0,29280.0,26910.0,28885.0,7960600,2026-10-08
2025-04-07,23328.23828125,23600.0,24675.0,22640.0,23000.0,6889700,2026-10-08
2025-04-08,26283.80859375,26590.0,26900.0,25500.0,25530.0,5558100,2026-10-08
2025-04-09,24138.798828125,24420.0,25010.0,23800.0,24800.0,6612000,2026-10-08
2025-04-10,27267.349609375,27585.0,29200.0,27330.0,28920.0,4939000,2026-10-08
2025-04-11,27153.67578125,27470.0,27560.0,25675.0,25710.0,5810500,2026-10-08
2025-04-14,28161.9296875,28490.0,29000.0,27730.0,27970.0,6389800,2026-10-08
2025-04-15,27909.8671875,28235.0,28695.0,28025.0,28285.0,4403900,2026-10-08
2025-04-16,25675.890625,25975.0,27560.0,25770.0,27370.0,6292400,2026-10-08
2025-04-17,26224.498046875,26530.0,26725.0,25705.0,25995.0,5954200,2026-10-08
2025-04-18,26451.849609375,26760.0,27870.0,25565.0,26595.0,13292700,2026-10-08
2025-04-21,26333.234375,26640.0,27370.0,26255.0,26255.0,8164000,2026-10-08
2025-04-22,26718.7421875,27030.0,27705.0,26645.0,26705.0,8585100,2026-10-08
2025-04-23,26654.490234375,26965.0,28025.0,26450.0,27750.0,10364400,2026-10-08
2025-04-24,27227.810546875,27545.0,27545.0,27025.0,27465.0,7296000,2026-10-08
2025-04-25,28399.16796875,28730.0,28730.0,27680.0,27850.0,8639700,2026-10-08
2025-04-28,27109.1953125,27425.0,29345.0,27400.0,29230.0,7471500,2026-10-08
2025-04-30,27301.94921875,27620.0,27730.0,26970.0,27000.0,6410400,2026-10-08
2025-05-01,28715.48046875,29050.0,29175.0,27470.0,28015.0,8132600,2026-10-08
2025-05-02,28092.734375,28420.0,28840.0,28080.0,28720.0,7732600,2026-10-08
2025-05-07,28433.76171875,28765.0,28950.0,28235.0,28700.0,5445700,2026-10-08
2025-05-08,30049.935546875,30400.0,30620.0,29545.0,29630.0,6062700,2026-10-08
2025-05-09,30662.794921875,31020.0,31020.0,30250.0,30650.0,4517700,2026-10-08
2025-05-12,32531.03515625,32910.0,33130.0,31190.0,31260.0,5586400,2026-10-08
2025-05-13,32936.3125,33320.0,34700.0,33320.0,34300.0,6866200,2026-10-08
2025-05-14,36603.58984375,37030.0,37150.0,34870.0,34870.0,7949500,2026-10-08
2025-05-15,35417.41015625,35830.0,36900.0,35770.0,36450.0,6821700,2026-10-08
2025-05-16,34745.2421875,35150.0,35690.0,34730.0,35330.0,4641400,2026-10-08
2025-05-19,34211.453125,34610.0,35380.0,34200.0,34790.0,4622900,2026-10-08
2025-05-20,34458.58203125,34860.0,35740.0,34710.0,35070.0,4399400,2026-10-08
2025-05-21,33252.625,33640.0,34650.0,33630.0,34290.0,3654700,2026-10-08
2025-05-22,33015.390625,33400.0,33860.0,32690.0,33100.0,4382100,2026-10-08
2025-05-23,33045.04296875,33430.0,33770.0,33160.0,33350.0,3525500,2026-10-08
2025-05-26,33875.37109375,34270.0,34510.0,33300.0,33330.0,3790000,2026-10-08
2025-05-27,33460.20703125,33850.0,34250.0,33520.0,34050.0,3495900,2026-10-08
2025-05-28,33153.77734375,33540.0,35030.0,33540.0,34800.0,3919300,2026-10-08
2025-05-29,34428.92578125,34830.0,35210.0,34000.0,34890.0,5309900,2026-10-08
2025-05-30,32491.494140625,32870.0,33900.0,32870.0,33860.0,4121500,2026-10-08
2025-06-02,31562.318359375,31930.0,32540.0,31930.0,32280.0,2783400,2026-10-08
2025-06-03,31947.828125,32320.0,32880.0,32180.0,32220.0,3109200,2026-10-08
2025-06-04,32323.451171875,32700.0,33140.0,32530.0,33000.0,2855000,2026-10-08
2025-06-05,31789.66796875,32160.0,33040.0,32120.0,32590.0,3574500,2026-10-08
2025-06-06,31730.361328125,32100.0,32360.0,31890.0,32300.0,2252000,2026-10-08
2025-06-09,32758.384765625,33140.0,33350.0,32280.0,32450.0,3312900,2026-10-08
2025-06-10,32718.84375,33100.0,34140.0,32960.0,33350.0,4421100,2026-10-08
2025-06-11,34498.11328125,34900.0,34900.0,33570.0,33700.0,5253400,2026-10-08
2025-06-12,34082.94921875,34480.0,35200.0,34470.0,34520.0,4315500,2026-10-08
2025-06-13,32748.5,33130.0,34550.0,32910.0,34430.0,4731900,2026-10-08
2025-06-16,34152.1484375,34550.0,34650.0,33580.0,33700.0,4493000,2026-10-08
2025-06-17,36316.9296875,36740.0,37150.0,35340.0,35500.0,6983700,2026-10-08
2025-06-18,36514.625,36940.0,37060.0,36330.0,36640.0,4525800,2026-10-08
2025-06-19,35298.7890625,35710.0,37470.0,35710.0,37390.0,4119500,2026-10-08
2025-06-20,36267.5078125,36690.0,36940.0,35650.0,35750.0,5080800,2026-10-08
2025-06-23,35694.18359375,36110.0,36290.0,35270.0,36010.0,3996700,2026-10-08
2025-06-24,37414.14453125,37850.0,37950.0,36740.0,37000.0,5202300,2026-10-08
2025-06-25,38323.5546875,38770.0,38900.0,37510.0,38900.0,5760300,2026-10-08
2025-06-26,38639.8671875,39090.0,39480.0,38230.0,38500.0,5216900,2026-10-08
2025-06-27,41536.12890625,42020.0,42440.0,39430.0,39540.0,7966200,2026-10-08
2025-06-30,42139.1015625,42630.0,43630.0,42130.0,43350.0,7154400,2026-10-08
2025-07-01,42000.71875,42490.0,42940.0,41700.0,41930.0,4895900,2026-10-08
2025-07-02,40458.67578125,40930.0,41570.0,40570.0,41090.0,5340200,2026-10-08
2025-07-03,40972.6875,41450.0,41740.0,40880.0,41100.0,4081600,2026-10-08
2025-07-04,40083.0546875,40550.0,41670.0,40550.0,41540.0,4337700,2026-10-08
2025-07-07,41516.359375,42000.0,42460.0,41010.0,41480.0,5996300,2026-10-08
2025-07-08,41437.27734375,41920.0,42450.0,41300.0,41800.0,4186600,2026-10-08
2025-07-09,40814.5390625,41290.0,42400.0,41170.0,42370.0,3904800,2026-10-08
2025-07-10,42514.7265625,43010.0,43670.0,41990.0,42380.0,8122700,2026-10-08
2025-07-11,43167.12890625,43670.0,43670.0,43060.0,43190.0,4624900,2026-10-08
2025-07-14,43760.21875,44270.0,44450.0,43360.0,43700.0,4348500,2026-10-08
2025-07-15,45717.41796875,46250.0,46280.0,43650.0,44310.0,7754600,2026-10-08
2025-07-16,45549.375,46080.0,47370.0,45690.0,46610.0,7837600,2026-10-08
2025-07-17,46429.12890625,46970.0,47200.0,44730.0,45660.0,6407300,2026-10-08
2025-07-18,42346.6875,42840.0,44700.0,41870.0,44170.0,10350400,2026-10-08
2025-07-22,42840.9296875,43340.0,43390.0,41910.0,42500.0,5839200,2026-10-08
2025-07-23,42119.33203125,42610.0,43820.0,42350.0,43680.0,5601400,2026-10-08
2025-07-24,42386.2265625,42880.0,43380.0,42210.0,43200.0,5113700,2026-10-08
2025-07-25,43760.21875,44270.0,44430.0,42880.0,43060.0,5645300,2026-10-08
2025-07-28,42751.96875,43250.0,44350.0,42810.0,44330.0,4919000,2026-10-08
2025-07-29,41615.2109375,42100.0,42930.0,41850.0,42250.0,4588700,2026-10-08
2025-07-30,42030.37109375,42520.0,42770.0,42340.0,42700.0,2709700,2026-10-08
2025-07-31,45025.48046875,45550.0,45700.0,42900.0,43020.0,6113000,2026-10-08
2025-08-01,43404.36328125,43910.0,44680.0,43340.0,43800.0,5380600,2026-10-08
2025-08-04,41911.75390625,42400.0,43200.0,42160.0,42510.0,4304400,2026-10-08
2025-08-05,41348.31640625,41830.0,42560.0,41130.0,42430.0,4329700,2026-10-08
2025-08-06,40359.83203125,40830.0,41290.0,40190.0,41010.0,3417100,2026-10-08
2025-08-07,39638.23828125,40100.0,40690.0,39630.0,40130.0,3298200,2026-10-08
2025-08-08,40092.94140625,40560.0,41140.0,39780.0,40200.0,3346300,2026-10-08
2025-08-12,41704.16796875,42190.0,42480.0,40710.0,41260.0,4334400,2026-10-08
2025-08-13,42356.5703125,42850.0,42950.0,42060.0,42700.0,4157200,2026-10-08
2025-08-14,41170.390625,41650.0,42720.0,41520.0,42500.0,3146100,2026-10-08
2025-08-15,41862.328125,42350.0,42480.0,41710.0,41800.0,3304500,2026-10-08
2025-08-18,40735.45703125,41210.0,42200.0,41130.0,42050.0,2611300,2026-10-08
2025-08-19,40844.1875,41320.0,42080.0,41320.0,41600.0,2724700,2026-10-08
2025-08-20,38847.453125,39300.0,40750.0,39220.0,40500.0,3566500,2026-10-08
2025-08-21,38165.39453125,38610.0,39450.0,38560.0,39010.0,2707700,2026-10-08
2025-08-22,38195.05078125,38640.0,39080.0,38410.0,38750.0,2781400,2026-10-08
2025-08-25,39707.4296875,40170.0,40180.0,39380.0,39590.0,3167300,2026-10-08
2025-08-26,39440.54296875,39900.0,40280.0,39610.0,39900.0,2847700,2026-10-08
2025-08-27,40488.33203125,40960.0,41280.0,39930.0,40240.0,3788200,2026-10-08
2025-08-28,40873.83984375,41350.0,41420.0,39980.0,40270.0,3563300,2026-10-08
2025-08-29,40873.83984375,41350.0,41600.0,40520.0,41590.0,3525900,2026-10-08
2025-09-01,37720.57421875,38160.0,39890.0,37570.0,39700.0,5365500,2026-10-08
2025-09-02,37522.87890625,37960.0,38520.0,37610.0,38300.0,3223500,2026-10-08
2025-09-03,37167.02734375,37600.0,38020.0,37260.0,37260.0,2416800,2026-10-08
2025-09-04,37720.57421875,38160.0,38260.0,37470.0,37560.0,2550200,2026-10-08
2025-09-05,37809.5390625,38250.0,38850.0,37860.0,38460.0,3157100,2026-10-08
2025-09-08,37295.52734375,37730.0,38570.0,37620.0,38500.0,3009400,2026-10-08
2025-09-09,37344.953125,37780.0,38680.0,37520.0,38110.0,3567100,2026-10-08
2025-09-10,38550.90234375,39000.0,39300.0,37970.0,38020.0,3369100,2026-10-08
2025-09-11,41041.88671875,41520.0,41590.0,39400.0,39620.0,4864600,2026-10-08
2025-09-12,40606.953125,41080.0,42470.0,40660.0,41910.0,4508400,2026-10-08
2025-09-16,43948.03125,44460.0,44490.0,42520.0,42520.0,6388200,2026-10-08
2025-09-17,44798.12890625,45320.0,45950.0,44400.0,44450.0,5360400,2026-10-08
2025-09-18,47061.7578125,47610.0,48340.0,44860.0,45450.0,6275100,2026-10-08
2025-09-19,47061.7578125,47610.0,49600.0,46220.0,49590.0,7690400,2026-10-08
2025-09-22,47121.06640625,47670.0,48420.0,46970.0,48050.0,4066100,2026-10-08
2025-09-24,48247.94140625,48810.0,48860.0,47600.0,48000.0,4112400,2026-10-08
2025-09-25,49671.359375,50250.0,50820.0,48370.0,48650.0,6043400,2026-10-08
2025-09-26,46162.23828125,46700.0,49180.0,46500.0,49170.0,4780000,2026-10-08
2025-09-29,46399.140625,46810.0,47350.0,46390.0,46930.0,3058800,2026-10-08
2025-09-30,46101.76953125,46510.0,47540.0,46450.0,47380.0,2705700,2026-10-08
2025-10-01,45526.86328125,45930.0,46900.0,45930.0,46810.0,3065000,2026-10-08
2025-10-02,50859.64453125,51310.0,51310.0,47700.0,47790.0,6217900,2026-10-08
2025-10-03,50552.36328125,51000.0,51770.0,49810.0,51500.0,5059900,2026-10-08
2025-10-06,53526.03125,54000.0,54370.0,52710.0,53000.0,4910100,2026-10-08
2025-10-07,52733.0546875,53200.0,57060.0,52980.0,55500.0,5724600,2026-10-08
2025-10-08,51682.359375,52140.0,53100.0,51710.0,52200.0,3626400,2026-10-08
2025-10-09,53258.3984375,53730.0,54030.0,52370.0,53140.0,4318700,2026-10-08
2025-10-10,53218.75390625,53690.0,54420.0,52750.0,53280.0,4232600,2026-10-08
2025-10-14,51047.9765625,51500.0,53990.0,51250.0,53410.0,4369600,2026-10-08
2025-10-15,51949.98828125,52410.0,52580.0,50740.0,51390.0,3327700,2026-10-08
2025-10-16,53268.3125,53740.0,54010.0,52550.0,53000.0,2994500,2026-10-08
2025-10-17,51315.60546875,51770.0,53090.0,51500.0,52360.0,3357600,2026-10-08
2025-10-20,53189.015625,53660.0,53660.0,52090.0,52710.0,2633500,2026-10-08
2025-10-21,52078.84765625,52540.0,54320.0,52330.0,54160.0,3356100,2026-10-08
2025-10-22,52435.68359375,52900.0,53010.0,51700.0,52100.0,2339100,2026-10-08
2025-10-23,50443.328125,50890.0,51210.0,50030.0,50880.0,3122000,2026-10-08
2025-10-24,52980.859375,53450.0,53680.0,52200.0,52300.0,2551300,2026-10-08
2025-10-27,53773.8359375,54250.0,54250.0,53670.0,54120.0,1894800,2026-10-08
2025-10-28,53407.0859375,53880.0,54880.0,53760.0,54070.0,2062900,2026-10-08
2025-10-29,55895.0546875,56390.0,57050.0,54990.0,55350.0,4233300,2026-10-08
2025-10-30,51305.6953125,51760.0,54290.0,50800.0,53850.0,6231200,2026-10-08
2025-10-31,51157.0078125,51610.0,52210.0,50450.0,51000.0,3467500,2026-10-08
2025-11-04,51414.7265625,51870.0,53090.0,51680.0,52030.0,2873600,2026-10-08
2025-11-05,47122.73046875,47540.0,49000.0,46040.0,48860.0,4209200,2026-10-08
2025-11-06,50076.57421875,50520.0,50810.0,48750.0,48990.0,3089600,2026-10-08
2025-11-07,48094.1328125,48520.0,49160.0,47770.0,48800.0,2912900,2026-10-08
2025-11-10,49580.96484375,50020.0,50450.0,48580.0,49490.0,2078600,2026-10-08
2025-11-11,47330.88671875,47750.0,50590.0,47300.0,50550.0,3368500,2026-10-08
2025-11-12,47439.921875,47860.0,48000.0,46310.0,47580.0,2507200,2026-10-08
2025-11-13,48004.91796875,48430.0,48430.0,46860.0,47450.0,2095700,2026-10-08
2025-11-14,46874.9296875,47290.0,47580.0,45880.0,45920.0,2454900,2026-10-08
2025-11-17,47588.60546875,48010.0,48280.0,46990.0,47010.0,1585400,2026-10-08
2025-11-18,45398.00390625,45800.0,47380.0,45800.0,47250.0,2077400,2026-10-08
2025-11-19,43841.78515625,44230.0,45830.0,43750.0,45500.0,3106100,2026-10-08
2025-11-20,46855.1015625,47270.0,48530.0,46310.0,47730.0,3290000,2026-10-08
2025-11-21,43544.41796875,43930.0,44630.0,43270.0,44430.0,3036800,2026-10-08
2025-11-25,42384.6875,42760.0,44680.0,42760.0,44630.0,2290400,2026-10-08
2025-11-26,43603.890625,43990.0,44420.0,43160.0,43340.0,2137500,2026-10-08
2025-11-27,43375.91015625,43760.0,44490.0,43510.0,44410.0,1717400,2026-10-08
2025-11-28,43346.171875,43730.0,44050.0,43270.0,43900.0,1245800,2026-10-08
2025-12-01,42077.40625,42450.0,44410.0,42370.0,44220.0,1743900,2026-10-08
2025-12-02,42136.8828125,42510.0,43820.0,42510.0,43110.0,1739200,2026-10-08
2025-12-03,44049.94140625,44440.0,44770.0,43200.0,43490.0,1971700,2026-10-08
2025-12-04,45060.98828125,45460.0,46470.0,44930.0,45130.0,2426900,2026-10-08
2025-12-05,45695.37109375,46100.0,46240.0,45240.0,45600.0,1992900,2026-10-08
2025-12-08,47043.43359375,47460.0,47890.0,45950.0,46050.0,2197300,2026-10-08
2025-12-09,49234.03515625,49670.0,50170.0,48030.0,48160.0,3274800,2026-10-08
2025-12-10,48133.78125,48560.0,51250.0,48150.0,49740.0,4166400,2026-10-08
2025-12-11,48897.01953125,49330.0,49900.0,48710.0,49030.0,2630600,2026-10-08
2025-12-12,48381.58203125,48810.0,49900.0,47550.0,49900.0,3071800,2026-10-08
2025-12-15,47281.328125,47700.0,48260.0,47130.0,47410.0,2423100,2026-10-08
2025-12-16,45913.44140625,46320.0,48390.0,46040.0,47820.0,2496400,2026-10-08
2025-12-17,45427.73828125,45830.0,46320.0,45200.0,45620.0,2040600,2026-10-08
2025-12-18,43792.22265625,44180.0,44880.0,44050.0,44430.0,1901800,2026-10-08
2025-12-19,44327.484375,44720.0,45180.0,44420.0,44740.0,1682200,2026-10-08
2025-12-22,46815.453125,47230.0,47350.0,46050.0,46390.0,1712900,2026-10-08
2025-12-23,46438.7890625,46850.0,47350.0,46490.0,47330.0,1371400,2026-10-08
2025-12-24,46874.9296875,47290.0,47470.0,46870.0,47290.0,1320200,2026-10-08
2025-12-25,47301.15234375,47720.0,48420.0,47300.0,47400.0,1718600,2026-10-08
2025-12-26,48441.05859375,48870.0,48970.0,47730.0,48000.0,1628100,2026-10-08
2025-12-29,47330.88671875,47750.0,49170.0,47520.0,49170.0,1609600,2026-10-08
2025-12-30,47747.19921875,48170.0,48330.0,47590.0,47700.0,1504200,2026-10-08
2026-01-05,50651.48828125,51100.0,51220.0,49330.0,49970.0,2463700,2026-10-08
2026-01-06,53724.27734375,54200.0,54200.0,51390.0,51540.0,3980600,2026-10-08
2026-01-07,55181.37109375,55670.0,56290.0,54460.0,54490.0,3667900,2026-10-08
2026-01-08,55102.078125,55590.0,57090.0,54400.0,54670.0,3805400,2026-10-08
2026-01-09,54517.25390625,55000.0,56240.0,53670.0,55540.0,3504000,2026-10-08
2026-01-13,56925.92578125,57430.0,57940.0,56240.0,57250.0,2706900,2026-10-08
2026-01-14,59473.3671875,60000.0,60160.0,58130.0,58230.0,3226500,2026-10-08
2026-01-15,58581.265625,59100.0,59550.0,57230.0,59300.0,2755100,2026-10-08
2026-01-16,60068.1015625,60600.0,60600.0,58700.0,60100.0,2907100,2026-10-08
2026-01-19,61872.125,62420.0,62650.0,59990.0,60630.0,2788200,2026-10-08
2026-01-20,59473.3671875,60000.0,62370.0,59920.0,62160.0,2620400,2026-10-08
2026-01-21,58055.921875,58570.0,60600.0,58130.0,58130.0,3334600,2026-10-08
2026-01-22,67968.1484375,68570.0,68570.0,63850.0,64000.0,3787800,2026-10-08
2026-01-23,67353.5859375,67950.0,70770.0,67520.0,69700.0,5630300,2026-10-08
2026-01-26,65916.3203125,66500.0,69400.0,66270.0,67170.0,3998000,2026-10-08
2026-01-27,68324.9921875,68930.0,69000.0,66660.0,67500.0,2974400,2026-10-08
2026-01-28,69861.3828125,70480.0,71300.0,68800.0,69620.0,3586000,2026-10-08
2026-01-29,66748.9453125,67340.0,72070.0,67010.0,71400.0,2947700,2026-10-08
2026-01-30,65609.03125,66190.0,67440.0,65340.0,66400.0,2118900,2026-10-08
2026-02-02,61753.1796875,62300.0,66070.0,62020.0,65190.0,2653200,2026-10-08
2026-02-03,66332.6328125,66920.0,67170.0,64900.0,65300.0,2399600,2026-10-08
2026-02-04,67541.921875,68140.0,68140.0,65370.0,65920.0,2449400,2026-10-08
2026-02-05,64597.9921875,65170.0,67290.0,64070.0,65400.0,2798200,2026-10-08
2026-02-06,65222.45703125,65800.0,67090.0,63510.0,63870.0,2687500,2026-10-08
2026-02-09,71596.0234375,72230.0,72650.0,69290.0,70470.0,3461800,2026-10-08
2026-02-10,74708.4609375,75370.0,76890.0,72790.0,72910.0,4085400,2026-10-08
2026-02-12,72190.7578125,72830.0,75940.0,72520.0,75370.0,2894600,2026-10-08
2026-02-13,72418.734375,73060.0,74100.0,72210.0,72310.0,2298500,2026-10-08
2026-02-16,71625.7578125,72260.0,73590.0,72050.0,73370.0,1358600,2026-10-08
2026-02-17,71090.5,71720.0,72930.0,70410.0,72200.0,1877400,2026-10-08
2026-02-18,71199.53125,71830.0,72550.0,70940.0,71300.0,1630800,2026-10-08
2026-02-19,73419.875,74070.0,75800.0,73520.0,74000.0,2337300,2026-10-08
2026-02-20,73409.9609375,74060.0,75070.0,72510.0,73020.0,1807900,2026-10-08
2026-02-24,74956.265625,75620.0,76480.0,73700.0,75000.0,2039300,2026-10-08
2026-02-25,79297.828125,80000.0,80280.0,77400.0,77800.0,2443900,2026-10-08
2026-02-26,78375.984375,79070.0,81000.0,76840.0,80940.0,2676500,2026-10-08
2026-02-27,74837.3203125,75500.0,76560.0,74110.0,76200.0,2525200,2026-10-08
2026-03-02,74252.5,74910.0,75850.0,73370.0,74000.0,1812800,2026-10-08
2026-03-03,72389.0,73030.0,75800.0,72650.0,75230.0,2178500,2026-10-08
2026-03-04,68354.7265625,68960.0,73920.0,67880.0,71650.0,3367500,2026-10-08
2026-03-05,71031.03125,71660.0,73400.0,70120.0,71730.0,2329300,2026-10-08
2026-03-06,72864.7890625,73510.0,73790.0,70300.0,70410.0,2601800,2026-10-08
2026-03-09,65916.3203125,66500.0,68100.0,64120.0,67540.0,3315700,2026-10-08
2026-03-10,69177.4375,69790.0,71800.0,68910.0,70000.0,2272100,2026-10-08
2026-03-11,71734.796875,72370.0,73780.0,70680.0,71570.0,2039500,2026-10-08
2026-03-12,70614.7109375,71240.0,72040.0,70240.0,71370.0,1708000,2026-10-08
2026-03-13,68999.015625,69610.0,69750.0,68550.0,68740.0,1833500,2026-10-08
2026-03-16,69306.3046875,69920.0,70390.0,68530.0,69920.0,1518300,2026-10-08
2026-03-17,66758.859375,67350.0,71170.0,67350.0,70920.0,2139500,2026-10-08
2026-03-18,70059.6328125,70680.0,70680.0,68660.0,68700.0,1726100,2026-10-08
2026-03-19,68969.28125,69580.0,70370.0,68650.0,69450.0,2255700,2026-10-08
2026-03-23,64726.84765625,65300.0,66240.0,63860.0,66110.0,2305300,2026-10-08
2026-03-24,64816.05859375,65390.0,68350.0,64430.0,68000.0,1966200,2026-10-08
2026-03-25,67383.328125,67980.0,68930.0,67010.0,67990.0,2198600,2026-10-08
2026-03-26,66897.625,67490.0,68270.0,67110.0,68180.0,1649000,2026-10-08
2026-03-27,65946.0546875,66530.0,66900.0,64820.0,66000.0,2167300,2026-10-08
2026-03-30,64048.0390625,64250.0,64650.0,62290.0,64490.0,2415900,2026-10-08
2026-03-31,61047.5,61240.0,63930.0,60440.0,61000.0,3078000,2026-10-08
2026-04-01,63479.83203125,63680.0,63680.0,61590.0,63240.0,2855500,2026-10-08
2026-04-02,63370.17578125,63570.0,66670.0,62500.0,65430.0,3599300,2026-10-08
2026-04-03,65443.63671875,65650.0,66100.0,64470.0,65150.0,1898500,2026-10-08
2026-04-06,66769.4609375,66980.0,67820.0,66060.0,66500.0,1952600,2026-10-08
2026-04-07,62662.40625,62860.0,66120.0,62860.0,66000.0,2961700,2026-10-08
2026-04-08,67237.9765625,67450.0,68270.0,66000.0,66000.0,3064700,2026-10-08
2026-04-09,64396.9375,64600.0,65870.0,64330.0,65500.0,2504700,2026-10-08
2026-04-10,66679.7421875,66890.0,67090.0,65530.0,65760.0,2150100,2026-10-08
2026-04-13,67158.234375,67370.0,67390.0,66200.0,66200.0,1526300,2026-10-08
2026-04-14,71404.84375,71630.0,72450.0,69970.0,70540.0,2425900,2026-10-08
2026-04-15,70358.140625,70580.0,72950.0,70170.0,72950.0,2433000,2026-10-08
2026-04-16,72800.4375,73030.0,73050.0,70640.0,71750.0,2319700,2026-10-08
2026-04-17,72670.8515625,72900.0,73530.0,72020.0,72550.0,1807100,2026-10-08
2026-04-20,72720.6875,72950.0,75320.0,71800.0,73400.0,2600200,2026-10-08
2026-04-21,74006.6328125,74240.0,74350.0,72000.0,72000.0,1848000,2026-10-08
2026-04-22,74594.78125,74830.0,75500.0,74180.0,74500.0,2794300,2026-10-08
2026-04-23,71773.6796875,72000.0,76350.0,71230.0,76330.0,4570700,2026-10-08
2026-04-24,71474.6171875,71700.0,74310.0,71090.0,73030.0,2782200,2026-10-08
2026-04-27,75791.0078125,76030.0,76250.0,72800.0,73000.0,3125800,2026-10-08
2026-04-28,76199.71875,76440.0,78150.0,73600.0,75100.0,2920700,2026-10-08
2026-04-30,73777.359375,74010.0,76060.0,72910.0,74540.0,2488500,2026-10-08
2026-05-01,72022.890625,72250.0,74460.0,72200.0,73860.0,1636400,2026-10-08
2026-05-07,76349.25,76590.0,77800.0,75800.0,76060.0,2502700,2026-10-08
2026-05-08,74764.25,75000.0,76340.0,74830.0,75840.0,1519200,2026-10-08
2026-05-11,73149.3359375,73380.0,76010.0,73100.0,74770.0,1577900,2026-10-08
2026-05-12,72571.1640625,72800.0,73730.0,71370.0,73650.0,1262500,2026-10-08
2026-05-13,72611.0390625,72840.0,73010.0,70330.0,71370.0,1272800,2026-10-08
2026-05-14,69779.9609375,70000.0,73990.0,70000.0,73500.0,1714400,2026-10-08
2026-05-15,64695.99609375,64900.0,71520.0,64300.0,71500.0,2544600,2026-10-08
2026-05-18,63300.39453125,63500.0,65450.0,62280.0,65400.0,2108200,2026-10-08
2026-05-19,61406.3671875,61600.0,63690.0,60650.0,63500.0,1517000,2026-10-08
2026-05-20,61147.1875,61340.0,62150.0,59650.0,61200.0,1743500,2026-10-08
2026-05-21,65443.63671875,65650.0,66660.0,63220.0,63600.0,2084200,2026-10-08
2026-05-22,65652.9765625,65860.0,66960.0,65090.0,66700.0,1537500,2026-10-08
2026-05-25,69560.65625,69780.0,70260.0,67180.0,67240.0,1374100,2026-10-08
2026-05-26,66699.6796875,66910.0,70670.0,66340.0,70670.0,1270500,2026-10-08
2026-05-27,67417.4140625,67630.0,70550.0,67340.0,68740.0,1531900,2026-10-08
2026-05-28,66141.4375,66350.0,67630.0,64800.0,66630.0,1452600,2026-10-08
2026-05-29,64885.3984375,65090.0,66520.0,63580.0,65690.0,2123100,2026-10-08
2026-06-01,63559.578125,63760.0,65090.0,63260.0,64090.0,1314400,2026-10-08
2026-06-02,63998.1953125,64200.0,64200.0,61530.0,63070.0,1625200,2026-10-08
2026-06-03,68494.015625,68710.0,69970.0,65130.0,65910.0,1693800,2026-10-08
2026-06-04,71983.015625,72210.0,72630.0,68080.0,68160.0,2278300,2026-10-08
2026-06-05,72351.8515625,72580.0,74440.0,70440.0,73160.0,2016700,2026-10-08
2026-06-08,67267.8828125,67480.0,68700.0,66440.0,66580.0,1918000,2026-10-08
2026-06-09,71295.1875,71520.0,72090.0,67750.0,69430.0,1774600,2026-10-08
2026-06-10,69839.7734375,70060.0,73590.0,69320.0,70020.0,1496600,2026-10-08
2026-06-11,69809.8671875,70030.0,70760.0,66440.0,68560.0,1639000,2026-10-08
2026-06-12,79648.84375,79900.0,80100.0,73310.0,73750.0,3648100,2026-10-08
2026-06-15,84982.03125,85250.0,86140.0,80450.0,82650.0,4361400,2026-10-08
2026-06-16,81293.65625,81550.0,85200.0,81210.0,84610.0,2029000,2026-10-08
2026-06-17,83436.8984375,83700.0,85390.0,80000.0,80050.0,2169600,2026-10-08
2026-06-18,84722.84375,84990.0,85550.0,82440.0,83500.0,1984800,2026-10-08
2026-06-19,84633.125,84900.0,89100.0,84800.0,87540.0,2064700,2026-10-08
2026-06-22,88201.875,88480.0,89250.0,85630.0,86030.0,1334300,2026-10-08
2026-06-23,82609.5078125,82870.0,91680.0,82870.0,90970.0,1904200,2026-10-08
2026-06-24,79489.3515625,79740.0,83400.0,77830.0,82120.0,1804400,2026-10-08
2026-06-25,85699.765625,85970.0,86880.0,83650.0,83940.0,1774600,2026-10-08
2026-06-26,78263.2109375,78510.0,84220.0,78180.0,82970.0,1648500,2026-10-08
2026-06-29,79299.9453125,79550.0,79590.0,75330.0,79590.0,1142500,2026-10-08
2026-06-30,81004.5703125,81260.0,83870.0,79810.0,81820.0,1308100,2026-10-08
2026-07-01,84254.3203125,84520.0,88580.0,83720.0,85340.0,1755600,2026-10-08
2026-07-02,76618.3984375,76860.0,80390.0,76770.0,78800.0,1368500,2026-10-08
2026-07-03,76349.25,76590.0,76910.0,72750.0,74000.0,1572400,2026-10-08
2026-07-06,77754.8203125,78000.0,78830.0,75230.0,78000.0,1409400,2026-10-08
2026-07-07,71673.9921875,71900.0,76900.0,71600.0,75600.0,1745600,2026-10-08
2026-07-08,68015.53125,68230.0,71710.0,68030.0,68900.0,1732600,2026-10-08
2026-07-09,71285.21875,71510.0,72340.0,69230.0,70140.0,1420100,2026-10-08
2026-07-10,72331.9140625,72560.0,73770.0,71620.0,72890.0,1346000,2026-10-08
2026-07-13,70647.2265625,70870.0,74930.0,70330.0,71710.0,1183300,2026-10-08
2026-07-14,71424.78125,71650.0,71710.0,68730.0,70030.0,1109100,2026-10-08
2026-07-15,73318.8046875,73550.0,74240.0,71480.0,72150.0,1136100,2026-10-08
2026-07-16,70368.109375,70590.0,71280.0,68280.0,71060.0,1463600,2026-10-08
2026-07-17,64576.37109375,64780.0,66590.0,62260.0,65680.0,1766400,2026-10-08
2026-07-21,66629.8984375,66840.0,67130.0,63000.0,64790.0,1686400,2026-10-08
2026-07-22,68374.3984375,68590.0,72050.0,67520.0,68840.0,2309800,2026-10-08
2026-07-23,69191.8203125,69410.0,72080.0,69260.0,70250.0,1869000,2026-10-08
2026-07-24,60698.6015625,60890.0,63020.0,59420.0,62800.0,4862000,2026-10-08
2026-07-27,62453.06640625,62650.0,63100.0,60110.0,61640.0,1849700,2026-10-08
2026-07-28,54727.4296875,54900.0,57300.0,54870.0,57000.0,2110800,2026-10-08
2026-07-29,51158.68359375,51320.0,56010.0,50200.0,54030.0,2650500,2026-10-08
2026-07-30,51706.953125,51870.0,53590.0,49400.0,50590.0,2480800,2026-10-08
2026-07-31,58296.17578125,58480.0,60990.0,57430.0,59870.0,4260400,2026-10-08
2026-08-03,60329.76171875,60520.0,61600.0,57840.0,58000.0,2512700,2026-10-08
2026-08-04,60698.6015625,60890.0,61560.0,58770.0,60580.0,1719000,2026-10-08
2026-08-05,63539.640625,63740.0,64480.0,62440.0,63890.0,1514500,2026-10-08
2026-08-06,61396.3984375,61590.0,63000.0,60700.0,61800.0,1569200,2026-10-08
2026-08-07,58256.30078125,58440.0,61700.0,57520.0,61490.0,1752700,2026-10-08
2026-08-10,62782.03125,62980.0,63230.0,60020.0,60020.0,1676600,2026-10-08
2026-08-12,62762.09375,62960.0,63230.0,61240.0,62200.0,1496600,2026-10-08
2026-08-13,65623.0703125,65830.0,67230.0,64960.0,65400.0,1621200,2026-10-08
2026-08-14,65264.203125,65470.0,68120.0,64730.0,68120.0,1247000,2026-10-08
2026-08-17,65702.8203125,65910.0,66010.0,64330.0,65310.0,833300,2026-10-08
2026-08-18,62154.01171875,62350.0,65820.0,61770.0,65820.0,1108800,2026-10-08
2026-08-19,59572.15234375,59760.0,61580.0,58620.0,59350.0,1468100,2026-10-08
2026-08-20,60130.390625,60320.0,60360.0,58900.0,59170.0,1220200,2026-10-08
2026-08-21,61167.12109375,61360.0,61360.0,59140.0,59320.0,1012100,2026-10-08
2026-08-24,61226.93359375,61420.0,62980.0,60280.0,62360.0,1056200,2026-10-08
2026-08-25,60509.19921875,60700.0,61000.0,58750.0,60120.0,1950100,2026-10-08
2026-08-26,60419.48046875,60610.0,60920.0,58150.0,59780.0,1587400,2026-10-08
2026-08-27,59592.08984375,59780.0,61880.0,58880.0,61500.0,1293800,2026-10-08
2026-08-28,59163.44140625,59350.0,61270.0,59230.0,60070.0,976900,2026-10-08
2026-08-31,57937.30859375,58120.0,58430.0,55900.0,56350.0,1654400,2026-10-08
2026-09-01,56412.1171875,56590.0,57160.0,55900.0,56560.0,1173700,2026-10-08
2026-09-02,54996.58203125,55170.0,55920.0,54310.0,54590.0,1475900,2026-10-08
2026-09-03,53870.1328125,54040.0,55040.0,53660.0,54620.0,1560000,2026-10-08
2026-09-04,54288.8125,54460.0,55100.0,53740.0,54000.0,1291800,2026-10-08
2026-09-07,56970.35546875,57150.0,57710.0,56310.0,56530.0,1135600,2026-10-08
2026-09-08,53720.60546875,53890.0,57270.0,53890.0,56720.0,1419500,2026-10-08
2026-09-09,53421.546875,53590.0,56010.0,53160.0,54650.0,1491800,2026-10-08
2026-09-10,53411.578125,53580.0,54590.0,52930.0,53420.0,1624800,2026-10-08
2026-09-11,51816.609375,51980.0,52150.0,50650.0,51580.0,1430800,2026-10-08
2026-09-14,51268.3359375,51430.0,51910.0,49620.0,50200.0,1177200,2026-10-08
2026-09-15,51238.4296875,51400.0,51880.0,50150.0,50160.0,992600,2026-10-08
2026-09-16,50839.6875,51000.0,51300.0,49780.0,50750.0,1348900,2026-10-08
2026-09-17,50430.9765625,50590.0,51800.0,49800.0,51760.0,1400300,2026-10-08
2026-09-18,52255.22265625,52420.0,52560.0,51330.0,52100.0,1444700,2026-10-08
2026-09-24,53152.39453125,53320.0,54000.0,52450.0,54000.0,1380500,2026-10-08
2026-09-25,54049.56640625,54220.0,54860.0,53430.0,53430.0,1120200,2026-10-08
2026-09-28,54229.0,54400.0,56700.0,54380.0,56390.0,1422500,2026-10-08
2026-09-29,56680.0,56680.0,56750.0,55310.0,56000.0,2123100,2026-10-08
2026-09-30,57450.0,57450.0,58630.0,56780.0,58340.0,2047000,2026-10-08
2026-10-01,60440.0,60440.0,60550.0,58620.0,59220.0,1867100,2026-10-08
2026-10-02,60290.0,60290.0,61100.0,59630.0,60000.0,1582400,2026-10-08
2026-10-05,63730.0,63730.0,64080.0,61840.0,62290.0,2180200,2026-10-08
2026-10-06,65500.0,65500.0,65500.0,62730.0,63080.0,1796000,2026-10-08
2026-10-07,61380.0,61380.0,64240.0,60320.0,64200.0,3290900,2026-10-08
2026-10-08,61140.0,61140.0,62480.0,61000.0,61000.0,1871900,2026-10-08
