Date,Adj Close,Close,High,Low,Open,Volume,DataCollectedAt
1995-03-15,1.7597577571868896,2.739448070526123,2.7851059436798096,2.37418794631958,2.4350650310516357,71337728,2026-09-25
1995-03-16,1.935733437538147,3.013392925262451,3.104707956314087,2.8916399478912354,3.013392925262451,17607744,2026-09-25
1995-03-17,1.86729896068573,2.9068589210510254,3.028611898422241,2.8916399478912354,3.028611898422241,13216075,2026-09-25
1995-03-20,1.857521891593933,2.8916399478912354,2.9068589210510254,2.830763101577759,2.8916399478912354,5498827,2026-09-25
1995-03-21,1.9455108642578125,3.028611898422241,3.0590500831604004,2.861201047897339,2.8916399478912354,6312768,2026-09-25
1995-03-22,2.180145263671875,3.393872022628784,3.622159004211426,3.0438311100006104,3.0438311100006104,14026731,2026-09-25
1995-03-23,2.1312625408172607,3.3177759647369385,3.4547479152679443,3.3025569915771484,3.3634328842163086,6550955,2026-09-25
1995-03-24,2.141038417816162,3.3329949378967285,3.3634328842163086,3.2721190452575684,3.3482139110565186,1577781,2026-09-25
1995-03-27,2.170368194580078,3.378653049468994,3.378653049468994,3.2721190452575684,3.3177759647369385,1945739,2026-09-25
1995-03-28,2.238802909851074,3.48518705368042,3.622159004211426,3.378653049468994,3.393872022628784,10769323,2026-09-25
1995-03-29,2.248579263687134,3.50040602684021,3.6069400310516357,3.4395289421081543,3.53084397315979,3939936,2026-09-25
1995-03-30,2.121485710144043,3.3025569915771484,3.46996808052063,3.2112419605255127,3.46996808052063,2329301,2026-09-25
1995-03-31,2.199697971343994,3.4243099689483643,3.4243099689483643,3.2112419605255127,3.256899118423462,3544875,2026-09-25
1995-04-03,2.1508147716522217,3.3482139110565186,3.409090995788574,3.3025569915771484,3.409090995788574,2472213,2026-09-25
1995-04-04,2.023721218109131,3.150365114212036,3.3482139110565186,3.119926929473877,3.3329949378967285,2035264,2026-09-25
1995-04-05,1.974839210510254,3.0742690563201904,3.150365114212036,3.0438311100006104,3.150365114212036,3745280,2026-09-25
1995-04-06,1.974839210510254,3.0742690563201904,3.150365114212036,3.0742690563201904,3.104707956314087,2031979,2026-09-25
1995-04-07,1.974839210510254,3.0742690563201904,3.119926929473877,3.028611898422241,3.0742690563201904,1200789,2026-09-25
1995-04-10,2.072603702545166,3.2264609336853027,3.2873380184173584,3.028611898422241,3.0742690563201904,2306304,2026-09-25
1995-04-11,2.072603702545166,3.2264609336853027,3.2721190452575684,3.1960229873657227,3.2264609336853027,1878389,2026-09-25
1995-04-12,2.1117095947265625,3.2873380184173584,3.3101658821105957,3.2416799068450928,3.2416799068450928,3177739,2026-09-25
1995-04-13,2.072603702545166,3.2264609336853027,3.3177759647369385,3.1960229873657227,3.3177759647369385,602037,2026-09-25
1995-04-17,2.0041682720184326,3.119926929473877,3.256899118423462,3.119926929473877,3.1960229873657227,770411,2026-09-25
1995-04-18,1.9650627374649048,3.0590500831604004,3.165584087371826,3.028611898422241,3.119926929473877,1040629,2026-09-25
1995-04-19,1.9455108642578125,3.028611898422241,3.089488983154297,3.028611898422241,3.0590500831604004,1360128,2026-09-25
1995-04-20,1.9455108642578125,3.028611898422241,3.089488983154297,3.028611898422241,3.0438311100006104,1312491,2026-09-25
1995-04-21,1.9846159219741821,3.089488983154297,3.089488983154297,3.0742690563201904,3.0742690563201904,502656,2026-09-25
1995-04-24,2.229027032852173,3.46996808052063,3.50040602684021,3.089488983154297,3.089488983154297,4398240,2026-09-25
1995-04-25,2.141038417816162,3.3329949378967285,3.4547479152679443,3.3329949378967285,3.4243099689483643,983957,2026-09-25
1995-04-26,2.219250202178955,3.4547479152679443,3.48518705368042,3.3329949378967285,3.3329949378967285,2085365,2026-09-25
1995-04-27,2.229027032852173,3.46996808052063,3.50040602684021,3.4243099689483643,3.4395289421081543,1733013,2026-09-25
1995-04-28,2.141038417816162,3.3329949378967285,3.4547479152679443,3.2873380184173584,3.4547479152679443,817227,2026-09-25
1995-05-01,2.1312625408172607,3.3177759647369385,3.3634328842163086,3.3025569915771484,3.3634328842163086,820512,2026-09-25
1995-05-02,2.141038417816162,3.3329949378967285,3.3634328842163086,3.3025569915771484,3.3634328842163086,272683,2026-09-25
1995-05-03,2.199697971343994,3.4243099689483643,3.4395289421081543,3.3025569915771484,3.3025569915771484,1546571,2026-09-25
1995-05-04,2.336566686630249,3.637377977371216,3.774350881576538,3.4395289421081543,3.4395289421081543,6742325,2026-09-25
1995-05-05,2.365896701812744,3.6830360889434814,3.7591309547424316,3.637377977371216,3.637377977371216,1885781,2026-09-25
1995-05-08,2.4050023555755615,3.7439119815826416,3.7895700931549072,3.652596950531006,3.6678171157836914,1213109,2026-09-25
1995-05-09,2.336566686630249,3.637377977371216,3.7439119815826416,3.6069400310516357,3.7439119815826416,2055797,2026-09-25
1995-05-10,2.2583558559417725,3.515625,3.5917210578918457,3.50040602684021,3.5917210578918457,3379787,2026-09-25
1995-05-11,2.2094738483428955,3.4395289421081543,3.54606294631958,3.4395289421081543,3.54606294631958,749877,2026-09-25
1995-05-12,2.336566686630249,3.637377977371216,3.7134740352630615,3.4395289421081543,3.4395289421081543,1915349,2026-09-25
1995-05-15,2.4050023555755615,3.7439119815826416,3.774350881576538,3.652596950531006,3.6830360889434814,1425835,2026-09-25
1995-05-16,2.4050023555755615,3.7439119815826416,3.7591309547424316,3.7134740352630615,3.7286930084228516,536331,2026-09-25
1995-05-17,2.6494133472442627,4.124391078948975,4.17004919052124,3.865665912628174,3.911323070526123,5533323,2026-09-25
1995-05-18,2.7276244163513184,4.246143817901611,4.367897987365723,4.154829978942871,4.261363983154297,2813888,2026-09-25
1995-05-19,2.6396372318267822,4.1091718673706055,4.20048713684082,4.0939531326293945,4.0939531326293945,1774080,2026-09-25
1995-05-22,2.6005311012268066,4.048295021057129,4.17004919052124,3.9874188899993896,4.1396098136901855,607787,2026-09-25
1995-05-23,2.6982953548431396,4.20048713684082,4.20048713684082,3.9721999168395996,4.0635151863098145,2675083,2026-09-25
1995-05-24,2.7765069007873535,4.322239875793457,4.428773880004883,4.276583194732666,4.291801929473877,5276245,2026-09-25
1995-05-25,2.6885182857513428,4.185267925262451,4.413555145263672,4.185267925262451,4.398335933685303,1796256,2026-09-25
1995-05-26,2.668966054916382,4.154829978942871,4.2309250831604,4.154829978942871,4.20048713684082,509227,2026-09-25
1995-05-30,2.5675361156463623,3.9969310760498047,4.246143817901611,3.9721999168395996,4.185267925262451,1418443,2026-09-25
1995-05-31,2.522319793701172,3.926542043685913,3.9874188899993896,3.8200080394744873,3.926542043685913,2255381,2026-09-25
1995-06-01,2.5565366744995117,3.979809045791626,3.979809045791626,3.896104097366333,3.941761016845703,292395,2026-09-25
1995-06-02,2.6005311012268066,4.048295021057129,4.078733921051025,3.880884885787964,3.911323070526123,1369163,2026-09-25
1995-06-05,2.6298604011535645,4.0939531326293945,4.1091718673706055,4.048295021057129,4.0635151863098145,768768,2026-09-25
1995-06-06,2.571202039718628,4.00263786315918,4.078733921051025,4.00263786315918,4.048295021057129,487051,2026-09-25
1995-06-07,2.5907537937164307,4.03307580947876,4.0939531326293945,4.00263786315918,4.0635151863098145,560149,2026-09-25
1995-06-08,2.6103081703186035,4.0635151863098145,4.1091718673706055,4.0635151863098145,4.078733921051025,251328,2026-09-25
1995-06-09,2.6396372318267822,4.1091718673706055,4.154829978942871,4.0635151863098145,4.1091718673706055,177408,2026-09-25
1995-06-12,2.6298604011535645,4.0939531326293945,4.124391078948975,4.0939531326293945,4.1091718673706055,154411,2026-09-25
1995-06-13,2.6396372318267822,4.1091718673706055,4.154829978942871,4.0939531326293945,4.1396098136901855,285003,2026-09-25
1995-06-14,2.6005311012268066,4.048295021057129,4.0939531326293945,4.048295021057129,4.0939531326293945,523189,2026-09-25
1995-06-15,2.6103081703186035,4.0635151863098145,4.154829978942871,4.017857074737549,4.048295021057129,925643,2026-09-25
1995-06-16,2.6103081703186035,4.0635151863098145,4.1091718673706055,4.0635151863098145,4.1091718673706055,175765,2026-09-25
1995-06-19,2.6396372318267822,4.1091718673706055,4.124391078948975,4.0635151863098145,4.0635151863098145,1864427,2026-09-25
1995-06-20,2.6494133472442627,4.124391078948975,4.1396098136901855,4.078733921051025,4.1091718673706055,4287360,2026-09-25
1995-06-21,2.6298604011535645,4.0939531326293945,4.17004919052124,4.0939531326293945,4.17004919052124,1582709,2026-09-25
1995-06-22,2.5907537937164307,4.03307580947876,4.124391078948975,4.017857074737549,4.078733921051025,534688,2026-09-25
1995-06-23,2.5907537937164307,4.03307580947876,4.0635151863098145,3.941761016845703,4.017857074737549,2169141,2026-09-25
1995-06-26,2.659189462661743,4.1396098136901855,4.20048713684082,4.0635151863098145,4.0939531326293945,1710016,2026-09-25
1995-06-27,2.6103081703186035,4.0635151863098145,4.17004919052124,4.048295021057129,4.1396098136901855,758091,2026-09-25
1995-06-28,2.571202039718628,4.00263786315918,4.03307580947876,3.9874188899993896,4.017857074737549,358923,2026-09-25
1995-06-29,2.7471776008605957,4.276583194732666,4.322239875793457,4.03307580947876,4.03307580947876,882112,2026-09-25
1995-06-30,2.8058362007141113,4.367897987365723,4.520089149475098,4.261363983154297,4.261363983154297,1806933,2026-09-25
1995-07-03,2.8938241004943848,4.5048699378967285,4.5048699378967285,4.459212779998779,4.5048699378967285,212725,2026-09-25
1995-07-05,3.0209174156188965,4.702719211578369,4.778814792633057,4.65706205368042,4.6875,2205280,2026-09-25
1995-07-06,3.0209174156188965,4.702719211578369,4.931005954742432,4.626623153686523,4.824471950531006,1107979,2026-09-25
1995-07-07,3.0991287231445312,4.824471950531006,4.900568008422852,4.778814792633057,4.778814792633057,744128,2026-09-25
1995-07-10,3.1675631999969482,4.931005954742432,4.946226119995117,4.8701300621032715,4.8701300621032715,487872,2026-09-25
1995-07-11,3.10890531539917,4.839692115783691,4.915787220001221,4.8320817947387695,4.915787220001221,1273067,2026-09-25
1995-07-12,3.2653279304504395,5.083198070526123,5.113636016845703,4.854910850524902,4.854910850524902,2828672,2026-09-25
1995-07-13,3.7639265060424805,5.859375,6.087662220001221,5.159294128417969,5.159294128417969,10247776,2026-09-25
1995-07-14,3.6270577907562256,5.646306991577148,5.722403049468994,5.250608921051025,5.433238983154297,6320981,2026-09-25
1995-07-17,3.646609306335449,5.6767449378967285,5.737621784210205,5.631087779998779,5.631087779998779,4528832,2026-09-25
1995-07-18,3.5292913913726807,5.494114875793457,5.752840995788574,5.478896141052246,5.722403049468994,2629909,2026-09-25
1995-07-19,3.499962568283081,5.448458194732666,5.448458194732666,4.809253215789795,5.3114848136901855,2351477,2026-09-25
1995-07-20,3.7932560443878174,5.905032157897949,5.935471057891846,5.37236213684082,5.418018817901611,1821717,2026-09-25
1995-07-21,3.8812427520751953,6.0420050621032715,6.224635124206543,5.631087779998779,5.813717842102051,1379840,2026-09-25
1995-07-24,4.018113136291504,6.255073070526123,6.37682580947876,6.026785850524902,6.026785850524902,802443,2026-09-25
1995-07-25,4.21364164352417,6.559455871582031,6.605113983154297,6.300731182098389,6.4072651863098145,5065984,2026-09-25
1995-07-26,4.223418235778809,6.5746750831604,6.635551929473877,6.51379919052124,6.51379919052124,2552704,2026-09-25
1995-07-27,4.35051155090332,6.772523880004883,6.894278049468994,6.331169128417969,6.5746750831604,2496032,2026-09-25
1995-07-28,4.370065212249756,6.802962779998779,6.863839149475098,6.529017925262451,6.650771141052246,1667307,2026-09-25
1995-07-31,4.379841327667236,6.818181991577148,7.168221950531006,6.772523880004883,7.107346057891846,1921099,2026-09-25
1995-08-01,4.1207661628723145,6.414874076843262,6.879057884216309,6.4072651863098145,6.879057884216309,1020096,2026-09-25
1995-08-02,3.959453821182251,6.163757801055908,6.54423713684082,6.163757801055908,6.54423713684082,918251,2026-09-25
1995-08-03,3.871466875076294,6.026785850524902,6.1941962242126465,6.011567115783691,6.133319854736328,1378197,2026-09-25
1995-08-04,3.6368329524993896,5.661526203155518,6.148539066314697,5.661526203155518,6.057223796844482,2884523,2026-09-25
1995-08-07,3.7737019062042236,5.874594211578369,5.996346950531006,5.722403049468994,5.722403049468994,1553141,2026-09-25
1995-08-08,3.851914405822754,5.996346950531006,6.1599531173706055,5.874594211578369,6.148539066314697,1120299,2026-09-25
1995-08-09,3.7737019062042236,5.874594211578369,6.026785850524902,5.874594211578369,6.026785850524902,440235,2026-09-25
1995-08-10,3.6661622524261475,5.707182884216309,5.924056053161621,5.691964149475098,5.924056053161621,246400,2026-09-25
1995-08-11,3.724820137023926,5.798498153686523,5.996346950531006,5.798498153686523,5.813717842102051,616000,2026-09-25
1995-08-14,3.8812427520751953,6.0420050621032715,6.0420050621032715,5.798498153686523,5.844155788421631,1707552,2026-09-25
1995-08-15,3.871466875076294,6.026785850524902,6.118101119995117,5.935471057891846,6.087662220001221,1546571,2026-09-25
1995-08-16,4.106101989746094,6.392045021057129,6.498579978942871,6.148539066314697,6.255073070526123,968352,2026-09-25
1995-08-17,4.096323490142822,6.37682580947876,6.4833598136901855,6.361607074737549,6.361607074737549,1195861,2026-09-25
1995-08-18,4.086548328399658,6.361607074737549,6.4529218673706055,6.361607074737549,6.4529218673706055,36960,2026-09-25
1995-08-21,3.744373083114624,5.82893705368042,6.34638786315918,5.82893705368042,6.331169128417969,489515,2026-09-25
1995-08-22,3.812809467315674,5.935471057891846,5.935471057891846,5.6767449378967285,5.844155788421631,1167115,2026-09-25
1995-08-23,3.8812427520751953,6.0420050621032715,6.178977012634277,5.905032157897949,6.011567115783691,974101,2026-09-25
1995-08-24,3.812809467315674,5.935471057891846,6.0420050621032715,5.868886947631836,6.0420050621032715,228331,2026-09-25
1995-08-25,3.832359552383423,5.965909004211426,6.0420050621032715,5.935471057891846,6.0420050621032715,1357664,2026-09-25
1995-08-28,3.7737019062042236,5.874594211578369,6.057223796844482,5.874594211578369,5.935471057891846,854187,2026-09-25
1995-08-29,3.675938606262207,5.722403049468994,5.950689792633057,5.539772987365723,5.859375,1954773,2026-09-25
1995-08-30,3.6563854217529297,5.691964149475098,5.874594211578369,5.6767449378967285,5.783278942108154,757269,2026-09-25
1995-08-31,3.6857144832611084,5.737621784210205,5.798498153686523,5.691964149475098,5.722403049468994,514976,2026-09-25
1995-09-01,3.7932560443878174,5.905032157897949,5.950689792633057,5.813717842102051,5.813717842102051,258720,2026-09-25
1995-09-05,4.037665843963623,6.285511016845703,6.285511016845703,5.935471057891846,5.935471057891846,559328,2026-09-25
1995-09-06,4.047443389892578,6.300731182098389,6.4072651863098145,6.209415912628174,6.34638786315918,1126869,2026-09-25
1995-09-07,4.037665843963623,6.285511016845703,6.37682580947876,6.239853858947754,6.300731182098389,477195,2026-09-25
1995-09-08,4.027889728546143,6.270291805267334,6.34638786315918,6.209415912628174,6.239853858947754,40245,2026-09-25
1995-09-11,4.223418235778809,6.5746750831604,6.6964287757873535,6.209415912628174,6.209415912628174,618464,2026-09-25
1995-09-12,4.106101989746094,6.392045021057129,6.802962779998779,6.331169128417969,6.665989875793457,397525,2026-09-25
1995-09-13,4.057219982147217,6.3159499168396,6.468141078948975,6.3159499168396,6.37682580947876,671851,2026-09-25
1995-09-14,4.027889728546143,6.270291805267334,6.3159499168396,6.1941962242126465,6.3159499168396,179872,2026-09-25
1995-09-15,3.851914405822754,5.996346950531006,6.178977012634277,5.920251846313477,6.178977012634277,654603,2026-09-25
1995-09-18,3.7834787368774414,5.88981294631958,6.057223796844482,5.783278942108154,5.920251846313477,1117013,2026-09-25
1995-09-19,3.851914405822754,5.996346950531006,6.0420050621032715,5.88981294631958,5.88981294631958,5069269,2026-09-25
1995-09-20,3.891021728515625,6.057223796844482,6.178977012634277,6.057223796844482,6.148539066314697,418880,2026-09-25
1995-09-21,3.8421382904052734,5.981128215789795,6.102880954742432,5.965909004211426,6.011567115783691,992171,2026-09-25
1995-09-22,3.4608566761016846,5.387580871582031,6.0020551681518555,5.37236213684082,5.965909004211426,632427,2026-09-25
1995-09-25,3.5781731605529785,5.570210933685303,5.691964149475098,5.5245537757873535,5.570210933685303,593003,2026-09-25
1995-09-26,3.602616310119629,5.608259201049805,5.783278942108154,5.600648880004883,5.783278942108154,867328,2026-09-25
1995-09-27,3.3435399532318115,5.20495080947876,5.615869045257568,4.65706205368042,5.539772987365723,1974485,2026-09-25
1995-09-28,3.4315285682678223,5.34192419052124,5.448458194732666,5.220170021057129,5.220170021057129,1023381,2026-09-25
1995-09-29,3.4315285682678223,5.34192419052124,5.722403049468994,5.34192419052124,5.600648880004883,932213,2026-09-25
1995-10-02,3.10890531539917,4.839692115783691,5.448458194732666,4.778814792633057,5.387580871582031,514155,2026-09-25
1995-10-03,3.1675631999969482,4.931005954742432,4.993785858154297,4.854910850524902,4.854910850524902,2758037,2026-09-25
1995-10-04,3.1382346153259277,4.885348796844482,4.991882801055908,4.885348796844482,4.900568008422852,151947,2026-09-25
1995-10-05,3.1284587383270264,4.8701300621032715,4.976664066314697,4.839692115783691,4.946226119995117,254613,2026-09-25
1995-10-06,3.1871166229248047,4.961444854736328,5.098416805267334,4.961444854736328,4.961444854736328,1471008,2026-09-25
1995-10-09,3.1186816692352295,4.854910850524902,4.961444854736328,4.854910850524902,4.961444854736328,128128,2026-09-25
1995-10-10,3.060023307800293,4.763596057891846,4.8701300621032715,4.5048699378967285,4.8701300621032715,560149,2026-09-25
1995-10-11,3.1871166229248047,4.961444854736328,5.159294128417969,4.854910850524902,4.854910850524902,510048,2026-09-25
1995-10-12,3.323986768722534,5.17451286315918,5.17451286315918,5.083198070526123,5.083198070526123,320320,2026-09-25
1995-10-13,3.2848808765411377,5.113636016845703,5.220170021057129,5.113636016845703,5.20495080947876,1835680,2026-09-25
1995-10-16,3.2262215614318848,5.0223212242126465,5.20495080947876,4.991882801055908,5.20495080947876,2468107,2026-09-25
1995-10-17,3.5097389221191406,5.463676929473877,5.463676929473877,5.17451286315918,5.2658281326293945,840224,2026-09-25
1995-10-18,3.851914405822754,5.996346950531006,6.057223796844482,5.82893705368042,5.844155788421631,3057003,2026-09-25
1995-10-19,3.548844814300537,5.5245537757873535,5.981128215789795,5.5245537757873535,5.88981294631958,1162187,2026-09-25
1995-10-20,3.6270577907562256,5.646306991577148,5.737621784210205,5.509334087371826,5.539772987365723,1321525,2026-09-25
1995-10-23,3.803032636642456,5.920251846313477,5.920251846313477,5.646306991577148,5.646306991577148,1355200,2026-09-25
1995-10-24,3.930126428604126,6.118101119995117,6.331169128417969,5.935471057891846,5.965909004211426,982315,2026-09-25
1995-10-25,3.851914405822754,5.996346950531006,6.178977012634277,5.950689792633057,6.178977012634277,404096,2026-09-25
1995-10-26,3.7541491985321045,5.844155788421631,5.905032157897949,5.752840995788574,5.905032157897949,320320,2026-09-25
1995-10-27,3.71504282951355,5.783278942108154,5.859375,5.722403049468994,5.722403049468994,327712,2026-09-25
1995-10-30,3.822585344314575,5.950689792633057,5.950689792633057,5.813717842102051,5.844155788421631,586432,2026-09-25
1995-10-31,3.8812427520751953,6.0420050621032715,6.0420050621032715,5.905032157897949,5.965909004211426,1335488,2026-09-25
1995-11-01,3.8616912364959717,6.011567115783691,6.0420050621032715,5.88981294631958,6.0420050621032715,290752,2026-09-25
1995-11-02,3.832359552383423,5.965909004211426,5.996346950531006,5.88981294631958,5.905032157897949,1509611,2026-09-25
1995-11-03,3.851914405822754,5.996346950531006,6.072443008422852,5.88981294631958,5.935471057891846,941248,2026-09-25
1995-11-06,3.8812427520751953,6.0420050621032715,6.0420050621032715,5.965909004211426,5.965909004211426,1842251,2026-09-25
1995-11-07,3.6368329524993896,5.661526203155518,5.905032157897949,5.661526203155518,5.82893705368042,463232,2026-09-25
1995-11-08,3.6368329524993896,5.661526203155518,5.82893705368042,5.661526203155518,5.82893705368042,157696,2026-09-25
1995-11-09,3.724820137023926,5.798498153686523,5.935471057891846,5.798498153686523,5.844155788421631,372064,2026-09-25
1995-11-10,3.71504282951355,5.783278942108154,5.874594211578369,5.783278942108154,5.813717842102051,41888,2026-09-25
1995-11-13,3.5292913913726807,5.494114875793457,5.707182884216309,5.494114875793457,5.707182884216309,304715,2026-09-25
1995-11-14,3.411975145339966,5.3114848136901855,5.37236213684082,5.2353901863098145,5.296266078948975,1048843,2026-09-25
1995-11-15,3.382645845413208,5.2658281326293945,5.357142925262451,5.2658281326293945,5.326704978942871,69813,2026-09-25
1995-11-16,3.5390689373016357,5.509334087371826,5.600648880004883,5.296266078948975,5.296266078948975,284181,2026-09-25
1995-11-17,3.558621406555176,5.539772987365723,5.661526203155518,5.478896141052246,5.478896141052246,722773,2026-09-25
1995-11-20,3.4645237922668457,5.3932881355285645,5.691964149475098,5.3114848136901855,5.554992198944092,729344,2026-09-25
1995-11-21,3.353315830230713,5.220170021057129,5.433238983154297,5.083198070526123,5.3114848136901855,436128,2026-09-25
1995-11-22,3.3630928993225098,5.2353901863098145,5.250608921051025,5.189732074737549,5.250608921051025,117451,2026-09-25
1995-11-24,3.40097713470459,5.294363975524902,5.294363975524902,5.250608921051025,5.250608921051025,119915,2026-09-25
1995-11-27,3.40219783782959,5.296266078948975,5.4028000831604,5.250608921051025,5.4028000831604,1149045,2026-09-25
1995-11-28,3.353315830230713,5.220170021057129,5.2353901863098145,5.17451286315918,5.2353901863098145,214368,2026-09-25
1995-11-29,3.40219783782959,5.296266078948975,5.433238983154297,5.296266078948975,5.296266078948975,608608,2026-09-25
1995-11-30,3.2946581840515137,5.128856182098389,5.37236213684082,5.113636016845703,5.37236213684082,283360,2026-09-25
1995-12-01,3.2848808765411377,5.113636016845703,5.17451286315918,5.113636016845703,5.151683807373047,720309,2026-09-25
1995-12-04,3.0697999000549316,4.778814792633057,5.026125907897949,4.65706205368042,5.026125907897949,2087008,2026-09-25
1995-12-05,3.1968929767608643,4.976664066314697,4.997590065002441,4.8701300621032715,4.931005954742432,1574496,2026-09-25
1995-12-06,3.148010730743408,4.900568008422852,5.387580871582031,4.8701300621032715,5.20495080947876,3058645,2026-09-25
1995-12-07,3.011140823364258,4.6875,4.8701300621032715,4.565746784210205,4.8701300621032715,596288,2026-09-25
1995-12-08,3.0697999000549316,4.778814792633057,4.900568008422852,4.748376846313477,4.778814792633057,1390517,2026-09-25
1995-12-11,3.1284587383270264,4.8701300621032715,4.885348796844482,4.748376846313477,4.854910850524902,1672235,2026-09-25
1995-12-12,3.10890531539917,4.839692115783691,4.915787220001221,4.778814792633057,4.915787220001221,680064,2026-09-25
1995-12-13,3.0502471923828125,4.748376846313477,4.925299167633057,4.748376846313477,4.854910850524902,779445,2026-09-25
1995-12-14,3.079576015472412,4.794034004211426,4.839692115783691,4.733157157897949,4.778814792633057,41888,2026-09-25
1995-12-15,3.0502471923828125,4.748376846313477,4.839692115783691,4.626623153686523,4.839692115783691,2289056,2026-09-25
1995-12-18,2.7178473472595215,4.2309250831604,4.778814792633057,4.17004919052124,4.778814792633057,1112085,2026-09-25
1995-12-19,2.7276244163513184,4.246143817901611,4.276583194732666,4.154829978942871,4.17004919052124,3483275,2026-09-25
1995-12-20,2.756953477859497,4.291801929473877,4.383117198944092,4.246143817901611,4.383117198944092,1729728,2026-09-25
1995-12-21,2.6982953548431396,4.20048713684082,4.291801929473877,4.17004919052124,4.261363983154297,1361771,2026-09-25
1995-12-22,2.7276244163513184,4.246143817901611,4.367897987365723,4.185267925262451,4.255655765533447,930571,2026-09-25
1995-12-26,2.6885182857513428,4.185267925262451,4.291801929473877,4.185267925262451,4.185267925262451,467339,2026-09-25
1995-12-27,2.703183650970459,4.208096981048584,4.261363983154297,4.17004919052124,4.261363983154297,506763,2026-09-25
1995-12-28,2.620083808898926,4.078733921051025,4.20048713684082,4.017857074737549,4.158634185791016,973280,2026-09-25
1995-12-29,2.6005311012268066,4.048295021057129,4.1091718673706055,4.048295021057129,4.048295021057129,172480,2026-09-25
1996-01-02,2.6885182857513428,4.185267925262451,4.185267925262451,4.078733921051025,4.1091718673706055,2356405,2026-09-25
1996-01-03,2.7471776008605957,4.276583194732666,4.367897987365723,4.17004919052124,4.3526787757873535,9935669,2026-09-25
1996-01-04,2.9231531620025635,4.550528049468994,4.611403942108154,4.413555145263672,4.413555145263672,2777749,2026-09-25
1996-01-05,3.2262215614318848,5.0223212242126465,5.113636016845703,4.824471950531006,4.8701300621032715,2735040,2026-09-25
1996-01-08,3.3337621688842773,5.189732074737549,5.478896141052246,5.189732074737549,5.478896141052246,1065269,2026-09-25
1996-01-09,3.0893523693084717,4.809253215789795,5.2658281326293945,4.809253215789795,5.2353901863098145,2120683,2026-09-25
1996-01-10,3.011140823364258,4.6875,4.839692115783691,4.580965995788574,4.839692115783691,896896,2026-09-25
1996-01-11,3.2262215614318848,5.0223212242126465,5.067978858947754,4.946226119995117,5.014711856842041,1434048,2026-09-25
1996-01-12,3.2848808765411377,5.113636016845703,5.17451286315918,4.961444854736328,5.083198070526123,616000,2026-09-25
1996-01-15,3.1773407459259033,4.946226119995117,5.2353901863098145,4.946226119995117,5.189732074737549,601216,2026-09-25
1996-01-16,3.1968929767608643,4.976664066314697,5.113636016845703,4.915787220001221,5.113636016845703,763840,2026-09-25
1996-01-17,3.2457756996154785,5.052760124206543,5.17451286315918,4.809253215789795,4.900568008422852,425451,2026-09-25
1996-01-18,3.206669807434082,4.991882801055908,5.083198070526123,4.915787220001221,5.083198070526123,901824,2026-09-25
1996-01-19,3.4413039684295654,5.357142925262451,5.357142925262451,4.991882801055908,5.067978858947754,785195,2026-09-25
1996-01-22,3.304434061050415,5.1440749168396,5.2658281326293945,5.075588226318359,5.2658281326293945,568363,2026-09-25
1996-01-23,3.304434061050415,5.1440749168396,5.2353901863098145,5.1440749168396,5.151683807373047,635712,2026-09-25
1996-01-24,3.40219783782959,5.296266078948975,5.3114848136901855,5.220170021057129,5.220170021057129,582325,2026-09-25
1996-01-25,3.3435399532318115,5.20495080947876,5.600648880004883,5.20495080947876,5.34192419052124,1142475,2026-09-25
1996-01-26,3.4315285682678223,5.34192419052124,5.418018817901611,5.2810468673706055,5.357142925262451,652139,2026-09-25
1996-01-29,3.5097389221191406,5.463676929473877,5.539772987365723,5.418018817901611,5.509334087371826,1372448,2026-09-25
1996-01-30,3.4608566761016846,5.387580871582031,5.509334087371826,5.357142925262451,5.448458194732666,977387,2026-09-25
1996-01-31,3.499962568283081,5.448458194732666,5.448458194732666,5.34192419052124,5.418018817901611,314571,2026-09-25
1996-02-01,3.6172797679901123,5.631087779998779,5.646306991577148,5.2353901863098145,5.418018817901611,1300992,2026-09-25
1996-02-02,3.6172797679901123,5.631087779998779,5.631087779998779,5.509334087371826,5.509334087371826,631605,2026-09-25
1996-02-05,3.6368329524993896,5.661526203155518,5.752840995788574,5.570210933685303,5.6767449378967285,4204405,2026-09-25
1996-02-06,3.558621406555176,5.539772987365723,5.691964149475098,5.539772987365723,5.539772987365723,1171221,2026-09-25
1996-02-07,3.4608566761016846,5.387580871582031,5.631087779998779,5.357142925262451,5.539772987365723,658709,2026-09-25
1996-02-08,3.675938606262207,5.722403049468994,5.874594211578369,5.600648880004883,5.874594211578369,1921920,2026-09-25
1996-02-09,3.6368329524993896,5.661526203155518,5.813717842102051,5.661526203155518,5.813717842102051,276789,2026-09-25
1996-02-12,3.744373083114624,5.82893705368042,5.88981294631958,5.600648880004883,5.600648880004883,2746539,2026-09-25
1996-02-13,3.5977275371551514,5.600648880004883,5.783278942108154,5.600648880004883,5.661526203155518,536331,2026-09-25
1996-02-14,3.5977275371551514,5.600648880004883,5.650112152099609,5.478896141052246,5.631087779998779,1589280,2026-09-25
1996-02-15,3.421750783920288,5.326704978942871,5.494114875793457,5.212561130523682,5.478896141052246,1673056,2026-09-25
1996-02-16,3.499962568283081,5.448458194732666,5.570210933685303,5.433238983154297,5.478896141052246,1669771,2026-09-25
1996-02-20,3.949679374694824,6.148539066314697,6.361607074737549,6.072443008422852,6.087662220001221,2526421,2026-09-25
1996-02-21,4.125654220581055,6.422483921051025,6.4529218673706055,6.270291805267334,6.300731182098389,2139573,2026-09-25
1996-02-22,4.076770782470703,6.34638786315918,6.4529218673706055,6.300731182098389,6.422483921051025,1722336,2026-09-25
1996-02-23,4.047443389892578,6.300731182098389,6.392045021057129,6.209415912628174,6.300731182098389,1495648,2026-09-25
1996-02-26,4.027889728546143,6.270291805267334,6.3159499168396,6.239853858947754,6.300731182098389,498549,2026-09-25
1996-02-27,3.7932560443878174,5.905032157897949,6.178977012634277,5.874594211578369,6.178977012634277,2288235,2026-09-25
1996-02-28,3.6172797679901123,5.631087779998779,5.965909004211426,5.600648880004883,5.798498153686523,3678752,2026-09-25
1996-02-29,3.7932560443878174,5.905032157897949,5.965909004211426,5.813717842102051,5.813717842102051,2723541,2026-09-25
1996-03-01,3.71504282951355,5.783278942108154,6.057223796844482,5.600648880004883,5.965909004211426,2565845,2026-09-25
1996-03-04,3.5977275371551514,5.600648880004883,5.813717842102051,5.37236213684082,5.798498153686523,3716533,2026-09-25
1996-03-05,3.5683975219726562,5.554992198944092,5.661526203155518,5.242999076843262,5.509334087371826,6773536,2026-09-25
1996-03-06,3.2262215614318848,5.0223212242126465,5.387580871582031,4.900568008422852,5.2810468673706055,7479061,2026-09-25
1996-03-07,3.1284587383270264,4.8701300621032715,4.961444854736328,4.778814792633057,4.8701300621032715,27365184,2026-09-25
1996-03-08,3.10890531539917,4.839692115783691,4.8701300621032715,4.778814792633057,4.809253215789795,4859008,2026-09-25
1996-03-11,3.1968929767608643,4.976664066314697,4.991882801055908,4.809253215789795,4.839692115783691,3323936,2026-09-25
1996-03-12,3.1871166229248047,4.961444854736328,4.991882801055908,4.8701300621032715,4.961444854736328,1909600,2026-09-25
1996-03-13,3.206669807434082,4.991882801055908,5.052760124206543,4.961444854736328,5.0223212242126465,3137493,2026-09-25
1996-03-14,3.143122911453247,4.892959117889404,5.007102012634277,4.8701300621032715,4.991882801055908,2566667,2026-09-25
1996-03-15,3.1773407459259033,4.946226119995117,4.991882801055908,4.8701300621032715,4.900568008422852,1898923,2026-09-25
1996-03-18,3.3435399532318115,5.20495080947876,5.20495080947876,4.991882801055908,4.991882801055908,2278379,2026-09-25
1996-03-19,3.304434061050415,5.1440749168396,5.326704978942871,5.052760124206543,5.2353901863098145,1319883,2026-09-25
1996-03-20,3.2653279304504395,5.083198070526123,5.1440749168396,4.961444854736328,5.113636016845703,1066912,2026-09-25
1996-03-21,3.275103807449341,5.098416805267334,5.098416805267334,4.991882801055908,5.037540912628174,978208,2026-09-25
1996-03-22,3.304434061050415,5.1440749168396,5.17451286315918,4.991882801055908,5.128856182098389,2798283,2026-09-25
1996-03-25,3.2457756996154785,5.052760124206543,5.052760124206543,4.809253215789795,4.8701300621032715,871435,2026-09-25
1996-03-26,3.2555525302886963,5.067978858947754,5.083198070526123,4.991882801055908,5.0223212242126465,637355,2026-09-25
1996-03-27,3.143122911453247,4.892959117889404,5.113636016845703,4.892959117889404,5.0223212242126465,2526421,2026-09-25
1996-03-28,3.1871166229248047,4.961444854736328,5.052760124206543,4.900568008422852,5.007102012634277,3167883,2026-09-25
1996-03-29,3.1577870845794678,4.915787220001221,5.0223212242126465,4.8701300621032715,5.0223212242126465,1289493,2026-09-25
1996-04-01,3.1968929767608643,4.976664066314697,4.991882801055908,4.900568008422852,4.976664066314697,90347,2026-09-25
1996-04-02,3.2848808765411377,5.113636016845703,5.113636016845703,4.931005954742432,4.991882801055908,2327659,2026-09-25
1996-04-03,3.3924217224121094,5.2810468673706055,5.296266078948975,5.128856182098389,5.20495080947876,1387232,2026-09-25
1996-04-04,3.411975145339966,5.3114848136901855,5.326704978942871,5.2353901863098145,5.326704978942871,524011,2026-09-25
1996-04-08,3.3630928993225098,5.2353901863098145,5.326704978942871,5.1440749168396,5.189732074737549,1232821,2026-09-25
1996-04-09,3.3777565956115723,5.258217811584473,5.357142925262451,5.250608921051025,5.34192419052124,995456,2026-09-25
1996-04-10,3.40219783782959,5.296266078948975,5.326704978942871,5.180220127105713,5.180220127105713,1255819,2026-09-25
1996-04-11,3.40219783782959,5.296266078948975,5.296266078948975,5.20495080947876,5.2658281326293945,2549419,2026-09-25
1996-04-12,3.3630928993225098,5.2353901863098145,5.296266078948975,5.2353901863098145,5.296266078948975,1232821,2026-09-25
1996-04-15,3.394866466522217,5.284852027893066,5.296266078948975,5.2353901863098145,5.2658281326293945,835296,2026-09-25
1996-04-16,3.480409860610962,5.418018817901611,5.478896141052246,5.296266078948975,5.37236213684082,934677,2026-09-25
1996-04-17,3.480409860610962,5.418018817901611,5.494114875793457,5.387580871582031,5.387580871582031,390955,2026-09-25
1996-04-18,3.5781731605529785,5.570210933685303,5.570210933685303,5.357142925262451,5.418018817901611,311285,2026-09-25
1996-04-19,3.5195155143737793,5.478896141052246,5.509334087371826,5.478896141052246,5.509334087371826,96096,2026-09-25
1996-04-22,3.5097389221191406,5.463676929473877,5.509334087371826,5.418018817901611,5.494114875793457,183979,2026-09-25
1996-04-23,3.548844814300537,5.5245537757873535,5.600648880004883,5.387580871582031,5.387580871582031,536331,2026-09-25
1996-04-24,3.4901862144470215,5.433238983154297,5.554992198944092,5.433238983154297,5.554992198944092,445163,2026-09-25
1996-04-25,3.558621406555176,5.539772987365723,5.539772987365723,5.433238983154297,5.463676929473877,226688,2026-09-25
1996-04-26,3.5195155143737793,5.478896141052246,5.539772987365723,5.448458194732666,5.448458194732666,38603,2026-09-25
1996-04-29,3.480409860610962,5.418018817901611,5.478896141052246,5.418018817901611,5.418018817901611,90347,2026-09-25
1996-04-30,3.4608566761016846,5.387580871582031,5.448458194732666,5.357142925262451,5.387580871582031,198763,2026-09-25
1996-05-01,3.4608566761016846,5.387580871582031,5.418018817901611,5.326704978942871,5.357142925262451,593824,2026-09-25
1996-05-02,3.421750783920288,5.326704978942871,5.34192419052124,5.2353901863098145,5.326704978942871,981493,2026-09-25
1996-05-03,3.411975145339966,5.3114848136901855,5.34192419052124,5.2353901863098145,5.2353901863098145,662816,2026-09-25
1996-05-06,3.470633029937744,5.4028000831604,5.4028000831604,5.3114848136901855,5.357142925262451,1129333,2026-09-25
1996-05-07,3.558621406555176,5.539772987365723,5.570210933685303,5.37236213684082,5.387580871582031,8932000,2026-09-25
1996-05-08,3.5781731605529785,5.570210933685303,5.570210933685303,5.448458194732666,5.570210933685303,1560533,2026-09-25
1996-05-09,3.5195155143737793,5.478896141052246,5.509334087371826,5.478896141052246,5.509334087371826,190549,2026-09-25
1996-05-10,3.4608566761016846,5.387580871582031,5.478896141052246,5.387580871582031,5.478896141052246,303072,2026-09-25
1996-05-13,3.499962568283081,5.448458194732666,5.463676929473877,5.387580871582031,5.387580871582031,575755,2026-09-25
1996-05-14,3.5195155143737793,5.478896141052246,5.570210933685303,5.448458194732666,5.494114875793457,167552,2026-09-25
1996-05-15,3.71504282951355,5.783278942108154,5.844155788421631,5.539772987365723,5.539772987365723,662816,2026-09-25
1996-05-16,3.695490598678589,5.752840995788574,5.783278942108154,5.722403049468994,5.783278942108154,41888,2026-09-25
1996-05-17,3.71504282951355,5.783278942108154,5.82893705368042,5.661526203155518,5.661526203155518,468981,2026-09-25
1996-05-20,3.71504282951355,5.783278942108154,5.783278942108154,5.707182884216309,5.7604498863220215,1264853,2026-09-25
1996-05-21,3.6661622524261475,5.707182884216309,5.752840995788574,5.6767449378967285,5.722403049468994,130592,2026-09-25
1996-05-22,3.646609306335449,5.6767449378967285,5.691964149475098,5.661526203155518,5.661526203155518,293216,2026-09-25
1996-05-23,3.4315285682678223,5.34192419052124,5.5245537757873535,5.2353901863098145,5.509334087371826,1435691,2026-09-25
1996-05-24,3.5781731605529785,5.570210933685303,5.570210933685303,5.509334087371826,5.570210933685303,676779,2026-09-25
1996-05-28,3.563508987426758,5.54738187789917,5.631087779998779,5.539772987365723,5.631087779998779,439413,2026-09-25
1996-05-29,3.5683975219726562,5.554992198944092,5.600648880004883,5.539772987365723,5.600648880004883,367957,2026-09-25
1996-05-30,3.6368329524993896,5.661526203155518,5.691964149475098,5.554992198944092,5.554992198944092,298144,2026-09-25
1996-05-31,3.695490598678589,5.752840995788574,5.783278942108154,5.615869045257568,5.691964149475098,705525,2026-09-25
1996-06-03,3.73459792137146,5.813717842102051,5.844155788421631,5.752840995788574,5.783278942108154,294859,2026-09-25
1996-06-04,3.832359552383423,5.965909004211426,6.087662220001221,5.965909004211426,5.965909004211426,555221,2026-09-25
1996-06-05,3.8421382904052734,5.981128215789795,6.057223796844482,5.965909004211426,5.996346950531006,849259,2026-09-25
1996-06-06,3.812809467315674,5.935471057891846,6.0420050621032715,5.935471057891846,6.026785850524902,1216395,2026-09-25
1996-06-07,3.744373083114624,5.82893705368042,5.88981294631958,5.783278942108154,5.813717842102051,434485,2026-09-25
1996-06-10,3.7737019062042236,5.874594211578369,5.905032157897949,5.813717842102051,5.874594211578369,1078411,2026-09-25
1996-06-11,3.548844814300537,5.5245537757873535,5.783278942108154,5.509334087371826,5.783278942108154,1209003,2026-09-25
1996-06-12,3.675938606262207,5.722403049468994,5.752840995788574,5.631087779998779,5.6767449378967285,1779829,2026-09-25
1996-06-13,3.695490598678589,5.752840995788574,5.813717842102051,5.737621784210205,5.752840995788574,1005312,2026-09-25
1996-06-14,3.646609306335449,5.6767449378967285,5.722403049468994,5.661526203155518,5.6767449378967285,751520,2026-09-25
1996-06-17,3.5390689373016357,5.509334087371826,5.631087779998779,5.48650598526001,5.615869045257568,1809397,2026-09-25
1996-06-18,3.3924217224121094,5.2810468673706055,5.554992198944092,5.113636016845703,5.5245537757873535,3612224,2026-09-25
1996-06-19,3.3435399532318115,5.20495080947876,5.3114848136901855,5.1440749168396,5.2810468673706055,2730933,2026-09-25
1996-06-20,3.40219783782959,5.296266078948975,5.357142925262451,5.159294128417969,5.159294128417969,2284128,2026-09-25
1996-06-21,3.3630928993225098,5.2353901863098145,5.418018817901611,5.098416805267334,5.418018817901611,1861141,2026-09-25
1996-06-24,3.304434061050415,5.1440749168396,5.20495080947876,5.113636016845703,5.113636016845703,2269344,2026-09-25
1996-06-25,3.206669807434082,4.991882801055908,5.1440749168396,4.976664066314697,5.052760124206543,1970379,2026-09-25
1996-06-26,3.1186816692352295,4.854910850524902,5.007102012634277,4.839692115783691,5.007102012634277,3550624,2026-09-25
1996-06-27,3.206669807434082,4.991882801055908,5.037540912628174,4.778814792633057,4.778814792633057,1520288,2026-09-25
1996-06-28,3.206669807434082,4.991882801055908,5.083198070526123,4.961444854736328,5.067978858947754,382741,2026-09-25
1996-07-01,3.2946581840515137,5.128856182098389,5.1440749168396,5.052760124206543,5.113636016845703,508405,2026-09-25
1996-07-02,3.2457756996154785,5.052760124206543,5.128856182098389,5.014711856842041,5.075588226318359,1897280,2026-09-25
1996-07-03,3.1284587383270264,4.8701300621032715,4.906274795532227,4.809253215789795,4.839692115783691,1777365,2026-09-25
1996-07-05,3.2262215614318848,5.0223212242126465,5.0223212242126465,4.900568008422852,4.900568008422852,1161365,2026-09-25
1996-07-08,3.2457756996154785,5.052760124206543,5.083198070526123,4.991882801055908,4.991882801055908,1475936,2026-09-25
1996-07-09,3.3435399532318115,5.20495080947876,5.250608921051025,5.113636016845703,5.1440749168396,2441003,2026-09-25
1996-07-10,3.2359988689422607,5.037540912628174,5.17451286315918,4.854910850524902,5.113636016845703,3474240,2026-09-25
1996-07-11,3.148010730743408,4.900568008422852,4.961444854736328,4.809253215789795,4.900568008422852,2605269,2026-09-25
1996-07-12,3.0697999000549316,4.778814792633057,4.877738952636719,4.6875,4.839692115783691,2079616,2026-09-25
1996-07-15,2.8742711544036865,4.474431991577148,4.6875,4.390726089477539,4.6875,1377376,2026-09-25
1996-07-16,2.9720351696014404,4.626623153686523,4.626623153686523,4.443994045257568,4.459212779998779,1049664,2026-09-25
1996-07-17,3.060023307800293,4.763596057891846,4.8701300621032715,4.702719211578369,4.794034004211426,1435691,2026-09-25
1996-07-18,2.981812000274658,4.641842842102051,4.748376846313477,4.580965995788574,4.748376846313477,713739,2026-09-25
1996-07-19,3.0697999000549316,4.778814792633057,4.778814792633057,4.702719211578369,4.702719211578369,700597,2026-09-25
1996-07-22,2.9915883541107178,4.65706205368042,4.794034004211426,4.596185207366943,4.794034004211426,912501,2026-09-25
1996-07-23,2.9720351696014404,4.626623153686523,4.733157157897949,4.596185207366943,4.71793794631958,578219,2026-09-25
1996-07-24,2.8742711544036865,4.474431991577148,4.565746784210205,4.459212779998779,4.5048699378967285,451733,2026-09-25
1996-07-25,2.7178473472595215,4.2309250831604,4.626623153686523,4.20048713684082,4.5048699378967285,4160875,2026-09-25
1996-07-26,2.835165500640869,4.413555145263672,4.535307884216309,4.17004919052124,4.261363983154297,3530091,2026-09-25
1996-07-29,2.8742711544036865,4.474431991577148,4.535307884216309,4.474431991577148,4.5048699378967285,1164651,2026-09-25
1996-07-30,2.8938241004943848,4.5048699378967285,4.5048699378967285,4.4211649894714355,4.5048699378967285,758912,2026-09-25
1996-07-31,2.9524827003479004,4.596185207366943,4.596185207366943,4.443994045257568,4.5048699378967285,1898101,2026-09-25
1996-08-01,3.0404703617095947,4.733157157897949,4.778814792633057,4.565746784210205,4.619013786315918,1168757,2026-09-25
1996-08-02,3.1284587383270264,4.8701300621032715,4.900568008422852,4.748376846313477,4.748376846313477,292395,2026-09-25
1996-08-05,3.148010730743408,4.900568008422852,4.931005954742432,4.8701300621032715,4.8701300621032715,265291,2026-09-25
1996-08-06,3.0502471923828125,4.748376846313477,4.809253215789795,4.748376846313477,4.778814792633057,80491,2026-09-25
1996-08-07,3.1773407459259033,4.946226119995117,4.961444854736328,4.794034004211426,4.794034004211426,244757,2026-09-25
1996-08-08,3.2262215614318848,5.0223212242126465,5.0223212242126465,4.900568008422852,4.931005954742432,1087445,2026-09-25
1996-08-09,3.148010730743408,4.900568008422852,4.946226119995117,4.854910850524902,4.885348796844482,407381,2026-09-25
1996-08-12,2.981812000274658,4.641842842102051,4.778814792633057,4.603795051574707,4.778814792633057,114987,2026-09-25
1996-08-13,2.9622597694396973,4.611403942108154,4.626623153686523,4.535307884216309,4.626623153686523,174123,2026-09-25
1996-08-14,2.9524827003479004,4.596185207366943,4.611403942108154,4.520089149475098,4.535307884216309,103488,2026-09-25
1996-08-15,2.913376808166504,4.535307884216309,4.565746784210205,4.428773880004883,4.520089149475098,490336,2026-09-25
1996-08-16,2.8742711544036865,4.474431991577148,4.535307884216309,4.459212779998779,4.489651203155518,436128,2026-09-25
1996-08-19,2.957371234893799,4.603795051574707,4.626623153686523,4.535307884216309,4.535307884216309,248043,2026-09-25
1996-08-20,2.9915883541107178,4.65706205368042,4.71793794631958,4.565746784210205,4.65706205368042,928107,2026-09-25
1996-08-21,2.942706346511841,4.580965995788574,4.65706205368042,4.565746784210205,4.611403942108154,797515,2026-09-25
1996-08-22,2.9915883541107178,4.65706205368042,4.6875,4.596185207366943,4.596185207366943,459125,2026-09-25
1996-08-23,2.9915883541107178,4.65706205368042,4.65706205368042,4.596185207366943,4.596185207366943,14784,2026-09-25
1996-08-26,3.011140823364258,4.6875,4.6875,4.626623153686523,4.6875,115808,2026-09-25
1996-08-27,3.0013647079467773,4.672280788421631,4.6875,4.596185207366943,4.6875,475552,2026-09-25
1996-08-28,3.011140823364258,4.6875,4.6875,4.626623153686523,4.6875,386848,2026-09-25
1996-08-29,3.011140823364258,4.6875,4.748376846313477,4.6875,4.748376846313477,176587,2026-09-25
1996-08-30,3.011140823364258,4.6875,4.702719211578369,4.626623153686523,4.626623153686523,244757,2026-09-25
1996-09-03,2.8742711544036865,4.474431991577148,4.489651203155518,4.413555145263672,4.474431991577148,926464,2026-09-25
1996-09-04,2.815612316131592,4.383117198944092,4.383117198944092,4.3526787757873535,4.367897987365723,556864,2026-09-25
1996-09-05,2.6005311012268066,4.048295021057129,4.20048713684082,4.00263786315918,4.1396098136901855,1111264,2026-09-25
1996-09-06,2.708071231842041,4.215705871582031,4.291801929473877,4.1396098136901855,4.1396098136901855,556864,2026-09-25
1996-09-09,2.7765069007873535,4.322239875793457,4.3526787757873535,4.261363983154297,4.3526787757873535,114165,2026-09-25
1996-09-10,2.8938241004943848,4.5048699378967285,4.535307884216309,4.383117198944092,4.398335933685303,809013,2026-09-25
1996-09-11,2.737401247024536,4.261363983154297,4.398335933685303,4.185267925262451,4.322239875793457,1929312,2026-09-25
1996-09-12,2.6982953548431396,4.20048713684082,4.261363983154297,4.17004919052124,4.261363983154297,230795,2026-09-25
1996-09-13,2.668966054916382,4.154829978942871,4.2309250831604,4.1091718673706055,4.2309250831604,836117,2026-09-25
1996-09-16,2.7178473472595215,4.2309250831604,4.261363983154297,4.17004919052124,4.20048713684082,2004053,2026-09-25
1996-09-17,2.7765069007873535,4.322239875793457,4.367897987365723,4.261363983154297,4.322239875793457,1828288,2026-09-25
1996-09-18,2.864494800567627,4.459212779998779,4.459212779998779,4.383117198944092,4.413555145263672,254613,2026-09-25
1996-09-19,2.835165500640869,4.413555145263672,4.459212779998779,4.413555145263672,4.459212779998779,95275,2026-09-25
1996-09-20,2.9720351696014404,4.626623153686523,4.626623153686523,4.474431991577148,4.474431991577148,772053,2026-09-25
1996-09-23,2.8938241004943848,4.5048699378967285,4.535307884216309,4.459212779998779,4.535307884216309,318677,2026-09-25
1996-09-24,2.9720351696014404,4.626623153686523,4.626623153686523,4.489651203155518,4.520089149475098,874720,2026-09-25
1996-09-25,3.011140823364258,4.6875,4.6875,4.626623153686523,4.626623153686523,749056,2026-09-25
1996-09-26,3.10890531539917,4.839692115783691,4.839692115783691,4.748376846313477,4.748376846313477,448448,2026-09-25
1996-09-27,2.9720351696014404,4.626623153686523,4.839692115783691,4.626623153686523,4.839692115783691,793408,2026-09-25
1996-09-30,2.9769234657287598,4.634232997894287,4.6875,4.580965995788574,4.641842842102051,669387,2026-09-25
1996-10-01,2.913376808166504,4.535307884216309,4.580965995788574,4.474431991577148,4.580965995788574,1016811,2026-09-25
1996-10-02,3.011140823364258,4.6875,4.6875,4.626623153686523,4.65706205368042,197941,2026-09-25
1996-10-03,3.1773407459259033,4.946226119995117,5.037540912628174,4.6875,4.6875,1182720,2026-09-25
1996-10-04,3.1968929767608643,4.976664066314697,5.007102012634277,4.885348796844482,4.885348796844482,1727264,2026-09-25
1996-10-07,3.1284587383270264,4.8701300621032715,4.931005954742432,4.824471950531006,4.885348796844482,588896,2026-09-25
1996-10-08,3.0893523693084717,4.809253215789795,4.854910850524902,4.809253215789795,4.839692115783691,711275,2026-09-25
1996-10-09,3.0893523693084717,4.809253215789795,4.824471950531006,4.794034004211426,4.809253215789795,193013,2026-09-25
1996-10-10,3.0502471923828125,4.748376846313477,4.748376846313477,4.748376846313477,4.748376846313477,14784,2026-09-25
1996-10-11,3.0404703617095947,4.733157157897949,4.809253215789795,4.733157157897949,4.778814792633057,119915,2026-09-25
1996-10-14,3.0502471923828125,4.748376846313477,4.763596057891846,4.702719211578369,4.71793794631958,209440,2026-09-25
1996-10-15,3.0893523693084717,4.809253215789795,4.839692115783691,4.748376846313477,4.809253215789795,135520,2026-09-25
1996-10-16,2.9524827003479004,4.596185207366943,4.71793794631958,4.596185207366943,4.672280788421631,372885,2026-09-25
1996-10-17,2.8449418544769287,4.428773880004883,4.535307884216309,4.428773880004883,4.535307884216309,240651,2026-09-25
1996-10-18,2.9329302310943604,4.565746784210205,4.565746784210205,4.489651203155518,4.535307884216309,330997,2026-09-25
1996-10-21,2.903599977493286,4.520089149475098,4.565746784210205,4.474431991577148,4.5543317794799805,170016,2026-09-25
1996-10-22,2.835165500640869,4.413555145263672,4.5048699378967285,4.383117198944092,4.5048699378967285,348245,2026-09-25
1996-10-23,2.835165500640869,4.413555145263672,4.489651203155518,4.407847881317139,4.407847881317139,143733,2026-09-25
1996-10-24,2.8547189235687256,4.443994045257568,4.489651203155518,4.443994045257568,4.443994045257568,66528,2026-09-25
1996-10-25,2.7960586547851562,4.3526787757873535,4.413555145263672,4.3526787757873535,4.383117198944092,375349,2026-09-25
1996-10-28,2.825387477874756,4.398335933685303,4.398335933685303,4.322239875793457,4.322239875793457,12320,2026-09-25
1996-10-29,2.8058362007141113,4.367897987365723,4.383117198944092,4.322239875793457,4.322239875793457,80491,2026-09-25
1996-10-30,2.786283016204834,4.337459087371826,4.337459087371826,4.337459087371826,4.337459087371826,95275,2026-09-25
1996-10-31,2.815612316131592,4.383117198944092,4.398335933685303,4.37550687789917,4.398335933685303,101024,2026-09-25
1996-11-01,2.8058362007141113,4.367897987365723,4.383117198944092,4.367897987365723,4.383117198944092,30389,2026-09-25
1996-11-04,2.7960586547851562,4.3526787757873535,4.3526787757873535,4.3526787757873535,4.3526787757873535,60779,2026-09-25
1996-11-05,2.815612316131592,4.383117198944092,4.398335933685303,4.37550687789917,4.37550687789917,156875,2026-09-25
1996-11-06,2.835165500640869,4.413555145263672,4.413555145263672,4.383117198944092,4.383117198944092,99381,2026-09-25
1996-11-07,2.8058362007141113,4.367897987365723,4.413555145263672,4.3526787757873535,4.413555145263672,36960,2026-09-25
1996-11-08,2.815612316131592,4.383117198944092,4.383117198944092,4.3526787757873535,4.3526787757873535,47637,2026-09-25
1996-11-11,2.8547189235687256,4.443994045257568,4.443994045257568,4.398335933685303,4.413555145263672,32853,2026-09-25
1996-11-12,2.9915883541107178,4.65706205368042,4.672280788421631,4.565746784210205,4.65706205368042,555221,2026-09-25
1996-11-13,2.9915883541107178,4.65706205368042,4.702719211578369,4.641842842102051,4.6875,667744,2026-09-25
1996-11-14,2.9622597694396973,4.611403942108154,4.611403942108154,4.611403942108154,4.611403942108154,8213,2026-09-25
1996-11-15,3.0209174156188965,4.702719211578369,4.71793794631958,4.672280788421631,4.6875,476373,2026-09-25
1996-11-18,3.0209174156188965,4.702719211578369,4.702719211578369,4.702719211578369,4.702719211578369,41067,2026-09-25
1996-11-19,2.9867005348205566,4.649452209472656,4.672280788421631,4.641842842102051,4.641842842102051,69813,2026-09-25
1996-11-20,2.9720351696014404,4.626623153686523,4.641842842102051,4.596185207366943,4.641842842102051,156053,2026-09-25
1996-11-21,3.0697999000549316,4.778814792633057,4.809253215789795,4.6875,4.6875,445984,2026-09-25
1996-11-22,3.548844814300537,5.5245537757873535,5.631087779998779,4.8701300621032715,4.8701300621032715,8409632,2026-09-25
1996-11-25,3.470633029937744,5.4028000831604,5.478896141052246,5.2658281326293945,5.3114848136901855,4495157,2026-09-25
1996-11-26,3.3728702068328857,5.250608921051025,5.296266078948975,5.128856182098389,5.189732074737549,4811371,2026-09-25
1996-11-27,3.3630928993225098,5.2353901863098145,5.250608921051025,5.159294128417969,5.20495080947876,878005,2026-09-25
1996-11-29,3.4510810375213623,5.37236213684082,5.448458194732666,5.2353901863098145,5.2353901863098145,1172864,2026-09-25
1996-12-02,3.4315285682678223,5.34192419052124,5.357142925262451,5.2810468673706055,5.34192419052124,1541643,2026-09-25
1996-12-03,3.4901862144470215,5.433238983154297,5.509334087371826,5.326704978942871,5.357142925262451,2657835,2026-09-25
1996-12-04,3.4510810375213623,5.37236213684082,5.418018817901611,5.250608921051025,5.357142925262451,3180203,2026-09-25
1996-12-05,3.5390689373016357,5.509334087371826,5.615869045257568,5.418018817901611,5.418018817901611,3186773,2026-09-25
1996-12-06,3.803032636642456,5.920251846313477,6.011567115783691,5.357142925262451,5.387580871582031,5817504,2026-09-25
1996-12-09,3.822585344314575,5.950689792633057,6.057223796844482,5.752840995788574,5.768060207366943,8166517,2026-09-25
1996-12-10,3.812809467315674,5.935471057891846,6.178977012634277,5.905032157897949,5.935471057891846,5889781,2026-09-25
1996-12-11,3.891021728515625,6.057223796844482,6.118101119995117,5.859375,5.920251846313477,4320213,2026-09-25
1996-12-12,3.9399023056030273,6.133319854736328,6.178977012634277,6.0420050621032715,6.118101119995117,4891861,2026-09-25
1996-12-13,3.900796890258789,6.072443008422852,6.148539066314697,6.026785850524902,6.072443008422852,1515360,2026-09-25
1996-12-16,3.7639265060424805,5.859375,6.026785850524902,5.859375,6.026785850524902,2151893,2026-09-25
1996-12-17,3.695490598678589,5.752840995788574,5.798498153686523,5.691964149475098,5.691964149475098,3426603,2026-09-25
1996-12-18,3.7052676677703857,5.768060207366943,5.768060207366943,5.646306991577148,5.691964149475098,4252864,2026-09-25
1996-12-19,3.675938606262207,5.722403049468994,5.783278942108154,5.691964149475098,5.691964149475098,1929312,2026-09-25
1996-12-20,3.891021728515625,6.057223796844482,6.133319854736328,5.996346950531006,6.072443008422852,4238901,2026-09-25
1996-12-23,3.891021728515625,6.057223796844482,6.102880954742432,6.026785850524902,6.102880954742432,528117,2026-09-25
1996-12-24,3.871466875076294,6.026785850524902,6.057223796844482,6.026785850524902,6.026785850524902,350709,2026-09-25
1996-12-26,3.871466875076294,6.026785850524902,6.057223796844482,6.011567115783691,6.011567115783691,656245,2026-09-25
1996-12-27,3.8616912364959717,6.011567115783691,6.026785850524902,5.996346950531006,5.996346950531006,795051,2026-09-25
1996-12-30,3.900796890258789,6.072443008422852,6.072443008422852,5.996346950531006,5.996346950531006,1066091,2026-09-25
1996-12-31,3.8959085941314697,6.064834117889404,6.148539066314697,6.011567115783691,6.057223796844482,758091,2026-09-25
1997-01-02,3.871466875076294,6.026785850524902,6.0420050621032715,5.996346950531006,6.026785850524902,1456224,2026-09-25
1997-01-03,4.027889728546143,6.270291805267334,6.270291805267334,6.102880954742432,6.118101119995117,818869,2026-09-25
1997-01-06,4.233194828033447,6.589893817901611,6.681209087371826,6.255073070526123,6.331169128417969,2668512,2026-09-25
1997-01-07,4.282076835632324,6.665989875793457,6.665989875793457,6.54423713684082,6.5746750831604,1949845,2026-09-25
1997-01-08,4.194089412689209,6.529017925262451,6.589893817901611,6.51379919052124,6.5746750831604,2375296,2026-09-25
1997-01-09,4.272301197052002,6.650771141052246,6.6964287757873535,6.498579978942871,6.498579978942871,711275,2026-09-25
1997-01-10,4.311405658721924,6.711647987365723,6.711647987365723,6.605113983154297,6.681209087371826,249685,2026-09-25
1997-01-13,4.30163049697876,6.6964287757873535,6.6964287757873535,6.605113983154297,6.6964287757873535,616821,2026-09-25
1997-01-14,4.438500881195068,6.909496784210205,7.03125,6.665989875793457,6.6964287757873535,2263595,2026-09-25
1997-01-15,4.692687511444092,7.305194854736328,7.3660712242126465,7.06168794631958,7.183442115783691,1252533,2026-09-25
1997-01-16,4.819780349731445,7.503044128417969,7.533482074737549,7.259537220001221,7.259537220001221,2463179,2026-09-25
1997-01-17,4.73179292678833,7.3660712242126465,7.381290912628174,7.274755954742432,7.305194854736328,1366699,2026-09-25
1997-01-20,4.722015857696533,7.350852012634277,7.411728858947754,7.274755954742432,7.350852012634277,1176971,2026-09-25
1997-01-21,4.81489372253418,7.495433807373047,7.6095781326293945,7.122564792633057,7.122564792633057,2127253,2026-09-25
1997-01-22,4.770899295806885,7.426948070526123,7.472606182098389,7.350852012634277,7.457386016845703,2090293,2026-09-25
1997-01-23,4.839334487915039,7.533482074737549,7.6552348136901855,7.03125,7.03125,6592843,2026-09-25
1997-01-24,5.240167617797852,8.15746784210205,8.340097427368164,7.776988983154297,7.853084087371826,4656139,2026-09-25
1997-01-27,5.210837364196777,8.111809730529785,8.187906265258789,8.096590995788574,8.180295944213867,5799435,2026-09-25
1997-01-28,5.298826694488525,8.24878215789795,8.431411743164062,7.974837779998779,7.974837779998779,4001536,2026-09-25
1997-01-29,5.308602333068848,8.264001846313477,8.264001846313477,8.203125,8.24878215789795,700597,2026-09-25
1997-01-30,5.396590709686279,8.40097427368164,8.40097427368164,8.218343734741211,8.279220581054688,3286155,2026-09-25
1997-01-31,5.719213008880615,8.903205871582031,8.979302406311035,8.568385124206543,8.568385124206543,2179819,2026-09-25
1997-02-03,5.8463053703308105,9.101055145263672,9.161931991577148,9.009739875793457,9.161931991577148,2312053,2026-09-25
1997-02-04,5.7289886474609375,8.918424606323242,9.040179252624512,8.827110290527344,8.842329978942871,2535456,2026-09-25
1997-02-05,5.3770365715026855,8.370535850524902,8.766234397888184,8.370535850524902,8.614042282104492,2172427,2026-09-25
1997-02-06,5.36726188659668,8.355317115783691,8.40097427368164,8.15746784210205,8.294440269470215,2103435,2026-09-25
1997-02-07,5.513906955718994,8.583603858947754,8.614042282104492,8.492288589477539,8.492288589477539,1609813,2026-09-25
1997-02-10,5.474801540374756,8.522727012634277,8.553166389465332,8.492288589477539,8.537945747375488,1142475,2026-09-25
1997-02-11,5.161955833435059,8.035714149475098,8.309659004211426,7.898742198944092,8.309659004211426,1981056,2026-09-25
1997-02-12,5.655664920806885,8.804282188415527,8.811890602111816,8.15746784210205,8.172686576843262,3047968,2026-09-25
1997-02-13,5.631224632263184,8.766234397888184,9.024958610534668,8.720576286315918,8.88798713684082,3918581,2026-09-25
1997-02-14,5.768095970153809,8.979302406311035,9.009739875793457,8.659700393676758,8.69013786315918,1779008,2026-09-25
1997-02-18,5.768095970153809,8.979302406311035,9.040179252624512,8.857548713684082,8.964082717895508,2100971,2026-09-25
1997-02-19,5.748542308807373,8.948863983154297,9.024958610534668,8.93364429473877,8.948863983154297,823797,2026-09-25
1997-02-20,5.650774955749512,8.796671867370605,8.979302406311035,8.70535659790039,8.979302406311035,849259,2026-09-25
1997-02-21,5.748542308807373,8.948863983154297,9.009739875793457,8.857548713684082,8.88798713684082,1100587,2026-09-25
1997-02-24,5.660552501678467,8.811890602111816,8.918424606323242,8.70535659790039,8.857548713684082,889504,2026-09-25
1997-02-25,5.582341194152832,8.69013786315918,8.781453132629395,8.659700393676758,8.766234397888184,950283,2026-09-25
1997-02-26,5.416142463684082,8.431411743164062,8.568385124206543,8.355317115783691,8.568385124206543,2166677,2026-09-25
1997-02-27,5.362372398376465,8.34770679473877,8.385754585266113,8.340097427368164,8.370535850524902,718667,2026-09-25
1997-02-28,5.20106315612793,8.096590995788574,8.15746784210205,8.035714149475098,8.142248153686523,5122656,2026-09-25
1997-03-03,5.210837364196777,8.111809730529785,8.187906265258789,8.066152572631836,8.127029418945312,918251,2026-09-25
1997-03-04,5.28904914855957,8.233563423156738,8.233563423156738,8.096590995788574,8.096590995788574,1309205,2026-09-25
1997-03-05,5.670331001281738,8.827110290527344,8.842329978942871,8.522727012634277,8.553166389465332,2022123,2026-09-25
1997-03-06,5.777872562408447,8.994521141052246,9.238027572631836,8.964082717895508,9.146713256835938,2172427,2026-09-25
1997-03-07,6.129822731018066,9.542410850524902,9.86201286315918,9.040179252624512,9.040179252624512,3301760,2026-09-25
1997-03-10,6.364457607269287,9.907670021057129,10.531656265258789,9.801136016845703,10.516436576843262,5153867,2026-09-25
1997-03-11,6.061387538909912,9.435876846313477,9.831575393676758,9.298904418945312,9.831575393676758,2328480,2026-09-25
1997-03-12,5.748542308807373,8.948863983154297,9.557629585266113,8.93364429473877,9.161931991577148,4077920,2026-09-25
1997-03-13,5.709436893463135,8.88798713684082,9.375,8.88798713684082,9.070616722106934,2857419,2026-09-25
1997-03-14,5.865860462188721,9.13149356842041,9.32934284210205,9.101055145263672,9.161931991577148,1356021,2026-09-25
1997-03-17,5.856083393096924,9.116273880004883,9.268465995788574,9.009739875793457,9.207589149475098,1190933,2026-09-25
1997-03-18,5.641000747680664,8.781453132629395,9.161931991577148,8.64448070526123,9.070616722106934,2441824,2026-09-25
1997-03-19,5.416142463684082,8.431411743164062,8.583603858947754,8.218343734741211,8.522727012634277,5663093,2026-09-25
1997-03-20,5.298826694488525,8.24878215789795,8.64448070526123,8.24878215789795,8.385754585266113,4651211,2026-09-25
1997-03-21,5.3770365715026855,8.370535850524902,8.507508277893066,8.309659004211426,8.461851119995117,2710400,2026-09-25
1997-03-24,5.347708702087402,8.324877738952637,8.40097427368164,8.142248153686523,8.340097427368164,902645,2026-09-25
1997-03-25,5.406366348266602,8.416193008422852,8.507508277893066,8.370535850524902,8.370535850524902,1061984,2026-09-25
1997-03-26,5.738765716552734,8.93364429473877,8.948863983154297,8.629261016845703,8.735795021057129,3366645,2026-09-25
1997-03-27,5.836531162261963,9.085836410522461,9.527192115783691,9.070616722106934,9.527192115783691,5973557,2026-09-25
1997-03-31,5.865860462188721,9.13149356842041,9.253247261047363,9.108665466308594,9.161931991577148,2206101,2026-09-25
1997-04-01,5.709436893463135,8.88798713684082,9.222807884216309,8.842329978942871,9.040179252624512,1612277,2026-09-25
1997-04-02,5.513906955718994,8.583603858947754,8.70535659790039,8.461851119995117,8.674919128417969,3494773,2026-09-25
1997-04-03,5.6116719245910645,8.735795021057129,8.781453132629395,8.431411743164062,8.568385124206543,2526421,2026-09-25
1997-04-04,6.286245822906494,9.785917282104492,9.801136016845703,8.674919128417969,8.70535659790039,6336587,2026-09-25
1997-04-07,6.628420829772949,10.318588256835938,10.470779418945312,10.04464340209961,10.04464340209961,4712811,2026-09-25
1997-04-08,6.462221145629883,10.05986213684082,10.090299606323242,9.770697593688965,9.770697593688965,1811861,2026-09-25
1997-04-09,6.4719977378845215,10.075080871582031,10.318588256835938,9.998985290527344,9.998985290527344,2056619,2026-09-25
1997-04-10,5.904965400695801,9.192370414733887,9.892451286315918,9.192370414733887,9.801136016845703,2523957,2026-09-25
1997-04-11,5.777872562408447,8.994521141052246,9.283684730529785,8.88798713684082,9.253247261047363,3045504,2026-09-25
1997-04-14,6.09071683883667,9.481534004211426,9.61850643157959,8.948863983154297,9.055397987365723,2341621,2026-09-25
1997-04-15,6.139599800109863,9.557629585266113,9.86201286315918,9.481534004211426,9.57284927368164,2119861,2026-09-25
1997-04-16,5.934295654296875,9.238027572631836,9.633726119995117,9.116273880004883,9.481534004211426,2997045,2026-09-25
1997-04-17,5.934295654296875,9.238027572631836,9.496752738952637,9.146713256835938,9.253247261047363,1568747,2026-09-25
1997-04-18,6.080941200256348,9.466315269470215,9.466315269470215,9.32934284210205,9.435876846313477,2512459,2026-09-25
1997-04-21,5.816977500915527,9.055397987365723,9.527192115783691,9.055397987365723,9.511972427368164,1310027,2026-09-25
1997-04-22,5.601894855499268,8.720576286315918,9.070616722106934,8.598822593688965,9.070616722106934,6776000,2026-09-25
1997-04-23,5.758317947387695,8.964082717895508,9.146713256835938,8.735795021057129,8.918424606323242,3634400,2026-09-25
1997-04-24,5.895186424255371,9.17715072631836,9.375,8.964082717895508,9.17715072631836,3283691,2026-09-25
1997-04-25,5.709436893463135,8.88798713684082,9.222807884216309,8.865158081054688,9.161931991577148,2042656,2026-09-25
1997-04-28,5.709436893463135,8.88798713684082,9.085836410522461,8.781453132629395,9.009739875793457,2887808,2026-09-25
1997-04-29,6.022281646728516,9.375,9.466315269470215,9.009739875793457,9.070616722106934,2594592,2026-09-25
1997-04-30,6.21781063079834,9.679383277893066,9.907670021057129,9.298904418945312,9.314123153686523,5049557,2026-09-25
1997-05-01,6.2764692306518555,9.770697593688965,9.87723159790039,9.588068008422852,9.679383277893066,1727264,2026-09-25
1997-05-02,6.657751083374023,10.364245414733887,10.364245414733887,9.664163589477539,9.709820747375488,3489845,2026-09-25
1997-05-05,6.726184844970703,10.470779418945312,10.516436576843262,10.10551929473877,10.212054252624512,4167445,2026-09-25
1997-05-06,6.667524337768555,10.379464149475098,10.622970581054688,10.272930145263672,10.34902572631836,4193728,2026-09-25
1997-05-07,6.7457404136657715,10.50121784210205,10.683847427368164,10.409902572631836,10.470779418945312,3093963,2026-09-25
1997-05-08,7.058583736419678,10.98823070526123,11.262174606323242,10.379464149475098,10.379464149475098,3398677,2026-09-25
1997-05-09,7.029254913330078,10.942572593688965,11.536120414733887,10.79038143157959,11.323052406311035,3292725,2026-09-25
1997-05-12,7.527853012084961,11.71875,11.810065269470215,11.383929252624512,11.566557884216309,3096427,2026-09-25
1997-05-13,7.351877212524414,11.444805145263672,12.175325393676758,11.262174606323242,12.114447593688965,4320213,2026-09-25
1997-05-14,7.371428966522217,11.47524356842041,11.566557884216309,11.323052406311035,11.505681991577148,2496853,2026-09-25
1997-05-15,7.684276580810547,11.96225643157959,11.992694854736328,11.323052406311035,11.383929252624512,2979387,2026-09-25
1997-05-16,7.332324981689453,11.414366722106934,11.870942115783691,11.201298713684082,11.779626846313477,2821691,2026-09-25
1997-05-19,7.234558582305908,11.262174606323242,11.444805145263672,11.079545021057129,11.323052406311035,1454581,2026-09-25
1997-05-20,7.293218612670898,11.353489875793457,11.444805145263672,11.170860290527344,11.292613983154297,2396240,2026-09-25
1997-05-21,7.390981197357178,11.505681991577148,11.688311576843262,11.353489875793457,11.688311576843262,3566640,2026-09-25
1997-05-22,7.899358749389648,12.297078132629395,12.662338256835938,11.414366722106934,11.505681991577148,5542768,2026-09-25
1997-05-23,8.603260040283203,13.39285659790039,13.57548713684082,12.236201286315918,12.297078132629395,8799765,2026-09-25
1997-05-27,8.661916732788086,13.484171867370605,13.727679252624512,12.905843734741211,13.362419128417969,4602341,2026-09-25
1997-05-28,8.388178825378418,13.058035850524902,13.484171867370605,12.966720581054688,13.33198070526123,2474267,2026-09-25
1997-05-29,8.446837425231934,13.149351119995117,13.453734397888184,12.997159004211426,13.149351119995117,1445957,2026-09-25
1997-05-30,8.173096656799316,12.723214149475098,12.814529418945312,11.992694854736328,12.266639709472656,7329168,2026-09-25
1997-06-02,7.977569103240967,12.418830871582031,12.662338256835938,12.114447593688965,12.662338256835938,1520699,2026-09-25
1997-06-03,7.918907642364502,12.327515602111816,12.540583610534668,12.114447593688965,12.20576286315918,2149840,2026-09-25
1997-06-04,7.791816234588623,12.129667282104492,12.357954978942871,12.084010124206543,12.297078132629395,1928901,2026-09-25
1997-06-05,7.938462734222412,12.357954978942871,12.510146141052246,12.236201286315918,12.510146141052246,2567899,2026-09-25
1997-06-06,7.938462734222412,12.357954978942871,12.479707717895508,11.931818008422852,12.236201286315918,916608,2026-09-25
1997-06-09,7.997122287750244,12.44926929473877,12.723214149475098,12.357954978942871,12.357954978942871,1313723,2026-09-25
1997-06-10,7.5180768966674805,11.703531265258789,12.266639709472656,11.323052406311035,11.992694854736328,4626160,2026-09-25
1997-06-11,7.3812079429626465,11.490463256835938,11.870942115783691,11.383929252624512,11.870942115783691,7261819,2026-09-25
1997-06-12,7.351877212524414,11.444805145263672,11.931818008422852,11.444805145263672,11.71875,4539099,2026-09-25
1997-06-13,7.615840435028076,11.855722427368164,12.175325393676758,11.47524356842041,11.596997261047363,2936677,2026-09-25
1997-06-16,8.01667308807373,12.479707717895508,12.510146141052246,11.840502738952637,11.840502738952637,1645131,2026-09-25
1997-06-17,8.153541564941406,12.69277572631836,13.08847427368164,12.297078132629395,12.510146141052246,3297243,2026-09-25
1997-06-18,8.09488582611084,12.601461410522461,12.93628215789795,12.38839340209961,12.601461410522461,2596645,2026-09-25
1997-06-19,8.622810363769531,13.423295021057129,13.56026840209961,12.662338256835938,12.814529418945312,2405275,2026-09-25
1997-06-20,9.092080116271973,14.153815269470215,14.275568008422852,13.362419128417969,13.453734397888184,2906288,2026-09-25
1997-06-23,8.916106224060059,13.879870414733887,14.54951286315918,13.788555145263672,14.458197593688965,1995019,2026-09-25
1997-06-24,9.268057823181152,14.427760124206543,14.488636016845703,14.0625,14.0625,2319035,2026-09-25
1997-06-25,9.072529792785645,14.123376846313477,14.397320747375488,13.849431991577148,14.275568008422852,2597056,2026-09-25
1997-06-26,8.994316101074219,14.001623153686523,14.275568008422852,13.879870414733887,14.123376846313477,727701,2026-09-25
1997-06-27,9.228954315185547,14.366883277893066,14.54951286315918,14.153815269470215,14.153815269470215,1586405,2026-09-25
1997-06-30,9.150741577148438,14.245129585266113,14.30600643157959,14.001623153686523,14.275568008422852,842688,2026-09-25
1997-07-01,9.46358585357666,14.73214340209961,14.79301929473877,14.092938423156738,14.092938423156738,1406533,2026-09-25
1997-07-02,9.404928207397461,14.640828132629395,14.73214340209961,14.397320747375488,14.73214340209961,2599109,2026-09-25
1997-07-03,9.60045337677002,14.945211410522461,15.066964149475098,14.640828132629395,14.640828132629395,1392160,2026-09-25
1997-07-07,9.874195098876953,15.371347427368164,15.980113983154297,15.143059730529785,15.858360290527344,1608581,2026-09-25
1997-07-08,9.932856559753418,15.462661743164062,15.523538589477539,15.340909004211426,15.462661743164062,1750261,2026-09-25
1997-07-09,9.815539360046387,15.28003215789795,15.645292282104492,15.219156265258789,15.523538589477539,1335077,2026-09-25
1997-07-10,11.565518379211426,18.004261016845703,18.019481658935547,16.558441162109375,16.984577178955078,5244213,2026-09-25
1997-07-11,11.93702220916748,18.58258819580078,18.91741180419922,18.08035659790039,18.384740829467773,3995787,2026-09-25
1997-07-14,12.279199600219727,19.115259170532227,19.297889709472656,18.56736946105957,18.719562530517578,2153536,2026-09-25
1997-07-15,12.787571907043457,19.90665626525879,19.93709373474121,19.328327178955078,19.81534194946289,2514512,2026-09-25
1997-07-16,13.295947074890137,20.69805145263672,21.367694854736328,19.75446319580078,21.27638053894043,5268032,2026-09-25
1997-07-17,12.425846099853516,19.343547821044922,19.480518341064453,18.56736946105957,18.780437469482422,8812085,2026-09-25
1997-07-18,11.526411056518555,17.943384170532227,19.23701286315918,17.928165435791016,19.23701286315918,5421621,2026-09-25
1997-07-21,11.907693862915039,18.53693199157715,19.14569854736328,18.04991912841797,18.141233444213867,4261488,2026-09-25
1997-07-22,12.670254707336426,19.72402572631836,19.90665626525879,18.628246307373047,18.628246307373047,2869739,2026-09-25
1997-07-23,13.92164134979248,21.672077178955078,21.915584564208984,20.60673713684082,21.58076286315918,7179685,2026-09-25
1997-07-24,13.491480827331543,21.0024356842041,21.367694854736328,20.652393341064453,21.0024356842041,4218779,2026-09-25
1997-07-25,13.491480827331543,21.0024356842041,21.1850643157959,20.545860290527344,20.971996307373047,1140011,2026-09-25
1997-07-28,13.315502166748047,20.728490829467773,20.88068199157715,20.5762996673584,20.88068199157715,2392955,2026-09-25
1997-07-29,12.768019676208496,19.876218795776367,20.454544067382812,19.693588256835938,20.454544067382812,1722747,2026-09-25
1997-07-30,12.631148338317871,19.663148880004883,20.30235481262207,19.358766555786133,19.389205932617188,3283691,2026-09-25
1997-07-31,12.670254707336426,19.72402572631836,20.058847427368164,19.60227394104004,20.058847427368164,1261568,2026-09-25
1997-08-01,13.10041618347168,20.39366912841797,20.60673713684082,19.176136016845703,19.63271141052246,2324373,2026-09-25
1997-08-04,13.185961723327637,20.526836395263672,20.758928298950195,19.93709373474121,20.150161743164062,2268523,2026-09-25
1997-08-05,13.66745376586914,21.27638053894043,21.6112003326416,20.515422821044922,20.78936767578125,2409381,2026-09-25
1997-08-06,13.550132751464844,21.09375,21.367694854736328,20.88068199157715,21.367694854736328,1078411,2026-09-25
1997-08-07,13.041757583618164,20.30235481262207,21.27638053894043,20.11972427368164,21.27638053894043,1057877,2026-09-25
1997-08-08,12.601821899414062,19.61749267578125,20.30235481262207,19.115259170532227,20.150161743164062,4122683,2026-09-25
1997-08-11,12.552938461303711,19.54139518737793,20.058847427368164,19.23701286315918,19.845779418945312,3002795,2026-09-25
1997-08-12,12.689810752868652,19.75446319580078,20.058847427368164,19.60227394104004,19.72402572631836,2536688,2026-09-25
1997-08-13,14.293147087097168,22.25040626525879,22.46347427368164,19.93709373474121,19.967531204223633,6199835,2026-09-25
1997-08-14,13.980297088623047,21.76339340209961,22.341720581054688,20.941558837890625,21.6112003326416,4248757,2026-09-25
1997-08-15,13.726112365722656,21.367694854736328,22.06777572631836,21.09375,21.09375,2911216,2026-09-25
1997-08-18,14.058509826660156,21.88514518737793,22.341720581054688,21.154626846313477,21.76339340209961,3047968,2026-09-25
1997-08-19,14.019402503967285,21.824268341064453,22.25040626525879,21.519886016845703,21.854707717895508,2995403,2026-09-25
1997-08-20,15.603189468383789,24.28977394104004,24.533279418945312,22.15909194946289,22.28084373474121,5915243,2026-09-25
1997-08-21,14.50822925567627,22.58522605895996,24.22889518737793,22.493911743164062,23.92451286315918,6907003,2026-09-25
1997-08-22,14.527779579162598,22.615665435791016,22.798294067382812,21.824268341064453,22.28084373474121,3941579,2026-09-25
1997-08-25,14.13671875,22.006898880004883,23.13311767578125,21.824268341064453,23.011363983154297,2293984,2026-09-25
1997-08-26,14.273590087890625,22.219968795776367,22.676542282104492,21.94602394104004,22.219968795776367,1856213,2026-09-25
1997-08-27,14.117167472839355,21.97646141052246,22.341720581054688,21.672077178955078,22.15909194946289,2436896,2026-09-25
1997-08-28,13.60879135131836,21.1850643157959,21.672077178955078,21.09375,21.672077178955078,3553088,2026-09-25
1997-08-29,13.295947074890137,20.69805145263672,21.032873153686523,20.363231658935547,20.91111946105957,2871792,2026-09-25
1997-09-02,13.765215873718262,21.428571701049805,21.824268341064453,21.124187469482422,21.245941162109375,2433200,2026-09-25
1997-09-03,14.019402503967285,21.824268341064453,22.43303680419922,21.0024356842041,21.48944854736328,2240597,2026-09-25
1997-09-04,13.882532119750977,21.6112003326416,22.128652572631836,21.215503692626953,21.428571701049805,2586379,2026-09-25
1997-09-05,13.60879135131836,21.1850643157959,22.15909194946289,20.88068199157715,21.732955932617188,1476757,2026-09-25
1997-09-08,13.178630828857422,20.515422821044922,21.58076286315918,20.39366912841797,21.27638053894043,3772384,2026-09-25
1997-09-09,14.038955688476562,21.854707717895508,22.06777572631836,20.78936767578125,20.941558837890625,4877488,2026-09-25
1997-09-10,14.195377349853516,22.09821319580078,22.46347427368164,21.732955932617188,22.09821319580078,2751877,2026-09-25
1997-09-11,14.390912055969238,22.402597427368164,22.706981658935547,22.006898880004883,22.037338256835938,2730933,2026-09-25
1997-09-12,14.430011749267578,22.46347427368164,22.676542282104492,21.915584564208984,22.64610481262207,4348549,2026-09-25
1997-09-15,14.58643913269043,22.706981658935547,23.072240829467773,22.15909194946289,23.072240829467773,2035675,2026-09-25
1997-09-16,15.114361763000488,23.5288143157959,24.046266555786133,22.828733444213867,22.889610290527344,3125584,2026-09-25
1997-09-17,14.674427032470703,22.843952178955078,23.3461856842041,22.76785659790039,23.3461856842041,1717408,2026-09-25
1997-09-18,14.840620994567871,23.102678298950195,23.193994522094727,22.828733444213867,22.889610290527344,2251275,2026-09-25
1997-09-19,14.997048377990723,23.3461856842041,23.559253692626953,22.95048713684082,22.95048713684082,1670181,2026-09-25
1997-09-22,15.622739791870117,24.32021141052246,24.563718795776367,23.681005477905273,23.772321701049805,2596645,2026-09-25
1997-09-23,16.541719436645508,25.750812530517578,26.024755477905273,24.59415626525879,24.59415626525879,3821253,2026-09-25
1997-09-24,16.346193313598633,25.446428298950195,26.237825393676758,24.98985481262207,25.750812530517578,3739531,2026-09-25
1997-09-25,16.463512420654297,25.629058837890625,26.17694854736328,25.142044067382812,25.324674606323242,3279584,2026-09-25
1997-09-26,15.622739791870117,24.32021141052246,25.324674606323242,23.985389709472656,25.233360290527344,7024453,2026-09-25
1997-09-29,15.622739791870117,24.32021141052246,24.868101119995117,23.83319854736328,23.985389709472656,3949381,2026-09-25
1997-09-30,15.446764945983887,24.046266555786133,24.71590805053711,24.046266555786133,24.381088256835938,1801595,2026-09-25
1997-10-01,15.17302417755127,23.62013053894043,24.837661743164062,23.376623153686523,24.381088256835938,4360048,2026-09-25
1997-10-02,15.603189468383789,24.28977394104004,24.533279418945312,23.681005477905273,23.83319854736328,1788453,2026-09-25
1997-10-03,15.75960922241211,24.533279418945312,24.837661743164062,24.015827178955078,24.59415626525879,2016373,2026-09-25
1997-10-06,15.642285346984863,24.350648880004883,25.2637996673584,24.22889518737793,25.08116912841797,2179819,2026-09-25
1997-10-07,15.622739791870117,24.32021141052246,24.868101119995117,24.198457717895508,24.472402572631836,1808576,2026-09-25
1997-10-08,15.886702537536621,24.731128692626953,24.944196701049805,23.65056800842285,24.62459373474121,2427451,2026-09-25
1997-10-09,16.150663375854492,25.142044067382812,25.750812530517578,24.350648880004883,24.41152572631836,2753931,2026-09-25
1997-10-10,15.681395530700684,24.41152572631836,25.446428298950195,24.259334564208984,24.80722427368164,1689072,2026-09-25
1997-10-13,15.603189468383789,24.28977394104004,24.71590805053711,24.10714340209961,24.59415626525879,1195040,2026-09-25
1997-10-14,15.407657623291016,23.985389709472656,24.80722427368164,23.4375,24.746347427368164,3372395,2026-09-25
1997-10-15,15.251235961914062,23.74188232421875,24.046266555786133,23.589691162109375,23.589691162109375,1189291,2026-09-25
1997-10-16,14.605992317199707,22.73741912841797,24.198457717895508,22.06777572631836,24.13758087158203,6286896,2026-09-25
1997-10-17,14.019402503967285,21.824268341064453,22.76785659790039,20.180601119995117,22.76785659790039,16128112,2026-09-25
1997-10-20,13.823878288269043,21.519886016845703,22.128652572631836,20.758928298950195,21.915584564208984,10709365,2026-09-25
1997-10-21,14.762414932250977,22.980924606323242,23.13311767578125,21.94602394104004,22.402597427368164,4437253,2026-09-25
1997-10-22,15.016596794128418,23.376623153686523,23.467937469482422,22.828733444213867,23.22443199157715,3783883,2026-09-25
1997-10-23,13.882532119750977,21.6112003326416,22.64610481262207,21.1850643157959,22.037338256835938,6283611,2026-09-25
1997-10-24,12.728917121887207,19.81534194946289,21.854707717895508,18.019481658935547,21.854707717895508,20330875,2026-09-25
1997-10-27,10.930048942565918,17.015016555786133,19.2674503326416,17.015016555786133,18.8413143157959,7302475,2026-09-25
1997-10-28,12.200987815856934,18.993505477905273,19.784902572631836,16.58888053894043,16.680194854736328,9095856,2026-09-25
1997-10-29,12.357409477233887,19.23701286315918,20.11972427368164,18.719562530517578,19.480518341064453,6084437,2026-09-25
1997-10-30,11.08647346496582,17.25852394104004,18.780437469482422,17.167207717895508,18.141233444213867,5980539,2026-09-25
1997-10-31,11.457979202270508,17.836851119995117,18.689123153686523,17.136768341064453,18.506494522094727,5155099,2026-09-25
1997-11-03,12.161882400512695,18.93263053894043,18.96306800842285,18.171672821044922,18.384740829467773,4465179,2026-09-25
1997-11-04,12.376964569091797,19.2674503326416,19.54139518737793,18.141233444213867,18.780437469482422,3836859,2026-09-25
1997-11-05,13.080864906311035,20.363231658935547,21.27638053894043,19.23701286315918,19.41964340209961,4108720,2026-09-25
1997-11-06,12.122775077819824,18.871753692626953,20.180601119995117,18.75,20.02840805053711,5057360,2026-09-25
1997-11-07,11.457979202270508,17.836851119995117,18.384740829467773,17.349838256835938,17.77597427368164,4360459,2026-09-25
1997-11-10,11.115804672241211,17.304180145263672,18.719562530517578,17.28896141052246,18.689123153686523,4142805,2026-09-25
1997-11-11,11.262449264526367,17.532468795776367,18.019481658935547,17.015016555786133,17.654220581054688,2966656,2026-09-25
1997-11-12,10.167488098144531,15.827921867370605,17.532468795776367,15.614853858947754,17.10633087158203,5168240,2026-09-25
1997-11-13,11.145133018493652,17.349838256835938,17.38027572631836,15.462661743164062,16.680194854736328,7766939,2026-09-25
1997-11-14,11.10602855682373,17.28896141052246,17.928165435791016,16.80194854736328,17.228084564208984,4322267,2026-09-25
1997-11-17,12.10322380065918,18.8413143157959,19.23701286315918,17.89772605895996,17.89772605895996,4718560,2026-09-25
1997-11-18,11.08647346496582,17.25852394104004,18.415178298950195,17.07589340209961,18.26298713684082,7360379,2026-09-25
1997-11-19,10.538994789123535,16.40625,17.045455932617188,16.3149356842041,16.862825393676758,6047067,2026-09-25
1997-11-20,10.812732696533203,16.832386016845703,17.47159194946289,16.558441162109375,16.984577178955078,5383019,2026-09-25
1997-11-21,10.519441604614258,16.375812530517578,17.502029418945312,15.949674606323242,17.47159194946289,8566507,2026-09-25
1997-11-24,10.2163724899292,15.90401840209961,16.436687469482422,15.827921867370605,16.345373153686523,3144885,2026-09-25
1997-11-25,10.011066436767578,15.584416389465332,16.254058837890625,15.158279418945312,16.254058837890625,4578523,2026-09-25
1997-11-26,9.346267700195312,14.54951286315918,15.767045021057129,14.366883277893066,15.553977012634277,9388661,2026-09-25
1997-11-28,9.776433944702148,15.219156265258789,15.523538589477539,14.945211410522461,15.18871784210205,2570773,2026-09-25
1997-12-01,10.343466758728027,16.10186767578125,16.19318199157715,15.219156265258789,16.071428298950195,4329659,2026-09-25
1997-12-02,10.343466758728027,16.10186767578125,16.436687469482422,15.417004585266113,16.3149356842041,3434816,2026-09-25
1997-12-03,10.714969635009766,16.680194854736328,16.862825393676758,15.96489429473877,16.375812530517578,2615947,2026-09-25
1997-12-04,10.38257122039795,16.162744522094727,16.9237003326416,15.949674606323242,16.649755477905273,3934187,2026-09-25
1997-12-05,11.194014549255371,17.425933837890625,17.532468795776367,16.20840072631836,16.22361946105957,3952256,2026-09-25
1997-12-08,11.076700210571289,17.243303298950195,17.77597427368164,17.045455932617188,17.41071319580078,4177712,2026-09-25
1997-12-09,10.90072250366211,16.969358444213867,17.608562469482422,16.649755477905273,17.167207717895508,2894789,2026-09-25
1997-12-10,10.04039478302002,15.630072593688965,16.89326286315918,15.340909004211426,16.741071701049805,5713605,2026-09-25
1997-12-11,9.131187438964844,14.214692115783691,15.28003215789795,13.727679252624512,15.219156265258789,10941803,2026-09-25
1997-12-12,9.346267700195312,14.54951286315918,15.127840995788574,14.153815269470215,14.975648880004883,10483088,2026-09-25
1997-12-15,9.717769622802734,15.127840995788574,15.493101119995117,13.758116722106934,14.73214340209961,6910699,2026-09-25
1997-12-16,9.952406883239746,15.493101119995117,15.91923713684082,14.79301929473877,14.853896141052246,5013829,2026-09-25
1997-12-17,9.854642868041992,15.340909004211426,16.01055145263672,15.097402572631836,15.797484397888184,2786784,2026-09-25
1997-12-18,9.60045337677002,14.945211410522461,15.340909004211426,14.79301929473877,14.853896141052246,4053691,2026-09-25
1997-12-19,10.011066436767578,15.584416389465332,15.827921867370605,14.519075393676758,14.610389709472656,4144037,2026-09-25
1997-12-22,10.245701789855957,15.949674606323242,15.980113983154297,15.249593734741211,15.827921867370605,2548187,2026-09-25
1997-12-23,9.747102737426758,15.173498153686523,15.73660659790039,15.127840995788574,15.584416389465332,1970789,2026-09-25
1997-12-24,9.815539360046387,15.28003215789795,15.584416389465332,15.219156265258789,15.584416389465332,528117,2026-09-25
1997-12-26,9.913302421569824,15.43222427368164,15.584416389465332,15.340909004211426,15.340909004211426,382331,2026-09-25
1997-12-29,10.265254974365234,15.980113983154297,16.132305145263672,15.614853858947754,15.767045021057129,2355584,2026-09-25
1997-12-30,10.617204666137695,16.528003692626953,16.61931800842285,15.980113983154297,16.22361946105957,1409408,2026-09-25
1997-12-31,10.558548927307129,16.436687469482422,16.885652542114258,16.19318199157715,16.680194854736328,2074277,2026-09-25
1998-01-02,10.636759757995605,16.558441162109375,16.61931800842285,15.980113983154297,16.40625,818459,2026-09-25
1998-01-05,11.653508186340332,18.141233444213867,18.810876846313477,16.741071701049805,16.89326286315918,9311456,2026-09-25
1998-01-06,11.10602855682373,17.28896141052246,17.77597427368164,17.07589340209961,17.56290626525879,3034827,2026-09-25
1998-01-07,10.793181419372559,16.80194854736328,17.136768341064453,16.19318199157715,16.89326286315918,2849205,2026-09-25
1998-01-08,10.441230773925781,16.254058837890625,16.9237003326416,16.071428298950195,16.436687469482422,3741173,2026-09-25
1998-01-09,9.795985221862793,15.249593734741211,16.22361946105957,15.127840995788574,16.132305145263672,2262773,2026-09-25
1998-01-12,10.265254974365234,15.980113983154297,16.162744522094727,14.762580871582031,14.79301929473877,3447136,2026-09-25
1998-01-13,10.754073143005371,16.741071701049805,16.771509170532227,15.949674606323242,16.23883819580078,2011445,2026-09-25
1998-01-14,10.890944480895996,16.954139709472656,17.59334373474121,15.797484397888184,16.4975643157959,7596923,2026-09-25
1998-01-15,10.636759757995605,16.558441162109375,17.74553680419922,16.345373153686523,16.61931800842285,3767867,2026-09-25
1998-01-16,10.558548927307129,16.436687469482422,17.25852394104004,16.375812530517578,17.045455932617188,2013499,2026-09-25
1998-01-20,11.360214233398438,17.68465805053711,17.730316162109375,16.741071701049805,16.89326286315918,3190469,2026-09-25
1998-01-21,11.477531433105469,17.86728858947754,18.26298713684082,16.954139709472656,16.954139709472656,3788400,2026-09-25
1998-01-22,10.14793586730957,15.797484397888184,17.228084564208984,15.706169128417969,16.984577178955078,10387403,2026-09-25
1998-01-23,10.304360389709473,16.040990829467773,16.4975643157959,15.767045021057129,16.345373153686523,7133691,2026-09-25
1998-01-26,10.206595420837402,15.888798713684082,16.60409927368164,15.72138786315918,16.39103126525879,4844224,2026-09-25
1998-01-27,10.59765338897705,16.4975643157959,16.71063232421875,16.071428298950195,16.19318199157715,3986752,2026-09-25
1998-01-28,11.311327934265137,17.608562469482422,17.623781204223633,16.61931800842285,16.649755477905273,4372368,2026-09-25
1998-01-29,10.930048942565918,17.015016555786133,17.349838256835938,16.80194854736328,17.167207717895508,1546981,2026-09-25
1998-01-30,10.871389389038086,16.9237003326416,17.0606746673584,16.69541358947754,16.89326286315918,1091963,2026-09-25
1998-02-02,11.712167739868164,18.2325496673584,18.415178298950195,17.41071319580078,17.623781204223633,3393339,2026-09-25
1998-02-03,11.86859130859375,18.476055145263672,18.506494522094727,17.56290626525879,17.68465805053711,5933312,2026-09-25
1998-02-04,11.633953094482422,18.110794067382812,18.44561767578125,17.86728858947754,18.141233444213867,4355531,2026-09-25
1998-02-05,11.829483032226562,18.415178298950195,19.100040435791016,18.26298713684082,18.993505477905273,6286896,2026-09-25
1998-02-06,12.220541954040527,19.023944854736328,19.2674503326416,18.6586856842041,18.871753692626953,4037264,2026-09-25
1998-02-09,12.083669662475586,18.810876846313477,19.41964340209961,18.628246307373047,19.328327178955078,4192907,2026-09-25
1998-02-10,12.29875373840332,19.14569854736328,19.358766555786133,18.323863983154297,18.415178298950195,2088240,2026-09-25
1998-02-11,12.376964569091797,19.2674503326416,19.358766555786133,18.8413143157959,18.871753692626953,2822512,2026-09-25
1998-02-12,12.376964569091797,19.2674503326416,19.358766555786133,18.871753692626953,19.328327178955078,2453323,2026-09-25
1998-02-13,12.10322380065918,18.8413143157959,19.084821701049805,18.75,19.023944854736328,3347344,2026-09-25
1998-02-17,12.142327308654785,18.902191162109375,19.22179412841797,18.8413143157959,19.05438232421875,1963808,2026-09-25
1998-02-18,12.455175399780273,19.389205932617188,19.41964340209961,19.05438232421875,19.115259170532227,1479221,2026-09-25
1998-02-19,12.249866485595703,19.06960105895996,19.358766555786133,18.871753692626953,19.358766555786133,1041861,2026-09-25
1998-02-20,12.200987815856934,18.993505477905273,19.084821701049805,18.689123153686523,19.084821701049805,1013525,2026-09-25
1998-02-23,12.650703430175781,19.693588256835938,19.72402572631836,19.328327178955078,19.480518341064453,1932187,2026-09-25
1998-02-24,13.39371395111084,20.850244522094727,21.09375,20.180601119995117,20.180601119995117,5826128,2026-09-25
1998-02-25,14.400684356689453,22.417816162109375,22.889610290527344,22.09821319580078,22.311281204223633,7368592,2026-09-25
1998-02-26,14.918835639953613,23.22443199157715,23.65056800842285,22.706981658935547,22.706981658935547,8548027,2026-09-25
1998-02-27,14.605992317199707,22.73741912841797,22.828733444213867,22.311281204223633,22.402597427368164,3149813,2026-09-25
1998-03-02,14.087837219238281,21.930803298950195,22.828733444213867,21.76339340209961,22.798294067382812,4691456,2026-09-25
1998-03-03,14.13671875,22.006898880004883,22.143871307373047,21.519886016845703,21.58076286315918,6702080,2026-09-25
1998-03-04,14.351799964904785,22.341720581054688,22.524351119995117,21.76339340209961,21.79383087158203,2343675,2026-09-25
1998-03-05,13.569686889648438,21.124187469482422,21.58076286315918,20.941558837890625,21.215503692626953,6867579,2026-09-25
1998-03-06,14.312692642211914,22.28084373474121,22.55478858947754,21.337255477905273,21.48944854736328,6737397,2026-09-25
1998-03-09,13.960744857788086,21.732955932617188,22.46347427368164,21.626419067382812,21.915584564208984,2822923,2026-09-25
1998-03-10,13.960744857788086,21.732955932617188,21.839488983154297,21.48944854736328,21.732955932617188,4725131,2026-09-25
1998-03-11,13.882532119750977,21.6112003326416,21.77861213684082,21.367694854736328,21.732955932617188,4331712,2026-09-25
1998-03-12,14.410465240478516,22.43303680419922,22.615665435791016,22.06777572631836,22.219968795776367,4267648,2026-09-25
1998-03-13,15.036153793334961,23.407062530517578,23.681005477905273,22.889610290527344,22.9200496673584,4374421,2026-09-25
1998-03-16,15.329438209533691,23.863636016845703,23.894075393676758,23.4375,23.83319854736328,2177765,2026-09-25
1998-03-17,15.075258255004883,23.467937469482422,23.772321701049805,23.13311767578125,23.62013053894043,1456224,2026-09-25
1998-03-18,14.840620994567871,23.102678298950195,23.315746307373047,22.843952178955078,23.193994522094727,1413925,2026-09-25
1998-03-19,14.547331809997559,22.64610481262207,23.072240829467773,22.58522605895996,23.072240829467773,2355995,2026-09-25
1998-03-20,14.46911907196045,22.524351119995117,22.889610290527344,22.28084373474121,22.7830753326416,1398320,2026-09-25
1998-03-23,14.254037857055664,22.189529418945312,22.402597427368164,22.09821319580078,22.341720581054688,892789,2026-09-25
1998-03-24,14.89928150177002,23.193994522094727,23.25486946105957,22.706981658935547,22.859172821044922,1454992,2026-09-25
1998-03-25,14.821070671081543,23.072240829467773,23.589691162109375,22.76785659790039,23.467937469482422,1665253,2026-09-25
1998-03-26,14.703754425048828,22.889610290527344,23.04180145263672,22.73741912841797,22.889610290527344,1873051,2026-09-25
1998-03-27,14.625541687011719,22.76785659790039,22.859172821044922,22.37215805053711,22.828733444213867,912501,2026-09-25
1998-03-30,14.390912055969238,22.402597427368164,22.798294067382812,22.128652572631836,22.58522605895996,993813,2026-09-25
1998-03-31,14.459343910217285,22.509130477905273,22.76785659790039,22.402597427368164,22.402597427368164,753573,2026-09-25
1998-04-01,14.576661109924316,22.691761016845703,22.828733444213867,22.113433837890625,22.402597427368164,1979003,2026-09-25
1998-04-02,14.351799964904785,22.341720581054688,22.676542282104492,22.28084373474121,22.58522605895996,1676752,2026-09-25
1998-04-03,14.038955688476562,21.854707717895508,21.94602394104004,21.30681800842285,21.79383087158203,3258640,2026-09-25
1998-04-06,13.92164134979248,21.672077178955078,22.402597427368164,21.48944854736328,22.311281204223633,3181024,2026-09-25
1998-04-07,13.511028289794922,21.032873153686523,21.672077178955078,21.017654418945312,21.550325393676758,2518619,2026-09-25
1998-04-08,13.70655632019043,21.337255477905273,21.550325393676758,21.032873153686523,21.39813232421875,2078795,2026-09-25
1998-04-09,13.853204727172852,21.56554412841797,21.702516555786133,21.367694854736328,21.550325393676758,672261,2026-09-25
1998-04-13,13.794550895690918,21.47422981262207,21.76339340209961,21.124187469482422,21.702516555786133,2178176,2026-09-25
1998-04-14,14.254037857055664,22.189529418945312,22.37215805053711,21.854707717895508,21.854707717895508,1998715,2026-09-25
1998-04-15,14.488672256469727,22.55478858947754,22.889610290527344,22.28084373474121,22.524351119995117,1614741,2026-09-25
1998-04-16,14.371352195739746,22.37215805053711,22.66132354736328,22.037338256835938,22.28084373474121,1291547,2026-09-25
1998-04-17,14.107392311096191,21.96124267578125,22.037338256835938,21.88514518737793,21.97646141052246,789712,2026-09-25
1998-04-20,14.449563026428223,22.493911743164062,22.58522605895996,22.189529418945312,22.311281204223633,654192,2026-09-25
1998-04-21,14.860173225402832,23.13311767578125,23.25486946105957,22.889610290527344,22.95048713684082,1269371,2026-09-25
1998-04-22,15.309887886047363,23.83319854736328,23.894075393676758,23.407062530517578,23.4375,959728,2026-09-25
1998-04-23,14.977492332458496,23.315746307373047,23.772321701049805,23.25486946105957,23.5288143157959,775339,2026-09-25
1998-04-24,15.016596794128418,23.376623153686523,23.376623153686523,22.980924606323242,23.193994522094727,1114139,2026-09-25
1998-04-27,14.390912055969238,22.402597427368164,22.64610481262207,22.219968795776367,22.28084373474121,897717,2026-09-25
1998-04-28,14.342021942138672,22.326501846313477,22.58522605895996,22.15909194946289,22.43303680419922,1176971,2026-09-25
1998-04-29,14.273590087890625,22.219968795776367,22.28084373474121,22.006898880004883,22.09821319580078,912501,2026-09-25
1998-04-30,14.332246780395508,22.311281204223633,22.64610481262207,22.15909194946289,22.402597427368164,1023381,2026-09-25
1998-05-01,13.765215873718262,21.428571701049805,22.06777572631836,21.09375,21.76339340209961,3951435,2026-09-25
1998-05-04,14.019402503967285,21.824268341064453,21.88514518737793,21.641639709472656,21.79383087158203,2536277,2026-09-25
1998-05-05,14.009627342224121,21.809049606323242,22.28084373474121,21.732955932617188,21.915584564208984,1678395,2026-09-25
1998-05-06,13.794550895690918,21.47422981262207,21.915584564208984,21.459009170532227,21.915584564208984,1070608,2026-09-25
1998-05-07,13.579463958740234,21.139406204223633,21.672077178955078,21.124187469482422,21.428571701049805,2382688,2026-09-25
1998-05-08,13.511028289794922,21.032873153686523,21.672077178955078,20.941558837890625,21.245941162109375,1292573,2026-09-25
1998-05-11,12.846231460571289,19.997970581054688,20.941558837890625,19.967531204223633,20.941558837890625,1280869,2026-09-25
1998-05-12,13.295947074890137,20.69805145263672,20.758928298950195,19.967531204223633,20.21103858947754,1404891,2026-09-25
1998-05-13,13.491480827331543,21.0024356842041,21.428571701049805,20.88068199157715,21.367694854736328,555632,2026-09-25
1998-05-14,13.10041618347168,20.39366912841797,21.124187469482422,20.332792282104492,20.941558837890625,1248221,2026-09-25
1998-05-15,12.826679229736328,19.967531204223633,20.69805145263672,19.90665626525879,20.39366912841797,1582093,2026-09-25
1998-05-18,12.513833999633789,19.480518341064453,19.967531204223633,19.115259170532227,19.663148880004883,1312285,2026-09-25
1998-05-19,13.061311721801758,20.332792282104492,20.637174606323242,20.150161743164062,20.515422821044922,754395,2026-09-25
1998-05-20,13.33504867553711,20.758928298950195,21.428571701049805,20.39366912841797,21.367694854736328,2121093,2026-09-25
1998-05-21,13.21773624420166,20.5762996673584,20.941558837890625,20.39366912841797,20.941558837890625,1186416,2026-09-25
1998-05-22,13.21773624420166,20.5762996673584,21.124187469482422,20.271915435791016,21.124187469482422,2035059,2026-09-25
1998-05-26,12.983100891113281,20.21103858947754,21.30681800842285,20.21103858947754,21.30681800842285,2219653,2026-09-25
1998-05-27,12.513833999633789,19.480518341064453,19.845779418945312,18.506494522094727,19.784902572631836,4273603,2026-09-25
1998-05-28,12.728917121887207,19.81534194946289,19.967531204223633,19.389205932617188,19.72402572631836,984779,2026-09-25
1998-05-29,11.985906600952148,18.6586856842041,19.967531204223633,18.628246307373047,19.784902572631836,2349219,2026-09-25
1998-06-01,11.49708366394043,17.89772605895996,18.993505477905273,17.715097427368164,18.993505477905273,5034568,2026-09-25
1998-06-02,11.164682388305664,17.38027572631836,18.628246307373047,16.984577178955078,18.628246307373047,9312893,2026-09-25
1998-06-03,11.379769325256348,17.715097427368164,18.506494522094727,17.715097427368164,18.202110290527344,6789552,2026-09-25
1998-06-04,11.10602855682373,17.28896141052246,17.715097427368164,16.832386016845703,17.715097427368164,4176480,2026-09-25
1998-06-05,11.027813911437988,17.167207717895508,17.502029418945312,16.984577178955078,17.38027572631836,3981824,2026-09-25
1998-06-08,11.223344802856445,17.47159194946289,17.47159194946289,17.045455932617188,17.045455932617188,1452939,2026-09-25
1998-06-09,11.92724609375,18.56736946105957,18.871753692626953,17.86728858947754,17.95860481262207,1917403,2026-09-25
1998-06-10,11.653508186340332,18.141233444213867,18.689123153686523,18.019481658935547,18.476055145263672,2040397,2026-09-25
1998-06-11,10.734522819519043,16.71063232421875,18.44561767578125,16.132305145263672,18.44561767578125,7711293,2026-09-25
1998-06-12,9.11163330078125,14.184252738952637,14.427760124206543,12.997159004211426,14.336444854736328,16069592,2026-09-25
1998-06-15,8.759682655334473,13.636363983154297,14.366883277893066,13.453734397888184,13.453734397888184,4305635,2026-09-25
1998-06-16,9.522244453430176,14.823457717895508,14.914772987365723,14.123376846313477,14.458197593688965,2005696,2026-09-25
1998-06-17,9.03342342376709,14.0625,15.340909004211426,14.001623153686523,15.03652572631836,3362333,2026-09-25
1998-06-18,9.189847946166992,14.30600643157959,14.30600643157959,13.879870414733887,14.123376846313477,1718435,2026-09-25
1998-06-19,9.170292854309082,14.275568008422852,14.73214340209961,14.245129585266113,14.610389709472656,807576,2026-09-25
1998-06-22,9.365821838378906,14.579951286315918,14.610389709472656,14.032061576843262,14.123376846313477,1364645,2026-09-25
1998-06-23,9.444031715393066,14.701704978942871,14.79301929473877,14.54951286315918,14.762580871582031,1369368,2026-09-25
1998-06-24,9.932856559753418,15.462661743164062,15.523538589477539,14.427760124206543,14.610389709472656,2448395,2026-09-25
1998-06-25,9.346267700195312,14.54951286315918,15.401785850524902,14.54951286315918,15.340909004211426,1721720,2026-09-25
1998-06-26,9.03342342376709,14.0625,14.73214340209961,14.032061576843262,14.73214340209961,1256640,2026-09-25
1998-06-29,9.228954315185547,14.366883277893066,14.427760124206543,14.092938423156738,14.366883277893066,524421,2026-09-25
1998-06-30,9.092080116271973,14.153815269470215,14.488636016845703,14.0625,14.488636016845703,604912,2026-09-25
1998-07-01,9.228954315185547,14.366883277893066,14.427760124206543,14.001623153686523,14.30600643157959,1931981,2026-09-25
1998-07-02,9.228954315185547,14.366883277893066,14.366883277893066,14.245129585266113,14.30600643157959,1575933,2026-09-25
1998-07-06,9.20939826965332,14.336444854736328,14.79301929473877,14.123376846313477,14.79301929473877,1884344,2026-09-25
1998-07-07,9.795985221862793,15.249593734741211,15.340909004211426,14.184252738952637,14.184252738952637,1277995,2026-09-25
1998-07-08,10.011066436767578,15.584416389465332,15.797484397888184,14.79301929473877,14.853896141052246,5412176,2026-09-25
1998-07-09,9.444031715393066,14.701704978942871,15.340909004211426,14.610389709472656,15.03652572631836,1561149,2026-09-25
1998-07-10,9.502692222595215,14.79301929473877,15.03652572631836,14.54951286315918,14.79301929473877,1046995,2026-09-25
1998-07-13,9.307162284851074,14.488636016845703,14.754972457885742,14.366883277893066,14.73214340209961,1182720,2026-09-25
1998-07-14,9.404928207397461,14.640828132629395,14.975648880004883,14.610389709472656,14.79301929473877,731808,2026-09-25
1998-07-15,10.206595420837402,15.888798713684082,16.132305145263672,14.671265602111816,14.74736213684082,4996581,2026-09-25
1998-07-16,10.089279174804688,15.706169128417969,16.071428298950195,15.584416389465332,16.040990829467773,1617205,2026-09-25
1998-07-17,10.187043190002441,15.858360290527344,16.01055145263672,15.645292282104492,15.888798713684082,750904,2026-09-25
1998-07-20,10.069727897644043,15.67573070526123,16.01055145263672,15.584416389465332,15.949674606323242,1274504,2026-09-25
1998-07-21,10.089279174804688,15.706169128417969,15.706169128417969,15.340909004211426,15.401785850524902,1473061,2026-09-25
1998-07-22,9.346267700195312,14.54951286315918,15.584416389465332,14.54951286315918,15.462661743164062,1466285,2026-09-25
1998-07-23,8.42728328704834,13.118911743164062,13.758116722106934,12.966720581054688,13.514610290527344,2777544,2026-09-25
1998-07-24,8.485941886901855,13.210227012634277,13.362419128417969,12.966720581054688,13.33198070526123,1492979,2026-09-25
1998-07-27,8.661916732788086,13.484171867370605,13.57548713684082,12.784090995788574,13.271103858947754,1373064,2026-09-25
1998-07-28,8.877001762390137,13.81899356842041,13.879870414733887,13.271103858947754,13.453734397888184,2156205,2026-09-25
1998-07-29,9.072529792785645,14.123376846313477,14.245129585266113,13.879870414733887,13.879870414733887,1038371,2026-09-25
1998-07-30,9.268057823181152,14.427760124206543,14.610389709472656,14.30600643157959,14.30600643157959,1148840,2026-09-25
1998-07-31,8.974764823913574,13.971184730529785,14.184252738952637,13.879870414733887,14.123376846313477,951104,2026-09-25
1998-08-03,8.642366409301758,13.453734397888184,13.758116722106934,13.179788589477539,13.697239875793457,1037549,2026-09-25
1998-08-04,8.368627548217773,13.027597427368164,13.636363983154297,13.027597427368164,13.57548713684082,577192,2026-09-25
1998-08-05,8.583706855773926,13.362419128417969,13.514610290527344,13.058035850524902,13.33198070526123,781704,2026-09-25
1998-08-06,9.072529792785645,14.123376846313477,14.184252738952637,13.058035850524902,13.149351119995117,1807549,2026-09-25
1998-08-07,9.307162284851074,14.488636016845703,14.762580871582031,13.879870414733887,13.879870414733887,3066243,2026-09-25
1998-08-10,8.798791885375977,13.697239875793457,14.336444854736328,13.666802406311035,14.123376846313477,1523984,2026-09-25
1998-08-11,8.485941886901855,13.210227012634277,13.453734397888184,13.08847427368164,13.210227012634277,1013731,2026-09-25
1998-08-12,8.818344116210938,13.727679252624512,13.758116722106934,13.240666389465332,13.39285659790039,1554989,2026-09-25
1998-08-13,8.407730102539062,13.08847427368164,13.423295021057129,13.027597427368164,13.39285659790039,765072,2026-09-25
1998-08-14,8.446837425231934,13.149351119995117,13.240666389465332,12.753652572631836,13.210227012634277,832627,2026-09-25
1998-08-17,8.603260040283203,13.39285659790039,13.39285659790039,12.905843734741211,13.027597427368164,813325,2026-09-25
1998-08-18,8.759682655334473,13.636363983154297,13.879870414733887,13.362419128417969,13.39285659790039,1082928,2026-09-25
1998-08-19,8.290414810180664,12.905843734741211,13.605924606323242,12.905843734741211,13.57548713684082,1430763,2026-09-25
1998-08-20,7.821143627166748,12.175325393676758,12.540583610534668,12.144886016845703,12.418830871582031,1023587,2026-09-25
1998-08-21,7.625618934631348,11.870942115783691,11.992694854736328,11.566557884216309,11.901379585266113,865480,2026-09-25
1998-08-24,7.4691948890686035,11.627434730529785,11.810065269470215,11.23173713684082,11.657873153686523,946792,2026-09-25
1998-08-25,7.684276580810547,11.96225643157959,12.297078132629395,11.749188423156738,11.992694854736328,733245,2026-09-25
1998-08-26,7.4105353355407715,11.536120414733887,11.566557884216309,11.140421867370605,11.201298713684082,666512,2026-09-25
1998-08-27,6.823951244354248,10.622970581054688,11.140421867370605,10.470779418945312,11.079545021057129,1648211,2026-09-25
1998-08-28,6.96082067489624,10.836038589477539,10.866477012634277,10.379464149475098,10.622970581054688,882933,2026-09-25
1998-08-31,5.513906955718994,8.583603858947754,10.04464340209961,7.426948070526123,9.740260124206543,4799461,2026-09-25
1998-09-01,6.550207614898682,10.196833610534668,10.288148880004883,8.948863983154297,9.13149356842041,2059904,2026-09-25
1998-09-02,6.100493907928467,9.496752738952637,10.075080871582031,9.496752738952637,9.86201286315918,1229947,2026-09-25
1998-09-03,5.865860462188721,9.13149356842041,9.253247261047363,8.979302406311035,9.253247261047363,969995,2026-09-25
1998-09-04,5.826754093170166,9.070616722106934,9.801136016845703,9.009739875793457,9.648944854736328,883344,2026-09-25
1998-09-08,6.569762706756592,10.227272987365723,10.34902572631836,9.61850643157959,10.227272987365723,1561971,2026-09-25
1998-09-09,5.885412693023682,9.161931991577148,9.801136016845703,9.13149356842041,9.740260124206543,614973,2026-09-25
1998-09-10,5.904965400695801,9.192370414733887,9.192370414733887,8.340097427368164,8.340097427368164,1190317,2026-09-25
1998-09-11,5.944071292877197,9.253247261047363,9.435876846313477,9.009739875793457,9.435876846313477,1669565,2026-09-25
1998-09-14,5.670331001281738,8.827110290527344,9.253247261047363,8.766234397888184,9.253247261047363,666101,2026-09-25
1998-09-15,5.748542308807373,8.948863983154297,9.192370414733887,8.40097427368164,8.583603858947754,910653,2026-09-25
1998-09-16,5.5921173095703125,8.70535659790039,8.735795021057129,8.431411743164062,8.522727012634277,556453,2026-09-25
1998-09-17,5.259720802307129,8.187906265258789,8.461851119995117,7.792208194732666,7.944398880004883,534688,2026-09-25
1998-09-18,5.044639587402344,7.853084087371826,8.066152572631836,7.700892925262451,7.853084087371826,791355,2026-09-25
1998-09-21,4.770899295806885,7.426948070526123,7.6095781326293945,6.939935207366943,7.122564792633057,493621,2026-09-25
1998-09-22,5.396590709686279,8.40097427368164,8.827110290527344,7.6095781326293945,7.670454978942871,3463152,2026-09-25
1998-09-23,5.494355201721191,8.553166389465332,8.64448070526123,8.24878215789795,8.583603858947754,2112469,2026-09-25
1998-09-24,5.1228508949279785,7.974837779998779,8.461851119995117,7.792208194732666,8.279220581054688,894021,2026-09-25
1998-09-25,5.161955833435059,8.035714149475098,8.15746784210205,7.731330871582031,7.822646141052246,1049869,2026-09-25
1998-09-28,5.259720802307129,8.187906265258789,8.340097427368164,7.906351089477539,7.974837779998779,3484096,2026-09-25
1998-09-29,5.3770365715026855,8.370535850524902,8.553166389465332,8.279220581054688,8.522727012634277,846795,2026-09-25
1998-09-30,4.907769680023193,7.640016078948975,8.035714149475098,7.640016078948975,7.853084087371826,391776,2026-09-25
1998-10-01,4.575370788574219,7.122564792633057,7.51826286315918,7.00081205368042,7.3660712242126465,679243,2026-09-25
1998-10-02,4.888216972351074,7.6095781326293945,7.731330871582031,7.3660712242126465,7.54870080947876,739611,2026-09-25
1998-10-05,4.536264419555664,7.06168794631958,7.426948070526123,6.939935207366943,7.426948070526123,825440,2026-09-25
1998-10-06,4.536264419555664,7.06168794631958,7.244318008422852,7.00081205368042,7.153003215789795,707373,2026-09-25
1998-10-07,4.399395942687988,6.8486199378967285,7.244318008422852,6.757305145263672,7.00081205368042,640845,2026-09-25
1998-10-08,4.125654220581055,6.422483921051025,6.757305145263672,6.300731182098389,6.361607074737549,967736,2026-09-25
1998-10-09,4.2625250816345215,6.635551929473877,6.6964287757873535,6.300731182098389,6.51379919052124,718461,2026-09-25
1998-10-12,4.7366814613342285,7.37368106842041,7.6095781326293945,6.635551929473877,6.757305145263672,3797024,2026-09-25
1998-10-13,4.8100056648254395,7.4878249168396,7.4878249168396,7.274755954742432,7.426948070526123,1492979,2026-09-25
1998-10-14,5.2792744636535645,8.218343734741211,8.461851119995117,7.54870080947876,7.640016078948975,1702213,2026-09-25
1998-10-15,5.7289886474609375,8.918424606323242,9.009739875793457,8.461851119995117,8.522727012634277,2382893,2026-09-25
1998-10-16,5.983175754547119,9.314123153686523,9.557629585266113,8.583603858947754,8.583603858947754,3446725,2026-09-25
1998-10-19,5.8463053703308105,9.101055145263672,9.13149356842041,8.766234397888184,8.918424606323242,1155411,2026-09-25
1998-10-20,6.335127353668213,9.86201286315918,9.892451286315918,9.070616722106934,9.070616722106934,2108979,2026-09-25
1998-10-21,6.647973537445068,10.34902572631836,10.409902572631836,9.801136016845703,10.10551929473877,1010445,2026-09-25
1998-10-22,7.019477844238281,10.927353858947754,11.201298713684082,10.288148880004883,10.34902572631836,1573675,2026-09-25
1998-10-23,7.234558582305908,11.262174606323242,12.084010124206543,11.262174606323242,11.505681991577148,4333971,2026-09-25
1998-10-26,6.7457404136657715,10.50121784210205,10.775161743164062,10.409902572631836,10.470779418945312,3544464,2026-09-25
1998-10-27,6.96082067489624,10.836038589477539,11.444805145263672,10.59253215789795,11.383929252624512,3795587,2026-09-25
1998-10-28,7.019477844238281,10.927353858947754,11.079545021057129,10.836038589477539,10.957792282104492,1728701,2026-09-25
1998-10-29,7.254115581512451,11.292613983154297,11.505681991577148,11.23173713684082,11.262174606323242,1463205,2026-09-25
1998-10-30,7.977569103240967,12.418830871582031,12.966720581054688,12.236201286315918,12.540583610534668,4618152,2026-09-25
1998-11-02,7.606064319610596,11.840502738952637,12.20576286315918,11.749188423156738,11.810065269470215,3977512,2026-09-25
1998-11-03,7.312770843505859,11.383929252624512,11.855722427368164,11.353489875793457,11.749188423156738,1890093,2026-09-25
1998-11-04,7.801593780517578,12.144886016845703,12.266639709472656,11.47524356842041,11.688311576843262,2706499,2026-09-25
1998-11-05,8.055779457092285,12.540583610534668,12.662338256835938,11.931818008422852,11.931818008422852,2858445,2026-09-25
1998-11-06,8.25130844116211,12.84496784210205,12.905843734741211,12.418830871582031,12.418830871582031,680064,2026-09-25
1998-11-09,8.231756210327148,12.814529418945312,12.997159004211426,12.662338256835938,12.84496784210205,648443,2026-09-25
1998-11-10,7.977569103240967,12.418830871582031,12.479707717895508,11.96225643157959,12.266639709472656,1811656,2026-09-25
1998-11-11,8.95521068572998,13.940747261047363,14.245129585266113,13.073254585266113,13.301542282104492,5250784,2026-09-25
1998-11-12,8.622810363769531,13.423295021057129,13.636363983154297,13.240666389465332,13.271103858947754,493827,2026-09-25
1998-11-13,8.681471824645996,13.514610290527344,13.605924606323242,13.240666389465332,13.271103858947754,990528,2026-09-25
1998-11-16,8.544602394104004,13.301542282104492,13.453734397888184,13.149351119995117,13.33198070526123,526475,2026-09-25
1998-11-17,8.368627548217773,13.027597427368164,13.301542282104492,12.905843734741211,13.301542282104492,748235,2026-09-25
1998-11-18,8.270859718322754,12.875406265258789,13.149351119995117,12.814529418945312,13.027597427368164,532840,2026-09-25
1998-11-19,8.642366409301758,13.453734397888184,13.453734397888184,13.271103858947754,13.33198070526123,841045,2026-09-25
1998-11-20,8.994316101074219,14.001623153686523,14.123376846313477,13.636363983154297,13.81899356842041,1048227,2026-09-25
1998-11-23,9.404928207397461,14.640828132629395,14.671265602111816,13.940747261047363,14.032061576843262,879237,2026-09-25
1998-11-24,9.170292854309082,14.275568008422852,14.73214340209961,14.184252738952637,14.30600643157959,1488256,2026-09-25
1998-11-25,9.385375022888184,14.610389709472656,14.762580871582031,14.366883277893066,14.427760124206543,1212493,2026-09-25
1998-11-27,9.385375022888184,14.610389709472656,14.73214340209961,14.427760124206543,14.610389709472656,98765,2026-09-25
1998-11-30,8.857444763183594,13.788555145263672,14.610389709472656,13.636363983154297,14.427760124206543,628115,2026-09-25
1998-12-01,8.837896347045898,13.758116722106934,13.758116722106934,12.784090995788574,13.027597427368164,839197,2026-09-25
1998-12-02,8.837896347045898,13.758116722106934,13.788555145263672,12.662338256835938,13.149351119995117,2778776,2026-09-25
1998-12-03,9.854642868041992,15.340909004211426,16.40625,13.940747261047363,13.940747261047363,9078403,2026-09-25
1998-12-04,10.011066436767578,15.584416389465332,15.827921867370605,15.219156265258789,15.706169128417969,2951667,2026-09-25
1998-12-07,9.815539360046387,15.28003215789795,15.462661743164062,14.488636016845703,15.340909004211426,2090704,2026-09-25
1998-12-08,10.069727897644043,15.67573070526123,16.3149356842041,15.097402572631836,15.158279418945312,2445109,2026-09-25
1998-12-09,9.854642868041992,15.340909004211426,15.827921867370605,14.914772987365723,15.827921867370605,970611,2026-09-25
1998-12-10,9.54179859161377,14.853896141052246,15.340909004211426,14.853896141052246,15.310470581054688,865891,2026-09-25
1998-12-11,8.877001762390137,13.81899356842041,14.184252738952637,13.57548713684082,14.0625,2758859,2026-09-25
1998-12-14,8.485941886901855,13.210227012634277,13.697239875793457,13.210227012634277,13.636363983154297,594440,2026-09-25
1998-12-15,8.759682655334473,13.636363983154297,13.81899356842041,12.997159004211426,13.149351119995117,935909,2026-09-25
1998-12-16,8.368627548217773,13.027597427368164,13.879870414733887,12.966720581054688,13.758116722106934,729549,2026-09-25
1998-12-17,8.446837425231934,13.149351119995117,13.39285659790039,12.875406265258789,12.905843734741211,668360,2026-09-25
1998-12-18,9.03342342376709,14.0625,14.245129585266113,13.514610290527344,13.514610290527344,2912243,2026-09-25
1998-12-21,9.424481391906738,14.671265602111816,14.701704978942871,14.366883277893066,14.427760124206543,1272245,2026-09-25
1998-12-22,9.365821838378906,14.579951286315918,14.823457717895508,14.427760124206543,14.671265602111816,1775517,2026-09-25
1998-12-23,9.365821838378906,14.579951286315918,14.815848350524902,14.123376846313477,14.73214340209961,1615152,2026-09-25
1998-12-24,9.46358585357666,14.73214340209961,14.853896141052246,14.30600643157959,14.366883277893066,325864,2026-09-25
1998-12-28,9.502692222595215,14.79301929473877,14.914772987365723,14.671265602111816,14.79301929473877,372885,2026-09-25
1998-12-29,9.60045337677002,14.945211410522461,15.006088256835938,14.671265602111816,14.853896141052246,372885,2026-09-25
1998-12-30,9.698221206665039,15.097402572631836,15.43222427368164,14.73214340209961,14.73214340209961,480275,2026-09-25
1998-12-31,9.54179859161377,14.853896141052246,15.401785850524902,14.701704978942871,15.158279418945312,272067,2026-09-25
1999-01-04,10.128387451171875,15.767045021057129,15.949674606323242,15.28003215789795,15.28003215789795,1387437,2026-09-25
1999-01-05,11.653508186340332,18.141233444213867,18.506494522094727,15.219156265258789,15.401785850524902,6346032,2026-09-25
1999-01-06,14.078062057495117,21.915584564208984,22.859172821044922,18.44561767578125,18.506494522094727,12628205,2026-09-25
1999-01-07,14.058509826660156,21.88514518737793,23.13311767578125,18.871753692626953,19.14569854736328,13646043,2026-09-25
1999-01-08,13.178630828857422,20.515422821044922,21.154626846313477,19.510957717895508,20.88068199157715,8235920,2026-09-25
1999-01-11,12.70936107635498,19.784902572631836,20.150161743164062,19.05438232421875,19.54139518737793,3109157,2026-09-25
1999-01-12,12.318304061889648,19.176136016845703,19.784902572631836,19.160917282104492,19.41964340209961,861168,2026-09-25
1999-01-13,13.178630828857422,20.515422821044922,20.78936767578125,17.715097427368164,17.77597427368164,4456965,2026-09-25
1999-01-14,12.748466491699219,19.845779418945312,20.515422821044922,19.45008087158203,20.271915435791016,3698875,2026-09-25
1999-01-15,13.530583381652832,21.063312530517578,21.30681800842285,19.54139518737793,19.571834564208984,3732755,2026-09-25
1999-01-19,12.983100891113281,20.21103858947754,20.941558837890625,20.150161743164062,20.728490829467773,1621312,2026-09-25
1999-01-20,13.374159812927246,20.819805145263672,22.037338256835938,19.60227394104004,19.72402572631836,5296163,2026-09-25
1999-01-21,12.88533878326416,20.058847427368164,21.0024356842041,19.967531204223633,20.69805145263672,4037469,2026-09-25
1999-01-22,13.74566650390625,21.39813232421875,21.97646141052246,19.60227394104004,19.60227394104004,4760448,2026-09-25
1999-01-25,13.452369689941406,20.941558837890625,22.15148162841797,20.88068199157715,21.76339340209961,2722309,2026-09-25
1999-01-26,13.765215873718262,21.428571701049805,21.550325393676758,20.69805145263672,20.941558837890625,3513253,2026-09-25
1999-01-27,13.27639389038086,20.667613983154297,21.854707717895508,20.667613983154297,21.367694854736328,1076563,2026-09-25
1999-01-28,13.60879135131836,21.1850643157959,21.367694854736328,20.758928298950195,20.758928298950195,1138573,2026-09-25
1999-01-29,14.547331809997559,22.64610481262207,22.676542282104492,21.337255477905273,21.641639709472656,3678752,2026-09-25
1999-02-01,14.390912055969238,22.402597427368164,23.25486946105957,22.28084373474121,22.493911743164062,2921688,2026-09-25
1999-02-02,13.530583381652832,21.063312530517578,21.915584564208984,20.332792282104492,21.915584564208984,3277736,2026-09-25
1999-02-03,14.195377349853516,22.09821319580078,22.43303680419922,20.150161743164062,20.39366912841797,4739299,2026-09-25
1999-02-04,13.999848365783691,21.79383087158203,23.25486946105957,21.6112003326416,22.64610481262207,5877872,2026-09-25
1999-02-05,13.452369689941406,20.941558837890625,21.915584564208984,19.845779418945312,21.79383087158203,3297037,2026-09-25
1999-02-08,14.410465240478516,22.43303680419922,22.493911743164062,21.915584564208984,22.09821319580078,3522288,2026-09-25
1999-02-09,13.726112365722656,21.367694854736328,22.95048713684082,21.367694854736328,22.46347427368164,4105435,2026-09-25
1999-02-10,14.038955688476562,21.854707717895508,22.15909194946289,21.063312530517578,21.337255477905273,3881005,2026-09-25
1999-02-11,14.664649963378906,22.828733444213867,23.13311767578125,21.732955932617188,22.219968795776367,3157411,2026-09-25
1999-02-12,14.195377349853516,22.09821319580078,22.706981658935547,21.672077178955078,22.58522605895996,4086544,2026-09-25
1999-02-16,14.351799964904785,22.341720581054688,22.73741912841797,21.824268341064453,21.824268341064453,3181640,2026-09-25
1999-02-17,13.765215873718262,21.428571701049805,22.341720581054688,21.245941162109375,21.550325393676758,2349219,2026-09-25
1999-02-18,13.569686889648438,21.124187469482422,21.76339340209961,20.88068199157715,21.732955932617188,1949229,2026-09-25
1999-02-19,13.374159812927246,20.819805145263672,21.367694854736328,20.758928298950195,21.337255477905273,1378813,2026-09-25
1999-02-22,13.960744857788086,21.732955932617188,21.732955932617188,20.819805145263672,21.1850643157959,2118424,2026-09-25
1999-02-23,13.618570327758789,21.20028305053711,21.79383087158203,21.0024356842041,21.428571701049805,1001616,2026-09-25
1999-02-24,13.68700122833252,21.30681800842285,21.847097396850586,21.063312530517578,21.245941162109375,2377760,2026-09-25
1999-02-25,13.413264274597168,20.88068199157715,21.732955932617188,20.69805145263672,21.672077178955078,3635016,2026-09-25
1999-02-26,12.396516799926758,19.297889709472656,20.88068199157715,19.23701286315918,20.88068199157715,3330917,2026-09-25
1999-03-01,12.025012016296387,18.719562530517578,19.23701286315918,18.44561767578125,19.176136016845703,3025381,2026-09-25
1999-03-02,12.00545883178711,18.689123153686523,19.54139518737793,18.597808837890625,19.297889709472656,2801979,2026-09-25
1999-03-03,12.10322380065918,18.8413143157959,19.72402572631836,18.384740829467773,19.663148880004883,2190907,2026-09-25
1999-03-04,12.200987815856934,18.993505477905273,19.115259170532227,18.35430145263672,18.871753692626953,2204664,2026-09-25
1999-03-05,12.43562126159668,19.358766555786133,19.54139518737793,18.93263053894043,19.297889709472656,1806112,2026-09-25
1999-03-08,12.670254707336426,19.72402572631836,19.845779418945312,19.358766555786133,19.510957717895508,1569979,2026-09-25
1999-03-09,12.455175399780273,19.389205932617188,20.5762996673584,19.297889709472656,19.72402572631836,4539920,2026-09-25
1999-03-10,12.943995475769043,20.150161743164062,20.21103858947754,18.993505477905273,19.328327178955078,6518512,2026-09-25
1999-03-11,13.21773624420166,20.5762996673584,20.637174606323242,19.921875,20.11972427368164,3885112,2026-09-25
1999-03-12,12.983100891113281,20.21103858947754,20.454544067382812,19.845779418945312,20.150161743164062,1794613,2026-09-25
1999-03-15,13.27639389038086,20.667613983154297,20.69805145263672,20.08928680419922,20.332792282104492,2191317,2026-09-25
1999-03-16,14.254037857055664,22.189529418945312,22.37215805053711,21.27638053894043,21.367694854736328,6181971,2026-09-25
1999-03-17,14.390912055969238,22.402597427368164,22.64610481262207,22.09821319580078,22.09821319580078,2355173,2026-09-25
1999-03-18,14.80151653289795,23.04180145263672,23.102678298950195,22.524351119995117,22.64610481262207,1831984,2026-09-25
1999-03-19,14.312692642211914,22.28084373474121,23.65056800842285,22.219968795776367,23.376623153686523,1381483,2026-09-25
1999-03-22,14.156277656555176,22.037338256835938,22.615665435791016,21.854707717895508,22.615665435791016,1510227,2026-09-25
1999-03-23,13.68700122833252,21.30681800842285,22.037338256835938,21.245941162109375,21.854707717895508,1385179,2026-09-25
1999-03-24,13.27639389038086,20.667613983154297,21.6112003326416,20.454544067382812,21.30681800842285,2131360,2026-09-25
1999-03-25,14.097617149353027,21.94602394104004,22.037338256835938,21.428571701049805,21.428571701049805,1597904,2026-09-25
1999-03-26,13.374159812927246,20.819805145263672,21.459009170532227,20.5762996673584,21.459009170532227,1486819,2026-09-25
1999-03-29,13.823878288269043,21.519886016845703,21.732955932617188,20.941558837890625,21.063312530517578,1887424,2026-09-25
1999-03-30,14.038955688476562,21.854707717895508,22.189529418945312,21.154626846313477,21.27638053894043,2018632,2026-09-25
1999-03-31,14.078062057495117,21.915584564208984,22.37215805053711,21.672077178955078,22.15909194946289,1648827,2026-09-25
1999-04-01,14.390912055969238,22.402597427368164,22.64610481262207,22.28084373474121,22.28084373474121,1543901,2026-09-25
1999-04-05,15.016596794128418,23.376623153686523,23.74188232421875,22.64610481262207,22.64610481262207,2438333,2026-09-25
1999-04-06,15.094807624816895,23.498376846313477,23.92451286315918,22.828733444213867,23.102678298950195,3942811,2026-09-25
1999-04-07,15.524971008300781,24.168018341064453,24.533279418945312,23.407062530517578,23.74188232421875,3559043,2026-09-25
1999-04-08,15.5640869140625,24.22889518737793,24.44196319580078,24.015827178955078,24.22889518737793,904699,2026-09-25
1999-04-09,15.133914947509766,23.559253692626953,23.985389709472656,23.3461856842041,23.985389709472656,877184,2026-09-25
1999-04-12,14.58643913269043,22.706981658935547,22.980924606323242,22.58522605895996,22.889610290527344,1017427,2026-09-25
1999-04-13,14.449563026428223,22.493911743164062,23.13311767578125,22.219968795776367,22.828733444213867,1609403,2026-09-25
1999-04-14,14.254037857055664,22.189529418945312,23.072240829467773,22.09821319580078,23.072240829467773,1460125,2026-09-25
1999-04-15,14.195377349853516,22.09821319580078,22.402597427368164,21.6112003326416,22.15909194946289,2209592,2026-09-25
1999-04-16,14.371352195739746,22.37215805053711,22.46347427368164,21.97646141052246,22.037338256835938,1441851,2026-09-25
1999-04-19,13.726112365722656,21.367694854736328,22.219968795776367,21.367694854736328,22.219968795776367,1235080,2026-09-25
1999-04-20,13.256840705871582,20.637174606323242,21.063312530517578,20.30235481262207,20.819805145263672,2889451,2026-09-25
1999-04-21,14.625541687011719,22.76785659790039,22.828733444213867,21.30681800842285,21.428571701049805,4341979,2026-09-25
1999-04-22,14.957944869995117,23.285308837890625,23.3461856842041,22.73741912841797,22.889610290527344,1976333,2026-09-25
1999-04-23,14.821070671081543,23.072240829467773,23.315746307373047,22.798294067382812,22.828733444213867,1705293,2026-09-25
1999-04-26,14.781962394714355,23.011363983154297,23.13311767578125,22.828733444213867,22.95048713684082,2542027,2026-09-25
1999-04-27,14.46911907196045,22.524351119995117,23.072240829467773,22.219968795776367,22.95048713684082,1739379,2026-09-25
1999-04-28,13.823878288269043,21.519886016845703,22.341720581054688,21.124187469482422,22.341720581054688,1281280,2026-09-25
1999-04-29,12.826679229736328,19.967531204223633,21.519886016845703,19.45008087158203,21.48944854736328,4578523,2026-09-25
1999-04-30,12.200987815856934,18.993505477905273,20.332792282104492,18.628246307373047,20.21103858947754,3606885,2026-09-25
1999-05-03,12.631148338317871,19.663148880004883,19.784902572631836,18.902191162109375,19.72402572631836,3328659,2026-09-25
1999-05-04,12.161882400512695,18.93263053894043,19.72402572631836,18.871753692626953,19.693588256835938,5172141,2026-09-25
1999-05-05,12.083669662475586,18.810876846313477,19.206575393676758,17.715097427368164,18.506494522094727,6766349,2026-09-25
1999-05-06,12.396516799926758,19.297889709472656,20.08928680419922,18.993505477905273,19.60227394104004,5388563,2026-09-25
1999-05-07,12.631148338317871,19.663148880004883,20.21103858947754,19.54139518737793,20.08928680419922,3008133,2026-09-25
1999-05-10,12.083669662475586,18.810876846313477,19.23701286315918,18.75,19.23701286315918,882317,2026-09-25
1999-05-11,12.220541954040527,19.023944854736328,19.297889709472656,18.93263053894043,19.115259170532227,3795587,2026-09-25
1999-05-12,12.396516799926758,19.297889709472656,19.54139518737793,18.871753692626953,19.115259170532227,2952693,2026-09-25
1999-05-13,12.96355152130127,20.180601119995117,20.69805145263672,19.358766555786133,19.663148880004883,5594923,2026-09-25
1999-05-14,13.511028289794922,21.032873153686523,21.215503692626953,20.454544067382812,20.5762996673584,3296216,2026-09-25
1999-05-17,13.452369689941406,20.941558837890625,21.0024356842041,20.150161743164062,20.515422821044922,2815120,2026-09-25
1999-05-18,14.254037857055664,22.189529418945312,22.25040626525879,21.550325393676758,21.6112003326416,1443288,2026-09-25
1999-05-19,14.684202194213867,22.859172821044922,23.011363983154297,22.615665435791016,22.889610290527344,3039549,2026-09-25
1999-05-20,14.038955688476562,21.854707717895508,22.615665435791016,21.854707717895508,22.55478858947754,1060957,2026-09-25
1999-05-21,13.941194534301758,21.702516555786133,22.706981658935547,21.550325393676758,22.037338256835938,1311464,2026-09-25
1999-05-24,13.68700122833252,21.30681800842285,21.915584564208984,20.88068199157715,21.915584564208984,1024408,2026-09-25
1999-05-25,13.413264274597168,20.88068199157715,21.79383087158203,20.88068199157715,21.367694854736328,942685,2026-09-25
1999-05-26,14.097617149353027,21.94602394104004,22.09821319580078,20.941558837890625,21.672077178955078,2301581,2026-09-25
1999-05-27,13.92164134979248,21.672077178955078,22.09821319580078,21.30681800842285,21.459009170532227,1824387,2026-09-25
1999-05-28,13.80432415008545,21.48944854736328,21.76339340209961,21.337255477905273,21.641639709472656,213341,2026-09-25
1999-06-01,13.862977027893066,21.58076286315918,21.79383087158203,21.428571701049805,21.732955932617188,194656,2026-09-25
1999-06-02,14.058509826660156,21.88514518737793,22.006898880004883,21.1850643157959,21.59598159790039,724416,2026-09-25
1999-06-03,14.117167472839355,21.97646141052246,22.09821319580078,21.702516555786133,22.037338256835938,1080464,2026-09-25
1999-06-04,14.547331809997559,22.64610481262207,22.76785659790039,22.006898880004883,22.037338256835938,966709,2026-09-25
1999-06-07,14.527779579162598,22.615665435791016,22.76785659790039,22.219968795776367,22.219968795776367,1724184,2026-09-25
1999-06-08,14.742857933044434,22.95048713684082,23.25486946105957,22.828733444213867,22.828733444213867,732219,2026-09-25
1999-06-09,15.407657623291016,23.985389709472656,24.22889518737793,23.102678298950195,23.102678298950195,3361923,2026-09-25
1999-06-10,16.228879928588867,25.2637996673584,25.415990829467773,24.076705932617188,24.076705932617188,4641560,2026-09-25
1999-06-11,16.052902221679688,24.98985481262207,25.324674606323242,24.685470581054688,25.2637996673584,2540795,2026-09-25
1999-06-14,16.580829620361328,25.811687469482422,26.17694854736328,25.29423713684082,25.6899356842041,2960291,2026-09-25
1999-06-15,16.776357650756836,26.116071701049805,27.05965805053711,25.811687469482422,25.903003692626953,2562560,2026-09-25
1999-06-16,17.754003524780273,27.63798713684082,27.759740829467773,26.66396141052246,26.78571319580078,2331971,2026-09-25
1999-06-17,17.773550033569336,27.668424606323242,27.82061767578125,27.211851119995117,27.27272605895996,2382688,2026-09-25
1999-06-18,17.656238555908203,27.485794067382812,27.698863983154297,27.15097427368164,27.546672821044922,2338952,2026-09-25
1999-06-21,18.360139846801758,28.581575393676758,28.581575393676758,27.759740829467773,27.881494522094727,904288,2026-09-25
1999-06-22,17.421600341796875,27.12053680419922,28.185876846313477,27.090097427368164,27.516233444213867,1921509,2026-09-25
1999-06-23,17.128307342529297,26.66396141052246,26.907468795776367,26.116071701049805,26.511768341064453,892379,2026-09-25
1999-06-24,17.206520080566406,26.78571319580078,28.185876846313477,26.48133087158203,26.84659194946289,1457045,2026-09-25
1999-06-25,17.441160202026367,27.15097427368164,27.577110290527344,27.029220581054688,27.029220581054688,548035,2026-09-25
1999-06-28,17.1087589263916,26.63352394104004,27.15097427368164,26.603084564208984,26.907468795776367,908600,2026-09-25
1999-06-29,17.754003524780273,27.63798713684082,27.851055145263672,26.84659194946289,26.84659194946289,1233437,2026-09-25
1999-06-30,18.575218200683594,28.91639518737793,28.946834564208984,27.881494522094727,27.881494522094727,1666691,2026-09-25
1999-07-01,19.20090675354004,29.890422821044922,30.042613983154297,28.79464340209961,29.28165626525879,2147171,2026-09-25
1999-07-02,19.161806106567383,29.829544067382812,30.133928298950195,29.707792282104492,30.07305145263672,625856,2026-09-25
1999-07-06,19.04448890686035,29.646915435791016,29.9512996673584,28.855518341064453,28.855518341064453,2163187,2026-09-25
1999-07-07,18.848962783813477,29.342531204223633,29.646915435791016,29.09902572631836,29.525161743164062,1407149,2026-09-25
1999-07-08,19.161806106567383,29.829544067382812,30.012174606323242,28.703327178955078,28.733766555786133,1288261,2026-09-25
1999-07-09,19.43553924560547,30.25568199157715,30.3774356842041,29.829544067382812,30.16436767578125,643104,2026-09-25
1999-07-12,19.3182315826416,30.07305145263672,30.438312530517578,29.555601119995117,30.194805145263672,1725416,2026-09-25
1999-07-13,19.00538444519043,29.58603858947754,29.859983444213867,29.28165626525879,29.859983444213867,557069,2026-09-25
1999-07-14,19.90481185913086,30.9862003326416,31.16883087158203,29.46428680419922,29.46428680419922,2926411,2026-09-25
1999-07-15,20.491403579711914,31.899351119995117,32.6298713684082,31.777597427368164,32.14285659790039,1531992,2026-09-25
1999-07-16,21.586362838745117,33.60389709472656,33.90827941894531,32.02110290527344,32.2037353515625,4347523,2026-09-25
1999-07-19,21.1953067779541,32.9951286315918,33.725650787353516,32.75162124633789,33.2386360168457,2143269,2026-09-25
1999-07-20,19.27911949157715,30.012174606323242,31.47321319580078,30.012174606323242,31.412338256835938,3077741,2026-09-25
1999-07-21,18.770750045776367,29.220779418945312,30.07305145263672,28.855518341064453,29.220779418945312,4069707,2026-09-25
1999-07-22,18.262374877929688,28.42938232421875,28.672889709472656,28.125,28.61201286315918,2071813,2026-09-25
1999-07-23,18.184160232543945,28.30763053894043,28.733766555786133,28.003246307373047,28.61201286315918,1734861,2026-09-25
1999-07-26,17.773550033569336,27.668424606323242,27.91193199157715,27.45535659790039,27.82061767578125,1160955,2026-09-25
1999-07-27,18.712093353271484,29.12946319580078,29.159902572631836,28.185876846313477,28.672889709472656,1126048,2026-09-25
1999-07-28,19.396442413330078,30.194805145263672,30.46875,29.159902572631836,29.58603858947754,1689483,2026-09-25
1999-07-29,18.966278076171875,29.525161743164062,30.133928298950195,29.525161743164062,29.76866912841797,941453,2026-09-25
1999-07-30,19.00538444519043,29.58603858947754,29.707792282104492,28.764205932617188,29.46428680419922,921331,2026-09-25
1999-08-02,18.770750045776367,29.220779418945312,29.58603858947754,28.939224243164062,29.159902572631836,557275,2026-09-25
1999-08-03,18.692535400390625,29.09902572631836,29.342531204223633,28.91639518737793,29.342531204223633,533456,2026-09-25
1999-08-04,18.14505958557129,28.246753692626953,28.61201286315918,28.125,28.581575393676758,393008,2026-09-25
1999-08-05,17.636686325073242,27.45535659790039,27.516233444213867,26.420455932617188,27.33360481262207,581093,2026-09-25
1999-08-06,17.38249397277832,27.05965805053711,27.090097427368164,26.055194854736328,26.055194854736328,2584531,2026-09-25
1999-08-09,18.379695892333984,28.61201286315918,28.855518341064453,27.211851119995117,27.33360481262207,2130949,2026-09-25
1999-08-10,19.376888275146484,30.16436767578125,30.3774356842041,29.220779418945312,29.28165626525879,3118192,2026-09-25
1999-08-11,20.334976196289062,31.65584373474121,31.83847427368164,30.499187469482422,30.86444854736328,2103435,2026-09-25
1999-08-12,19.552867889404297,30.438312530517578,31.899351119995117,30.438312530517578,31.899351119995117,1553347,2026-09-25
1999-08-13,19.04448890686035,29.646915435791016,30.68181800842285,28.97727394104004,30.65138053894043,3274656,2026-09-25
1999-08-16,19.024934768676758,29.61647605895996,29.920860290527344,29.12946319580078,29.28165626525879,1207771,2026-09-25
1999-08-17,18.92717170715332,29.46428680419922,30.012174606323242,29.31209373474121,29.79910659790039,1723363,2026-09-25
1999-08-18,17.91042137145996,27.881494522094727,28.946834564208984,27.759740829467773,28.885957717895508,2120272,2026-09-25
1999-08-19,18.301483154296875,28.490259170532227,28.733766555786133,27.759740829467773,27.851055145263672,925232,2026-09-25
1999-08-20,18.41879653930664,28.672889709472656,28.733766555786133,28.490259170532227,28.733766555786133,710043,2026-09-25
1999-08-23,18.692535400390625,29.09902572631836,29.342531204223633,28.6424503326416,28.855518341064453,901413,2026-09-25
1999-08-24,19.161806106567383,29.829544067382812,29.9512996673584,28.733766555786133,28.855518341064453,1275736,2026-09-25
1999-08-25,19.591970443725586,30.499187469482422,30.803571701049805,29.9512996673584,30.133928298950195,1290520,2026-09-25
1999-08-26,19.67017936706543,30.620941162109375,31.229707717895508,30.499187469482422,30.9862003326416,1679627,2026-09-25
1999-08-27,20.061241149902344,31.229707717895508,31.503652572631836,30.742694854736328,30.925325393676758,1039397,2026-09-25
1999-08-30,20.00257682800293,31.13839340209961,31.47321319580078,31.107955932617188,31.16883087158203,463848,2026-09-25
1999-08-31,19.748390197753906,30.742694854736328,31.047077178955078,30.103490829467773,31.047077178955078,440235,2026-09-25
1999-09-01,20.334976196289062,31.65584373474121,31.716720581054688,30.86444854736328,31.047077178955078,831395,2026-09-25
1999-09-02,20.39362907409668,31.74715805053711,32.02110290527344,31.47321319580078,31.53409194946289,510048,2026-09-25
1999-09-03,21.1953067779541,32.9951286315918,33.056007385253906,32.50811767578125,32.50811767578125,561381,2026-09-25
1999-09-07,21.293071746826172,33.14731979370117,33.2386360168457,32.568992614746094,32.87337875366211,714149,2026-09-25
1999-09-08,21.27351951599121,33.11688232421875,33.725650787353516,32.9951286315918,32.9951286315918,571032,2026-09-25
1999-09-09,21.11709976196289,32.87337875366211,33.11688232421875,32.53855514526367,32.9951286315918,318061,2026-09-25
1999-09-10,20.569616317749023,32.02110290527344,32.93425369262695,32.02110290527344,32.93425369262695,271656,2026-09-25
1999-09-13,19.963476181030273,31.077516555786133,31.96022605895996,30.9862003326416,31.899351119995117,996483,2026-09-25
1999-09-14,20.491403579711914,31.899351119995117,32.3863639831543,30.95576286315918,30.9862003326416,1453349,2026-09-25
1999-09-15,20.119895935058594,31.32102394104004,32.08198165893555,31.229707717895508,31.96022605895996,551731,2026-09-25
1999-09-16,19.82660484313965,30.86444854736328,31.16883087158203,29.905641555786133,31.107955932617188,2040603,2026-09-25
1999-09-17,20.29587173461914,31.594968795776367,31.594968795776367,30.925325393676758,31.107955932617188,1347808,2026-09-25
1999-09-20,20.452295303344727,31.83847427368164,32.14285659790039,31.53409194946289,31.899351119995117,1303251,2026-09-25
1999-09-21,20.2176570892334,31.47321319580078,31.74715805053711,31.412338256835938,31.412338256835938,548240,2026-09-25
1999-09-22,20.334976196289062,31.65584373474121,31.65584373474121,31.290584564208984,31.594968795776367,561176,2026-09-25
1999-09-23,20.374086380004883,31.716720581054688,33.056007385253906,31.594968795776367,32.9951286315918,1848205,2026-09-25
1999-09-24,20.334976196289062,31.65584373474121,31.80803680419922,30.894886016845703,31.16883087158203,1884960,2026-09-25
1999-09-27,20.941112518310547,32.59943389892578,32.8125,32.2037353515625,32.2037353515625,463848,2026-09-25
1999-09-28,20.80425262451172,32.3863639831543,32.6298713684082,32.264610290527344,32.50811767578125,194656,2026-09-25
1999-09-29,21.44948959350586,33.39082717895508,33.54301834106445,32.72118377685547,32.87337875366211,1362592,2026-09-25
1999-09-30,20.980226516723633,32.660308837890625,33.29951477050781,32.264610290527344,32.9951286315918,1993787,2026-09-25
1999-10-01,21.019329071044922,32.72118377685547,33.056007385253906,31.96022605895996,32.02110290527344,733656,2026-09-25
1999-10-04,21.019329071044922,32.72118377685547,32.75162124633789,32.3863639831543,32.6298713684082,458304,2026-09-25
1999-10-05,21.82099723815918,33.969154357910156,34.7301139831543,33.08644485473633,33.20819854736328,2519235,2026-09-25
1999-10-06,22.36846923828125,34.82143020629883,34.85186767578125,34.030033111572266,34.303977966308594,1193808,2026-09-25
1999-10-07,22.153400421142578,34.48660659790039,35.24756622314453,34.334415435791016,35.18668746948242,944739,2026-09-25
1999-10-08,22.153400421142578,34.48660659790039,34.608360290527344,33.664772033691406,34.21266174316406,1213109,2026-09-25
1999-10-11,22.720428466796875,35.36931610107422,35.49106979370117,34.608360290527344,34.608360290527344,630784,2026-09-25
1999-10-12,22.603099822998047,35.18668746948242,36.343345642089844,35.004058837890625,36.03895950317383,1380867,2026-09-25
1999-10-13,22.016529083251953,34.27354049682617,34.45616912841797,33.969154357910156,34.09090805053711,980056,2026-09-25
1999-10-14,21.35172462463379,33.2386360168457,33.725650787353516,33.11688232421875,33.48214340209961,2356611,2026-09-25
1999-10-15,20.960670471191406,32.6298713684082,32.93425369262695,32.264610290527344,32.50811767578125,1120299,2026-09-25
1999-10-18,20.2176570892334,31.47321319580078,32.355926513671875,30.620941162109375,32.355926513671875,940837,2026-09-25
1999-10-19,20.2176570892334,31.47321319580078,32.6298713684082,31.107955932617188,32.44723892211914,1630963,2026-09-25
1999-10-20,20.84334945678711,32.44723892211914,32.6298713684082,31.503652572631836,32.50811767578125,1934035,2026-09-25
1999-10-21,20.80425262451172,32.3863639831543,32.3863639831543,31.412338256835938,31.53409194946289,514155,2026-09-25
1999-10-22,21.35172462463379,33.2386360168457,33.4212646484375,32.50811767578125,32.50811767578125,221555,2026-09-25
1999-10-25,21.312625885009766,33.17776107788086,33.51258087158203,32.75162124633789,32.8125,243320,2026-09-25
1999-10-26,21.586362838745117,33.60389709472656,34.030033111572266,33.39082717895508,33.60389709472656,786837,2026-09-25
1999-10-27,20.941112518310547,32.59943389892578,33.48214340209961,32.44723892211914,33.48214340209961,997715,2026-09-25
1999-10-28,21.508146286010742,33.48214340209961,33.84740447998047,32.93425369262695,32.9951286315918,712917,2026-09-25
1999-10-29,22.720428466796875,35.36931610107422,35.673702239990234,33.87784194946289,33.90827941894531,1941016,2026-09-25
1999-11-01,22.524898529052734,35.06493377685547,35.612823486328125,35.06493377685547,35.24756622314453,1053360,2026-09-25
1999-11-02,22.994169235229492,35.79545593261719,36.16071319580078,34.85186767578125,34.85186767578125,2056413,2026-09-25
1999-11-03,24.24555015563965,37.743507385253906,37.86526107788086,36.586849212646484,36.678165435791016,1167525,2026-09-25
1999-11-04,24.714818954467773,38.47402572631836,38.77840805053711,37.98701477050781,38.77840805053711,1268549,2026-09-25
1999-11-05,25.379623413085938,39.50893020629883,40.361202239990234,39.08279037475586,39.08279037475586,915787,2026-09-25
1999-11-08,25.105876922607422,39.08279037475586,39.50893020629883,38.83928680419922,38.991477966308594,481096,2026-09-25
1999-11-09,24.773479461669922,38.56534194946289,39.4176139831543,38.047889709472656,39.326297760009766,922152,2026-09-25
1999-11-10,24.636608123779297,38.352272033691406,38.77840805053711,37.98701477050781,37.98701477050781,885808,2026-09-25
1999-11-11,25.7315673828125,40.05681610107422,40.17856979370117,39.50893020629883,39.600242614746094,928107,2026-09-25
1999-11-12,25.966201782226562,40.42207717895508,40.72645950317383,39.20454406738281,40.665584564208984,1165677,2026-09-25
1999-11-15,25.868438720703125,40.2698860168457,41.88311767578125,40.17856979370117,41.670047760009766,804085,2026-09-25
1999-11-16,26.826528549194336,41.7613639831543,42.0048713684082,41.24391174316406,41.639610290527344,1186621,2026-09-25
1999-11-17,27.0611629486084,42.12662124633789,42.97889709472656,42.06574630737305,42.6136360168457,1786605,2026-09-25
1999-11-18,27.158931732177734,42.27881622314453,42.49188232421875,41.97443389892578,42.06574630737305,2668101,2026-09-25
1999-11-19,26.885190963745117,41.85268020629883,42.1875,41.365665435791016,41.472198486328125,1036523,2026-09-25
1999-11-22,26.083515167236328,40.60470962524414,40.90909194946289,40.2698860168457,40.84821319580078,792381,2026-09-25
1999-11-23,25.887990951538086,40.300323486328125,41.5787353515625,40.17856979370117,41.5787353515625,566925,2026-09-25
1999-11-24,26.103065490722656,40.63514709472656,40.63514709472656,40.17856979370117,40.42207717895508,295885,2026-09-25
1999-11-26,27.999696731567383,43.58766174316406,43.64854049682617,42.85714340209961,42.91801834106445,583147,2026-09-25
1999-11-29,28.684043884277344,44.65300369262695,45.718345642089844,44.43993377685547,44.86606979370117,1614741,2026-09-25
1999-11-30,29.29018211364746,45.59659194946289,47.392452239990234,44.86606979370117,45.47483825683594,4438075,2026-09-25
1999-12-01,30.287389755249023,47.14894485473633,47.422889709472656,46.327110290527344,46.99675369262695,1067528,2026-09-25
1999-12-02,30.561119079589844,47.57508087158203,48.001216888427734,46.99675369262695,47.81858825683594,535304,2026-09-25
1999-12-03,31.128173828125,48.45779037475586,48.94480514526367,47.90990447998047,47.97077941894531,820717,2026-09-25
1999-12-06,31.343250274658203,48.7926139831543,48.94480514526367,48.21428680419922,48.51866912841797,643104,2026-09-25
1999-12-07,33.31808090209961,51.86688232421875,51.86688232421875,50.649349212646484,51.19723892211914,1923973,2026-09-25
1999-12-08,33.161659240722656,51.62337875366211,52.23214340209961,51.47118377685547,51.9886360168457,1683323,2026-09-25
1999-12-09,32.30133056640625,50.28409194946289,53.388797760009766,49.85795593261719,53.388797760009766,2602189,2026-09-25
1999-12-10,30.26782989501953,47.118507385253906,49.736202239990234,46.4488639831543,49.675323486328125,2407739,2026-09-25
1999-12-13,30.033193588256836,46.75324630737305,47.66639709472656,46.14448165893555,46.81412124633789,1302019,2026-09-25
1999-12-14,30.30694007873535,47.17938232421875,49.21875,46.99675369262695,49.18831253051758,1638149,2026-09-25
1999-12-15,29.211984634399414,45.47483825683594,45.961849212646484,44.19643020629883,45.961849212646484,2815531,2026-09-25
1999-12-16,30.033193588256836,46.75324630737305,47.54464340209961,46.75324630737305,47.24026107788086,616000,2026-09-25
1999-12-17,30.443815231323242,47.392452239990234,49.31006622314453,47.36201477050781,48.94480514526367,882112,2026-09-25
1999-12-20,32.457759857177734,50.52759552001953,51.3798713684082,49.675323486328125,49.675323486328125,1115576,2026-09-25
1999-12-21,34.628108978271484,53.90625,54.30194854736328,51.62337875366211,51.83644485473633,1279227,2026-09-25
1999-12-22,35.03873062133789,54.54545593261719,55.94561767578125,54.423702239990234,55.428165435791016,977797,2026-09-25
1999-12-23,35.09740447998047,54.63676834106445,55.336849212646484,53.87581253051758,54.30194854736328,317856,2026-09-25
1999-12-27,34.35438537597656,53.4801139831543,54.21063232421875,52.384334564208984,54.18019485473633,730371,2026-09-25
1999-12-28,33.787349700927734,52.59740447998047,53.81493377685547,51.7451286315918,52.688716888427734,498344,2026-09-25
1999-12-29,33.94376754760742,52.84090805053711,53.084415435791016,52.475650787353516,52.475650787353516,98765,2026-09-25
1999-12-30,33.787349700927734,52.59740447998047,54.30194854736328,52.110389709472656,53.754058837890625,265085,2026-09-25
1999-12-31,35.586212158203125,55.397727966308594,55.397727966308594,52.110389709472656,52.35389709472656,190755,2026-09-25
2000-01-03,36.407432556152344,56.6761360168457,56.98051834106445,54.423702239990234,56.98051834106445,863632,2026-09-25
2000-01-04,33.98286819458008,52.90178680419922,55.27597427368164,52.719154357910156,54.48457717895508,745976,2026-09-25
2000-01-05,33.04433822631836,51.44074630737305,51.5625,49.0361213684082,51.014610290527344,1122763,2026-09-25
2000-01-06,31.01083755493164,48.27516174316406,48.82305145263672,45.748783111572266,47.727272033691406,2708757,2026-09-25
2000-01-07,31.714733123779297,49.370941162109375,49.43181610107422,47.60551834106445,47.87946319580078,1256024,2026-09-25
2000-01-10,34.725887298583984,54.058441162109375,54.11931610107422,52.110389709472656,52.110389709472656,1033237,2026-09-25
2000-01-11,33.591827392578125,52.29301834106445,54.78895950317383,51.68425369262695,52.719154357910156,843509,2026-09-25
2000-01-12,34.2175178527832,53.26704406738281,53.63230514526367,52.1712646484375,53.084415435791016,599779,2026-09-25
2000-01-13,35.723079681396484,55.61079406738281,55.76298522949219,52.96266174316406,54.058441162109375,1412899,2026-09-25
2000-01-14,39.14483642578125,60.9375,62.824676513671875,58.441558837890625,58.50243377685547,4047531,2026-09-25
2000-01-18,39.672760009765625,61.759334564208984,62.459415435791016,59.53733825683594,59.780845642089844,1406944,2026-09-25
2000-01-19,40.35711669921875,62.824676513671875,63.18993377685547,59.59821319580078,60.20698165893555,1524600,2026-09-25
2000-01-20,44.267677307128906,68.91233825683594,69.76461029052734,65.9902572631836,68.72970581054688,2650853,2026-09-25
2000-01-21,43.485557556152344,67.6948013305664,70.12986755371094,67.45130157470703,69.85592651367188,2437717,2026-09-25
2000-01-24,40.82638168334961,63.55519485473633,68.30357360839844,63.25081253051758,67.81655883789062,1417621,2026-09-25
2000-01-25,41.68669891357422,64.89447784423828,64.89447784423828,61.850650787353516,64.04220581054688,1321936,2026-09-25
2000-01-26,38.440921783447266,59.84172058105469,62.48985290527344,59.23295593261719,62.33766174316406,1488667,2026-09-25
2000-01-27,38.24540328979492,59.53733825683594,61.24188232421875,58.68506622314453,59.050323486328125,1761144,2026-09-25
2000-01-28,36.720279693603516,57.163150787353516,60.63311767578125,57.102272033691406,59.65909194946289,1267933,2026-09-25
2000-01-31,38.460479736328125,59.87215805053711,59.90259552001953,56.4326286315918,56.82832717895508,1518440,2026-09-25
2000-02-01,40.08338165283203,62.39854049682617,62.39854049682617,60.45048522949219,60.5113639831543,861784,2026-09-25
2000-02-02,41.60850524902344,64.7727279663086,65.80763244628906,63.55519485473633,64.25527954101562,800800,2026-09-25
2000-02-03,43.79841232299805,68.18181610107422,68.97321319580078,65.74674987792969,66.35552215576172,863837,2026-09-25
2000-02-04,42.85987854003906,66.72077941894531,67.75568389892578,66.4772720336914,67.45130157470703,764045,2026-09-25
2000-02-07,42.781673431396484,66.59902954101562,66.59902954101562,64.1639633178711,65.8685073852539,935704,2026-09-25
2000-02-08,45.67549514770508,71.10389709472656,71.31696319580078,69.61241912841797,70.37337493896484,673493,2026-09-25
2000-02-09,44.56096267700195,69.36891174316406,71.1647720336914,69.36891174316406,71.1647720336914,644952,2026-09-25
2000-02-10,45.04979705810547,70.12986755371094,70.46469116210938,69.06452941894531,70.46469116210938,618053,2026-09-25
2000-02-11,41.999549865722656,65.3814926147461,69.52110290527344,65.3814926147461,69.15584564208984,772669,2026-09-25
2000-02-14,41.8431282043457,65.13798522949219,66.59902954101562,64.52922058105469,65.74674987792969,564667,2026-09-25
2000-02-15,41.51072692871094,64.62053680419922,64.89447784423828,61.97240447998047,64.89447784423828,1405507,2026-09-25
2000-02-16,41.29564666748047,64.28571319580078,64.31615447998047,62.459415435791016,63.31168746948242,1090115,2026-09-25
2000-02-17,41.999549865722656,65.3814926147461,65.50325012207031,62.88555145263672,64.7727279663086,566925,2026-09-25
2000-02-18,39.809627532958984,61.97240447998047,64.86404418945312,61.97240447998047,63.8900146484375,662200,2026-09-25
2000-02-22,40.317996978759766,62.763797760009766,63.25081253051758,61.24188232421875,62.70292282104492,817432,2026-09-25
2000-02-23,42.273292541503906,65.80763244628906,65.9902572631836,64.04220581054688,64.95536041259766,898539,2026-09-25
2000-02-24,40.709068298339844,63.37256622314453,65.625,62.99208450317383,65.625,905315,2026-09-25
2000-02-25,38.75377655029297,60.3287353515625,63.61606979370117,59.719966888427734,63.55519485473633,1535688,2026-09-25
2000-02-28,39.672760009765625,61.759334564208984,61.850650787353516,60.14610290527344,60.87662124633789,1149251,2026-09-25
2000-02-29,40.08338165283203,62.39854049682617,62.94643020629883,61.66801834106445,62.094154357910156,2396035,2026-09-25
2000-03-01,44.58053207397461,69.39935302734375,69.82548522949219,65.625,66.56858825683594,1694205,2026-09-25
2000-03-02,44.267677307128906,68.91233825683594,70.49513244628906,67.81655883789062,69.88636779785156,597931,2026-09-25
2000-03-03,47.02464294433594,73.20413970947266,73.41720581054688,70.37337493896484,71.438720703125,702445,2026-09-25
2000-03-06,44.502323150634766,69.27759552001953,70.73863220214844,67.23822784423828,67.51217651367188,1352120,2026-09-25
2000-03-07,42.93809127807617,66.842529296875,69.76461029052734,66.72077941894531,69.24716186523438,478632,2026-09-25
2000-03-08,41.53028106689453,64.65097045898438,67.17735290527344,63.433441162109375,66.99472045898438,1003053,2026-09-25
2000-03-09,42.9771842956543,66.90341186523438,67.32954406738281,65.0162353515625,65.625,1365056,2026-09-25
2000-03-10,46.907318115234375,73.0215072631836,73.29545593261719,71.22564697265625,72.44318389892578,822565,2026-09-25
2000-03-13,44.776058197021484,69.7037353515625,70.86038970947266,68.18181610107422,69.15584564208984,1052128,2026-09-25
2000-03-14,43.309593200683594,67.42086029052734,71.92572784423828,67.39041900634766,71.89529418945312,898744,2026-09-25
2000-03-15,40.90459060668945,63.67694854736328,67.93830871582031,63.0986213684082,67.7252426147461,1159928,2026-09-25
2000-03-16,41.37386703491211,64.407470703125,64.7727279663086,59.811283111572266,63.798702239990234,1487229,2026-09-25
2000-03-17,42.93809127807617,66.842529296875,67.0860366821289,64.28571319580078,65.74674987792969,906136,2026-09-25
2000-03-20,42.70344924926758,66.4772720336914,68.72970581054688,65.68587493896484,68.18181610107422,796077,2026-09-25
2000-03-21,40.5135498046875,63.06818389892578,64.04220581054688,60.3287353515625,62.155033111572266,907368,2026-09-25
2000-03-22,41.37386703491211,64.407470703125,64.407470703125,61.181007385253906,61.789772033691406,1150483,2026-09-25
2000-03-23,42.07776641845703,65.50325012207031,66.96428680419922,63.433441162109375,63.76826477050781,1563203,2026-09-25
2000-03-24,41.276100158691406,64.25527954101562,67.6948013305664,63.31168746948242,66.41639709472656,1793587,2026-09-25
2000-03-27,42.82077407836914,66.65990447998047,67.29911041259766,64.95536041259766,66.35552215576172,717640,2026-09-25
2000-03-28,42.351497650146484,65.92938232421875,67.57305145263672,65.68587493896484,67.26866912841797,792381,2026-09-25
2000-03-29,36.446537017822266,56.73701477050781,64.28571319580078,56.493507385253906,64.04220581054688,4515896,2026-09-25
2000-03-30,34.51080322265625,53.7236213684082,57.680599212646484,51.92776107788086,56.006492614746094,2681859,2026-09-25
2000-03-31,34.96052169799805,54.423702239990234,55.336849212646484,52.04951477050781,54.423702239990234,1939579,2026-09-25
2000-04-03,31.284570693969727,48.701297760009766,53.26704406738281,47.4837646484375,53.02354049682617,3436459,2026-09-25
2000-04-04,33.55271530151367,52.23214340209961,53.449676513671875,47.36201477050781,50.86241912841797,6464304,2026-09-25
2000-04-05,37.2286491394043,57.95454406738281,58.62418746948242,51.92776107788086,52.079952239990234,2104667,2026-09-25
2000-04-06,40.90459060668945,63.67694854736328,65.68587493896484,58.68506622314453,59.29383087158203,3040371,2026-09-25
2000-04-07,40.63085174560547,63.25081253051758,64.1639633178711,61.66801834106445,63.95089340209961,1100792,2026-09-25
2000-04-10,37.75657653808594,58.7763786315918,62.763797760009766,58.745941162109375,61.42451477050781,930981,2026-09-25
2000-04-11,36.70072555541992,57.13270950317383,59.780845642089844,56.61526107788086,57.39143753051758,1380045,2026-09-25
2000-04-12,34.02199172973633,52.96266174316406,57.13270950317383,52.96266174316406,56.8587646484375,1738557,2026-09-25
2000-04-13,34.05620574951172,53.01593017578125,57.102272033691406,52.59740447998047,54.91071319580078,2598288,2026-09-25
2000-04-14,30.326496124267578,47.20981979370117,53.084415435791016,46.57061767578125,52.90178680419922,2171811,2026-09-25
2000-04-17,32.848819732666016,51.1363639831543,52.59740447998047,47.84902572631836,50.040584564208984,1545955,2026-09-25
2000-04-18,35.8990592956543,55.88473892211914,56.25,51.86688232421875,53.053977966308594,1244868,2026-09-25
2000-04-19,35.253807067871094,54.88027572631836,57.34577941894531,54.058441162109375,57.34577941894531,572059,2026-09-25
2000-04-20,35.07784652709961,54.60633087158203,55.51948165893555,53.23660659790039,54.60633087158203,170153,2026-09-25
2000-04-24,31.382339477539062,48.85348892211914,53.69318389892578,47.4837646484375,52.23214340209961,972459,2026-09-25
2000-04-25,34.725887298583984,54.058441162109375,54.24106979370117,50.49715805053711,52.414772033691406,895116,2026-09-25
2000-04-26,34.315284729003906,53.41923522949219,55.336849212646484,53.32792282104492,54.423702239990234,572743,2026-09-25
2000-04-27,35.371131896972656,55.062904357910156,55.702110290527344,49.49269485473633,51.1363639831543,770479,2026-09-25
2000-04-28,37.541500091552734,58.441558837890625,59.08076477050781,55.336849212646484,56.34131622314453,704567,2026-09-25
2000-05-01,37.541500091552734,58.441558837890625,60.085227966308594,56.0673713684082,58.076297760009766,543175,2026-09-25
2000-05-02,37.306861877441406,58.076297760009766,61.3636360168457,58.053470611572266,60.085227966308594,792792,2026-09-25
2000-05-03,36.36832046508789,56.61526107788086,58.71550369262695,55.88473892211914,58.441558837890625,460563,2026-09-25
2000-05-04,35.78173828125,55.702110290527344,57.163150787353516,55.15422058105469,57.163150787353516,511896,2026-09-25
2000-05-05,37.248199462890625,57.9849853515625,58.62418746948242,55.51948165893555,56.0673713684082,373775,2026-09-25
2000-05-08,33.20075607299805,51.68425369262695,56.88920593261719,51.547279357910156,56.25,1600300,2026-09-25
2000-05-09,32.14490509033203,50.040584564208984,52.780033111572266,48.305599212646484,52.688716888427734,1509063,2026-09-25
2000-05-10,30.326496124267578,47.20981979370117,51.045047760009766,47.118507385253906,51.045047760009766,1364577,2026-09-25
2000-05-11,30.913082122802734,48.12297058105469,51.50162124633789,47.118507385253906,50.405845642089844,2198162,2026-09-25
2000-05-12,33.02479553222656,51.410308837890625,51.86688232421875,50.58847427368164,51.318992614746094,1447258,2026-09-25
2000-05-15,34.725887298583984,54.058441162109375,54.149757385253906,50.9537353515625,52.23214340209961,607513,2026-09-25
2000-05-16,36.13369369506836,56.25,57.52840805053711,54.97159194946289,55.336849212646484,770616,2026-09-25
2000-05-17,35.54710006713867,55.336849212646484,55.61079406738281,54.058441162109375,55.062904357910156,582736,2026-09-25
2000-05-18,36.0163688659668,56.0673713684082,56.98051834106445,55.702110290527344,55.74776840209961,739679,2026-09-25
2000-05-19,33.20075607299805,51.68425369262695,54.423702239990234,50.77110290527344,54.423702239990234,789028,2026-09-25
2000-05-22,30.737106323242188,47.84902572631836,51.59293746948242,45.29220962524414,49.675323486328125,1564572,2026-09-25
2000-05-23,30.150516510009766,46.93587875366211,50.22321319580078,46.93587875366211,49.4013786315918,1093537,2026-09-25
2000-05-24,31.147706985473633,48.48823165893555,48.48823165893555,44.287742614746094,47.98599624633789,1738968,2026-09-25
2000-05-25,30.854412078857422,48.031654357910156,52.04951477050781,47.66639709472656,49.31006622314453,884781,2026-09-25
2000-05-26,33.376747131347656,51.95819854736328,52.96266174316406,50.22321319580078,50.58847427368164,845700,2026-09-25
2000-05-30,34.19794845581055,53.23660659790039,54.149757385253906,51.77556610107422,52.414772033691406,641393,2026-09-25
2000-05-31,33.376747131347656,51.95819854736328,54.423702239990234,51.318992614746094,52.96266174316406,612715,2026-09-25
2000-06-01,37.42418670654297,58.25893020629883,58.441558837890625,52.96266174316406,53.46489334106445,1383262,2026-09-25
2000-06-02,40.2984504699707,62.733360290527344,63.00730514526367,59.90259552001953,59.90259552001953,1323716,2026-09-25
2000-06-05,38.65601348876953,60.17654037475586,61.181007385253906,58.53287124633789,59.62865447998047,593961,2026-09-25
2000-06-06,37.60015106201172,58.53287124633789,61.3636360168457,58.076297760009766,60.72443389892578,843030,2026-09-25
2000-06-07,36.0163688659668,56.0673713684082,56.797889709472656,53.69318389892578,54.149757385253906,1161092,2026-09-25
2000-06-08,37.541500091552734,58.441558837890625,60.26785659790039,57.52840805053711,59.90259552001953,579588,2026-09-25
2000-06-09,40.18115234375,62.55073165893555,62.55073165893555,60.63311767578125,60.99837875366211,614973,2026-09-25
2000-06-12,38.42137908935547,59.811283111572266,62.55073165893555,59.17207717895508,61.72889709472656,791218,2026-09-25
2000-06-13,38.59735870361328,60.085227966308594,60.26785659790039,58.80681610107422,59.53733825683594,376718,2026-09-25
2000-06-14,37.42418670654297,58.25893020629883,60.81574630737305,57.71104049682617,60.81574630737305,610935,2026-09-25
2000-06-15,36.48564529418945,56.797889709472656,58.076297760009766,55.336849212646484,56.61526107788086,916813,2026-09-25
2000-06-16,37.42418670654297,58.25893020629883,58.80681610107422,57.437095642089844,58.1676139831543,5564876,2026-09-25
2000-06-19,38.18674850463867,59.446022033691406,59.53733825683594,56.797889709472656,58.25893020629883,1580245,2026-09-25
2000-06-20,40.35711669921875,62.824676513671875,63.37256622314453,61.5462646484375,61.63758087158203,1455197,2026-09-25
2000-06-21,41.29564666748047,64.28571319580078,65.10755157470703,63.00730514526367,64.10308074951172,1821854,2026-09-25
2000-06-22,40.94369125366211,63.737823486328125,66.29463958740234,63.55519485473633,65.83806610107422,1268755,2026-09-25
2000-06-23,40.591739654541016,63.18993377685547,66.11201477050781,62.55073165893555,65.3814926147461,439413,2026-09-25
2000-06-26,40.35711669921875,62.824676513671875,63.55519485473633,62.55073165893555,63.4638786315918,545708,2026-09-25
2000-06-27,41.53028106689453,64.65097045898438,66.29463958740234,64.10308074951172,65.65544128417969,1488940,2026-09-25
2000-06-28,42.058204650878906,65.47280883789062,66.65990447998047,65.19886779785156,65.70109558105469,1111059,2026-09-25
2000-06-29,39.94650650024414,62.18547058105469,63.55519485473633,59.719966888427734,63.37256622314453,1842182,2026-09-25
2000-06-30,41.412967681884766,64.46834564208984,64.46834564208984,63.28125,63.737823486328125,703404,2026-09-25
2000-07-03,39.94650650024414,62.18547058105469,62.459415435791016,61.3636360168457,61.72889709472656,357554,2026-09-25
2000-07-05,36.309669494628906,56.52394485473633,59.53733825683594,56.25,59.53733825683594,1267112,2026-09-25
2000-07-06,37.89345169067383,58.98944854736328,59.719966888427734,58.1676139831543,59.35470962524414,1942043,2026-09-25
2000-07-07,39.82917404174805,62.00284194946289,62.27678680419922,60.90706253051758,61.72889709472656,1130086,2026-09-25
2000-07-10,40.76771926879883,63.4638786315918,64.7422866821289,62.094154357910156,63.18993377685547,643309,2026-09-25
2000-07-11,40.35711669921875,62.824676513671875,65.0162353515625,61.91152572631836,63.4638786315918,1906725,2026-09-25
2000-07-12,41.412967681884766,64.46834564208984,64.83360290527344,62.459415435791016,64.08025360107422,520178,2026-09-25
2000-07-13,41.29564666748047,64.28571319580078,65.0162353515625,63.737823486328125,65.0162353515625,1071566,2026-09-25
2000-07-14,43.05540084838867,67.02516174316406,67.39041900634766,66.11201477050781,66.842529296875,858430,2026-09-25
2000-07-17,44.11125564575195,68.66883087158203,69.39935302734375,67.48173522949219,68.30357360839844,1032416,2026-09-25
2000-07-18,41.94090270996094,65.29017639160156,66.65990447998047,65.0162353515625,66.4772720336914,478427,2026-09-25
2000-07-19,40.591739654541016,63.18993377685547,64.28571319580078,62.459415435791016,62.824676513671875,524011,2026-09-25
2000-07-20,41.53028106689453,64.65097045898438,64.92491912841797,62.27678680419922,62.368099212646484,1407765,2026-09-25
2000-07-21,41.29564666748047,64.28571319580078,65.24452209472656,63.829139709472656,65.0162353515625,2055729,2026-09-25
2000-07-24,39.30125045776367,61.181007385253906,63.28125,60.26785659790039,63.28125,573838,2026-09-25
2000-07-25,40.709068298339844,63.37256622314453,64.28571319580078,62.459415435791016,63.96611022949219,292121,2026-09-25
2000-07-26,39.77052688598633,61.91152572631836,63.55519485473633,61.181007385253906,63.41822052001953,641256,2026-09-25
2000-07-27,36.60296630859375,56.98051834106445,60.35917282104492,56.61526107788086,60.35917282104492,928312,2026-09-25
2000-07-28,34.667236328125,53.96712875366211,57.34577941894531,53.69318389892578,57.34577941894531,1556564,2026-09-25
2000-07-31,37.306861877441406,58.076297760009766,58.966617584228516,55.15422058105469,56.15868377685547,974375,2026-09-25
2000-08-01,35.943050384521484,55.953224182128906,58.441558837890625,55.61079406738281,58.076297760009766,668976,2026-09-25
2000-08-02,35.312477111816406,54.97159194946289,55.88473892211914,54.3323860168457,54.423702239990234,603269,2026-09-25
2000-08-03,31.910276412963867,49.675323486328125,50.22321319580078,46.84456253051758,47.529422760009766,4767772,2026-09-25
2000-08-04,31.968935012817383,49.766639709472656,52.23214340209961,49.58401107788086,51.77556610107422,1783115,2026-09-25
2000-08-07,31.73430061340332,49.4013786315918,49.85795593261719,49.12743377685547,49.49269485473633,1385658,2026-09-25
2000-08-08,30.97173500061035,48.21428680419922,48.94480514526367,47.3011360168457,48.670860290527344,716887,2026-09-25
2000-08-09,31.73430061340332,49.4013786315918,51.77556610107422,49.31006622314453,51.77556610107422,1766688,2026-09-25
2000-08-10,31.79295539855957,49.49269485473633,50.86241912841797,48.94480514526367,50.8167610168457,2281664,2026-09-25
2000-08-11,32.496864318847656,50.58847427368164,50.77110290527344,49.12743377685547,49.94926834106445,1164514,2026-09-25
2000-08-14,33.6700325012207,52.414772033691406,52.96266174316406,51.22768020629883,52.23214340209961,2244636,2026-09-25
2000-08-15,34.43260192871094,53.60186767578125,53.87581253051758,52.59740447998047,53.23660659790039,1007708,2026-09-25
2000-08-16,35.136497497558594,54.69764709472656,55.336849212646484,54.149757385253906,54.88027572631836,520931,2026-09-25
2000-08-17,36.89625549316406,57.437095642089844,57.52840805053711,56.0673713684082,56.52394485473633,614357,2026-09-25
2000-08-18,38.01076889038086,59.17207717895508,59.90259552001953,58.441558837890625,59.446022033691406,930571,2026-09-25
2000-08-21,37.07223129272461,57.71104049682617,58.62418746948242,57.25446319580078,58.076297760009766,748098,2026-09-25
2000-08-22,38.069435119628906,59.26339340209961,59.62865447998047,58.53287124633789,58.53287124633789,335857,2026-09-25
2000-08-23,38.069435119628906,59.26339340209961,59.62865447998047,56.34131622314453,56.61526107788086,475073,2026-09-25
2000-08-24,38.5386962890625,59.99391174316406,60.63311767578125,59.53733825683594,60.45048522949219,930434,2026-09-25
2000-08-25,37.130882263183594,57.80235290527344,59.446022033691406,57.071834564208984,59.37753677368164,598273,2026-09-25
2000-08-28,37.07223129272461,57.71104049682617,57.89366912841797,57.34577941894531,57.89366912841797,370764,2026-09-25
2000-08-29,36.42698669433594,56.706573486328125,56.88920593261719,56.4326286315918,56.88920593261719,573017,2026-09-25
2000-08-30,35.48845672607422,55.24553680419922,56.88920593261719,54.97159194946289,56.88920593261719,864316,2026-09-25
2000-08-31,35.78173828125,55.702110290527344,55.88473892211914,55.24553680419922,55.428165435791016,1713507,2026-09-25
2000-09-01,38.42137908935547,59.811283111572266,60.63311767578125,58.555702209472656,59.35470962524414,785468,2026-09-25
2000-09-05,38.65601348876953,60.17654037475586,62.824676513671875,59.719966888427734,62.733360290527344,1525079,2026-09-25
2000-09-06,35.723079681396484,55.61079406738281,57.89366912841797,55.336849212646484,57.89366912841797,809013,2026-09-25
2000-09-07,36.954917907714844,57.52840805053711,57.9849853515625,54.58350372314453,55.24553680419922,393145,2026-09-25
2000-09-08,34.96052169799805,54.423702239990234,56.706573486328125,54.149757385253906,56.706573486328125,286508,2026-09-25
2000-09-11,34.13930130004883,53.14529037475586,54.69764709472656,53.053977966308594,53.69318389892578,484108,2026-09-25
2000-09-12,33.6700325012207,52.414772033691406,54.78895950317383,52.414772033691406,53.41923522949219,350093,2026-09-25
2000-09-13,33.72869873046875,52.50608825683594,53.14529037475586,50.405845642089844,50.58847427368164,435649,2026-09-25
2000-09-14,34.37392807006836,53.51055145263672,55.15422058105469,53.23660659790039,55.062904357910156,466312,2026-09-25
2000-09-15,32.848819732666016,51.1363639831543,53.60186767578125,50.58847427368164,53.32792282104492,515387,2026-09-25
2000-09-18,32.37954330444336,50.405845642089844,52.414772033691406,50.22321319580078,52.414772033691406,536947,2026-09-25
2000-09-19,33.14210510253906,51.59293746948242,52.04951477050781,49.675323486328125,50.45150375366211,826535,2026-09-25
2000-09-20,32.555519104003906,50.67979049682617,51.045047760009766,48.85348892211914,50.9537353515625,706347,2026-09-25
2000-09-21,32.08625411987305,49.94926834106445,50.31452941894531,48.762176513671875,49.58401107788086,691973,2026-09-25
2000-09-22,30.619775772094727,47.66639709472656,49.31006622314453,46.75324630737305,47.66639709472656,2377555,2026-09-25
2000-09-25,30.385147094726562,47.3011360168457,50.31452941894531,47.118507385253906,50.26887130737305,1007981,2026-09-25
2000-09-26,29.857213973999023,46.47930145263672,47.4837646484375,46.022727966308594,47.34679412841797,1587227,2026-09-25
2000-09-27,30.561119079589844,47.57508087158203,48.396915435791016,46.57061767578125,48.031654357910156,1167183,2026-09-25
2000-09-28,31.73430061340332,49.4013786315918,49.85795593261719,46.38798522949219,46.66193389892578,1157806,2026-09-25
2000-09-29,30.326496124267578,47.20981979370117,48.762176513671875,46.93587875366211,48.396915435791016,1132687,2026-09-25
2000-10-02,28.03880500793457,43.64854049682617,45.84009552001953,42.735389709472656,44.83563232421875,6158357,2026-09-25
2000-10-03,29.036008834838867,45.20089340209961,46.20535659790039,44.92694854736328,45.657466888427734,3377665,2026-09-25
2000-10-04,30.326496124267578,47.20981979370117,47.4837646484375,45.748783111572266,46.70758819580078,2640176,2026-09-25
2000-10-05,30.854412078857422,48.031654357910156,49.49269485473633,47.66639709472656,48.282772064208984,1691057,2026-09-25
2000-10-06,28.566730499267578,44.47037124633789,45.93141174316406,43.46590805053711,45.56615447998047,1511938,2026-09-25
2000-10-09,28.2734375,44.013797760009766,44.56168746948242,42.1875,43.64854049682617,983752,2026-09-25
2000-10-10,25.809772491455078,40.17856979370117,43.19196319580078,39.63068389892578,43.009334564208984,2124105,2026-09-25
2000-10-11,24.636608123779297,38.352272033691406,39.63068389892578,37.43912124633789,38.44358825683594,1254997,2026-09-25
2000-10-12,23.932703018188477,37.256492614746094,39.63068389892578,36.61729049682617,39.53936767578125,1073209,2026-09-25
2000-10-13,27.041610717773438,42.09618377685547,42.27881622314453,39.26542282104492,39.72199630737305,2543396,2026-09-25
2000-10-16,25.751117706298828,40.087257385253906,43.374595642089844,39.995941162109375,42.91801834106445,1919661,2026-09-25
2000-10-17,21.92365074157715,34.12895584106445,38.717533111572266,33.329952239990234,38.44358825683594,3408670,2026-09-25
2000-10-18,22.348920822143555,34.79098892211914,35.704139709472656,30.407873153686523,31.777597427368164,2695548,2026-09-25
2000-10-19,24.81258773803711,38.626216888427734,39.08279037475586,36.8912353515625,37.53043746948242,1187922,2026-09-25
2000-10-20,25.34050941467285,39.44805145263672,40.361202239990234,37.62175369262695,37.80438232421875,1232411,2026-09-25
2000-10-23,25.809772491455078,40.17856979370117,40.4525146484375,38.16964340209961,38.53490447998047,1013594,2026-09-25
2000-10-24,25.3991756439209,39.53936767578125,41.45698165893555,39.08279037475586,41.274349212646484,1421933,2026-09-25
2000-10-25,23.28745460510254,36.25202941894531,38.16964340209961,35.978084564208984,37.256492614746094,1409819,2026-09-25
2000-10-26,25.105876922607422,39.08279037475586,39.17410659790039,37.256492614746094,37.89569854736328,1174301,2026-09-25
2000-10-27,25.105876922607422,39.08279037475586,41.274349212646484,38.80884552001953,40.72645950317383,1273614,2026-09-25
2000-10-30,24.695268630981445,38.44358825683594,38.991477966308594,36.8912353515625,38.991477966308594,1304483,2026-09-25
2000-10-31,26.103065490722656,40.63514709472656,41.09172058105469,38.53490447998047,39.17410659790039,1461426,2026-09-25
2000-11-01,25.63381004333496,39.90462875366211,40.63514709472656,38.53490447998047,38.80884552001953,1448627,2026-09-25
2000-11-02,26.220399856567383,40.81777572631836,41.639610290527344,39.90462875366211,41.45698165893555,1018864,2026-09-25
2000-11-03,27.21758270263672,42.3701286315918,43.009334564208984,41.91355514526367,42.96367645263672,1118588,2026-09-25
2000-11-06,27.393558502197266,42.644073486328125,43.397422790527344,42.3701286315918,43.100650787353516,2633742,2026-09-25
2000-11-07,25.692462921142578,39.995941162109375,41.274349212646484,39.995941162109375,41.02323532104492,1716176,2026-09-25
2000-11-08,24.28465461730957,37.80438232421875,39.26542282104492,37.80438232421875,39.242591857910156,1017153,2026-09-25
2000-11-09,23.932703018188477,37.256492614746094,37.71306610107422,35.06493377685547,36.25202941894531,796488,2026-09-25
2000-11-10,21.175748825073242,32.964691162109375,35.43019485473633,32.69074630737305,33.60389709472656,4633347,2026-09-25
2000-11-13,21.879655838012695,34.06047058105469,35.43019485473633,31.686281204223633,32.23417282104492,1287919,2026-09-25
2000-11-14,22.81819725036621,35.52151107788086,35.52151107788086,33.87784194946289,34.51704406738281,982246,2026-09-25
2000-11-15,22.87685203552246,35.612823486328125,36.52597427368164,34.06047058105469,34.15178680419922,1085392,2026-09-25
2000-11-16,21.058435440063477,32.78206253051758,33.78652572631836,32.50811767578125,32.50811767578125,857540,2026-09-25
2000-11-17,20.765140533447266,32.32548522949219,32.87337875366211,31.777597427368164,31.96022605895996,903604,2026-09-25
2000-11-20,19.357337951660156,30.133928298950195,31.047077178955078,29.40340805053711,29.67735481262207,1322347,2026-09-25
2000-11-21,19.064043045043945,29.67735481262207,30.499187469482422,28.490259170532227,29.723011016845703,1229125,2026-09-25
2000-11-22,18.301483154296875,28.490259170532227,29.58603858947754,28.2163143157959,28.855518341064453,714012,2026-09-25
2000-11-24,20.178558349609375,31.412338256835938,31.594968795776367,30.590503692626953,30.86444854736328,276379,2026-09-25
2000-11-27,20.413190841674805,31.777597427368164,33.969154357910156,31.777597427368164,33.4212646484375,1020028,2026-09-25
2000-11-28,19.064043045043945,29.67735481262207,31.229707717895508,29.58603858947754,30.68181800842285,1361771,2026-09-25
2000-11-29,20.23721694946289,31.503652572631836,33.056007385253906,30.86444854736328,32.827720642089844,1518235,2026-09-25
2000-11-30,19.181360244750977,29.859983444213867,30.77313232421875,28.764205932617188,30.316558837890625,1702624,2026-09-25
2000-12-01,19.709285736083984,30.68181800842285,32.50811767578125,30.316558837890625,31.503652572631836,1744717,2026-09-25
2000-12-04,19.240022659301758,29.9512996673584,30.95576286315918,29.76866912841797,30.63616180419922,1353352,2026-09-25
2000-12-05,22.290266036987305,34.699676513671875,35.24756622314453,31.868911743164062,31.96022605895996,2982946,2026-09-25
2000-12-06,22.40757942199707,34.88230514526367,37.62175369262695,34.79098892211914,36.982547760009766,2409381,2026-09-25
2000-12-07,22.114294052124023,34.42573165893555,35.704139709472656,33.056007385253906,34.51704406738281,1420017,2026-09-25
2000-12-08,23.991363525390625,37.347808837890625,37.43912124633789,36.25202941894531,36.7542610168457,3001015,2026-09-25
2000-12-11,25.751117706298828,40.087257385253906,40.2698860168457,38.16964340209961,38.80884552001953,1506941,2026-09-25
2000-12-12,24.519290924072266,38.16964340209961,39.90462875366211,38.16964340209961,39.63068389892578,1126390,2026-09-25
2000-12-13,22.642213821411133,35.24756622314453,36.343345642089844,34.88230514526367,35.978084564208984,1976607,2026-09-25
2000-12-14,21.645017623901367,33.69520950317383,35.43019485473633,33.69520950317383,34.357242584228516,843441,2026-09-25
2000-12-15,20.999774932861328,32.69074630737305,33.60389709472656,32.32548522949219,33.2386360168457,449954,2026-09-25
2000-12-18,20.119895935058594,31.32102394104004,32.87337875366211,31.32102394104004,32.14285659790039,818938,2026-09-25
2000-12-19,20.119895935058594,31.32102394104004,33.969154357910156,31.047077178955078,31.047077178955078,636465,2026-09-25
2000-12-20,19.181360244750977,29.859983444213867,32.50811767578125,29.76866912841797,31.229707717895508,1741364,2026-09-25
2000-12-21,20.471845626831055,31.868911743164062,33.60389709472656,30.95576286315918,31.32102394104004,1104762,2026-09-25
2000-12-22,21.703678131103516,33.78652572631836,34.334415435791016,32.41680145263672,32.964691162109375,389517,2026-09-25
2000-12-26,21.93831443786621,34.15178680419922,34.243099212646484,33.2386360168457,33.60389709472656,190002,2026-09-25
2000-12-27,21.82099723815918,33.969154357910156,33.969154357910156,32.32548522949219,32.827720642089844,680132,2026-09-25
2000-12-28,21.703678131103516,33.78652572631836,33.78652572631836,32.32548522949219,32.32548522949219,490610,2026-09-25
2000-12-29,21.175748825073242,32.964691162109375,33.64955520629883,32.50811767578125,33.60389709472656,440714,2026-09-25
2001-01-02,19.47464942932129,30.316558837890625,32.32548522949219,30.042613983154297,32.32548522949219,891215,2026-09-25
2001-01-03,22.87685203552246,35.612823486328125,35.79545593261719,28.672889709472656,28.718547821044922,3096769,2026-09-25
2001-01-04,22.642213821411133,35.24756622314453,36.8912353515625,34.334415435791016,34.38007354736328,2151825,2026-09-25
2001-01-05,23.11149024963379,35.978084564208984,38.626216888427734,35.43019485473633,38.58055877685547,2249358,2026-09-25
2001-01-08,22.466243743896484,34.9736213684082,35.612823486328125,33.969154357910156,35.38453674316406,2574538,2026-09-25
2001-01-09,23.580745697021484,36.70860290527344,36.79991912841797,35.43019485473633,35.74979782104492,1513854,2026-09-25
2001-01-10,23.580745697021484,36.70860290527344,37.16518020629883,34.51704406738281,34.88230514526367,1229125,2026-09-25
2001-01-11,25.92710304260254,40.361202239990234,40.54383087158203,36.343345642089844,36.43465805053711,2384536,2026-09-25
2001-01-12,25.751117706298828,40.087257385253906,41.274349212646484,39.63068389892578,40.863433837890625,1887219,2026-09-25
2001-01-16,24.167339324951172,37.62175369262695,38.16964340209961,37.0738639831543,37.98701477050781,2092552,2026-09-25
2001-01-17,26.396360397338867,41.09172058105469,41.09172058105469,39.995941162109375,40.4525146484375,3385262,2026-09-25
2001-01-18,27.74551010131836,43.19196319580078,43.55722427368164,40.2698860168457,41.45698165893555,5586572,2026-09-25
2001-01-19,27.041610717773438,42.09618377685547,43.46590805053711,41.730926513671875,43.46590805053711,3252548,2026-09-25
2001-01-22,26.396360397338867,41.09172058105469,41.365665435791016,39.44805145263672,39.493709564208984,1126116,2026-09-25
2001-01-23,26.806976318359375,41.730926513671875,42.0048713684082,39.81331253051758,40.4525146484375,1736915,2026-09-25
2001-01-24,26.806976318359375,41.730926513671875,44.74431610107422,41.09172058105469,42.0048713684082,2509447,2026-09-25
2001-01-25,26.748319625854492,41.639610290527344,42.82670593261719,40.93191909790039,41.365665435791016,1136315,2026-09-25
2001-01-26,26.161727905273438,40.72645950317383,41.09172058105469,39.53936767578125,39.995941162109375,710385,2026-09-25
2001-01-29,26.103065490722656,40.63514709472656,40.72645950317383,39.44805145263672,39.72199630737305,1018248,2026-09-25
2001-01-30,26.572343826293945,41.365665435791016,41.91355514526367,40.63514709472656,40.68080520629883,1448900,2026-09-25
2001-01-31,26.748319625854492,41.639610290527344,42.91801834106445,40.90909194946289,41.18303680419922,1781404,2026-09-25
2001-02-01,26.33771514892578,41.000404357910156,42.3701286315918,40.361202239990234,42.3473014831543,1279774,2026-09-25
2001-02-02,25.105876922607422,39.08279037475586,40.17856979370117,38.717533111572266,39.63068389892578,2835996,2026-09-25
2001-02-05,24.108680725097656,37.53043746948242,37.80438232421875,36.61729049682617,37.62175369262695,1470940,2026-09-25
2001-02-06,23.463441848754883,36.52597427368164,36.8912353515625,35.88676834106445,35.978084564208984,2217258,2026-09-25
2001-02-07,22.642213821411133,35.24756622314453,36.43465805053711,34.88230514526367,35.24756622314453,2867685,2026-09-25
2001-02-08,22.994169235229492,35.79545593261719,36.52597427368164,35.52151107788086,35.79545593261719,1628430,2026-09-25
2001-02-09,21.93831443786621,34.15178680419922,35.43019485473633,34.15178680419922,34.51704406738281,1905699,2026-09-25
2001-02-12,22.700870513916016,35.3388786315918,35.43019485473633,33.78652572631836,33.78652572631836,1052676,2026-09-25
2001-02-13,22.055627822875977,34.334415435791016,36.43465805053711,34.15178680419922,35.612823486328125,1071635,2026-09-25
2001-02-14,23.11149024963379,35.978084564208984,36.79991912841797,33.4212646484375,33.69520950317383,4712468,2026-09-25
2001-02-15,23.5220947265625,36.61729049682617,37.62175369262695,36.61729049682617,36.982547760009766,1887219,2026-09-25
2001-02-16,23.170148849487305,36.069400787353516,36.16071319580078,34.88230514526367,35.24756622314453,1032964,2026-09-25
2001-02-20,22.172945022583008,34.51704406738281,36.25202941894531,34.334415435791016,36.069400787353516,631195,2026-09-25
2001-02-21,21.23440933227539,33.056007385253906,34.88230514526367,32.59943389892578,33.329952239990234,2133276,2026-09-25
2001-02-22,20.823802947998047,32.41680145263672,33.51258087158203,31.412338256835938,32.50811767578125,1314955,2026-09-25
2001-02-23,22.055627822875977,34.334415435791016,34.51704406738281,30.407873153686523,30.68181800842285,3639191,2026-09-25
2001-02-26,21.76233673095703,33.87784194946289,34.334415435791016,32.62226104736328,33.69520950317383,2224787,2026-09-25
2001-02-27,20.58916664123535,32.05154037475586,33.78652572631836,31.96022605895996,33.60389709472656,660968,2026-09-25
2001-02-28,19.885263442993164,30.95576286315918,32.41680145263672,30.407873153686523,32.32548522949219,1851559,2026-09-25
2001-03-01,20.061241149902344,31.229707717895508,31.686281204223633,29.038148880004883,29.9512996673584,1966546,2026-09-25
2001-03-02,20.413190841674805,31.777597427368164,32.59943389892578,29.12946319580078,29.40340805053711,6344663,2026-09-25
2001-03-05,21.175748825073242,32.964691162109375,33.14731979370117,31.777597427368164,32.14285659790039,3014430,2026-09-25
2001-03-06,23.698078155517578,36.8912353515625,38.53490447998047,34.836647033691406,34.836647033691406,4597892,2026-09-25
2001-03-07,23.932703018188477,37.256492614746094,37.80438232421875,36.25202941894531,37.256492614746094,2554620,2026-09-25
2001-03-08,23.34612464904785,36.343345642089844,37.347808837890625,35.612823486328125,36.8912353515625,1735546,2026-09-25
2001-03-09,21.93831443786621,34.15178680419922,35.52151107788086,33.969154357910156,34.88230514526367,2284333,2026-09-25
2001-03-12,21.11709976196289,32.87337875366211,35.15625,32.59943389892578,32.964691162109375,3502234,2026-09-25
2001-03-13,22.87685203552246,35.612823486328125,35.79545593261719,33.51258087158203,33.78652572631836,2233137,2026-09-25
2001-03-14,22.348920822143555,34.79098892211914,35.79545593261719,33.2386360168457,33.4212646484375,1751972,2026-09-25
2001-03-15,21.586362838745117,33.60389709472656,35.52151107788086,33.51258087158203,35.06493377685547,1793792,2026-09-25
2001-03-16,19.00538444519043,29.58603858947754,31.047077178955078,29.40340805053711,30.316558837890625,4767840,2026-09-25
2001-03-19,20.119895935058594,31.32102394104004,31.777597427368164,28.946834564208984,29.859983444213867,1669155,2026-09-25
2001-03-20,19.29867935180664,30.042613983154297,31.686281204223633,30.042613983154297,31.13839340209961,953157,2026-09-25
2001-03-21,19.064043045043945,29.67735481262207,30.77313232421875,29.40340805053711,29.859983444213867,1132413,2026-09-25
2001-03-22,21.527700424194336,33.51258087158203,33.60389709472656,29.58603858947754,30.727476119995117,2325332,2026-09-25
2001-03-23,21.879655838012695,34.06047058105469,34.88230514526367,32.41680145263672,34.334415435791016,1761555,2026-09-25
2001-03-26,21.879655838012695,34.06047058105469,35.15625,33.969154357910156,34.79098892211914,1045694,2026-09-25
2001-03-27,23.05282211303711,35.88676834106445,36.343345642089844,34.243099212646484,34.51704406738281,2309795,2026-09-25
2001-03-28,20.530508041381836,31.96022605895996,33.78652572631836,31.777597427368164,33.056007385253906,1853270,2026-09-25
2001-03-29,20.530508041381836,31.96022605895996,34.334415435791016,31.503652572631836,32.14285659790039,1766414,2026-09-25
2001-03-30,20.35453224182129,31.686281204223633,32.87337875366211,31.047077178955078,32.59943389892578,3266169,2026-09-25
2001-04-02,18.829402923583984,29.31209373474121,30.77313232421875,29.12946319580078,30.407873153686523,1364029,2026-09-25
2001-04-03,18.06684684753418,28.125,29.67735481262207,27.668424606323242,29.67735481262207,1959496,2026-09-25
2001-04-04,18.286813735961914,28.467430114746094,30.499187469482422,28.0336856842041,29.9512996673584,3455760,2026-09-25
2001-04-05,21.293071746826172,33.14731979370117,33.51258087158203,30.95576286315918,31.229707717895508,2590964,2026-09-25
2001-04-06,19.709285736083984,30.68181800842285,31.777597427368164,30.316558837890625,31.366680145263672,1217695,2026-09-25
2001-04-09,19.81252670288086,30.842531204223633,31.850648880004883,30.170455932617188,31.61688232421875,920852,2026-09-25
2001-04-10,21.16402244567871,32.94643020629883,33.092533111572266,31.35389518737793,31.412338256835938,2212740,2026-09-25
2001-04-11,22.243337631225586,34.62662124633789,35.40097427368164,34.23214340209961,35.21104049682617,3453980,2026-09-25
2001-04-12,23.510364532470703,36.59902572631836,36.67207717895508,33.60389709472656,34.1298713684082,2002068,2026-09-25
2001-04-16,22.571823120117188,35.13798522949219,36.14610290527344,34.655845642089844,35.19643020629883,1484902,2026-09-25
2001-04-17,21.63328742980957,33.67694854736328,34.334415435791016,32.18668746948242,32.74188232421875,2495964,2026-09-25
2001-04-18,24.430133819580078,38.030845642089844,39.18506622314453,35.66395950317383,35.91233825683594,4766540,2026-09-25
2001-04-19,25.5469913482666,39.76948165893555,39.81331253051758,37.09577941894531,37.62175369262695,5501633,2026-09-25
2001-04-20,25.3029727935791,39.389610290527344,39.94480514526367,38.425323486328125,39.243507385253906,5020879,2026-09-25
2001-04-23,24.11103057861328,37.53409194946289,37.91395950317383,37.110389709472656,37.65097427368164,3966219,2026-09-25
2001-04-24,23.8294677734375,37.09577941894531,38.93668746948242,36.96428680419922,37.32954406738281,5095963,2026-09-25
2001-04-25,24.777389526367188,38.57143020629883,38.790584564208984,37.110389709472656,37.475650787353516,3800172,2026-09-25
2001-04-26,24.636608123779297,38.352272033691406,39.12662124633789,37.84090805053711,38.8636360168457,2602463,2026-09-25
2001-04-27,24.786779403686523,38.58604049682617,39.30194854736328,37.98701477050781,39.22889709472656,2907794,2026-09-25
2001-04-30,25.40620994567871,39.550323486328125,40.06168746948242,38.73214340209961,38.73214340209961,2370163,2026-09-25
2001-05-01,25.96933364868164,40.42694854736328,40.485389709472656,39.375,40.25162124633789,2490693,2026-09-25
2001-05-02,26.166423797607422,40.7337646484375,40.98214340209961,40.09090805053711,40.76298522949219,2669812,2026-09-25
2001-05-03,24.7304630279541,38.49837875366211,39.52110290527344,38.191558837890625,38.4837646484375,6735892,2026-09-25
2001-05-04,25.18096160888672,39.199676513671875,39.40422058105469,37.60714340209961,37.782466888427734,2039508,2026-09-25
2001-05-07,24.542753219604492,38.20616912841797,38.907466888427734,38.08928680419922,38.52759552001953,1497564,2026-09-25
2001-05-08,24.46767234802246,38.08928680419922,38.13311767578125,37.37337875366211,37.76785659790039,1431584,2026-09-25
2001-05-09,23.5009822845459,36.584415435791016,36.8912353515625,36.30681610107422,36.7451286315918,1830068,2026-09-25
2001-05-10,24.35504722595215,37.91395950317383,38.9951286315918,37.84090805053711,38.834415435791016,3677862,2026-09-25
2001-05-11,24.129798889160156,37.56331253051758,38.030845642089844,37.256492614746094,37.53409194946289,1207018,2026-09-25
2001-05-14,23.1818790435791,36.08766174316406,36.43831253051758,35.576297760009766,36.32143020629883,842346,2026-09-25
2001-05-15,22.900310516357422,35.649349212646484,36.67207717895508,34.83116912841797,34.91883087158203,2520946,2026-09-25
2001-05-16,23.801311492919922,37.05194854736328,37.066558837890625,34.860389709472656,35.06493377685547,2393844,2026-09-25
2001-05-17,24.167339324951172,37.62175369262695,38.235389709472656,37.256492614746094,37.53409194946289,1530281,2026-09-25
2001-05-18,24.95570945739746,38.84902572631836,38.8636360168457,36.97889709472656,37.21266174316406,2039576,2026-09-25
2001-05-21,25.453142166137695,39.62337875366211,40.719154357910156,37.94318389892578,38.13311767578125,3742268,2026-09-25
2001-05-22,25.378061294555664,39.506492614746094,40.83604049682617,39.46266174316406,40.76298522949219,1688182,2026-09-25
2001-05-23,24.01717758178711,37.38798522949219,39.44805145263672,37.28571319580078,38.55681610107422,2843319,2026-09-25
2001-05-24,23.85761833190918,37.139610290527344,37.60714340209961,36.52597427368164,37.32954406738281,2882332,2026-09-25
2001-05-25,23.53851890563965,36.64285659790039,37.592533111572266,36.40909194946289,37.19805145263672,1666280,2026-09-25
2001-05-29,22.61875343322754,35.21104049682617,36.02922058105469,35.050323486328125,35.941558837890625,1387164,2026-09-25
2001-05-30,21.76468276977539,33.881492614746094,34.860389709472656,33.56006622314453,34.53895950317383,3002179,2026-09-25
2001-05-31,21.830381393432617,33.9837646484375,34.46590805053711,33.31168746948242,33.82305145263672,1887903,2026-09-25
2001-06-01,22.243337631225586,34.62662124633789,34.84577941894531,33.925323486328125,34.50973892211914,1081354,2026-09-25
2001-06-04,22.083784103393555,34.37824630737305,35.02110290527344,34.27597427368164,34.6412353515625,790602,2026-09-25
2001-06-05,23.191261291503906,36.102272033691406,36.423702239990234,35.006492614746094,35.19643020629883,2240118,2026-09-25
2001-06-06,22.675064086914062,35.298702239990234,36.24837875366211,34.4951286315918,36.11688232421875,2451064,2026-09-25
2001-06-07,23.754384994506836,36.97889709472656,37.110389709472656,34.860389709472656,35.050323486328125,1952309,2026-09-25
2001-06-08,23.83884620666504,37.110389709472656,37.256492614746094,36.540584564208984,37.183441162109375,1797351,2026-09-25
2001-06-11,23.1818790435791,36.08766174316406,36.29220962524414,35.85389709472656,36.102272033691406,1623297,2026-09-25
2001-06-12,22.825227737426758,35.532466888427734,36.30681610107422,33.9837646484375,34.2613639831543,1383878,2026-09-25
2001-06-13,22.684450149536133,35.31331253051758,36.7451286315918,35.26948165893555,36.14610290527344,1748276,2026-09-25
2001-06-14,21.45496368408203,33.399349212646484,34.20292282104492,33.03409194946289,34.01298522949219,1577850,2026-09-25
2001-06-15,20.9763126373291,32.65422058105469,33.2386360168457,31.529220581054688,31.631494522094727,1498728,2026-09-25
2001-06-18,20.826143264770508,32.42045593261719,33.34090805053711,32.33279037475586,32.69805145263672,1303593,2026-09-25
2001-06-19,20.553974151611328,31.996753692626953,33.530845642089844,31.748376846313477,33.165584564208984,1202500,2026-09-25
2001-06-20,19.446496963500977,30.27272605895996,30.389610290527344,29.191558837890625,29.717531204223633,2175507,2026-09-25
2001-06-21,18.883373260498047,29.39610481262207,29.805194854736328,28.782468795776367,29.51298713684082,2545517,2026-09-25
2001-06-22,20.347492218017578,31.675325393676758,32.405845642089844,30.550325393676758,30.71103858947754,3007860,2026-09-25
2001-06-25,20.69474983215332,32.21590805053711,32.43506622314453,31.485389709472656,32.31818389892578,846452,2026-09-25
2001-06-26,20.657207489013672,32.157466888427734,32.34740447998047,30.85714340209961,30.85714340209961,1392708,2026-09-25
2001-06-27,21.004472732543945,32.69805145263672,32.78571319580078,32.14285659790039,32.47889709472656,1411461,2026-09-25
2001-06-28,20.882461547851562,32.50811767578125,33.15097427368164,31.558441162109375,31.558441162109375,2695958,2026-09-25
2001-06-29,20.882461547851562,32.50811767578125,33.72077941894531,32.28895950317383,32.3912353515625,2525463,2026-09-25
2001-07-02,21.10770606994629,32.8587646484375,33.60389709472656,32.3912353515625,32.50811767578125,1630552,2026-09-25
2001-07-03,20.85430335998535,32.46428680419922,32.522727966308594,32.1136360168457,32.18668746948242,772943,2026-09-25
2001-07-05,19.521577835083008,30.389610290527344,31.39772605895996,28.28571319580078,28.300325393676758,5324430,2026-09-25
2001-07-06,19.00538444519043,29.58603858947754,30.097402572631836,29.29383087158203,30.009740829467773,1520493,2026-09-25
2001-07-09,19.606048583984375,30.52110481262207,30.90097427368164,29.6737003326416,29.980518341064453,2538536,2026-09-25
2001-07-10,19.56850242614746,30.462661743164062,31.57305145263672,30.199674606323242,31.35389518737793,2504314,2026-09-25
2001-07-11,19.47464942932129,30.316558837890625,30.608766555786133,29.58603858947754,29.99513053894043,968078,2026-09-25
2001-07-12,20.488277435302734,31.894481658935547,32.2451286315918,30.944805145263672,31.01785659790039,1585447,2026-09-25
2001-07-13,19.981456756591797,31.105518341064453,32.21590805053711,30.97402572631836,31.266233444213867,1016879,2026-09-25
2001-07-16,19.268173217773438,29.99513053894043,31.412338256835938,29.819805145263672,31.35389518737793,921947,2026-09-25
2001-07-17,19.577896118164062,30.47727394104004,30.608766555786133,28.34415626525879,28.709415435791016,2898896,2026-09-25
2001-07-18,18.789518356323242,29.25,30.06818199157715,28.72402572631836,28.782468795776367,2653933,2026-09-25
2001-07-19,18.705049514770508,29.118505477905273,29.9512996673584,29.0600643157959,29.644481658935547,5352287,2026-09-25
2001-07-20,18.10438346862793,28.183441162109375,28.34415626525879,27.672077178955078,27.81818199157715,1669360,2026-09-25
2001-07-23,17.94483184814453,27.9350643157959,28.680194854736328,27.876623153686523,28.53409194946289,1521383,2026-09-25
2001-07-24,17.70081329345703,27.555194854736328,28.490259170532227,27.321428298950195,28.125,1671345,2026-09-25
2001-07-25,17.513111114501953,27.26298713684082,27.759740829467773,26.35714340209961,27.569805145263672,2258461,2026-09-25
2001-07-26,17.879138946533203,27.832792282104492,28.329544067382812,27.029220581054688,27.394481658935547,2547365,2026-09-25
2001-07-27,18.320253372192383,28.519481658935547,28.577922821044922,27.686687469482422,28.27110481262207,1532813,2026-09-25
2001-07-30,18.91152572631836,29.4399356842041,30.06818199157715,29.220779418945312,29.936687469482422,897854,2026-09-25
2001-07-31,19.211862564086914,29.907468795776367,30.827922821044922,29.84902572631836,30.25811767578125,1567652,2026-09-25
2001-08-01,20.11285972595215,31.3100643157959,31.850648880004883,30.97402572631836,31.5,2738462,2026-09-25
2001-08-02,19.850067138671875,30.90097427368164,32.14285659790039,30.15584373474121,32.14285659790039,3672318,2026-09-25
2001-08-03,19.30571746826172,30.053571701049805,30.988636016845703,29.9512996673584,30.930194854736328,1113796,2026-09-25
2001-08-06,19.052309036254883,29.65909194946289,29.834415435791016,29.29383087158203,29.746753692626953,684992,2026-09-25
2001-08-07,18.64873504638672,29.03084373474121,29.13311767578125,28.43181800842285,28.87013053894043,1904604,2026-09-25
2001-08-08,17.991764068603516,28.00811767578125,29.016233444213867,27.774351119995117,28.417207717895508,1609060,2026-09-25
2001-08-09,18.461034774780273,28.738636016845703,28.855518341064453,28.16883087158203,28.577922821044922,1682844,2026-09-25
2001-08-10,18.489192962646484,28.782468795776367,28.782468795776367,27.74513053894043,28.19805145263672,595330,2026-09-25
2001-08-13,18.761362075805664,29.20616912841797,29.35227394104004,28.65097427368164,29.35227394104004,847890,2026-09-25
2001-08-14,18.62058448791504,28.98701286315918,29.65909194946289,28.72402572631836,29.454544067382812,858909,2026-09-25
2001-08-15,18.329633712768555,28.53409194946289,29.805194854736328,28.417207717895508,29.600648880004883,512786,2026-09-25
2001-08-16,18.56427001953125,28.899351119995117,28.928571701049805,27.90584373474121,28.256494522094727,894637,2026-09-25
2001-08-17,17.606966018676758,27.40909194946289,27.96428680419922,27.175325393676758,27.540584564208984,443999,2026-09-25
2001-08-20,17.757123947143555,27.64285659790039,27.97889518737793,27.321428298950195,27.686687469482422,837555,2026-09-25
2001-08-21,17.419254302978516,27.11688232421875,28.76785659790039,27.029220581054688,28.24188232421875,766646,2026-09-25
2001-08-22,18.20762825012207,28.34415626525879,28.636363983154297,27.847402572631836,28.3149356842041,1138642,2026-09-25
2001-08-23,18.39533233642578,28.636363983154297,29.001623153686523,28.446428298950195,28.709415435791016,782183,2026-09-25
2001-08-24,19.662363052368164,30.608766555786133,30.97402572631836,29.4399356842041,29.805194854736328,1876268,2026-09-25
2001-08-27,19.803146362304688,30.827922821044922,31.23701286315918,30.667207717895508,30.740259170532227,1481548,2026-09-25
2001-08-28,18.536113739013672,28.855518341064453,30.389610290527344,28.782468795776367,30.345779418945312,2090430,2026-09-25
2001-08-29,17.860368728637695,27.803571701049805,29.074674606323242,27.672077178955078,28.98701286315918,1519261,2026-09-25
2001-08-30,17.409866333007812,27.10227394104004,27.74513053894043,26.66396141052246,27.16071319580078,1248700,2026-09-25
2001-08-31,17.062610626220703,26.561687469482422,26.678571701049805,25.904220581054688,26.386363983154297,1574975,2026-09-25
2001-09-04,15.842521667480469,24.662338256835938,25.56818199157715,24.457792282104492,24.618505477905273,2149498,2026-09-25
2001-09-05,15.560951232910156,24.22402572631836,24.48701286315918,23.31818199157715,24.121753692626953,1805975,2026-09-25
2001-09-06,14.218841552734375,22.134740829467773,22.9237003326416,21.623376846313477,22.45616912841797,1915760,2026-09-25
2001-09-07,14.246997833251953,22.178571701049805,22.60227394104004,21.652597427368164,21.725648880004883,3745828,2026-09-25
2001-09-10,13.946667671203613,21.71103858947754,22.324674606323242,21.375,21.725648880004883,4512474,2026-09-25
2001-09-17,12.238529205322266,19.05194854736328,19.87013053894043,17.985389709472656,18.11688232421875,1708989,2026-09-25
2001-09-18,11.431389808654785,17.795455932617188,18.540584564208984,17.386363983154297,18.26298713684082,2133961,2026-09-25
2001-09-19,11.018431663513184,17.152597427368164,18.33603858947754,16.480518341064453,18.233766555786133,4695426,2026-09-25
2001-09-20,9.901573181152344,15.413961410522461,16.71428680419922,15.22402572631836,16.08603858947754,2015826,2026-09-25
2001-09-21,9.469842910766602,14.741883277893066,15.340909004211426,13.89448070526123,14.537338256835938,2879868,2026-09-25
2001-09-24,10.577315330505371,16.46590805053711,16.626623153686523,15.676947593688965,15.720779418945312,3353778,2026-09-25
2001-09-25,11.431389808654785,17.795455932617188,18.81818199157715,17.47402572631836,18.26298713684082,4914859,2026-09-25
2001-09-26,10.51162052154541,16.363636016845703,17.970779418945312,16.363636016845703,17.970779418945312,2661052,2026-09-25
2001-09-27,10.370841026306152,16.144481658935547,16.144481658935547,15.121752738952637,15.574674606323242,1868191,2026-09-25
2001-09-28,10.521003723144531,16.378246307373047,16.582792282104492,15.823052406311035,16.363636016845703,1976196,2026-09-25
2001-10-01,10.248827934265137,15.954545021057129,16.34902572631836,15.706169128417969,15.852272987365723,1228030,2026-09-25
2001-10-02,10.708710670471191,16.670455932617188,16.97727394104004,16.12986946105957,16.12986946105957,1234327,2026-09-25
2001-10-03,11.309375762939453,17.605518341064453,17.83928680419922,15.925325393676758,15.939934730529785,2685281,2026-09-25
2001-10-04,11.806801795959473,18.37986946105957,19.037338256835938,17.941558837890625,18.04383087158203,4856407,2026-09-25
2001-10-05,12.088359832763672,18.81818199157715,19.139610290527344,17.678571701049805,18.394481658935547,1845878,2026-09-25
2001-10-08,12.717184066772461,19.797077178955078,20.016233444213867,18.759740829467773,18.774351119995117,2057577,2026-09-25
2001-10-09,12.257299423217773,19.08116912841797,20.08928680419922,18.920455932617188,19.884740829467773,2296037,2026-09-25
2001-10-10,13.636950492858887,21.22889518737793,21.25811767578125,19.577922821044922,19.899351119995117,1904877,2026-09-25
2001-10-11,14.312692642211914,22.28084373474121,22.631494522094727,21.623376846313477,21.696428298950195,1402974,2026-09-25
2001-10-12,13.730799674987793,21.375,21.827922821044922,20.381494522094727,21.009740829467773,1443562,2026-09-25
2001-10-15,13.167683601379395,20.498376846313477,20.615259170532227,19.87013053894043,20.58603858947754,1120572,2026-09-25
2001-10-16,13.740192413330078,21.389610290527344,21.608766555786133,20.308441162109375,20.746753692626953,2950845,2026-09-25
2001-10-17,12.257299423217773,19.08116912841797,22.35389518737793,19.066558837890625,22.35389518737793,7483989,2026-09-25
2001-10-18,12.200987815856934,18.993505477905273,19.417207717895508,18.7012996673584,19.28571319580078,3955268,2026-09-25
2001-10-19,12.388694763183594,19.28571319580078,19.417207717895508,18.628246307373047,18.993505477905273,1728496,2026-09-25
2001-10-22,12.88611888885498,20.0600643157959,20.08928680419922,19.358766555786133,19.592531204223633,4246567,2026-09-25
2001-10-23,13.308463096618652,20.717531204223633,21.375,20.55681800842285,21.03896141052246,2846947,2026-09-25
2001-10-24,14.106220245361328,21.959415435791016,22.047077178955078,21.22889518737793,21.44805145263672,1639108,2026-09-25
2001-10-25,14.359624862670898,22.35389518737793,22.45616912841797,20.863636016845703,21.30194854736328,3106762,2026-09-25
2001-10-26,14.369009971618652,22.368505477905273,22.777597427368164,22.0762996673584,22.28084373474121,1455813,2026-09-25
2001-10-29,13.730799674987793,21.375,22.5,21.33116912841797,22.42694854736328,1182241,2026-09-25
2001-10-30,12.707798957824707,19.782468795776367,20.907468795776367,19.65097427368164,20.805194854736328,2248468,2026-09-25
2001-10-31,13.496170043945312,21.009740829467773,21.345779418945312,20.454544067382812,20.99513053894043,2670223,2026-09-25
2001-11-01,14.594256401062012,22.71915626525879,22.748376846313477,21.097402572631836,21.44805145263672,1268755,2026-09-25
2001-11-02,14.669340133666992,22.83603858947754,23.040584564208984,22.368505477905273,22.368505477905273,1640956,2026-09-25
2001-11-05,15.560951232910156,24.22402572631836,24.297077178955078,23.259740829467773,23.376623153686523,1639929,2026-09-25
2001-11-06,16.011449813842773,24.925325393676758,25.027597427368164,24.092531204223633,24.3262996673584,2469886,2026-09-25
2001-11-07,15.711119651794434,24.457792282104492,25.100648880004883,24.34090805053711,24.384740829467773,1197915,2026-09-25
2001-11-08,15.851899147033691,24.67694854736328,25.53896141052246,24.545455932617188,25.12986946105957,1935472,2026-09-25
2001-11-09,15.945751190185547,24.82305145263672,25.188312530517578,24.574674606323242,24.79383087158203,984026,2026-09-25
2001-11-12,16.33055305480957,25.422077178955078,25.422077178955078,24.03409194946289,25.15909194946289,772875,2026-09-25
2001-11-13,16.95937156677246,26.40097427368164,26.488636016845703,25.626623153686523,25.699674606323242,1305578,2026-09-25
2001-11-14,17.034452438354492,26.51785659790039,27.74513053894043,26.444805145263672,27.321428298950195,1449585,2026-09-25
2001-11-15,17.513111114501953,27.26298713684082,27.540584564208984,26.59090805053711,26.605518341064453,1263142,2026-09-25
2001-11-16,18.310863494873047,28.50486946105957,29.045455932617188,27.949674606323242,28.095779418945312,2143885,2026-09-25
2001-11-19,17.503726959228516,27.248376846313477,28.621753692626953,26.561687469482422,28.519481658935547,2146965,2026-09-25
2001-11-20,15.814355850219727,24.618505477905273,26.079544067382812,24.60389518737793,26.079544067382812,1674356,2026-09-25
2001-11-21,16.03022003173828,24.954544067382812,25.27597427368164,24.64772605895996,24.808441162109375,1459304,2026-09-25
2001-11-23,16.72473907470703,26.03571319580078,26.28409194946289,25.524351119995117,26.0649356842041,604570,2026-09-25
2001-11-26,17.372329711914062,27.04383087158203,27.07305145263672,26.21103858947754,26.766233444213867,1339937,2026-09-25
2001-11-27,16.94060516357422,26.371753692626953,27.16071319580078,25.72889518737793,26.123376846313477,1461768,2026-09-25
2001-11-28,16.199155807495117,25.217531204223633,25.99188232421875,25.12986946105957,25.290584564208984,2154357,2026-09-25
2001-11-29,16.649656295776367,25.91883087158203,25.933441162109375,25.202922821044922,25.49513053894043,1464027,2026-09-25
2001-11-30,16.339935302734375,25.436687469482422,25.71428680419922,25.188312530517578,25.582792282104492,1572580,2026-09-25
2001-12-03,16.00206184387207,24.91071319580078,25.071428298950195,24.545455932617188,24.9399356842041,1175944,2026-09-25
2001-12-04,16.752893447875977,26.079544067382812,26.225648880004883,25.144481658935547,25.23214340209961,2854544,2026-09-25
2001-12-05,18.883373260498047,29.39610481262207,29.644481658935547,27.628246307373047,27.686687469482422,2785552,2026-09-25
2001-12-06,18.339017868041992,28.5487003326416,29.045455932617188,28.24188232421875,28.563312530517578,2109595,2026-09-25
2001-12-07,17.728965759277344,27.59902572631836,28.709415435791016,27.511363983154297,28.490259170532227,1652796,2026-09-25
2001-12-10,17.61634635925293,27.4237003326416,27.71590805053711,26.78084373474121,27.16071319580078,740980,2026-09-25
2001-12-11,17.494342803955078,27.233766555786133,28.095779418945312,27.233766555786133,27.48214340209961,544202,2026-09-25
2001-12-12,18.507957458496094,28.811687469482422,28.811687469482422,27.64285659790039,28.28571319580078,1941153,2026-09-25
2001-12-13,16.43379020690918,25.582792282104492,26.89772605895996,25.56818199157715,26.59090805053711,2708963,2026-09-25
2001-12-14,16.69658088684082,25.99188232421875,26.430194854736328,25.641233444213867,26.40097427368164,2020754,2026-09-25
2001-12-17,17.484949111938477,27.21915626525879,27.672077178955078,26.970779418945312,27.087661743164062,421549,2026-09-25
2001-12-18,17.522493362426758,27.277597427368164,28.037338256835938,26.88311767578125,27.9350643157959,799979,2026-09-25
2001-12-19,16.62150001525879,25.875,26.561687469482422,25.75811767578125,26.342531204223633,2329575,2026-09-25
2001-12-20,15.12922477722168,23.55194854736328,25.27597427368164,23.55194854736328,24.998376846313477,3095674,2026-09-25
2001-12-21,15.682965278625488,24.41396141052246,24.574674606323242,24.0487003326416,24.44318199157715,1335146,2026-09-25
2001-12-24,15.43894100189209,24.03409194946289,24.48701286315918,23.96103858947754,24.399351119995117,111085,2026-09-25
2001-12-26,15.945751190185547,24.82305145263672,25.042207717895508,24.03409194946289,24.10714340209961,256256,2026-09-25
2001-12-27,16.311782836914062,25.39285659790039,25.582792282104492,24.837661743164062,24.837661743164062,300813,2026-09-25
2001-12-28,16.33055305480957,25.422077178955078,25.641233444213867,24.89610481262207,25.12986946105957,371311,2026-09-25
2001-12-31,16.00206184387207,24.91071319580078,25.422077178955078,24.82305145263672,25.422077178955078,211288,2026-09-25
2002-01-02,16.69658088684082,25.99188232421875,26.03571319580078,25.042207717895508,25.641233444213867,1269234,2026-09-25
2002-01-03,18.057462692260742,28.110389709472656,28.256494522094727,26.2987003326416,26.2987003326416,1388327,2026-09-25
2002-01-04,18.217010498046875,28.358766555786133,28.709415435791016,27.394481658935547,28.592531204223633,1530828,2026-09-25
2002-01-07,18.01053237915039,28.037338256835938,28.43181800842285,27.59902572631836,28.300325393676758,2944822,2026-09-25
2002-01-08,18.06684684753418,28.125,28.5487003326416,27.59902572631836,27.730518341064453,1859430,2026-09-25
2002-01-09,18.320253372192383,28.519481658935547,29.425325393676758,28.43181800842285,29.308441162109375,3361238,2026-09-25
2002-01-10,18.958454132080078,29.51298713684082,29.717531204223633,29.10389518737793,29.483766555786133,1697148,2026-09-25
2002-01-11,19.34326171875,30.11201286315918,30.608766555786133,29.834415435791016,30.47727394104004,1310164,2026-09-25
2002-01-14,18.8552188873291,29.35227394104004,29.907468795776367,29.220779418945312,29.819805145263672,1049732,2026-09-25
2002-01-15,18.658126831054688,29.045455932617188,29.55681800842285,28.43181800842285,29.08928680419922,2145528,2026-09-25
2002-01-16,17.147079467773438,26.69318199157715,27.7012996673584,26.69318199157715,27.175325393676758,2764060,2026-09-25
2002-01-17,17.644506454467773,27.467531204223633,27.467531204223633,26.766233444213867,27.350648880004883,2071950,2026-09-25
2002-01-18,17.09076499938965,26.605518341064453,26.95616912841797,26.108766555786133,26.2987003326416,1564708,2026-09-25
2002-01-22,16.71535301208496,26.02110481262207,26.95616912841797,26.006494522094727,26.751623153686523,1104899,2026-09-25
2002-01-23,17.588193893432617,27.37986946105957,27.438312530517578,26.28409194946289,26.28409194946289,1817063,2026-09-25
2002-01-24,17.832212448120117,27.759740829467773,27.96428680419922,27.555194854736328,27.686687469482422,2483438,2026-09-25
2002-01-25,17.869752883911133,27.81818199157715,28.066558837890625,26.8100643157959,26.824674606323242,1803648,2026-09-25
2002-01-28,17.7946720123291,27.7012996673584,28.110389709472656,27.40909194946289,27.686687469482422,1166430,2026-09-25
2002-01-29,17.18461799621582,26.751623153686523,27.97889518737793,26.69318199157715,27.686687469482422,1146924,2026-09-25
2002-01-30,17.456802368164062,27.175325393676758,27.37986946105957,26.342531204223633,26.751623153686523,2083175,2026-09-25
2002-01-31,17.7852840423584,27.686687469482422,27.78896141052246,26.824674606323242,27.37986946105957,1356637,2026-09-25
2002-02-01,17.832212448120117,27.759740829467773,28.256494522094727,27.540584564208984,27.774351119995117,586364,2026-09-25
2002-02-04,18.076229095458984,28.139610290527344,28.855518341064453,28.08116912841797,28.5487003326416,1718092,2026-09-25
2002-02-05,18.141929626464844,28.24188232421875,28.8262996673584,27.949674606323242,28.3149356842041,928928,2026-09-25
2002-02-06,17.963607788085938,27.96428680419922,28.46103858947754,27.467531204223633,28.27110481262207,1227756,2026-09-25
2002-02-07,17.316015243530273,26.95616912841797,28.358766555786133,26.85389518737793,28.08116912841797,2306852,2026-09-25
2002-02-08,16.799819946289062,26.152597427368164,27.233766555786133,25.363636016845703,26.95616912841797,4490572,2026-09-25
2002-02-11,17.362943649291992,27.029220581054688,27.175325393676758,26.35714340209961,26.488636016845703,2860772,2026-09-25
2002-02-12,17.269088745117188,26.88311767578125,27.30681800842285,26.66396141052246,26.8100643157959,2013225,2026-09-25
2002-02-13,18.01053237915039,28.037338256835938,28.16883087158203,27.233766555786133,27.467531204223633,1498660,2026-09-25
2002-02-14,18.67689323425293,29.074674606323242,29.65909194946289,28.490259170532227,28.94318199157715,2010966,2026-09-25
2002-02-15,18.583044052124023,28.928571701049805,29.29383087158203,28.753246307373047,28.94318199157715,842688,2026-09-25
2002-02-19,17.860368728637695,27.803571701049805,28.358766555786133,27.74513053894043,28.08116912841797,1329260,2026-09-25
2002-02-20,18.39533233642578,28.636363983154297,28.782468795776367,27.52597427368164,27.90584373474121,1584010,2026-09-25
2002-02-21,17.719585418701172,27.584415435791016,29.001623153686523,27.540584564208984,28.592531204223633,2086871,2026-09-25
2002-02-22,17.66327476501465,27.496753692626953,27.74513053894043,26.92694854736328,27.40909194946289,1632879,2026-09-25
2002-02-25,18.639352798461914,29.016233444213867,29.235389709472656,27.803571701049805,27.803571701049805,1198873,2026-09-25
2002-02-26,18.97722625732422,29.542207717895508,29.688312530517578,28.928571701049805,29.688312530517578,1514265,2026-09-25
2002-02-27,18.920909881591797,29.454544067382812,30.024351119995117,29.220779418945312,29.922077178955078,2213356,2026-09-25
2002-02-28,19.099241256713867,29.73214340209961,30.287338256835938,29.51298713684082,29.527597427368164,1570526,2026-09-25
2002-03-01,21.257877349853516,33.092533111572266,33.092533111572266,30.199674606323242,30.243505477905273,2719298,2026-09-25
2002-03-04,22.130708694458008,34.451297760009766,34.53895950317383,32.74188232421875,32.94643020629883,3794081,2026-09-25
2002-03-05,21.727142333984375,33.82305145263672,34.30519485473633,33.530845642089844,33.647727966308594,1768536,2026-09-25
2002-03-06,22.102556228637695,34.407466888427734,34.53895950317383,33.31168746948242,33.82305145263672,2862620,2026-09-25
2002-03-07,23.116174697875977,35.985389709472656,36.102272033691406,35.15259552001953,35.15259552001953,3597714,2026-09-25
2002-03-08,22.937856674194336,35.70779037475586,36.20454406738281,35.06493377685547,35.40097427368164,3738230,2026-09-25
2002-03-11,22.065021514892578,34.34902572631836,35.13798522949219,33.89610290527344,34.46590805053711,1542601,2026-09-25
2002-03-12,21.652061462402344,33.70616912841797,33.95454406738281,33.12175369262695,33.2386360168457,1798309,2026-09-25
2002-03-13,21.66144561767578,33.72077941894531,34.334415435791016,33.35551834106445,33.63311767578125,2104256,2026-09-25
2002-03-14,21.94300079345703,34.15909194946289,34.451297760009766,33.93993377685547,34.02759552001953,952473,2026-09-25
2002-03-15,22.487356185913086,35.006492614746094,35.13798522949219,34.11526107788086,34.11526107788086,968831,2026-09-25
2002-03-18,22.937856674194336,35.70779037475586,35.91233825683594,35.342533111572266,35.56168746948242,1659709,2026-09-25
2002-03-19,23.510364532470703,36.59902572631836,36.7451286315918,35.72240447998047,35.780845642089844,2148608,2026-09-25
2002-03-20,22.412275314331055,34.889610290527344,35.6201286315918,34.889610290527344,35.43019485473633,2864879,2026-09-25
2002-03-21,22.33719253540039,34.772727966308594,34.84577941894531,33.82305145263672,34.30519485473633,2271671,2026-09-25
2002-03-22,22.21518325805664,34.58279037475586,35.28409194946289,34.34902572631836,34.99188232421875,1332613,2026-09-25
2002-03-25,21.924230575561523,34.1298713684082,35.35714340209961,33.969154357910156,35.06493377685547,467818,2026-09-25
2002-03-26,22.496740341186523,35.02110290527344,35.35714340209961,34.02759552001953,34.100650787353516,514565,2026-09-25
2002-03-27,22.27149772644043,34.67045593261719,35.21104049682617,34.30519485473633,34.524349212646484,557891,2026-09-25
2002-03-28,23.81069564819336,37.066558837890625,37.41720962524414,36.02922058105469,36.02922058105469,3225308,2026-09-25
2002-04-01,24.139183044433594,37.57792282104492,37.69480514526367,36.49675369262695,36.8912353515625,999220,2026-09-25
2002-04-02,23.547903060913086,36.657466888427734,37.227272033691406,36.64285659790039,37.08116912841797,1730481,2026-09-25
2002-04-03,23.172483444213867,36.07305145263672,36.52597427368164,35.83928680419922,35.897727966308594,2963918,2026-09-25
2002-04-04,22.947242736816406,35.72240447998047,36.39448165893555,35.24026107788086,35.92694854736328,2129444,2026-09-25
2002-04-05,22.243337631225586,34.62662124633789,35.941558837890625,34.407466888427734,35.73701477050781,1780240,2026-09-25
2002-04-08,21.605138778686523,33.63311767578125,33.67694854736328,32.683441162109375,32.844154357910156,1858951,2026-09-25
2002-04-09,21.0513973236084,32.77110290527344,34.01298522949219,32.74188232421875,33.77922058105469,1894337,2026-09-25
2002-04-10,21.755300521850586,33.86688232421875,33.925323486328125,32.91720962524414,33.47240447998047,2241419,2026-09-25
2002-04-11,20.769832611083984,32.33279037475586,33.31168746948242,32.33279037475586,32.844154357910156,1825619,2026-09-25
2002-04-12,21.070165634155273,32.800323486328125,32.8587646484375,31.967531204223633,32.449676513671875,1332750,2026-09-25
2002-04-15,21.436189651489258,33.3701286315918,33.44318389892578,32.36201477050781,33.07792282104492,2116302,2026-09-25
2002-04-16,22.787694931030273,35.47402572631836,35.59090805053711,34.84577941894531,34.91883087158203,1729660,2026-09-25
2002-04-17,22.994169235229492,35.79545593261719,36.67207717895508,35.54707717895508,36.64285659790039,1289767,2026-09-25
2002-04-18,22.534282684326172,35.07954406738281,35.60551834106445,34.407466888427734,35.3863639831543,1572990,2026-09-25
2002-04-19,22.496740341186523,35.02110290527344,35.66395950317383,34.78733825683594,35.50324630737305,729207,2026-09-25
2002-04-22,21.736522674560547,33.83766174316406,34.524349212646484,33.618507385253906,34.407466888427734,818732,2026-09-25
2002-04-23,21.69899559020996,33.77922058105469,34.94805145263672,33.764610290527344,34.84577941894531,1744170,2026-09-25
2002-04-24,21.69899559020996,33.77922058105469,34.55356979370117,33.45779037475586,34.4951286315918,2052580,2026-09-25
2002-04-25,21.210947036743164,33.01948165893555,33.31168746948242,32.50811767578125,33.048702239990234,3331191,2026-09-25
2002-04-26,20.553974151611328,31.996753692626953,34.04220962524414,31.704544067382812,33.969154357910156,3225444,2026-09-25
2002-04-29,20.544584274291992,31.98214340209961,32.69805145263672,31.45616912841797,32.493507385253906,1103735,2026-09-25
2002-04-30,20.957536697387695,32.625,33.165584564208984,32.084415435791016,32.21590805053711,1117013,2026-09-25
2002-05-01,21.257877349853516,33.092533111572266,33.647727966308594,31.938312530517578,32.610389709472656,1386890,2026-09-25
2002-05-02,19.737442016601562,30.725648880004883,33.092533111572266,30.52110481262207,32.74188232421875,3625913,2026-09-25
2002-05-03,17.972990036010742,27.97889518737793,29.08928680419922,27.686687469482422,29.045455932617188,4082643,2026-09-25
2002-05-06,17.935455322265625,27.920455932617188,29.32305145263672,27.759740829467773,29.220779418945312,2924563,2026-09-25
2002-05-07,18.442256927490234,28.709415435791016,29.118505477905273,27.803571701049805,29.045455932617188,1566283,2026-09-25
2002-05-08,20.751062393188477,32.30356979370117,32.727272033691406,30.404220581054688,30.462661743164062,3602163,2026-09-25
2002-05-09,19.662363052368164,30.608766555786133,32.30356979370117,30.506494522094727,31.821428298950195,2593360,2026-09-25
2002-05-10,18.545501708984375,28.87013053894043,30.49188232421875,28.72402572631836,30.44805145263672,1075468,2026-09-25
2002-05-13,19.3338680267334,30.097402572631836,30.141233444213867,29.074674606323242,29.118505477905273,2296311,2026-09-25
2002-05-14,20.11285972595215,31.3100643157959,31.66071319580078,30.71103858947754,31.470779418945312,1547324,2026-09-25
2002-05-15,20.31934356689453,31.631494522094727,32.639610290527344,30.623376846313477,31.178571701049805,2125268,2026-09-25
2002-05-16,20.516429901123047,31.938312530517578,32.14285659790039,31.16396141052246,31.45616912841797,733451,2026-09-25
2002-05-17,20.79798698425293,32.37662124633789,32.96104049682617,31.894481658935547,32.96104049682617,1088677,2026-09-25
2002-05-20,20.366262435913086,31.704544067382812,32.12824630737305,31.558441162109375,32.12824630737305,935636,2026-09-25
2002-05-21,19.577896118164062,30.47727394104004,31.748376846313477,30.27272605895996,31.54383087158203,893200,2026-09-25
2002-05-22,19.38079833984375,30.170455932617188,30.47727394104004,29.483766555786133,29.99513053894043,1290862,2026-09-25
2002-05-23,19.052309036254883,29.65909194946289,30.170455932617188,29.03084373474121,30.082792282104492,2521356,2026-09-25
2002-05-24,18.310863494873047,28.50486946105957,28.665584564208984,28.154220581054688,28.34415626525879,1002164,2026-09-25
2002-05-28,18.592422485351562,28.94318199157715,29.32305145263672,28.563312530517578,29.32305145263672,754737,2026-09-25
2002-05-29,17.66327476501465,27.496753692626953,27.9350643157959,27.394481658935547,27.920455932617188,890188,2026-09-25
2002-05-30,17.353553771972656,27.014610290527344,27.175325393676758,26.13798713684082,26.707792282104492,1216326,2026-09-25
2002-05-31,17.40048599243164,27.087661743164062,27.97889518737793,27.029220581054688,27.540584564208984,1128991,2026-09-25
2002-06-03,16.799819946289062,26.152597427368164,27.394481658935547,25.962661743164062,27.30681800842285,979440,2026-09-25
2002-06-04,17.062610626220703,26.561687469482422,26.649351119995117,25.509740829467773,25.6850643157959,1372927,2026-09-25
2002-06-05,17.147079467773438,26.69318199157715,26.751623153686523,26.09415626525879,26.327922821044922,947408,2026-09-25
2002-06-06,16.612112045288086,25.860389709472656,26.766233444213867,25.641233444213867,26.678571701049805,986421,2026-09-25
2002-06-07,16.293004989624023,25.363636016845703,25.4512996673584,23.52272605895996,23.72727394104004,2299939,2026-09-25
2002-06-10,16.00206184387207,24.91071319580078,25.480518341064453,24.837661743164062,25.202922821044922,1095522,2026-09-25
2002-06-11,14.969673156738281,23.303571701049805,25.05681800842285,23.230518341064453,24.89610481262207,2095906,2026-09-25
2002-06-12,14.725650787353516,22.9237003326416,22.952922821044922,21.725648880004883,22.675325393676758,3686076,2026-09-25
2002-06-13,14.322078704833984,22.295455932617188,23.52272605895996,22.105518341064453,22.61688232421875,1828767,2026-09-25
2002-06-14,14.34084701538086,22.324674606323242,22.57305145263672,21.49188232421875,22.16396141052246,2988969,2026-09-25
2002-06-17,14.988441467285156,23.332792282104492,23.4350643157959,22.792207717895508,22.938312530517578,1407355,2026-09-25
2002-06-18,14.55671501159668,22.66071319580078,23.50811767578125,22.66071319580078,22.792207717895508,1161913,2026-09-25
2002-06-19,13.60879135131836,21.1850643157959,22.19318199157715,21.11201286315918,22.061687469482422,2122736,2026-09-25
2002-06-20,13.111368179321289,20.41071319580078,21.7987003326416,20.279220581054688,21.623376846313477,1520083,2026-09-25
2002-06-21,12.961203575134277,20.17694854736328,21.03896141052246,20.016233444213867,20.936687469482422,935567,2026-09-25
2002-06-24,13.233380317687988,20.600648880004883,20.878246307373047,19.65097427368164,20.016233444213867,1412283,2026-09-25
2002-06-25,13.148909568786621,20.46915626525879,21.667207717895508,20.32305145263672,21.33116912841797,1802211,2026-09-25
2002-06-26,13.364770889282227,20.805194854736328,20.99513053894043,19.694805145263672,19.709415435791016,3784020,2026-09-25
2002-06-27,14.200069427490234,22.105518341064453,22.39772605895996,21.1850643157959,22.0762996673584,1716039,2026-09-25
2002-06-28,14.190688133239746,22.09090805053711,23.230518341064453,21.90097427368164,22.64610481262207,1820075,2026-09-25
2002-07-01,13.392928123474121,20.84902572631836,22.76298713684082,20.790584564208984,22.54383087158203,2475293,2026-09-25
2002-07-02,12.670254707336426,19.72402572631836,20.6737003326416,19.72402572631836,20.308441162109375,2458456,2026-09-25
2002-07-03,12.369925498962402,19.256494522094727,19.782468795776367,18.438312530517578,19.28571319580078,2308152,2026-09-25
2002-07-05,14.481632232666016,22.54383087158203,22.54383087158203,21.126623153686523,21.287338256835938,1312764,2026-09-25
2002-07-08,13.974821090698242,21.75486946105957,22.748376846313477,21.53571319580078,22.42694854736328,1879005,2026-09-25
2002-07-09,13.111368179321289,20.41071319580078,20.96590805053711,20.162338256835938,20.89285659790039,1607828,2026-09-25
2002-07-10,12.276070594787598,19.110389709472656,20.542207717895508,19.08116912841797,20.527597427368164,2125816,2026-09-25
2002-07-11,12.99874210357666,20.235389709472656,20.527597427368164,18.90584373474121,19.358766555786133,2884044,2026-09-25
2002-07-12,13.101984024047852,20.39610481262207,21.024351119995117,20.10389518737793,20.746753692626953,904425,2026-09-25
2002-07-15,13.552482604980469,21.097402572631836,21.1850643157959,19.797077178955078,20.717531204223633,1947313,2026-09-25
2002-07-16,13.055057525634766,20.32305145263672,21.7987003326416,20.308441162109375,20.527597427368164,1589759,2026-09-25
2002-07-17,14.162529945373535,22.047077178955078,23.639610290527344,21.25811767578125,23.47889518737793,5310810,2026-09-25
2002-07-18,14.284539222717285,22.23701286315918,23.2012996673584,21.842531204223633,23.011363983154297,2439155,2026-09-25
2002-07-19,13.749571800231934,21.404220581054688,22.19318199157715,21.1850643157959,21.769481658935547,834406,2026-09-25
2002-07-22,13.646329879760742,21.243505477905273,22.266233444213867,20.936687469482422,21.71103858947754,958359,2026-09-25
2002-07-23,12.304224014282227,19.154220581054688,21.287338256835938,18.876623153686523,21.03896141052246,1558685,2026-09-25
2002-07-24,13.036285400390625,20.29383087158203,20.29383087158203,17.85389518737793,18.029220581054688,1511322,2026-09-25
2002-07-25,10.323911666870117,16.071428298950195,17.51785659790039,15.194805145263672,17.152597427368164,4314327,2026-09-25
2002-07-26,10.64301586151123,16.56818199157715,16.94805145263672,16.01298713684082,16.436687469482422,1566283,2026-09-25
2002-07-29,11.619095802307129,18.087661743164062,18.292207717895508,16.94805145263672,17.415584564208984,2152783,2026-09-25
2002-07-30,11.975737571716309,18.64285659790039,18.90584373474121,17.824674606323242,17.92694854736328,1241172,2026-09-25
2002-07-31,11.121670722961426,17.313312530517578,18.26298713684082,17.123376846313477,18.248376846313477,2250111,2026-09-25
2002-08-01,10.370841026306152,16.144481658935547,17.2987003326416,16.100648880004883,16.99188232421875,1610772,2026-09-25
2002-08-02,9.779557228088379,15.22402572631836,16.1737003326416,15.048701286315918,16.12986946105957,1531376,2026-09-25
2002-08-05,9.338447570800781,14.537338256835938,15.399351119995117,14.332792282104492,15.209416389465332,1246510,2026-09-25
2002-08-06,9.798332214355469,15.253247261047363,15.852272987365723,15.077921867370605,15.340909004211426,1554921,2026-09-25
2002-08-07,9.582468032836914,14.917207717895508,15.998376846313477,14.332792282104492,15.779220581054688,1504546,2026-09-25
2002-08-08,10.370841026306152,16.144481658935547,16.80194854736328,15.194805145263672,15.706169128417969,2642161,2026-09-25
2002-08-09,10.089279174804688,15.706169128417969,16.202922821044922,15.457792282104492,15.896103858947754,1724184,2026-09-25
2002-08-12,10.220669746398926,15.910714149475098,15.998376846313477,15.340909004211426,15.545454978942871,686156,2026-09-25
2002-08-13,9.441686630249023,14.698052406311035,15.808442115783691,14.654220581054688,15.10714340209961,1499070,2026-09-25
2002-08-14,9.920342445373535,15.443181991577148,15.443181991577148,14.245129585266113,14.610389709472656,2163392,2026-09-25
2002-08-15,10.098662376403809,15.720779418945312,15.837661743164062,14.931818008422852,15.48701286315918,1226319,2026-09-25
2002-08-16,10.793181419372559,16.80194854736328,16.816558837890625,15.35551929473877,15.457792282104492,927559,2026-09-25
2002-08-19,11.29998779296875,17.59090805053711,18.10227394104004,16.99188232421875,17.123376846313477,1558617,2026-09-25
2002-08-20,10.821337699890137,16.845779418945312,17.47402572631836,16.72889518737793,16.99188232421875,1915281,2026-09-25
2002-08-21,11.825575828552246,18.40909194946289,18.4237003326416,17.47402572631836,17.88311767578125,1684486,2026-09-25
2002-08-22,12.107134819030762,18.847402572631836,19.28571319580078,18.277597427368164,18.555194854736328,1507010,2026-09-25
2002-08-23,10.915190696716309,16.99188232421875,18.175325393676758,16.99188232421875,18.14610481262207,1038781,2026-09-25
2002-08-26,11.168596267700195,17.386363983154297,17.488636016845703,16.787338256835938,17.196428298950195,556932,2026-09-25
2002-08-27,10.521003723144531,16.378246307373047,17.40097427368164,16.363636016845703,17.269481658935547,607308,2026-09-25
2002-08-28,9.95788288116455,15.501623153686523,16.144481658935547,15.26785659790039,16.144481658935547,1392844,2026-09-25
2002-08-29,9.93911361694336,15.472402572631836,15.823052406311035,14.961038589477539,15.209416389465332,1344317,2026-09-25
2002-08-30,9.610625267028809,14.961038589477539,15.443181991577148,14.829545021057129,15.034090995788574,610798,2026-09-25
2002-09-03,9.047502517700195,14.084416389465332,14.741883277893066,14.02597427368164,14.698052406311035,787316,2026-09-25
2002-09-04,8.662702560424805,13.485389709472656,14.15746784210205,12.477272987365723,14.02597427368164,2083586,2026-09-25
2002-09-05,8.071422576904297,12.564934730529785,12.798701286315918,12.038961410522461,12.126623153686523,1320704,2026-09-25
2002-09-06,8.493762969970703,13.222402572631836,13.514610290527344,13.03246784210205,13.397727012634277,1284360,2026-09-25
2002-09-09,8.249743461608887,12.84253215789795,12.930194854736328,12.360389709472656,12.930194854736328,1180940,2026-09-25
2002-09-10,8.399909973144531,13.076298713684082,13.266234397888184,12.784090995788574,12.85714340209961,1440687,2026-09-25
2002-09-11,8.446837425231934,13.149351119995117,13.646103858947754,12.930194854736328,13.339285850524902,966915,2026-09-25
2002-09-12,7.7523193359375,12.068181991577148,13.090909004211426,11.98051929473877,12.579545021057129,1405507,2026-09-25
2002-09-13,7.433215618133545,11.571429252624512,11.951298713684082,11.396103858947754,11.688311576843262,1257530,2026-09-25
2002-09-16,6.917019844055176,10.76785659790039,11.235389709472656,10.59253215789795,11.11850643157959,1556221,2026-09-25
2002-09-17,6.306973457336426,9.818181991577148,10.51948070526123,9.409090995788574,10.51948070526123,4262241,2026-09-25
2002-09-18,6.297585964202881,9.803570747375488,10.008116722106934,9.438311576843262,9.715909004211426,2682954,2026-09-25
2002-09-19,6.12864875793457,9.540583610534668,9.788961410522461,9.160714149475098,9.277597427368164,1305578,2026-09-25
2002-09-20,6.297585964202881,9.803570747375488,10.241883277893066,9.788961410522461,10.139610290527344,1215505,2026-09-25
2002-09-23,5.678150653839111,8.839285850524902,9.219156265258789,8.60551929473877,9.058442115783691,2614988,2026-09-25
2002-09-24,5.3590474128723145,8.34253215789795,8.722402572631836,7.816557884216309,7.933442115783691,3896748,2026-09-25
2002-09-25,6.062952995300293,9.438311576843262,9.452921867370605,8.693181991577148,8.926947593688965,5777943,2026-09-25
2002-09-26,6.297585964202881,9.803570747375488,10.095779418945312,9.058442115783691,10.095779418945312,5359200,2026-09-25
2002-09-27,5.828316688537598,9.073052406311035,9.540583610534668,8.985389709472656,9.13149356842041,2688361,2026-09-25
2002-09-30,5.8095479011535645,9.043830871582031,9.277597427368164,8.766234397888184,9.204545021057129,1250822,2026-09-25
2002-10-01,6.166192531585693,9.59902572631836,9.59902572631836,8.795454978942871,9.073052406311035,1951214,2026-09-25
2002-10-02,6.147419452667236,9.569805145263672,10.314934730529785,9.204545021057129,9.277597427368164,1768399,2026-09-25
2002-10-03,6.138035297393799,9.555194854736328,9.99350643157959,9.379870414733887,9.438311576843262,1520972,2026-09-25
2002-10-04,5.631224632263184,8.766234397888184,9.628247261047363,8.693181991577148,9.511363983154297,1555605,2026-09-25
2002-10-07,4.702072620391846,7.319805145263672,8.225648880004883,7.232142925262451,8.00649356842041,3422633,2026-09-25
2002-10-08,4.946091651916504,7.6996750831604,7.875,7.378246784210205,7.743505954742432,4149650,2026-09-25
2002-10-09,4.955477237701416,7.714285850524902,8.064934730529785,7.305194854736328,7.45129919052124,1468270,2026-09-25
2002-10-10,5.396590709686279,8.40097427368164,8.576298713684082,7.728896141052246,7.743505954742432,1379292,2026-09-25
2002-10-11,6.091109275817871,9.48214340209961,9.64285659790039,9.029220581054688,9.13149356842041,2066817,2026-09-25
2002-10-14,6.194347381591797,9.64285659790039,9.803570747375488,9.277597427368164,9.277597427368164,2162434,2026-09-25
2002-10-15,7.56461238861084,11.77597427368164,11.965909004211426,11.323052406311035,11.571429252624512,3301144,2026-09-25
2002-10-16,6.250658988952637,9.73051929473877,10.51948070526123,9.701298713684082,10.314934730529785,1994266,2026-09-25
2002-10-17,7.527070999145508,11.71753215789795,11.805194854736328,11.279220581054688,11.469156265258789,2227730,2026-09-25
2002-10-18,7.8274030685424805,12.185065269470215,12.258116722106934,11.279220581054688,11.615260124206543,1419264,2026-09-25
2002-10-21,8.296672821044922,12.915583610534668,12.959416389465332,11.922078132629395,12.141234397888184,1617274,2026-09-25
2002-10-22,6.870096206665039,10.694805145263672,11.38149356842041,10.680194854736328,11.176947593688965,2511843,2026-09-25
2002-10-23,7.545839309692383,11.746752738952637,11.819805145263672,10.25649356842041,10.563311576843262,4133428,2026-09-25
2002-10-24,7.301822185516357,11.366883277893066,12.214285850524902,11.220779418945312,11.439934730529785,1967436,2026-09-25
2002-10-25,7.789860248565674,12.126623153686523,12.24350643157959,11.483765602111816,11.542207717895508,815721,2026-09-25
2002-10-28,7.874329090118408,12.258116722106934,12.944805145263672,12.199674606323242,12.915583610534668,1355063,2026-09-25
2002-10-29,7.414445877075195,11.542207717895508,12.097402572631836,11.045454978942871,11.98051929473877,1755874,2026-09-25
2002-10-30,8.155891418457031,12.696429252624512,12.784090995788574,11.673701286315918,11.863636016845703,1286961,2026-09-25
2002-10-31,8.071422576904297,12.564934730529785,13.061688423156738,12.258116722106934,12.76948070526123,1638218,2026-09-25
2002-11-01,8.390525817871094,13.061688423156738,13.23701286315918,12.068181991577148,12.418830871582031,1850396,2026-09-25
2002-11-04,9.113200187683105,14.186688423156738,14.873376846313477,13.879870414733887,13.996752738952637,2036564,2026-09-25
2002-11-05,9.319676399230957,14.508116722106934,14.537338256835938,13.89448070526123,14.201298713684082,1264032,2026-09-25
2002-11-06,9.591853141784668,14.931818008422852,14.975648880004883,14.303570747375488,14.75649356842041,2997251,2026-09-25
2002-11-07,8.521919250488281,13.266234397888184,13.952921867370605,13.266234397888184,13.938311576843262,1478674,2026-09-25
2002-11-08,8.409295082092285,13.090909004211426,13.383116722106934,12.871752738952637,13.266234397888184,1189496,2026-09-25
2002-11-11,7.508298397064209,11.688311576843262,12.550325393676758,11.64448070526123,12.521103858947754,1194629,2026-09-25
2002-11-12,8.071422576904297,12.564934730529785,12.76948070526123,11.995129585266113,12.126623153686523,2457977,2026-09-25
2002-11-13,7.771090507507324,12.097402572631836,12.389610290527344,11.84902572631836,12.053570747375488,1025640,2026-09-25
2002-11-14,8.465605735778809,13.178570747375488,13.280843734741211,12.477272987365723,12.84253215789795,1641298,2026-09-25
2002-11-15,8.484378814697266,13.207792282104492,13.426947593688965,12.827921867370605,12.988636016845703,1252739,2026-09-25
2002-11-18,8.775324821472168,13.660714149475098,14.128247261047363,13.543830871582031,13.616883277893066,798884,2026-09-25
2002-11-19,8.64393138885498,13.456169128417969,13.96753215789795,13.383116722106934,13.602272987365723,516276,2026-09-25
2002-11-20,9.085042953491211,14.14285659790039,14.303570747375488,13.222402572631836,13.23701286315918,980261,2026-09-25
2002-11-21,10.361451148986816,16.12986946105957,16.202922821044922,14.961038589477539,15.209416389465332,2146144,2026-09-25
2002-11-22,10.464694023132324,16.290584564208984,16.582792282104492,16.042207717895508,16.115259170532227,711412,2026-09-25
2002-11-25,10.840105056762695,16.875,17.02110481262207,16.217531204223633,16.319805145263672,1274162,2026-09-25
2002-11-26,9.929727554321289,15.457792282104492,16.34902572631836,15.370129585266113,16.08603858947754,1703172,2026-09-25
2002-11-27,10.840105056762695,16.875,16.875,15.764610290527344,16.071428298950195,1022218,2026-09-25
2002-11-29,10.464694023132324,16.290584564208984,16.91883087158203,16.217531204223633,16.889610290527344,277405,2026-09-25
2002-12-02,10.999659538269043,17.123376846313477,17.751623153686523,16.80194854736328,17.66396141052246,1179640,2026-09-25
2002-12-03,10.258214950561523,15.969156265258789,16.524351119995117,15.969156265258789,16.509740829467773,700940,2026-09-25
2002-12-04,9.638778686523438,15.004870414733887,15.457792282104492,14.683442115783691,15.253247261047363,1228236,2026-09-25
2002-12-05,9.760788917541504,15.194805145263672,15.691557884216309,14.75649356842041,15.633116722106934,756996,2026-09-25
2002-12-06,9.732633590698242,15.15097427368164,15.297078132629395,14.391234397888184,14.537338256835938,793134,2026-09-25
2002-12-09,8.719011306762695,13.573052406311035,14.595779418945312,13.558442115783691,14.595779418945312,1130702,2026-09-25
2002-12-10,9.019347190856934,14.040583610534668,14.113636016845703,13.310065269470215,13.426947593688965,945423,2026-09-25
2002-12-11,8.540692329406738,13.295454978942871,13.704545021057129,13.10551929473877,13.704545021057129,1664774,2026-09-25
2002-12-12,8.287285804748535,12.90097427368164,13.266234397888184,12.798701286315918,13.178570747375488,908600,2026-09-25
2002-12-13,7.836787700653076,12.199674606323242,12.798701286315918,12.126623153686523,12.798701286315918,848711,2026-09-25
2002-12-16,8.352983474731445,13.003247261047363,13.061688423156738,12.389610290527344,12.477272987365723,2527927,2026-09-25
2002-12-17,8.127735137939453,12.652597427368164,13.10551929473877,12.564934730529785,12.915583610534668,547282,2026-09-25
2002-12-18,7.245510578155518,11.279220581054688,11.77597427368164,10.694805145263672,11.73214340209961,6553350,2026-09-25
2002-12-19,7.254896640777588,11.293830871582031,11.71753215789795,11.103896141052246,11.147727012634277,5906208,2026-09-25
2002-12-20,7.90248441696167,12.301947593688965,12.535714149475098,11.878247261047363,11.922078132629395,1992144,2026-09-25
2002-12-23,8.165276527404785,12.711038589477539,12.827921867370605,12.068181991577148,12.24350643157959,1854434,2026-09-25
2002-12-24,8.118348121643066,12.63798713684082,12.827921867370605,12.491883277893066,12.696429252624512,717024,2026-09-25
2002-12-26,8.090192794799805,12.594156265258789,13.047078132629395,12.594156265258789,12.63798713684082,479659,2026-09-25
2002-12-27,7.818019390106201,12.170454978942871,12.418830871582031,12.155843734741211,12.24350643157959,972459,2026-09-25
2002-12-30,7.789860248565674,12.126623153686523,12.433442115783691,12.11201286315918,12.301947593688965,836870,2026-09-25
2002-12-31,7.8461737632751465,12.214285850524902,12.50649356842041,11.936688423156738,12.11201286315918,771369,2026-09-25
2003-01-02,8.352983474731445,13.003247261047363,13.01785659790039,12.418830871582031,12.696429252624512,2007544,2026-09-25
2003-01-03,8.634543418884277,13.441557884216309,13.543830871582031,12.90097427368164,13.047078132629395,2482617,2026-09-25
2003-01-06,8.953646659851074,13.938311576843262,14.15746784210205,13.339285850524902,13.36850643157959,1367315,2026-09-25
2003-01-07,8.86917781829834,13.806818008422852,14.245129585266113,13.573052406311035,13.865260124206543,1588048,2026-09-25
2003-01-08,8.268515586853027,12.871752738952637,13.076298713684082,12.711038589477539,12.944805145263672,1358964,2026-09-25
2003-01-09,8.174661636352539,12.725648880004883,13.163961410522461,12.608765602111816,12.784090995788574,2215204,2026-09-25
2003-01-10,8.831637382507324,13.748376846313477,13.879870414733887,12.63798713684082,12.725648880004883,1362592,2026-09-25
2003-01-13,8.737785339355469,13.602272987365723,14.172078132629395,13.456169128417969,14.084416389465332,1019822,2026-09-25
2003-01-14,8.719011306762695,13.573052406311035,13.850648880004883,13.310065269470215,13.485389709472656,1216600,2026-09-25
2003-01-15,8.3248291015625,12.959416389465332,13.470779418945312,12.740260124206543,13.10551929473877,1271492,2026-09-25
2003-01-16,8.343597412109375,12.988636016845703,13.295454978942871,12.740260124206543,13.003247261047363,1589896,2026-09-25
2003-01-17,7.761703968048096,12.082792282104492,12.360389709472656,11.98051929473877,12.228896141052246,1011951,2026-09-25
2003-01-21,7.649080753326416,11.90746784210205,12.448052406311035,11.819805145263672,12.316557884216309,1628841,2026-09-25
2003-01-22,7.508298397064209,11.688311576843262,11.834416389465332,11.352272987365723,11.542207717895508,3315312,2026-09-25
2003-01-23,7.705392360687256,11.995129585266113,12.185065269470215,11.542207717895508,12.082792282104492,1639518,2026-09-25
2003-01-24,7.2830491065979,11.337661743164062,11.965909004211426,11.176947593688965,11.965909004211426,1372790,2026-09-25
2003-01-27,7.057801246643066,10.98701286315918,11.454545021057129,10.899351119995117,11.045454978942871,865617,2026-09-25
2003-01-28,7.311207294464111,11.38149356842041,11.396103858947754,10.972402572631836,11.293830871582031,1349519,2026-09-25
2003-01-29,7.405060768127441,11.527597427368164,11.688311576843262,10.826298713684082,11.206169128417969,1825413,2026-09-25
2003-01-30,7.489531517028809,11.659090995788574,11.90746784210205,10.884739875793457,11.600648880004883,3957868,2026-09-25
2003-01-31,7.517685413360596,11.702921867370605,11.790583610534668,10.665583610534668,10.884739875793457,4283048,2026-09-25
2003-02-03,7.405060768127441,11.527597427368164,11.84902572631836,11.51298713684082,11.73214340209961,933514,2026-09-25
2003-02-04,7.179812431335449,11.176947593688965,11.352272987365723,11.045454978942871,11.293830871582031,1012704,2026-09-25
2003-02-05,7.0859599113464355,11.030843734741211,11.352272987365723,10.957792282104492,11.191557884216309,1158491,2026-09-25
2003-02-06,6.992103099822998,10.884739875793457,11.030843734741211,10.753247261047363,10.884739875793457,824345,2026-09-25
2003-02-07,6.776241302490234,10.548701286315918,11.045454978942871,10.51948070526123,11.045454978942871,539753,2026-09-25
2003-02-10,6.66361665725708,10.373376846313477,10.51948070526123,10.095779418945312,10.358765602111816,1426998,2026-09-25
2003-02-11,6.7668538093566895,10.534090995788574,10.709416389465332,10.402597427368164,10.417207717895508,1252602,2026-09-25
2003-02-12,6.7668538093566895,10.534090995788574,10.78246784210205,10.446429252624512,10.504870414733887,621749,2026-09-25
2003-02-13,6.7856268882751465,10.563311576843262,10.621752738952637,10.314934730529785,10.417207717895508,789438,2026-09-25
2003-02-14,7.039031028747559,10.957792282104492,10.972402572631836,10.446429252624512,10.446429252624512,622434,2026-09-25
2003-02-18,7.320592880249023,11.396103858947754,11.542207717895508,11.220779418945312,11.308442115783691,651180,2026-09-25
2003-02-19,7.1516547203063965,11.133116722106934,11.425325393676758,10.928570747375488,11.410714149475098,663500,2026-09-25
2003-02-20,7.423832416534424,11.556818008422852,11.571429252624512,11.191557884216309,11.293830871582031,779993,2026-09-25
2003-02-21,7.179812431335449,11.176947593688965,11.396103858947754,10.899351119995117,11.396103858947754,1452665,2026-09-25
2003-02-24,7.029645919799805,10.943181991577148,11.206169128417969,10.60714340209961,10.621752738952637,1140079,2026-09-25
2003-02-25,6.870096206665039,10.694805145263672,10.72402572631836,10.241883277893066,10.490260124206543,1044804,2026-09-25
2003-02-26,6.438366413116455,10.022727012634277,10.446429252624512,10.008116722106934,10.154220581054688,1209687,2026-09-25
2003-02-27,6.66361665725708,10.373376846313477,10.490260124206543,10.095779418945312,10.110389709472656,782799,2026-09-25
2003-02-28,6.7856268882751465,10.563311576843262,10.797078132629395,10.446429252624512,10.797078132629395,846110,2026-09-25
2003-03-03,6.719926834106445,10.461038589477539,10.797078132629395,10.431818008422852,10.694805145263672,536468,2026-09-25
2003-03-04,6.438366413116455,10.022727012634277,10.373376846313477,9.99350643157959,10.285714149475098,1136041,2026-09-25
2003-03-05,6.391438961029053,9.949674606323242,10.022727012634277,9.774351119995117,9.99350643157959,1615563,2026-09-25
2003-03-06,6.213118076324463,9.672078132629395,9.818181991577148,9.540583610534668,9.628247261047363,1019138,2026-09-25
2003-03-07,6.100493907928467,9.496752738952637,9.628247261047363,9.306818008422852,9.321429252624512,1220912,2026-09-25
2003-03-10,5.865860462188721,9.13149356842041,9.219156265258789,9.073052406311035,9.204545021057129,1458825,2026-09-25
2003-03-11,5.884629726409912,9.160714149475098,9.409090995788574,9.102272987365723,9.175325393676758,1806796,2026-09-25
2003-03-12,6.0254106521606445,9.379870414733887,9.39448070526123,8.926947593688965,9.350648880004883,618669,2026-09-25
2003-03-13,6.297585964202881,9.803570747375488,9.905843734741211,9.48214340209961,9.701298713684082,2070581,2026-09-25
2003-03-14,6.4008259773254395,9.964285850524902,10.431818008422852,9.847402572631836,10.154220581054688,2111922,2026-09-25
2003-03-17,6.945178031921387,10.811688423156738,10.957792282104492,9.920454978942871,9.99350643157959,2870081,2026-09-25
2003-03-18,7.376904487609863,11.483765602111816,11.71753215789795,11.060065269470215,11.71753215789795,2432242,2026-09-25
2003-03-19,7.72416353225708,12.024351119995117,12.228896141052246,11.746752738952637,12.068181991577148,1920140,2026-09-25
2003-03-20,7.4989142417907715,11.673701286315918,11.995129585266113,11.425325393676758,11.71753215789795,2060383,2026-09-25
2003-03-21,7.836787700653076,12.199674606323242,12.301947593688965,11.805194854736328,11.89285659790039,1101819,2026-09-25
2003-03-24,6.926407337188721,10.78246784210205,11.206169128417969,10.753247261047363,10.899351119995117,1627130,2026-09-25
2003-03-25,6.935791015625,10.797078132629395,11.089285850524902,10.461038589477539,10.534090995788574,1440824,2026-09-25
2003-03-26,6.795010566711426,10.577921867370605,10.753247261047363,10.329545021057129,10.72402572631836,1202158,2026-09-25
2003-03-27,6.66361665725708,10.373376846313477,10.51948070526123,9.584416389465332,9.964285850524902,1516729,2026-09-25
2003-03-28,6.382053852081299,9.935065269470215,10.227272987365723,9.86201286315918,10.008116722106934,2493089,2026-09-25
2003-03-31,6.166192531585693,9.59902572631836,9.715909004211426,9.423701286315918,9.686688423156738,1151099,2026-09-25
2003-04-01,6.288200855255127,9.788961410522461,9.978896141052246,9.584416389465332,9.672078132629395,737626,2026-09-25
2003-04-02,6.907635688781738,10.753247261047363,10.870129585266113,10.300325393676758,10.417207717895508,1463000,2026-09-25
2003-04-03,6.682385444641113,10.402597427368164,10.709416389465332,10.358765602111816,10.621752738952637,863495,2026-09-25
2003-04-04,6.59791898727417,10.271103858947754,10.417207717895508,10.081169128417969,10.38798713684082,816748,2026-09-25
2003-04-07,6.907635688781738,10.753247261047363,11.030843734741211,10.680194854736328,10.78246784210205,1112633,2026-09-25
2003-04-08,6.757471084594727,10.51948070526123,10.797078132629395,10.475648880004883,10.797078132629395,860484,2026-09-25
2003-04-09,6.654231548309326,10.358765602111816,10.72402572631836,10.314934730529785,10.490260124206543,627293,2026-09-25
2003-04-10,6.616690158843994,10.300325393676758,10.373376846313477,10.066557884216309,10.300325393676758,489104,2026-09-25
2003-04-11,6.560376167297363,10.212661743164062,10.402597427368164,10.066557884216309,10.314934730529785,566241,2026-09-25
2003-04-14,6.560376167297363,10.212661743164062,10.285714149475098,9.920454978942871,9.920454978942871,469187,2026-09-25
2003-04-15,6.701156139373779,10.431818008422852,10.621752738952637,10.051947593688965,10.198052406311035,1139600,2026-09-25
2003-04-16,6.823164939880371,10.621752738952637,10.957792282104492,10.577921867370605,10.76785659790039,940564,2026-09-25
2003-04-17,7.123498916625977,11.089285850524902,11.25,10.51948070526123,10.51948070526123,1471829,2026-09-25
2003-04-21,7.132884502410889,11.103896141052246,11.264610290527344,10.943181991577148,11.074674606323242,1143844,2026-09-25
2003-04-22,7.423832416534424,11.556818008422852,11.64448070526123,11.001623153686523,11.147727012634277,1458209,2026-09-25
2003-04-23,7.7523193359375,12.068181991577148,12.126623153686523,11.834416389465332,11.90746784210205,1661489,2026-09-25
2003-04-24,7.667852878570557,11.936688423156738,12.038961410522461,11.73214340209961,11.922078132629395,1301334,2026-09-25
2003-04-25,7.301822185516357,11.366883277893066,11.71753215789795,11.279220581054688,11.673701286315918,1129676,2026-09-25
2003-04-28,7.789860248565674,12.126623153686523,12.287338256835938,11.454545021057129,11.498376846313477,1193397,2026-09-25
2003-04-29,8.456222534179688,13.163961410522461,13.207792282104492,12.667207717895508,12.754870414733887,3147349,2026-09-25
2003-04-30,8.268515586853027,12.871752738952637,12.97402572631836,12.564934730529785,12.754870414733887,2431694,2026-09-25
2003-05-01,8.259130477905273,12.85714340209961,12.915583610534668,12.50649356842041,12.85714340209961,1841772,2026-09-25
2003-05-02,8.56884765625,13.339285850524902,13.412338256835938,12.63798713684082,12.667207717895508,2437991,2026-09-25
2003-05-05,8.822253227233887,13.733765602111816,13.909090995788574,13.558442115783691,13.675325393676758,1236860,2026-09-25
2003-05-06,9.103814125061035,14.172078132629395,14.347402572631836,13.879870414733887,13.996752738952637,2430052,2026-09-25
2003-05-07,8.719011306762695,13.573052406311035,13.996752738952637,13.441557884216309,13.879870414733887,1217627,2026-09-25
2003-05-08,8.418681144714355,13.10551929473877,13.280843734741211,13.076298713684082,13.10551929473877,1965793,2026-09-25
2003-05-09,8.681471824645996,13.514610290527344,13.689934730529785,13.134739875793457,13.324674606323242,780814,2026-09-25
2003-05-12,8.972415924072266,13.96753215789795,14.02597427368164,13.543830871582031,13.573052406311035,1882017,2026-09-25
2003-05-13,8.58761978149414,13.36850643157959,13.514610290527344,13.23701286315918,13.397727012634277,2340047,2026-09-25
2003-05-14,8.540692329406738,13.295454978942871,13.353896141052246,12.85714340209961,13.310065269470215,1670113,2026-09-25
2003-05-15,8.58761978149414,13.36850643157959,13.426947593688965,13.10551929473877,13.397727012634277,1059725,2026-09-25
2003-05-16,8.531305313110352,13.280843734741211,13.412338256835938,13.047078132629395,13.353896141052246,1444862,2026-09-25
2003-05-19,7.818019390106201,12.170454978942871,12.76948070526123,12.155843734741211,12.696429252624512,2416500,2026-09-25
2003-05-20,7.7523193359375,12.068181991577148,12.375,11.951298713684082,12.301947593688965,2174412,2026-09-25
2003-05-21,7.855559825897217,12.228896141052246,12.272727012634277,11.673701286315918,11.834416389465332,2701708,2026-09-25
2003-05-22,8.033879280090332,12.50649356842041,12.594156265258789,12.038961410522461,12.141234397888184,1633906,2026-09-25
2003-05-23,7.761703968048096,12.082792282104492,12.360389709472656,12.024351119995117,12.272727012634277,1778597,2026-09-25
2003-05-27,8.240360260009766,12.827921867370605,12.871752738952637,11.834416389465332,11.878247261047363,1489009,2026-09-25
2003-05-28,8.540692329406738,13.295454978942871,13.529220581054688,12.784090995788574,12.85714340209961,1334598,2026-09-25
2003-05-29,8.625160217285156,13.426947593688965,13.76298713684082,13.266234397888184,13.324674606323242,743854,2026-09-25
2003-05-30,9.432300567626953,14.683442115783691,14.727272987365723,14.02597427368164,14.128247261047363,2075304,2026-09-25
2003-06-02,9.563697814941406,14.88798713684082,15.194805145263672,14.800325393676758,15.034090995788574,2855365,2026-09-25
2003-06-03,9.544925689697266,14.858765602111816,14.873376846313477,14.566557884216309,14.75649356842041,1940195,2026-09-25
2003-06-04,9.591853141784668,14.931818008422852,15.034090995788574,14.49350643157959,14.683442115783691,1932803,2026-09-25
2003-06-05,9.770174026489258,15.209416389465332,15.370129585266113,14.581169128417969,14.595779418945312,2370916,2026-09-25
2003-06-06,10.12681770324707,15.764610290527344,16.15909194946289,15.560065269470215,15.939934730529785,3528448,2026-09-25
2003-06-09,9.695091247558594,15.09253215789795,15.545454978942871,15.01948070526123,15.48701286315918,1212972,2026-09-25
2003-06-10,10.032962799072266,15.61850643157959,15.61850643157959,15.09253215789795,15.26785659790039,2579740,2026-09-25
2003-06-11,9.544925689697266,14.858765602111816,15.15097427368164,14.654220581054688,15.01948070526123,2875009,2026-09-25
2003-06-12,9.713862419128418,15.121752738952637,15.165583610534668,14.595779418945312,14.917207717895508,2307468,2026-09-25
2003-06-13,9.394759178161621,14.625,15.10714340209961,14.566557884216309,14.931818008422852,2246004,2026-09-25
2003-06-16,9.82648754119873,15.297078132629395,15.457792282104492,14.610389709472656,14.829545021057129,762197,2026-09-25
2003-06-17,9.910954475402832,15.428570747375488,15.720779418945312,15.165583610534668,15.384739875793457,1609608,2026-09-25
2003-06-18,9.676322937011719,15.063311576843262,15.253247261047363,14.625,14.829545021057129,3151867,2026-09-25
2003-06-19,9.300907135009766,14.478896141052246,15.004870414733887,14.288961410522461,14.829545021057129,2275504,2026-09-25
2003-06-20,9.085042953491211,14.14285659790039,14.303570747375488,13.952921867370605,14.128247261047363,1551088,2026-09-25
2003-06-23,8.672088623046875,13.5,14.02597427368164,13.485389709472656,13.938311576843262,1608650,2026-09-25
2003-06-24,8.55007553100586,13.310065269470215,13.397727012634277,12.959416389465332,13.03246784210205,2434569,2026-09-25
2003-06-25,8.841023445129395,13.76298713684082,14.069805145263672,13.426947593688965,13.441557884216309,2564819,2026-09-25
2003-06-26,8.812864303588867,13.719156265258789,13.748376846313477,13.383116722106934,13.573052406311035,3013335,2026-09-25
2003-06-27,8.981803894042969,13.98214340209961,14.186688423156738,13.806818008422852,13.879870414733887,3060699,2026-09-25
2003-06-30,8.981803894042969,13.98214340209961,14.449674606323242,13.806818008422852,14.36201286315918,1610977,2026-09-25
2003-07-01,9.235209465026855,14.376623153686523,14.391234397888184,13.952921867370605,14.084416389465332,2627445,2026-09-25
2003-07-02,9.986041069030762,15.545454978942871,15.61850643157959,14.75649356842041,14.829545021057129,5226076,2026-09-25
2003-07-03,9.835872650146484,15.311688423156738,15.633116722106934,15.194805145263672,15.340909004211426,2192823,2026-09-25
2003-07-07,10.943347930908203,17.03571319580078,17.196428298950195,16.305194854736328,16.319805145263672,3408396,2026-09-25
2003-07-08,10.943347930908203,17.03571319580078,17.21103858947754,16.61201286315918,17.006494522094727,2635385,2026-09-25
2003-07-09,10.577315330505371,16.46590805053711,16.94805145263672,16.188312530517578,16.56818199157715,3565271,2026-09-25
2003-07-10,10.248827934265137,15.954545021057129,16.115259170532227,15.589285850524902,16.01298713684082,2444493,2026-09-25
2003-07-11,10.51162052154541,16.363636016845703,16.480518341064453,16.08603858947754,16.115259170532227,1602627,2026-09-25
2003-07-14,11.093515396118164,17.269481658935547,17.678571701049805,16.816558837890625,17.59090805053711,2425534,2026-09-25
2003-07-15,11.666019439697266,18.16071319580078,18.59902572631836,17.795455932617188,18.48214340209961,7947769,2026-09-25
2003-07-16,11.337532043457031,17.649351119995117,17.970779418945312,17.342531204223633,17.88311767578125,3574443,2026-09-25
2003-07-17,10.342680931091309,16.100648880004883,16.72889518737793,15.939934730529785,16.363636016845703,4071692,2026-09-25
2003-07-18,10.858880996704102,16.904220581054688,17.167207717895508,16.524351119995117,17.079544067382812,3202652,2026-09-25
2003-07-21,10.6524019241333,16.582792282104492,16.699674606323242,16.363636016845703,16.582792282104492,2157437,2026-09-25
2003-07-22,11.51585578918457,17.92694854736328,18.029220581054688,17.108766555786133,17.35714340209961,4943400,2026-09-25
2003-07-23,12.172832489013672,18.949674606323242,18.993505477905273,18.11688232421875,18.438312530517578,2414515,2026-09-25
2003-07-24,12.107134819030762,18.847402572631836,19.373376846313477,18.613636016845703,19.212661743164062,4201325,2026-09-25
2003-07-25,12.426236152648926,19.34415626525879,19.358766555786133,18.584415435791016,18.90584373474121,2189538,2026-09-25
2003-07-28,12.351152420043945,19.22727394104004,19.446428298950195,18.90584373474121,19.154220581054688,1527748,2026-09-25
2003-07-29,12.135292053222656,18.891233444213867,19.34415626525879,18.7012996673584,19.27110481262207,2089061,2026-09-25
2003-07-30,12.144673347473145,18.90584373474121,18.9350643157959,18.277597427368164,18.9350643157959,1388806,2026-09-25
2003-07-31,12.144673347473145,18.90584373474121,19.22727394104004,18.672077178955078,19.066558837890625,1830889,2026-09-25
2003-08-01,12.642102241516113,19.680194854736328,19.76785659790039,19.38798713684082,19.592531204223633,2602737,2026-09-25
2003-08-04,12.801651954650879,19.928571701049805,20.0600643157959,19.577922821044922,19.855518341064453,1555811,2026-09-25
2003-08-05,12.313614845275879,19.16883087158203,19.928571701049805,19.139610290527344,19.87013053894043,1322347,2026-09-25
2003-08-06,11.834957122802734,18.4237003326416,18.891233444213867,18.365259170532227,18.7012996673584,2520809,2026-09-25
2003-08-07,11.797417640686035,18.365259170532227,18.52597427368164,18.014610290527344,18.16071319580078,1115097,2026-09-25
2003-08-08,11.159211158752441,17.371753692626953,18.555194854736328,17.21103858947754,18.467531204223633,2174001,2026-09-25
2003-08-11,11.55339527130127,17.985389709472656,18.04383087158203,17.2987003326416,17.371753692626953,1449037,2026-09-25
2003-08-12,11.910038948059082,18.540584564208984,18.540584564208984,17.985389709472656,18.30681800842285,1048843,2026-09-25
2003-08-13,12.172832489013672,18.949674606323242,19.16883087158203,18.64285659790039,18.78896141052246,3147418,2026-09-25
2003-08-14,12.003891944885254,18.686687469482422,18.876623153686523,18.452922821044922,18.74513053894043,1644104,2026-09-25
2003-08-15,11.966351509094238,18.628246307373047,18.803571701049805,18.33603858947754,18.365259170532227,1097233,2026-09-25
2003-08-18,12.782877922058105,19.899351119995117,20.001623153686523,18.555194854736328,18.584415435791016,2448121,2026-09-25
2003-08-19,13.13952350616455,20.454544067382812,20.527597427368164,19.753246307373047,19.94318199157715,2950024,2026-09-25
2003-08-20,13.186450004577637,20.527597427368164,20.805194854736328,19.94318199157715,20.03084373474121,2990064,2026-09-25
2003-08-21,13.805882453918457,21.49188232421875,21.652597427368164,21.024351119995117,21.608766555786133,2675904,2026-09-25
2003-08-22,13.974821090698242,21.75486946105957,22.821428298950195,21.652597427368164,22.80681800842285,2277489,2026-09-25
2003-08-25,14.040517807006836,21.85714340209961,22.207792282104492,21.652597427368164,22.09090805053711,2690004,2026-09-25
2003-08-26,14.190688133239746,22.09090805053711,22.134740829467773,21.404220581054688,21.769481658935547,1574633,2026-09-25
2003-08-27,14.85704517364502,23.128246307373047,23.230518341064453,22.54383087158203,22.587661743164062,3111621,2026-09-25
2003-08-28,15.016596794128418,23.376623153686523,23.537338256835938,23.09902572631836,23.376623153686523,3509215,2026-09-25
2003-08-29,14.800736427307129,23.040584564208984,23.391233444213867,22.66071319580078,22.704544067382812,2922646,2026-09-25
2003-09-02,14.706883430480957,22.894481658935547,23.011363983154297,22.35389518737793,22.675325393676758,2713412,2026-09-25
2003-09-03,14.171919822692871,22.061687469482422,22.675325393676758,21.944805145263672,22.38311767578125,3013883,2026-09-25
2003-09-04,14.359624862670898,22.35389518737793,22.704544067382812,21.696428298950195,21.959415435791016,4230346,2026-09-25
2003-09-05,14.763195991516113,22.98214340209961,23.52272605895996,22.38311767578125,22.470779418945312,2622654,2026-09-25
2003-09-08,15.851899147033691,24.67694854736328,24.735389709472656,23.77110481262207,23.88798713684082,4157452,2026-09-25
2003-09-09,15.382628440856934,23.946428298950195,24.3262996673584,23.756494522094727,24.15097427368164,2242856,2026-09-25
2003-09-10,14.322078704833984,22.295455932617188,23.02597427368164,22.0762996673584,22.80681800842285,2763034,2026-09-25
2003-09-11,14.312692642211914,22.28084373474121,22.57305145263672,21.696428298950195,22.3100643157959,5968287,2026-09-25
2003-09-12,14.115602493286133,21.97402572631836,22.032468795776367,21.550325393676758,21.959415435791016,4047188,2026-09-25
2003-09-15,13.843428611755371,21.550325393676758,22.28084373474121,21.550325393676758,22.23701286315918,2911558,2026-09-25
2003-09-16,14.293928146362305,22.251623153686523,22.324674606323242,21.5649356842041,21.696428298950195,4123572,2026-09-25
2003-09-17,14.547331809997559,22.64610481262207,23.055194854736328,22.5,22.587661743164062,3914201,2026-09-25
2003-09-18,14.331469535827637,22.3100643157959,22.5,21.842531204223633,22.003246307373047,2456676,2026-09-25
2003-09-19,14.078062057495117,21.915584564208984,22.178571701049805,21.740259170532227,22.047077178955078,1793860,2026-09-25
2003-09-22,13.32723331451416,20.746753692626953,21.1850643157959,20.51298713684082,21.15584373474121,3797845,2026-09-25
2003-09-23,13.740192413330078,21.389610290527344,21.506494522094727,20.717531204223633,20.717531204223633,3302992,2026-09-25
2003-09-24,12.87673282623291,20.045455932617188,21.404220581054688,19.884740829467773,21.404220581054688,2754410,2026-09-25
2003-09-25,12.7734956741333,19.884740829467773,20.688312530517578,19.811687469482422,20.483766555786133,2505820,2026-09-25
2003-09-26,12.34177017211914,19.212661743164062,19.76785659790039,19.154220581054688,19.738636016845703,2336556,2026-09-25
2003-09-29,12.454391479492188,19.38798713684082,19.782468795776367,18.97889518737793,19.592531204223633,3026476,2026-09-25
2003-09-30,12.313614845275879,19.16883087158203,19.709415435791016,19.125,19.636363983154297,3207238,2026-09-25
2003-10-01,12.689030647277832,19.753246307373047,19.8262996673584,19.256494522094727,19.256494522094727,3464179,2026-09-25
2003-10-02,12.970585823059082,20.191558837890625,20.32305145263672,19.563312530517578,19.65097427368164,2407876,2026-09-25
2003-10-03,14.134376525878906,22.003246307373047,22.441558837890625,21.667207717895508,21.842531204223633,4226718,2026-09-25
2003-10-06,13.740192413330078,21.389610290527344,21.90097427368164,21.1850643157959,21.90097427368164,3525847,2026-09-25
2003-10-07,14.096833229064941,21.944805145263672,21.988636016845703,21.199674606323242,21.389610290527344,2962960,2026-09-25
2003-10-08,13.974821090698242,21.75486946105957,22.38311767578125,21.579544067382812,22.35389518737793,3078631,2026-09-25
2003-10-09,14.096833229064941,21.944805145263672,22.514610290527344,21.769481658935547,22.412338256835938,2454007,2026-09-25
2003-10-10,13.965439796447754,21.740259170532227,22.09090805053711,21.47727394104004,22.01785659790039,1539110,2026-09-25
2003-10-13,14.153145790100098,22.032468795776367,22.207792282104492,21.71103858947754,21.97402572631836,1750124,2026-09-25
2003-10-14,13.88097095489502,21.608766555786133,21.75486946105957,21.27272605895996,21.389610290527344,2861046,2026-09-25
2003-10-15,14.688109397888184,22.865259170532227,23.683441162109375,22.76298713684082,23.376623153686523,8660002,2026-09-25
2003-10-16,14.92274284362793,23.230518341064453,23.274351119995117,22.5,22.558441162109375,2614304,2026-09-25
2003-10-17,14.744423866271973,22.952922821044922,23.52272605895996,22.938312530517578,23.274351119995117,2131497,2026-09-25
2003-10-20,14.716269493103027,22.90909194946289,23.157468795776367,22.792207717895508,22.996753692626953,2396445,2026-09-25
2003-10-21,15.288776397705078,23.800325393676758,23.96103858947754,22.470779418945312,23.303571701049805,4694399,2026-09-25
2003-10-22,14.875821113586426,23.157468795776367,23.52272605895996,23.113636016845703,23.36201286315918,2731002,2026-09-25
2003-10-23,14.566100120544434,22.675325393676758,22.894481658935547,22.324674606323242,22.470779418945312,3065832,2026-09-25
2003-10-24,14.678726196289062,22.850648880004883,22.894481658935547,22.368505477905273,22.470779418945312,1919456,2026-09-25
2003-10-27,14.678726196289062,22.850648880004883,23.084415435791016,22.5,22.894481658935547,1914117,2026-09-25
2003-10-28,16.255470275878906,25.305194854736328,25.34902572631836,24.136363983154297,24.399351119995117,3125516,2026-09-25
2003-10-29,16.161619186401367,25.15909194946289,25.509740829467773,24.70616912841797,24.70616912841797,2858103,2026-09-25
2003-10-30,16.227313995361328,25.261363983154297,25.860389709472656,25.05681800842285,25.319805145263672,3374927,2026-09-25
2003-10-31,16.471330642700195,25.641233444213867,25.743505477905273,25.071428298950195,25.524351119995117,3529817,2026-09-25
2003-11-03,17.240930557250977,26.83928680419922,26.95616912841797,26.18181800842285,26.313312530517578,2350793,2026-09-25
2003-11-04,16.809207916259766,26.167207717895508,26.547077178955078,26.050325393676758,26.269481658935547,2172495,2026-09-25
2003-11-05,16.84674835205078,26.225648880004883,26.371753692626953,25.91883087158203,26.079544067382812,2103845,2026-09-25
2003-11-06,17.747743606567383,27.628246307373047,27.759740829467773,27.087661743164062,27.16071319580078,3964439,2026-09-25
2003-11-07,17.419254302978516,27.11688232421875,27.555194854736328,26.8100643157959,27.555194854736328,2441276,2026-09-25
2003-11-10,16.555801391601562,25.77272605895996,26.985389709472656,25.743505477905273,26.88311767578125,2510884,2026-09-25
2003-11-11,16.790435791015625,26.13798713684082,26.342531204223633,25.597402572631836,25.77272605895996,2226977,2026-09-25
2003-11-12,17.550649642944336,27.321428298950195,27.52597427368164,26.634740829467773,26.751623153686523,2214178,2026-09-25
2003-11-13,17.42864418029785,27.131494522094727,27.555194854736328,26.766233444213867,27.204544067382812,2636959,2026-09-25
2003-11-14,16.593347549438477,25.83116912841797,27.087661743164062,25.77272605895996,26.73701286315918,3400662,2026-09-25
2003-11-17,16.44317054748535,25.597402572631836,26.152597427368164,25.378246307373047,25.962661743164062,3476156,2026-09-25
2003-11-18,16.058382034301758,24.998376846313477,25.72889518737793,24.96915626525879,25.641233444213867,2154905,2026-09-25
2003-11-19,16.44317054748535,25.597402572631836,25.743505477905273,25.027597427368164,25.1737003326416,1345002,2026-09-25
2003-11-20,16.142845153808594,25.12986946105957,25.860389709472656,25.05681800842285,25.626623153686523,3112306,2026-09-25
2003-11-21,16.865516662597656,26.25486946105957,26.342531204223633,25.75811767578125,26.225648880004883,2735930,2026-09-25
2003-11-24,17.494342803955078,27.233766555786133,27.248376846313477,26.006494522094727,26.006494522094727,1502766,2026-09-25
2003-11-25,17.728965759277344,27.59902572631836,28.037338256835938,27.52597427368164,27.686687469482422,2303361,2026-09-25
2003-11-26,17.635114669799805,27.452922821044922,27.97889518737793,27.14610481262207,27.891233444213867,2382962,2026-09-25
2003-11-28,17.66327476501465,27.496753692626953,27.64285659790039,27.350648880004883,27.365259170532227,699708,2026-09-25
2003-12-01,17.879138946533203,27.832792282104492,28.24188232421875,27.394481658935547,28.212661743164062,2014868,2026-09-25
2003-12-02,18.019922256469727,28.05194854736328,28.563312530517578,28.05194854736328,28.46103858947754,2577207,2026-09-25
2003-12-03,18.56427001953125,28.899351119995117,29.6737003326416,28.60714340209961,29.016233444213867,3979976,2026-09-25
2003-12-04,18.592422485351562,28.94318199157715,29.717531204223633,28.3149356842041,29.6737003326416,3086023,2026-09-25
2003-12-05,17.719585418701172,27.584415435791016,28.34415626525879,27.321428298950195,28.256494522094727,2473103,2026-09-25
2003-12-08,18.019922256469727,28.05194854736328,28.154220581054688,27.365259170532227,27.511363983154297,1571553,2026-09-25
2003-12-09,17.40048599243164,27.087661743164062,28.46103858947754,27.0,28.43181800842285,2746402,2026-09-25
2003-12-10,16.9781436920166,26.430194854736328,26.88311767578125,25.889610290527344,26.73701286315918,3544053,2026-09-25
2003-12-11,17.61634635925293,27.4237003326416,27.613636016845703,26.62013053894043,26.62013053894043,1943891,2026-09-25
2003-12-12,17.832212448120117,27.759740829467773,27.90584373474121,27.321428298950195,27.81818199157715,1269028,2026-09-25
2003-12-15,17.475568771362305,27.204544067382812,28.72402572631836,27.131494522094727,28.592531204223633,1455197,2026-09-25
2003-12-16,17.28786277770996,26.912338256835938,27.569805145263672,26.28409194946289,27.452922821044922,3534266,2026-09-25
2003-12-17,17.1376953125,26.678571701049805,26.83928680419922,26.25486946105957,26.561687469482422,1466491,2026-09-25
2003-12-18,17.822826385498047,27.74513053894043,28.05194854736328,27.14610481262207,27.14610481262207,1705430,2026-09-25
2003-12-19,17.832212448120117,27.759740829467773,28.08116912841797,27.204544067382812,27.876623153686523,1123721,2026-09-25
2003-12-22,17.7852840423584,27.686687469482422,27.949674606323242,27.350648880004883,27.584415435791016,989433,2026-09-25
2003-12-23,18.25455093383789,28.417207717895508,28.46103858947754,27.496753692626953,27.555194854736328,1599204,2026-09-25
2003-12-24,18.432880401611328,28.694805145263672,28.87013053894043,28.417207717895508,28.417207717895508,645226,2026-09-25
2003-12-26,18.723819732666016,29.14772605895996,29.264610290527344,28.577922821044922,28.636363983154297,857540,2026-09-25
2003-12-29,18.90213966369629,29.425325393676758,29.51298713684082,29.08928680419922,29.13311767578125,1666417,2026-09-25
2003-12-30,19.0147705078125,29.600648880004883,29.790584564208984,29.337661743164062,29.600648880004883,1308316,2026-09-25
2003-12-31,18.81767463684082,29.29383087158203,29.62986946105957,28.84090805053711,29.337661743164062,1307152,2026-09-25
2004-01-02,19.268173217773438,29.99513053894043,30.287338256835938,29.688312530517578,29.878246307373047,2188853,2026-09-25
2004-01-05,19.465267181396484,30.30194854736328,30.550325393676758,29.922077178955078,30.1850643157959,2129649,2026-09-25
2004-01-06,19.662363052368164,30.608766555786133,30.7987003326416,30.21428680419922,30.59415626525879,1223102,2026-09-25
2004-01-07,19.728057861328125,30.71103858947754,30.827922821044922,30.30194854736328,30.7987003326416,1443083,2026-09-25
2004-01-08,20.657207489013672,32.157466888427734,32.36201477050781,31.558441162109375,32.040584564208984,2518756,2026-09-25
2004-01-09,20.79798698425293,32.37662124633789,33.048702239990234,32.05519485473633,32.36201477050781,2577002,2026-09-25
2004-01-12,20.948158264160156,32.610389709472656,32.66883087158203,32.0113639831543,32.30356979370117,2074825,2026-09-25
2004-01-13,20.52581024169922,31.952922821044922,33.12175369262695,31.71915626525879,33.06331253051758,2475772,2026-09-25
2004-01-14,20.450727462768555,31.83603858947754,32.18668746948242,31.266233444213867,31.76298713684082,3188416,2026-09-25
2004-01-15,19.990848541259766,31.12013053894043,31.64610481262207,30.59415626525879,30.959415435791016,4397419,2026-09-25
2004-01-16,20.422571182250977,31.792207717895508,31.98214340209961,31.266233444213867,31.558441162109375,3170210,2026-09-25
2004-01-20,20.600893020629883,32.06980514526367,32.43506622314453,31.558441162109375,32.14285659790039,1666417,2026-09-25
2004-01-21,20.169166564941406,31.39772605895996,31.748376846313477,30.667207717895508,31.23701286315918,2889793,2026-09-25
2004-01-22,19.437110900878906,30.25811767578125,31.12013053894043,30.126623153686523,30.915584564208984,2163666,2026-09-25
2004-01-23,18.996002197265625,29.571428298950195,30.886363983154297,29.25,30.827922821044922,4578796,2026-09-25
2004-01-26,19.11800765991211,29.761363983154297,29.936687469482422,29.191558837890625,29.89285659790039,3497648,2026-09-25
2004-01-27,18.73320770263672,29.162338256835938,29.878246307373047,29.074674606323242,29.77597427368164,3223596,2026-09-25
2004-01-28,18.442256927490234,28.709415435791016,29.805194854736328,28.60714340209961,29.702922821044922,2613072,2026-09-25
2004-01-29,18.160701751708984,28.27110481262207,28.928571701049805,27.891233444213867,28.797077178955078,2688292,2026-09-25
2004-01-30,18.076229095458984,28.139610290527344,28.490259170532227,28.02272605895996,28.43181800842285,1835885,2026-09-25
2004-02-02,18.0386962890625,28.08116912841797,28.91396141052246,27.891233444213867,28.519481658935547,2626966,2026-09-25
2004-02-03,17.991764068603516,28.00811767578125,28.519481658935547,27.759740829467773,28.27110481262207,3299296,2026-09-25
2004-02-04,17.391101837158203,27.07305145263672,27.74513053894043,26.95616912841797,27.74513053894043,2459893,2026-09-25
2004-02-05,17.90729331970215,27.876623153686523,28.037338256835938,27.496753692626953,27.9350643157959,2159422,2026-09-25
2004-02-06,18.808290481567383,29.279220581054688,29.46915626525879,28.358766555786133,28.446428298950195,1628156,2026-09-25
2004-02-09,18.536113739013672,28.855518341064453,29.6737003326416,28.72402572631836,29.65909194946289,1647663,2026-09-25
2004-02-10,18.489192962646484,28.782468795776367,28.87013053894043,28.46103858947754,28.709415435791016,1449585,2026-09-25
2004-02-11,18.761362075805664,29.20616912841797,29.308441162109375,28.5487003326416,28.928571701049805,2884386,2026-09-25
2004-02-12,18.339017868041992,28.5487003326416,29.29383087158203,28.50486946105957,29.191558837890625,1419606,2026-09-25
2004-02-13,18.320253372192383,28.519481658935547,29.13311767578125,28.24188232421875,29.045455932617188,2309863,2026-09-25
2004-02-17,19.47464942932129,30.316558837890625,30.550325393676758,29.790584564208984,29.878246307373047,3210592,2026-09-25
2004-02-18,19.06169319152832,29.6737003326416,30.506494522094727,29.58603858947754,30.389610290527344,2465780,2026-09-25
2004-02-19,19.08985137939453,29.717531204223633,31.39772605895996,29.717531204223633,31.39772605895996,3757600,2026-09-25
2004-02-20,18.47041893005371,28.753246307373047,29.36688232421875,28.43181800842285,29.235389709472656,3302513,2026-09-25
2004-02-23,17.92606544494629,27.90584373474121,28.87013053894043,27.511363983154297,28.811687469482422,2503698,2026-09-25
2004-02-24,17.53188133239746,27.292207717895508,27.759740829467773,26.83928680419922,27.26298713684082,3248852,2026-09-25
2004-02-25,17.7852840423584,27.686687469482422,27.759740829467773,26.970779418945312,27.40909194946289,2395966,2026-09-25
2004-02-26,17.56003189086914,27.33603858947754,27.759740829467773,27.029220581054688,27.4237003326416,2325811,2026-09-25
2004-02-27,17.1376953125,26.678571701049805,27.7012996673584,26.51785659790039,27.48214340209961,2896090,2026-09-25
2004-03-01,17.513111114501953,27.26298713684082,27.350648880004883,26.5762996673584,26.73701286315918,2144912,2026-09-25
2004-03-02,17.466184616088867,27.1899356842041,28.00811767578125,27.175325393676758,27.803571701049805,2433884,2026-09-25
2004-03-03,17.56942367553711,27.350648880004883,27.511363983154297,26.89772605895996,27.248376846313477,1847452,2026-09-25
2004-03-04,17.991764068603516,28.00811767578125,28.05194854736328,27.248376846313477,27.350648880004883,1825687,2026-09-25
2004-03-05,17.991764068603516,28.00811767578125,28.446428298950195,27.584415435791016,27.71590805053711,2634495,2026-09-25
2004-03-08,17.541261672973633,27.30681800842285,28.3149356842041,27.175325393676758,27.920455932617188,4496732,2026-09-25
2004-03-09,17.17523956298828,26.73701286315918,27.04383087158203,26.18181800842285,26.89772605895996,2657150,2026-09-25
2004-03-10,16.84674835205078,26.225648880004883,26.89772605895996,26.0649356842041,26.722402572631836,2179887,2026-09-25
2004-03-11,16.424409866333008,25.56818199157715,26.371753692626953,25.46590805053711,25.962661743164062,2356337,2026-09-25
2004-03-12,16.865516662597656,26.25486946105957,26.40097427368164,25.72889518737793,26.079544067382812,1308589,2026-09-25
2004-03-15,15.842521667480469,24.662338256835938,25.6850643157959,24.64772605895996,25.582792282104492,2155384,2026-09-25
2004-03-16,16.415019989013672,25.553571701049805,25.626623153686523,25.042207717895508,25.582792282104492,2249974,2026-09-25
2004-03-17,16.921829223632812,26.342531204223633,26.488636016845703,25.71428680419922,25.875,2403837,2026-09-25
2004-03-18,16.71535301208496,26.02110481262207,26.2987003326416,25.39285659790039,26.02110481262207,2462768,2026-09-25
2004-03-19,15.767431259155273,24.545455932617188,25.422077178955078,24.3262996673584,25.08603858947754,2848658,2026-09-25
2004-03-22,15.467097282409668,24.077922821044922,24.26785659790039,23.610389709472656,23.946428298950195,2062163,2026-09-25
2004-03-23,15.701729774475098,24.44318199157715,24.881494522094727,24.194805145263672,24.67694854736328,2109732,2026-09-25
2004-03-24,15.955138206481934,24.837661743164062,25.05681800842285,24.209415435791016,24.311687469482422,3745075,2026-09-25
2004-03-25,16.94060516357422,26.371753692626953,26.430194854736328,25.56818199157715,25.65584373474121,2790754,2026-09-25
2004-03-26,16.94060516357422,26.371753692626953,26.561687469482422,26.050325393676758,26.313312530517578,2452501,2026-09-25
2004-03-29,17.250320434570312,26.85389518737793,27.14610481262207,26.62013053894043,26.707792282104492,1979482,2026-09-25
2004-03-30,17.07199478149414,26.5762996673584,26.824674606323242,26.050325393676758,26.2987003326416,3151251,2026-09-25
2004-03-31,17.203392028808594,26.78084373474121,27.30681800842285,26.678571701049805,27.0,1461220,2026-09-25
2004-04-01,17.550649642944336,27.321428298950195,27.569805145263672,26.78084373474121,26.941558837890625,1339184,2026-09-25
2004-04-02,18.17947769165039,28.300325393676758,28.46103858947754,27.686687469482422,27.90584373474121,2140668,2026-09-25
2004-04-05,18.15131187438965,28.256494522094727,28.43181800842285,27.672077178955078,27.920455932617188,1639860,2026-09-25
2004-04-06,17.719585418701172,27.584415435791016,27.759740829467773,27.277597427368164,27.540584564208984,3177944,2026-09-25
2004-04-07,17.635114669799805,27.452922821044922,27.759740829467773,26.88311767578125,27.511363983154297,3578755,2026-09-25
2004-04-08,17.44740867614746,27.16071319580078,27.74513053894043,26.970779418945312,27.511363983154297,2513554,2026-09-25
2004-04-12,17.73835563659668,27.613636016845703,27.730518341064453,26.970779418945312,26.970779418945312,1261157,2026-09-25
2004-04-13,17.56942367553711,27.350648880004883,27.78896141052246,27.21915626525879,27.64285659790039,2034237,2026-09-25
2004-04-14,17.15646743774414,26.707792282104492,26.912338256835938,26.40097427368164,26.40097427368164,1806591,2026-09-25
2004-04-15,16.227313995361328,25.261363983154297,26.35714340209961,25.01298713684082,26.152597427368164,3875598,2026-09-25
2004-04-16,16.4901065826416,25.670455932617188,25.845779418945312,24.925325393676758,25.61201286315918,4119740,2026-09-25
2004-04-19,16.827978134155273,26.196428298950195,26.196428298950195,25.56818199157715,25.860389709472656,1289699,2026-09-25
2004-04-20,16.208538055419922,25.23214340209961,26.269481658935547,25.05681800842285,26.21103858947754,2007886,2026-09-25
2004-04-21,15.880050659179688,24.720779418945312,25.436687469482422,24.5600643157959,24.983766555786133,4010571,2026-09-25
2004-04-22,15.63603687286377,24.34090805053711,24.545455932617188,22.938312530517578,24.253246307373047,4258750,2026-09-25
2004-04-23,15.851899147033691,24.67694854736328,24.9399356842041,24.282468795776367,24.91071319580078,2142585,2026-09-25
2004-04-26,15.607876777648926,24.297077178955078,25.246753692626953,24.121753692626953,25.188312530517578,2972132,2026-09-25
2004-04-27,15.664185523986816,24.384740829467773,24.808441162109375,24.194805145263672,24.5600643157959,3077057,2026-09-25
2004-04-28,15.06352710723877,23.449674606323242,24.15097427368164,23.376623153686523,23.917207717895508,2514033,2026-09-25
2004-04-29,14.584874153137207,22.704544067382812,23.28896141052246,22.39772605895996,23.084415435791016,4161491,2026-09-25
2004-04-30,14.613028526306152,22.748376846313477,23.24513053894043,22.5,23.069805145263672,2200420,2026-09-25
2004-05-03,14.88520622253418,23.172077178955078,23.800325393676758,22.748376846313477,23.230518341064453,3450148,2026-09-25
2004-05-04,15.213693618774414,23.683441162109375,24.121753692626953,23.303571701049805,23.449674606323242,2807249,2026-09-25
2004-05-05,15.270003318786621,23.77110481262207,24.063312530517578,23.66883087158203,23.8149356842041,2873298,2026-09-25
2004-05-06,14.650566101074219,22.80681800842285,23.420455932617188,21.082792282104492,23.172077178955078,3611129,2026-09-25
2004-05-07,14.55671501159668,22.66071319580078,23.24513053894043,22.558441162109375,22.675325393676758,2661120,2026-09-25
2004-05-10,14.303309440612793,22.266233444213867,22.514610290527344,21.827922821044922,22.28084373474121,1724937,2026-09-25
2004-05-11,14.86643123626709,23.14285659790039,23.2012996673584,22.558441162109375,22.792207717895508,2184336,2026-09-25
2004-05-12,14.547331809997559,22.64610481262207,22.777597427368164,21.886363983154297,22.64610481262207,2388643,2026-09-25
2004-05-13,14.594256401062012,22.71915626525879,23.09902572631836,22.3100643157959,22.35389518737793,2503561,2026-09-25
2004-05-14,14.406553268432617,22.42694854736328,23.069805145263672,22.368505477905273,22.967531204223633,2396103,2026-09-25
2004-05-17,14.228228569030762,22.149351119995117,22.61688232421875,21.769481658935547,22.061687469482422,1404206,2026-09-25
2004-05-18,14.55671501159668,22.66071319580078,22.967531204223633,22.39772605895996,22.412338256835938,1413241,2026-09-25
2004-05-19,14.800736427307129,23.040584564208984,23.78571319580078,23.040584564208984,23.47889518737793,2100492,2026-09-25
2004-05-20,14.678726196289062,22.850648880004883,23.113636016845703,22.587661743164062,23.040584564208984,1114618,2026-09-25
2004-05-21,14.894587516784668,23.186687469482422,23.493505477905273,22.87986946105957,23.46428680419922,971500,2026-09-25
2004-05-24,15.147994995117188,23.58116912841797,23.712661743164062,23.230518341064453,23.595779418945312,1083339,2026-09-25
2004-05-25,15.664185523986816,24.384740829467773,24.384740829467773,23.40584373474121,23.537338256835938,1386137,2026-09-25
2004-05-26,15.767431259155273,24.545455932617188,24.75,23.8149356842041,24.180194854736328,2175028,2026-09-25
2004-05-27,16.349323272705078,25.4512996673584,25.641233444213867,24.89610481262207,24.925325393676758,2975417,2026-09-25
2004-05-28,16.527647018432617,25.72889518737793,25.83116912841797,25.144481658935547,25.305194854736328,2334161,2026-09-25
2004-06-01,16.18977165222168,25.202922821044922,25.378246307373047,24.881494522094727,25.144481658935547,2116097,2026-09-25
2004-06-02,15.955138206481934,24.837661743164062,25.363636016845703,24.662338256835938,25.34902572631836,1847452,2026-09-25
2004-06-03,15.55156421661377,24.209415435791016,24.574674606323242,24.194805145263672,24.428571701049805,1603243,2026-09-25
2004-06-04,15.964520454406738,24.85227394104004,25.188312530517578,24.662338256835938,25.071428298950195,1463205,2026-09-25
2004-06-07,16.649656295776367,25.91883087158203,25.91883087158203,25.305194854736328,25.363636016845703,1505983,2026-09-25
2004-06-08,16.48072052001953,25.65584373474121,25.743505477905273,25.27597427368164,25.407468795776367,2534772,2026-09-25
2004-06-09,15.795587539672852,24.58928680419922,25.15909194946289,24.516233444213867,25.071428298950195,2024724,2026-09-25
2004-06-10,15.80496883392334,24.60389518737793,24.720779418945312,24.384740829467773,24.64772605895996,1411051,2026-09-25
2004-06-14,14.83828067779541,23.09902572631836,23.50811767578125,22.894481658935547,23.46428680419922,2817447,2026-09-25
2004-06-15,15.363856315612793,23.917207717895508,23.917207717895508,23.566558837890625,23.72727394104004,2451748,2026-09-25
2004-06-16,15.035370826721191,23.40584373474121,23.654220581054688,23.21590805053711,23.595779418945312,1341374,2026-09-25
2004-06-17,14.547331809997559,22.64610481262207,23.303571701049805,22.485389709472656,23.230518341064453,2233137,2026-09-25
2004-06-18,14.706883430480957,22.894481658935547,23.14285659790039,22.64610481262207,22.675325393676758,1045215,2026-09-25
2004-06-21,14.763195991516113,22.98214340209961,23.391233444213867,22.865259170532227,23.186687469482422,923658,2026-09-25
2004-06-22,15.194924354553223,23.654220581054688,23.683441162109375,22.98214340209961,23.055194854736328,1631168,2026-09-25
2004-06-23,15.307548522949219,23.829544067382812,24.019481658935547,23.332792282104492,23.625,1612756,2026-09-25
2004-06-24,15.420171737670898,24.00486946105957,24.5600643157959,23.975648880004883,24.34090805053711,1099286,2026-09-25
2004-06-25,15.579720497131348,24.253246307373047,24.545455932617188,23.902597427368164,23.946428298950195,837007,2026-09-25
2004-06-28,15.598493576049805,24.282468795776367,24.89610481262207,24.22402572631836,24.89610481262207,1202227,2026-09-25
2004-06-29,15.964520454406738,24.85227394104004,24.85227394104004,24.3262996673584,24.3262996673584,1227962,2026-09-25
2004-06-30,16.058382034301758,24.998376846313477,25.246753692626953,24.67694854736328,25.05681800842285,1049116,2026-09-25
2004-07-01,15.814355850219727,24.618505477905273,25.217531204223633,24.37013053894043,25.217531204223633,1914802,2026-09-25
2004-07-02,15.664185523986816,24.384740829467773,24.472402572631836,24.03409194946289,24.22402572631836,1453349,2026-09-25
2004-07-06,15.119842529296875,23.537338256835938,23.975648880004883,23.46428680419922,23.946428298950195,2228825,2026-09-25
2004-07-07,15.194924354553223,23.654220581054688,23.88798713684082,23.391233444213867,23.449674606323242,1570868,2026-09-25
2004-07-08,15.204302787780762,23.66883087158203,24.238636016845703,23.52272605895996,23.566558837890625,1953336,2026-09-25
2004-07-09,15.579720497131348,24.253246307373047,24.355518341064453,23.873376846313477,23.902597427368164,1331450,2026-09-25
2004-07-12,15.016596794128418,23.376623153686523,23.610389709472656,23.128246307373047,23.566558837890625,2579329,2026-09-25
2004-07-13,14.969673156738281,23.303571701049805,23.654220581054688,23.157468795776367,23.391233444213867,1301060,2026-09-25
2004-07-14,13.937283515930176,21.696428298950195,22.792207717895508,21.41883087158203,22.76298713684082,11268488,2026-09-25
2004-07-15,13.749571800231934,21.404220581054688,21.725648880004883,21.1850643157959,21.462661743164062,2518140,2026-09-25
2004-07-16,14.002976417541504,21.7987003326416,22.23701286315918,21.696428298950195,22.149351119995117,2633195,2026-09-25
2004-07-19,13.843428611755371,21.550325393676758,21.827922821044922,21.25811767578125,21.652597427368164,2811424,2026-09-25
2004-07-20,14.162529945373535,22.047077178955078,22.061687469482422,21.68181800842285,21.725648880004883,2144433,2026-09-25
2004-07-21,13.899741172790527,21.63798713684082,22.470779418945312,21.506494522094727,22.39772605895996,2661394,2026-09-25
2004-07-22,13.918511390686035,21.667207717895508,21.813312530517578,21.009740829467773,21.316558837890625,2773300,2026-09-25
2004-07-23,13.045671463012695,20.308441162109375,21.06818199157715,20.25,20.99513053894043,2803621,2026-09-25
2004-07-26,12.904887199401855,20.08928680419922,20.425325393676758,19.76785659790039,20.279220581054688,2089609,2026-09-25
2004-07-27,12.99874210357666,20.235389709472656,20.25,19.76785659790039,20.14772605895996,2477620,2026-09-25
2004-07-28,12.82042121887207,19.957792282104492,20.14772605895996,19.417207717895508,20.045455932617188,2774327,2026-09-25
2004-07-29,13.25214958190918,20.62986946105957,20.790584564208984,20.14772605895996,20.162338256835938,1922947,2026-09-25
2004-07-30,13.317852020263672,20.73214340209961,20.99513053894043,20.454544067382812,20.46915626525879,1824592,2026-09-25
2004-08-02,13.280305862426758,20.6737003326416,20.805194854736328,20.35227394104004,20.498376846313477,1033922,2026-09-25
2004-08-03,12.660868644714355,19.709415435791016,20.39610481262207,19.592531204223633,20.337661743164062,1344044,2026-09-25
2004-08-04,12.839191436767578,19.98701286315918,20.162338256835938,19.490259170532227,19.519481658935547,1723773,2026-09-25
2004-08-05,12.463777542114258,19.402597427368164,20.10389518737793,19.373376846313477,20.10389518737793,1562176,2026-09-25
2004-08-06,12.407466888427734,19.3149356842041,19.811687469482422,19.212661743164062,19.709415435791016,2202953,2026-09-25
2004-08-09,12.548246383666992,19.53409194946289,19.694805145263672,19.34415626525879,19.490259170532227,1057535,2026-09-25
2004-08-10,12.895502090454102,20.074674606323242,20.118505477905273,19.811687469482422,19.957792282104492,948572,2026-09-25
2004-08-11,12.43562126159668,19.358766555786133,19.358766555786133,18.467531204223633,18.569805145263672,3009023,2026-09-25
2004-08-12,11.759876251220703,18.30681800842285,18.672077178955078,18.014610290527344,18.584415435791016,3563628,2026-09-25
2004-08-13,12.088359832763672,18.81818199157715,18.90584373474121,18.59902572631836,18.81818199157715,1549240,2026-09-25
2004-08-16,12.285455703735352,19.125,19.329544067382812,18.993505477905273,19.110389709472656,1951283,2026-09-25
2004-08-17,12.623330116271973,19.65097427368164,19.738636016845703,19.300325393676758,19.446428298950195,1965245,2026-09-25
2004-08-18,12.86734676361084,20.03084373474121,20.08928680419922,19.095779418945312,19.139610290527344,2348876,2026-09-25
2004-08-19,12.811036109924316,19.94318199157715,20.20616912841797,19.753246307373047,20.118505477905273,1426108,2026-09-25
2004-08-20,12.792267799377441,19.91396141052246,19.972402572631836,19.417207717895508,19.563312530517578,1252260,2026-09-25
2004-08-23,12.88611888885498,20.0600643157959,20.308441162109375,19.855518341064453,20.03084373474121,614015,2026-09-25
2004-08-24,12.56701946258545,19.563312530517578,20.235389709472656,19.475648880004883,20.20616912841797,1720762,2026-09-25
2004-08-25,12.69841194152832,19.76785659790039,19.899351119995117,19.095779418945312,19.3149356842041,2284265,2026-09-25
2004-08-26,12.557631492614746,19.5487003326416,19.709415435791016,19.43181800842285,19.694805145263672,814968,2026-09-25
2004-08-27,12.388694763183594,19.28571319580078,19.490259170532227,19.212661743164062,19.446428298950195,1695711,2026-09-25
2004-08-30,12.332385063171387,19.19805145263672,19.28571319580078,19.08116912841797,19.256494522094727,1037276,2026-09-25
2004-08-31,12.144673347473145,18.90584373474121,18.949674606323242,18.59902572631836,18.730518341064453,1432337,2026-09-25
2004-09-01,12.407466888427734,19.3149356842041,19.475648880004883,18.96428680419922,18.993505477905273,1396404,2026-09-25
2004-09-02,12.576401710510254,19.577922821044922,19.592531204223633,18.876623153686523,18.949674606323242,1580040,2026-09-25
2004-09-03,11.64725112915039,18.131494522094727,18.78896141052246,18.014610290527344,18.52597427368164,2396240,2026-09-25
2004-09-07,11.975737571716309,18.64285659790039,18.81818199157715,18.40909194946289,18.7012996673584,2662763,2026-09-25
2004-09-08,11.975737571716309,18.64285659790039,18.97889518737793,18.569805145263672,18.628246307373047,1117082,2026-09-25
2004-09-09,12.294838905334473,19.139610290527344,19.16883087158203,18.37986946105957,18.438312530517578,2748524,2026-09-25
2004-09-10,12.914273262023926,20.10389518737793,20.191558837890625,19.300325393676758,19.38798713684082,2178313,2026-09-25
2004-09-13,13.167683601379395,20.498376846313477,20.819805145263672,20.220779418945312,20.25,2524163,2026-09-25
2004-09-14,13.242762565612793,20.615259170532227,20.702922821044922,20.25,20.36688232421875,1599273,2026-09-25
2004-09-15,12.632715225219727,19.665584564208984,20.118505477905273,19.5487003326416,20.10389518737793,1964287,2026-09-25
2004-09-16,12.707798957824707,19.782468795776367,20.074674606323242,19.709415435791016,19.709415435791016,1953610,2026-09-25
2004-09-17,12.923662185668945,20.118505477905273,20.20616912841797,19.855518341064453,20.045455932617188,1416184,2026-09-25
2004-09-20,13.045671463012695,20.308441162109375,20.51298713684082,19.694805145263672,19.709415435791016,2754684,2026-09-25
2004-09-21,13.486783027648926,20.99513053894043,21.126623153686523,20.41071319580078,20.65909194946289,3274861,2026-09-25
2004-09-22,13.045671463012695,20.308441162109375,20.878246307373047,20.20616912841797,20.761363983154297,2632031,2026-09-25
2004-09-23,12.9330472946167,20.13311767578125,20.32305145263672,19.957792282104492,20.25,1523163,2026-09-25
2004-09-24,12.642102241516113,19.680194854736328,20.25,19.592531204223633,20.191558837890625,995319,2026-09-25
2004-09-27,12.520089149475098,19.490259170532227,19.782468795776367,19.34415626525879,19.475648880004883,1232753,2026-09-25
2004-09-28,12.426236152648926,19.34415626525879,19.417207717895508,19.066558837890625,19.38798713684082,2721214,2026-09-25
2004-09-29,11.956966400146484,18.613636016845703,18.774351119995117,18.438312530517578,18.52597427368164,7826212,2026-09-25
2004-09-30,12.0789794921875,18.803571701049805,18.96428680419922,18.555194854736328,18.7012996673584,2669949,2026-09-25
2004-10-01,12.529471397399902,19.50486946105957,19.621753692626953,19.095779418945312,19.139610290527344,3722899,2026-09-25
2004-10-04,12.764107704162598,19.87013053894043,20.162338256835938,19.8262996673584,19.87013053894043,2967272,2026-09-25
2004-10-05,12.829808235168457,19.972402572631836,20.220779418945312,19.797077178955078,19.91396141052246,1940332,2026-09-25
2004-10-06,12.857958793640137,20.016233444213867,20.074674606323242,19.65097427368164,19.855518341064453,1078821,2026-09-25
2004-10-07,12.745338439941406,19.84090805053711,20.13311767578125,19.8262996673584,19.972402572631836,949119,2026-09-25
2004-10-08,12.445005416870117,19.373376846313477,19.72402572631836,19.256494522094727,19.60714340209961,2188648,2026-09-25
2004-10-11,12.257299423217773,19.08116912841797,19.154220581054688,18.9350643157959,19.037338256835938,1507831,2026-09-25
2004-10-12,12.032049179077148,18.730518341064453,18.90584373474121,18.26298713684082,18.438312530517578,2597535,2026-09-25
2004-10-13,12.276070594787598,19.110389709472656,19.300325393676758,18.847402572631836,19.095779418945312,3673413,2026-09-25
2004-10-14,12.050821304321289,18.759740829467773,19.154220581054688,18.672077178955078,19.139610290527344,3227224,2026-09-25
2004-10-15,12.416850090026855,19.329544067382812,19.446428298950195,19.066558837890625,19.256494522094727,2151277,2026-09-25
2004-10-18,12.276070594787598,19.110389709472656,19.16883087158203,18.90584373474121,19.125,2430120,2026-09-25
2004-10-19,12.34177017211914,19.212661743164062,19.65097427368164,19.212661743164062,19.46103858947754,1642461,2026-09-25
2004-10-20,12.56701946258545,19.563312530517578,19.680194854736328,19.08116912841797,19.19805145263672,1865932,2026-09-25
2004-10-21,13.092597961425781,20.381494522094727,20.4399356842041,19.636363983154297,19.8262996673584,2183857,2026-09-25
2004-10-22,12.857958793640137,20.016233444213867,20.29383087158203,19.957792282104492,20.264610290527344,2391586,2026-09-25
2004-10-25,13.026899337768555,20.279220581054688,20.39610481262207,20.03084373474121,20.045455932617188,1731781,2026-09-25
2004-10-26,12.782877922058105,19.899351119995117,20.016233444213867,19.76785659790039,19.957792282104492,1370668,2026-09-25
2004-10-27,13.092597961425781,20.381494522094727,20.483766555786133,19.753246307373047,19.899351119995117,2610950,2026-09-25
2004-10-28,13.355393409729004,20.790584564208984,21.11201286315918,20.615259170532227,20.65909194946289,3067064,2026-09-25
2004-10-29,13.374159812927246,20.819805145263672,21.126623153686523,20.6737003326416,20.9512996673584,1542943,2026-09-25
2004-11-01,13.29907512664795,20.702922821044922,20.878246307373047,20.55681800842285,20.819805145263672,1796530,2026-09-25
2004-11-02,13.158291816711426,20.483766555786133,20.790584564208984,20.425325393676758,20.688312530517578,2373448,2026-09-25
2004-11-03,13.280305862426758,20.6737003326416,21.21428680419922,20.65909194946289,21.1850643157959,3653222,2026-09-25
2004-11-04,13.683877944946289,21.30194854736328,21.433441162109375,20.62986946105957,20.6737003326416,4521235,2026-09-25
2004-11-05,14.124987602233887,21.988636016845703,22.207792282104492,21.725648880004883,21.886363983154297,2967409,2026-09-25
2004-11-08,14.34084701538086,22.324674606323242,22.54383087158203,22.16396141052246,22.23701286315918,2276325,2026-09-25
2004-11-09,14.42531681060791,22.45616912841797,22.54383087158203,22.16396141052246,22.19318199157715,1943754,2026-09-25
2004-11-10,14.115602493286133,21.97402572631836,22.295455932617188,21.930194854736328,22.28084373474121,1783662,2026-09-25
2004-11-11,14.42531681060791,22.45616912841797,22.60227394104004,21.959415435791016,22.061687469482422,1584763,2026-09-25
2004-11-12,14.791352272033691,23.02597427368164,23.040584564208984,22.441558837890625,22.850648880004883,2414788,2026-09-25
2004-11-15,14.781962394714355,23.011363983154297,23.084415435791016,22.675325393676758,22.71915626525879,2605338,2026-09-25
2004-11-16,14.613028526306152,22.748376846313477,22.938312530517578,22.514610290527344,22.60227394104004,1338157,2026-09-25
2004-11-17,15.082292556762695,23.47889518737793,23.683441162109375,23.084415435791016,23.09902572631836,2879526,2026-09-25
2004-11-18,15.072911262512207,23.46428680419922,23.55194854736328,22.90909194946289,23.069805145263672,3738367,2026-09-25
2004-11-19,14.519177436828613,22.60227394104004,23.24513053894043,22.470779418945312,23.157468795776367,1637602,2026-09-25
2004-11-22,14.584874153137207,22.704544067382812,22.821428298950195,22.3100643157959,22.45616912841797,1376281,2026-09-25
2004-11-23,14.43470287322998,22.470779418945312,22.675325393676758,22.28084373474121,22.60227394104004,862537,2026-09-25
2004-11-24,14.37839412689209,22.38311767578125,22.5,22.149351119995117,22.412338256835938,1388190,2026-09-25
2004-11-26,14.453476905822754,22.5,22.66071319580078,22.45616912841797,22.558441162109375,426751,2026-09-25
2004-11-29,14.594256401062012,22.71915626525879,23.14285659790039,22.704544067382812,23.040584564208984,1638971,2026-09-25
2004-11-30,14.322078704833984,22.295455932617188,22.66071319580078,22.23701286315918,22.64610481262207,1021123,2026-09-25
2004-12-01,14.791352272033691,23.02597427368164,23.069805145263672,22.16396141052246,22.178571701049805,2026777,2026-09-25
2004-12-02,14.800736427307129,23.040584564208984,23.332792282104492,22.87986946105957,23.055194854736328,2280021,2026-09-25
2004-12-03,15.382628440856934,23.946428298950195,24.297077178955078,23.946428298950195,24.092531204223633,1470803,2026-09-25
2004-12-06,15.589107513427734,24.26785659790039,24.501623153686523,23.946428298950195,24.063312530517578,1430420,2026-09-25
2004-12-07,15.335705757141113,23.873376846313477,24.618505477905273,23.829544067382812,24.472402572631836,2342443,2026-09-25
2004-12-08,15.166763305664062,23.610389709472656,23.858766555786133,23.40584373474121,23.78571319580078,1143228,2026-09-25
2004-12-09,14.800736427307129,23.040584564208984,23.31818199157715,22.441558837890625,22.83603858947754,1755052,2026-09-25
2004-12-10,14.594256401062012,22.71915626525879,22.98214340209961,22.71915626525879,22.71915626525879,725443,2026-09-25
2004-12-13,14.875821113586426,23.157468795776367,23.24513053894043,22.938312530517578,22.98214340209961,662268,2026-09-25
2004-12-14,14.997828483581543,23.347402572631836,23.449674606323242,23.09902572631836,23.113636016845703,1096343,2026-09-25
2004-12-15,15.082292556762695,23.47889518737793,23.756494522094727,23.449674606323242,23.639610290527344,1096001,2026-09-25
2004-12-16,14.772577285766602,22.996753692626953,23.391233444213867,22.733766555786133,23.21590805053711,1325495,2026-09-25
2004-12-17,14.603644371032715,22.733766555786133,23.128246307373047,22.587661743164062,23.040584564208984,1746634,2026-09-25
2004-12-20,14.37839412689209,22.38311767578125,22.704544067382812,22.295455932617188,22.57305145263672,895801,2026-09-25
2004-12-21,14.641185760498047,22.792207717895508,22.90909194946289,22.54383087158203,22.558441162109375,718461,2026-09-25
2004-12-22,14.659954071044922,22.821428298950195,22.9237003326416,22.60227394104004,22.792207717895508,711069,2026-09-25
2004-12-23,14.763195991516113,22.98214340209961,23.069805145263672,22.80681800842285,22.821428298950195,477879,2026-09-25
2004-12-27,14.791352272033691,23.02597427368164,23.172077178955078,22.87986946105957,22.967531204223633,777255,2026-09-25
2004-12-28,14.763195991516113,22.98214340209961,23.157468795776367,22.98214340209961,23.14285659790039,364124,2026-09-25
2004-12-29,14.847664833068848,23.113636016845703,23.2012996673584,22.6899356842041,22.704544067382812,1101134,2026-09-25
2004-12-30,14.894587516784668,23.186687469482422,23.391233444213867,23.040584564208984,23.259740829467773,439824,2026-09-25
2004-12-31,14.941520690917969,23.259740829467773,23.50811767578125,23.2012996673584,23.28896141052246,382673,2026-09-25
2005-01-03,14.763195991516113,22.98214340209961,23.610389709472656,22.90909194946289,23.537338256835938,1276968,2026-09-25
2005-01-04,14.275158882141113,22.222402572631836,22.996753692626953,22.061687469482422,22.9237003326416,1618300,2026-09-25
2005-01-05,14.06867790222168,21.90097427368164,22.178571701049805,21.827922821044922,22.09090805053711,1786674,2026-09-25
2005-01-06,13.843428611755371,21.550325393676758,21.842531204223633,21.49188232421875,21.740259170532227,1695916,2026-09-25
2005-01-07,13.721420288085938,21.360389709472656,21.725648880004883,21.15584373474121,21.608766555786133,1506188,2026-09-25
2005-01-10,13.956050872802734,21.725648880004883,22.0762996673584,21.27272605895996,21.360389709472656,2001521,2026-09-25
2005-01-11,13.590021133422852,21.15584373474121,21.696428298950195,21.11201286315918,21.53571319580078,2273656,2026-09-25
2005-01-12,14.331469535827637,22.3100643157959,22.38311767578125,21.90097427368164,22.149351119995117,3603874,2026-09-25
2005-01-13,14.134376525878906,22.003246307373047,22.3100643157959,21.944805145263672,22.266233444213867,1242198,2026-09-25
2005-01-14,14.500401496887207,22.57305145263672,22.631494522094727,22.16396141052246,22.19318199157715,2892052,2026-09-25
2005-01-18,14.265769004821777,22.207792282104492,22.61688232421875,22.16396141052246,22.251623153686523,2752288,2026-09-25
2005-01-19,13.890356063842773,21.623376846313477,22.33928680419922,21.52110481262207,22.295455932617188,3657808,2026-09-25
2005-01-20,13.805882453918457,21.49188232421875,21.886363983154297,21.345779418945312,21.389610290527344,2403084,2026-09-25
2005-01-21,14.021751403808594,21.827922821044922,21.930194854736328,21.63798713684082,21.725648880004883,2099465,2026-09-25
2005-01-24,13.805882453918457,21.49188232421875,21.97402572631836,21.47727394104004,21.85714340209961,1653207,2026-09-25
2005-01-25,14.05929183959961,21.886363983154297,22.047077178955078,21.696428298950195,21.725648880004883,1058562,2026-09-25
2005-01-26,14.218841552734375,22.134740829467773,22.251623153686523,21.886363983154297,22.0762996673584,1532882,2026-09-25
2005-01-27,15.007214546203613,23.36201286315918,23.4350643157959,22.733766555786133,22.894481658935547,2848795,2026-09-25
2005-01-28,14.988441467285156,23.332792282104492,23.639610290527344,22.996753692626953,23.58116912841797,1351846,2026-09-25
2005-01-31,15.420171737670898,24.00486946105957,24.092531204223633,23.537338256835938,23.58116912841797,2736340,2026-09-25
2005-02-01,15.44832706451416,24.0487003326416,24.10714340209961,23.69805145263672,23.88798713684082,1549856,2026-09-25
2005-02-02,15.523407936096191,24.165584564208984,24.399351119995117,24.03409194946289,24.092531204223633,2640860,2026-09-25
2005-02-03,15.185535430908203,23.639610290527344,23.756494522094727,23.4350643157959,23.69805145263672,1267865,2026-09-25
2005-02-04,15.80496883392334,24.60389518737793,24.691558837890625,23.639610290527344,23.639610290527344,2071676,2026-09-25
2005-02-07,15.664185523986816,24.384740829467773,24.67694854736328,24.355518341064453,24.5600643157959,1781130,2026-09-25
2005-02-08,15.786199569702148,24.574674606323242,24.618505477905273,24.0487003326416,24.063312530517578,2661462,2026-09-25
2005-02-09,15.523407936096191,24.165584564208984,24.399351119995117,24.063312530517578,24.311687469482422,1615836,2026-09-25
2005-02-10,15.645417213439941,24.355518341064453,24.574674606323242,24.165584564208984,24.37013053894043,1481206,2026-09-25
2005-02-11,16.27423858642578,25.334415435791016,25.524351119995117,24.282468795776367,24.3262996673584,3999277,2026-09-25
2005-02-14,16.687196731567383,25.97727394104004,26.152597427368164,25.889610290527344,26.03571319580078,3539810,2026-09-25
2005-02-15,16.76228141784668,26.09415626525879,26.386363983154297,25.83116912841797,25.933441162109375,2396172,2026-09-25
2005-02-16,16.593347549438477,25.83116912841797,25.904220581054688,25.56818199157715,25.75811767578125,1829246,2026-09-25
2005-02-17,16.565187454223633,25.787338256835938,26.269481658935547,25.626623153686523,26.196428298950195,1395240,2026-09-25
2005-02-18,16.62150001525879,25.875,26.079544067382812,25.65584373474121,25.77272605895996,876705,2026-09-25
2005-02-22,16.85613250732422,26.240259170532227,26.8100643157959,25.875,25.94805145263672,3189374,2026-09-25
2005-02-23,17.034452438354492,26.51785659790039,27.014610290527344,26.240259170532227,26.985389709472656,4135345,2026-09-25
2005-02-24,17.34417724609375,27.0,27.058441162109375,26.28409194946289,26.649351119995117,4450121,2026-09-25
2005-02-25,17.56942367553711,27.350648880004883,27.511363983154297,26.985389709472656,27.0,1755737,2026-09-25
2005-02-28,17.194005966186523,26.766233444213867,27.4237003326416,26.532468795776367,27.1899356842041,1479906,2026-09-25
2005-03-01,17.503726959228516,27.248376846313477,27.37986946105957,26.941558837890625,27.0,1204417,2026-09-25
2005-03-02,17.28786277770996,26.912338256835938,27.14610481262207,26.751623153686523,26.83928680419922,1501603,2026-09-25
2005-03-03,16.865516662597656,26.25486946105957,26.95616912841797,26.108766555786133,26.912338256835938,2546749,2026-09-25
2005-03-04,16.94060516357422,26.371753692626953,26.561687469482422,26.196428298950195,26.503246307373047,2885755,2026-09-25
2005-03-07,16.827978134155273,26.196428298950195,26.342531204223633,26.03571319580078,26.0649356842041,2814093,2026-09-25
2005-03-08,16.565187454223633,25.787338256835938,26.0649356842041,25.61201286315918,25.889610290527344,1743212,2026-09-25
2005-03-09,16.4056339263916,25.53896141052246,25.845779418945312,25.49513053894043,25.6850643157959,1163624,2026-09-25
2005-03-10,16.565187454223633,25.787338256835938,25.933441162109375,25.49513053894043,25.845779418945312,1803511,2026-09-25
2005-03-11,16.208538055419922,25.23214340209961,25.99188232421875,25.15909194946289,25.889610290527344,1622749,2026-09-25
2005-03-14,16.349323272705078,25.4512996673584,25.509740829467773,25.1737003326416,25.305194854736328,1341100,2026-09-25
2005-03-15,16.03960418701172,24.96915626525879,25.65584373474121,24.96915626525879,25.641233444213867,1517892,2026-09-25
2005-03-16,15.880050659179688,24.720779418945312,25.115259170532227,24.618505477905273,24.881494522094727,2768372,2026-09-25
2005-03-17,15.955138206481934,24.837661743164062,25.05681800842285,24.64772605895996,24.925325393676758,3790864,2026-09-25
2005-03-18,15.767431259155273,24.545455932617188,24.691558837890625,24.457792282104492,24.691558837890625,1383125,2026-09-25
2005-03-21,15.598493576049805,24.282468795776367,24.53084373474121,24.063312530517578,24.428571701049805,1605091,2026-09-25
2005-03-22,15.786199569702148,24.574674606323242,25.202922821044922,24.516233444213867,24.79383087158203,2134372,2026-09-25
2005-03-23,15.992681503295898,24.89610481262207,25.144481658935547,24.662338256835938,24.720779418945312,1625076,2026-09-25
2005-03-24,15.880050659179688,24.720779418945312,25.042207717895508,24.720779418945312,24.91071319580078,786290,2026-09-25
2005-03-28,15.767431259155273,24.545455932617188,25.100648880004883,24.53084373474121,24.691558837890625,794640,2026-09-25
2005-03-29,15.420171737670898,24.00486946105957,24.70616912841797,23.96103858947754,24.37013053894043,1454239,2026-09-25
2005-03-30,15.842521667480469,24.662338256835938,24.691558837890625,24.136363983154297,24.136363983154297,1590512,2026-09-25
2005-03-31,15.739274024963379,24.501623153686523,24.837661743164062,24.063312530517578,24.691558837890625,2227935,2026-09-25
2005-04-01,15.373242378234863,23.93181800842285,24.60389518737793,23.8149356842041,24.457792282104492,2174822,2026-09-25
2005-04-04,15.204302787780762,23.66883087158203,23.78571319580078,23.493505477905273,23.712661743164062,1465396,2026-09-25
2005-04-05,15.072911262512207,23.46428680419922,23.66883087158203,23.391233444213867,23.55194854736328,1042751,2026-09-25
2005-04-06,15.101068496704102,23.50811767578125,23.66883087158203,23.4350643157959,23.610389709472656,1357322,2026-09-25
2005-04-07,15.24184513092041,23.72727394104004,23.72727394104004,23.376623153686523,23.449674606323242,1521794,2026-09-25
2005-04-08,15.410784721374512,23.990259170532227,24.180194854736328,23.873376846313477,23.975648880004883,983547,2026-09-25
2005-04-11,15.382628440856934,23.946428298950195,24.22402572631836,23.756494522094727,24.209415435791016,826398,2026-09-25
2005-04-12,15.307548522949219,23.829544067382812,23.946428298950195,23.259740829467773,23.58116912841797,2060315,2026-09-25
2005-04-13,14.34084701538086,22.324674606323242,22.5,22.19318199157715,22.412338256835938,7084821,2026-09-25
2005-04-14,14.200069427490234,22.105518341064453,22.441558837890625,22.0762996673584,22.38311767578125,2175028,2026-09-25
2005-04-15,13.899741172790527,21.63798713684082,22.032468795776367,21.52110481262207,21.959415435791016,3212235,2026-09-25
2005-04-18,14.040517807006836,21.85714340209961,21.915584564208984,21.47727394104004,21.623376846313477,1919661,2026-09-25
2005-04-19,14.293928146362305,22.251623153686523,22.266233444213867,21.85714340209961,22.12013053894043,1505299,2026-09-25
2005-04-20,14.265769004821777,22.207792282104492,22.558441162109375,22.105518341064453,22.514610290527344,1475183,2026-09-25
2005-04-21,14.716269493103027,22.90909194946289,23.011363983154297,22.54383087158203,22.850648880004883,2062916,2026-09-25
2005-04-22,14.55671501159668,22.66071319580078,22.98214340209961,22.587661743164062,22.938312530517578,1041451,2026-09-25
2005-04-25,14.528559684753418,22.61688232421875,22.87986946105957,22.529220581054688,22.792207717895508,819212,2026-09-25
2005-04-26,14.162529945373535,22.047077178955078,22.35389518737793,21.842531204223633,21.842531204223633,2311437,2026-09-25
2005-04-27,14.115602493286133,21.97402572631836,22.12013053894043,21.550325393676758,21.68181800842285,1421523,2026-09-25
2005-04-28,13.60879135131836,21.1850643157959,21.506494522094727,20.936687469482422,20.99513053894043,2881785,2026-09-25
2005-04-29,13.599411964416504,21.170455932617188,21.27272605895996,20.36688232421875,21.053571701049805,2649348,2026-09-25
2005-05-02,13.552482604980469,21.097402572631836,21.287338256835938,20.9512996673584,21.21428680419922,1494484,2026-09-25
2005-05-03,13.777730941772461,21.44805145263672,21.59415626525879,21.30194854736328,21.375,1151441,2026-09-25
2005-05-04,14.06867790222168,21.90097427368164,21.97402572631836,21.59415626525879,21.696428298950195,1797077,2026-09-25
2005-05-05,14.218841552734375,22.134740829467773,22.45616912841797,22.061687469482422,22.222402572631836,1674767,2026-09-25
2005-05-06,14.200069427490234,22.105518341064453,22.178571701049805,22.01785659790039,22.0762996673584,1648005,2026-09-25
2005-05-09,14.293928146362305,22.251623153686523,22.266233444213867,22.003246307373047,22.251623153686523,608540,2026-09-25
2005-05-10,14.124987602233887,21.988636016845703,22.149351119995117,21.813312530517578,21.930194854736328,943780,2026-09-25
2005-05-11,14.209458351135254,22.12013053894043,22.134740829467773,21.740259170532227,21.97402572631836,811614,2026-09-25
2005-05-12,14.124987602233887,21.988636016845703,22.35389518737793,21.90097427368164,21.988636016845703,1783799,2026-09-25
2005-05-13,14.82889175415039,23.084415435791016,23.47889518737793,22.222402572631836,22.251623153686523,2793355,2026-09-25
2005-05-16,14.960287094116211,23.28896141052246,23.332792282104492,22.87986946105957,22.87986946105957,1060410,2026-09-25
2005-05-17,15.035370826721191,23.40584373474121,23.625,23.069805145263672,23.128246307373047,1470324,2026-09-25
2005-05-18,15.223077774047852,23.69805145263672,23.829544067382812,23.084415435791016,23.172077178955078,2306372,2026-09-25
2005-05-19,14.86643123626709,23.14285659790039,23.4350643157959,23.09902572631836,23.28896141052246,1463890,2026-09-25
2005-05-20,14.979063034057617,23.31818199157715,23.347402572631836,22.98214340209961,22.98214340209961,718804,2026-09-25
2005-05-23,15.194924354553223,23.654220581054688,23.74188232421875,23.376623153686523,23.40584373474121,1442467,2026-09-25
2005-05-24,15.12922477722168,23.55194854736328,23.58116912841797,23.069805145263672,23.113636016845703,2092347,2026-09-25
2005-05-25,15.06352710723877,23.449674606323242,23.639610290527344,23.303571701049805,23.58116912841797,850559,2026-09-25
2005-05-26,15.504638671875,24.136363983154297,24.136363983154297,23.756494522094727,23.77110481262207,1351230,2026-09-25
2005-05-27,15.495258331298828,24.121753692626953,24.194805145263672,23.917207717895508,24.136363983154297,1513649,2026-09-25
2005-05-31,15.12922477722168,23.55194854736328,24.10714340209961,23.537338256835938,24.10714340209961,1272930,2026-09-25
2005-06-01,15.251235961914062,23.74188232421875,23.946428298950195,23.347402572631836,23.376623153686523,791834,2026-09-25
2005-06-02,15.776814460754395,24.5600643157959,24.63311767578125,23.902597427368164,23.917207717895508,2223212,2026-09-25
2005-06-03,15.467097282409668,24.077922821044922,24.457792282104492,24.063312530517578,24.399351119995117,1546023,2026-09-25
2005-06-06,15.232460975646973,23.712661743164062,23.8149356842041,23.50811767578125,23.74188232421875,866233,2026-09-25
2005-06-07,15.054141998291016,23.4350643157959,23.873376846313477,23.40584373474121,23.654220581054688,1133098,2026-09-25
2005-06-08,15.17615032196045,23.625,24.03409194946289,23.610389709472656,23.902597427368164,1104693,2026-09-25
2005-06-09,15.44832706451416,24.0487003326416,24.063312530517578,23.537338256835938,23.77110481262207,1025640,2026-09-25
2005-06-10,15.251235961914062,23.74188232421875,24.121753692626953,23.566558837890625,24.10714340209961,1108047,2026-09-25
2005-06-13,15.223077774047852,23.69805145263672,23.858766555786133,23.537338256835938,23.625,943507,2026-09-25
2005-06-14,15.298161506652832,23.8149356842041,24.136363983154297,23.77110481262207,24.0487003326416,1543833,2026-09-25
2005-06-15,15.232460975646973,23.712661743164062,23.96103858947754,23.36201286315918,23.756494522094727,1268207,2026-09-25
2005-06-16,15.34508228302002,23.88798713684082,23.990259170532227,23.74188232421875,23.756494522094727,1116603,2026-09-25
2005-06-17,15.560951232910156,24.22402572631836,24.472402572631836,24.165584564208984,24.194805145263672,1374638,2026-09-25
2005-06-20,15.504638671875,24.136363983154297,24.311687469482422,23.800325393676758,23.902597427368164,827220,2026-09-25
2005-06-21,15.664185523986816,24.384740829467773,24.41396141052246,23.990259170532227,24.019481658935547,1033169,2026-09-25
2005-06-22,15.870674133300781,24.70616912841797,24.735389709472656,24.44318199157715,24.63311767578125,1067049,2026-09-25
2005-06-23,15.570340156555176,24.238636016845703,24.91071319580078,24.22402572631836,24.618505477905273,1681612,2026-09-25
2005-06-24,15.157379150390625,23.595779418945312,24.180194854736328,23.55194854736328,24.10714340209961,1112701,2026-09-25
2005-06-27,15.101068496704102,23.50811767578125,23.683441162109375,23.40584373474121,23.610389709472656,826604,2026-09-25
2005-06-28,15.12922477722168,23.55194854736328,23.625,23.230518341064453,23.31818199157715,1322004,2026-09-25
2005-06-29,15.007214546203613,23.36201286315918,23.50811767578125,23.274351119995117,23.46428680419922,757817,2026-09-25
2005-06-30,14.697500228881836,22.87986946105957,23.31818199157715,22.87986946105957,23.24513053894043,970405,2026-09-25
2005-07-01,14.641185760498047,22.792207717895508,23.069805145263672,22.6899356842041,22.952922821044922,1113249,2026-09-25
2005-07-05,14.735041618347168,22.938312530517578,23.040584564208984,22.57305145263672,22.61688232421875,686361,2026-09-25
2005-07-06,14.875821113586426,23.157468795776367,23.40584373474121,23.128246307373047,23.24513053894043,635575,2026-09-25
2005-07-07,14.913358688354492,23.21590805053711,23.259740829467773,22.704544067382812,22.71915626525879,1168826,2026-09-25
2005-07-08,15.138608932495117,23.566558837890625,23.654220581054688,23.084415435791016,23.09902572631836,902166,2026-09-25
2005-07-11,15.814355850219727,24.618505477905273,24.618505477905273,24.00486946105957,24.063312530517578,1667033,2026-09-25
2005-07-12,15.75804328918457,24.53084373474121,24.70616912841797,24.3262996673584,24.516233444213867,2366877,2026-09-25
2005-07-13,16.171001434326172,25.1737003326416,25.305194854736328,23.8149356842041,23.975648880004883,9844844,2026-09-25
2005-07-14,16.236696243286133,25.27597427368164,25.480518341064453,24.96915626525879,25.05681800842285,3830493,2026-09-25
2005-07-15,16.048992156982422,24.983766555786133,25.071428298950195,24.60389518737793,24.82305145263672,1565256,2026-09-25
2005-07-18,15.739274024963379,24.501623153686523,24.70616912841797,24.34090805053711,24.70616912841797,1056235,2026-09-25
2005-07-19,16.086528778076172,25.042207717895508,25.188312530517578,24.618505477905273,24.735389709472656,1494827,2026-09-25
2005-07-20,16.9781436920166,26.430194854736328,26.488636016845703,25.071428298950195,25.217531204223633,2480906,2026-09-25
2005-07-21,16.71535301208496,26.02110481262207,26.459415435791016,25.91883087158203,26.313312530517578,1353694,2026-09-25
2005-07-22,16.72473907470703,26.03571319580078,26.240259170532227,25.845779418945312,26.13798713684082,921194,2026-09-25
2005-07-25,16.555801391601562,25.77272605895996,25.97727394104004,25.71428680419922,25.816558837890625,1466422,2026-09-25
2005-07-26,16.612112045288086,25.860389709472656,25.962661743164062,25.582792282104492,25.77272605895996,1287851,2026-09-25
2005-07-27,16.396249771118164,25.524351119995117,25.597402572631836,25.100648880004883,25.378246307373047,1697217,2026-09-25
2005-07-28,16.659040451049805,25.933441162109375,25.97727394104004,25.422077178955078,25.626623153686523,1441166,2026-09-25
2005-07-29,16.518260955810547,25.71428680419922,25.99188232421875,25.56818199157715,25.962661743164062,954937,2026-09-25
2005-08-01,16.537031173706055,25.743505477905273,25.94805145263672,25.670455932617188,25.75811767578125,605186,2026-09-25
2005-08-02,16.799819946289062,26.152597427368164,26.21103858947754,25.77272605895996,25.77272605895996,1207908,2026-09-25
2005-08-03,16.668420791625977,25.94805145263672,26.123376846313477,25.743505477905273,25.94805145263672,766441,2026-09-25
2005-08-04,16.527647018432617,25.72889518737793,26.03571319580078,25.699674606323242,25.787338256835938,942206,2026-09-25
2005-08-05,16.35870933532715,25.46590805053711,25.83116912841797,25.305194854736328,25.699674606323242,480959,2026-09-25
2005-08-08,16.227313995361328,25.261363983154297,25.641233444213867,25.217531204223633,25.56818199157715,536399,2026-09-25
2005-08-09,16.424409866333008,25.56818199157715,25.699674606323242,25.407468795776367,25.422077178955078,483902,2026-09-25
2005-08-10,16.377483367919922,25.49513053894043,26.03571319580078,25.407468795776367,25.75811767578125,1516250,2026-09-25
2005-08-11,16.518260955810547,25.71428680419922,25.77272605895996,25.422077178955078,25.509740829467773,1116124,2026-09-25
2005-08-12,16.302396774291992,25.378246307373047,25.46590805053711,25.27597427368164,25.305194854736328,535167,2026-09-25
2005-08-15,16.452566146850586,25.61201286315918,25.65584373474121,25.202922821044922,25.202922821044922,529486,2026-09-25
2005-08-16,15.908209800720215,24.764610290527344,25.553571701049805,24.75,25.553571701049805,1465669,2026-09-25
2005-08-17,16.44317054748535,25.597402572631836,25.75811767578125,25.217531204223633,25.217531204223633,2046215,2026-09-25
2005-08-18,16.124069213867188,25.100648880004883,25.290584564208984,25.042207717895508,25.261363983154297,1005449,2026-09-25
2005-08-19,16.236696243286133,25.27597427368164,25.39285659790039,25.202922821044922,25.217531204223633,420523,2026-09-25
2005-08-22,16.377483367919922,25.49513053894043,25.582792282104492,25.217531204223633,25.334415435791016,733724,2026-09-25
2005-08-23,16.171001434326172,25.1737003326416,25.480518341064453,25.05681800842285,25.46590805053711,819622,2026-09-25
2005-08-24,15.851899147033691,24.67694854736328,25.08603858947754,24.574674606323242,24.735389709472656,1489556,2026-09-25
2005-08-25,15.842521667480469,24.662338256835938,24.79383087158203,24.58928680419922,24.64772605895996,744128,2026-09-25
2005-08-26,15.589107513427734,24.26785659790039,24.79383087158203,24.238636016845703,24.735389709472656,1189496,2026-09-25
2005-08-29,15.861282348632812,24.691558837890625,24.764610290527344,24.26785659790039,24.26785659790039,1278337,2026-09-25
2005-08-30,15.711119651794434,24.457792282104492,24.472402572631836,24.253246307373047,24.399351119995117,670071,2026-09-25
2005-08-31,15.861282348632812,24.691558837890625,24.691558837890625,24.194805145263672,24.253246307373047,1350272,2026-09-25
2005-09-01,15.523407936096191,24.165584564208984,24.58928680419922,23.84415626525879,24.545455932617188,2375501,2026-09-25
2005-09-02,15.607876777648926,24.297077178955078,24.472402572631836,24.26785659790039,24.3262996673584,621955,2026-09-25
2005-09-06,16.09591293334961,25.05681800842285,25.071428298950195,24.764610290527344,24.779220581054688,1407765,2026-09-25
2005-09-07,16.208538055419922,25.23214340209961,25.246753692626953,24.808441162109375,24.925325393676758,1566693,2026-09-25
2005-09-08,16.26485252380371,25.319805145263672,25.436687469482422,25.144481658935547,25.15909194946289,1128512,2026-09-25
2005-09-09,16.44317054748535,25.597402572631836,25.75811767578125,25.436687469482422,25.53896141052246,1403727,2026-09-25
2005-09-12,16.4901065826416,25.670455932617188,25.6850643157959,25.378246307373047,25.422077178955078,1651633,2026-09-25
2005-09-13,16.452566146850586,25.61201286315918,25.889610290527344,25.509740829467773,25.582792282104492,1061300,2026-09-25
2005-09-14,16.227313995361328,25.261363983154297,25.626623153686523,25.12986946105957,25.53896141052246,1070676,2026-09-25
2005-09-15,15.945751190185547,24.82305145263672,25.12986946105957,24.70616912841797,25.100648880004883,1971405,2026-09-25
2005-09-16,16.142845153808594,25.12986946105957,25.1737003326416,24.9399356842041,25.071428298950195,998810,2026-09-25
2005-09-19,15.973904609680176,24.86688232421875,25.188312530517578,24.720779418945312,25.188312530517578,1324605,2026-09-25
2005-09-20,15.542181015014648,24.194805145263672,24.720779418945312,24.165584564208984,24.501623153686523,2744759,2026-09-25
2005-09-21,15.270003318786621,23.77110481262207,24.121753692626953,23.683441162109375,23.858766555786133,1975717,2026-09-25
2005-09-22,15.082292556762695,23.47889518737793,23.756494522094727,23.259740829467773,23.69805145263672,2095632,2026-09-25
2005-09-23,15.119842529296875,23.537338256835938,23.712661743164062,23.420455932617188,23.420455932617188,1228578,2026-09-25
2005-09-26,15.251235961914062,23.74188232421875,23.93181800842285,23.639610290527344,23.77110481262207,953773,2026-09-25
2005-09-27,15.119842529296875,23.537338256835938,23.654220581054688,23.40584373474121,23.40584373474121,1701871,2026-09-25
2005-09-28,15.223077774047852,23.69805145263672,23.858766555786133,23.36201286315918,23.72727394104004,920236,2026-09-25
2005-09-29,15.382628440856934,23.946428298950195,24.03409194946289,23.4350643157959,23.639610290527344,2128554,2026-09-25
2005-09-30,15.495258331298828,24.121753692626953,24.165584564208984,23.873376846313477,23.88798713684082,911748,2026-09-25
2005-10-03,15.560951232910156,24.22402572631836,24.44318199157715,24.194805145263672,24.26785659790039,759323,2026-09-25
2005-10-04,15.720503807067871,24.472402572631836,24.96915626525879,24.384740829467773,24.70616912841797,1969694,2026-09-25
2005-10-05,15.664185523986816,24.384740829467773,24.691558837890625,24.26785659790039,24.64772605895996,2310274,2026-09-25
2005-10-06,15.701729774475098,24.44318199157715,24.764610290527344,24.180194854736328,24.5600643157959,2756326,2026-09-25
2005-10-07,15.664185523986816,24.384740829467773,24.60389518737793,24.209415435791016,24.545455932617188,1335830,2026-09-25
2005-10-10,15.44832706451416,24.0487003326416,24.41396141052246,24.019481658935547,24.355518341064453,1017837,2026-09-25
2005-10-11,15.288776397705078,23.800325393676758,24.092531204223633,23.74188232421875,23.975648880004883,2050732,2026-09-25
2005-10-12,15.476487159729004,24.092531204223633,24.618505477905273,23.917207717895508,24.5600643157959,2426629,2026-09-25
2005-10-13,16.217926025390625,25.246753692626953,25.422077178955078,24.10714340209961,24.22402572631836,4914311,2026-09-25
2005-10-14,16.133453369140625,25.115259170532227,25.422077178955078,25.027597427368164,25.319805145263672,3537688,2026-09-25
2005-10-17,16.09591293334961,25.05681800842285,25.246753692626953,24.998376846313477,25.1737003326416,1191618,2026-09-25
2005-10-18,15.776814460754395,24.5600643157959,24.735389709472656,24.44318199157715,24.67694854736328,1886603,2026-09-25
2005-10-19,15.964520454406738,24.85227394104004,24.85227394104004,24.22402572631836,24.37013053894043,2187211,2026-09-25
2005-10-20,15.654806137084961,24.37013053894043,24.85227394104004,24.37013053894043,24.75,1585584,2026-09-25
2005-10-21,16.077144622802734,25.027597427368164,25.246753692626953,24.75,24.89610481262207,1579698,2026-09-25
2005-10-24,16.208538055419922,25.23214340209961,25.305194854736328,24.998376846313477,25.08603858947754,878484,2026-09-25
2005-10-25,16.161619186401367,25.15909194946289,25.422077178955078,25.042207717895508,25.115259170532227,1529186,2026-09-25
2005-10-26,16.058382034301758,24.998376846313477,25.524351119995117,24.9399356842041,25.363636016845703,4436227,2026-09-25
2005-10-27,15.748658180236816,24.516233444213867,25.042207717895508,24.428571701049805,24.998376846313477,1484628,2026-09-25
2005-10-28,15.917597770690918,24.779220581054688,24.79383087158203,24.209415435791016,24.48701286315918,1848479,2026-09-25
2005-10-31,15.93636703491211,24.808441162109375,24.86688232421875,24.618505477905273,24.64772605895996,2218216,2026-09-25
2005-11-01,15.889440536499023,24.735389709472656,24.837661743164062,24.516233444213867,24.67694854736328,1949298,2026-09-25
2005-11-02,16.499486923217773,25.6850643157959,25.91883087158203,24.881494522094727,24.881494522094727,2447573,2026-09-25
2005-11-03,17.081382751464844,26.59090805053711,26.95616912841797,26.430194854736328,26.547077178955078,3329343,2026-09-25
2005-11-04,16.949989318847656,26.386363983154297,26.66396141052246,26.123376846313477,26.459415435791016,1963192,2026-09-25
2005-11-07,17.128307342529297,26.66396141052246,26.766233444213867,26.35714340209961,26.35714340209961,1941016,2026-09-25
2005-11-08,17.043838500976562,26.532468795776367,26.766233444213867,26.327922821044922,26.371753692626953,1750672,2026-09-25
2005-11-09,17.484949111938477,27.21915626525879,27.394481658935547,26.561687469482422,26.605518341064453,3042013,2026-09-25
2005-11-10,17.484949111938477,27.21915626525879,27.350648880004883,26.766233444213867,27.131494522094727,1387164,2026-09-25
2005-11-11,17.316015243530273,26.95616912841797,27.248376846313477,26.83928680419922,27.058441162109375,1328438,2026-09-25
2005-11-14,17.362943649291992,27.029220581054688,27.16071319580078,26.8100643157959,27.058441162109375,1331450,2026-09-25
2005-11-15,17.419254302978516,27.11688232421875,27.394481658935547,26.83928680419922,26.88311767578125,2444356,2026-09-25
2005-11-16,17.128307342529297,26.66396141052246,26.8100643157959,26.503246307373047,26.547077178955078,2231905,2026-09-25
2005-11-17,17.10953140258789,26.634740829467773,26.722402572631836,26.327922821044922,26.51785659790039,1627609,2026-09-25
2005-11-18,17.513111114501953,27.26298713684082,27.350648880004883,26.83928680419922,26.83928680419922,1163692,2026-09-25
2005-11-21,17.66327476501465,27.496753692626953,27.730518341064453,27.277597427368164,27.277597427368164,893063,2026-09-25
2005-11-22,18.198244094848633,28.329544067382812,28.358766555786133,27.365259170532227,27.467531204223633,2948381,2026-09-25
2005-11-23,18.348403930664062,28.563312530517578,28.797077178955078,28.490259170532227,28.490259170532227,1566214,2026-09-25
2005-11-25,18.451641082763672,28.72402572631836,28.8262996673584,28.5487003326416,28.694805145263672,383494,2026-09-25
2005-11-28,18.367177963256836,28.592531204223633,28.738636016845703,28.3149356842041,28.738636016845703,2562628,2026-09-25
2005-11-29,18.15131187438965,28.256494522094727,28.43181800842285,28.154220581054688,28.300325393676758,1501534,2026-09-25
2005-11-30,17.972990036010742,27.97889518737793,28.24188232421875,27.949674606323242,28.24188232421875,1228715,2026-09-25
2005-12-01,18.742597579956055,29.17694854736328,29.235389709472656,28.519481658935547,28.53409194946289,1624392,2026-09-25
2005-12-02,18.517345428466797,28.8262996673584,29.337661743164062,28.680194854736328,29.001623153686523,5615798,2026-09-25
2005-12-05,18.320253372192383,28.519481658935547,28.709415435791016,28.373376846313477,28.60714340209961,2002890,2026-09-25
2005-12-06,18.789518356323242,29.25,29.51298713684082,28.855518341064453,29.03084373474121,2007270,2026-09-25
2005-12-07,18.629972457885742,29.001623153686523,29.13311767578125,28.84090805053711,28.94318199157715,3680189,2026-09-25
2005-12-08,18.47980499267578,28.76785659790039,29.36688232421875,28.50486946105957,29.220779418945312,1959154,2026-09-25
2005-12-09,18.536113739013672,28.855518341064453,29.001623153686523,28.53409194946289,28.665584564208984,1482575,2026-09-25
2005-12-12,18.5267276763916,28.84090805053711,29.20616912841797,28.76785659790039,29.10389518737793,2184268,2026-09-25
2005-12-13,18.714439392089844,29.13311767578125,29.615259170532227,28.884740829467773,28.91396141052246,1323236,2026-09-25
2005-12-14,18.789518356323242,29.25,29.381494522094727,28.98701286315918,29.220779418945312,880332,2026-09-25
2005-12-15,18.47980499267578,28.76785659790039,28.957792282104492,28.680194854736328,28.899351119995117,964724,2026-09-25
2005-12-16,18.489192962646484,28.782468795776367,29.03084373474121,28.680194854736328,28.94318199157715,797172,2026-09-25
2005-12-19,18.5267276763916,28.84090805053711,29.36688232421875,28.811687469482422,29.17694854736328,2012677,2026-09-25
2005-12-20,18.507957458496094,28.811687469482422,29.016233444213867,28.636363983154297,28.855518341064453,1499549,2026-09-25
2005-12-21,18.751977920532227,29.191558837890625,29.32305145263672,28.855518341064453,28.87013053894043,1055756,2026-09-25
2005-12-22,18.81767463684082,29.29383087158203,29.39610481262207,28.84090805053711,28.87013053894043,1010035,2026-09-25
2005-12-23,18.845827102661133,29.337661743164062,29.498376846313477,29.10389518737793,29.10389518737793,661242,2026-09-25
2005-12-27,18.883373260498047,29.39610481262207,29.688312530517578,29.337661743164062,29.36688232421875,1563340,2026-09-25
2005-12-28,18.89275550842285,29.41071319580078,29.65909194946289,29.220779418945312,29.600648880004883,677737,2026-09-25
2005-12-29,18.873992919921875,29.381494522094727,29.834415435791016,29.308441162109375,29.337661743164062,853708,2026-09-25
2005-12-30,18.845827102661133,29.337661743164062,29.483766555786133,29.016233444213867,29.162338256835938,750220,2026-09-25
2006-01-03,19.19308853149414,29.878246307373047,30.024351119995117,29.454544067382812,29.746753692626953,1949777,2026-09-25
2006-01-04,19.502805709838867,30.360389709472656,30.5649356842041,29.9512996673584,30.009740829467773,2132524,2026-09-25
2006-01-05,19.934537887573242,31.032468795776367,31.09090805053711,30.5649356842041,30.608766555786133,2250180,2026-09-25
2006-01-06,20.600893020629883,32.06980514526367,32.157466888427734,31.850648880004883,32.1136360168457,2340800,2026-09-25
2006-01-09,21.11709976196289,32.87337875366211,33.048702239990234,32.1136360168457,32.17207717895508,3514485,2026-09-25
2006-01-10,20.882461547851562,32.50811767578125,32.610389709472656,32.2451286315918,32.2451286315918,2082080,2026-09-25
2006-01-11,20.29117774963379,31.587661743164062,31.83603858947754,31.23701286315918,31.792207717895508,3570062,2026-09-25
2006-01-12,19.69990348815918,30.667207717895508,31.032468795776367,30.59415626525879,30.608766555786133,3464384,2026-09-25
2006-01-13,19.756214141845703,30.75486946105957,30.915584564208984,30.506494522094727,30.75486946105957,2413488,2026-09-25
2006-01-17,19.371414184570312,30.15584373474121,30.199674606323242,29.615259170532227,29.790584564208984,3287181,2026-09-25
2006-01-18,20.075319290161133,31.251623153686523,32.42045593261719,31.0762996673584,31.09090805053711,7109530,2026-09-25
2006-01-19,20.309951782226562,31.61688232421875,32.09902572631836,31.266233444213867,31.3100643157959,5666447,2026-09-25
2006-01-20,19.596664428710938,30.506494522094727,31.64610481262207,30.345779418945312,31.64610481262207,1754026,2026-09-25
2006-01-23,20.178558349609375,31.412338256835938,31.470779418945312,30.85714340209961,31.251623153686523,2510474,2026-09-25
2006-01-24,20.610279083251953,32.084415435791016,32.21590805053711,31.45616912841797,31.45616912841797,4332260,2026-09-25
2006-01-25,21.18279266357422,32.975650787353516,33.01948165893555,32.274349212646484,32.33279037475586,3618042,2026-09-25
2006-01-26,21.77406883239746,33.89610290527344,34.1298713684082,33.56006622314453,33.75,2071060,2026-09-25
2006-01-27,22.121334075927734,34.43668746948242,34.53895950317383,34.04220962524414,34.08604049682617,4972763,2026-09-25
2006-01-30,21.614521026611328,33.647727966308594,34.15909194946289,33.48701477050781,34.02759552001953,1729180,2026-09-25
2006-01-31,21.210947036743164,33.01948165893555,33.19480514526367,32.77110290527344,33.12175369262695,2145460,2026-09-25
2006-02-01,21.426807403564453,33.35551834106445,33.399349212646484,32.87337875366211,32.87337875366211,2791370,2026-09-25
2006-02-02,21.1358642578125,32.90259552001953,33.56006622314453,32.683441162109375,33.42856979370117,1726306,2026-09-25
2006-02-03,20.901229858398438,32.53733825683594,32.81493377685547,32.3912353515625,32.47889709472656,1751699,2026-09-25
2006-02-06,21.02324104309082,32.727272033691406,32.800323486328125,32.2451286315918,32.36201477050781,2234711,2026-09-25
2006-02-07,21.070165634155273,32.800323486328125,33.2386360168457,32.59577941894531,32.78571319580078,1774148,2026-09-25
2006-02-08,21.445585250854492,33.38473892211914,33.41395950317383,32.82954406738281,33.06331253051758,1673261,2026-09-25
2006-02-09,21.445585250854492,33.38473892211914,33.86688232421875,33.31168746948242,33.35551834106445,2084202,2026-09-25
2006-02-10,21.004472732543945,32.69805145263672,33.092533111572266,32.25973892211914,33.03409194946289,1722062,2026-09-25
2006-02-13,20.779224395751953,32.34740447998047,32.55194854736328,32.14285659790039,32.17207717895508,918867,2026-09-25
2006-02-14,20.9763126373291,32.65422058105469,32.756492614746094,32.06980514526367,32.274349212646484,1329123,2026-09-25
2006-02-15,20.816761016845703,32.405845642089844,32.727272033691406,32.1136360168457,32.66883087158203,1056372,2026-09-25
2006-02-16,20.87307357788086,32.493507385253906,32.88798522949219,32.157466888427734,32.756492614746094,1333161,2026-09-25
2006-02-17,20.52581024169922,31.952922821044922,32.28895950317383,31.850648880004883,32.09902572631836,1188264,2026-09-25
2006-02-21,20.338104248046875,31.66071319580078,32.02597427368164,31.412338256835938,31.9237003326416,1412830,2026-09-25
2006-02-22,19.887609481811523,30.959415435791016,31.105518341064453,30.652597427368164,31.047077178955078,3025792,2026-09-25
2006-02-23,19.65297508239746,30.59415626525879,31.061687469482422,30.550325393676758,31.061687469482422,1003259,2026-09-25
2006-02-24,19.437110900878906,30.25811767578125,30.63798713684082,30.1850643157959,30.63798713684082,1805564,2026-09-25
2006-02-27,19.465267181396484,30.30194854736328,30.47727394104004,30.141233444213867,30.360389709472656,2162365,2026-09-25
2006-02-28,19.408960342407227,30.21428680419922,30.652597427368164,30.126623153686523,30.550325393676758,1579287,2026-09-25
2006-03-01,20.084701538085938,31.266233444213867,31.33928680419922,30.59415626525879,30.623376846313477,1312080,2026-09-25
2006-03-02,20.019004821777344,31.16396141052246,31.28084373474121,30.827922821044922,30.827922821044922,2717450,2026-09-25
2006-03-03,19.934537887573242,31.032468795776367,31.35389518737793,30.71103858947754,30.769481658935547,1247195,2026-09-25
2006-03-06,19.54973602294922,30.433441162109375,30.915584564208984,30.243505477905273,30.667207717895508,1485587,2026-09-25
2006-03-07,18.958454132080078,29.51298713684082,30.22889518737793,29.35227394104004,30.1850643157959,2432652,2026-09-25
2006-03-08,18.89275550842285,29.41071319580078,29.571428298950195,29.118505477905273,29.264610290527344,1408997,2026-09-25
2006-03-09,18.8552188873291,29.35227394104004,29.907468795776367,29.32305145263672,29.834415435791016,914897,2026-09-25
2006-03-10,18.714439392089844,29.13311767578125,29.381494522094727,28.928571701049805,29.264610290527344,1151509,2026-09-25
2006-03-13,18.930307388305664,29.46915626525879,29.805194854736328,29.41071319580078,29.542207717895508,1101819,2026-09-25
2006-03-14,19.371414184570312,30.15584373474121,30.1850643157959,29.4399356842041,29.4399356842041,555906,2026-09-25
2006-03-15,19.718669891357422,30.696428298950195,30.78409194946289,30.404220581054688,30.652597427368164,1137273,2026-09-25
2006-03-16,19.127395629882812,29.77597427368164,30.623376846313477,29.746753692626953,30.623376846313477,2204869,2026-09-25
2006-03-17,19.0147705078125,29.600648880004883,29.746753692626953,29.279220581054688,29.46915626525879,1992965,2026-09-25
2006-03-20,18.761362075805664,29.20616912841797,29.51298713684082,29.08928680419922,29.41071319580078,1570389,2026-09-25
2006-03-21,18.583044052124023,28.928571701049805,29.51298713684082,28.753246307373047,28.928571701049805,3899759,2026-09-25
2006-03-22,18.545501708984375,28.87013053894043,28.94318199157715,28.60714340209961,28.665584564208984,1252670,2026-09-25
2006-03-23,18.357791900634766,28.577922821044922,29.191558837890625,28.475648880004883,28.94318199157715,2144844,2026-09-25
2006-03-24,18.667505264282227,29.0600643157959,29.20616912841797,28.577922821044922,28.738636016845703,1766688,2026-09-25
2006-03-27,18.573657989501953,28.91396141052246,29.162338256835938,28.797077178955078,29.0600643157959,1057193,2026-09-25
2006-03-28,18.22640037536621,28.373376846313477,28.84090805053711,28.27110481262207,28.72402572631836,1171221,2026-09-25
2006-03-29,18.517345428466797,28.8262996673584,28.972402572631836,28.519481658935547,28.72402572631836,2517387,2026-09-25
2006-03-30,18.723819732666016,29.14772605895996,29.29383087158203,28.91396141052246,29.0600643157959,1535414,2026-09-25
2006-03-31,19.11800765991211,29.761363983154297,29.99513053894043,29.55681800842285,29.717531204223633,2002753,2026-09-25
2006-04-03,19.0147705078125,29.600648880004883,29.936687469482422,29.35227394104004,29.454544067382812,2064284,2026-09-25
2006-04-04,19.127395629882812,29.77597427368164,30.053571701049805,29.4399356842041,29.55681800842285,2961317,2026-09-25
2006-04-05,19.399568557739258,30.199674606323242,30.33116912841797,29.58603858947754,29.58603858947754,2370505,2026-09-25
2006-04-06,19.803146362304688,30.827922821044922,30.97402572631836,30.52110481262207,30.652597427368164,1183815,2026-09-25
2006-04-07,19.455886840820312,30.287338256835938,30.813312530517578,29.980518341064453,30.725648880004883,2786168,2026-09-25
2006-04-10,19.240022659301758,29.9512996673584,30.389610290527344,29.717531204223633,30.316558837890625,1533087,2026-09-25
2006-04-11,18.996002197265625,29.571428298950195,30.06818199157715,29.4399356842041,30.024351119995117,1759912,2026-09-25
2006-04-12,18.789518356323242,29.25,29.483766555786133,29.074674606323242,29.308441162109375,1697012,2026-09-25
2006-04-13,19.164936065673828,29.834415435791016,29.878246307373047,29.36688232421875,29.688312530517578,1593592,2026-09-25
2006-04-17,18.986614227294922,29.55681800842285,30.243505477905273,29.4399356842041,29.9512996673584,1208455,2026-09-25
2006-04-18,19.540346145629883,30.41883087158203,30.827922821044922,29.805194854736328,29.863636016845703,2531144,2026-09-25
2006-04-19,20.385032653808594,31.733766555786133,31.792207717895508,30.75486946105957,30.827922821044922,10161262,2026-09-25
2006-04-20,20.216096878051758,31.470779418945312,31.733766555786133,31.3100643157959,31.35389518737793,3109568,2026-09-25
2006-04-21,20.263029098510742,31.54383087158203,31.850648880004883,31.38311767578125,31.733766555786133,1791054,2026-09-25
2006-04-24,20.385032653808594,31.733766555786133,31.821428298950195,31.207792282104492,31.441558837890625,900387,2026-09-25
2006-04-25,20.25363540649414,31.529220581054688,31.894481658935547,31.207792282104492,31.87986946105957,1347055,2026-09-25
2006-04-26,20.084701538085938,31.266233444213867,31.485389709472656,31.0762996673584,31.33928680419922,777803,2026-09-25
2006-04-27,19.850067138671875,30.90097427368164,31.061687469482422,30.63798713684082,30.769481658935547,1738763,2026-09-25
2006-04-28,19.84068489074707,30.886363983154297,31.047077178955078,30.667207717895508,30.959415435791016,960549,2026-09-25
2006-05-01,19.737442016601562,30.725648880004883,31.149351119995117,30.608766555786133,31.149351119995117,950009,2026-09-25
2006-05-02,20.225479125976562,31.485389709472656,31.61688232421875,31.28084373474121,31.441558837890625,1072045,2026-09-25
2006-05-03,20.094085693359375,31.28084373474121,31.324674606323242,30.725648880004883,31.149351119995117,2426561,2026-09-25
2006-05-04,20.619667053222656,32.09902572631836,32.201297760009766,31.28084373474121,31.33928680419922,2605612,2026-09-25
2006-05-05,21.004472732543945,32.69805145263672,32.69805145263672,32.21590805053711,32.493507385253906,1188059,2026-09-25
2006-05-08,21.032625198364258,32.74188232421875,32.90259552001953,32.65422058105469,32.727272033691406,1323921,2026-09-25
2006-05-09,20.619667053222656,32.09902572631836,32.36201477050781,31.938312530517578,32.36201477050781,865480,2026-09-25
2006-05-10,20.178558349609375,31.412338256835938,31.98214340209961,31.266233444213867,31.894481658935547,1629457,2026-09-25
2006-05-11,19.58727264404297,30.49188232421875,31.441558837890625,30.082792282104492,31.33928680419922,1939373,2026-09-25
2006-05-12,18.89275550842285,29.41071319580078,30.024351119995117,29.308441162109375,29.790584564208984,2466327,2026-09-25
2006-05-15,18.489192962646484,28.782468795776367,29.39610481262207,28.46103858947754,29.36688232421875,2798077,2026-09-25
2006-05-16,18.404720306396484,28.65097427368164,29.29383087158203,28.27110481262207,29.264610290527344,1917676,2026-09-25
2006-05-17,17.92606544494629,27.90584373474121,28.91396141052246,27.48214340209961,28.87013053894043,2459962,2026-09-25
2006-05-18,17.728965759277344,27.59902572631836,28.446428298950195,27.584415435791016,28.27110481262207,1372722,2026-09-25
2006-05-19,17.963607788085938,27.96428680419922,28.066558837890625,27.496753692626953,28.00811767578125,2088651,2026-09-25
2006-05-22,17.550649642944336,27.321428298950195,27.59902572631836,26.751623153686523,27.569805145263672,1901524,2026-09-25
2006-05-23,18.47980499267578,28.76785659790039,29.51298713684082,28.577922821044922,29.162338256835938,4100233,2026-09-25
2006-05-24,18.883373260498047,29.39610481262207,29.644481658935547,28.797077178955078,29.235389709472656,2796845,2026-09-25
2006-05-25,19.080467224121094,29.702922821044922,29.819805145263672,29.118505477905273,29.483766555786133,1845331,2026-09-25
2006-05-26,18.81767463684082,29.29383087158203,29.58603858947754,29.045455932617188,29.58603858947754,1267591,2026-09-25
2006-05-30,18.883373260498047,29.39610481262207,29.688312530517578,29.29383087158203,29.644481658935547,2022328,2026-09-25
2006-05-31,19.08985137939453,29.717531204223633,29.746753692626953,29.279220581054688,29.58603858947754,1599478,2026-09-25
2006-06-01,19.54973602294922,30.433441162109375,30.47727394104004,29.425325393676758,29.51298713684082,1563819,2026-09-25
2006-06-02,19.69051742553711,30.652597427368164,30.886363983154297,30.243505477905273,30.827922821044922,1736436,2026-09-25
2006-06-05,19.099241256713867,29.73214340209961,30.53571319580078,29.615259170532227,30.506494522094727,1061231,2026-09-25
2006-06-06,18.67689323425293,29.074674606323242,29.39610481262207,28.76785659790039,29.32305145263672,1815694,2026-09-25
2006-06-07,18.705049514770508,29.118505477905273,29.77597427368164,28.76785659790039,29.045455932617188,1006886,2026-09-25
2006-06-08,18.554889678955078,28.884740829467773,29.0600643157959,28.19805145263672,28.91396141052246,2387684,2026-09-25
2006-06-09,18.15131187438965,28.256494522094727,28.87013053894043,28.110389709472656,28.694805145263672,1771000,2026-09-25
2006-06-12,18.057462692260742,28.110389709472656,28.709415435791016,28.095779418945312,28.65097427368164,1195314,2026-09-25
2006-06-13,17.972990036010742,27.97889518737793,28.50486946105957,27.90584373474121,28.183441162109375,1160818,2026-09-25
2006-06-14,18.498573303222656,28.797077178955078,28.98701286315918,28.358766555786133,28.46103858947754,1476347,2026-09-25
2006-06-15,19.108619689941406,29.746753692626953,29.805194854736328,29.264610290527344,29.381494522094727,1619601,2026-09-25
2006-06-16,18.611202239990234,28.972402572631836,29.542207717895508,28.797077178955078,29.51298713684082,2497743,2026-09-25
2006-06-19,18.385950088500977,28.621753692626953,29.118505477905273,28.446428298950195,29.0600643157959,2420948,2026-09-25
2006-06-20,18.20762825012207,28.34415626525879,28.811687469482422,28.212661743164062,28.475648880004883,2218353,2026-09-25
2006-06-21,18.920909881591797,29.454544067382812,29.77597427368164,28.76785659790039,28.899351119995117,1452323,2026-09-25
2006-06-22,18.686281204223633,29.08928680419922,29.279220581054688,28.797077178955078,29.10389518737793,1004080,2026-09-25
2006-06-23,18.658126831054688,29.045455932617188,29.483766555786133,28.811687469482422,29.0600643157959,1841224,2026-09-25
2006-06-26,18.827062606811523,29.308441162109375,29.35227394104004,28.957792282104492,29.074674606323242,1357801,2026-09-25
2006-06-27,18.25455093383789,28.417207717895508,29.264610290527344,28.34415626525879,29.264610290527344,1749235,2026-09-25
2006-06-28,18.22640037536621,28.373376846313477,28.563312530517578,28.00811767578125,28.490259170532227,1055824,2026-09-25
2006-06-29,18.770750045776367,29.220779418945312,29.235389709472656,28.05194854736328,28.212661743164062,1847726,2026-09-25
2006-06-30,18.97722625732422,29.542207717895508,29.542207717895508,29.220779418945312,29.425325393676758,1068281,2026-09-25
2006-07-03,19.164936065673828,29.834415435791016,29.907468795776367,29.6737003326416,29.717531204223633,1112633,2026-09-25
2006-07-05,18.611202239990234,28.972402572631836,29.39610481262207,28.753246307373047,29.337661743164062,1758817,2026-09-25
2006-07-06,18.723819732666016,29.14772605895996,29.29383087158203,29.045455932617188,29.14772605895996,1805564,2026-09-25
2006-07-07,18.292091369628906,28.475648880004883,28.899351119995117,28.329544067382812,28.797077178955078,3016689,2026-09-25
2006-07-10,18.235788345336914,28.38798713684082,28.899351119995117,28.27110481262207,28.855518341064453,1568268,2026-09-25
2006-07-11,18.583044052124023,28.928571701049805,28.972402572631836,28.066558837890625,28.16883087158203,2200557,2026-09-25
2006-07-12,18.09500503540039,28.16883087158203,28.709415435791016,28.037338256835938,28.709415435791016,1636028,2026-09-25
2006-07-13,17.522493362426758,27.277597427368164,28.05194854736328,27.21915626525879,27.803571701049805,2111990,2026-09-25
2006-07-14,17.484949111938477,27.21915626525879,27.350648880004883,26.824674606323242,27.321428298950195,1783115,2026-09-25
2006-07-17,17.32540512084961,26.970779418945312,27.10227394104004,26.707792282104492,26.912338256835938,942001,2026-09-25
2006-07-18,17.625728607177734,27.438312530517578,27.569805145263672,26.69318199157715,27.40909194946289,2440044,2026-09-25
2006-07-19,18.723819732666016,29.14772605895996,29.308441162109375,27.803571701049805,27.847402572631836,4176685,2026-09-25
2006-07-20,17.860368728637695,27.803571701049805,28.972402572631836,27.628246307373047,28.957792282104492,4632457,2026-09-25
2006-07-21,17.419254302978516,27.11688232421875,27.584415435791016,26.95616912841797,27.569805145263672,3624202,2026-09-25
2006-07-24,17.68204689025879,27.52597427368164,27.584415435791016,27.204544067382812,27.394481658935547,2675425,2026-09-25
2006-07-25,17.963607788085938,27.96428680419922,28.037338256835938,27.452922821044922,27.584415435791016,1926095,2026-09-25
2006-07-26,17.850984573364258,27.78896141052246,28.066558837890625,27.365259170532227,27.613636016845703,1466080,2026-09-25
2006-07-27,17.94483184814453,27.9350643157959,28.402597427368164,27.803571701049805,27.847402572631836,1918361,2026-09-25
2006-07-28,18.536113739013672,28.855518341064453,29.016233444213867,28.329544067382812,28.43181800842285,1816105,2026-09-25
2006-07-31,18.67689323425293,29.074674606323242,29.10389518737793,28.519481658935547,28.60714340209961,1337952,2026-09-25
2006-08-01,18.310863494873047,28.50486946105957,28.72402572631836,28.08116912841797,28.680194854736328,1697764,2026-09-25
2006-08-02,18.583044052124023,28.928571701049805,29.14772605895996,28.709415435791016,28.884740829467773,845084,2026-09-25
2006-08-03,18.836450576782227,29.32305145263672,29.55681800842285,28.5487003326416,28.563312530517578,1231932,2026-09-25
2006-08-04,18.367177963256836,28.592531204223633,29.29383087158203,28.22727394104004,29.162338256835938,1360060,2026-09-25
2006-08-07,18.376564025878906,28.60714340209961,28.782468795776367,28.446428298950195,28.577922821044922,919688,2026-09-25
2006-08-08,18.357791900634766,28.577922821044922,28.98701286315918,28.402597427368164,28.5487003326416,1782841,2026-09-25
2006-08-09,18.583044052124023,28.928571701049805,29.58603858947754,28.76785659790039,28.899351119995117,3276299,2026-09-25
2006-08-10,18.60181427001953,28.957792282104492,28.957792282104492,28.563312530517578,28.72402572631836,1676547,2026-09-25
2006-08-11,18.20762825012207,28.34415626525879,28.694805145263672,28.125,28.665584564208984,974170,2026-09-25
2006-08-14,18.489192962646484,28.782468795776367,29.32305145263672,28.709415435791016,28.709415435791016,2613620,2026-09-25
2006-08-15,19.19308853149414,29.878246307373047,29.936687469482422,29.527597427368164,29.717531204223633,1040629,2026-09-25
2006-08-16,19.81252670288086,30.842531204223633,30.886363983154297,30.1850643157959,30.345779418945312,1622818,2026-09-25
2006-08-17,20.03778076171875,31.19318199157715,31.470779418945312,30.930194854736328,30.97402572631836,1363892,2026-09-25
2006-08-18,20.06592559814453,31.23701286315918,31.3100643157959,30.68181800842285,30.930194854736328,804154,2026-09-25
2006-08-21,19.87822723388672,30.944805145263672,31.149351119995117,30.740259170532227,31.149351119995117,1122147,2026-09-25
2006-08-22,19.765600204467773,30.769481658935547,31.16396141052246,30.44805145263672,30.44805145263672,1496880,2026-09-25
2006-08-23,19.709285736083984,30.68181800842285,31.003246307373047,30.44805145263672,30.696428298950195,1377855,2026-09-25
2006-08-24,19.63420295715332,30.5649356842041,30.740259170532227,30.141233444213867,30.725648880004883,902235,2026-09-25
2006-08-25,19.58727264404297,30.49188232421875,30.696428298950195,30.360389709472656,30.389610290527344,527022,2026-09-25
2006-08-28,19.962697982788086,31.0762996673584,31.19318199157715,30.462661743164062,30.462661743164062,1639381,2026-09-25
2006-08-29,20.47888946533203,31.87986946105957,31.9237003326416,31.16396141052246,31.470779418945312,2055250,2026-09-25
2006-08-30,20.647823333740234,32.14285659790039,32.18668746948242,31.57305145263672,31.748376846313477,1241308,2026-09-25
2006-08-31,20.704137802124023,32.23051834106445,32.2451286315918,31.850648880004883,32.157466888427734,1758064,2026-09-25
2006-09-01,20.47888946533203,31.87986946105957,32.06980514526367,31.64610481262207,31.967531204223633,845494,2026-09-25
2006-09-05,20.619667053222656,32.09902572631836,32.1136360168457,31.514610290527344,31.631494522094727,839950,2026-09-25
2006-09-06,20.76044464111328,32.31818389892578,32.639610290527344,32.17207717895508,32.58116912841797,4321856,2026-09-25
2006-09-07,21.201568603515625,33.0048713684082,33.18019485473633,32.21590805053711,32.28895950317383,4117344,2026-09-25
2006-09-08,21.11709976196289,32.87337875366211,33.06331253051758,32.71266174316406,32.88798522949219,1245484,2026-09-25
2006-09-11,21.10770606994629,32.8587646484375,33.12175369262695,32.36201477050781,32.65422058105469,1379635,2026-09-25
2006-09-12,21.755300521850586,33.86688232421875,33.89610290527344,33.19480514526367,33.19480514526367,1856898,2026-09-25
2006-09-13,21.68021011352539,33.75,33.82305145263672,33.530845642089844,33.66233825683594,1590238,2026-09-25
2006-09-14,21.51127815246582,33.48701477050781,33.60389709472656,33.15097427368164,33.282466888427734,1196683,2026-09-25
2006-09-15,21.28603172302246,33.1363639831543,33.54545593261719,32.87337875366211,33.47240447998047,1382304,2026-09-25
2006-09-18,21.28603172302246,33.1363639831543,33.326297760009766,32.77110290527344,32.800323486328125,1382988,2026-09-25
2006-09-19,20.92938804626465,32.58116912841797,33.0048713684082,32.21590805053711,33.0048713684082,1186416,2026-09-25
2006-09-20,21.192169189453125,32.99026107788086,33.048702239990234,32.65422058105469,32.77110290527344,1089772,2026-09-25
2006-09-21,21.070165634155273,32.800323486328125,33.35551834106445,32.50811767578125,33.25324630737305,2136630,2026-09-25
2006-09-22,20.779224395751953,32.34740447998047,32.566558837890625,32.201297760009766,32.47889709472656,1074099,2026-09-25
2006-09-25,21.361106872558594,33.25324630737305,33.38473892211914,32.65422058105469,32.81493377685547,1681817,2026-09-25
2006-09-26,21.811614990234375,33.95454406738281,34.04220962524414,33.35551834106445,33.45779037475586,2019932,2026-09-25
2006-09-27,21.614521026611328,33.647727966308594,33.93993377685547,33.48701477050781,33.5162353515625,1374638,2026-09-25
2006-09-28,21.952394485473633,34.173702239990234,34.27597427368164,33.79383087158203,34.15909194946289,941590,2026-09-25
2006-09-29,21.849149703979492,34.01298522949219,34.290584564208984,33.91071319580078,34.2613639831543,1343085,2026-09-25
2006-10-02,21.642675399780273,33.691558837890625,34.20292282104492,33.618507385253906,33.852272033691406,1289767,2026-09-25
2006-10-03,21.745912551879883,33.852272033691406,34.08604049682617,33.691558837890625,33.79383087158203,1843414,2026-09-25
2006-10-04,22.121334075927734,34.43668746948242,34.451297760009766,33.58928680419922,33.67694854736328,1657998,2026-09-25
2006-10-05,22.055627822875977,34.334415435791016,34.50973892211914,34.08604049682617,34.37824630737305,1368410,2026-09-25
2006-10-06,21.89608383178711,34.08604049682617,34.2613639831543,33.99837875366211,34.1298713684082,1245757,2026-09-25
2006-10-09,22.055627822875977,34.334415435791016,34.39285659790039,33.95454406738281,33.95454406738281,1968668,2026-09-25
2006-10-10,21.98055076599121,34.217533111572266,34.2613639831543,34.02759552001953,34.24675369262695,1092921,2026-09-25
2006-10-11,22.130708694458008,34.451297760009766,34.875,34.07143020629883,34.07143020629883,1165677,2026-09-25
2006-10-12,22.787694931030273,35.47402572631836,35.50324630737305,34.75811767578125,34.977272033691406,1710153,2026-09-25
2006-10-13,22.759538650512695,35.43019485473633,35.60551834106445,35.06493377685547,35.16720962524414,1622133,2026-09-25
2006-10-16,22.797073364257812,35.4886360168457,35.649349212646484,35.21104049682617,35.31331253051758,1807344,2026-09-25
2006-10-17,22.402889251708984,34.875,35.576297760009766,34.743507385253906,35.50324630737305,1668744,2026-09-25
2006-10-18,21.14525032043457,32.91720962524414,33.63311767578125,32.17207717895508,33.47240447998047,7051215,2026-09-25
2006-10-19,21.248485565185547,33.07792282104492,33.25324630737305,32.53733825683594,32.58116912841797,3175685,2026-09-25
2006-10-20,21.33295249938965,33.209415435791016,33.31168746948242,32.87337875366211,33.12175369262695,2907794,2026-09-25
2006-10-23,21.267261505126953,33.10714340209961,33.326297760009766,32.683441162109375,32.78571319580078,1382920,2026-09-25
2006-10-24,20.92938804626465,32.58116912841797,33.092533111572266,32.522727966308594,32.90259552001953,1453212,2026-09-25
2006-10-25,21.14525032043457,32.91720962524414,33.03409194946289,32.566558837890625,32.625,1192713,2026-09-25
2006-10-26,21.539438247680664,33.530845642089844,33.66233825683594,33.165584564208984,33.34090805053711,1023587,2026-09-25
2006-10-27,21.41741943359375,33.34090805053711,34.05681610107422,33.1363639831543,33.93993377685547,2003711,2026-09-25
2006-10-30,21.52066421508789,33.50162124633789,33.647727966308594,33.165584564208984,33.25324630737305,1746360,2026-09-25
2006-10-31,21.436189651489258,33.3701286315918,33.764610290527344,33.19480514526367,33.66233825683594,928244,2026-09-25
2006-11-01,21.248485565185547,33.07792282104492,33.852272033691406,33.0048713684082,33.808441162109375,4883922,2026-09-25
2006-11-02,21.63328742980957,33.67694854736328,33.735389709472656,33.165584564208984,33.165584564208984,2533403,2026-09-25
2006-11-03,21.483125686645508,33.44318389892578,33.75,33.26785659790039,33.75,2328754,2026-09-25
2006-11-06,21.91485023498535,34.11526107788086,34.2613639831543,33.60389709472656,33.75,1025503,2026-09-25
2006-11-07,22.055627822875977,34.334415435791016,34.699676513671875,34.27597427368164,34.407466888427734,1534524,2026-09-25
2006-11-08,21.98055076599121,34.217533111572266,34.290584564208984,33.83766174316406,33.9837646484375,958701,2026-09-25
2006-11-09,21.811614990234375,33.95454406738281,34.30519485473633,33.89610290527344,34.14448165893555,1112907,2026-09-25
2006-11-10,21.98055076599121,34.217533111572266,34.42207717895508,34.07143020629883,34.31980514526367,974101,2026-09-25
2006-11-13,22.102556228637695,34.407466888427734,34.55356979370117,34.24675369262695,34.2613639831543,958359,2026-09-25
2006-11-14,22.994169235229492,35.79545593261719,35.79545593261719,34.772727966308594,35.298702239990234,1549514,2026-09-25
2006-11-15,23.210023880004883,36.131492614746094,36.36526107788086,35.7662353515625,35.824676513671875,1591607,2026-09-25
2006-11-16,22.98478889465332,35.780845642089844,35.91233825683594,35.342533111572266,35.88311767578125,2460646,2026-09-25
2006-11-17,23.303890228271484,36.27759552001953,36.30681610107422,35.72240447998047,35.824676513671875,1684897,2026-09-25
2006-11-20,23.688684463500977,36.87662124633789,36.96428680419922,36.0,36.07305145263672,1617000,2026-09-25
2006-11-21,23.92331886291504,37.24188232421875,37.62175369262695,37.09577941894531,37.183441162109375,2422796,2026-09-25
2006-11-22,24.242422103881836,37.7386360168457,37.8701286315918,37.46104049682617,37.782466888427734,1030157,2026-09-25
2006-11-24,23.87639045715332,37.16883087158203,37.31493377685547,36.774349212646484,36.8912353515625,1014620,2026-09-25
2006-11-27,23.0974063873291,35.95616912841797,36.75973892211914,35.897727966308594,36.657466888427734,2180092,2026-09-25
2006-11-28,23.153718948364258,36.04383087158203,36.36526107788086,35.649349212646484,36.102272033691406,2403016,2026-09-25
2006-11-29,23.332042694091797,36.32143020629883,36.6136360168457,35.985389709472656,36.540584564208984,1508652,2026-09-25
2006-11-30,23.36958122253418,36.3798713684082,36.62824630737305,36.14610290527344,36.62824630737305,1971337,2026-09-25
2006-12-01,23.2569522857666,36.20454406738281,36.75973892211914,35.79545593261719,36.701297760009766,1177381,2026-09-25
2006-12-04,23.454055786132812,36.5113639831543,36.78895950317383,35.92694854736328,36.14610290527344,1056029,2026-09-25
2006-12-05,23.557296752929688,36.67207717895508,36.86201477050781,36.48214340209961,36.55519485473633,734683,2026-09-25
2006-12-06,23.566675186157227,36.68668746948242,36.97889709472656,36.40909194946289,36.6136360168457,660215,2026-09-25
2006-12-07,23.81069564819336,37.066558837890625,37.76785659790039,37.066558837890625,37.72402572631836,1127348,2026-09-25
2006-12-08,23.604215621948242,36.7451286315918,37.24188232421875,36.657466888427734,36.774349212646484,1423850,2026-09-25
2006-12-11,23.66991424560547,36.84740447998047,37.125,36.71590805053711,36.86201477050781,1146924,2026-09-25
2006-12-12,23.49159049987793,36.56980514526367,36.701297760009766,36.16071319580078,36.59902572631836,1591128,2026-09-25
2006-12-13,23.482208251953125,36.55519485473633,36.87662124633789,36.39448165893555,36.7451286315918,1902208,2026-09-25
2006-12-14,23.435283660888672,36.48214340209961,36.56980514526367,36.20454406738281,36.26298522949219,1829999,2026-09-25
2006-12-15,23.59483528137207,36.73051834106445,36.8912353515625,36.540584564208984,36.75973892211914,1174233,2026-09-25
2006-12-18,23.31326675415039,36.29220962524414,36.80356979370117,36.20454406738281,36.73051834106445,878142,2026-09-25
2006-12-19,22.98478889465332,35.780845642089844,36.32143020629883,35.67856979370117,36.30681610107422,4061083,2026-09-25
2006-12-20,22.83461570739746,35.54707717895508,35.985389709472656,35.37175369262695,35.985389709472656,3065627,2026-09-25
2006-12-21,22.50612449645996,35.03571319580078,35.6201286315918,34.78733825683594,35.576297760009766,2704651,2026-09-25
2006-12-22,22.50612449645996,35.03571319580078,35.342533111572266,34.889610290527344,35.32792282104492,2361744,2026-09-25
2006-12-26,22.844003677368164,35.56168746948242,35.73701477050781,34.96266174316406,35.1087646484375,1328780,2026-09-25
2006-12-27,23.125560760498047,36.0,36.058441162109375,35.66395950317383,35.70779037475586,1415500,2026-09-25
2006-12-28,23.144330978393555,36.02922058105469,36.16071319580078,35.780845642089844,35.868507385253906,895938,2026-09-25
2006-12-29,23.116174697875977,35.985389709472656,36.29220962524414,35.91233825683594,36.131492614746094,769932,2026-09-25
2007-01-03,22.872163772583008,35.60551834106445,36.14610290527344,35.13798522949219,35.69318389892578,2934829,2026-09-25
2007-01-04,23.125560760498047,36.0,36.131492614746094,35.37175369262695,35.3863639831543,2469065,2026-09-25
2007-01-05,23.22879981994629,36.16071319580078,36.175323486328125,35.79545593261719,36.0,2578439,2026-09-25
2007-01-08,23.49159049987793,36.56980514526367,36.87662124633789,36.39448165893555,36.5113639831543,1631373,2026-09-25
2007-01-09,23.238191604614258,36.175323486328125,36.62824630737305,35.81006622314453,36.584415435791016,1988106,2026-09-25
2007-01-10,23.163101196289062,36.058441162109375,36.102272033691406,35.54707717895508,35.73701477050781,2843114,2026-09-25
2007-01-11,22.947242736816406,35.72240447998047,36.219154357910156,35.532466888427734,35.63473892211914,2810671,2026-09-25
2007-01-12,23.191261291503906,36.102272033691406,36.16071319580078,35.79545593261719,35.897727966308594,2160996,2026-09-25
2007-01-16,22.656293869018555,35.26948165893555,36.423702239990234,35.26948165893555,36.350650787353516,2960017,2026-09-25
2007-01-17,24.674152374267578,38.41071319580078,38.81980514526367,37.46104049682617,37.548702239990234,10000007,2026-09-25
2007-01-18,23.632368087768555,36.78895950317383,37.84090805053711,36.64285659790039,37.81168746948242,5993475,2026-09-25
2007-01-19,23.651151657104492,36.81818389892578,37.03733825683594,36.39448165893555,36.92045593261719,4760037,2026-09-25
2007-01-22,23.585447311401367,36.71590805053711,36.81818389892578,36.24837875366211,36.62824630737305,3119561,2026-09-25
2007-01-23,23.613603591918945,36.75973892211914,36.97889709472656,36.39448165893555,36.48214340209961,4334518,2026-09-25
2007-01-24,23.97962760925293,37.32954406738281,37.32954406738281,36.73051834106445,36.993507385253906,2884660,2026-09-25
2007-01-25,23.454055786132812,36.5113639831543,37.32954406738281,36.3798713684082,37.00811767578125,2204732,2026-09-25
2007-01-26,23.79192352294922,37.03733825683594,37.183441162109375,36.39448165893555,36.68668746948242,1998304,2026-09-25
2007-01-29,23.407127380371094,36.43831253051758,36.774349212646484,36.26298522949219,36.73051834106445,1630347,2026-09-25
2007-01-30,23.763774871826172,36.993507385253906,37.03733825683594,36.56980514526367,37.00811767578125,1665459,2026-09-25
2007-01-31,23.91393280029297,37.227272033691406,37.32954406738281,36.52597427368164,36.59902572631836,2010008,2026-09-25
2007-02-01,23.79192352294922,37.03733825683594,37.19805145263672,36.73051834106445,37.08116912841797,1959291,2026-09-25
2007-02-02,23.801311492919922,37.05194854736328,37.08116912841797,36.701297760009766,36.75973892211914,2391038,2026-09-25
2007-02-05,23.632368087768555,36.78895950317383,36.93506622314453,36.584415435791016,36.67207717895508,1328986,2026-09-25
2007-02-06,23.698078155517578,36.8912353515625,37.05194854736328,36.49675369262695,36.96428680419922,1781335,2026-09-25
2007-02-07,24.082874298095703,37.49026107788086,37.65097427368164,37.125,37.15422058105469,1624392,2026-09-25
2007-02-08,24.139183044433594,37.57792282104492,37.72402572631836,37.183441162109375,37.300323486328125,1171564,2026-09-25
2007-02-09,23.622987747192383,36.774349212646484,37.84090805053711,36.56980514526367,37.76785659790039,3553156,2026-09-25
2007-02-12,23.238191604614258,36.175323486328125,36.6136360168457,36.07305145263672,36.584415435791016,2176260,2026-09-25
2007-02-13,23.35081672668457,36.350650787353516,36.62824630737305,36.0,36.467533111572266,2470776,2026-09-25
2007-02-14,24.4019775390625,37.98701477050781,38.0162353515625,37.19805145263672,37.28571319580078,2678231,2026-09-25
2007-02-15,24.242422103881836,37.7386360168457,37.85551834106445,37.46104049682617,37.60714340209961,1066159,2026-09-25
2007-02-16,24.439516067504883,38.04545593261719,38.118507385253906,37.592533111572266,37.592533111572266,1313723,2026-09-25
2007-02-20,24.204883575439453,37.68019485473633,37.81168746948242,37.03733825683594,37.344154357910156,2047858,2026-09-25
2007-02-21,23.951475143432617,37.28571319580078,37.344154357910156,36.81818389892578,36.8912353515625,1291068,2026-09-25
2007-02-22,23.94208526611328,37.27110290527344,37.43181610107422,36.97889709472656,36.97889709472656,2819706,2026-09-25
2007-02-23,24.176719665527344,37.6363639831543,37.84090805053711,37.43181610107422,37.43181610107422,2321978,2026-09-25
2007-02-26,23.848237991333008,37.125,37.5048713684082,36.8912353515625,37.41720962524414,1558412,2026-09-25
2007-02-27,22.966012954711914,35.75162124633789,36.45292282104492,35.44480514526367,36.04383087158203,2948587,2026-09-25
2007-02-28,23.06924819946289,35.91233825683594,36.3798713684082,35.60551834106445,36.24837875366211,2475704,2026-09-25
2007-03-01,22.39350128173828,34.860389709472656,35.13798522949219,33.91071319580078,34.18831253051758,3777517,2026-09-25
2007-03-02,21.88669776916504,34.07143020629883,34.71428680419922,33.89610290527344,34.55356979370117,2820596,2026-09-25
2007-03-05,21.501890182495117,33.47240447998047,34.01298522949219,33.165584564208984,33.26785659790039,2903140,2026-09-25
2007-03-06,21.736522674560547,33.83766174316406,33.969154357910156,33.54545593261719,33.72077941894531,1948408,2026-09-25
2007-03-07,21.6239013671875,33.66233825683594,34.04220962524414,33.618507385253906,33.83766174316406,2432310,2026-09-25
2007-03-08,21.91485023498535,34.11526107788086,34.43668746948242,34.04220962524414,34.15909194946289,1758680,2026-09-25
2007-03-09,21.839773178100586,33.99837875366211,34.24675369262695,33.82305145263672,34.100650787353516,1753478,2026-09-25
2007-03-12,22.25272560119629,34.6412353515625,34.699676513671875,33.9837646484375,33.99837875366211,2035948,2026-09-25
2007-03-13,21.483125686645508,33.44318389892578,34.27597427368164,33.35551834106445,34.11526107788086,2060999,2026-09-25
2007-03-14,21.614521026611328,33.647727966308594,33.86688232421875,33.092533111572266,33.808441162109375,3736724,2026-09-25
2007-03-15,21.839773178100586,33.99837875366211,34.23214340209961,33.735389709472656,33.83766174316406,2884317,2026-09-25
2007-03-16,22.22456932067871,34.59740447998047,34.816558837890625,34.2613639831543,34.334415435791016,3446862,2026-09-25
2007-03-19,22.121334075927734,34.43668746948242,34.743507385253906,34.34902572631836,34.55356979370117,2092894,2026-09-25
2007-03-20,22.534282684326172,35.07954406738281,35.12337875366211,34.18831253051758,34.18831253051758,1953268,2026-09-25
2007-03-21,23.134950637817383,36.014610290527344,36.18993377685547,34.772727966308594,34.84577941894531,3234479,2026-09-25
2007-03-22,22.909698486328125,35.66395950317383,35.824676513671875,35.47402572631836,35.780845642089844,2193097,2026-09-25
2007-03-23,23.134950637817383,36.014610290527344,36.058441162109375,35.6201286315918,35.69318389892578,1782772,2026-09-25
2007-03-26,23.34142303466797,36.33604049682617,36.350650787353516,35.824676513671875,36.014610290527344,2616220,2026-09-25
2007-03-27,22.909698486328125,35.66395950317383,35.868507385253906,35.47402572631836,35.532466888427734,1666691,2026-09-25
2007-03-28,22.75014877319336,35.415584564208984,35.79545593261719,35.37175369262695,35.60551834106445,1397088,2026-09-25
2007-03-29,23.134950637817383,36.014610290527344,36.219154357910156,35.66395950317383,36.18993377685547,2319172,2026-09-25
2007-03-30,23.22879981994629,36.16071319580078,36.36526107788086,35.88311767578125,35.92694854736328,2049432,2026-09-25
2007-04-02,23.34142303466797,36.33604049682617,36.5113639831543,36.02922058105469,36.40909194946289,1542464,2026-09-25
2007-04-03,23.5009822845459,36.584415435791016,36.73051834106445,36.27759552001953,36.467533111572266,1489214,2026-09-25
2007-04-04,23.66991424560547,36.84740447998047,36.949676513671875,36.6136360168457,36.7451286315918,896075,2026-09-25
2007-04-05,24.101642608642578,37.51948165893555,37.65097427368164,37.38798522949219,37.49026107788086,1707415,2026-09-25
2007-04-09,24.00778579711914,37.37337875366211,37.665584564208984,36.97889709472656,37.41720962524414,694848,2026-09-25
2007-04-10,24.06410026550293,37.46104049682617,37.56331253051758,37.09577941894531,37.110389709472656,1639860,2026-09-25
2007-04-11,23.71683692932129,36.92045593261719,37.27110290527344,36.81818389892578,37.183441162109375,1459304,2026-09-25
2007-04-12,24.308116912841797,37.84090805053711,37.91395950317383,36.774349212646484,36.905845642089844,2642640,2026-09-25
2007-04-13,24.195493698120117,37.665584564208984,37.98701477050781,37.21266174316406,37.98701477050781,2115070,2026-09-25
2007-04-16,24.44890022277832,38.06006622314453,38.10389709472656,37.782466888427734,38.10389709472656,1305578,2026-09-25
2007-04-17,24.495826721191406,38.13311767578125,38.25,37.53409194946289,38.0162353515625,2423686,2026-09-25
2007-04-18,25.725309371948242,40.04707717895508,40.25162124633789,39.316558837890625,39.6087646484375,4120698,2026-09-25
2007-04-19,25.678382873535156,39.97402572631836,40.29545593261719,39.389610290527344,39.41883087158203,3273561,2026-09-25
2007-04-20,26.09134292602539,40.61688232421875,41.0113639831543,40.38311767578125,40.80681610107422,3307304,2026-09-25
2007-04-23,25.800390243530273,40.16395950317383,40.25162124633789,39.93019485473633,40.00324630737305,1895911,2026-09-25
2007-04-24,26.194581985473633,40.77759552001953,40.967533111572266,40.45616912841797,40.68993377685547,1534867,2026-09-25
2007-04-25,26.01626205444336,40.5,40.58766174316406,40.00324630737305,40.514610290527344,2117329,2026-09-25
2007-04-26,25.837936401367188,40.22240447998047,40.33928680419922,39.76948165893555,39.97402572631836,1584420,2026-09-25
2007-04-27,25.631460189819336,39.90097427368164,40.280845642089844,39.63798522949219,39.76948165893555,2203500,2026-09-25
2007-04-30,25.575143814086914,39.81331253051758,40.368507385253906,39.57954406738281,39.76948165893555,2104735,2026-09-25
2007-05-01,25.725309371948242,40.04707717895508,40.25162124633789,39.477272033691406,40.01785659790039,1756421,2026-09-25
2007-05-02,25.5469913482666,39.76948165893555,39.93019485473633,39.6087646484375,39.74026107788086,1380251,2026-09-25
2007-05-03,25.612689971923828,39.87175369262695,40.04707717895508,39.57954406738281,40.04707717895508,1112838,2026-09-25
2007-05-04,25.75346565246582,40.09090805053711,40.29545593261719,39.81331253051758,40.2662353515625,589444,2026-09-25
2007-05-07,25.593917846679688,39.842533111572266,40.1201286315918,39.71104049682617,39.9886360168457,940084,2026-09-25
2007-05-08,25.143417358398438,39.1412353515625,39.375,38.89285659790039,39.375,1917471,2026-09-25
2007-05-09,25.021406173706055,38.951297760009766,38.951297760009766,38.425323486328125,38.469154357910156,2527996,2026-09-25
2007-05-10,24.045330047607422,37.43181610107422,38.57143020629883,37.43181610107422,38.45454406738281,2239776,2026-09-25
2007-05-11,24.45828628540039,38.074676513671875,38.147727966308594,37.65097427368164,37.88473892211914,1199557,2026-09-25
2007-05-14,24.345664978027344,37.899349212646484,38.32305145263672,37.56331253051758,38.10389709472656,1935677,2026-09-25
2007-05-15,24.148569107055664,37.592533111572266,38.191558837890625,37.592533111572266,37.6363639831543,2247852,2026-09-25
2007-05-16,23.848237991333008,37.125,37.28571319580078,36.701297760009766,37.139610290527344,3540084,2026-09-25
2007-05-17,23.932703018188477,37.256492614746094,37.49026107788086,37.110389709472656,37.40259552001953,1428025,2026-09-25
2007-05-18,23.94208526611328,37.27110290527344,37.51948165893555,37.110389709472656,37.46104049682617,1160818,2026-09-25
2007-05-21,23.763774871826172,36.993507385253906,37.5048713684082,36.92045593261719,37.15422058105469,1906931,2026-09-25
2007-05-22,23.801311492919922,37.05194854736328,37.227272033691406,36.84740447998047,37.183441162109375,1626924,2026-09-25
2007-05-23,23.44466781616211,36.49675369262695,37.022727966308594,36.48214340209961,36.97889709472656,3991817,2026-09-25
2007-05-24,23.238191604614258,36.175323486328125,36.80356979370117,36.08766174316406,36.73051834106445,1631442,2026-09-25
2007-05-25,23.21941566467285,36.14610290527344,36.48214340209961,36.058441162109375,36.45292282104492,1878732,2026-09-25
2007-05-29,23.285114288330078,36.24837875366211,36.73051834106445,36.02922058105469,36.68668746948242,1864221,2026-09-25
2007-05-30,23.172483444213867,36.07305145263672,36.16071319580078,35.56168746948242,35.824676513671875,2443330,2026-09-25
2007-05-31,24.186115264892578,37.65097427368164,39.03895950317383,37.548702239990234,38.80519485473633,6107640,2026-09-25
2007-06-01,24.645998001098633,38.36688232421875,38.4837646484375,38.04545593261719,38.43993377685547,1514265,2026-09-25
2007-06-04,24.242422103881836,37.7386360168457,38.27922058105469,37.665584564208984,38.0162353515625,1937252,2026-09-25
2007-06-05,23.763774871826172,36.993507385253906,37.51948165893555,36.78895950317383,37.46104049682617,3937404,2026-09-25
2007-06-06,23.463441848754883,36.52597427368164,37.16883087158203,36.467533111572266,37.125,2827851,2026-09-25
2007-06-07,23.53851890563965,36.64285659790039,37.38798522949219,36.64285659790039,37.08116912841797,4210976,2026-09-25
2007-06-08,24.11103057861328,37.53409194946289,37.665584564208984,36.97889709472656,37.38798522949219,1580724,2026-09-25
2007-06-11,23.951475143432617,37.28571319580078,37.68019485473633,37.139610290527344,37.60714340209961,2301718,2026-09-25
2007-06-12,23.5009822845459,36.584415435791016,37.16883087158203,36.40909194946289,36.64285659790039,2969804,2026-09-25
2007-06-13,23.951475143432617,37.28571319580078,37.44643020629883,36.59902572631836,37.03733825683594,1389901,2026-09-25
2007-06-14,24.101642608642578,37.51948165893555,37.68019485473633,36.73051834106445,37.183441162109375,2084339,2026-09-25
2007-06-15,25.01202392578125,38.93668746948242,39.1412353515625,38.73214340209961,38.73214340209961,3152688,2026-09-25
2007-06-18,25.53760528564453,39.7548713684082,39.8863639831543,39.56493377685547,39.78409194946289,2333819,2026-09-25
2007-06-19,25.490676879882812,39.68181610107422,39.842533111572266,39.41883087158203,39.53571319580078,1384152,2026-09-25
2007-06-20,25.171571731567383,39.18506622314453,40.00324630737305,39.18506622314453,40.00324630737305,2374132,2026-09-25
2007-06-21,25.75346565246582,40.09090805053711,40.13473892211914,39.06818389892578,39.155845642089844,2033621,2026-09-25
2007-06-22,26.194581985473633,40.77759552001953,41.05519485473633,40.45616912841797,41.02597427368164,2140532,2026-09-25
2007-06-25,25.791004180908203,40.149349212646484,40.90909194946289,40.032466888427734,40.90909194946289,1825550,2026-09-25
2007-06-26,25.453142166137695,39.62337875366211,40.42694854736328,39.49188232421875,40.41233825683594,2323278,2026-09-25
2007-06-27,25.8754825592041,40.280845642089844,40.280845642089844,39.63798522949219,39.66720962524414,1142269,2026-09-25
2007-06-28,25.884864807128906,40.29545593261719,40.70454406738281,39.81331253051758,40.06168746948242,2720188,2026-09-25
2007-06-29,25.76285743713379,40.10551834106445,40.64610290527344,39.87175369262695,40.485389709472656,1286687,2026-09-25
2007-07-02,26.466760635375977,41.201297760009766,41.34740447998047,40.99675369262695,41.084415435791016,1619327,2026-09-25
2007-07-03,26.457368850708008,41.18668746948242,41.34740447998047,41.1136360168457,41.28895950317383,814352,2026-09-25
2007-07-05,26.372900009155273,41.05519485473633,41.23051834106445,40.719154357910156,41.02597427368164,1118519,2026-09-25
2007-07-06,26.419832229614258,41.12824630737305,41.2451286315918,40.83604049682617,41.084415435791016,1157327,2026-09-25
2007-07-09,26.541845321655273,41.31818389892578,41.610389709472656,41.09902572631836,41.34740447998047,2090293,2026-09-25
2007-07-10,26.166423797607422,40.7337646484375,41.493507385253906,40.64610290527344,41.1136360168457,2726005,2026-09-25
2007-07-11,25.96933364868164,40.42694854736328,40.967533111572266,40.29545593261719,40.61688232421875,3392312,2026-09-25
2007-07-12,26.776472091674805,41.683441162109375,41.74188232421875,40.93831253051758,40.99675369262695,4255807,2026-09-25
2007-07-13,26.87970733642578,41.844154357910156,42.10714340209961,41.727272033691406,41.99026107788086,1202021,2026-09-25
2007-07-16,26.870325088500977,41.82954406738281,42.092533111572266,41.69805145263672,41.90259552001953,1363482,2026-09-25
2007-07-17,28.0716609954834,43.699676513671875,44.1087646484375,41.844154357910156,41.88798522949219,7989041,2026-09-25
2007-07-18,27.433454513549805,42.70616912841797,44.006492614746094,41.975650787353516,43.96266174316406,5449752,2026-09-25
2007-07-19,28.493995666503906,44.35714340209961,44.54707717895508,43.977272033691406,44.3863639831543,2728059,2026-09-25
2007-07-20,28.409534454345703,44.225650787353516,44.59090805053711,44.03571319580078,44.03571319580078,3396966,2026-09-25
2007-07-23,28.531538009643555,44.415584564208984,44.51785659790039,44.050323486328125,44.32792282104492,2968436,2026-09-25
2007-07-24,28.343843460083008,44.12337875366211,44.75162124633789,43.860389709472656,44.37175369262695,3528653,2026-09-25
2007-07-25,28.719249725341797,44.70779037475586,45.07305145263672,43.90422058105469,44.985389709472656,2569473,2026-09-25
2007-07-26,28.165508270263672,43.84577941894531,44.69318389892578,43.1298713684082,44.19643020629883,3286360,2026-09-25
2007-07-27,27.461599349975586,42.75,43.655845642089844,42.75,43.56818389892578,2356542,2026-09-25
2007-07-30,28.043502807617188,43.655845642089844,44.006492614746094,43.11526107788086,43.55356979370117,1244183,2026-09-25
2007-07-31,27.7431640625,43.18831253051758,43.94805145263672,43.100650787353516,43.62662124633789,1318788,2026-09-25
2007-08-01,27.893335342407227,43.42207717895508,43.55356979370117,42.647727966308594,43.05681610107422,1983862,2026-09-25
2007-08-02,27.686857223510742,43.100650787353516,43.24675369262695,42.574676513671875,43.1298713684082,1694342,2026-09-25
2007-08-03,27.0955867767334,42.18019485473633,42.9837646484375,42.12175369262695,42.881492614746094,1483396,2026-09-25
2007-08-06,27.536684036254883,42.86688232421875,42.91071319580078,41.90259552001953,42.34090805053711,1740063,2026-09-25
2007-08-07,27.442840576171875,42.72077941894531,43.100650787353516,42.0048713684082,42.56006622314453,1558480,2026-09-25
2007-08-08,27.724395751953125,43.15909194946289,43.655845642089844,42.63311767578125,42.66233825683594,3713043,2026-09-25
2007-08-09,26.992340087890625,42.01948165893555,42.82305145263672,41.65422058105469,42.42856979370117,2972748,2026-09-25
2007-08-10,26.372900009155273,41.05519485473633,41.50811767578125,40.38311767578125,40.675323486328125,2959332,2026-09-25
2007-08-13,26.476144790649414,41.21590805053711,41.756492614746094,41.14285659790039,41.37662124633789,1482507,2026-09-25
2007-08-14,26.494909286499023,41.2451286315918,42.29707717895508,41.06980514526367,42.092533111572266,1920962,2026-09-25
2007-08-15,25.049560546875,38.9951286315918,40.397727966308594,38.907466888427734,40.29545593261719,4240955,2026-09-25
2007-08-16,25.002635955810547,38.92207717895508,39.272727966308594,37.826297760009766,38.96590805053711,2123078,2026-09-25
2007-08-17,25.040178298950195,38.98051834106445,40.558441162109375,38.51298522949219,39.53571319580078,2579260,2026-09-25
2007-08-20,25.77223777770996,40.1201286315918,40.2662353515625,39.44805145263672,39.725650787353516,2090636,2026-09-25
2007-08-21,26.213356018066406,40.80681610107422,41.18668746948242,40.441558837890625,40.602272033691406,1543148,2026-09-25
2007-08-22,26.635704040527344,41.46428680419922,41.59577941894531,41.084415435791016,41.2451286315918,949188,2026-09-25
2007-08-23,26.645082473754883,41.47889709472656,41.71266174316406,41.30356979370117,41.71266174316406,1231042,2026-09-25
2007-08-24,27.0955867767334,42.18019485473633,42.29707717895508,41.59577941894531,41.65422058105469,1325564,2026-09-25
2007-08-27,27.104965209960938,42.19480514526367,42.54545593261719,41.99026107788086,42.092533111572266,1109211,2026-09-25
2007-08-28,26.523067474365234,41.28895950317383,42.165584564208984,41.09902572631836,41.99026107788086,1317966,2026-09-25
2007-08-29,27.452224731445312,42.735389709472656,42.79383087158203,41.71266174316406,42.092533111572266,839950,2026-09-25
2007-08-30,27.433454513549805,42.70616912841797,43.27597427368164,42.326297760009766,42.35551834106445,1158901,2026-09-25
2007-08-31,27.846416473388672,43.34902572631836,43.71428680419922,43.100650787353516,43.68506622314453,974444,2026-09-25
2007-09-04,28.719249725341797,44.70779037475586,45.0,43.99188232421875,43.99188232421875,1664569,2026-09-25
2007-09-05,28.68169403076172,44.649349212646484,44.83928680419922,44.19643020629883,44.69318389892578,1321936,2026-09-25
2007-09-06,29.526391983032227,45.96428680419922,46.344154357910156,45.52597427368164,46.022727966308594,1360402,2026-09-25
2007-09-07,28.73802375793457,44.73701477050781,45.16071319580078,44.415584564208984,44.97077941894531,1731165,2026-09-25
2007-09-10,28.700477600097656,44.67856979370117,45.71590805053711,44.18181610107422,45.52597427368164,1531718,2026-09-25
2007-09-11,28.92572593688965,45.02922058105469,45.14610290527344,44.6201286315918,44.95616912841797,992376,2026-09-25
2007-09-12,28.89756965637207,44.985389709472656,45.48214340209961,44.75162124633789,44.85389709472656,2429983,2026-09-25
2007-09-13,28.30628776550293,44.06493377685547,44.56168746948242,43.99188232421875,44.54707717895508,3314764,2026-09-25
2007-09-14,28.203054428100586,43.90422058105469,44.21104049682617,43.6412353515625,43.71428680419922,960139,2026-09-25
2007-09-17,27.7431640625,43.18831253051758,43.78733825683594,42.9837646484375,43.6412353515625,1362524,2026-09-25
2007-09-18,29.113433837890625,45.32143020629883,45.467533111572266,43.524349212646484,43.743507385253906,1644241,2026-09-25
2007-09-19,29.132200241088867,45.350650787353516,45.7451286315918,45.131492614746094,45.33604049682617,1079711,2026-09-25
2007-09-20,29.40437889099121,45.774349212646484,45.96428680419922,45.20454406738281,45.27759552001953,2069349,2026-09-25
2007-09-21,30.014429092407227,46.72402572631836,47.10389709472656,46.62175369262695,46.826297760009766,1211672,2026-09-25
2007-09-24,30.202136993408203,47.0162353515625,47.469154357910156,46.782466888427734,47.074676513671875,1586337,2026-09-25
2007-09-25,30.999887466430664,48.25811767578125,48.316558837890625,46.92856979370117,46.92856979370117,1957511,2026-09-25
2007-09-26,30.69956398010254,47.790584564208984,48.594154357910156,47.600650787353516,48.594154357910156,1382372,2026-09-25
2007-09-27,30.418006896972656,47.352272033691406,47.84902572631836,47.13311767578125,47.64448165893555,1964698,2026-09-25
2007-09-28,30.840343475341797,48.00973892211914,48.40422058105469,47.790584564208984,48.18506622314453,2221364,2026-09-25
2007-10-01,30.887788772583008,44.389610290527344,44.62337875366211,43.62337875366211,44.1298713684082,1130052,2026-09-25
2007-10-02,30.688976287841797,44.10389709472656,44.40259552001953,43.98701477050781,44.01298522949219,1242472,2026-09-25
2007-10-03,29.848554611206055,42.89610290527344,43.75324630737305,42.727272033691406,43.62337875366211,1480479,2026-09-25
2007-10-04,29.36959457397461,42.20779037475586,42.33766174316406,41.88311767578125,42.1298713684082,1168013,2026-09-25
2007-10-05,29.39671516418457,42.24675369262695,42.51948165893555,41.51948165893555,41.558441162109375,1032570,2026-09-25
2007-10-08,29.23405647277832,42.01298522949219,42.28571319580078,41.68831253051758,41.75324630737305,1335103,2026-09-25
2007-10-09,28.84546661376953,41.45454406738281,41.81818389892578,41.0,41.79220962524414,2881109,2026-09-25
2007-10-10,28.43880844116211,40.8701286315918,41.1298713684082,40.31168746948242,40.85714340209961,1729189,2026-09-25
2007-10-11,27.742992401123047,39.8701286315918,41.09090805053711,39.675323486328125,41.0,1406790,2026-09-25
2007-10-12,28.15866470336914,40.467533111572266,40.558441162109375,39.89610290527344,39.93506622314453,1948177,2026-09-25
2007-10-15,28.483997344970703,40.93506622314453,41.3636360168457,40.57143020629883,40.844154357910156,1891890,2026-09-25
2007-10-16,29.1436824798584,41.88311767578125,42.24675369262695,40.88311767578125,40.98701477050781,2056978,2026-09-25
2007-10-17,31.45709991455078,45.20779037475586,45.649349212646484,44.48051834106445,44.93506622314453,2953104,2026-09-25
2007-10-18,32.03544235229492,46.03895950317383,46.05194854736328,45.558441162109375,45.558441162109375,1039962,2026-09-25
2007-10-19,30.90585708618164,44.415584564208984,45.7662353515625,44.33766174316406,45.7662353515625,897127,2026-09-25
2007-10-22,31.43903350830078,45.18181610107422,45.3636360168457,44.71428680419922,44.89610290527344,729806,2026-09-25
2007-10-23,32.017372131347656,46.01298522949219,46.24675369262695,45.727272033691406,46.19480514526367,2090858,2026-09-25
2007-10-24,32.342708587646484,46.48051834106445,46.71428680419922,44.97402572631836,46.675323486328125,1958341,2026-09-25
2007-10-25,31.773393630981445,45.66233825683594,46.701297760009766,45.1298713684082,46.701297760009766,1930313,2026-09-25
2007-10-26,31.131784439086914,44.74026107788086,45.19480514526367,44.28571319580078,45.10389709472656,853468,2026-09-25
2007-10-29,31.854732513427734,45.77922058105469,46.22077941894531,45.3636360168457,45.3636360168457,786247,2026-09-25
2007-10-30,31.71014404296875,45.57143020629883,45.88311767578125,45.22077941894531,45.51948165893555,980518,2026-09-25
2007-10-31,31.55650520324707,45.350650787353516,45.441558837890625,44.71428680419922,45.20779037475586,1293138,2026-09-25
2007-11-01,30.851642608642578,44.33766174316406,45.03895950317383,44.05194854736328,44.584415435791016,1014937,2026-09-25
2007-11-02,31.321550369262695,45.01298522949219,45.20779037475586,44.40259552001953,45.07792282104492,990605,2026-09-25
2007-11-05,31.20408058166504,44.844154357910156,45.272727966308594,44.584415435791016,44.66233825683594,902979,2026-09-25
2007-11-06,31.077556610107422,44.66233825683594,45.22077941894531,44.24675369262695,45.20779037475586,1684221,2026-09-25
2007-11-07,30.77934455871582,44.2337646484375,45.415584564208984,44.2337646484375,45.03895950317383,1354353,2026-09-25
2007-11-08,30.77030372619629,44.22077941894531,44.7662353515625,43.20779037475586,44.506492614746094,1617693,2026-09-25
2007-11-09,30.38172721862793,43.66233825683594,44.532466888427734,43.57143020629883,44.03895950317383,1025871,2026-09-25
2007-11-12,30.074474334716797,43.22077941894531,44.31168746948242,43.09090805053711,43.81818389892578,1201816,2026-09-25
2007-11-13,30.200990676879883,43.40259552001953,43.54545593261719,42.57143020629883,43.3636360168457,3494799,2026-09-25
2007-11-14,30.417865753173828,43.71428680419922,44.48051834106445,43.59740447998047,44.350650787353516,725032,2026-09-25
2007-11-15,29.82144546508789,42.85714340209961,43.25973892211914,42.51948165893555,42.83116912841797,1728265,2026-09-25
2007-11-16,29.848554611206055,42.89610290527344,42.97402572631836,42.02597427368164,42.83116912841797,1127665,2026-09-25
2007-11-19,29.107532501220703,41.83116912841797,42.649349212646484,41.68831253051758,42.493507385253906,842072,2026-09-25
2007-11-20,29.812408447265625,42.844154357910156,43.3636360168457,42.18181610107422,43.20779037475586,1073072,2026-09-25
2007-11-21,30.047359466552734,43.18181610107422,43.77922058105469,42.467533111572266,43.6363639831543,1664047,2026-09-25
2007-11-23,30.10158348083496,43.25973892211914,43.532466888427734,43.1298713684082,43.350650787353516,449372,2026-09-25
2007-11-26,29.884700775146484,42.94805145263672,44.3636360168457,42.94805145263672,44.31168746948242,1130822,2026-09-25
2007-11-27,29.966026306152344,43.06493377685547,43.48051834106445,42.441558837890625,43.18181610107422,2237466,2026-09-25
2007-11-28,31.402877807617188,45.1298713684082,45.22077941894531,43.81818389892578,43.81818389892578,1236620,2026-09-25
2007-11-29,30.824527740478516,44.298702239990234,44.441558837890625,43.90909194946289,44.03895950317383,2569182,2026-09-25
2007-11-30,31.402877807617188,45.1298713684082,45.83116912841797,44.80519485473633,45.701297760009766,1191267,2026-09-25
2007-12-03,30.616680145263672,44.0,44.92207717895508,43.83116912841797,44.77922058105469,743743,2026-09-25
2007-12-04,30.210023880004883,43.415584564208984,43.81818389892578,43.415584564208984,43.74026107788086,1310540,2026-09-25
2007-12-05,31.402877807617188,45.1298713684082,45.31168746948242,44.77922058105469,45.02597427368164,1015861,2026-09-25
2007-12-06,31.6107234954834,45.42856979370117,45.506492614746094,44.54545593261719,44.54545593261719,1376375,2026-09-25
2007-12-07,31.429990768432617,45.16883087158203,45.493507385253906,45.01298522949219,45.45454406738281,1441132,2026-09-25
2007-12-10,31.782428741455078,45.675323486328125,45.89610290527344,45.415584564208984,45.701297760009766,1432970,2026-09-25
2007-12-11,30.336530685424805,43.59740447998047,45.71428680419922,43.558441162109375,45.649349212646484,1629705,2026-09-25
2007-12-12,31.050443649291992,44.62337875366211,44.81818389892578,44.01298522949219,44.74026107788086,2029874,2026-09-25
2007-12-13,31.375783920288086,45.09090805053711,45.3636360168457,44.42856979370117,45.16883087158203,1362977,2026-09-25
2007-12-14,30.923938751220703,44.441558837890625,44.97402572631836,44.441558837890625,44.81818389892578,793562,2026-09-25
2007-12-17,29.866626739501953,42.92207717895508,44.324676513671875,42.83116912841797,44.18181610107422,2463461,2026-09-25
2007-12-18,29.703956604003906,42.68831253051758,43.493507385253906,42.272727966308594,43.33766174316406,3109722,2026-09-25
2007-12-19,29.324420928955078,42.14285659790039,43.24675369262695,41.584415435791016,42.844154357910156,2897664,2026-09-25
2007-12-20,28.88161277770996,41.506492614746094,42.01298522949219,41.22077941894531,42.01298522949219,2459611,2026-09-25
2007-12-21,28.872577667236328,41.493507385253906,41.79220962524414,41.40259552001953,41.675323486328125,1663970,2026-09-25
2007-12-24,28.99909210205078,41.675323486328125,41.75324630737305,41.19480514526367,41.493507385253906,604450,2026-09-25
2007-12-26,28.99005889892578,41.66233825683594,41.81818389892578,41.298702239990234,41.37662124633789,919765,2026-09-25
2007-12-27,28.402666091918945,40.81818389892578,41.62337875366211,40.675323486328125,41.59740447998047,1042811,2026-09-25
2007-12-28,28.54724884033203,41.02597427368164,41.467533111572266,40.90909194946289,41.3636360168457,523600,2026-09-25
2007-12-31,28.276159286499023,40.6363639831543,41.22077941894531,40.532466888427734,41.06493377685547,869330,2026-09-25
2008-01-02,27.535133361816406,39.57143020629883,40.80519485473633,39.51948165893555,40.79220962524414,3233230,2026-09-25
2008-01-03,27.065217971801758,38.89610290527344,39.45454406738281,38.88311767578125,39.350650787353516,2813580,2026-09-25
2008-01-04,25.510892868041992,36.66233825683594,39.0,36.558441162109375,38.98701477050781,4516435,2026-09-25
2008-01-07,25.456674575805664,36.584415435791016,36.649349212646484,35.92207717895508,36.11688232421875,3543848,2026-09-25
2008-01-08,25.17652130126953,36.18181610107422,37.51948165893555,36.07792282104492,37.1298713684082,1725878,2026-09-25
2008-01-09,25.565107345581055,36.74026107788086,36.83116912841797,35.77922058105469,36.272727966308594,2934162,2026-09-25
2008-01-10,25.095190048217773,36.06493377685547,36.25973892211914,35.441558837890625,35.649349212646484,1520981,2026-09-25
2008-01-11,24.290925979614258,34.90909194946289,35.37662124633789,34.7662353515625,34.90909194946289,1332177,2026-09-25
2008-01-14,25.565107345581055,36.74026107788086,36.8701286315918,36.10389709472656,36.3636360168457,2335564,2026-09-25
2008-01-15,24.905426025390625,35.79220962524414,36.28571319580078,35.28571319580078,36.09090805053711,2262645,2026-09-25
2008-01-16,23.13420867919922,33.24675369262695,34.415584564208984,31.96103858947754,32.324676513671875,11054967,2026-09-25
2008-01-17,23.16132354736328,33.28571319580078,34.79220962524414,33.24675369262695,33.97402572631836,3155768,2026-09-25
2008-01-18,23.46857452392578,33.727272033691406,33.94805145263672,32.98701477050781,33.25973892211914,4578189,2026-09-25
2008-01-22,23.052881240844727,33.1298713684082,33.45454406738281,31.89610481262207,31.90909194946289,2986060,2026-09-25
2008-01-23,23.875228881835938,34.31168746948242,34.31168746948242,31.98701286315918,32.298702239990234,2657886,2026-09-25
2008-01-24,25.953691482543945,37.298702239990234,37.37662124633789,35.42856979370117,35.42856979370117,5623695,2026-09-25
2008-01-25,24.878313064575195,35.75324630737305,37.62337875366211,35.62337875366211,37.467533111572266,1572186,2026-09-25
2008-01-28,25.013864517211914,35.94805145263672,35.97402572631836,35.20779037475586,35.467533111572266,1567643,2026-09-25
2008-01-29,24.68854331970215,35.48051834106445,35.88311767578125,35.16883087158203,35.79220962524414,1094247,2026-09-25
2008-01-30,24.02884864807129,34.532466888427734,35.298702239990234,33.96104049682617,34.40259552001953,3070067,2026-09-25
2008-01-31,24.02884864807129,34.532466888427734,34.80519485473633,33.06493377685547,33.06493377685547,3470467,2026-09-25
2008-02-01,25.257858276367188,36.298702239990234,36.350650787353516,34.59740447998047,34.701297760009766,2113881,2026-09-25
2008-02-04,24.16440200805664,34.727272033691406,35.19480514526367,34.6363639831543,34.85714340209961,2520210,2026-09-25
2008-02-05,22.772741317749023,32.727272033691406,33.90909194946289,32.68831253051758,33.558441162109375,3378067,2026-09-25
2008-02-06,22.772741317749023,32.727272033691406,33.57143020629883,32.610389709472656,33.0,1394239,2026-09-25
2008-02-07,22.673330307006836,32.584415435791016,32.80519485473633,31.72727394104004,31.84415626525879,2315929,2026-09-25
2008-02-08,22.438373565673828,32.24675369262695,32.558441162109375,31.88311767578125,32.09090805053711,3108105,2026-09-25
2008-02-11,22.564889907836914,32.42856979370117,32.59740447998047,32.06493377685547,32.16883087158203,2678445,2026-09-25
2008-02-12,22.03171730041504,31.662338256835938,32.22077941894531,31.597402572631836,31.94805145263672,2470622,2026-09-25
2008-02-13,23.631235122680664,33.96104049682617,34.24675369262695,32.62337875366211,32.62337875366211,3406711,2026-09-25
2008-02-14,22.96251106262207,33.0,34.05194854736328,32.98701477050781,34.0,789327,2026-09-25
2008-02-15,22.348007202148438,32.11688232421875,32.45454406738281,31.87013053894043,32.37662124633789,1584429,2026-09-25
2008-02-19,22.375123977661133,32.155845642089844,32.89610290527344,32.07792282104492,32.83116912841797,1086085,2026-09-25
2008-02-20,22.50163459777832,32.33766174316406,32.506492614746094,31.623376846313477,31.85714340209961,1351427,2026-09-25
2008-02-21,22.28474998474121,32.02597427368164,32.97402572631836,31.94805145263672,32.71428680419922,2353043,2026-09-25
2008-02-22,22.447410583496094,32.25973892211914,32.25973892211914,31.480518341064453,32.1298713684082,1622852,2026-09-25
2008-02-25,22.375123977661133,32.155845642089844,32.272727966308594,31.597402572631836,32.03895950317383,1639561,2026-09-25
2008-02-26,22.836000442504883,32.81818389892578,33.20779037475586,32.18181610107422,32.25973892211914,1708938,2026-09-25
2008-02-27,23.07094955444336,33.155845642089844,33.350650787353516,32.74026107788086,32.89610290527344,1830752,2026-09-25
2008-02-28,22.60103988647461,32.48051834106445,33.02597427368164,32.24675369262695,33.0,1521751,2026-09-25
2008-02-29,21.7606143951416,31.27272605895996,31.83116912841797,31.14285659790039,31.72727394104004,1536535,2026-09-25
2008-03-03,21.7877254486084,31.311687469482422,31.571428298950195,30.81818199157715,31.0,3274194,2026-09-25
2008-03-04,21.24551773071289,30.532468795776367,30.7012996673584,29.85714340209961,30.480518341064453,1959111,2026-09-25
2008-03-05,21.579879760742188,31.01298713684082,31.324674606323242,30.610389709472656,30.740259170532227,2147915,2026-09-25
2008-03-06,21.381071090698242,30.72727394104004,31.324674606323242,30.675325393676758,31.246753692626953,1456378,2026-09-25
2008-03-07,21.534690856933594,30.94805145263672,31.584415435791016,30.571428298950195,30.688312530517578,971355,2026-09-25
2008-03-10,21.399139404296875,30.753246307373047,31.259740829467773,30.7012996673584,31.207792282104492,1345036,2026-09-25
2008-03-11,21.950387954711914,31.545455932617188,31.623376846313477,30.766233444213867,31.506494522094727,911141,2026-09-25
2008-03-12,21.52565574645996,30.9350643157959,31.506494522094727,30.89610481262207,31.428571701049805,908908,2026-09-25
2008-03-13,21.534690856933594,30.94805145263672,31.14285659790039,29.805194854736328,30.0649356842041,2437435,2026-09-25
2008-03-14,20.522571563720703,29.493505477905273,30.89610481262207,29.14285659790039,30.84415626525879,3567718,2026-09-25
2008-03-17,20.088809967041016,28.87013053894043,29.480518341064453,28.363636016845703,28.84415626525879,1783782,2026-09-25
2008-03-18,21.055755615234375,30.259740829467773,30.454544067382812,29.311687469482422,29.324674606323242,2866325,2026-09-25
2008-03-19,20.197250366210938,29.02597427368164,30.0,29.02597427368164,29.402597427368164,3026639,2026-09-25
2008-03-20,20.784645080566406,29.87013053894043,29.90909194946289,28.97402572631836,29.15584373474121,1345575,2026-09-25
2008-03-24,21.507585525512695,30.90909194946289,31.441558837890625,29.90909194946289,30.14285659790039,1126587,2026-09-25
2008-03-25,21.67928695678711,31.15584373474121,31.376623153686523,30.675325393676758,31.0,1003926,2026-09-25
2008-03-26,21.63410186767578,31.09090805053711,31.311687469482422,30.83116912841797,31.12986946105957,1496957,2026-09-25
2008-03-27,21.263591766357422,30.558441162109375,31.324674606323242,30.558441162109375,31.311687469482422,2404017,2026-09-25
2008-03-28,21.561809539794922,30.98701286315918,31.363636016845703,30.81818199157715,31.02597427368164,2931467,2026-09-25
2008-03-31,22.420303344726562,32.22077941894531,32.350650787353516,31.571428298950195,31.649351119995117,1851080,2026-09-25
2008-04-01,23.45953369140625,33.71428680419922,33.844154357910156,32.75324630737305,32.88311767578125,2747976,2026-09-25
2008-04-02,24.037893295288086,34.54545593261719,34.701297760009766,33.57143020629883,33.75324630737305,2959341,2026-09-25
2008-04-03,23.685453414916992,34.03895950317383,34.3636360168457,33.467533111572266,33.493507385253906,2241162,2026-09-25
2008-04-04,23.694488525390625,34.05194854736328,34.31168746948242,33.506492614746094,33.77922058105469,2021173,2026-09-25
2008-04-07,24.089570999145508,34.1298713684082,34.532466888427734,33.75324630737305,33.75324630737305,1604141,2026-09-25
2008-04-08,22.70542335510254,32.16883087158203,32.272727966308594,31.81818199157715,32.18181610107422,5870480,2026-09-25
2008-04-09,22.641260147094727,32.07792282104492,32.25973892211914,31.597402572631836,32.14285659790039,4057284,2026-09-25
2008-04-10,22.77875518798828,32.272727966308594,32.81818389892578,31.454544067382812,31.72727394104004,2182719,2026-09-25
2008-04-11,21.98126983642578,31.14285659790039,31.922077178955078,30.98701286315918,31.83116912841797,1238776,2026-09-25
2008-04-14,22.0179386138916,31.194805145263672,31.623376846313477,31.077922821044922,31.28571319580078,1348424,2026-09-25
2008-04-15,22.45793342590332,31.81818199157715,31.87013053894043,31.0649356842041,31.662338256835938,1969814,2026-09-25
2008-04-16,24.951213836669922,35.350650787353516,35.506492614746094,33.11688232421875,33.11688232421875,6750590,2026-09-25
2008-04-17,25.46454429626465,36.07792282104492,36.28571319580078,34.97402572631836,35.02597427368164,5242006,2026-09-25
2008-04-18,25.913700103759766,36.71428680419922,36.71428680419922,36.1298713684082,36.506492614746094,3475472,2026-09-25
2008-04-21,25.427879333496094,36.02597427368164,36.11688232421875,35.727272033691406,35.89610290527344,2244935,2026-09-25
2008-04-22,25.3087100982666,35.85714340209961,35.98701477050781,35.272727966308594,35.584415435791016,3527832,2026-09-25
2008-04-23,27.022842407226562,38.28571319580078,38.51948165893555,36.8701286315918,36.8701286315918,4170551,2026-09-25
2008-04-24,26.802852630615234,37.97402572631836,38.3636360168457,37.16883087158203,37.506492614746094,4750438,2026-09-25
2008-04-25,26.94034767150879,38.16883087158203,38.54545593261719,37.48051834106445,38.54545593261719,2880416,2026-09-25
2008-04-28,26.18869400024414,37.10389709472656,37.88311767578125,37.07792282104492,37.7662353515625,2855622,2026-09-25
2008-04-29,25.803701400756836,36.558441162109375,36.8701286315918,36.2337646484375,36.77922058105469,3166625,2026-09-25
2008-04-30,25.99620246887207,36.83116912841797,37.350650787353516,36.57143020629883,36.83116912841797,1331407,2026-09-25
2008-05-01,26.509523391723633,37.558441162109375,37.89610290527344,36.62337875366211,37.14285659790039,1195271,2026-09-25
2008-05-02,27.123680114746094,38.42856979370117,38.584415435791016,38.05194854736328,38.05194854736328,1290597,2026-09-25
2008-05-05,26.436189651489258,37.45454406738281,37.85714340209961,37.350650787353516,37.75324630737305,1859242,2026-09-25
2008-05-06,27.206180572509766,38.54545593261719,38.727272033691406,37.75324630737305,37.83116912841797,3037573,2026-09-25
2008-05-07,27.142011642456055,38.45454406738281,39.324676513671875,38.272727966308594,39.11688232421875,5066908,2026-09-25
2008-05-08,27.050350189208984,38.324676513671875,38.415584564208984,37.85714340209961,38.16883087158203,3444672,2026-09-25
2008-05-09,26.720354080200195,37.85714340209961,38.272727966308594,37.75324630737305,37.97402572631836,1334179,2026-09-25
2008-05-12,26.84868812561035,38.03895950317383,38.20779037475586,37.7662353515625,37.8701286315918,2912063,2026-09-25
2008-05-13,26.73868179321289,37.88311767578125,37.98701477050781,37.493507385253906,37.584415435791016,3516205,2026-09-25
2008-05-14,26.95867919921875,38.19480514526367,38.675323486328125,38.03895950317383,38.24675369262695,2464000,2026-09-25
2008-05-15,27.64617347717285,39.16883087158203,39.19480514526367,38.506492614746094,38.649349212646484,3213056,2026-09-25
2008-05-16,27.77450180053711,39.350650787353516,39.467533111572266,38.415584564208984,39.14285659790039,2211517,2026-09-25
2008-05-19,27.325347900390625,38.71428680419922,39.415584564208984,38.584415435791016,39.20779037475586,1611841,2026-09-25
2008-05-20,27.444503784179688,38.88311767578125,38.97402572631836,38.42856979370117,38.441558837890625,2184182,2026-09-25
2008-05-21,27.050350189208984,38.324676513671875,39.05194854736328,38.298702239990234,38.66233825683594,1611302,2026-09-25
2008-05-22,27.261180877685547,38.62337875366211,39.28571319580078,38.155845642089844,38.79220962524414,2014012,2026-09-25
2008-05-23,26.62868881225586,37.727272033691406,37.93506622314453,37.25973892211914,37.610389709472656,4148144,2026-09-25
2008-05-27,27.096176147460938,38.389610290527344,38.42856979370117,37.675323486328125,37.675323486328125,1657579,2026-09-25
2008-05-28,27.21534538269043,38.558441162109375,38.66233825683594,38.03895950317383,38.57143020629883,1159312,2026-09-25
2008-05-29,27.15117835998535,38.467533111572266,38.584415435791016,37.8701286315918,37.89610290527344,1078847,2026-09-25
2008-05-30,27.462839126586914,38.90909194946289,38.98701477050781,38.57143020629883,38.68831253051758,805035,2026-09-25
2008-06-02,26.711185455322266,37.844154357910156,38.155845642089844,37.59740447998047,37.93506622314453,1213135,2026-09-25
2008-06-03,26.876188278198242,38.07792282104492,38.54545593261719,37.81818389892578,38.389610290527344,1013166,2026-09-25
2008-06-04,26.91284942626953,38.1298713684082,38.701297760009766,37.844154357910156,37.8701286315918,1412180,2026-09-25
2008-06-05,26.766183853149414,37.92207717895508,38.07792282104492,37.48051834106445,38.0,1519287,2026-09-25
2008-06-06,25.638708114624023,36.324676513671875,37.20779037475586,36.324676513671875,37.19480514526367,1235773,2026-09-25
2008-06-09,25.455379486083984,36.06493377685547,36.90909194946289,35.584415435791016,36.844154357910156,1170400,2026-09-25
2008-06-10,24.722055435180664,35.02597427368164,35.28571319580078,34.75324630737305,35.01298522949219,2511740,2026-09-25
2008-06-11,24.529558181762695,34.75324630737305,35.350650787353516,34.68831253051758,35.31168746948242,1228150,2026-09-25
2008-06-12,24.850387573242188,35.20779037475586,35.74026107788086,35.05194854736328,35.09090805053711,1413720,2026-09-25
2008-06-13,25.00621223449707,35.42856979370117,35.701297760009766,35.05194854736328,35.2337646484375,1058827,2026-09-25
2008-06-16,25.629541397094727,36.31168746948242,36.42856979370117,35.7662353515625,35.77922058105469,1007930,2026-09-25
2008-06-17,25.56537437438965,36.22077941894531,36.96104049682617,36.16883087158203,36.93506622314453,1084622,2026-09-25
2008-06-18,24.66705322265625,34.94805145263672,35.68831253051758,34.93506622314453,35.389610290527344,2090704,2026-09-25
2008-06-19,23.897071838378906,33.85714340209961,34.18181610107422,32.85714340209961,34.09090805053711,5727183,2026-09-25
2008-06-20,22.742097854614258,32.22077941894531,33.1298713684082,32.1298713684082,33.05194854736328,3318469,2026-09-25
2008-06-23,22.366262435913086,31.688312530517578,32.467533111572266,31.623376846313477,32.272727966308594,2362437,2026-09-25
2008-06-24,22.870426177978516,32.40259552001953,33.467533111572266,32.31168746948242,33.2337646484375,7311843,2026-09-25
2008-06-25,22.916250228881836,32.467533111572266,32.88311767578125,32.07792282104492,32.16883087158203,5355658,2026-09-25
2008-06-26,22.210433959960938,31.467531204223633,32.28571319580078,31.402597427368164,32.22077941894531,2171400,2026-09-25
2008-06-27,22.531261444091797,31.922077178955078,32.11688232421875,31.15584373474121,31.493505477905273,3105718,2026-09-25
2008-06-30,22.366262435913086,31.688312530517578,32.11688232421875,31.662338256835938,31.89610481262207,1441209,2026-09-25
2008-07-01,22.421262741088867,31.766233444213867,31.97402572631836,30.98701286315918,31.246753692626953,3435894,2026-09-25
2008-07-02,21.522945404052734,30.493505477905273,31.94805145263672,30.467531204223633,31.88311767578125,2773155,2026-09-25
2008-07-03,21.862106323242188,30.97402572631836,31.441558837890625,30.636363983154297,31.246753692626953,1719718,2026-09-25
2008-07-07,21.843769073486328,30.94805145263672,31.532468795776367,30.545455932617188,31.233766555786133,1271578,2026-09-25
2008-07-08,21.00962257385254,29.766233444213867,30.363636016845703,29.532468795776367,30.03896141052246,4000381,2026-09-25
2008-07-09,20.75296401977539,29.402597427368164,30.506494522094727,29.402597427368164,30.467531204223633,2507967,2026-09-25
2008-07-10,20.899625778198242,29.610389709472656,29.72727394104004,29.09090805053711,29.220779418945312,2059596,2026-09-25
2008-07-11,20.789627075195312,29.454544067382812,29.84415626525879,29.02597427368164,29.337661743164062,2747976,2026-09-25
2008-07-14,20.98212432861328,29.72727394104004,29.97402572631836,29.480518341064453,29.72727394104004,1979285,2026-09-25
2008-07-15,21.632951736450195,30.649351119995117,31.688312530517578,29.766233444213867,30.571428298950195,4115034,2026-09-25
2008-07-16,20.83546257019043,29.519481658935547,30.2987003326416,27.96103858947754,28.402597427368164,11241076,2026-09-25
2008-07-17,21.357952117919922,30.259740829467773,30.389610290527344,29.15584373474121,29.610389709472656,5050507,2026-09-25
2008-07-18,21.56878089904785,30.558441162109375,30.81818199157715,29.675325393676758,30.415584564208984,1886962,2026-09-25
2008-07-21,21.75210952758789,30.81818199157715,31.27272605895996,30.675325393676758,31.16883087158203,2516206,2026-09-25
2008-07-22,21.266277313232422,30.12986946105957,30.532468795776367,29.688312530517578,29.85714340209961,2666048,2026-09-25
2008-07-23,21.137950897216797,29.94805145263672,30.636363983154297,29.81818199157715,30.12986946105957,2535995,2026-09-25
2008-07-24,20.459632873535156,28.98701286315918,29.636363983154297,28.792207717895508,29.597402572631836,2926847,2026-09-25
2008-07-25,20.98212432861328,29.72727394104004,30.0,29.376623153686523,29.558441162109375,1666126,2026-09-25
2008-07-28,20.615463256835938,29.207792282104492,30.0,29.12986946105957,29.97402572631836,1628627,2026-09-25
2008-07-29,21.192947387695312,30.02597427368164,30.077922821044922,29.402597427368164,29.506494522094727,1951796,2026-09-25
2008-07-30,21.56878089904785,30.558441162109375,30.81818199157715,30.220779418945312,30.246753692626953,2384459,2026-09-25
2008-07-31,20.890459060668945,29.597402572631836,30.441558837890625,29.519481658935547,29.83116912841797,3346035,2026-09-25
2008-08-01,20.578794479370117,29.15584373474121,29.83116912841797,29.03896141052246,29.779220581054688,2003463,2026-09-25
2008-08-04,20.80795669555664,29.480518341064453,29.779220581054688,29.441558837890625,29.610389709472656,1917377,2026-09-25
2008-08-05,22.06376838684082,31.259740829467773,31.311687469482422,30.402597427368164,30.558441162109375,1957340,2026-09-25
2008-08-06,22.182941436767578,31.428571701049805,31.558441162109375,31.03896141052246,31.506494522094727,2695385,2026-09-25
2008-08-07,22.16460418701172,31.402597427368164,31.9350643157959,31.246753692626953,31.441558837890625,1074150,2026-09-25
2008-08-08,21.98126983642578,31.14285659790039,31.259740829467773,29.83116912841797,29.88311767578125,2463538,2026-09-25
2008-08-11,22.448762893676758,31.805194854736328,32.07792282104492,31.428571701049805,31.467531204223633,1888810,2026-09-25
2008-08-12,22.760421752929688,32.24675369262695,32.45454406738281,31.83116912841797,32.155845642089844,1992606,2026-09-25
2008-08-13,23.099580764770508,32.727272033691406,32.8701286315918,32.31168746948242,32.42856979370117,1700776,2026-09-25
2008-08-14,22.57710075378418,31.98701286315918,32.20779037475586,31.779220581054688,31.84415626525879,2348423,2026-09-25
2008-08-15,22.595426559448242,32.01298522949219,32.155845642089844,31.675325393676758,31.94805145263672,932932,2026-09-25
2008-08-18,22.027103424072266,31.207792282104492,31.7012996673584,30.792207717895508,31.441558837890625,1010317,2026-09-25
2008-08-19,21.449617385864258,30.389610290527344,30.87013053894043,30.246753692626953,30.636363983154297,1901977,2026-09-25
2008-08-20,21.202119827270508,30.03896141052246,30.467531204223633,29.805194854736328,30.337661743164062,1812349,2026-09-25
2008-08-21,21.669612884521484,30.7012996673584,30.87013053894043,30.16883087158203,30.2987003326416,2339183,2026-09-25
2008-08-22,21.614604949951172,30.623376846313477,30.85714340209961,30.415584564208984,30.545455932617188,980749,2026-09-25
2008-08-25,21.385446548461914,30.2987003326416,30.805194854736328,30.2987003326416,30.740259170532227,1083852,2026-09-25
2008-08-26,21.75210952758789,30.81818199157715,31.10389518737793,30.597402572631836,30.90909194946289,1201354,2026-09-25
2008-08-27,22.192100524902344,31.441558837890625,31.480518341064453,30.7012996673584,30.85714340209961,2194654,2026-09-25
2008-08-28,22.46709632873535,31.83116912841797,31.97402572631836,31.675325393676758,31.89610481262207,1074458,2026-09-25
2008-08-29,21.67878532409668,30.71428680419922,31.363636016845703,30.662338256835938,31.28571319580078,1287440,2026-09-25
2008-09-02,21.990442276000977,31.15584373474121,32.03895950317383,30.97402572631836,31.96103858947754,1944943,2026-09-25
2008-09-03,21.16545295715332,29.98701286315918,30.84415626525879,29.87013053894043,30.649351119995117,2047892,2026-09-25
2008-09-04,20.129640579223633,28.519481658935547,29.337661743164062,28.389610290527344,29.09090805053711,1962345,2026-09-25
2008-09-05,20.065475463867188,28.428571701049805,28.584415435791016,27.623376846313477,27.662338256835938,3091011,2026-09-25
2008-09-08,19.863811492919922,28.14285659790039,28.7012996673584,27.584415435791016,28.519481658935547,2583350,2026-09-25
2008-09-09,19.203824996948242,27.207792282104492,27.97402572631836,27.09090805053711,27.753246307373047,2509122,2026-09-25
2008-09-10,19.350486755371094,27.415584564208984,27.7012996673584,27.03896141052246,27.324674606323242,4072453,2026-09-25
2008-09-11,19.258821487426758,27.28571319580078,27.350648880004883,26.636363983154297,26.740259170532227,3307150,2026-09-25
2008-09-12,18.37883949279785,26.03896141052246,26.467531204223633,25.740259170532227,26.467531204223633,4132359,2026-09-25
2008-09-15,18.09467887878418,25.636363983154297,26.363636016845703,25.558441162109375,25.72727394104004,4127508,2026-09-25
2008-09-16,18.873823165893555,26.740259170532227,26.88311767578125,25.7012996673584,25.7012996673584,4056899,2026-09-25
2008-09-17,17.56302261352539,24.88311767578125,25.506494522094727,24.311687469482422,25.246753692626953,4416258,2026-09-25
2008-09-18,18.351335525512695,26.0,26.337661743164062,24.675325393676758,25.27272605895996,3129742,2026-09-25
2008-09-19,19.304655075073242,27.350648880004883,28.16883087158203,27.077922821044922,27.350648880004883,3518438,2026-09-25
2008-09-22,18.204673767089844,25.792207717895508,27.01298713684082,25.779220581054688,26.87013053894043,3211439,2026-09-25
2008-09-23,17.434688568115234,24.7012996673584,25.98701286315918,24.649351119995117,25.98701286315918,2673055,2026-09-25
2008-09-24,17.205520629882812,24.376623153686523,24.90909194946289,24.246753692626953,24.89610481262207,3763914,2026-09-25
2008-09-25,17.242191314697266,24.428571701049805,24.96103858947754,24.337661743164062,24.922077178955078,3050971,2026-09-25
2008-09-26,17.095523834228516,24.220779418945312,24.441558837890625,23.779220581054688,23.81818199157715,5506963,2026-09-25
2008-09-29,14.932235717773438,21.15584373474121,23.05194854736328,20.94805145263672,22.96103858947754,5112184,2026-09-25
2008-09-30,16.1422119140625,22.87013053894043,23.05194854736328,22.415584564208984,22.88311767578125,3232999,2026-09-25
2008-10-01,16.362207412719727,23.18181800842285,23.324674606323242,22.597402572631836,23.0,1906289,2026-09-25
2008-10-02,15.583052635192871,22.077922821044922,23.324674606323242,22.077922821044922,23.311687469482422,3099943,2026-09-25
2008-10-03,15.372220039367676,21.779220581054688,22.9350643157959,21.766233444213867,22.194805145263672,2720949,2026-09-25
2008-10-06,14.739734649658203,20.88311767578125,21.90909194946289,19.90909194946289,21.81818199157715,3930927,2026-09-25
2008-10-07,13.94225025177002,19.753246307373047,21.87013053894043,19.753246307373047,21.805194854736328,2493876,2026-09-25
2008-10-08,14.253908157348633,20.194805145263672,21.428571701049805,19.636363983154297,20.571428298950195,5473545,2026-09-25
2008-10-09,13.438094139099121,19.03896141052246,20.90909194946289,18.83116912841797,20.85714340209961,2692921,2026-09-25
2008-10-10,13.548088073730469,19.194805145263672,20.10389518737793,18.0649356842041,19.077922821044922,3991218,2026-09-25
2008-10-13,14.785564422607422,20.94805145263672,21.0,19.584415435791016,20.376623153686523,2072994,2026-09-25
2008-10-14,13.41059398651123,19.0,20.337661743164062,18.584415435791016,20.15584373474121,3803107,2026-09-25
2008-10-15,13.603090286254883,19.27272605895996,20.402597427368164,18.454544067382812,18.454544067382812,8365049,2026-09-25
2008-10-16,14.373077392578125,20.363636016845703,20.480518341064453,18.467531204223633,19.532468795776367,4248244,2026-09-25
2008-10-17,14.043082237243652,19.89610481262207,21.363636016845703,19.03896141052246,19.467531204223633,3512509,2026-09-25
2008-10-20,15.628884315490723,22.14285659790039,22.402597427368164,20.480518341064453,20.558441162109375,6019706,2026-09-25
2008-10-21,14.501408576965332,20.545455932617188,21.72727394104004,20.519481658935547,21.0649356842041,2646644,2026-09-25
2008-10-22,13.364757537841797,18.9350643157959,20.27272605895996,18.571428298950195,19.922077178955078,2466772,2026-09-25
2008-10-23,13.988080024719238,19.81818199157715,20.077922821044922,18.779220581054688,19.688312530517578,4435200,2026-09-25
2008-10-24,14.363907814025879,20.350648880004883,20.90909194946289,18.363636016845703,18.441558837890625,3636325,2026-09-25
2008-10-27,14.363907814025879,20.350648880004883,21.415584564208984,20.18181800842285,21.15584373474121,3375757,2026-09-25
2008-10-28,15.491388320922852,21.94805145263672,21.97402572631836,19.87013053894043,20.649351119995117,2732422,2026-09-25
2008-10-29,15.216394424438477,21.558441162109375,22.194805145263672,21.15584373474121,21.415584564208984,3624775,2026-09-25
2008-10-30,15.601387023925781,22.10389518737793,22.28571319580078,21.259740829467773,21.88311767578125,1769152,2026-09-25
2008-10-31,16.087209701538086,22.792207717895508,23.259740829467773,21.376623153686523,21.480518341064453,2531683,2026-09-25
2008-11-03,16.22470474243164,22.98701286315918,23.09090805053711,22.363636016845703,22.584415435791016,3595900,2026-09-25
2008-11-04,17.26968765258789,24.467531204223633,24.766233444213867,23.415584564208984,23.610389709472656,3115420,2026-09-25
2008-11-05,15.903886795043945,22.532468795776367,23.98701286315918,22.467531204223633,23.467531204223633,2670052,2026-09-25
2008-11-06,14.41891098022461,20.428571701049805,22.220779418945312,20.350648880004883,22.0,3243240,2026-09-25
2008-11-07,15.188892364501953,21.519481658935547,21.96103858947754,20.94805145263672,21.2987003326416,3196347,2026-09-25
2008-11-10,15.042229652404785,21.311687469482422,22.675325393676758,21.09090805053711,22.662338256835938,2271038,2026-09-25
2008-11-11,14.345573425292969,20.324674606323242,21.12986946105957,20.16883087158203,21.077922821044922,2352119,2026-09-25
2008-11-12,13.483926773071289,19.10389518737793,19.84415626525879,19.01298713684082,19.311687469482422,2550702,2026-09-25
2008-11-13,14.638903617858887,20.740259170532227,20.753246307373047,18.194805145263672,18.9350643157959,2997148,2026-09-25
2008-11-14,13.813918113708496,19.571428298950195,20.428571701049805,19.27272605895996,19.363636016845703,1798489,2026-09-25
2008-11-17,13.282261848449707,18.81818199157715,19.558441162109375,18.779220581054688,19.376623153686523,1175559,2026-09-25
2008-11-18,13.337261199951172,18.89610481262207,19.27272605895996,18.27272605895996,18.766233444213867,1999074,2026-09-25
2008-11-19,12.154778480529785,17.220779418945312,18.7012996673584,17.220779418945312,18.428571701049805,2267419,2026-09-25
2008-11-20,11.604793548583984,16.441558837890625,18.01298713684082,16.415584564208984,17.11688232421875,2694461,2026-09-25
2008-11-21,12.631440162658691,17.89610481262207,17.94805145263672,16.792207717895508,17.922077178955078,3247860,2026-09-25
2008-11-24,13.749752044677734,19.480518341064453,19.805194854736328,18.337661743164062,18.636363983154297,1719949,2026-09-25
2008-11-25,13.648918151855469,19.337661743164062,19.779220581054688,18.85714340209961,19.779220581054688,1955415,2026-09-25
2008-11-26,14.373077392578125,20.363636016845703,20.389610290527344,19.02597427368164,19.14285659790039,1696772,2026-09-25
2008-11-28,14.052247047424316,19.90909194946289,19.90909194946289,19.441558837890625,19.480518341064453,471394,2026-09-25
2008-12-01,12.603943824768066,17.85714340209961,18.753246307373047,17.85714340209961,18.623376846313477,1895663,2026-09-25
2008-12-02,12.998101234436035,18.415584564208984,18.688312530517578,17.805194854736328,18.0649356842041,2228534,2026-09-25
2008-12-03,13.227262496948242,18.740259170532227,18.84415626525879,17.72727394104004,17.72727394104004,2242317,2026-09-25
2008-12-04,12.888099670410156,18.259740829467773,18.792207717895508,18.0,18.27272605895996,2399474,2026-09-25
2008-12-05,12.988934516906738,18.402597427368164,18.506494522094727,17.610389709472656,18.03896141052246,3379068,2026-09-25
2008-12-08,13.254761695861816,18.779220581054688,18.96103858947754,18.16883087158203,18.233766555786133,2620772,2026-09-25
2008-12-09,13.548088073730469,19.194805145263672,19.688312530517578,18.2987003326416,18.428571701049805,2692998,2026-09-25
2008-12-10,14.721405029296875,20.85714340209961,21.233766555786133,19.89610481262207,20.194805145263672,3235386,2026-09-25
2008-12-11,14.556405067443848,20.623376846313477,21.532468795776367,20.2987003326416,21.03896141052246,1655038,2026-09-25
2008-12-12,15.069726943969727,21.350648880004883,21.467531204223633,20.441558837890625,20.441558837890625,2239468,2026-09-25
2008-12-15,15.399720191955566,21.81818199157715,21.98701286315918,21.246753692626953,21.94805145263672,2463538,2026-09-25
2008-12-16,15.958877563476562,22.610389709472656,22.675325393676758,21.480518341064453,21.753246307373047,2881417,2026-09-25
2008-12-17,15.894720077514648,22.519481658935547,22.94805145263672,21.88311767578125,21.88311767578125,2859703,2026-09-25
2008-12-18,15.693052291870117,22.233766555786133,23.363636016845703,21.81818199157715,22.94805145263672,4435816,2026-09-25
2008-12-19,15.968046188354492,22.623376846313477,22.85714340209961,22.337661743164062,22.688312530517578,1892121,2026-09-25
2008-12-22,15.766385078430176,22.337661743164062,22.87013053894043,21.922077178955078,22.87013053894043,1735503,2026-09-25
2008-12-23,15.903886795043945,22.532468795776367,23.01298713684082,22.402597427368164,22.90909194946289,1618771,2026-09-25
2008-12-24,15.940546035766602,22.584415435791016,22.779220581054688,22.428571701049805,22.428571701049805,466928,2026-09-25
2008-12-26,16.013879776000977,22.688312530517578,22.805194854736328,22.519481658935547,22.519481658935547,375760,2026-09-25
2008-12-29,15.748048782348633,22.311687469482422,22.740259170532227,22.11688232421875,22.662338256835938,1222606,2026-09-25
2008-12-30,16.40804100036621,23.246753692626953,23.350648880004883,22.584415435791016,22.84415626525879,874797,2026-09-25
2008-12-31,16.563871383666992,23.467531204223633,23.558441162109375,23.077922821044922,23.14285659790039,1101331,2026-09-25
2009-01-02,16.683032989501953,23.636363983154297,23.740259170532227,22.740259170532227,22.98701286315918,2020865,2026-09-25
2009-01-05,16.609703063964844,23.532468795776367,23.72727394104004,23.077922821044922,23.11688232421875,1298528,2026-09-25
2009-01-06,17.00385856628418,24.09090805053711,24.324674606323242,23.597402572631836,23.740259170532227,2097403,2026-09-25
2009-01-07,16.252208709716797,23.02597427368164,23.454544067382812,22.72727394104004,23.194805145263672,1948485,2026-09-25
2009-01-08,16.38054084777832,23.207792282104492,23.207792282104492,22.532468795776367,23.10389518737793,1676675,2026-09-25
2009-01-09,15.473057746887207,21.922077178955078,22.623376846313477,21.84415626525879,22.571428298950195,1437128,2026-09-25
2009-01-12,14.895565032958984,21.10389518737793,21.454544067382812,20.90909194946289,21.2987003326416,1547931,2026-09-25
2009-01-13,15.014732360839844,21.27272605895996,21.610389709472656,20.87013053894043,20.90909194946289,2116422,2026-09-25
2009-01-14,14.27224063873291,20.220779418945312,20.740259170532227,20.05194854736328,20.649351119995117,2965347,2026-09-25
2009-01-15,15.161392211914062,21.480518341064453,21.740259170532227,20.675325393676758,20.98701286315918,3920994,2026-09-25
2009-01-16,15.31722640991211,21.7012996673584,22.0649356842041,21.02597427368164,22.0649356842041,2281356,2026-09-25
2009-01-20,14.620570182800293,20.71428680419922,21.597402572631836,20.649351119995117,21.441558837890625,1737813,2026-09-25
2009-01-21,15.179728507995605,21.506494522094727,21.597402572631836,20.675325393676758,21.402597427368164,2150610,2026-09-25
2009-01-22,14.602238655090332,20.688312530517578,21.03896141052246,20.28571319580078,20.428571701049805,1610840,2026-09-25
2009-01-23,14.86806583404541,21.0649356842041,21.246753692626953,19.662338256835938,19.675325393676758,2391235,2026-09-25
2009-01-26,14.904729843139648,21.11688232421875,21.688312530517578,20.922077178955078,21.02597427368164,1600445,2026-09-25
2009-01-27,15.601387023925781,22.10389518737793,22.16883087158203,21.467531204223633,21.532468795776367,1541463,2026-09-25
2009-01-28,16.45387077331543,23.311687469482422,23.72727394104004,23.0,23.71428680419922,2903747,2026-09-25
2009-01-29,15.280559539794922,21.649351119995117,22.389610290527344,21.454544067382812,22.389610290527344,2091012,2026-09-25
2009-01-30,15.161392211914062,21.480518341064453,22.077922821044922,21.311687469482422,21.90909194946289,1245090,2026-09-25
2009-02-02,15.2988920211792,21.675325393676758,21.922077178955078,21.246753692626953,21.28571319580078,1916222,2026-09-25
2009-02-03,15.775545120239258,22.350648880004883,22.467531204223633,21.337661743164062,21.753246307373047,2512818,2026-09-25
2009-02-04,15.610548973083496,22.11688232421875,22.72727394104004,21.83116912841797,21.90909194946289,2183258,2026-09-25
2009-02-05,15.922213554382324,22.558441162109375,22.81818199157715,21.766233444213867,22.16883087158203,2656577,2026-09-25
2009-02-06,16.774700164794922,23.766233444213867,23.97402572631836,23.09090805053711,23.194805145263672,2264493,2026-09-25
2009-02-09,17.031362533569336,24.12986946105957,24.220779418945312,23.7012996673584,24.12986946105957,2663584,2026-09-25
2009-02-10,15.949715614318848,22.597402572631836,23.636363983154297,22.324674606323242,23.27272605895996,2845304,2026-09-25
2009-02-11,15.78471565246582,22.363636016845703,22.9350643157959,22.077922821044922,22.610389709472656,1859781,2026-09-25
2009-02-12,15.78471565246582,22.363636016845703,22.428571701049805,21.584415435791016,22.0,1956262,2026-09-25
2009-02-13,16.261377334594727,23.03896141052246,23.545455932617188,22.84415626525879,23.077922821044922,2395085,2026-09-25
2009-02-17,14.95973014831543,21.194805145263672,21.922077178955078,21.077922821044922,21.88311767578125,2455838,2026-09-25
2009-02-18,14.767236709594727,20.922077178955078,21.2987003326416,20.675325393676758,21.2987003326416,1493646,2026-09-25
2009-02-19,14.373077392578125,20.363636016845703,21.02597427368164,20.194805145263672,20.9350643157959,2429119,2026-09-25
2009-02-20,14.189746856689453,20.10389518737793,20.402597427368164,19.688312530517578,19.740259170532227,2743741,2026-09-25
2009-02-23,13.49309253692627,19.11688232421875,19.9350643157959,19.03896141052246,19.87013053894043,1737967,2026-09-25
2009-02-24,14.09808349609375,19.97402572631836,20.09090805053711,19.18181800842285,19.350648880004883,1599983,2026-09-25
2009-02-25,14.263077735900879,20.207792282104492,20.675325393676758,19.441558837890625,19.81818199157715,2762760,2026-09-25
2009-02-26,14.134744644165039,20.02597427368164,20.9350643157959,19.90909194946289,20.558441162109375,2696463,2026-09-25
2009-02-27,13.868918418884277,19.649351119995117,20.14285659790039,19.480518341064453,19.597402572631836,2631398,2026-09-25
2009-03-02,13.089764595031738,18.545455932617188,19.324674606323242,18.454544067382812,19.077922821044922,2884035,2026-09-25
2009-03-03,13.117262840270996,18.584415435791016,18.922077178955078,18.220779418945312,18.87013053894043,2057209,2026-09-25
2009-03-04,14.308910369873047,20.27272605895996,20.545455932617188,19.18181800842285,19.18181800842285,4253865,2026-09-25
2009-03-05,13.447257995605469,19.05194854736328,19.805194854736328,18.88311767578125,19.428571701049805,3644718,2026-09-25
2009-03-06,13.41059398651123,19.0,19.81818199157715,18.558441162109375,19.454544067382812,2336180,2026-09-25
2009-03-09,13.135597229003906,18.610389709472656,19.337661743164062,18.571428298950195,18.83116912841797,1533994,2026-09-25
2009-03-10,14.41891098022461,20.428571701049805,20.779220581054688,19.636363983154297,19.85714340209961,2951872,2026-09-25
2009-03-11,14.987228393554688,21.233766555786133,21.922077178955078,20.740259170532227,21.688312530517578,5079844,2026-09-25
2009-03-12,15.00556468963623,21.259740829467773,21.311687469482422,20.636363983154297,20.805194854736328,5065368,2026-09-25
2009-03-13,15.2988920211792,21.675325393676758,21.753246307373047,21.12986946105957,21.220779418945312,2176944,2026-09-25
2009-03-16,15.179728507995605,21.506494522094727,22.467531204223633,21.311687469482422,22.415584564208984,3445904,2026-09-25
2009-03-17,15.766385078430176,22.337661743164062,22.350648880004883,21.02597427368164,21.259740829467773,2190342,2026-09-25
2009-03-18,16.343870162963867,23.15584373474121,23.2987003326416,21.87013053894043,22.01298713684082,2578114,2026-09-25
2009-03-19,16.30721092224121,23.10389518737793,23.87013053894043,22.98701286315918,23.84415626525879,3959494,2026-09-25
2009-03-20,15.491388320922852,21.94805145263672,23.194805145263672,21.71428680419922,22.88311767578125,3687915,2026-09-25
2009-03-23,16.45387077331543,23.311687469482422,23.311687469482422,22.2987003326416,22.441558837890625,1797180,2026-09-25
2009-03-24,15.683886528015137,22.220779418945312,22.98701286315918,22.15584373474121,22.519481658935547,2195732,2026-09-25
2009-03-25,15.98637866973877,22.649351119995117,23.337661743164062,21.98701286315918,23.28571319580078,4282509,2026-09-25
2009-03-26,16.692195892333984,23.649351119995117,23.740259170532227,22.779220581054688,22.792207717895508,3251171,2026-09-25
2009-03-27,15.98637866973877,22.649351119995117,22.779220581054688,22.337661743164062,22.545455932617188,2005696,2026-09-25
2009-03-30,15.893271446228027,22.16883087158203,22.350648880004883,21.89610481262207,22.220779418945312,3616844,2026-09-25
2009-03-31,16.30294418334961,22.740259170532227,23.14285659790039,22.610389709472656,22.688312530517578,2732345,2026-09-25
2009-04-01,16.545019149780273,23.077922821044922,23.259740829467773,22.233766555786133,22.2987003326416,3294753,2026-09-25
2009-04-02,17.131587982177734,23.89610481262207,24.207792282104492,23.10389518737793,23.428571701049805,2061136,2026-09-25
2009-04-03,17.67160415649414,24.649351119995117,24.7012996673584,23.558441162109375,23.688312530517578,2844842,2026-09-25
2009-04-06,17.69954490661621,24.688312530517578,24.792207717895508,24.03896141052246,24.792207717895508,3974432,2026-09-25
2009-04-07,16.796405792236328,23.428571701049805,24.02597427368164,23.324674606323242,23.71428680419922,1765995,2026-09-25
2009-04-08,17.15020751953125,23.922077178955078,24.14285659790039,23.571428298950195,23.96103858947754,1892352,2026-09-25
2009-04-09,17.848512649536133,24.89610481262207,25.233766555786133,24.09090805053711,24.10389518737793,2680909,2026-09-25
2009-04-13,18.090587615966797,25.233766555786133,25.376623153686523,24.454544067382812,24.805194854736328,2040423,2026-09-25
2009-04-14,18.239553451538086,25.441558837890625,25.597402572631836,24.922077178955078,24.94805145263672,3641484,2026-09-25
2009-04-15,18.239553451538086,25.441558837890625,25.96103858947754,24.662338256835938,25.207792282104492,3435355,2026-09-25
2009-04-16,18.6678466796875,26.03896141052246,26.194805145263672,24.90909194946289,24.90909194946289,4558862,2026-09-25
2009-04-17,19.263729095458984,26.87013053894043,27.15584373474121,26.12986946105957,26.27272605895996,4234076,2026-09-25
2009-04-20,17.876441955566406,24.9350643157959,25.688312530517578,24.85714340209961,25.636363983154297,2770614,2026-09-25
2009-04-21,18.155757904052734,25.324674606323242,25.389610290527344,24.675325393676758,24.740259170532227,2566795,2026-09-25
2009-04-22,18.639909744262695,26.0,26.389610290527344,24.81818199157715,24.84415626525879,4663197,2026-09-25
2009-04-23,18.96578598022461,26.454544067382812,26.519481658935547,25.740259170532227,26.350648880004883,2785013,2026-09-25
2009-04-24,18.714393615722656,26.10389518737793,26.376623153686523,25.9350643157959,26.077922821044922,1775620,2026-09-25
2009-04-27,18.13713836669922,25.2987003326416,25.766233444213867,25.12986946105957,25.493505477905273,2174788,2026-09-25
2009-04-28,17.978857040405273,25.077922821044922,25.324674606323242,24.792207717895508,24.85714340209961,1380456,2026-09-25
2009-04-29,18.351285934448242,25.597402572631836,26.10389518737793,25.467531204223633,25.545455932617188,1009778,2026-09-25
2009-04-30,19.692020416259766,27.467531204223633,27.85714340209961,26.376623153686523,26.506494522094727,4476241,2026-09-25
2009-05-01,19.719951629638672,27.506494522094727,27.922077178955078,26.922077178955078,27.415584564208984,1849540,2026-09-25
2009-05-04,20.59514808654785,28.72727394104004,28.792207717895508,27.688312530517578,27.688312530517578,2875796,2026-09-25
2009-05-05,20.008575439453125,27.90909194946289,28.506494522094727,27.389610290527344,28.441558837890625,1951026,2026-09-25
2009-05-06,19.66408920288086,27.428571701049805,27.81818199157715,26.9350643157959,27.493505477905273,1934548,2026-09-25
2009-05-07,18.472322463989258,25.766233444213867,27.11688232421875,25.337661743164062,27.05194854736328,3311770,2026-09-25
2009-05-08,18.37921905517578,25.636363983154297,26.03896141052246,24.81818199157715,25.85714340209961,2530451,2026-09-25
2009-05-11,17.848512649536133,24.89610481262207,25.194805145263672,24.480518341064453,24.7012996673584,1610455,2026-09-25
2009-05-12,17.81126594543457,24.84415626525879,25.363636016845703,24.311687469482422,25.233766555786133,1395548,2026-09-25
2009-05-13,17.196765899658203,23.98701286315918,24.610389709472656,23.792207717895508,24.558441162109375,2161544,2026-09-25
2009-05-14,17.801958084106445,24.83116912841797,25.02597427368164,24.493505477905273,24.753246307373047,1489026,2026-09-25
2009-05-15,17.83919906616211,24.88311767578125,25.454544067382812,24.83116912841797,24.97402572631836,1509585,2026-09-25
2009-05-18,18.6026668548584,25.94805145263672,26.18181800842285,24.98701286315918,24.98701286315918,2603986,2026-09-25
2009-05-19,18.928543090820312,26.402597427368164,26.84415626525879,26.0649356842041,26.16883087158203,2234925,2026-09-25
2009-05-20,18.89130401611328,26.350648880004883,27.324674606323242,26.220779418945312,26.85714340209961,1469006,2026-09-25
2009-05-21,18.5002498626709,25.805194854736328,26.311687469482422,25.571428298950195,26.05194854736328,2001769,2026-09-25
2009-05-22,18.45370101928711,25.740259170532227,26.09090805053711,25.376623153686523,25.98701286315918,1519826,2026-09-25
2009-05-26,19.04958152770996,26.571428298950195,26.662338256835938,25.636363983154297,25.675325393676758,1854468,2026-09-25
2009-05-27,18.75164794921875,26.15584373474121,26.688312530517578,26.01298713684082,26.415584564208984,1790404,2026-09-25
2009-05-28,18.816818237304688,26.246753692626953,26.493505477905273,25.454544067382812,26.28571319580078,2244242,2026-09-25
2009-05-29,19.273038864135742,26.88311767578125,26.96103858947754,26.415584564208984,26.675325393676758,1236158,2026-09-25
2009-06-01,20.334447860717773,28.363636016845703,28.571428298950195,27.28571319580078,27.324674606323242,2735964,2026-09-25
2009-06-02,20.25996971130371,28.259740829467773,28.84415626525879,28.16883087158203,28.740259170532227,2690072,2026-09-25
2009-06-03,19.533737182617188,27.246753692626953,27.675325393676758,26.94805145263672,27.610389709472656,1576421,2026-09-25
2009-06-04,19.775808334350586,27.584415435791016,27.71428680419922,27.077922821044922,27.493505477905273,2183104,2026-09-25
2009-06-05,19.10544776916504,26.649351119995117,27.545455932617188,26.532468795776367,27.389610290527344,2490565,2026-09-25
2009-06-08,19.058895111083984,26.584415435791016,26.740259170532227,26.0649356842041,26.16883087158203,1144220,2026-09-25
2009-06-09,19.45924949645996,27.14285659790039,27.2987003326416,26.675325393676758,26.675325393676758,1841147,2026-09-25
2009-06-10,19.8968505859375,27.753246307373047,27.96103858947754,27.2987003326416,27.71428680419922,3117422,2026-09-25
2009-06-11,19.766498565673828,27.571428298950195,27.922077178955078,27.493505477905273,27.493505477905273,1451065,2026-09-25
2009-06-12,19.81305503845215,27.636363983154297,27.7012996673584,27.09090805053711,27.623376846313477,1510278,2026-09-25
2009-06-15,19.375452041625977,27.02597427368164,27.194805145263672,26.519481658935547,27.0,2119964,2026-09-25
2009-06-16,19.25441551208496,26.85714340209961,27.350648880004883,26.71428680419922,27.14285659790039,1927695,2026-09-25
2009-06-17,19.207862854003906,26.792207717895508,26.94805145263672,25.98701286315918,26.441558837890625,1910755,2026-09-25
2009-06-18,18.928543090820312,26.402597427368164,26.7012996673584,26.246753692626953,26.415584564208984,1552628,2026-09-25
2009-06-19,19.25441551208496,26.85714340209961,27.0649356842041,26.480518341064453,26.519481658935547,1225224,2026-09-25
2009-06-22,18.714393615722656,26.10389518737793,26.83116912841797,26.03896141052246,26.454544067382812,1231153,2026-09-25
2009-06-23,18.6678466796875,26.03896141052246,26.428571701049805,25.532468795776367,26.428571701049805,3724875,2026-09-25
2009-06-24,19.198545455932617,26.779220581054688,27.14285659790039,26.493505477905273,26.545455932617188,943635,2026-09-25
2009-06-25,19.626840591430664,27.376623153686523,27.558441162109375,26.27272605895996,26.311687469482422,1308923,2026-09-25
2009-06-26,19.90616226196289,27.766233444213867,27.94805145263672,27.571428298950195,27.83116912841797,1371986,2026-09-25
2009-06-29,20.008575439453125,27.90909194946289,27.97402572631836,27.571428298950195,27.81818199157715,765457,2026-09-25
2009-06-30,20.157546997070312,28.11688232421875,28.415584564208984,27.753246307373047,28.28571319580078,997843,2026-09-25
2009-07-01,20.734804153442383,28.922077178955078,29.415584564208984,28.85714340209961,29.05194854736328,1678908,2026-09-25
2009-07-02,20.54859733581543,28.662338256835938,28.7012996673584,28.246753692626953,28.597402572631836,2280124,2026-09-25
2009-07-06,20.334447860717773,28.363636016845703,28.597402572631836,27.792207717895508,28.259740829467773,1843149,2026-09-25
2009-07-07,20.017892837524414,27.922077178955078,28.636363983154297,27.84415626525879,28.519481658935547,1911525,2026-09-25
2009-07-08,19.747880935668945,27.545455932617188,27.72727394104004,27.12986946105957,27.636363983154297,1850464,2026-09-25
2009-07-09,20.17616844177246,28.14285659790039,28.311687469482422,27.7012996673584,28.05194854736328,1271963,2026-09-25
2009-07-10,19.775808334350586,27.584415435791016,27.84415626525879,27.18181800842285,27.259740829467773,1948870,2026-09-25
2009-07-13,20.47410774230957,28.558441162109375,28.584415435791016,27.72727394104004,28.11688232421875,1478477,2026-09-25
2009-07-14,20.483421325683594,28.571428298950195,28.779220581054688,28.2987003326416,28.415584564208984,2696925,2026-09-25
2009-07-15,21.77760124206543,30.376623153686523,30.571428298950195,29.558441162109375,29.805194854736328,5605369,2026-09-25
2009-07-16,21.824155807495117,30.441558837890625,30.532468795776367,29.7012996673584,30.077922821044922,3267495,2026-09-25
2009-07-17,22.168649673461914,30.922077178955078,30.96103858947754,30.233766555786133,30.467531204223633,2216445,2026-09-25
2009-07-20,22.37347984313965,31.207792282104492,31.233766555786133,30.649351119995117,31.02597427368164,2354968,2026-09-25
2009-07-21,22.23381996154785,31.01298713684082,31.194805145263672,30.350648880004883,31.15584373474121,2019479,2026-09-25
2009-07-22,22.671419143676758,31.623376846313477,31.98701286315918,31.10389518737793,31.233766555786133,2264339,2026-09-25
2009-07-23,22.792463302612305,31.792207717895508,32.02597427368164,31.246753692626953,31.311687469482422,1985368,2026-09-25
2009-07-24,22.764524459838867,31.753246307373047,31.81818199157715,31.207792282104492,31.610389709472656,1018479,2026-09-25
2009-07-27,22.447967529296875,31.311687469482422,31.688312530517578,30.84415626525879,31.662338256835938,1913989,2026-09-25
2009-07-28,22.68073081970215,31.636363983154297,31.71428680419922,31.0,31.0,1527218,2026-09-25
2009-07-29,22.922809600830078,31.97402572631836,32.03895950317383,31.402597427368164,31.7012996673584,1112650,2026-09-25
2009-07-30,23.53731346130371,32.83116912841797,33.28571319580078,32.272727966308594,32.37662124633789,4213363,2026-09-25
2009-07-31,24.216995239257812,33.77922058105469,34.03895950317383,33.18181610107422,33.415584564208984,3501344,2026-09-25
2009-08-03,24.57080078125,34.272727966308594,34.324676513671875,33.727272033691406,34.02597427368164,2388925,2026-09-25
2009-08-04,24.533559799194336,34.22077941894531,34.506492614746094,34.03895950317383,34.3636360168457,2349732,2026-09-25
2009-08-05,23.658349990844727,33.0,33.59740447998047,32.66233825683594,33.48051834106445,2389926,2026-09-25
2009-08-06,23.444202423095703,32.701297760009766,33.467533111572266,32.467533111572266,33.37662124633789,1701315,2026-09-25
2009-08-07,23.919048309326172,33.3636360168457,33.701297760009766,33.09090805053711,33.3636360168457,2886037,2026-09-25
2009-08-10,23.770082473754883,33.155845642089844,33.16883087158203,32.83116912841797,33.07792282104492,2518593,2026-09-25
2009-08-11,23.518692016601562,32.80519485473633,32.92207717895508,32.24675369262695,32.57143020629883,1596364,2026-09-25
2009-08-12,24.09595489501953,33.610389709472656,33.83116912841797,33.350650787353516,33.389610290527344,1857856,2026-09-25
2009-08-13,24.226301193237305,33.79220962524414,33.88311767578125,33.389610290527344,33.75324630737305,1494955,2026-09-25
2009-08-14,23.807321548461914,33.20779037475586,33.75324630737305,32.97402572631836,33.75324630737305,1143758,2026-09-25
2009-08-17,23.276613235473633,32.467533111572266,32.74026107788086,32.324676513671875,32.675323486328125,1212211,2026-09-25
2009-08-18,23.732839584350586,33.10389709472656,33.24675369262695,32.81818389892578,33.05194854736328,1233848,2026-09-25
2009-08-19,24.189056396484375,33.74026107788086,33.80519485473633,32.97402572631836,33.18181610107422,1772309,2026-09-25
2009-08-20,24.35664939880371,33.97402572631836,34.272727966308594,33.75324630737305,33.93506622314453,2004233,2026-09-25
2009-08-21,25.045637130737305,34.93506622314453,34.97402572631836,34.350650787353516,34.74026107788086,2187031,2026-09-25
2009-08-24,24.96183967590332,34.81818389892578,35.649349212646484,34.727272033691406,35.558441162109375,1521597,2026-09-25
2009-08-25,25.148056030273438,35.07792282104492,35.45454406738281,34.727272033691406,35.3636360168457,1604295,2026-09-25
2009-08-26,25.594966888427734,35.701297760009766,35.8701286315918,35.1298713684082,35.24675369262695,2415105,2026-09-25
2009-08-27,25.94877052307129,36.19480514526367,36.22077941894531,35.493507385253906,35.97402572631836,1866634,2026-09-25
2009-08-28,26.04188346862793,36.324676513671875,37.42856979370117,36.07792282104492,37.07792282104492,1714097,2026-09-25
2009-08-31,25.57634925842285,35.675323486328125,35.844154357910156,35.324676513671875,35.74026107788086,1055824,2026-09-25
2009-09-01,24.79425048828125,34.584415435791016,36.07792282104492,34.51948165893555,35.3636360168457,2194115,2026-09-25
2009-09-02,24.514930725097656,34.19480514526367,34.3636360168457,33.48051834106445,33.51948165893555,2429196,2026-09-25
2009-09-03,25.203920364379883,35.155845642089844,35.18181610107422,34.62337875366211,35.0,1677291,2026-09-25
2009-09-04,25.90221405029297,36.1298713684082,36.19480514526367,35.06493377685547,35.07792282104492,1523599,2026-09-25
2009-09-08,26.47947120666504,36.93506622314453,37.48051834106445,36.71428680419922,37.467533111572266,2831059,2026-09-25
2009-09-09,27.36398696899414,38.16883087158203,38.298702239990234,37.25973892211914,37.40259552001953,2556477,2026-09-25
2009-09-10,27.708480834960938,38.649349212646484,39.20779037475586,38.25973892211914,39.05194854736328,6689914,2026-09-25
2009-09-11,27.35468101501465,38.155845642089844,38.83116912841797,37.77922058105469,38.79220962524414,3327016,2026-09-25
2009-09-14,27.44778060913086,38.28571319580078,38.415584564208984,37.610389709472656,37.610389709472656,1748516,2026-09-25
2009-09-15,27.93194007873535,38.96104049682617,39.02597427368164,38.6363639831543,38.75324630737305,2114112,2026-09-25
2009-09-16,28.22056770324707,39.3636360168457,39.45454406738281,38.54545593261719,38.96104049682617,4198733,2026-09-25
2009-09-17,27.03811264038086,37.71428680419922,38.6363639831543,37.57143020629883,38.31168746948242,4280430,2026-09-25
2009-09-18,27.30811882019043,38.09090805053711,38.16883087158203,37.66233825683594,37.71428680419922,1464155,2026-09-25
2009-09-21,27.475717544555664,38.324676513671875,38.389610290527344,37.83116912841797,37.85714340209961,891429,2026-09-25
2009-09-22,27.885387420654297,38.89610290527344,39.10389709472656,38.75324630737305,38.85714340209961,1802955,2026-09-25
2009-09-23,27.57813835144043,38.467533111572266,39.24675369262695,38.45454406738281,38.92207717895508,2241239,2026-09-25
2009-09-24,27.270885467529297,38.03895950317383,38.85714340209961,37.92207717895508,38.701297760009766,1880802,2026-09-25
2009-09-25,27.04743003845215,37.727272033691406,38.05194854736328,37.51948165893555,37.71428680419922,1738275,2026-09-25
2009-09-28,27.50364875793457,38.3636360168457,38.83116912841797,38.06493377685547,38.10389709472656,1231923,2026-09-25
2009-09-29,27.066049575805664,37.75324630737305,38.415584564208984,37.66233825683594,38.324676513671875,1054746,2026-09-25
2009-09-30,27.53157615661621,38.40259552001953,38.45454406738281,37.45454406738281,38.06493377685547,2033801,2026-09-25
2009-10-01,26.358444213867188,36.7662353515625,38.467533111572266,36.727272033691406,38.33766174316406,2118116,2026-09-25
2009-10-02,26.293264389038086,36.675323486328125,37.06493377685547,36.28571319580078,36.298702239990234,1144066,2026-09-25
2009-10-05,26.851903915405273,37.45454406738281,37.57143020629883,36.558441162109375,36.7662353515625,1187956,2026-09-25
2009-10-06,27.857450485229492,38.85714340209961,39.0,38.05194854736328,38.11688232421875,2041501,2026-09-25
2009-10-07,27.37329864501953,38.18181610107422,38.40259552001953,37.80519485473633,38.298702239990234,1198967,2026-09-25
2009-10-08,27.62468910217285,38.532466888427734,38.89610290527344,38.16883087158203,38.6363639831543,1727110,2026-09-25
2009-10-09,28.31367301940918,39.493507385253906,39.584415435791016,38.610389709472656,38.77922058105469,2004387,2026-09-25
2009-10-12,29.22611427307129,40.7662353515625,40.98701477050781,40.45454406738281,40.51948165893555,1162161,2026-09-25
2009-10-13,29.46820068359375,41.10389709472656,42.03895950317383,41.03895950317383,41.844154357910156,2958648,2026-09-25
2009-10-14,28.86299705505371,40.25973892211914,41.324676513671875,39.6363639831543,41.31168746948242,4846842,2026-09-25
2009-10-15,28.1553955078125,39.272727966308594,39.92207717895508,38.89610290527344,39.8701286315918,2900051,2026-09-25
2009-10-16,27.438474655151367,38.272727966308594,38.97402572631836,38.03895950317383,38.97402572631836,3109029,2026-09-25
2009-10-19,27.652620315551758,38.57143020629883,39.06493377685547,38.31168746948242,38.71428680419922,3317160,2026-09-25
2009-10-20,27.401233673095703,38.22077941894531,38.92207717895508,38.06493377685547,38.8701286315918,2607759,2026-09-25
2009-10-21,27.959869384765625,39.0,39.584415435791016,38.83116912841797,38.89610290527344,2955568,2026-09-25
2009-10-22,28.695415496826172,40.02597427368164,40.09090805053711,39.14285659790039,39.727272033691406,1400938,2026-09-25
2009-10-23,27.969181060791016,39.01298522949219,40.03895950317383,38.844154357910156,40.01298522949219,1370677,2026-09-25
2009-10-26,27.261573791503906,38.02597427368164,39.584415435791016,37.88311767578125,39.05194854736328,1821512,2026-09-25
2009-10-27,26.27463722229004,36.649349212646484,38.07792282104492,36.62337875366211,37.75324630737305,2044350,2026-09-25
2009-10-28,24.83148956298828,34.6363639831543,36.22077941894531,34.59740447998047,35.89610290527344,2495108,2026-09-25
2009-10-29,25.995325088500977,36.25973892211914,36.467533111572266,35.90909194946289,36.10389709472656,2675134,2026-09-25
2009-10-30,25.0828857421875,34.98701477050781,36.20779037475586,34.77922058105469,36.155845642089844,2177560,2026-09-25
2009-11-02,25.287717819213867,35.272727966308594,35.844154357910156,34.75324630737305,35.48051834106445,1564871,2026-09-25
2009-11-03,25.594966888427734,35.701297760009766,35.844154357910156,34.92207717895508,35.09090805053711,1802031,2026-09-25
2009-11-04,26.004634857177734,36.272727966308594,37.0,36.10389709472656,36.75324630737305,1634864,2026-09-25
2009-11-05,26.851903915405273,37.45454406738281,37.62337875366211,36.675323486328125,36.93506622314453,2500113,2026-09-25
2009-11-06,26.693628311157227,37.2337646484375,37.85714340209961,37.03895950317383,37.441558837890625,1408022,2026-09-25
2009-11-09,27.48503303527832,38.33766174316406,38.33766174316406,37.74026107788086,37.79220962524414,1274350,2026-09-25
2009-11-10,26.833282470703125,37.42856979370117,37.90909194946289,37.14285659790039,37.54545593261719,2108568,2026-09-25
2009-11-11,27.633995056152344,38.54545593261719,39.14285659790039,38.2337646484375,38.42856979370117,1846306,2026-09-25
2009-11-12,27.45709800720215,38.298702239990234,39.0,38.10389709472656,38.75324630737305,1188418,2026-09-25
2009-11-13,28.388158798217773,39.59740447998047,39.62337875366211,38.45454406738281,38.558441162109375,2271423,2026-09-25
2009-11-16,29.26336669921875,40.81818389892578,41.05194854736328,40.24675369262695,40.31168746948242,2344573,2026-09-25
2009-11-17,29.81268882751465,41.584415435791016,41.59740447998047,40.98701477050781,41.42856979370117,2577036,2026-09-25
2009-11-18,29.663713455200195,41.37662124633789,41.94805145263672,41.03895950317383,41.92207717895508,3440668,2026-09-25
2009-11-19,28.192638397216797,39.324676513671875,39.493507385253906,38.51948165893555,39.3636360168457,2144989,2026-09-25
2009-11-20,28.052978515625,39.1298713684082,39.272727966308594,38.57143020629883,38.6363639831543,1179409,2026-09-25
2009-11-23,28.648862838745117,39.96104049682617,40.350650787353516,39.6363639831543,39.6363639831543,1455762,2026-09-25
2009-11-24,28.928186416625977,40.350650787353516,40.37662124633789,39.727272033691406,40.11688232421875,1652882,2026-09-25
2009-11-25,29.37509536743164,40.97402572631836,40.98701477050781,40.675323486328125,40.8701286315918,978439,2026-09-25
2009-11-27,28.825761795043945,40.20779037475586,40.584415435791016,39.28571319580078,39.42856979370117,475860,2026-09-25
2009-11-30,28.85369110107422,40.24675369262695,40.350650787353516,39.6363639831543,40.155845642089844,934626,2026-09-25
2009-12-01,29.756832122802734,41.506492614746094,41.701297760009766,41.05194854736328,41.272727966308594,1389465,2026-09-25
2009-12-02,30.45512580871582,42.48051834106445,42.57143020629883,41.6363639831543,41.6363639831543,1555092,2026-09-25
2009-12-03,30.566852569580078,42.6363639831543,43.18181610107422,42.493507385253906,42.85714340209961,1299144,2026-09-25
2009-12-04,30.687885284423828,42.80519485473633,43.3636360168457,42.20779037475586,42.7662353515625,1540539,2026-09-25
2009-12-07,30.399259567260742,42.40259552001953,42.675323486328125,42.18181610107422,42.324676513671875,941017,2026-09-25
2009-12-08,29.980289459228516,41.81818389892578,42.01298522949219,41.467533111572266,41.88311767578125,1111033,2026-09-25
2009-12-09,29.980289459228516,41.81818389892578,41.81818389892578,41.07792282104492,41.610389709472656,1053822,2026-09-25
2009-12-10,29.868545532226562,41.66233825683594,42.2337646484375,41.66233825683594,42.05194854736328,760144,2026-09-25
2009-12-11,30.268911361694336,42.22077941894531,42.75324630737305,42.09090805053711,42.66233825683594,779009,2026-09-25
2009-12-14,31.19997787475586,43.51948165893555,43.649349212646484,43.10389709472656,43.31168746948242,855701,2026-09-25
2009-12-15,30.948585510253906,43.16883087158203,43.45454406738281,42.98701477050781,43.1298713684082,628474,2026-09-25
2009-12-16,31.36756706237793,43.75324630737305,44.11688232421875,43.610389709472656,43.74026107788086,443905,2026-09-25
2009-12-17,30.725135803222656,42.85714340209961,43.272727966308594,42.68831253051758,43.07792282104492,596057,2026-09-25
2009-12-18,31.116178512573242,43.40259552001953,43.45454406738281,42.75324630737305,43.33766174316406,411257,2026-09-25
2009-12-21,31.55377960205078,44.01298522949219,44.06493377685547,43.2337646484375,43.24675369262695,709632,2026-09-25
2009-12-22,32.280006408691406,45.02597427368164,45.1298713684082,44.467533111572266,44.90909194946289,580349,2026-09-25
2009-12-23,32.075172424316406,44.74026107788086,45.1298713684082,44.558441162109375,45.03895950317383,697697,2026-09-25
2009-12-24,32.196205139160156,44.90909194946289,44.90909194946289,44.675323486328125,44.68831253051758,146300,2026-09-25
2009-12-28,31.935518264770508,44.54545593261719,44.96104049682617,44.40259552001953,44.93506622314453,363440,2026-09-25
2009-12-29,31.935518264770508,44.54545593261719,44.97402572631836,44.42856979370117,44.93506622314453,438977,2026-09-25
2009-12-30,32.075172424316406,44.74026107788086,44.7662353515625,43.93506622314453,44.415584564208984,661199,2026-09-25
2009-12-31,31.739999771118164,44.272727966308594,44.83116912841797,44.25973892211914,44.675323486328125,383229,2026-09-25
2010-01-04,32.27069854736328,45.01298522949219,45.584415435791016,44.90909194946289,45.18181610107422,1390235,2026-09-25
2010-01-05,32.522090911865234,45.3636360168457,45.62337875366211,45.1298713684082,45.441558837890625,1094016,2026-09-25
2010-01-06,32.82002258300781,45.77922058105469,45.96104049682617,45.31168746948242,45.350650787353516,1051204,2026-09-25
2010-01-07,31.90757942199707,44.506492614746094,45.31168746948242,44.3636360168457,45.0,2057440,2026-09-25
2010-01-08,31.144113540649414,43.441558837890625,43.80519485473633,43.24675369262695,43.68831253051758,3027178,2026-09-25
2010-01-11,30.48305892944336,42.51948165893555,43.155845642089844,42.20779037475586,43.01298522949219,3055206,2026-09-25
2010-01-12,30.529603958129883,42.584415435791016,43.19480514526367,42.37662124633789,42.83116912841797,2536765,2026-09-25
2010-01-13,31.37687110900879,43.7662353515625,44.05194854736328,43.31168746948242,44.02597427368164,2992913,2026-09-25
2010-01-14,31.162731170654297,43.467533111572266,43.83116912841797,43.1298713684082,43.79220962524414,1229459,2026-09-25
2010-01-15,30.4737548828125,42.506492614746094,43.16883087158203,42.298702239990234,43.06493377685547,1860243,2026-09-25
2010-01-19,30.49236297607422,42.532466888427734,42.62337875366211,41.85714340209961,42.01298522949219,2002924,2026-09-25
2010-01-20,30.91135597229004,43.11688232421875,43.22077941894531,42.389610290527344,42.844154357910156,2977744,2026-09-25
2010-01-21,30.883420944213867,43.07792282104492,43.93506622314453,42.81818389892578,43.77922058105469,2970814,2026-09-25
2010-01-22,29.542673110961914,41.20779037475586,43.441558837890625,40.92207717895508,43.389610290527344,4554011,2026-09-25
2010-01-25,30.07338523864746,41.94805145263672,42.31168746948242,41.610389709472656,42.06493377685547,2263261,2026-09-25
2010-01-26,30.138559341430664,42.03895950317383,42.6363639831543,42.02597427368164,42.298702239990234,2387539,2026-09-25
2010-01-27,30.31546401977539,42.28571319580078,42.389610290527344,41.57143020629883,41.66233825683594,1984136,2026-09-25
2010-01-28,29.719587326049805,41.45454406738281,43.0,40.97402572631836,42.96104049682617,2451218,2026-09-25
2010-01-29,29.095767974853516,40.584415435791016,42.07792282104492,40.24675369262695,41.97402572631836,2704240,2026-09-25
2010-02-01,29.756832122802734,41.506492614746094,41.57143020629883,40.97402572631836,41.01298522949219,1041579,2026-09-25
2010-02-02,30.268911361694336,42.22077941894531,42.54545593261719,41.649349212646484,42.11688232421875,2741662,2026-09-25
2010-02-03,30.38994789123535,42.389610290527344,42.75324630737305,41.93506622314453,42.2337646484375,1726956,2026-09-25
2010-02-04,28.890932083129883,40.298702239990234,42.0,40.272727966308594,41.97402572631836,2286361,2026-09-25
2010-02-05,28.937484741210938,40.3636360168457,40.51948165893555,39.10389709472656,39.97402572631836,3222527,2026-09-25
2010-02-08,28.47195816040039,39.71428680419922,40.28571319580078,39.42856979370117,39.77922058105469,1990373,2026-09-25
2010-02-09,29.300607681274414,40.8701286315918,41.59740447998047,40.14285659790039,40.88311767578125,1836835,2026-09-25
2010-02-10,29.319229125976562,40.89610290527344,41.07792282104492,40.16883087158203,40.7662353515625,1039731,2026-09-25
2010-02-11,29.412330627441406,41.02597427368164,41.415584564208984,39.85714340209961,40.16883087158203,2490411,2026-09-25
2010-02-12,29.2819881439209,40.844154357910156,41.14285659790039,40.06493377685547,40.14285659790039,1403941,2026-09-25
2010-02-16,29.933732986450195,41.75324630737305,41.844154357910156,40.493507385253906,40.701297760009766,1232539,2026-09-25
2010-02-17,29.56130027770996,41.2337646484375,41.80519485473633,41.05194854736328,41.7662353515625,952490,2026-09-25
2010-02-18,29.87785530090332,41.675323486328125,41.85714340209961,40.96104049682617,41.272727966308594,1406328,2026-09-25
2010-02-19,29.60784912109375,41.298702239990234,41.59740447998047,40.88311767578125,41.02597427368164,1575959,2026-09-25
2010-02-22,29.81268882751465,41.584415435791016,41.85714340209961,41.532466888427734,41.79220962524414,893662,2026-09-25
2010-02-23,28.70471954345703,40.03895950317383,41.324676513671875,39.94805145263672,41.324676513671875,3065216,2026-09-25
2010-02-24,28.872312545776367,40.272727966308594,40.54545593261719,39.90909194946289,40.02597427368164,1191883,2026-09-25
2010-02-25,28.592998504638672,39.88311767578125,40.0,38.71428680419922,39.389610290527344,1800568,2026-09-25
2010-02-26,28.70471954345703,40.03895950317383,40.1298713684082,39.22077941894531,39.675323486328125,1543465,2026-09-25
2010-03-01,29.36577606201172,40.96104049682617,41.0,40.16883087158203,40.16883087158203,1697388,2026-09-25
2010-03-02,30.650650024414062,42.75324630737305,43.350650787353516,41.88311767578125,41.89610290527344,4362974,2026-09-25
2010-03-03,31.023073196411133,43.272727966308594,43.62337875366211,43.02597427368164,43.31168746948242,3193883,2026-09-25
2010-03-04,30.725135803222656,42.85714340209961,43.272727966308594,42.389610290527344,43.07792282104492,1848924,2026-09-25
2010-03-05,31.479299545288086,43.90909194946289,43.92207717895508,43.25973892211914,43.51948165893555,1596056,2026-09-25
2010-03-08,31.991382598876953,44.62337875366211,44.75324630737305,44.14285659790039,44.28571319580078,2529681,2026-09-25
2010-03-09,31.702749252319336,44.22077941894531,44.51948165893555,43.90909194946289,43.97402572631836,1588664,2026-09-25
2010-03-10,32.11241912841797,44.79220962524414,45.01298522949219,44.19480514526367,44.272727966308594,1593592,2026-09-25
2010-03-11,32.10311508178711,44.77922058105469,44.77922058105469,44.14285659790039,44.467533111572266,705936,2026-09-25
2010-03-12,32.065860748291016,44.727272033691406,44.8701286315918,44.40259552001953,44.74026107788086,1500037,2026-09-25
2010-03-15,31.18135643005371,43.493507385253906,44.03895950317383,43.1298713684082,44.03895950317383,1512819,2026-09-25
2010-03-16,31.833087921142578,44.40259552001953,44.48051834106445,43.62337875366211,43.77922058105469,1113420,2026-09-25
2010-03-17,32.13105010986328,44.81818389892578,45.14285659790039,44.62337875366211,44.83116912841797,1325709,2026-09-25
2010-03-18,31.693437576293945,44.20779037475586,44.66233825683594,43.90909194946289,44.57143020629883,1328019,2026-09-25
2010-03-19,31.302387237548828,43.66233825683594,44.18181610107422,43.31168746948242,44.16883087158203,798875,2026-09-25
2010-03-22,32.121726989746094,44.80519485473633,44.8701286315918,42.98701477050781,43.02597427368164,1912449,2026-09-25
2010-03-23,32.95969009399414,45.97402572631836,46.09090805053711,45.272727966308594,45.441558837890625,2327556,2026-09-25
2010-03-24,32.428977966308594,45.2337646484375,45.71428680419922,44.96104049682617,45.3636360168457,1220835,2026-09-25
2010-03-25,32.708290100097656,45.62337875366211,46.33766174316406,45.57143020629883,45.844154357910156,1341109,2026-09-25
2010-03-26,33.142879486083984,45.85714340209961,46.3636360168457,45.6363639831543,46.05194854736328,1522290,2026-09-25
2010-03-29,33.377540588378906,46.18181610107422,46.324676513671875,45.92207717895508,46.0,583506,2026-09-25
2010-03-30,33.00209426879883,45.66233825683594,45.88311767578125,45.16883087158203,45.6363639831543,1621774,2026-09-25
2010-03-31,33.22736740112305,45.97402572631836,46.59740447998047,45.68831253051758,45.96104049682617,1756909,2026-09-25
2010-04-01,33.46202087402344,46.298702239990234,46.88311767578125,45.96104049682617,46.79220962524414,1327249,2026-09-25
2010-04-05,33.77177429199219,46.727272033691406,46.8701286315918,46.22077941894531,46.493507385253906,546623,2026-09-25
2010-04-06,33.64973449707031,46.558441162109375,46.727272033691406,46.272727966308594,46.441558837890625,941787,2026-09-25
2010-04-07,33.68729782104492,46.610389709472656,46.88311767578125,46.14285659790039,46.37662124633789,714098,2026-09-25
2010-04-08,33.29306411743164,46.06493377685547,46.11688232421875,45.11688232421875,45.48051834106445,955647,2026-09-25
2010-04-09,33.752986907958984,46.701297760009766,46.75324630737305,46.33766174316406,46.415584564208984,1135750,2026-09-25
2010-04-12,33.65913391113281,46.57143020629883,47.19480514526367,46.493507385253906,47.1298713684082,1082466,2026-09-25
2010-04-13,33.78114318847656,46.74026107788086,46.85714340209961,45.88311767578125,46.18181610107422,1674827,2026-09-25
2010-04-14,32.889461517333984,45.506492614746094,46.03895950317383,45.02597427368164,45.94805145263672,3483557,2026-09-25
2010-04-15,32.78621292114258,45.3636360168457,45.83116912841797,45.28571319580078,45.51948165893555,1201970,2026-09-25
2010-04-16,32.476463317871094,44.93506622314453,45.28571319580078,44.415584564208984,44.94805145263672,1826363,2026-09-25
2010-04-19,32.59846878051758,45.10389709472656,45.1298713684082,44.584415435791016,44.675323486328125,2144835,2026-09-25
2010-04-20,33.63096237182617,46.532466888427734,46.85714340209961,45.93506622314453,45.96104049682617,2453913,2026-09-25
2010-04-21,33.340003967285156,46.1298713684082,46.83116912841797,45.77922058105469,46.75324630737305,1943018,2026-09-25
2010-04-22,33.49956130981445,46.350650787353516,46.37662124633789,44.85714340209961,45.05194854736328,1942633,2026-09-25
2010-04-23,33.45262908935547,46.28571319580078,46.350650787353516,45.7662353515625,45.7662353515625,1286054,2026-09-25
2010-04-26,33.377540588378906,46.18181610107422,46.675323486328125,46.11688232421875,46.37662124633789,958265,2026-09-25
2010-04-27,31.56598472595215,43.675323486328125,45.66233825683594,43.584415435791016,45.350650787353516,3087623,2026-09-25
2010-04-28,30.99343490600586,42.88311767578125,43.80519485473633,42.467533111572266,43.66233825683594,2878183,2026-09-25
2010-04-29,31.2750186920166,43.272727966308594,43.37662124633789,42.8701286315918,43.1298713684082,2059904,2026-09-25
2010-04-30,30.655519485473633,42.415584564208984,43.42856979370117,42.324676513671875,43.42856979370117,1822205,2026-09-25
2010-05-03,31.237472534179688,43.22077941894531,43.467533111572266,42.441558837890625,42.48051834106445,976283,2026-09-25
2010-05-04,30.261301040649414,41.8701286315918,42.02597427368164,41.350650787353516,41.96104049682617,2002770,2026-09-25
2010-05-05,29.322675704956055,40.57143020629883,41.33766174316406,40.11688232421875,40.155845642089844,2868019,2026-09-25
2010-05-06,28.562381744384766,39.51948165893555,40.98701477050781,36.59740447998047,40.11688232421875,4525290,2026-09-25
2010-05-07,27.79271125793457,38.45454406738281,39.77922058105469,37.62337875366211,39.62337875366211,3390079,2026-09-25
2010-05-10,29.641809463500977,41.01298522949219,41.2337646484375,40.33766174316406,41.20779037475586,2148300,2026-09-25
2010-05-11,28.937833786010742,40.03895950317383,40.94805145263672,39.71428680419922,39.77922058105469,1530683,2026-09-25
2010-05-12,29.82953453063965,41.272727966308594,41.66233825683594,40.74026107788086,40.844154357910156,1328866,2026-09-25
2010-05-13,28.731342315673828,39.75324630737305,40.727272033691406,39.649349212646484,40.22077941894531,1328019,2026-09-25
2010-05-14,28.08368682861328,38.85714340209961,39.350650787353516,38.09090805053711,39.33766174316406,2045659,2026-09-25
2010-05-17,28.290191650390625,39.14285659790039,39.493507385253906,38.11688232421875,39.02597427368164,2200044,2026-09-25
2010-05-18,26.76961326599121,37.03895950317383,39.272727966308594,36.98701477050781,38.96104049682617,3942708,2026-09-25
2010-05-19,27.051204681396484,37.42856979370117,37.66233825683594,36.62337875366211,37.389610290527344,3149762,2026-09-25
2010-05-20,26.347225189208984,36.45454406738281,37.66233825683594,35.532466888427734,35.90909194946289,3533607,2026-09-25
2010-05-21,27.12629508972168,37.532466888427734,37.675323486328125,35.844154357910156,36.06493377685547,4113956,2026-09-25
2010-05-24,26.3002986907959,36.389610290527344,37.24675369262695,36.37662124633789,36.844154357910156,2865401,2026-09-25
2010-05-25,26.037487030029297,36.02597427368164,36.1298713684082,34.6363639831543,34.7662353515625,3042039,2026-09-25
2010-05-26,25.849760055541992,35.7662353515625,37.155845642089844,35.62337875366211,36.24675369262695,3631474,2026-09-25
2010-05-27,27.154455184936523,37.57143020629883,37.610389709472656,36.74026107788086,37.0,2855083,2026-09-25
2010-05-28,26.525571823120117,36.701297760009766,37.506492614746094,36.45454406738281,37.48051834106445,2103948,2026-09-25
2010-06-01,26.37538719177246,36.493507385253906,37.85714340209961,36.467533111572266,36.68831253051758,1736581,2026-09-25
2010-06-02,27.48297119140625,38.02597427368164,38.05194854736328,36.8701286315918,37.20779037475586,1560020,2026-09-25
2010-06-03,27.91474151611328,38.62337875366211,38.83116912841797,38.16883087158203,38.75324630737305,1957340,2026-09-25
2010-06-04,26.243982315063477,36.31168746948242,38.19480514526367,36.07792282104492,37.94805145263672,3922996,2026-09-25
2010-06-07,25.47431182861328,35.24675369262695,36.675323486328125,35.155845642089844,36.51948165893555,1730421,2026-09-25
2010-06-08,26.112573623657227,36.1298713684082,36.1298713684082,35.05194854736328,35.584415435791016,3105795,2026-09-25
2010-06-09,26.028104782104492,36.01298522949219,37.2337646484375,35.88311767578125,36.6363639831543,1560097,2026-09-25
2010-06-10,27.38910675048828,37.89610290527344,38.19480514526367,37.272727966308594,38.03895950317383,2038575,2026-09-25
2010-06-11,27.633146286010742,38.2337646484375,38.57143020629883,37.79220962524414,38.07792282104492,1426502,2026-09-25
2010-06-14,28.205713272094727,39.02597427368164,39.80519485473633,38.97402572631836,39.675323486328125,2203509,2026-09-25
2010-06-15,29.031700134277344,40.16883087158203,40.2337646484375,39.6363639831543,39.85714340209961,2416799,2026-09-25
2010-06-16,28.69379997253418,39.701297760009766,40.05194854736328,39.350650787353516,39.51948165893555,1913450,2026-09-25
2010-06-17,29.106796264648438,40.272727966308594,40.28571319580078,39.324676513671875,40.18181610107422,2475319,2026-09-25
2010-06-18,29.01293182373047,40.14285659790039,40.48051834106445,39.94805145263672,40.09090805053711,1065372,2026-09-25
2010-06-21,28.8345890045166,39.89610290527344,40.79220962524414,39.649349212646484,40.74026107788086,834526,2026-09-25
2010-06-22,28.08368682861328,38.85714340209961,40.24675369262695,38.701297760009766,39.96104049682617,2302685,2026-09-25
2010-06-23,28.25264549255371,39.09090805053711,39.701297760009766,38.59740447998047,39.389610290527344,2198196,2026-09-25
2010-06-24,27.66131019592285,38.272727966308594,38.85714340209961,38.03895950317383,38.75324630737305,1179486,2026-09-25
2010-06-25,27.820873260498047,38.493507385253906,38.62337875366211,37.7662353515625,38.31168746948242,1423884,2026-09-25
2010-06-28,27.511125564575195,38.06493377685547,38.48051834106445,37.68831253051758,38.05194854736328,1877029,2026-09-25
2010-06-29,26.046871185302734,36.03895950317383,36.80519485473633,35.701297760009766,36.79220962524414,2135287,2026-09-25
2010-06-30,25.784059524536133,35.675323486328125,36.701297760009766,35.610389709472656,36.31168746948242,1579886,2026-09-25
2010-07-01,26.22521209716797,36.28571319580078,36.441558837890625,35.3636360168457,36.19480514526367,2885113,2026-09-25
2010-07-02,26.35662269592285,36.467533111572266,37.16883087158203,36.01298522949219,37.0,2062830,2026-09-25
2010-07-06,26.919788360595703,37.24675369262695,38.18181610107422,36.83116912841797,37.94805145263672,3046967,2026-09-25
2010-07-07,27.764556884765625,38.415584564208984,38.441558837890625,37.28571319580078,37.33766174316406,2204972,2026-09-25
2010-07-08,28.205713272094727,39.02597427368164,39.05194854736328,38.24675369262695,38.83116912841797,2388232,2026-09-25
2010-07-09,28.44975471496582,39.3636360168457,39.3636360168457,38.467533111572266,38.6363639831543,2027872,2026-09-25
2010-07-12,28.430984497070312,39.33766174316406,39.45454406738281,38.51948165893555,38.57143020629883,2601137,2026-09-25
2010-07-13,29.350833892822266,40.610389709472656,40.77922058105469,39.90909194946289,39.90909194946289,1649571,2026-09-25
2010-07-14,29.979717254638672,41.48051834106445,42.14285659790039,41.155845642089844,41.85714340209961,7097783,2026-09-25
2010-07-15,29.65118980407715,41.02597427368164,41.441558837890625,40.48051834106445,41.33766174316406,3716867,2026-09-25
2010-07-16,29.02231216430664,40.155845642089844,40.62337875366211,40.02597427368164,40.558441162109375,3285359,2026-09-25
2010-07-19,29.435317993164062,40.727272033691406,40.77922058105469,39.97402572631836,40.350650787353516,2584659,2026-09-25
2010-07-20,29.031700134277344,40.16883087158203,40.20779037475586,39.45454406738281,39.57143020629883,2075073,2026-09-25
2010-07-21,28.787660598754883,39.83116912841797,40.506492614746094,39.610389709472656,40.350650787353516,3409868,2026-09-25
2010-07-22,29.707521438598633,41.10389709472656,41.415584564208984,40.48051834106445,40.48051834106445,2076767,2026-09-25
2010-07-23,30.1392879486084,41.701297760009766,41.701297760009766,40.584415435791016,40.80519485473633,2091705,2026-09-25
2010-07-26,30.261301040649414,41.8701286315918,41.8701286315918,41.02597427368164,41.16883087158203,1884575,2026-09-25
2010-07-27,29.979717254638672,41.48051834106445,41.81818389892578,41.25973892211914,41.80519485473633,1285130,2026-09-25
2010-07-28,30.0548038482666,41.584415435791016,41.88311767578125,41.24675369262695,41.37662124633789,2447214,2026-09-25
2010-07-29,30.026643753051758,41.54545593261719,42.66233825683594,41.20779037475586,42.584415435791016,3189879,2026-09-25
2010-07-30,30.21436882019043,41.80519485473633,41.88311767578125,40.90909194946289,41.14285659790039,2378068,2026-09-25
2010-08-02,30.99343490600586,42.88311767578125,43.0,42.28571319580078,42.62337875366211,1694154,2026-09-25
2010-08-03,30.98404312133789,42.8701286315918,43.10389709472656,42.51948165893555,43.03895950317383,2723413,2026-09-25
2010-08-04,30.862024307250977,42.701297760009766,43.16883087158203,42.298702239990234,43.11688232421875,2400706,2026-09-25
2010-08-05,30.561664581298828,42.28571319580078,42.610389709472656,41.98701477050781,42.45454406738281,813120,2026-09-25
2010-08-06,30.092348098754883,41.6363639831543,42.350650787353516,41.20779037475586,41.74026107788086,1858703,2026-09-25
2010-08-09,30.28006935119629,41.89610290527344,42.09090805053711,41.51948165893555,41.701297760009766,852313,2026-09-25
2010-08-10,29.153730392456055,40.33766174316406,41.02597427368164,39.98701477050781,40.98701477050781,3200736,2026-09-25
2010-08-11,27.069974899291992,37.45454406738281,38.01298522949219,37.3636360168457,38.0,4515049,2026-09-25
2010-08-12,26.73206901550293,36.98701477050781,37.22077941894531,36.20779037475586,36.24675369262695,4305917,2026-09-25
2010-08-13,26.337848663330078,36.441558837890625,36.90909194946289,36.350650787353516,36.37662124633789,3391157,2026-09-25
2010-08-16,26.64759635925293,36.8701286315918,36.93506622314453,36.20779037475586,36.272727966308594,2696155,2026-09-25
2010-08-17,26.929182052612305,37.25973892211914,37.6363639831543,37.16883087158203,37.54545593261719,2359126,2026-09-25
2010-08-18,26.99488639831543,37.350650787353516,37.610389709472656,37.11688232421875,37.48051834106445,780087,2026-09-25
2010-08-19,27.295242309570312,37.7662353515625,37.93506622314453,37.37662124633789,37.83116912841797,2304841,2026-09-25
2010-08-20,26.488027572631836,36.649349212646484,36.85714340209961,36.3636360168457,36.51948165893555,2008622,2026-09-25
2010-08-23,25.934242248535156,35.88311767578125,36.66233825683594,35.7662353515625,36.33766174316406,1407021,2026-09-25
2010-08-24,24.873586654663086,34.415584564208984,34.675323486328125,34.06493377685547,34.22077941894531,3260642,2026-09-25
2010-08-25,25.11762809753418,34.75324630737305,34.89610290527344,33.8701286315918,34.14285659790039,1968274,2026-09-25
2010-08-26,24.704635620117188,34.18181610107422,34.88311767578125,34.06493377685547,34.68831253051758,1165549,2026-09-25
2010-08-27,24.45120620727539,33.83116912841797,34.24675369262695,32.675323486328125,34.06493377685547,4711168,2026-09-25
2010-08-30,23.888032913208008,33.05194854736328,33.6363639831543,33.05194854736328,33.3636360168457,1608684,2026-09-25
2010-08-31,23.212221145629883,32.11688232421875,32.92207717895508,32.0,32.25973892211914,2987369,2026-09-25
2010-09-01,24.394887924194336,33.75324630737305,34.11688232421875,33.02597427368164,33.272727966308594,2439899,2026-09-25
2010-09-02,24.892356872558594,34.441558837890625,34.62337875366211,34.06493377685547,34.37662124633789,1674365,2026-09-25
2010-09-03,25.2584285736084,34.94805145263672,35.24675369262695,34.493507385253906,34.97402572631836,1859935,2026-09-25
2010-09-07,24.3855037689209,33.74026107788086,34.610389709472656,33.71428680419922,34.467533111572266,1366134,2026-09-25
2010-09-08,24.507524490356445,33.90909194946289,34.07792282104492,33.45454406738281,33.57143020629883,1446984,2026-09-25
2010-09-09,24.920520782470703,34.48051834106445,34.8701286315918,34.37662124633789,34.844154357910156,1082235,2026-09-25
2010-09-10,24.854814529418945,34.389610290527344,34.77922058105469,34.16883087158203,34.6363639831543,1094786,2026-09-25
2010-09-13,25.86853790283203,35.79220962524414,35.8701286315918,35.532466888427734,35.54545593261719,1291829,2026-09-25
2010-09-14,26.525571823120117,36.701297760009766,36.90909194946289,35.79220962524414,35.92207717895508,2243318,2026-09-25
2010-09-15,26.44109344482422,36.584415435791016,36.727272033691406,36.1298713684082,36.28571319580078,1276352,2026-09-25
2010-09-16,26.62882423400879,36.844154357910156,36.89610290527344,36.350650787353516,36.48051834106445,1135134,2026-09-25
2010-09-17,26.76961326599121,37.03895950317383,37.155845642089844,36.77922058105469,36.97402572631836,1425655,2026-09-25
2010-09-20,27.285858154296875,37.75324630737305,37.844154357910156,37.2337646484375,37.28571319580078,1398936,2026-09-25
2010-09-21,27.417268753051758,37.93506622314453,38.45454406738281,37.54545593261719,38.45454406738281,1471778,2026-09-25
2010-09-22,26.99488639831543,37.350650787353516,37.77922058105469,37.02597427368164,37.675323486328125,2368058,2026-09-25
2010-09-23,26.656982421875,36.88311767578125,37.28571319580078,36.610389709472656,36.675323486328125,2115652,2026-09-25
2010-09-24,27.6049861907959,38.19480514526367,38.20779037475586,37.45454406738281,37.57143020629883,1411718,2026-09-25
2010-09-27,27.32339859008789,37.80519485473633,38.272727966308594,37.727272033691406,38.272727966308594,777546,2026-09-25
2010-09-28,28.14938735961914,38.94805145263672,39.02597427368164,37.649349212646484,38.24675369262695,1346961,2026-09-25
2010-09-29,28.618701934814453,39.59740447998047,40.06493377685547,39.2337646484375,39.415584564208984,2388540,2026-09-25
2010-09-30,27.905349731445312,38.610389709472656,39.79220962524414,38.57143020629883,39.59740447998047,1759835,2026-09-25
2010-10-01,28.08368682861328,38.85714340209961,39.28571319580078,38.54545593261719,39.14285659790039,877492,2026-09-25
2010-10-04,27.98044776916504,38.71428680419922,39.77922058105469,38.350650787353516,39.7662353515625,2319240,2026-09-25
2010-10-05,28.44975471496582,39.3636360168457,39.532466888427734,38.94805145263672,39.0,2235926,2026-09-25
2010-10-06,27.83964729309082,38.51948165893555,39.1298713684082,38.31168746948242,39.10389709472656,1831984,2026-09-25
2010-10-07,27.67068862915039,38.28571319580078,38.62337875366211,38.05194854736328,38.57143020629883,927773,2026-09-25
2010-10-08,27.689470291137695,38.31168746948242,38.48051834106445,37.85714340209961,38.1298713684082,2433662,2026-09-25
2010-10-11,28.046142578125,38.80519485473633,39.1298713684082,38.675323486328125,38.844154357910156,677908,2026-09-25
2010-10-12,28.69379997253418,39.701297760009766,39.85714340209961,39.2337646484375,39.85714340209961,2434663,2026-09-25
2010-10-13,30.176828384399414,41.75324630737305,42.649349212646484,41.584415435791016,41.6363639831543,4633860,2026-09-25
2010-10-14,30.430259704589844,42.10389709472656,42.20779037475586,41.675323486328125,41.727272033691406,2272347,2026-09-25
2010-10-15,30.796321868896484,42.610389709472656,42.727272033691406,42.16883087158203,42.649349212646484,1618001,2026-09-25
2010-10-18,31.049747467041016,42.96104049682617,43.03895950317383,42.441558837890625,42.610389709472656,1399090,2026-09-25
2010-10-19,30.08297348022461,41.62337875366211,42.74026107788086,41.3636360168457,42.05194854736328,3196809,2026-09-25
2010-10-20,30.6649112701416,42.42856979370117,42.649349212646484,41.97402572631836,42.0,1183259,2026-09-25
2010-10-21,29.970333099365234,41.467533111572266,42.19480514526367,41.272727966308594,42.07792282104492,2397318,2026-09-25
2010-10-22,30.373939514160156,42.02597427368164,42.05194854736328,41.51948165893555,41.74026107788086,1590435,2026-09-25
2010-10-25,30.98404312133789,42.8701286315918,43.31168746948242,42.71428680419922,43.01298522949219,1664817,2026-09-25
2010-10-26,30.805713653564453,42.62337875366211,42.88311767578125,41.8701286315918,41.97402572631836,1443134,2026-09-25
2010-10-27,31.547225952148438,43.649349212646484,43.66233825683594,42.96104049682617,43.03895950317383,1710632,2026-09-25
2010-10-28,31.190540313720703,43.155845642089844,44.14285659790039,42.85714340209961,44.11688232421875,1941324,2026-09-25
2010-10-29,31.124849319458008,43.06493377685547,43.28571319580078,42.558441162109375,42.701297760009766,1110186,2026-09-25
2010-11-01,31.22808837890625,43.20779037475586,43.71428680419922,42.92207717895508,43.532466888427734,1210594,2026-09-25
2010-11-02,31.800657272338867,44.0,44.14285659790039,43.415584564208984,43.610389709472656,992915,2026-09-25
2010-11-03,31.88511848449707,44.11688232421875,44.20779037475586,43.28571319580078,44.14285659790039,1573649,2026-09-25
2010-11-04,32.62663269042969,45.14285659790039,45.25973892211914,44.66233825683594,44.80519485473633,3430350,2026-09-25
2010-11-05,32.101009368896484,44.415584564208984,44.59740447998047,44.07792282104492,44.51948165893555,1803571,2026-09-25
2010-11-08,31.312562942504883,43.324676513671875,43.675323486328125,43.22077941894531,43.37662124633789,2779777,2026-09-25
2010-11-09,31.603532791137695,43.727272033691406,44.66233825683594,43.675323486328125,44.6363639831543,1894123,2026-09-25
2010-11-10,31.049747467041016,42.96104049682617,43.48051834106445,42.51948165893555,43.48051834106445,3246628,2026-09-25
2010-11-11,30.242528915405273,41.844154357910156,42.10389709472656,41.28571319580078,41.506492614746094,2762760,2026-09-25
2010-11-12,30.289457321166992,41.90909194946289,42.48051834106445,41.558441162109375,42.05194854736328,1069376,2026-09-25
2010-11-15,30.176828384399414,41.75324630737305,42.272727966308594,41.74026107788086,42.03895950317383,826056,2026-09-25
2010-11-16,29.92339515686035,41.40259552001953,42.28571319580078,40.98701477050781,42.155845642089844,2682988,2026-09-25
2010-11-17,29.895238876342773,41.3636360168457,41.81818389892578,41.18181610107422,41.25973892211914,1725878,2026-09-25
2010-11-18,30.87141227722168,42.71428680419922,42.92207717895508,42.441558837890625,42.77922058105469,2732884,2026-09-25
2010-11-19,32.560943603515625,45.05194854736328,45.06493377685547,43.584415435791016,43.584415435791016,2984366,2026-09-25
2010-11-22,32.69233703613281,45.2337646484375,45.31168746948242,44.389610290527344,44.415584564208984,2878106,2026-09-25
2010-11-23,31.678632736206055,43.83116912841797,44.389610290527344,43.467533111572266,43.79220962524414,3736579,2026-09-25
2010-11-24,32.17610549926758,44.51948165893555,44.6363639831543,44.03895950317383,44.03895950317383,1345729,2026-09-25
2010-11-26,32.467063903808594,44.92207717895508,45.16883087158203,44.75324630737305,44.94805145263672,950180,2026-09-25
2010-11-29,31.162384033203125,43.11688232421875,43.649349212646484,42.415584564208984,43.40259552001953,1992606,2026-09-25
2010-11-30,30.627368927001953,42.37662124633789,42.81818389892578,41.54545593261719,41.558441162109375,3348191,2026-09-25
2010-12-01,32.3262825012207,44.727272033691406,44.88311767578125,43.727272033691406,43.75324630737305,2000152,2026-09-25
2010-12-02,32.73927307128906,45.298702239990234,45.48051834106445,44.28571319580078,44.324676513671875,1479863,2026-09-25
2010-12-03,33.396331787109375,46.20779037475586,46.324676513671875,45.467533111572266,45.51948165893555,1225532,2026-09-25
2010-12-06,33.020870208740234,45.68831253051758,46.07792282104492,45.298702239990234,45.89610290527344,1541540,2026-09-25
2010-12-07,32.61725616455078,45.1298713684082,45.90909194946289,45.07792282104492,45.81818389892578,1091090,2026-09-25
2010-12-08,33.011470794677734,45.675323486328125,45.7662353515625,44.88311767578125,44.88311767578125,1801107,2026-09-25
2010-12-09,35.42373275756836,49.01298522949219,49.33766174316406,48.14285659790039,48.14285659790039,7579572,2026-09-25
2010-12-10,35.10460662841797,48.57143020629883,49.14285659790039,48.506492614746094,49.10389709472656,2639560,2026-09-25
2010-12-13,35.038909912109375,48.48051834106445,48.81818389892578,48.20779037475586,48.532466888427734,2027949,2026-09-25
2010-12-14,34.8511848449707,48.22077941894531,48.506492614746094,47.90909194946289,48.25973892211914,1815737,2026-09-25
2010-12-15,34.44757080078125,47.66233825683594,48.33766174316406,47.40259552001953,47.94805145263672,1117039,2026-09-25
2010-12-16,34.87934494018555,48.25973892211914,48.298702239990234,47.77922058105469,48.10389709472656,1029567,2026-09-25
2010-12-17,35.874290466308594,49.6363639831543,49.68831253051758,48.649349212646484,48.80519485473633,1931853,2026-09-25
2010-12-20,35.54576873779297,49.18181610107422,49.71428680419922,49.03895950317383,49.506492614746094,1286131,2026-09-25
2010-12-21,35.649017333984375,49.324676513671875,49.584415435791016,49.02597427368164,49.558441162109375,1037421,2026-09-25
2010-12-22,35.958763122558594,49.75324630737305,49.7662353515625,49.324676513671875,49.701297760009766,685685,2026-09-25
2010-12-23,35.536380767822266,49.16883087158203,49.45454406738281,49.01298522949219,49.18181610107422,453376,2026-09-25
2010-12-27,36.09016799926758,49.93506622314453,49.98701477050781,49.22077941894531,49.57143020629883,503734,2026-09-25
2010-12-28,35.94938278198242,49.74026107788086,50.48051834106445,49.584415435791016,49.97402572631836,685146,2026-09-25
2010-12-29,35.714717864990234,49.415584564208984,49.675323486328125,49.1298713684082,49.350650787353516,558327,2026-09-25
2010-12-30,36.07139587402344,49.90909194946289,50.3636360168457,49.81818389892578,50.155845642089844,896049,2026-09-25
2010-12-31,35.9869270324707,49.79220962524414,50.06493377685547,49.59740447998047,49.844154357910156,480326,2026-09-25
2011-01-03,36.28728103637695,50.20779037475586,50.94805145263672,50.14285659790039,50.40259552001953,1992452,2026-09-25
2011-01-04,35.09523391723633,48.558441162109375,49.94805145263672,48.28571319580078,49.83116912841797,2291289,2026-09-25
2011-01-05,34.381874084472656,47.57143020629883,47.97402572631836,47.02597427368164,47.19480514526367,3584504,2026-09-25
2011-01-06,34.09090805053711,47.16883087158203,47.701297760009766,46.558441162109375,47.31168746948242,3064292,2026-09-25
2011-01-07,34.081512451171875,47.155845642089844,47.324676513671875,46.42856979370117,47.272727966308594,887194,2026-09-25
2011-01-10,33.696678161621094,46.62337875366211,46.6363639831543,45.649349212646484,45.701297760009766,2609299,2026-09-25
2011-01-11,34.494510650634766,47.727272033691406,48.01298522949219,47.441558837890625,47.701297760009766,1540154,2026-09-25
2011-01-12,35.17969512939453,48.675323486328125,48.7662353515625,48.33766174316406,48.57143020629883,1259566,2026-09-25
2011-01-13,35.00136947631836,48.42856979370117,48.90909194946289,48.25973892211914,48.48051834106445,749441,2026-09-25
2011-01-14,38.324100494384766,53.02597427368164,53.3636360168457,50.18181610107422,50.22077941894531,9672201,2026-09-25
2011-01-18,37.63890838623047,52.07792282104492,52.727272033691406,51.77922058105469,52.37662124633789,2992913,2026-09-25
2011-01-19,34.907501220703125,48.298702239990234,51.22077941894531,47.98701477050781,51.10389709472656,8495949,2026-09-25
2011-01-20,36.20280838012695,50.09090805053711,50.2337646484375,47.74026107788086,47.90909194946289,5944169,2026-09-25
2011-01-21,36.55949020385742,50.584415435791016,51.11688232421875,50.415584564208984,50.701297760009766,2000768,2026-09-25
2011-01-24,37.263458251953125,51.558441162109375,51.71428680419922,49.92207717895508,49.92207717895508,3191881,2026-09-25
2011-01-25,38.52121353149414,53.298702239990234,53.57143020629883,52.10389709472656,52.22077941894531,5847149,2026-09-25
2011-01-26,39.2908821105957,54.3636360168457,54.93506622314453,53.324676513671875,53.7662353515625,3924921,2026-09-25
2011-01-27,40.248287200927734,55.68831253051758,55.93506622314453,54.701297760009766,54.75324630737305,3183642,2026-09-25
2011-01-28,39.49739074707031,54.649349212646484,55.33766174316406,53.493507385253906,55.24675369262695,3899588,2026-09-25
2011-01-31,39.43168640136719,54.558441162109375,55.03895950317383,53.77922058105469,54.33766174316406,3023405,2026-09-25
2011-02-01,41.25261306762695,57.07792282104492,58.0,55.83116912841797,55.89610290527344,6181021,2026-09-25
2011-02-02,40.88655471801758,56.57143020629883,57.31168746948242,56.14285659790039,56.415584564208984,3228071,2026-09-25
2011-02-03,40.45478439331055,55.97402572631836,56.31168746948242,55.11688232421875,56.06493377685547,2477244,2026-09-25
2011-02-04,40.7645263671875,56.40259552001953,56.74026107788086,55.584415435791016,55.62337875366211,2167396,2026-09-25
2011-02-07,41.14936065673828,56.93506622314453,57.54545593261719,56.59740447998047,56.97402572631836,1712865,2026-09-25
2011-02-08,40.670658111572266,56.272727966308594,56.727272033691406,56.06493377685547,56.727272033691406,1868097,2026-09-25
2011-02-09,40.39846420288086,55.89610290527344,56.441558837890625,55.88311767578125,55.88311767578125,2965809,2026-09-25
2011-02-10,40.248287200927734,55.68831253051758,55.88311767578125,54.649349212646484,54.701297760009766,1527526,2026-09-25
2011-02-11,40.867774963378906,56.54545593261719,56.649349212646484,55.77922058105469,56.0,1567027,2026-09-25
2011-02-14,41.609275817871094,57.57143020629883,57.59740447998047,56.2337646484375,56.31168746948242,1548932,2026-09-25
2011-02-15,40.792686462402344,56.441558837890625,56.94805145263672,56.10389709472656,56.701297760009766,2015860,2026-09-25
2011-02-16,41.86272048950195,57.92207717895508,57.93506622314453,57.07792282104492,57.09090805053711,1560944,2026-09-25
2011-02-17,42.0692138671875,58.20779037475586,58.33766174316406,57.25973892211914,57.31168746948242,1376452,2026-09-25
2011-02-18,42.30386734008789,58.532466888427734,58.90909194946289,57.57143020629883,57.57143020629883,1796333,2026-09-25
2011-02-22,40.745750427246094,56.37662124633789,57.85714340209961,56.324676513671875,56.389610290527344,3250093,2026-09-25
2011-02-23,40.267051696777344,55.71428680419922,56.59740447998047,55.07792282104492,56.40259552001953,1723260,2026-09-25
2011-02-24,40.482948303222656,56.01298522949219,56.298702239990234,55.22077941894531,55.54545593261719,1652420,2026-09-25
2011-02-25,40.8583869934082,56.532466888427734,56.75324630737305,56.03895950317383,56.16883087158203,1084160,2026-09-25
2011-02-28,40.92407989501953,56.62337875366211,57.54545593261719,56.07792282104492,57.18181610107422,1405558,2026-09-25
2011-03-01,40.633121490478516,56.22077941894531,57.467533111572266,56.0,57.37662124633789,1482250,2026-09-25
2011-03-02,41.487274169921875,57.40259552001953,57.727272033691406,56.389610290527344,56.389610290527344,1540000,2026-09-25
2011-03-03,43.00783920288086,59.506492614746094,59.6363639831543,58.97402572631836,59.31168746948242,1309385,2026-09-25
2011-03-04,42.726261138916016,59.11688232421875,59.25973892211914,58.727272033691406,59.19480514526367,920920,2026-09-25
2011-03-07,41.111812591552734,56.88311767578125,58.80519485473633,56.467533111572266,58.584415435791016,1676829,2026-09-25
2011-03-08,40.9334716796875,56.6363639831543,57.610389709472656,56.11688232421875,56.727272033691406,1204742,2026-09-25
2011-03-09,40.614349365234375,56.19480514526367,56.93506622314453,55.7662353515625,56.92207717895508,1682835,2026-09-25
2011-03-10,38.324100494384766,53.02597427368164,53.59740447998047,52.88311767578125,53.57143020629883,2793252,2026-09-25
2011-03-11,38.699546813964844,53.54545593261719,53.8701286315918,52.14285659790039,52.16883087158203,2408329,2026-09-25
2011-03-14,38.999908447265625,53.96104049682617,54.3636360168457,53.532466888427734,53.96104049682617,1616538,2026-09-25
2011-03-15,38.258392333984375,52.93506622314453,53.155845642089844,51.28571319580078,51.42856979370117,1685299,2026-09-25
2011-03-16,36.82229995727539,50.94805145263672,52.93506622314453,50.649349212646484,52.28571319580078,1780548,2026-09-25
2011-03-17,38.50244140625,53.272727966308594,53.62337875366211,52.415584564208984,52.83116912841797,1758449,2026-09-25
2011-03-18,38.38042449951172,53.10389709472656,54.31168746948242,52.81818389892578,54.298702239990234,1166242,2026-09-25
2011-03-21,39.4598388671875,54.59740447998047,54.71428680419922,54.20779037475586,54.675323486328125,1419726,2026-09-25
2011-03-22,39.20640182495117,54.24675369262695,54.675323486328125,53.75324630737305,54.57143020629883,1444366,2026-09-25
2011-03-23,40.173187255859375,55.584415435791016,55.83116912841797,54.506492614746094,54.7662353515625,1273734,2026-09-25
2011-03-24,40.4266242980957,55.93506622314453,56.59740447998047,55.68831253051758,56.07792282104492,2814581,2026-09-25
2011-03-25,40.4078483581543,55.90909194946289,56.71428680419922,55.649349212646484,55.83116912841797,1181411,2026-09-25
2011-03-28,40.726985931396484,56.350650787353516,56.77922058105469,56.19480514526367,56.2337646484375,805035,2026-09-25
2011-03-29,40.8396110534668,56.506492614746094,56.68831253051758,55.532466888427734,55.68831253051758,1013397,2026-09-25
2011-03-30,41.6280632019043,57.59740447998047,58.02597427368164,57.3636360168457,57.85714340209961,1562407,2026-09-25
2011-03-31,41.76885986328125,57.79220962524414,58.07792282104492,57.22077941894531,57.844154357910156,1714097,2026-09-25
2011-04-01,41.58113098144531,57.532466888427734,57.8701286315918,57.07792282104492,57.324676513671875,1131823,2026-09-25
2011-04-04,41.4684944152832,57.37662124633789,57.85714340209961,56.94805145263672,57.77922058105469,1226610,2026-09-25
2011-04-05,41.703155517578125,57.701297760009766,58.16883087158203,57.441558837890625,57.54545593261719,902363,2026-09-25
2011-04-06,41.16814041137695,56.96104049682617,57.350650787353516,56.66233825683594,57.20779037475586,1387771,2026-09-25
2011-04-07,40.21073913574219,55.6363639831543,56.16883087158203,55.18181610107422,55.85714340209961,2048354,2026-09-25
2011-04-08,39.76019287109375,55.01298522949219,56.09090805053711,54.57143020629883,56.09090805053711,1471778,2026-09-25
2011-04-11,40.267051696777344,55.71428680419922,56.03895950317383,55.2337646484375,55.66233825683594,2411948,2026-09-25
2011-04-12,39.80712127685547,55.07792282104492,55.68831253051758,54.68831253051758,55.54545593261719,1806574,2026-09-25
2011-04-13,37.197750091552734,51.467533111572266,54.81818389892578,50.88311767578125,54.68831253051758,9794400,2026-09-25
2011-04-14,37.31977462768555,51.6363639831543,52.16883087158203,51.11688232421875,51.80519485473633,7584885,2026-09-25
2011-04-15,37.582584381103516,52.0,52.493507385253906,51.701297760009766,52.48051834106445,2466002,2026-09-25
2011-04-18,36.35299301147461,50.298702239990234,50.81818389892578,49.74026107788086,50.31168746948242,3117037,2026-09-25
2011-04-19,35.93999099731445,49.727272033691406,50.324676513671875,49.3636360168457,50.16883087158203,3357431,2026-09-25
2011-04-20,39.1219367980957,54.1298713684082,54.20779037475586,52.92207717895508,53.24675369262695,4228378,2026-09-25
2011-04-21,38.26777648925781,52.94805145263672,53.441558837890625,52.33766174316406,53.389610290527344,2355969,2026-09-25
2011-04-25,38.47427749633789,53.2337646484375,53.57143020629883,52.83116912841797,52.89610290527344,1834910,2026-09-25
2011-04-26,39.60517883300781,54.07792282104492,54.19480514526367,52.93506622314453,53.11688232421875,3003000,2026-09-25
2011-04-27,39.91905212402344,54.506492614746094,54.649349212646484,53.48051834106445,54.19480514526367,1619079,2026-09-25
2011-04-28,39.386417388916016,53.77922058105469,55.0,53.07792282104492,54.7662353515625,3311000,2026-09-25
2011-04-29,39.71931838989258,54.2337646484375,54.324676513671875,53.649349212646484,54.07792282104492,1362669,2026-09-25
2011-05-02,39.02498245239258,53.28571319580078,54.532466888427734,53.06493377685547,54.51948165893555,1951488,2026-09-25
2011-05-03,39.54810333251953,54.0,54.22077941894531,53.40259552001953,53.94805145263672,2002000,2026-09-25
2011-05-04,39.595664978027344,54.06493377685547,55.298702239990234,53.558441162109375,55.25973892211914,3047968,2026-09-25
2011-05-05,39.11058044433594,53.40259552001953,53.89610290527344,52.90909194946289,53.59740447998047,2464000,2026-09-25
2011-05-06,38.35919952392578,52.37662124633789,53.59740447998047,52.05194854736328,53.25973892211914,2380917,2026-09-25
2011-05-09,39.19618606567383,53.51948165893555,53.68831253051758,52.844154357910156,52.98701477050781,1730344,2026-09-25
2011-05-10,39.671756744384766,54.16883087158203,54.3636360168457,53.727272033691406,53.90909194946289,1889965,2026-09-25
2011-05-11,37.59828186035156,51.33766174316406,52.20779037475586,50.844154357910156,52.0,3003000,2026-09-25
2011-05-12,38.54941177368164,52.6363639831543,53.0,51.48051834106445,51.93506622314453,1771000,2026-09-25
2011-05-13,37.70291519165039,51.48051834106445,52.01298522949219,51.02597427368164,51.93506622314453,1352582,2026-09-25
2011-05-16,37.921669006347656,51.77922058105469,52.79220962524414,51.62337875366211,52.19480514526367,2099251,2026-09-25
2011-05-17,37.69340515136719,51.467533111572266,51.493507385253906,50.85714340209961,51.0,2191266,2026-09-25
2011-05-18,38.378211975097656,52.40259552001953,52.66233825683594,51.62337875366211,51.675323486328125,1450295,2026-09-25
2011-05-19,38.216522216796875,52.18181610107422,52.3636360168457,51.558441162109375,51.85714340209961,1765071,2026-09-25
2011-05-20,37.62681198120117,51.37662124633789,51.94805145263672,51.05194854736328,51.93506622314453,2083466,2026-09-25
2011-05-23,35.905269622802734,49.02597427368164,49.96104049682617,48.89610290527344,49.62337875366211,3465000,2026-09-25
2011-05-24,36.06696319580078,49.24675369262695,49.68831253051758,48.77922058105469,49.62337875366211,2919224,2026-09-25
2011-05-25,36.19060134887695,49.415584564208984,49.62337875366211,48.844154357910156,48.85714340209961,1098482,2026-09-25
2011-05-26,35.981353759765625,49.1298713684082,49.3636360168457,48.532466888427734,49.25973892211914,1905288,2026-09-25
2011-05-27,36.20963668823242,49.441558837890625,49.75324630737305,49.298702239990234,49.441558837890625,1133440,2026-09-25
2011-05-31,37.10369873046875,50.66233825683594,50.7662353515625,50.07792282104492,50.71428680419922,1033725,2026-09-25
2011-06-01,36.342796325683594,49.62337875366211,50.71428680419922,49.558441162109375,50.324676513671875,1247477,2026-09-25
2011-06-02,36.51399230957031,49.85714340209961,50.20779037475586,49.40259552001953,49.8701286315918,1106798,2026-09-25
2011-06-03,36.371334075927734,49.66233825683594,50.07792282104492,49.3636360168457,49.8701286315918,1029182,2026-09-25
2011-06-06,36.06696319580078,49.24675369262695,49.81818389892578,49.24675369262695,49.649349212646484,692923,2026-09-25
2011-06-07,36.799339294433594,50.24675369262695,50.68831253051758,49.93506622314453,50.19480514526367,1315622,2026-09-25
2011-06-08,35.829185485839844,48.92207717895508,49.66233825683594,48.584415435791016,49.48051834106445,1545621,2026-09-25
2011-06-09,36.03843307495117,49.20779037475586,49.675323486328125,48.558441162109375,48.71428680419922,736505,2026-09-25
2011-06-10,34.78293228149414,47.493507385253906,48.68831253051758,47.272727966308594,48.59740447998047,2358972,2026-09-25
2011-06-13,34.725860595703125,47.415584564208984,47.96104049682617,47.25973892211914,47.71428680419922,847847,2026-09-25
2011-06-14,35.87674331665039,48.98701477050781,49.324676513671875,48.85714340209961,49.0,1735580,2026-09-25
2011-06-15,34.38346862792969,46.94805145263672,47.85714340209961,46.701297760009766,47.33766174316406,1355046,2026-09-25
2011-06-16,33.64156723022461,45.93506622314453,46.532466888427734,45.54545593261719,46.441558837890625,1752212,2026-09-25
2011-06-17,33.65109634399414,45.94805145263672,46.532466888427734,45.71428680419922,46.532466888427734,1406328,2026-09-25
2011-06-20,33.356224060058594,45.54545593261719,45.68831253051758,45.16883087158203,45.22077941894531,924231,2026-09-25
2011-06-21,33.850833892822266,46.22077941894531,46.45454406738281,45.649349212646484,45.85714340209961,1307768,2026-09-25
2011-06-22,33.57499694824219,45.844154357910156,46.37662124633789,45.584415435791016,45.649349212646484,943173,2026-09-25
2011-06-23,33.822288513183594,46.18181610107422,46.19480514526367,44.48051834106445,44.83116912841797,1358126,2026-09-25
2011-06-24,33.27063751220703,45.42856979370117,46.03895950317383,45.155845642089844,45.85714340209961,1282820,2026-09-25
2011-06-27,34.51661682128906,47.1298713684082,47.31168746948242,46.16883087158203,46.45454406738281,1446676,2026-09-25
2011-06-28,34.51661682128906,47.1298713684082,47.298702239990234,46.324676513671875,46.389610290527344,1222298,2026-09-25
2011-06-29,34.81145477294922,47.532466888427734,47.92207717895508,46.92207717895508,47.532466888427734,2056978,2026-09-25
2011-06-30,35.15389633178711,48.0,48.28571319580078,47.68831253051758,47.727272033691406,2131129,2026-09-25
2011-07-01,36.08598709106445,49.272727966308594,49.33766174316406,48.0,48.31168746948242,1136443,2026-09-25
2011-07-05,35.905269622802734,49.02597427368164,49.42856979370117,48.85714340209961,49.20779037475586,1250711,2026-09-25
2011-07-06,35.13486099243164,47.97402572631836,48.31168746948242,47.649349212646484,48.07792282104492,1633170,2026-09-25
2011-07-07,36.751773834228516,50.18181610107422,50.37662124633789,49.324676513671875,49.42856979370117,2287208,2026-09-25
2011-07-08,35.61042404174805,48.62337875366211,49.467533111572266,48.37662124633789,49.33766174316406,1238699,2026-09-25
2011-07-11,35.125343322753906,47.96104049682617,48.74026107788086,47.77922058105469,48.11688232421875,1836989,2026-09-25
2011-07-12,33.175514221191406,45.298702239990234,47.16883087158203,45.19480514526367,46.96104049682617,4492180,2026-09-25
2011-07-13,32.98529815673828,45.03895950317383,46.03895950317383,44.155845642089844,44.42856979370117,8479009,2026-09-25
2011-07-14,32.281455993652344,44.07792282104492,45.45454406738281,43.88311767578125,45.06493377685547,3640252,2026-09-25
2011-07-15,32.642887115478516,44.57143020629883,44.66233825683594,43.92207717895508,44.62337875366211,2480940,2026-09-25
2011-07-18,32.53826141357422,44.42856979370117,44.45454406738281,43.79220962524414,44.05194854736328,3022327,2026-09-25
2011-07-19,33.76521682739258,46.10389709472656,46.324676513671875,45.467533111572266,45.467533111572266,2557709,2026-09-25
2011-07-20,33.86033630371094,46.2337646484375,46.584415435791016,45.90909194946289,46.584415435791016,1250711,2026-09-25
2011-07-21,35.25849151611328,48.14285659790039,48.16883087158203,47.25973892211914,47.727272033691406,2157848,2026-09-25
2011-07-22,35.924293518066406,49.05194854736328,49.24675369262695,47.77922058105469,48.14285659790039,1994993,2026-09-25
2011-07-25,35.58188247680664,48.584415435791016,48.92207717895508,48.1298713684082,48.20779037475586,1245475,2026-09-25
2011-07-26,35.924293518066406,49.05194854736328,49.48051834106445,48.62337875366211,48.77922058105469,1428504,2026-09-25
2011-07-27,35.42970275878906,48.37662124633789,48.59740447998047,47.48051834106445,48.584415435791016,4158000,2026-09-25
2011-07-28,33.983970642089844,46.40259552001953,47.18181610107422,46.03895950317383,46.389610290527344,2386307,2026-09-25
2011-07-29,33.90789031982422,46.298702239990234,47.03895950317383,46.272727966308594,46.88311767578125,1840762,2026-09-25
2011-08-01,33.44184112548828,45.66233825683594,47.14285659790039,45.14285659790039,46.92207717895508,1988140,2026-09-25
2011-08-02,32.69043731689453,44.6363639831543,45.97402572631836,44.62337875366211,45.48051834106445,1656578,2026-09-25
2011-08-03,33.251609802246094,45.40259552001953,45.75324630737305,44.532466888427734,45.506492614746094,2553936,2026-09-25
2011-08-04,31.587135314941406,43.1298713684082,43.59740447998047,42.42856979370117,42.6363639831543,5532758,2026-09-25
2011-08-05,31.786863327026367,43.40259552001953,45.02597427368164,41.79220962524414,44.92207717895508,2847999,2026-09-25
2011-08-08,29.56120491027832,40.3636360168457,41.74026107788086,39.80519485473633,40.16883087158203,3856699,2026-09-25
2011-08-09,31.9105167388916,43.57143020629883,43.62337875366211,40.97402572631836,43.10389709472656,3505733,2026-09-25
2011-08-10,30.911813735961914,42.20779037475586,43.74026107788086,41.18181610107422,41.71428680419922,5119422,2026-09-25
2011-08-11,33.118446350097656,45.22077941894531,45.79220962524414,43.155845642089844,43.54545593261719,2959341,2026-09-25
2011-08-12,33.72718048095703,46.05194854736328,46.701297760009766,45.16883087158203,46.493507385253906,3047737,2026-09-25
2011-08-15,34.060062408447266,46.506492614746094,46.68831253051758,45.90909194946289,46.324676513671875,1350734,2026-09-25
2011-08-16,33.33720779418945,45.51948165893555,46.59740447998047,45.02597427368164,45.6363639831543,2349501,2026-09-25
2011-08-17,33.27063751220703,45.42856979370117,46.18181610107422,44.89610290527344,45.298702239990234,1997842,2026-09-25
2011-08-18,31.434940338134766,42.92207717895508,43.31168746948242,41.98701477050781,43.14285659790039,2550240,2026-09-25
2011-08-19,31.28276824951172,42.71428680419922,44.28571319580078,42.54545593261719,42.90909194946289,1885884,2026-09-25
2011-08-22,31.349332809448242,42.80519485473633,43.80519485473633,42.68831253051758,43.80519485473633,793562,2026-09-25
2011-08-23,32.937740325927734,44.97402572631836,45.01298522949219,43.350650787353516,43.74026107788086,1431045,2026-09-25
2011-08-24,32.83311080932617,44.83116912841797,45.675323486328125,44.33766174316406,45.37662124633789,2390234,2026-09-25
2011-08-25,31.406414031982422,42.88311767578125,44.51948165893555,42.727272033691406,44.155845642089844,2370522,2026-09-25
2011-08-26,32.8045768737793,44.79220962524414,44.92207717895508,42.54545593261719,42.83116912841797,1754214,2026-09-25
2011-08-29,34.050559997558594,46.493507385253906,46.59740447998047,45.83116912841797,45.93506622314453,945406,2026-09-25
2011-08-30,33.242095947265625,45.389610290527344,46.10389709472656,45.0,45.11688232421875,2286977,2026-09-25
2011-08-31,33.54646301269531,45.80519485473633,46.37662124633789,45.40259552001953,46.01298522949219,1755138,2026-09-25
2011-09-01,32.928226470947266,44.96104049682617,45.88311767578125,44.8701286315918,45.66233825683594,1091167,2026-09-25
2011-09-02,32.26243209838867,44.05194854736328,44.558441162109375,43.71428680419922,43.77922058105469,1454145,2026-09-25
2011-09-06,31.815399169921875,43.441558837890625,43.66233825683594,41.649349212646484,41.649349212646484,1483020,2026-09-25
2011-09-07,32.947235107421875,44.98701477050781,45.2337646484375,44.14285659790039,44.22077941894531,1116038,2026-09-25
2011-09-08,32.490699768066406,44.3636360168457,45.25973892211914,44.0,44.24675369262695,1454376,2026-09-25
2011-09-09,32.433631896972656,44.28571319580078,44.66233825683594,43.6363639831543,44.25973892211914,2149532,2026-09-25
2011-09-12,33.2611198425293,45.415584564208984,45.45454406738281,44.14285659790039,44.155845642089844,1960882,2026-09-25
2011-09-13,33.92692184448242,46.324676513671875,46.57143020629883,45.155845642089844,45.42856979370117,2822512,2026-09-25
2011-09-14,34.73537826538086,47.42856979370117,47.98701477050781,45.62337875366211,45.89610290527344,3139367,2026-09-25
2011-09-15,34.60221862792969,47.24675369262695,47.97402572631836,46.90909194946289,47.649349212646484,3869558,2026-09-25
2011-09-16,34.81145477294922,47.532466888427734,47.80519485473633,47.07792282104492,47.11688232421875,3069374,2026-09-25
2011-09-19,34.25029373168945,46.7662353515625,47.441558837890625,46.506492614746094,46.7662353515625,3897971,2026-09-25
2011-09-20,33.89838409423828,46.28571319580078,47.06493377685547,45.98701477050781,46.11688232421875,2093707,2026-09-25
2011-09-21,34.012516021728516,46.441558837890625,48.7662353515625,46.415584564208984,47.20779037475586,2987138,2026-09-25
2011-09-22,32.98529815673828,45.03895950317383,45.88311767578125,44.350650787353516,45.28571319580078,2514204,2026-09-25
2011-09-23,33.46086502075195,45.68831253051758,45.8701286315918,44.298702239990234,44.3636360168457,2547160,2026-09-25
2011-09-26,34.38346862792969,46.94805145263672,47.03895950317383,45.51948165893555,46.3636360168457,2216214,2026-09-25
2011-09-27,35.30605697631836,48.20779037475586,49.06493377685547,47.83116912841797,48.24675369262695,1784706,2026-09-25
2011-09-28,34.212249755859375,46.71428680419922,47.93506622314453,46.66233825683594,47.7662353515625,1864170,2026-09-25
2011-09-29,34.2883415222168,46.81818389892578,47.532466888427734,45.71428680419922,47.441558837890625,1266419,2026-09-25
2011-09-30,32.85213851928711,44.85714340209961,45.88311767578125,44.81818389892578,45.324676513671875,2201353,2026-09-25
2011-10-03,31.86295509338379,43.506492614746094,44.98701477050781,43.467533111572266,43.80519485473633,1793022,2026-09-25
2011-10-04,33.38477325439453,45.584415435791016,45.610389709472656,42.92207717895508,43.02597427368164,2621619,2026-09-25
2011-10-05,33.223079681396484,45.3636360168457,45.74026107788086,44.54545593261719,44.96104049682617,3615843,2026-09-25
2011-10-06,33.84132385253906,46.20779037475586,46.24675369262695,44.8701286315918,44.93506622314453,1409485,2026-09-25
2011-10-07,34.56416702270508,47.19480514526367,47.89610290527344,46.66233825683594,47.19480514526367,2888116,2026-09-25
2011-10-10,35.17290115356445,48.02597427368164,48.844154357910156,47.532466888427734,48.0,2021250,2026-09-25
2011-10-11,34.40248489379883,46.97402572631836,47.298702239990234,46.25973892211914,46.727272033691406,2645335,2026-09-25
2011-10-12,36.86591339111328,50.33766174316406,51.8701286315918,49.07792282104492,49.40259552001953,7489097,2026-09-25
2011-10-13,38.102386474609375,52.02597427368164,52.31168746948242,50.31168746948242,50.415584564208984,2717330,2026-09-25
2011-10-14,38.34968566894531,52.3636360168457,52.37662124633789,51.40259552001953,51.88311767578125,3329788,2026-09-25
2011-10-17,37.70291519165039,51.48051834106445,51.88311767578125,50.74026107788086,51.20779037475586,3777389,2026-09-25
2011-10-18,38.30213165283203,52.298702239990234,52.467533111572266,51.09090805053711,51.6363639831543,2684297,2026-09-25
2011-10-19,37.56023406982422,51.28571319580078,52.298702239990234,51.09090805053711,51.532466888427734,1519287,2026-09-25
2011-10-20,37.474639892578125,51.16883087158203,51.96104049682617,50.8701286315918,51.94805145263672,4182563,2026-09-25
2011-10-21,38.52088928222656,52.59740447998047,52.727272033691406,51.701297760009766,51.74026107788086,2068143,2026-09-25
2011-10-24,39.272281646728516,53.62337875366211,53.68831253051758,52.272727966308594,52.324676513671875,1451450,2026-09-25
2011-10-25,38.958412170410156,53.19480514526367,54.0,52.97402572631836,53.532466888427734,2246321,2026-09-25
2011-10-26,39.03450393676758,53.298702239990234,54.24675369262695,52.31168746948242,54.09090805053711,1346268,2026-09-25
2011-10-27,41.355262756347656,56.467533111572266,56.98701477050781,54.727272033691406,54.75324630737305,3892658,2026-09-25
2011-10-28,41.42184066772461,56.558441162109375,56.610389709472656,55.324676513671875,55.37662124633789,3912755,2026-09-25
2011-10-31,39.88100051879883,54.45454406738281,55.25973892211914,54.415584564208984,54.8701286315918,3743278,2026-09-25
2011-11-01,38.663551330566406,52.79220962524414,53.532466888427734,51.89610290527344,52.07792282104492,4198117,2026-09-25
2011-11-02,38.48283004760742,52.54545593261719,53.14285659790039,52.324676513671875,52.6363639831543,1700930,2026-09-25
2011-11-03,40.118797302246094,54.77922058105469,55.20779037475586,52.675323486328125,53.389610290527344,1994762,2026-09-25
2011-11-04,40.28999328613281,55.01298522949219,55.272727966308594,54.10389709472656,54.24675369262695,1154230,2026-09-25
2011-11-07,39.700286865234375,54.20779037475586,54.493507385253906,53.675323486328125,54.09090805053711,1018171,2026-09-25
2011-11-08,40.87969207763672,55.81818389892578,56.14285659790039,55.06493377685547,56.06493377685547,2200737,2026-09-25
2011-11-09,38.14043426513672,52.07792282104492,53.350650787353516,52.0,53.14285659790039,1934471,2026-09-25
2011-11-10,38.56843948364258,52.66233825683594,53.09090805053711,51.88311767578125,52.83116912841797,1989757,2026-09-25
2011-11-11,39.529083251953125,53.97402572631836,54.42856979370117,52.6363639831543,52.77922058105469,1950718,2026-09-25
2011-11-14,38.20701217651367,52.16883087158203,53.324676513671875,51.88311767578125,53.2337646484375,2001153,2026-09-25
2011-11-15,38.48283004760742,52.54545593261719,53.0,51.71428680419922,51.89610290527344,1126510,2026-09-25
2011-11-16,37.57925796508789,51.31168746948242,52.22077941894531,51.24675369262695,51.75324630737305,1290289,2026-09-25
2011-11-17,36.485469818115234,49.81818389892578,51.03895950317383,49.33766174316406,50.96104049682617,1586046,2026-09-25
2011-11-18,36.20963668823242,49.441558837890625,50.79220962524414,49.324676513671875,50.77922058105469,806575,2026-09-25
2011-11-21,36.18109130859375,49.40259552001953,49.77922058105469,48.2337646484375,48.75324630737305,1727495,2026-09-25
2011-11-22,35.25849151611328,48.14285659790039,49.54545593261719,48.05194854736328,49.18181610107422,1363593,2026-09-25
2011-11-23,34.925594329833984,47.68831253051758,48.2337646484375,47.389610290527344,48.22077941894531,1388618,2026-09-25
2011-11-25,34.440528869628906,47.02597427368164,47.90909194946289,47.0,47.01298522949219,586509,2026-09-25
2011-11-28,35.66748046875,48.701297760009766,49.02597427368164,48.3636360168457,48.77922058105469,978285,2026-09-25
2011-11-29,35.37263488769531,48.298702239990234,48.7662353515625,48.07792282104492,48.467533111572266,1165549,2026-09-25
2011-11-30,37.59828186035156,51.33766174316406,51.40259552001953,49.66233825683594,49.81818389892578,3132437,2026-09-25
2011-12-01,37.408058166503906,51.07792282104492,51.3636360168457,50.727272033691406,50.83116912841797,2859934,2026-09-25
2011-12-02,38.673065185546875,52.80519485473633,53.06493377685547,51.77922058105469,51.79220962524414,3345265,2026-09-25
2011-12-05,39.32935333251953,53.701297760009766,54.31168746948242,53.298702239990234,53.45454406738281,4074301,2026-09-25
2011-12-06,39.58615493774414,54.05194854736328,54.40259552001953,53.11688232421875,53.22077941894531,3796870,2026-09-25
2011-12-07,39.957096099853516,54.558441162109375,54.74026107788086,53.493507385253906,53.80519485473633,1840300,2026-09-25
2011-12-08,39.06303405761719,53.33766174316406,54.350650787353516,53.18181610107422,53.83116912841797,4201967,2026-09-25
2011-12-09,39.56712341308594,54.02597427368164,54.493507385253906,52.74026107788086,52.90909194946289,1886500,2026-09-25
2011-12-12,38.11189651489258,52.03895950317383,52.79220962524414,51.68831253051758,52.7662353515625,1113959,2026-09-25
2011-12-13,37.19880676269531,50.79220962524414,52.272727966308594,50.558441162109375,51.71428680419922,1641794,2026-09-25
2011-12-14,37.15126037597656,50.727272033691406,51.01298522949219,50.389610290527344,50.96104049682617,1748208,2026-09-25
2011-12-15,37.34148025512695,50.98701477050781,52.33766174316406,50.558441162109375,52.298702239990234,1282358,2026-09-25
2011-12-16,37.417579650878906,51.09090805053711,51.66233825683594,50.89610290527344,51.05194854736328,1463924,2026-09-25
2011-12-19,37.141746520996094,50.71428680419922,51.675323486328125,50.649349212646484,51.467533111572266,1053437,2026-09-25
2011-12-20,39.23423385620117,53.57143020629883,53.71428680419922,52.54545593261719,52.57143020629883,2301376,2026-09-25
2011-12-21,38.787200927734375,52.96104049682617,53.19480514526367,52.18181610107422,52.649349212646484,1816969,2026-09-25
2011-12-22,39.14863967895508,53.45454406738281,53.727272033691406,52.90909194946289,52.96104049682617,1134210,2026-09-25
2011-12-23,39.424468994140625,53.83116912841797,54.02597427368164,53.506492614746094,53.584415435791016,521444,2026-09-25
2011-12-27,39.54810333251953,54.0,54.532466888427734,53.98701477050781,54.25973892211914,438977,2026-09-25
2011-12-28,39.424468994140625,53.83116912841797,54.324676513671875,53.74026107788086,54.28571319580078,1516669,2026-09-25
2011-12-29,40.18538284301758,54.8701286315918,54.94805145263672,54.05194854736328,54.441558837890625,720874,2026-09-25
2011-12-30,39.74785232543945,54.272727966308594,54.97402572631836,54.272727966308594,54.506492614746094,434896,2026-09-25
2012-01-03,40.15683364868164,54.83116912841797,55.85714340209961,54.610389709472656,55.80519485473633,1121890,2026-09-25
2012-01-04,39.595664978027344,54.06493377685547,54.324676513671875,53.66233825683594,54.155845642089844,1075074,2026-09-25
2012-01-05,39.167659759521484,53.48051834106445,53.97402572631836,52.80519485473633,53.07792282104492,2828210,2026-09-25
2012-01-06,38.91084671020508,53.1298713684082,53.506492614746094,52.68831253051758,53.06493377685547,2052358,2026-09-25
2012-01-09,39.22472381591797,53.558441162109375,54.14285659790039,53.40259552001953,53.506492614746094,2074380,2026-09-25
2012-01-10,39.49103927612305,53.92207717895508,54.14285659790039,53.610389709472656,53.98701477050781,2127433,2026-09-25
2012-01-11,39.79539108276367,54.33766174316406,54.51948165893555,53.66233825683594,54.0,1528065,2026-09-25
2012-01-12,39.700286865234375,54.20779037475586,54.493507385253906,53.701297760009766,54.272727966308594,1152844,2026-09-25
2012-01-13,39.26277160644531,53.610389709472656,53.7662353515625,52.85714340209961,53.701297760009766,1525370,2026-09-25
2012-01-17,40.50874710083008,55.31168746948242,56.07792282104492,54.8701286315918,55.42856979370117,1808576,2026-09-25
2012-01-18,40.15683364868164,54.83116912841797,56.532466888427734,53.51948165893555,56.506492614746094,5088314,2026-09-25
2012-01-19,40.337547302246094,55.07792282104492,55.298702239990234,54.610389709472656,55.24675369262695,1537382,2026-09-25
2012-01-20,41.08894348144531,56.10389709472656,56.19480514526367,54.94805145263672,55.10389709472656,2592590,2026-09-25
2012-01-23,41.68816375732422,56.92207717895508,57.03895950317383,56.40259552001953,56.59740447998047,1369907,2026-09-25
2012-01-24,41.37428283691406,56.493507385253906,56.93506622314453,56.16883087158203,56.42856979370117,1420958,2026-09-25
2012-01-25,41.136505126953125,56.16883087158203,56.22077941894531,55.42856979370117,55.97402572631836,1609223,2026-09-25
2012-01-26,40.87017822265625,55.80519485473633,57.03895950317383,55.57143020629883,56.40259552001953,1605681,2026-09-25
2012-01-27,41.00334548950195,55.98701477050781,56.558441162109375,55.48051834106445,56.09090805053711,1815198,2026-09-25
2012-01-30,40.85115432739258,55.77922058105469,55.94805145263672,55.350650787353516,55.92207717895508,1515283,2026-09-25
2012-01-31,40.88920593261719,55.83116912841797,56.42856979370117,55.48051834106445,56.272727966308594,1270346,2026-09-25
2012-02-01,41.94495391845703,57.272727966308594,57.74026107788086,57.20779037475586,57.3636360168457,1381996,2026-09-25
2012-02-02,42.25883865356445,57.701297760009766,58.09090805053711,57.40259552001953,57.71428680419922,1002155,2026-09-25
2012-02-03,43.32411193847656,59.155845642089844,59.155845642089844,58.2337646484375,58.45454406738281,1105181,2026-09-25
2012-02-06,42.743919372558594,58.3636360168457,58.844154357910156,58.01298522949219,58.844154357910156,1452990,2026-09-25
2012-02-07,42.92464065551758,58.610389709472656,58.701297760009766,58.11688232421875,58.506492614746094,1414567,2026-09-25
2012-02-08,43.07682418823242,58.81818389892578,59.20779037475586,58.33766174316406,58.74026107788086,920920,2026-09-25
2012-02-09,43.2099723815918,59.0,59.16883087158203,58.59740447998047,59.10389709472656,1341109,2026-09-25
2012-02-10,43.03876876831055,58.7662353515625,59.324676513671875,58.51948165893555,59.324676513671875,2417877,2026-09-25
2012-02-13,42.791473388671875,58.42856979370117,58.90909194946289,57.94805145263672,58.68831253051758,2103332,2026-09-25
2012-02-14,43.37165832519531,59.22077941894531,59.28571319580078,58.441558837890625,58.727272033691406,2482788,2026-09-25
2012-02-15,43.19094467163086,58.97402572631836,59.71428680419922,58.88311767578125,59.48051834106445,1856162,2026-09-25
2012-02-16,44.370357513427734,60.584415435791016,60.80519485473633,59.09090805053711,59.1298713684082,1870869,2026-09-25
2012-02-17,44.379859924316406,60.59740447998047,61.298702239990234,60.1298713684082,61.25973892211914,1969044,2026-09-25
2012-02-21,43.942344665527344,60.0,60.8701286315918,59.727272033691406,60.8701286315918,2234386,2026-09-25
2012-02-22,43.714073181152344,59.68831253051758,59.93506622314453,59.3636360168457,59.8701286315918,1867712,2026-09-25
2012-02-23,43.989898681640625,60.06493377685547,60.389610290527344,59.57143020629883,60.350650787353516,2487331,2026-09-25
2012-02-24,44.04697036743164,60.14285659790039,60.74026107788086,60.02597427368164,60.33766174316406,1348655,2026-09-25
2012-02-27,43.818695068359375,59.83116912841797,60.09090805053711,59.05194854736328,59.18181610107422,1681911,2026-09-25
2012-02-28,45.3975830078125,61.98701477050781,62.03895950317383,60.493507385253906,60.51948165893555,2692767,2026-09-25
2012-02-29,43.32411193847656,59.155845642089844,61.14285659790039,59.03895950317383,60.98701477050781,2369829,2026-09-25
2012-03-01,43.171932220458984,58.94805145263672,59.42856979370117,58.79220962524414,59.05194854736328,1496033,2026-09-25
2012-03-02,42.991214752197266,58.701297760009766,59.03895950317383,58.467533111572266,58.94805145263672,1596364,2026-09-25
2012-03-05,42.83903121948242,58.493507385253906,58.68831253051758,57.90909194946289,58.6363639831543,1443519,2026-09-25
2012-03-06,42.55368423461914,58.10389709472656,58.272727966308594,57.24675369262695,57.272727966308594,3244549,2026-09-25
2012-03-07,43.409698486328125,59.272727966308594,59.493507385253906,58.33766174316406,58.415584564208984,1431738,2026-09-25
2012-03-08,44.056488037109375,60.155845642089844,60.45454406738281,59.33766174316406,59.68831253051758,1171863,2026-09-25
2012-03-09,44.398887634277344,60.62337875366211,60.8701286315918,60.02597427368164,60.24675369262695,1144374,2026-09-25
2012-03-12,44.22767639160156,60.389610290527344,60.66233825683594,60.11688232421875,60.415584564208984,720104,2026-09-25
2012-03-13,45.283443450927734,61.83116912841797,61.90909194946289,60.727272033691406,60.727272033691406,1170092,2026-09-25
2012-03-14,45.00761795043945,61.45454406738281,61.98701477050781,61.1298713684082,61.24675369262695,956494,2026-09-25
2012-03-15,45.80657196044922,62.54545593261719,62.59740447998047,61.6363639831543,61.701297760009766,1243011,2026-09-25
2012-03-16,45.701927185058594,62.40259552001953,62.83116912841797,62.25973892211914,62.493507385253906,665126,2026-09-25
2012-03-19,45.987274169921875,62.79220962524414,63.2337646484375,62.3636360168457,62.701297760009766,733579,2026-09-25
2012-03-20,46.158477783203125,63.02597427368164,63.28571319580078,61.97402572631836,62.11688232421875,1258180,2026-09-25
2012-03-21,46.07289123535156,62.90909194946289,63.75324630737305,62.79220962524414,63.467533111572266,1998920,2026-09-25
2012-03-22,45.46415328979492,62.07792282104492,62.33766174316406,61.610389709472656,61.81818389892578,1412873,2026-09-25
2012-03-23,45.435611724853516,62.03895950317383,62.298702239990234,61.610389709472656,61.727272033691406,691614,2026-09-25
2012-03-26,46.538944244384766,63.54545593261719,63.6363639831543,62.85714340209961,63.0,1093015,2026-09-25
2012-03-27,46.60551452636719,63.6363639831543,63.94805145263672,63.415584564208984,63.71428680419922,1127511,2026-09-25
2012-03-28,46.500892639160156,63.493507385253906,64.44155883789062,62.96104049682617,64.41558074951172,1320550,2026-09-25
2012-03-29,47.2142448425293,64.467529296875,64.532470703125,63.20779037475586,63.389610290527344,1371293,2026-09-25
2012-03-30,47.68980407714844,65.11688232421875,65.35064697265625,64.2727279663086,65.05194854736328,1519826,2026-09-25
2012-04-02,48.26999282836914,65.90908813476562,66.1948013305664,64.98701477050781,65.2727279663086,1467697,2026-09-25
2012-04-03,47.51860427856445,64.88311767578125,65.93506622314453,64.59740447998047,65.68830871582031,1379763,2026-09-25
2012-04-04,45.825592041015625,62.57143020629883,63.649349212646484,61.94805145263672,63.45454406738281,2407559,2026-09-25
2012-04-05,45.64488220214844,62.324676513671875,62.649349212646484,62.14285659790039,62.24675369262695,1031954,2026-09-25
2012-04-09,45.72096252441406,62.42856979370117,62.75324630737305,61.467533111572266,61.71428680419922,617848,2026-09-25
2012-04-10,44.87445068359375,61.272727966308594,62.649349212646484,61.10389709472656,62.18181610107422,1046122,2026-09-25
2012-04-11,44.807865142822266,61.18181610107422,61.97402572631836,61.11688232421875,61.37662124633789,1766842,2026-09-25
2012-04-12,46.51991271972656,63.51948165893555,64.38961029052734,62.22077941894531,62.25973892211914,3326246,2026-09-25
2012-04-13,46.310665130615234,63.2337646484375,63.59740447998047,62.79220962524414,63.54545593261719,1659504,2026-09-25
2012-04-16,46.92889404296875,64.07791900634766,64.44155883789062,63.22077941894531,63.493507385253906,1885961,2026-09-25
2012-04-17,47.014495849609375,64.1948013305664,65.15584564208984,64.09091186523438,64.51947784423828,2459765,2026-09-25
2012-04-18,46.88134765625,64.01298522949219,64.36363220214844,62.0,62.09090805053711,3852002,2026-09-25
2012-04-19,47.604217529296875,65.0,66.68830871582031,64.37662506103516,65.89610290527344,2637327,2026-09-25
2012-04-20,47.166683197021484,64.40259552001953,65.67532348632812,64.28571319580078,65.0389633178711,2472547,2026-09-25
2012-04-23,45.825592041015625,62.57143020629883,63.389610290527344,62.28571319580078,63.33766174316406,2218447,2026-09-25
2012-04-24,45.9492301940918,62.74026107788086,63.6363639831543,62.20779037475586,63.51948165893555,2165856,2026-09-25
2012-04-25,47.071571350097656,64.2727279663086,64.33766174316406,63.45454406738281,64.20779418945312,1408253,2026-09-25
2012-04-26,49.021400451660156,66.93506622314453,67.22077941894531,65.07791900634766,65.12986755371094,2589433,2026-09-25
2012-04-27,48.60288619995117,66.36363220214844,66.84415435791016,65.9610366821289,66.70130157470703,1331561,2026-09-25
2012-04-30,49.06768798828125,66.22077941894531,66.70130157470703,65.54545593261719,65.58441925048828,1286978,2026-09-25
2012-05-01,49.3178825378418,66.55844116210938,67.02597045898438,66.06493377685547,66.29869842529297,780934,2026-09-25
2012-05-02,48.61540603637695,65.61038970947266,65.89610290527344,65.1948013305664,65.467529296875,1519749,2026-09-25
2012-05-03,47.86480712890625,64.59740447998047,65.62337493896484,64.54545593261719,65.33766174316406,935088,2026-09-25
2012-05-04,46.76779556274414,63.11688232421875,64.2727279663086,62.83116912841797,63.80519485473633,768845,2026-09-25
2012-05-07,47.335540771484375,63.88311767578125,64.22077941894531,63.324676513671875,63.74026107788086,1083621,2026-09-25
2012-05-08,46.825531005859375,63.19480514526367,63.415584564208984,62.02597427368164,62.7662353515625,1405943,2026-09-25
2012-05-09,46.14229965209961,62.272727966308594,62.6363639831543,61.42856979370117,61.68831253051758,1848385,2026-09-25
2012-05-10,46.007568359375,62.09090805053711,62.558441162109375,61.558441162109375,62.18181610107422,2193961,2026-09-25
2012-05-11,46.604190826416016,62.89610290527344,64.0389633178711,61.88311767578125,61.88311767578125,2015552,2026-09-25
2012-05-14,45.38208770751953,61.24675369262695,61.727272033691406,60.6363639831543,61.06493377685547,1831445,2026-09-25
2012-05-15,45.68039321899414,61.649349212646484,62.1298713684082,61.06493377685547,61.155845642089844,1528527,2026-09-25
2012-05-16,44.57374572753906,60.155845642089844,61.441558837890625,60.10389709472656,61.389610290527344,1751596,2026-09-25
2012-05-17,43.46710205078125,58.66233825683594,60.1298713684082,58.649349212646484,59.77922058105469,1166781,2026-09-25
2012-05-18,43.18803405761719,58.28571319580078,59.272727966308594,58.24675369262695,59.2337646484375,1974896,2026-09-25
2012-05-21,44.53525161743164,60.10389709472656,60.2337646484375,58.7662353515625,59.155845642089844,1216831,2026-09-25
2012-05-22,44.98752975463867,60.71428680419922,61.10389709472656,60.298702239990234,60.7662353515625,1152151,2026-09-25
2012-05-23,44.6314811706543,60.2337646484375,60.298702239990234,58.93506622314453,60.01298522949219,991221,2026-09-25
2012-05-24,44.477516174316406,60.02597427368164,60.649349212646484,59.532466888427734,60.28571319580078,555016,2026-09-25
2012-05-25,44.265804290771484,59.74026107788086,60.0,58.94805145263672,59.02597427368164,1096557,2026-09-25
2012-05-29,45.218482971191406,61.02597427368164,61.85714340209961,60.83116912841797,61.59740447998047,1059289,2026-09-25
2012-05-30,44.13108825683594,59.558441162109375,60.10389709472656,59.467533111572266,59.90909194946289,1504118,2026-09-25
2012-05-31,44.082977294921875,59.493507385253906,59.88311767578125,59.10389709472656,59.701297760009766,695387,2026-09-25
2012-06-01,42.14875030517578,56.88311767578125,58.22077941894531,56.80519485473633,57.83116912841797,2147376,2026-09-25
2012-06-04,42.31233596801758,57.10389709472656,57.6363639831543,56.92207717895508,57.415584564208984,1189265,2026-09-25
2012-06-05,43.42859649658203,58.610389709472656,58.90909194946289,57.92207717895508,57.97402572631836,838838,2026-09-25
2012-06-06,45.5552864074707,61.48051834106445,61.506492614746094,59.24675369262695,59.25973892211914,1174712,2026-09-25
2012-06-07,45.49755859375,61.40259552001953,62.74026107788086,61.31168746948242,62.727272033691406,1640947,2026-09-25
2012-06-08,46.084556579589844,62.19480514526367,62.324676513671875,61.03895950317383,61.06493377685547,1555015,2026-09-25
2012-06-11,45.853614807128906,61.88311767578125,63.389610290527344,61.77922058105469,63.06493377685547,1216908,2026-09-25
2012-06-12,47.08534622192383,63.54545593261719,63.649349212646484,61.71428680419922,61.92207717895508,1138830,2026-09-25
2012-06-13,47.87444305419922,64.61038970947266,65.2727279663086,63.80519485473633,64.35064697265625,1935010,2026-09-25
2012-06-14,47.181575775146484,63.675323486328125,64.32467651367188,63.03895950317383,64.14286041259766,1326094,2026-09-25
2012-06-15,48.04764938354492,64.84415435791016,64.97402954101562,64.0389633178711,64.10389709472656,948640,2026-09-25
2012-06-18,48.56730651855469,65.54545593261719,65.84415435791016,64.38961029052734,64.7402572631836,1648955,2026-09-25
2012-06-19,48.932979583740234,66.0389633178711,66.67532348632812,65.51947784423828,65.59740447998047,1091244,2026-09-25
2012-06-20,48.644283294677734,65.64935302734375,66.16883087158203,64.9610366821289,66.11688232421875,1288210,2026-09-25
2012-06-21,48.62501907348633,65.62337493896484,68.07791900634766,65.38961029052734,67.88311767578125,1985060,2026-09-25
2012-06-22,47.87444305419922,64.61038970947266,65.64935302734375,64.55844116210938,65.10389709472656,4729648,2026-09-25
2012-06-25,46.69081115722656,63.01298522949219,64.2337646484375,62.89610290527344,64.22077941894531,2054052,2026-09-25
2012-06-26,46.45023727416992,62.68831253051758,63.40259552001953,61.701297760009766,63.24675369262695,1809962,2026-09-25
2012-06-27,47.229698181152344,63.74026107788086,64.05194854736328,63.22077941894531,63.675323486328125,1786477,2026-09-25
2012-06-28,46.85440444946289,63.2337646484375,63.298702239990234,62.415584564208984,62.51948165893555,763224,2026-09-25
2012-06-29,49.481475830078125,66.77922058105469,67.16883087158203,65.40259552001953,65.63636779785156,3151841,2026-09-25
2012-07-02,50.22243881225586,67.77922058105469,67.88311767578125,66.8051986694336,67.45454406738281,821436,2026-09-25
2012-07-03,50.63624954223633,68.33766174316406,68.66233825683594,67.35064697265625,67.51947784423828,408408,2026-09-25
2012-07-05,49.82790756225586,67.24674987792969,67.61038970947266,66.61038970947266,66.88311767578125,667898,2026-09-25
2012-07-06,47.55686950683594,64.18181610107422,65.68830871582031,64.14286041259766,65.40259552001953,1251327,2026-09-25
2012-07-09,46.6330680847168,62.93506622314453,63.68831253051758,62.77922058105469,63.584415435791016,2043734,2026-09-25
2012-07-10,50.5881233215332,68.2727279663086,69.22077941894531,67.532470703125,67.68830871582031,7052507,2026-09-25
2012-07-11,49.26015853881836,66.48052215576172,67.79220581054688,66.15584564208984,67.63636779785156,2272039,2026-09-25
2012-07-12,48.5865478515625,65.57142639160156,66.94805145263672,65.24674987792969,66.94805145263672,3336102,2026-09-25
2012-07-13,49.26015853881836,66.48052215576172,66.62337493896484,65.64935302734375,65.77922058105469,1472933,2026-09-25
2012-07-16,49.06768798828125,66.22077941894531,66.59740447998047,65.84415435791016,66.54545593261719,1034649,2026-09-25
2012-07-17,49.55846405029297,66.88311767578125,67.16883087158203,65.45454406738281,66.94805145263672,1230845,2026-09-25
2012-07-18,52.51272964477539,70.87013244628906,71.1948013305664,67.22077941894531,67.41558074951172,2684836,2026-09-25
2012-07-19,53.64823913574219,72.40259552001953,72.88311767578125,71.61038970947266,72.84415435791016,2339337,2026-09-25
2012-07-20,53.37879943847656,72.0389633178711,72.94805145263672,71.51947784423828,72.48052215576172,1498266,2026-09-25
2012-07-23,53.40766525268555,72.07791900634766,72.58441925048828,70.2727279663086,70.58441925048828,1536997,2026-09-25
2012-07-24,52.52235794067383,70.88311767578125,71.33766174316406,70.42857360839844,70.7272720336914,2759757,2026-09-25
2012-07-25,52.51272964477539,70.87013244628906,72.44155883789062,70.54545593261719,72.42857360839844,2183027,2026-09-25
2012-07-26,54.98583221435547,74.20779418945312,74.40259552001953,72.7402572631836,73.18181610107422,1889580,2026-09-25
2012-07-27,56.640995025634766,76.44155883789062,76.75325012207031,74.532470703125,74.87013244628906,1511818,2026-09-25
2012-07-30,56.573631286621094,76.35064697265625,76.88311767578125,75.36363220214844,75.36363220214844,2209438,2026-09-25
2012-07-31,55.3322639465332,74.67532348632812,76.8051986694336,74.64935302734375,76.33766174316406,2476243,2026-09-25
2012-08-01,54.39882278442383,73.41558074951172,75.24674987792969,73.33766174316406,75.1948013305664,1874950,2026-09-25
2012-08-02,53.75408935546875,72.54545593261719,73.4935073852539,72.05194854736328,72.55844116210938,2058133,2026-09-25
2012-08-03,55.928890228271484,75.48052215576172,76.05194854736328,74.54545593261719,74.75325012207031,2156924,2026-09-25
2012-08-06,54.06202697753906,72.9610366821289,75.51947784423828,72.88311767578125,75.31169128417969,3008467,2026-09-25
2012-08-07,55.66908264160156,75.12986755371094,75.62337493896484,74.77922058105469,75.532470703125,1412026,2026-09-25
2012-08-08,55.34189224243164,74.68830871582031,74.88311767578125,73.15584564208984,73.63636779785156,1517901,2026-09-25
2012-08-09,55.41886520385742,74.79220581054688,75.1948013305664,74.45454406738281,74.532470703125,876106,2026-09-25
2012-08-10,55.428497314453125,74.8051986694336,74.92208099365234,74.0389633178711,74.2597427368164,486101,2026-09-25
2012-08-13,54.93771743774414,74.14286041259766,74.57142639160156,73.532470703125,74.42857360839844,530607,2026-09-25
2012-08-14,55.22640609741211,74.532470703125,75.16883087158203,74.16883087158203,74.98701477050781,1136135,2026-09-25
2012-08-15,55.37075424194336,74.7272720336914,75.16883087158203,74.14286041259766,74.58441925048828,945098,2026-09-25
2012-08-16,55.55359649658203,74.97402954101562,75.2597427368164,73.92208099365234,74.16883087158203,767151,2026-09-25
2012-08-17,55.87114715576172,75.40259552001953,75.41558074951172,74.67532348632812,75.18181610107422,562023,2026-09-25
2012-08-20,55.774932861328125,75.2727279663086,75.64935302734375,74.81818389892578,75.07791900634766,654423,2026-09-25
2012-08-21,56.2945556640625,75.97402954101562,76.77922058105469,75.41558074951172,76.42857360839844,1233848,2026-09-25
2012-08-22,56.640995025634766,76.44155883789062,76.54545593261719,75.467529296875,75.58441925048828,781473,2026-09-25
2012-08-23,55.44774627685547,74.83116912841797,76.12986755371094,74.64935302734375,75.8051986694336,643104,2026-09-25
2012-08-24,55.592071533203125,75.02597045898438,75.40259552001953,74.32467651367188,74.59740447998047,847770,2026-09-25
2012-08-27,55.83266067504883,75.35064697265625,75.54545593261719,74.67532348632812,75.532470703125,863940,2026-09-25
2012-08-28,54.167869567871094,73.10389709472656,73.98701477050781,72.63636779785156,73.98701477050781,2645258,2026-09-25
2012-08-29,54.84149169921875,74.01298522949219,74.48052215576172,73.4935073852539,74.06493377685547,937937,2026-09-25
2012-08-30,53.734825134277344,72.51947784423828,73.7402572631836,72.44155883789062,73.7272720336914,1444058,2026-09-25
2012-08-31,54.62979507446289,73.7272720336914,73.9610366821289,72.81818389892578,73.63636779785156,826133,2026-09-25
2012-09-04,54.01389694213867,72.89610290527344,73.84415435791016,72.467529296875,73.75325012207031,832524,2026-09-25
2012-09-05,53.9561653137207,72.81818389892578,73.93506622314453,72.70130157470703,73.5064926147461,822052,2026-09-25
2012-09-06,55.68831253051758,75.15584564208984,75.37662506103516,73.09091186523438,73.14286041259766,1092784,2026-09-25
2012-09-07,54.67789840698242,73.79220581054688,74.07791900634766,72.59740447998047,73.67532348632812,2894045,2026-09-25
2012-09-10,53.33066940307617,71.97402954101562,73.29869842529297,71.90908813476562,73.22077941894531,1666973,2026-09-25
2012-09-11,53.46540451049805,72.15584564208984,72.87013244628906,71.83116912841797,72.09091186523438,964810,2026-09-25
2012-09-12,53.52314758300781,72.2337646484375,73.40259552001953,71.90908813476562,73.2727279663086,973973,2026-09-25
2012-09-13,54.04277420043945,72.93506622314453,73.2597427368164,71.89610290527344,72.40259552001953,1322475,2026-09-25
2012-09-14,54.97620391845703,74.1948013305664,75.54545593261719,73.84415435791016,74.22077941894531,1253175,2026-09-25
2012-09-17,55.17829132080078,74.467529296875,74.94805145263672,74.10389709472656,74.7402572631836,870485,2026-09-25
2012-09-18,54.273719787597656,73.24674987792969,74.15584564208984,72.9610366821289,74.15584564208984,1299298,2026-09-25
2012-09-19,52.503108978271484,70.85713958740234,71.9610366821289,70.79220581054688,71.42857360839844,3381917,2026-09-25
2012-09-20,52.483856201171875,70.83116912841797,71.2727279663086,70.36363220214844,70.9610366821289,2815505,2026-09-25
2012-09-21,51.906471252441406,70.05194854736328,70.54545593261719,69.88311767578125,70.14286041259766,1918378,2026-09-25
2012-09-24,50.4149055480957,68.0389633178711,69.11688232421875,67.98701477050781,68.77922058105469,2045274,2026-09-25
2012-09-25,51.396453857421875,69.36363220214844,70.64935302734375,69.18181610107422,70.14286041259766,2774772,2026-09-25
2012-09-26,50.67473220825195,68.38961029052734,68.67532348632812,67.31169128417969,68.35064697265625,2172016,2026-09-25
2012-09-27,52.185543060302734,70.42857360839844,70.68830871582031,69.2727279663086,70.18181610107422,1871408,2026-09-25
2012-09-28,51.65627670288086,69.71428680419922,70.15584564208984,69.32467651367188,69.7272720336914,2119964,2026-09-25
2012-10-01,51.3772087097168,69.33766174316406,70.77922058105469,68.9610366821289,69.90908813476562,1310001,2026-09-25
2012-10-02,51.91608810424805,70.06493377685547,71.31169128417969,69.42857360839844,70.75325012207031,1757140,2026-09-25
2012-10-03,52.87839126586914,71.36363220214844,71.55844116210938,70.7402572631836,71.22077941894531,1886808,2026-09-25
2012-10-04,53.551998138427734,72.2727279663086,72.54545593261719,71.70130157470703,72.51947784423828,1498420,2026-09-25
2012-10-05,53.994667053222656,72.87013244628906,73.92208099365234,72.57142639160156,73.71428680419922,2326632,2026-09-25
2012-10-08,52.93613815307617,71.44155883789062,72.20779418945312,71.15584564208984,72.15584564208984,1343111,2026-09-25
2012-10-09,52.26253128051758,70.532470703125,71.06493377685547,69.87013244628906,71.02597045898438,1849001,2026-09-25
2012-10-10,51.41569519042969,69.38961029052734,70.09091186523438,69.22077941894531,69.66233825683594,1011395,2026-09-25
2012-10-11,51.0404052734375,68.88311767578125,70.05194854736328,68.62337493896484,69.22077941894531,1791944,2026-09-25
2012-10-12,50.99229049682617,68.81818389892578,69.90908813476562,68.66233825683594,69.2727279663086,3357508,2026-09-25
2012-10-15,50.81907653808594,68.58441925048828,68.71428680419922,67.38961029052734,68.12986755371094,1904441,2026-09-25
2012-10-16,51.56965637207031,69.59740447998047,70.2727279663086,69.42857360839844,70.06493377685547,2953489,2026-09-25
2012-10-17,48.19198989868164,65.0389633178711,68.36363220214844,63.28571319580078,68.20779418945312,18503870,2026-09-25
2012-10-18,49.40449905395508,66.67532348632812,67.75325012207031,65.41558074951172,65.41558074951172,13391840,2026-09-25
2012-10-19,50.21282958984375,67.7662353515625,68.24674987792969,67.1948013305664,67.37662506103516,8227373,2026-09-25
2012-10-22,51.30021667480469,69.2337646484375,70.10389709472656,68.88311767578125,69.84415435791016,5877487,2026-09-25
2012-10-23,50.85757064819336,68.63636779785156,68.9610366821289,67.77922058105469,68.18181610107422,4052048,2026-09-25
2012-10-24,51.84873580932617,69.97402954101562,70.66233825683594,69.45454406738281,70.63636779785156,5489638,2026-09-25
2012-10-25,52.281768798828125,70.55844116210938,70.93506622314453,69.97402954101562,70.71428680419922,5069603,2026-09-25
2012-10-26,52.301021575927734,70.58441925048828,71.45454406738281,70.2727279663086,70.7662353515625,4113186,2026-09-25
2012-10-31,52.907257080078125,71.40259552001953,72.29869842529297,70.85713958740234,72.29869842529297,3339798,2026-09-25
2012-11-01,54.167869567871094,73.10389709472656,73.29869842529297,71.7272720336914,72.02597045898438,3074841,2026-09-25
2012-11-02,54.17750549316406,73.11688232421875,74.24674987792969,72.94805145263672,74.16883087158203,3710091,2026-09-25
2012-11-05,54.437320709228516,73.467529296875,73.64935302734375,72.33766174316406,72.41558074951172,1177638,2026-09-25
2012-11-06,55.3322639465332,74.67532348632812,74.7272720336914,73.64935302734375,73.7402572631836,1232385,2026-09-25
2012-11-07,53.725223541259766,72.5064926147461,72.89610290527344,71.87013244628906,72.42857360839844,2290057,2026-09-25
2012-11-08,52.78217697143555,71.2337646484375,72.77922058105469,71.2337646484375,72.54545593261719,1744974,2026-09-25
2012-11-09,53.29219055175781,71.92208099365234,72.467529296875,71.0,71.07791900634766,2095786,2026-09-25
2012-11-12,53.1574592590332,71.7402572631836,72.18181610107422,71.51947784423828,72.07791900634766,604450,2026-09-25
2012-11-13,52.73405075073242,71.16883087158203,72.0389633178711,70.8051986694336,70.9610366821289,1736427,2026-09-25
2012-11-14,53.051605224609375,71.59740447998047,72.83116912841797,71.40259552001953,72.7402572631836,3376527,2026-09-25
2012-11-15,51.52155685424805,69.532470703125,71.1948013305664,69.28571319580078,70.94805145263672,2303840,2026-09-25
2012-11-16,52.83991241455078,71.31169128417969,71.45454406738281,70.0389633178711,71.1948013305664,2164855,2026-09-25
2012-11-19,53.311431884765625,71.94805145263672,72.32467651367188,71.42857360839844,71.68830871582031,913528,2026-09-25
2012-11-20,53.51352310180664,72.22077941894531,72.7662353515625,71.68830871582031,72.58441925048828,1719641,2026-09-25
2012-11-21,52.955379486083984,71.467529296875,72.14286041259766,71.20779418945312,71.98701477050781,1287902,2026-09-25
2012-11-23,55.36112594604492,74.71428680419922,75.38961029052734,73.42857360839844,73.77922058105469,1444520,2026-09-25
2012-11-26,55.68831253051758,75.15584564208984,75.71428680419922,74.42857360839844,75.67532348632812,1537536,2026-09-25
2012-11-27,56.438907623291016,76.16883087158203,76.81818389892578,75.57142639160156,75.9610366821289,1878800,2026-09-25
2012-11-28,57.01629638671875,76.94805145263672,76.9610366821289,75.2337646484375,75.62337493896484,1248324,2026-09-25
2012-11-29,54.72255325317383,62.459999084472656,63.400001525878906,61.91999816894531,62.619998931884766,3158400,2026-09-25
2012-11-30,54.81892013549805,62.56999969482422,63.08000183105469,62.11000061035156,62.720001220703125,2942400,2026-09-25
2012-12-03,54.766361236572266,62.5099983215332,63.209999084472656,62.40999984741211,63.02000045776367,3635300,2026-09-25
2012-12-04,53.81138610839844,61.41999816894531,61.939998626708984,60.900001525878906,61.720001220703125,4463300,2026-09-25
2012-12-05,54.48600769042969,62.189998626708984,62.27000045776367,61.380001068115234,61.400001525878906,2156300,2026-09-25
2012-12-06,54.80141067504883,62.54999923706055,62.720001220703125,62.040000915527344,62.31999969482422,2015600,2026-09-25
2012-12-07,55.63372039794922,63.5,63.52000045776367,62.54999923706055,62.63999938964844,1720300,2026-09-25
2012-12-10,55.73884963989258,63.619998931884766,63.83000183105469,63.130001068115234,63.130001068115234,1577300,2026-09-25
2012-12-11,55.966644287109375,63.880001068115234,64.37000274658203,63.84000015258789,64.13999938964844,1059900,2026-09-25
2012-12-12,55.4935417175293,63.34000015258789,63.790000915527344,63.09000015258789,63.41999816894531,1953900,2026-09-25
2012-12-13,54.932823181152344,62.70000076293945,63.470001220703125,62.630001068115234,63.400001525878906,2274500,2026-09-25
2012-12-14,55.75638198852539,63.63999938964844,63.790000915527344,62.41999816894531,62.41999816894531,3746900,2026-09-25
2012-12-17,55.721343994140625,63.599998474121094,64.0,63.33000183105469,64.0,2016600,2026-09-25
2012-12-18,56.09807205200195,64.02999877929688,64.08999633789062,63.68000030517578,63.79999923706055,2380000,2026-09-25
2012-12-19,56.20320129394531,64.1500015258789,64.72000122070312,63.75,64.58999633789062,2832900,2026-09-25
2012-12-20,56.66754150390625,64.68000030517578,64.97000122070312,64.2300033569336,64.52999877929688,1146900,2026-09-25
2012-12-21,55.58115005493164,63.439998626708984,63.720001220703125,62.95000076293945,63.599998474121094,2110400,2026-09-25
2012-12-24,55.43222427368164,63.27000045776367,63.689998626708984,63.150001525878906,63.58000183105469,350500,2026-09-25
2012-12-26,55.22195816040039,63.029998779296875,63.86000061035156,62.599998474121094,63.810001373291016,841400,2026-09-25
2012-12-27,55.69504928588867,63.56999969482422,63.869998931884766,62.560001373291016,63.810001373291016,1147500,2026-09-25
2012-12-28,55.3095588684082,63.130001068115234,63.56999969482422,62.95000076293945,63.38999938964844,769000,2026-09-25
2012-12-31,56.413475036621094,64.38999938964844,64.5199966430664,63.09000015258789,63.16999816894531,1710600,2026-09-25
2013-01-02,58.507408142089844,66.77999877929688,66.77999877929688,65.77999877929688,65.9800033569336,1824000,2026-09-25
2013-01-03,57.28082275390625,65.37999725341797,66.29000091552734,65.05999755859375,65.98999786376953,1725400,2026-09-25
2013-01-04,56.693824768066406,64.70999908447266,65.05000305175781,64.3499984741211,64.63999938964844,3170800,2026-09-25
2013-01-07,55.77389144897461,63.65999984741211,63.869998931884766,63.09000015258789,63.349998474121094,2066100,2026-09-25
2013-01-08,55.31831741333008,63.13999938964844,63.56999969482422,62.79999923706055,63.400001525878906,1182400,2026-09-25
2013-01-09,55.63372039794922,63.5,63.79999923706055,63.290000915527344,63.41999816894531,879100,2026-09-25
2013-01-10,56.658775329589844,64.66999816894531,64.69000244140625,63.939998626708984,64.55999755859375,1648300,2026-09-25
2013-01-11,57.315879821777344,65.41999816894531,65.76000213623047,64.94000244140625,65.2300033569336,1518000,2026-09-25
2013-01-14,56.4222412109375,64.4000015258789,65.2699966430664,64.25,65.19999694824219,1477000,2026-09-25
2013-01-15,55.2657470703125,63.08000183105469,63.279998779296875,62.720001220703125,62.79999923706055,1561300,2026-09-25
2013-01-16,55.914085388183594,63.81999969482422,63.9900016784668,63.13999938964844,63.16999816894531,1615100,2026-09-25
2013-01-17,59.88291931152344,68.3499984741211,69.62000274658203,65.37000274658203,65.4800033569336,8003800,2026-09-25
2013-01-18,60.601322174072266,69.16999816894531,69.31999969482422,68.44000244140625,68.94999694824219,2758200,2026-09-25
2013-01-22,61.258419036865234,69.91999816894531,70.04000091552734,69.33999633789062,69.76000213623047,1369100,2026-09-25
2013-01-23,60.662662506103516,69.23999786376953,69.45999908447266,68.51000213623047,69.25,1824800,2026-09-25
2013-01-24,62.3710823059082,71.19000244140625,71.30000305175781,70.3499984741211,70.48999786376953,2386500,2026-09-25
2013-01-25,64.8680419921875,74.04000091552734,74.23999786376953,72.5199966430664,72.69000244140625,3443000,2026-09-25
2013-01-28,66.12091064453125,75.47000122070312,76.44000244140625,74.69999694824219,76.20999908447266,3454400,2026-09-25
2013-01-29,65.94566345214844,75.2699966430664,75.30999755859375,74.58999633789062,74.70999908447266,1665900,2026-09-25
2013-01-30,65.9018783569336,75.22000122070312,75.9800033569336,75.0199966430664,75.56999969482422,1658400,2026-09-25
2013-01-31,65.78797912597656,75.08999633789062,75.9000015258789,74.69000244140625,75.69000244140625,1844600,2026-09-25
2013-02-01,68.521484375,78.20999908447266,78.30000305175781,76.7300033569336,77.63999938964844,3894800,2026-09-25
2013-02-04,66.96197509765625,76.43000030517578,77.66000366210938,76.22000122070312,76.95999908447266,1302300,2026-09-25
2013-02-05,67.02330780029297,76.5,77.0999984741211,75.91999816894531,75.98999786376953,4528800,2026-09-25
2013-02-06,66.57647705078125,75.98999786376953,76.5999984741211,75.36000061035156,75.87999725341797,1089800,2026-09-25
2013-02-07,65.96319580078125,75.29000091552734,75.38999938964844,74.44000244140625,75.30999755859375,1396400,2026-09-25
2013-02-08,65.51638793945312,74.77999877929688,75.44000244140625,74.58000183105469,74.87000274658203,1612900,2026-09-25
2013-02-11,65.63027954101562,74.91000366210938,75.08999633789062,74.48999786376953,74.87999725341797,645600,2026-09-25
2013-02-12,65.674072265625,74.95999908447266,75.44999694824219,74.69000244140625,74.86000061035156,771400,2026-09-25
2013-02-13,65.060791015625,74.26000213623047,74.9800033569336,73.95999908447266,74.18000030517578,1644300,2026-09-25
2013-02-14,65.57770538330078,74.8499984741211,74.93000030517578,73.43000030517578,73.61000061035156,939600,2026-09-25
2013-02-15,63.6414909362793,72.63999938964844,73.9000015258789,72.51000213623047,73.86000061035156,1554000,2026-09-25
2013-02-19,64.79796600341797,73.95999908447266,74.05000305175781,73.30000305175781,73.83000183105469,1050900,2026-09-25
2013-02-20,63.21218490600586,72.1500015258789,74.37000274658203,72.13999938964844,74.01000213623047,1005900,2026-09-25
2013-02-21,61.8717155456543,70.62000274658203,70.97000122070312,70.36000061035156,70.91999816894531,1237700,2026-09-25
2013-02-22,62.77412033081055,71.6500015258789,71.83000183105469,70.5,70.83999633789062,1217700,2026-09-25
2013-02-25,61.09196090698242,69.7300033569336,72.95999908447266,69.66999816894531,72.75,1522300,2026-09-25
2013-02-26,62.6865234375,71.55000305175781,71.94000244140625,70.43000030517578,70.63999938964844,1599900,2026-09-25
2013-02-27,62.896759033203125,71.79000091552734,71.83000183105469,70.6500015258789,70.66999816894531,1356600,2026-09-25
2013-02-28,62.18712615966797,70.9800033569336,71.83000183105469,70.97000122070312,71.26000213623047,1357900,2026-09-25
2013-03-01,62.756595611572266,71.62999725341797,71.87999725341797,69.9000015258789,70.31999969482422,2732100,2026-09-25
2013-03-04,62.20462417602539,71.0,71.29000091552734,70.16000366210938,71.26000213623047,1286500,2026-09-25
2013-03-05,63.32606887817383,72.27999877929688,72.81999969482422,71.45999908447266,71.58000183105469,1644300,2026-09-25
2013-03-06,63.11580276489258,72.04000091552734,73.23999786376953,71.94000244140625,73.1500015258789,1582000,2026-09-25
2013-03-07,62.0644416809082,70.83999633789062,72.05000305175781,70.75,71.97000122070312,1399900,2026-09-25
2013-03-08,61.09196090698242,69.7300033569336,70.37000274658203,69.41999816894531,70.27999877929688,2322000,2026-09-25
2013-03-11,61.31098937988281,69.9800033569336,70.54000091552734,69.26000213623047,69.36000061035156,1121500,2026-09-25
2013-03-12,60.85541534423828,69.45999908447266,70.4000015258789,69.2300033569336,70.4000015258789,1690700,2026-09-25
2013-03-13,61.05690383911133,69.69000244140625,70.41000366210938,69.30999755859375,69.81999969482422,1676700,2026-09-25
2013-03-14,62.90553283691406,71.80000305175781,71.86000061035156,70.87999725341797,70.87999725341797,1576200,2026-09-25
2013-03-15,62.04692840576172,70.81999969482422,71.9000015258789,69.91999816894531,71.87999725341797,3375000,2026-09-25
2013-03-18,61.12699890136719,69.7699966430664,70.5999984741211,69.44000244140625,69.94000244140625,960900,2026-09-25
2013-03-19,60.9955940246582,69.62000274658203,70.23999786376953,68.72000122070312,69.7699966430664,1220500,2026-09-25
2013-03-20,61.3022346496582,69.97000122070312,70.18000030517578,69.69000244140625,69.83999633789062,1173600,2026-09-25
2013-03-21,60.64512634277344,69.22000122070312,70.02999877929688,69.16000366210938,69.44000244140625,1206100,2026-09-25
2013-03-22,59.85662841796875,68.31999969482422,68.7300033569336,67.93000030517578,68.5199966430664,2700200,2026-09-25
2013-03-25,60.172035217285156,68.68000030517578,69.37000274658203,68.16000366210938,68.55999755859375,1240100,2026-09-25
2013-03-26,58.66510009765625,66.95999908447266,67.81999969482422,66.19999694824219,67.58999633789062,2013900,2026-09-25
2013-03-27,58.05183410644531,66.26000213623047,66.31999969482422,64.93000030517578,65.12999725341797,3850400,2026-09-25
2013-03-28,59.56752014160156,67.98999786376953,68.18000030517578,66.63999938964844,66.69000244140625,2376400,2026-09-25
2013-04-01,58.77024459838867,67.08000183105469,68.44999694824219,66.88999938964844,67.88999938964844,1395800,2026-09-25
2013-04-02,58.55995559692383,66.83999633789062,67.55000305175781,66.47000122070312,66.4800033569336,1308100,2026-09-25
2013-04-03,58.0343017578125,66.23999786376953,67.47000122070312,65.94000244140625,67.27999877929688,2014400,2026-09-25
2013-04-04,57.89411926269531,66.08000183105469,66.11000061035156,65.05999755859375,65.41999816894531,2196200,2026-09-25
2013-04-05,58.446067810058594,66.70999908447266,66.79000091552734,65.12000274658203,65.56999969482422,1459700,2026-09-25
2013-04-08,58.74395751953125,67.05000305175781,67.05999755859375,65.80999755859375,66.63999938964844,2124700,2026-09-25
2013-04-09,58.77899169921875,67.08999633789062,67.51000213623047,66.62000274658203,66.9000015258789,1689000,2026-09-25
2013-04-10,60.15452194213867,68.66000366210938,69.23999786376953,67.38999938964844,67.45999908447266,1842800,2026-09-25
2013-04-11,60.73273849487305,69.31999969482422,70.19999694824219,68.95999908447266,69.20999908447266,1677700,2026-09-25
2013-04-12,60.548770904541016,69.11000061035156,69.3499984741211,68.18000030517578,69.13999938964844,1383500,2026-09-25
2013-04-15,58.235809326171875,66.47000122070312,68.45999908447266,66.4000015258789,68.2300033569336,1339400,2026-09-25
2013-04-16,59.383522033691406,67.77999877929688,68.2699966430664,67.12000274658203,67.75,1621500,2026-09-25
2013-04-17,60.8729362487793,69.4800033569336,72.08999633789062,68.41000366210938,72.08999633789062,5779200,2026-09-25
2013-04-18,62.563838958740234,71.41000366210938,72.0999984741211,71.12000274658203,72.0,3104500,2026-09-25
2013-04-19,63.071998596191406,71.98999786376953,72.63999938964844,71.3499984741211,72.30999755859375,2394200,2026-09-25
2013-04-22,62.414886474609375,71.23999786376953,71.66000366210938,70.5999984741211,71.51000213623047,1054700,2026-09-25
2013-04-23,63.50130081176758,72.4800033569336,73.04000091552734,71.75,72.31999969482422,1660500,2026-09-25
2013-04-24,64.42997741699219,73.54000091552734,73.87999725341797,72.88999938964844,73.2300033569336,1173200,2026-09-25
2013-04-25,65.52513885498047,74.79000091552734,75.80999755859375,74.62000274658203,75.12999725341797,1375300,2026-09-25
2013-04-26,65.20318603515625,73.72000122070312,74.08000183105469,73.0,73.7699966430664,1687000,2026-09-25
2013-04-29,65.94613647460938,74.55999755859375,75.11000061035156,74.12000274658203,74.31999969482422,761200,2026-09-25
2013-04-30,65.77810668945312,74.37000274658203,74.6500015258789,73.68000030517578,74.4000015258789,888600,2026-09-25
2013-05-01,65.46852111816406,74.0199966430664,74.5,73.75,74.0,1569600,2026-09-25
2013-05-02,67.13135528564453,75.9000015258789,76.20999908447266,74.6500015258789,74.91000366210938,1372900,2026-09-25
2013-05-03,68.54650115966797,77.5,77.86000061035156,76.93000030517578,76.9800033569336,1810900,2026-09-25
2013-05-06,67.41436767578125,76.22000122070312,77.18000030517578,76.16999816894531,76.76000213623047,888300,2026-09-25
2013-05-07,68.13077545166016,77.02999877929688,77.18000030517578,76.38999938964844,77.18000030517578,674700,2026-09-25
2013-05-08,67.76815032958984,76.62000274658203,77.47000122070312,76.23999786376953,77.19000244140625,1458900,2026-09-25
2013-05-09,67.59123992919922,76.41999816894531,77.44000244140625,76.2699966430664,76.81999969482422,1237000,2026-09-25
2013-05-10,69.2629165649414,78.30999755859375,78.41000366210938,77.04000091552734,77.5,1472800,2026-09-25
2013-05-13,68.5906982421875,77.55000305175781,78.04000091552734,77.33000183105469,77.83999633789062,1759200,2026-09-25
2013-05-14,68.66146850585938,77.62999725341797,77.87000274658203,77.26000213623047,77.54000091552734,675300,2026-09-25
2013-05-15,69.45748901367188,78.52999877929688,78.5999984741211,77.58000183105469,77.58000183105469,1928200,2026-09-25
2013-05-16,68.73222351074219,77.70999908447266,78.8499984741211,77.58999633789062,78.48999786376953,951500,2026-09-25
2013-05-17,69.84664916992188,78.97000122070312,78.9800033569336,77.87999725341797,77.94000244140625,738200,2026-09-25
2013-05-20,70.74881744384766,79.98999786376953,80.05000305175781,79.4800033569336,79.5999984741211,1122100,2026-09-25
2013-05-21,71.35025787353516,80.66999816894531,80.87999725341797,80.23999786376953,80.62999725341797,1072500,2026-09-25
2013-05-22,70.82841491699219,80.08000183105469,81.1500015258789,79.6500015258789,80.41000366210938,2192300,2026-09-25
2013-05-23,70.81072998046875,80.05999755859375,80.51000213623047,79.5999984741211,79.75,1495500,2026-09-25
2013-05-24,71.907470703125,81.30000305175781,81.69000244140625,80.04000091552734,80.05000305175781,2015300,2026-09-25
2013-05-28,74.36630249023438,84.08000183105469,84.58000183105469,83.11000061035156,83.18000030517578,1875900,2026-09-25
2013-05-29,73.55257415771484,83.16000366210938,83.87999725341797,83.0,83.4800033569336,1252300,2026-09-25
2013-05-30,73.95059967041016,83.61000061035156,84.1500015258789,83.33000183105469,83.94000244140625,889200,2026-09-25
2013-05-31,71.88095092773438,81.2699966430664,84.55000305175781,81.20999908447266,83.83000183105469,9219500,2026-09-25
2013-06-03,72.26126098632812,81.69999694824219,83.48999786376953,81.55999755859375,82.54000091552734,9078500,2026-09-25
2013-06-04,70.58077239990234,79.80000305175781,81.3499984741211,79.75,81.18000030517578,4085700,2026-09-25
2013-06-05,68.8825912475586,77.87999725341797,79.87000274658203,77.52999877929688,79.87000274658203,3580400,2026-09-25
2013-06-06,70.36848449707031,79.55999755859375,80.01000213623047,78.29000091552734,79.23999786376953,4877600,2026-09-25
2013-06-07,71.2795181274414,80.58999633789062,80.76000213623047,79.51000213623047,79.76000213623047,1357200,2026-09-25
2013-06-10,71.35025787353516,80.66999816894531,81.0999984741211,80.38999938964844,80.7300033569336,781900,2026-09-25
2013-06-11,70.23582458496094,79.41000366210938,80.2300033569336,78.83999633789062,79.76000213623047,1445800,2026-09-25
2013-06-12,69.59015655517578,78.68000030517578,80.13999938964844,78.58000183105469,80.04000091552734,599100,2026-09-25
2013-06-13,70.9168701171875,80.18000030517578,80.4000015258789,78.38999938964844,78.54000091552734,1435600,2026-09-25
2013-06-14,70.55422973632812,79.7699966430664,80.5,79.75,80.0999984741211,676900,2026-09-25
2013-06-17,70.11200714111328,79.2699966430664,80.52999877929688,78.66999816894531,80.44999694824219,1387900,2026-09-25
2013-06-18,71.06720733642578,80.3499984741211,80.44999694824219,79.55000305175781,79.81999969482422,567500,2026-09-25
2013-06-19,70.82841491699219,80.08000183105469,81.83000183105469,80.04000091552734,81.43000030517578,784300,2026-09-25
2013-06-20,68.1661605834961,77.06999969482422,78.48999786376953,76.66999816894531,78.43000030517578,880500,2026-09-25
2013-06-21,67.59123992919922,76.41999816894531,76.95999908447266,76.08999633789062,76.4800033569336,803000,2026-09-25
2013-06-24,65.90193176269531,74.51000213623047,75.02999877929688,73.88999938964844,73.94999694824219,1024300,2026-09-25
2013-06-25,66.9986572265625,75.75,76.08000183105469,74.12000274658203,74.80999755859375,1064900,2026-09-25
2013-06-26,67.95389556884766,76.83000183105469,77.16999816894531,76.27999877929688,76.83999633789062,654400,2026-09-25
2013-06-27,69.03295135498047,78.05000305175781,78.41999816894531,77.80000305175781,77.93000030517578,572400,2026-09-25
2013-06-28,69.97050476074219,79.11000061035156,79.83999633789062,78.30000305175781,79.08999633789062,1582500,2026-09-25
2013-07-01,69.34251403808594,78.4000015258789,79.86000061035156,78.18000030517578,79.70999908447266,1265500,2026-09-25
2013-07-02,69.50170135498047,78.58000183105469,79.12999725341797,78.1500015258789,78.37999725341797,503500,2026-09-25
2013-07-03,70.47463989257812,79.68000030517578,79.95999908447266,78.23999786376953,78.43000030517578,426600,2026-09-25
2013-07-05,72.61506652832031,82.0999984741211,82.36000061035156,80.69999694824219,81.22000122070312,1093200,2026-09-25
2013-07-08,72.11090850830078,81.52999877929688,83.25,81.3499984741211,83.2300033569336,1402600,2026-09-25
2013-07-09,72.64157104492188,82.12999725341797,82.2300033569336,81.04000091552734,81.37000274658203,1221600,2026-09-25
2013-07-10,74.1628646850586,83.8499984741211,84.02999877929688,82.58000183105469,82.61000061035156,824100,2026-09-25
2013-07-11,77.24967193603516,87.33999633789062,87.4000015258789,86.19999694824219,86.51000213623047,1250600,2026-09-25
2013-07-12,77.08162689208984,87.1500015258789,87.79000091552734,86.58000183105469,87.76000213623047,908700,2026-09-25
2013-07-15,76.87820434570312,86.91999816894531,88.0,86.06999969482422,87.93000030517578,1235800,2026-09-25
2013-07-16,77.60347747802734,87.73999786376953,88.05000305175781,86.87999725341797,87.33000183105469,1583600,2026-09-25
2013-07-17,78.69135284423828,88.97000122070312,90.83000183105469,87.86000061035156,90.76000213623047,1890800,2026-09-25
2013-07-18,78.78864288330078,89.08000183105469,89.43000030517578,87.69999694824219,88.36000061035156,2103200,2026-09-25
2013-07-19,78.76211547851562,89.05000305175781,89.16000366210938,88.02999877929688,88.41999816894531,1182700,2026-09-25
2013-07-22,78.40834045410156,88.6500015258789,88.95999908447266,88.19000244140625,88.54000091552734,867000,2026-09-25
2013-07-23,78.33757781982422,88.56999969482422,89.0,87.7699966430664,87.81999969482422,1306700,2026-09-25
2013-07-24,78.19606018066406,88.41000366210938,89.2699966430664,88.29000091552734,88.9000015258789,1081200,2026-09-25
2013-07-25,79.31050872802734,89.66999816894531,89.68000030517578,88.86000061035156,89.11000061035156,1040400,2026-09-25
2013-07-26,78.87711334228516,89.18000030517578,89.27999877929688,88.55999755859375,88.9000015258789,820700,2026-09-25
2013-07-29,79.1070556640625,89.44000244140625,90.23999786376953,88.62000274658203,89.83999633789062,697500,2026-09-25
2013-07-30,79.68196868896484,90.08999633789062,90.43000030517578,89.61000061035156,90.0999984741211,793800,2026-09-25
2013-07-31,79.55815124511719,89.94999694824219,90.62999725341797,89.37999725341797,89.5,490800,2026-09-25
2013-08-01,80.65489959716797,91.19000244140625,91.3499984741211,89.83000183105469,90.58999633789062,1398800,2026-09-25
2013-08-02,81.30940246582031,91.93000030517578,91.98999786376953,90.45999908447266,90.87000274658203,923600,2026-09-25
2013-08-05,81.38899993896484,92.0199966430664,92.02999877929688,90.91000366210938,91.1500015258789,534800,2026-09-25
2013-08-06,81.42436218261719,92.05999755859375,92.31999969482422,91.52999877929688,92.0199966430664,1258500,2026-09-25
2013-08-07,80.92906951904297,91.5,91.58999633789062,90.69999694824219,91.2300033569336,349300,2026-09-25
2013-08-08,81.26519012451172,91.87999725341797,92.16999816894531,91.41000366210938,91.87000274658203,512800,2026-09-25
2013-08-09,80.9113998413086,91.4800033569336,91.7300033569336,91.12999725341797,91.20999908447266,1005000,2026-09-25
2013-08-12,80.84062957763672,91.4000015258789,91.5999984741211,90.80999755859375,90.8499984741211,330500,2026-09-25
2013-08-13,81.42436218261719,92.05999755859375,92.2699966430664,91.04000091552734,91.2699966430664,645500,2026-09-25
2013-08-14,82.24693298339844,92.98999786376953,93.5,92.70999908447266,92.86000061035156,652100,2026-09-25
2013-08-15,80.5399169921875,91.05999755859375,92.0,90.8499984741211,91.37999725341797,832900,2026-09-25
2013-08-16,80.84062957763672,91.4000015258789,91.75,90.91000366210938,91.12000274658203,740900,2026-09-25
2013-08-19,80.2922592163086,90.77999877929688,91.7300033569336,90.56999969482422,91.58999633789062,287100,2026-09-25
2013-08-20,79.86770629882812,90.30000305175781,91.16999816894531,90.19000244140625,90.5999984741211,481200,2026-09-25
2013-08-21,79.79696655273438,90.22000122070312,90.94999694824219,89.81999969482422,90.80000305175781,451200,2026-09-25
2013-08-22,80.30994415283203,90.80000305175781,92.16999816894531,89.70999908447266,91.41000366210938,773800,2026-09-25
2013-08-23,80.33650207519531,90.83000183105469,91.44000244140625,90.7300033569336,91.31999969482422,849400,2026-09-25
2013-08-26,80.10652923583984,90.56999969482422,91.31999969482422,90.4800033569336,91.12999725341797,621900,2026-09-25
2013-08-27,77.76265716552734,87.91999816894531,89.30999755859375,87.4800033569336,89.05000305175781,834600,2026-09-25
2013-08-28,78.08109283447266,88.27999877929688,88.66999816894531,86.95999908447266,87.26000213623047,1181200,2026-09-25
2013-08-29,77.76265716552734,87.91999816894531,88.54000091552734,87.12999725341797,87.16999816894531,1204000,2026-09-25
2013-08-30,77.00201416015625,87.05999755859375,87.98999786376953,86.83000183105469,87.69000244140625,1467700,2026-09-25
2013-09-03,78.17838287353516,88.38999938964844,88.55000305175781,87.62999725341797,87.98999786376953,1217700,2026-09-25
2013-09-04,79.24858093261719,89.5999984741211,89.95999908447266,87.68000030517578,87.8499984741211,1536300,2026-09-25
2013-09-05,79.36358642578125,89.7300033569336,89.97000122070312,88.98999786376953,89.3499984741211,1308100,2026-09-25
2013-09-06,78.51447296142578,88.7699966430664,90.16000366210938,88.75,89.91000366210938,923000,2026-09-25
2013-09-09,79.1070556640625,89.44000244140625,90.02999877929688,88.58999633789062,89.06999969482422,597000,2026-09-25
2013-09-10,79.92961883544922,90.37000274658203,90.45999908447266,89.5999984741211,89.72000122070312,599800,2026-09-25
2013-09-11,79.0982437133789,89.43000030517578,89.56999969482422,88.88999938964844,89.31999969482422,525000,2026-09-25
2013-09-12,81.9638900756836,92.66999816894531,94.01000213623047,91.58999633789062,91.87999725341797,1236200,2026-09-25
2013-09-13,82.20272064208984,92.94000244140625,92.9800033569336,91.8499984741211,92.41999816894531,565400,2026-09-25
2013-09-16,82.07887268066406,92.80000305175781,93.63999938964844,92.7699966430664,93.5999984741211,354800,2026-09-25
2013-09-17,82.17619323730469,92.91000366210938,92.9800033569336,92.0199966430664,92.22000122070312,684600,2026-09-25
2013-09-18,83.80361938476562,94.75,94.93000030517578,92.69999694824219,93.22000122070312,714900,2026-09-25
2013-09-19,84.59078979492188,95.63999938964844,96.38999938964844,95.13999938964844,96.37000274658203,615700,2026-09-25
2013-09-20,86.20935821533203,97.47000122070312,97.86000061035156,96.7699966430664,96.94999694824219,952000,2026-09-25
2013-09-23,84.80305480957031,95.87999725341797,97.41999816894531,95.80000305175781,97.2300033569336,456200,2026-09-25
2013-09-24,86.1828384399414,97.44000244140625,97.98999786376953,96.5199966430664,96.94999694824219,736700,2026-09-25
2013-09-25,86.51008605957031,97.80999755859375,98.37000274658203,97.16999816894531,97.55000305175781,552000,2026-09-25
2013-09-26,86.38626861572266,97.66999816894531,97.73999786376953,96.95999908447266,97.30000305175781,441500,2026-09-25
2013-09-27,87.07615661621094,98.44999694824219,98.4800033569336,97.33999633789062,97.80000305175781,737200,2026-09-25
2013-09-30,87.350341796875,98.76000213623047,99.5,98.45999908447266,98.69999694824219,673700,2026-09-25
2013-10-01,89.25196075439453,100.91000366210938,100.94999694824219,99.30999755859375,99.37999725341797,537700,2026-09-25
2013-10-02,89.03085327148438,100.66000366210938,100.80000305175781,99.02999877929688,99.72000122070312,417400,2026-09-25
2013-10-03,88.9335708618164,100.55000305175781,101.8499984741211,99.87000274658203,101.7300033569336,1604200,2026-09-25
2013-10-04,89.29617309570312,100.95999908447266,101.02999877929688,99.97000122070312,100.08999633789062,729100,2026-09-25
2013-10-07,87.96946716308594,99.45999908447266,99.83999633789062,98.88999938964844,98.93000030517578,1070600,2026-09-25
2013-10-08,86.17400360107422,97.43000030517578,100.11000061035156,97.27999877929688,99.95999908447266,963900,2026-09-25
2013-10-09,84.98878479003906,96.08999633789062,96.55000305175781,94.0999984741211,95.94999694824219,1256500,2026-09-25
2013-10-10,86.42166137695312,97.70999908447266,97.81999969482422,96.55000305175781,96.70999908447266,1060400,2026-09-25
2013-10-11,86.57200622558594,97.87999725341797,98.05000305175781,97.43000030517578,97.55000305175781,817700,2026-09-25
2013-10-14,85.8555908203125,97.06999969482422,97.38999938964844,96.58999633789062,97.0999984741211,1105700,2026-09-25
2013-10-15,84.15737915039062,95.1500015258789,97.5,94.91000366210938,97.30999755859375,1899600,2026-09-25
2013-10-16,84.00702667236328,94.9800033569336,96.36000061035156,93.95999908447266,94.9800033569336,2244400,2026-09-25
2013-10-17,82.99872589111328,93.83999633789062,93.94999694824219,92.58999633789062,92.79000091552734,1599200,2026-09-25
2013-10-18,82.11426544189453,92.83999633789062,92.93000030517578,91.22000122070312,92.37999725341797,2663800,2026-09-25
2013-10-21,82.37960815429688,93.13999938964844,93.55999755859375,92.05000305175781,92.05000305175781,1394400,2026-09-25
2013-10-22,83.2375717163086,94.11000061035156,94.55000305175781,93.77999877929688,94.11000061035156,1774700,2026-09-25
2013-10-23,82.53881072998047,93.31999969482422,94.54000091552734,93.05000305175781,94.54000091552734,1399800,2026-09-25
2013-10-24,83.2198486328125,94.08999633789062,94.58000183105469,93.80999755859375,94.31999969482422,622500,2026-09-25
2013-10-25,83.4144515991211,94.30999755859375,94.47000122070312,93.44000244140625,94.44999694824219,599900,2026-09-25
2013-10-28,83.43212127685547,94.33000183105469,94.62000274658203,93.83000183105469,93.95999908447266,536500,2026-09-25
2013-10-29,83.31715393066406,94.19999694824219,94.91999816894531,93.94999694824219,94.61000061035156,1004000,2026-09-25
2013-10-30,83.70631408691406,94.63999938964844,94.91000366210938,93.41999816894531,94.72000122070312,698600,2026-09-25
2013-10-31,83.75938415527344,94.69999694824219,95.05000305175781,94.05999755859375,94.70999908447266,472800,2026-09-25
2013-11-01,81.94623565673828,92.6500015258789,94.36000061035156,92.38999938964844,93.95999908447266,762300,2026-09-25
2013-11-04,81.16787719726562,91.7699966430664,92.41000366210938,91.56999969482422,92.18000030517578,1016300,2026-09-25
2013-11-05,80.06229400634766,90.5199966430664,91.05000305175781,89.7699966430664,90.05999755859375,792500,2026-09-25
2013-11-06,80.07999420166016,90.54000091552734,91.12000274658203,90.19999694824219,90.58999633789062,884800,2026-09-25
2013-11-07,77.21430969238281,87.30000305175781,89.20999908447266,87.26000213623047,88.87000274658203,1502200,2026-09-25
2013-11-08,77.27620697021484,87.37000274658203,87.80999755859375,86.33999633789062,86.66000366210938,1012900,2026-09-25
2013-11-11,77.28506469726562,87.37999725341797,88.05999755859375,87.22000122070312,87.66000366210938,1508700,2026-09-25
2013-11-12,76.89591979980469,86.94000244140625,87.1500015258789,86.11000061035156,86.68000030517578,1965600,2026-09-25
2013-11-13,77.5503921508789,87.68000030517578,87.81999969482422,86.58999633789062,86.66999816894531,2201500,2026-09-25
2013-11-14,78.62945556640625,88.9000015258789,89.08000183105469,87.87999725341797,88.5999984741211,3110800,2026-09-25
2013-11-15,79.54046630859375,89.93000030517578,89.93000030517578,88.4000015258789,89.04000091552734,1255900,2026-09-25
2013-11-18,78.59407806396484,88.86000061035156,89.83000183105469,88.70999908447266,89.44000244140625,969900,2026-09-25
2013-11-19,78.82405853271484,89.12000274658203,90.05000305175781,88.52999877929688,89.93000030517578,1573500,2026-09-25
2013-11-20,78.12531280517578,88.33000183105469,89.69000244140625,88.29000091552734,89.43000030517578,911600,2026-09-25
2013-11-21,79.53160858154297,89.91999816894531,90.18000030517578,89.30000305175781,89.4000015258789,1385700,2026-09-25
2013-11-22,81.12367248535156,91.72000122070312,91.83999633789062,90.58999633789062,90.76000213623047,1235300,2026-09-25
2013-11-25,81.44207763671875,92.08000183105469,92.48999786376953,91.62999725341797,92.13999938964844,760800,2026-09-25
2013-11-26,82.04351043701172,92.76000213623047,92.98999786376953,91.93000030517578,92.52999877929688,1075600,2026-09-25
2013-11-27,82.77761840820312,93.58999633789062,93.83999633789062,93.19999694824219,93.6500015258789,601600,2026-09-25
2013-11-29,82.59188842773438,93.37999725341797,94.08999633789062,93.27999877929688,94.01000213623047,424000,2026-09-25
2013-12-02,82.9103012084961,93.73999786376953,94.08000183105469,93.41999816894531,93.58999633789062,381100,2026-09-25
2013-12-03,82.94566345214844,93.77999877929688,94.2300033569336,93.38999938964844,93.61000061035156,566100,2026-09-25
2013-12-04,80.9113998413086,91.4800033569336,93.02999877929688,90.94999694824219,92.13999938964844,872000,2026-09-25
2013-12-05,80.61067199707031,91.13999938964844,92.20999908447266,90.87999725341797,91.94000244140625,757300,2026-09-25
2013-12-06,80.88487243652344,91.44999694824219,92.06999969482422,90.81999969482422,90.94999694824219,541300,2026-09-25
2013-12-09,81.1944351196289,91.80000305175781,92.8499984741211,91.66000366210938,92.41000366210938,871000,2026-09-25
2013-12-10,80.52220153808594,91.04000091552734,92.04000091552734,90.9000015258789,91.80999755859375,672800,2026-09-25
2013-12-11,80.5753173828125,91.0999984741211,91.9800033569336,91.01000213623047,91.87999725341797,820500,2026-09-25
2013-12-12,79.045166015625,89.37000274658203,90.6500015258789,89.2699966430664,90.54000091552734,1969600,2026-09-25
2013-12-13,77.921875,88.0999984741211,89.4000015258789,87.81999969482422,89.33999633789062,1036800,2026-09-25
2013-12-16,78.02803039550781,88.22000122070312,89.33000183105469,87.97000122070312,88.72000122070312,1298100,2026-09-25
2013-12-17,77.75383758544922,87.91000366210938,88.44000244140625,87.76000213623047,88.37000274658203,607400,2026-09-25
2013-12-18,79.40779876708984,89.77999877929688,89.9800033569336,88.54000091552734,88.9800033569336,874100,2026-09-25
2013-12-19,80.3453369140625,90.83999633789062,91.08000183105469,89.94000244140625,90.43000030517578,721000,2026-09-25
2013-12-20,80.9113998413086,91.4800033569336,91.77999877929688,91.23999786376953,91.44999694824219,732300,2026-09-25
2013-12-23,81.5835952758789,92.23999786376953,92.66000366210938,91.68000030517578,92.56999969482422,495500,2026-09-25
2013-12-24,81.94623565673828,92.6500015258789,92.8499984741211,91.97000122070312,91.97000122070312,135800,2026-09-25
2013-12-26,82.67147827148438,93.47000122070312,93.66999816894531,92.56999969482422,92.9000015258789,273500,2026-09-25
2013-12-27,83.2021713256836,94.06999969482422,94.83000183105469,93.9000015258789,94.77999877929688,925000,2026-09-25
2013-12-30,82.64495849609375,93.44000244140625,94.29000091552734,93.43000030517578,94.26000213623047,664100,2026-09-25
2013-12-31,82.87491607666016,93.69999694824219,93.97000122070312,93.33000183105469,93.41999816894531,240300,2026-09-25
2014-01-02,81.68972778320312,92.36000061035156,92.81999969482422,92.0199966430664,92.62000274658203,647100,2026-09-25
2014-01-03,81.40670013427734,92.04000091552734,92.56999969482422,91.91000366210938,92.36000061035156,1084100,2026-09-25
2014-01-06,79.73504638671875,90.1500015258789,91.08999633789062,89.98999786376953,91.05999755859375,745100,2026-09-25
2014-01-07,79.06285095214844,89.38999938964844,89.5999984741211,88.80999755859375,88.97000122070312,840200,2026-09-25
2014-01-08,79.27510833740234,89.62999725341797,89.7300033569336,88.95999908447266,89.27999877929688,785000,2026-09-25
2014-01-09,79.7261962890625,90.13999938964844,90.76000213623047,89.66000366210938,90.76000213623047,824000,2026-09-25
2014-01-10,80.54875183105469,91.06999969482422,91.06999969482422,90.08000183105469,90.27999877929688,759800,2026-09-25
2014-01-13,79.92078399658203,90.36000061035156,90.7699966430664,90.05000305175781,90.08000183105469,1158100,2026-09-25
2014-01-14,80.65489959716797,91.19000244140625,91.41000366210938,90.12999725341797,90.19999694824219,1124600,2026-09-25
2014-01-15,79.1070556640625,89.44000244140625,90.75,89.0999984741211,90.29000091552734,1521800,2026-09-25
2014-01-16,75.3746109008789,85.22000122070312,86.66999816894531,84.83999633789062,86.56999969482422,2774700,2026-09-25
2014-01-17,74.64933013916016,84.4000015258789,84.4800033569336,83.27999877929688,83.69000244140625,3130400,2026-09-25
2014-01-21,77.08162689208984,87.1500015258789,87.27999877929688,84.87999725341797,85.30000305175781,3920300,2026-09-25
2014-01-22,80.74334716796875,91.29000091552734,92.29000091552734,90.1500015258789,91.43000030517578,3541200,2026-09-25
2014-01-23,78.17838287353516,88.38999938964844,90.16999816894531,87.27999877929688,90.16999816894531,2320300,2026-09-25
2014-01-24,77.4708023071289,87.58999633789062,90.08999633789062,87.4800033569336,90.04000091552734,2351400,2026-09-25
2014-01-27,77.49734497070312,87.62000274658203,88.51000213623047,87.05000305175781,88.44000244140625,1931700,2026-09-25
2014-01-28,76.45366668701172,86.44000244140625,88.0999984741211,86.3499984741211,87.87999725341797,1367900,2026-09-25
2014-01-29,75.7549057006836,85.6500015258789,86.72000122070312,85.3499984741211,85.5999984741211,1255500,2026-09-25
2014-01-30,75.38347625732422,85.2300033569336,87.3499984741211,85.02999877929688,87.20999908447266,1619700,2026-09-25
2014-01-31,74.85277557373047,84.62999725341797,85.13999938964844,83.76000213623047,83.80000305175781,828300,2026-09-25
2014-02-03,74.79082489013672,84.55999755859375,85.73999786376953,83.93000030517578,85.45999908447266,1136900,2026-09-25
2014-02-04,74.37517547607422,84.08999633789062,84.81999969482422,83.91999816894531,84.33000183105469,1074500,2026-09-25
2014-02-05,75.32154083251953,85.16000366210938,85.48999786376953,84.19000244140625,84.7699966430664,854400,2026-09-25
2014-02-06,76.80744171142578,86.83999633789062,87.05999755859375,86.19000244140625,86.2300033569336,568400,2026-09-25
2014-02-07,77.44426727294922,87.55999755859375,87.61000061035156,86.38999938964844,86.68000030517578,761400,2026-09-25
2014-02-10,77.42658233642578,87.54000091552734,87.66000366210938,87.05000305175781,87.41999816894531,299000,2026-09-25
2014-02-11,79.25743103027344,89.61000061035156,89.61000061035156,87.91999816894531,87.93000030517578,375000,2026-09-25
2014-02-12,77.77153778076172,87.93000030517578,88.9000015258789,87.86000061035156,88.66999816894531,1205000,2026-09-25
2014-02-13,78.24913024902344,88.47000122070312,88.61000061035156,87.52999877929688,87.6500015258789,1823900,2026-09-25
2014-02-14,78.87711334228516,89.18000030517578,89.20999908447266,88.5999984741211,89.0199966430664,1176200,2026-09-25
2014-02-18,79.3193359375,89.68000030517578,89.9800033569336,89.04000091552734,89.94999694824219,3076900,2026-09-25
2014-02-19,78.01030731201172,88.19999694824219,89.5,88.16999816894531,89.45999908447266,1898900,2026-09-25
2014-02-20,78.61177825927734,88.87999725341797,89.05999755859375,88.0999984741211,88.93000030517578,1397400,2026-09-25
2014-02-21,78.63829040527344,88.91000366210938,89.69000244140625,88.55000305175781,89.62999725341797,605000,2026-09-25
2014-02-24,79.01860809326172,89.33999633789062,90.22000122070312,89.33000183105469,89.38999938964844,490800,2026-09-25
2014-02-25,76.6217041015625,86.62999725341797,88.44000244140625,86.56999969482422,88.33000183105469,1349600,2026-09-25
2014-02-26,75.99372863769531,85.91999816894531,87.08999633789062,85.45999908447266,86.69000244140625,1408100,2026-09-25
2014-02-27,76.08216857910156,86.0199966430664,86.37999725341797,85.0199966430664,86.26000213623047,1547100,2026-09-25
2014-02-28,76.18830871582031,86.13999938964844,87.2699966430664,85.6500015258789,87.04000091552734,1534500,2026-09-25
2014-03-03,76.06448364257812,86.0,86.16999816894531,84.81999969482422,85.01000213623047,4305500,2026-09-25
2014-03-04,79.05400085449219,89.37999725341797,89.43000030517578,88.29000091552734,88.66999816894531,3451000,2026-09-25
2014-03-05,79.48739624023438,89.87000274658203,89.87999725341797,89.19000244140625,89.27999877929688,926400,2026-09-25
2014-03-06,80.95561218261719,91.52999877929688,91.79000091552734,90.30999755859375,90.33000183105469,1347800,2026-09-25
2014-03-07,80.60184478759766,91.12999725341797,91.3499984741211,90.66000366210938,91.29000091552734,1267400,2026-09-25
2014-03-10,80.20381164550781,90.68000030517578,90.9800033569336,90.05000305175781,90.72000122070312,1500400,2026-09-25
2014-03-11,79.86770629882812,90.30000305175781,91.18000030517578,89.81999969482422,90.22000122070312,1096700,2026-09-25
2014-03-12,80.43376922607422,90.94000244140625,90.95999908447266,89.87999725341797,90.12000274658203,1046900,2026-09-25
2014-03-13,79.4520263671875,89.83000183105469,91.58000183105469,89.44999694824219,91.41000366210938,1543000,2026-09-25
2014-03-14,79.14244842529297,89.4800033569336,90.23999786376953,89.0999984741211,89.0999984741211,2437500,2026-09-25
2014-03-17,80.15957641601562,90.62999725341797,90.91999816894531,90.4000015258789,90.43000030517578,1192000,2026-09-25
2014-03-18,81.12367248535156,91.72000122070312,91.73999786376953,90.54000091552734,90.5999984741211,519600,2026-09-25
2014-03-19,80.4780044555664,90.98999786376953,92.27999877929688,90.44999694824219,91.73999786376953,570200,2026-09-25
2014-03-20,81.79585266113281,92.4800033569336,92.54000091552734,90.25,90.30000305175781,868800,2026-09-25
2014-03-21,81.71627044677734,92.38999938964844,93.83000183105469,92.19999694824219,93.79000091552734,1046500,2026-09-25
2014-03-24,80.58413696289062,91.11000061035156,92.54000091552734,90.72000122070312,92.33999633789062,851900,2026-09-25
2014-03-25,81.35362243652344,91.9800033569336,92.26000213623047,90.76000213623047,91.58999633789062,1166200,2026-09-25
2014-03-26,81.61898040771484,92.27999877929688,93.3499984741211,92.25,93.22000122070312,675200,2026-09-25
2014-03-27,81.34477233886719,91.97000122070312,92.91999816894531,91.83000183105469,92.66000366210938,544200,2026-09-25
2014-03-28,81.22096252441406,91.83000183105469,92.45999908447266,91.55000305175781,92.0999984741211,340800,2026-09-25
2014-03-31,82.5741958618164,93.36000061035156,93.55000305175781,92.62000274658203,92.9000015258789,625600,2026-09-25
2014-04-01,82.75991821289062,93.56999969482422,93.77999877929688,93.05999755859375,93.4800033569336,862600,2026-09-25
2014-04-02,82.44151306152344,93.20999908447266,93.37000274658203,92.44999694824219,92.73999786376953,442200,2026-09-25
2014-04-03,81.52167510986328,92.16999816894531,93.0999984741211,92.05000305175781,92.88999938964844,547100,2026-09-25
2014-04-04,80.32765197753906,90.81999969482422,92.70999908447266,90.5,92.38999938964844,665400,2026-09-25
2014-04-07,79.5758285522461,89.97000122070312,91.19999694824219,89.81999969482422,91.12999725341797,753400,2026-09-25
2014-04-08,79.21318054199219,89.55999755859375,90.69999694824219,89.25,89.91000366210938,1193900,2026-09-25
2014-04-09,81.7251205444336,92.4000015258789,92.48999786376953,90.66000366210938,91.13999938964844,864300,2026-09-25
2014-04-10,79.50506591796875,89.88999938964844,92.62999725341797,89.58000183105469,92.61000061035156,1505600,2026-09-25
2014-04-11,77.24085998535156,87.33000183105469,88.43000030517578,86.73999786376953,87.76000213623047,2109700,2026-09-25
2014-04-14,76.56866455078125,86.56999969482422,87.30000305175781,85.94999694824219,86.58000183105469,1415100,2026-09-25
2014-04-15,75.3038558959961,85.13999938964844,86.58000183105469,84.7300033569336,86.08999633789062,2003400,2026-09-25
2014-04-16,72.73004150390625,82.2300033569336,82.3499984741211,79.94000244140625,80.30999755859375,5649200,2026-09-25
2014-04-17,72.217041015625,81.6500015258789,82.37999725341797,81.3499984741211,81.81999969482422,1790400,2026-09-25
2014-04-21,72.217041015625,81.6500015258789,82.30999755859375,81.04000091552734,81.80999755859375,856700,2026-09-25
2014-04-22,72.24356842041016,81.68000030517578,82.2699966430664,81.58999633789062,81.8499984741211,820100,2026-09-25
2014-04-23,72.52659606933594,82.0,82.97000122070312,81.44999694824219,81.5,1469100,2026-09-25
2014-04-24,74.4458999633789,84.16999816894531,84.44999694824219,83.26000213623047,83.62000274658203,1352400,2026-09-25
2014-04-25,72.96743774414062,81.68000030517578,83.26000213623047,81.41999816894531,83.25,1680300,2026-09-25
2014-04-28,73.55705261230469,82.33999633789062,82.66999816894531,81.43000030517578,82.18000030517578,816000,2026-09-25
2014-04-29,73.36052703857422,82.12000274658203,82.80000305175781,82.08999633789062,82.51000213623047,975400,2026-09-25
2014-04-30,72.7083740234375,81.38999938964844,82.6500015258789,81.27999877929688,82.13999938964844,729300,2026-09-25
2014-05-01,72.67264556884766,81.3499984741211,81.69999694824219,80.80000305175781,81.25,812600,2026-09-25
2014-05-02,72.25276947021484,80.87999725341797,81.55000305175781,80.68000030517578,80.8499984741211,1185900,2026-09-25
2014-05-05,71.6899642944336,80.25,80.70999908447266,79.9000015258789,80.06999969482422,492000,2026-09-25
2014-05-06,71.37728881835938,79.9000015258789,80.54000091552734,79.66000366210938,80.26000213623047,1033100,2026-09-25
2014-05-07,71.87757873535156,80.45999908447266,81.26000213623047,80.16999816894531,80.91000366210938,989800,2026-09-25
2014-05-08,72.27063751220703,80.9000015258789,81.72000122070312,80.41000366210938,80.5999984741211,1007800,2026-09-25
2014-05-09,71.75250244140625,80.31999969482422,80.94000244140625,80.11000061035156,80.94000244140625,534500,2026-09-25
2014-05-12,73.39624786376953,82.16000366210938,82.23999786376953,81.37000274658203,81.58999633789062,619100,2026-09-25
2014-05-13,72.56544494628906,81.2300033569336,81.72000122070312,81.0,81.70999908447266,393700,2026-09-25
2014-05-14,72.35102081298828,80.98999786376953,81.47000122070312,80.94999694824219,81.36000061035156,487100,2026-09-25
2014-05-15,72.07410430908203,80.68000030517578,80.94000244140625,80.12000274658203,80.51000213623047,1081100,2026-09-25
2014-05-16,72.4224853515625,81.06999969482422,81.1500015258789,80.41000366210938,80.58999633789062,340500,2026-09-25
2014-05-19,72.53864288330078,81.19999694824219,81.56999969482422,80.80999755859375,80.88999938964844,322300,2026-09-25
2014-05-20,72.41358947753906,81.05999755859375,81.62000274658203,80.87999725341797,81.4000015258789,270500,2026-09-25
2014-05-21,74.1377182006836,82.98999786376953,83.05999755859375,81.55999755859375,81.58000183105469,655200,2026-09-25
2014-05-22,74.4325180053711,83.31999969482422,83.5999984741211,82.87999725341797,83.04000091552734,675800,2026-09-25
2014-05-23,74.61116027832031,83.5199966430664,83.8499984741211,82.79000091552734,82.91000366210938,470600,2026-09-25
2014-05-27,76.1387939453125,85.2300033569336,85.55999755859375,84.29000091552734,84.31999969482422,867900,2026-09-25
2014-05-28,75.80824279785156,84.86000061035156,85.25,84.6500015258789,85.04000091552734,344900,2026-09-25
2014-05-29,76.12984466552734,85.22000122070312,85.30000305175781,84.70999908447266,85.19999694824219,239400,2026-09-25
2014-05-30,76.71944427490234,85.87999725341797,86.31999969482422,85.41999816894531,86.30000305175781,637200,2026-09-25
2014-06-02,76.72838592529297,85.88999938964844,86.6500015258789,85.56999969482422,86.61000061035156,601200,2026-09-25
2014-06-03,76.90705871582031,86.08999633789062,86.81999969482422,85.94000244140625,85.94999694824219,1104800,2026-09-25
2014-06-04,77.39838409423828,86.63999938964844,86.7699966430664,86.36000061035156,86.4000015258789,748400,2026-09-25
2014-06-05,78.30957794189453,87.66000366210938,87.87000274658203,87.0199966430664,87.79000091552734,1551300,2026-09-25
2014-06-06,79.56918334960938,89.06999969482422,89.0999984741211,88.4800033569336,88.75,1169400,2026-09-25
2014-06-09,79.60492706298828,89.11000061035156,89.56999969482422,88.5199966430664,88.54000091552734,545200,2026-09-25
2014-06-10,79.5781021118164,89.08000183105469,89.31999969482422,88.91000366210938,89.18000030517578,560900,2026-09-25
2014-06-11,80.30169677734375,89.88999938964844,90.12000274658203,89.41000366210938,89.86000061035156,695400,2026-09-25
2014-06-12,79.80144500732422,89.33000183105469,90.0,89.11000061035156,89.77999877929688,1400900,2026-09-25
2014-06-13,79.84610748291016,89.37999725341797,90.02999877929688,89.08999633789062,89.97000122070312,1062300,2026-09-25
2014-06-16,80.93598175048828,90.5999984741211,90.80999755859375,89.95999908447266,90.11000061035156,1249700,2026-09-25
2014-06-17,81.52557373046875,91.26000213623047,91.48999786376953,90.95999908447266,91.02999877929688,744700,2026-09-25
2014-06-18,83.3301010131836,93.27999877929688,93.5,92.43000030517578,92.56999969482422,1113800,2026-09-25
2014-06-19,83.50877380371094,93.4800033569336,93.9800033569336,92.83999633789062,93.73999786376953,923000,2026-09-25
2014-06-20,84.6880111694336,94.80000305175781,94.91000366210938,94.12000274658203,94.37999725341797,1044000,2026-09-25
2014-06-23,83.02637481689453,92.94000244140625,93.2300033569336,92.25,92.5,1050400,2026-09-25
2014-06-24,82.39209747314453,92.2300033569336,93.44999694824219,92.12999725341797,92.94999694824219,428000,2026-09-25
2014-06-25,82.93702697753906,92.83999633789062,92.93000030517578,92.27999877929688,92.31999969482422,353100,2026-09-25
2014-06-26,82.37423706054688,92.20999908447266,92.3499984741211,91.19999694824219,92.2300033569336,576400,2026-09-25
2014-06-27,82.49930572509766,92.3499984741211,92.45999908447266,91.30999755859375,91.30999755859375,457300,2026-09-25
2014-06-30,83.32118225097656,93.2699966430664,93.41999816894531,92.48999786376953,92.5199966430664,305200,2026-09-25
2014-07-01,84.57184600830078,94.66999816894531,94.87000274658203,94.08999633789062,94.0999984741211,407200,2026-09-25
2014-07-02,83.9197006225586,93.94000244140625,93.95999908447266,93.36000061035156,93.52999877929688,449800,2026-09-25
2014-07-03,85.48303985595703,95.69000244140625,95.69000244140625,95.08999633789062,95.12999725341797,232600,2026-09-25
2014-07-07,85.8671646118164,96.12000274658203,96.23999786376953,95.72000122070312,95.91999816894531,972100,2026-09-25
2014-07-08,84.54503631591797,94.63999938964844,95.16999816894531,94.02999877929688,95.0,523800,2026-09-25
2014-07-09,83.52662658691406,93.5,93.8499984741211,93.0199966430664,93.69000244140625,989000,2026-09-25
2014-07-10,82.97278594970703,92.87999725341797,93.44000244140625,92.19999694824219,92.38999938964844,835000,2026-09-25
2014-07-11,81.66850280761719,91.41999816894531,91.83000183105469,90.86000061035156,91.4000015258789,1323100,2026-09-25
2014-07-14,81.07890319824219,90.76000213623047,91.54000091552734,90.58999633789062,91.30999755859375,986900,2026-09-25
2014-07-15,80.96277618408203,90.62999725341797,91.22000122070312,90.41999816894531,91.05000305175781,1578400,2026-09-25
2014-07-16,78.96171569824219,88.38999938964844,88.4800033569336,87.0,87.58000183105469,2130800,2026-09-25
2014-07-17,77.01425170898438,86.20999908447266,87.4000015258789,85.80999755859375,86.86000061035156,1573000,2026-09-25
2014-07-18,76.68373107910156,85.83999633789062,86.22000122070312,85.30999755859375,85.41999816894531,1515600,2026-09-25
2014-07-21,78.13093566894531,87.45999908447266,87.86000061035156,87.04000091552734,87.47000122070312,1540100,2026-09-25
2014-07-22,77.88077545166016,87.18000030517578,88.0999984741211,86.95999908447266,87.87999725341797,926200,2026-09-25
2014-07-23,77.73785400390625,87.0199966430664,87.69999694824219,86.68000030517578,87.66999816894531,911900,2026-09-25
2014-07-24,77.46090698242188,86.70999908447266,86.91999816894531,86.16000366210938,86.26000213623047,767400,2026-09-25
2014-07-25,75.90650939941406,84.97000122070312,85.87000274658203,84.58000183105469,85.87000274658203,1080400,2026-09-25
2014-07-28,75.46878814697266,84.4800033569336,84.7699966430664,83.54000091552734,83.9800033569336,1087100,2026-09-25
2014-07-29,74.39676666259766,83.27999877929688,83.72000122070312,83.26000213623047,83.41000366210938,1190200,2026-09-25
2014-07-30,84.99169921875,95.13999938964844,96.66999816894531,91.81999969482422,92.30000305175781,6992400,2026-09-25
2014-07-31,84.11624145507812,94.16000366210938,95.58000183105469,93.36000061035156,94.81999969482422,2520500,2026-09-25
2014-08-01,82.45464324951172,92.30000305175781,94.41000366210938,92.01000213623047,93.94999694824219,1395400,2026-09-25
2014-08-04,81.35582733154297,91.06999969482422,92.02999877929688,90.77999877929688,91.83999633789062,1204100,2026-09-25
2014-08-05,81.1414566040039,90.83000183105469,92.0,90.18000030517578,90.94000244140625,1016600,2026-09-25
2014-08-06,82.2938461303711,92.12000274658203,92.31999969482422,91.2300033569336,91.31999969482422,628700,2026-09-25
2014-08-07,81.92757415771484,91.70999908447266,93.30999755859375,91.37999725341797,93.1500015258789,576500,2026-09-25
2014-08-08,81.6595687866211,91.41000366210938,91.55000305175781,90.18000030517578,90.56999969482422,892000,2026-09-25
2014-08-11,82.7226333618164,92.5999984741211,92.79000091552734,91.98999786376953,92.18000030517578,386300,2026-09-25
2014-08-12,81.62383270263672,91.37000274658203,92.16000366210938,91.0199966430664,91.41000366210938,518300,2026-09-25
2014-08-13,81.55238342285156,91.29000091552734,91.69999694824219,90.66000366210938,90.98999786376953,635300,2026-09-25
2014-08-14,81.37368774414062,91.08999633789062,91.38999938964844,90.9000015258789,91.26000213623047,682600,2026-09-25
2014-08-15,82.00798034667969,91.80000305175781,92.44000244140625,90.5999984741211,92.0,839200,2026-09-25
2014-08-18,82.95492553710938,92.86000061035156,92.87999725341797,91.98999786376953,92.37000274658203,666500,2026-09-25
2014-08-19,83.16931915283203,93.0999984741211,93.5199966430664,92.97000122070312,93.11000061035156,530600,2026-09-25
2014-08-20,82.59757995605469,92.45999908447266,92.83999633789062,92.19000244140625,92.69999694824219,471500,2026-09-25
2014-08-21,84.0626449584961,94.0999984741211,94.29000091552734,93.20999908447266,93.33000183105469,437900,2026-09-25
2014-08-22,83.51770782470703,93.48999786376953,93.9800033569336,93.02999877929688,93.11000061035156,1139700,2026-09-25
2014-08-25,84.79517364501953,94.91999816894531,95.55000305175781,94.38999938964844,94.51000213623047,450900,2026-09-25
2014-08-26,85.34009552001953,95.52999877929688,96.16000366210938,95.31999969482422,95.3499984741211,369700,2026-09-25
2014-08-27,85.49195098876953,95.69999694824219,95.91000366210938,95.08000183105469,95.38999938964844,318600,2026-09-25
2014-08-28,85.70638275146484,95.94000244140625,96.2300033569336,95.0,95.2699966430664,771600,2026-09-25
2014-08-29,85.8671646118164,96.12000274658203,96.7300033569336,94.9800033569336,95.62999725341797,793700,2026-09-25
2014-09-02,89.58342742919922,100.27999877929688,101.27999877929688,96.08000183105469,96.08000183105469,3084500,2026-09-25
2014-09-03,87.57344055175781,98.02999877929688,99.69999694824219,97.86000061035156,99.6500015258789,1536400,2026-09-25
2014-09-04,87.57344055175781,98.02999877929688,99.63999938964844,95.80999755859375,98.45999908447266,2120900,2026-09-25
2014-09-05,87.2875747680664,97.70999908447266,98.05000305175781,97.4000015258789,97.87999725341797,557700,2026-09-25
2014-09-08,86.9838638305664,97.37000274658203,98.01000213623047,96.97000122070312,97.66000366210938,813200,2026-09-25
2014-09-09,86.84090423583984,97.20999908447266,97.75,96.73999786376953,97.55999755859375,453100,2026-09-25
2014-09-10,87.0999526977539,97.5,97.63999938964844,96.6500015258789,97.11000061035156,903500,2026-09-25
2014-09-11,88.01115417480469,98.5199966430664,98.62999725341797,97.54000091552734,97.7300033569336,1365900,2026-09-25
2014-09-12,88.36849212646484,98.91999816894531,99.76000213623047,98.7699966430664,99.30000305175781,1436100,2026-09-25
2014-09-15,89.1993179321289,99.8499984741211,100.30000305175781,99.3499984741211,99.88999938964844,1009300,2026-09-25
2014-09-16,90.43208312988281,101.2300033569336,101.70999908447266,99.36000061035156,99.4000015258789,1625400,2026-09-25
2014-09-17,89.72637176513672,100.44000244140625,101.18000030517578,100.27999877929688,100.7699966430664,1418200,2026-09-25
2014-09-18,91.23609924316406,102.12999725341797,102.43000030517578,101.2699966430664,101.2699966430664,887400,2026-09-25
2014-09-19,90.07476806640625,100.83000183105469,102.04000091552734,100.5999984741211,101.05000305175781,756900,2026-09-25
2014-09-22,88.48462677001953,99.05000305175781,100.5999984741211,99.05000305175781,100.55000305175781,1037600,2026-09-25
2014-09-23,88.08263397216797,98.5999984741211,99.33000183105469,98.3499984741211,98.98999786376953,1023800,2026-09-25
2014-09-24,89.511962890625,100.19999694824219,100.2699966430664,98.04000091552734,98.1500015258789,728600,2026-09-25
2014-09-25,88.60076904296875,99.18000030517578,99.68000030517578,98.7300033569336,99.58000183105469,1425800,2026-09-25
2014-09-26,89.38690185546875,100.05999755859375,100.16999816894531,99.25,99.58000183105469,213400,2026-09-25
2014-09-29,89.0652847290039,99.69999694824219,100.19999694824219,98.69999694824219,98.91000366210938,249900,2026-09-25
2014-09-30,88.27915954589844,98.81999969482422,99.83000183105469,98.56999969482422,99.05999755859375,733500,2026-09-25
2014-10-01,86.5193099975586,96.8499984741211,98.7300033569336,96.7699966430664,98.7300033569336,915700,2026-09-25
2014-10-02,86.59076690673828,96.93000030517578,97.4800033569336,95.58000183105469,97.37999725341797,822600,2026-09-25
2014-10-03,87.0552978515625,97.44999694824219,98.11000061035156,97.27999877929688,97.62999725341797,539400,2026-09-25
2014-10-06,87.4930419921875,97.94000244140625,98.54000091552734,97.26000213623047,98.29000091552734,528300,2026-09-25
2014-10-07,84.74156951904297,94.86000061035156,96.88999938964844,94.86000061035156,96.63999938964844,1041400,2026-09-25
2014-10-08,86.05477142333984,96.33000183105469,96.38999938964844,94.12999725341797,94.41000366210938,1289100,2026-09-25
2014-10-09,84.26808166503906,94.33000183105469,95.55000305175781,94.16000366210938,95.04000091552734,1083800,2026-09-25
2014-10-10,80.45355224609375,90.05999755859375,93.19000244140625,90.0199966430664,93.11000061035156,1524500,2026-09-25
2014-10-13,80.76625061035156,90.41000366210938,92.43000030517578,90.36000061035156,90.91999816894531,1440300,2026-09-25
2014-10-14,82.82090759277344,92.70999908447266,94.25,91.19999694824219,91.25,1599600,2026-09-25
2014-10-15,82.02583312988281,91.81999969482422,92.51000213623047,88.69999694824219,90.80999755859375,1298600,2026-09-25
2014-10-16,81.06105041503906,90.73999786376953,91.91000366210938,88.55000305175781,88.63999938964844,1165600,2026-09-25
2014-10-17,82.6422348022461,92.51000213623047,93.45999908447266,92.22000122070312,93.33999633789062,1013600,2026-09-25
2014-10-20,82.6422348022461,92.51000213623047,92.62000274658203,90.93000030517578,90.94999694824219,443400,2026-09-25
2014-10-21,83.58023071289062,93.55999755859375,93.77999877929688,91.81999969482422,91.93000030517578,684800,2026-09-25
2014-10-22,82.32957458496094,92.16000366210938,93.80999755859375,92.0999984741211,93.30000305175781,762700,2026-09-25
2014-10-23,83.94650268554688,93.97000122070312,94.51000213623047,93.44000244140625,93.62000274658203,630200,2026-09-25
2014-10-24,84.92023468017578,95.05999755859375,95.58000183105469,94.0999984741211,94.2300033569336,821200,2026-09-25
2014-10-27,85.5723648071289,95.79000091552734,95.98999786376953,94.27999877929688,94.5199966430664,492600,2026-09-25
2014-10-28,87.55555725097656,98.01000213623047,98.29000091552734,96.87000274658203,97.58000183105469,938200,2026-09-25
2014-10-29,86.22451782226562,96.5199966430664,98.06999969482422,96.29000091552734,97.81999969482422,566700,2026-09-25
2014-10-30,87.08210754394531,97.4800033569336,97.88999938964844,96.19999694824219,96.93000030517578,516800,2026-09-25
2014-10-31,89.04743194580078,99.68000030517578,99.91999816894531,98.72000122070312,99.2300033569336,688700,2026-09-25
2014-11-03,88.93131256103516,99.55000305175781,99.8499984741211,99.04000091552734,99.55999755859375,412900,2026-09-25
2014-11-04,88.40424346923828,98.95999908447266,99.44999694824219,98.31999969482422,99.2699966430664,551900,2026-09-25
2014-11-05,89.4136962890625,100.08999633789062,100.38999938964844,99.12999725341797,99.80000305175781,422500,2026-09-25
2014-11-06,90.95916748046875,101.81999969482422,101.9800033569336,100.62000274658203,100.6500015258789,532100,2026-09-25
2014-11-07,89.12782287597656,99.7699966430664,100.12000274658203,99.0199966430664,100.12000274658203,524600,2026-09-25
2014-11-10,91.08427429199219,101.95999908447266,102.0,100.5199966430664,100.69000244140625,721300,2026-09-25
2014-11-11,91.38797760009766,102.30000305175781,102.4800033569336,101.2300033569336,101.41999816894531,833200,2026-09-25
2014-11-12,90.96810150146484,101.83000183105469,102.56999969482422,101.58999633789062,102.11000061035156,582200,2026-09-25
2014-11-13,91.04851531982422,101.91999816894531,102.7300033569336,101.4000015258789,101.86000061035156,574000,2026-09-25
2014-11-14,91.20929718017578,102.0999984741211,102.33000183105469,101.01000213623047,101.2699966430664,278500,2026-09-25
2014-11-17,91.52197265625,102.44999694824219,102.69999694824219,101.87000274658203,102.1500015258789,576100,2026-09-25
2014-11-18,92.78155517578125,103.86000061035156,104.22000122070312,102.83999633789062,102.83999633789062,649700,2026-09-25
2014-11-19,94.2823715209961,105.54000091552734,106.94999694824219,105.08000183105469,106.8499984741211,1016800,2026-09-25
2014-11-20,94.61289978027344,105.91000366210938,106.08000183105469,104.33000183105469,104.52999877929688,584200,2026-09-25
2014-11-21,94.4074478149414,105.68000030517578,106.19999694824219,104.8499984741211,106.0,1133700,2026-09-25
2014-11-24,92.49568939208984,103.54000091552734,103.66999816894531,102.63999938964844,103.44999694824219,1282300,2026-09-25
2014-11-25,92.18303680419922,103.19000244140625,103.9000015258789,103.06999969482422,103.22000122070312,765000,2026-09-25
2014-11-26,92.71904754638672,103.79000091552734,103.91999816894531,102.93000030517578,103.06999969482422,470800,2026-09-25
2014-11-28,94.4074478149414,105.68000030517578,105.93000030517578,105.33000183105469,105.51000213623047,344700,2026-09-25
2014-12-01,94.14838409423828,105.38999938964844,106.30999755859375,105.22000122070312,106.16999816894531,660200,2026-09-25
2014-12-02,94.47891235351562,105.76000213623047,106.19000244140625,105.04000091552734,106.11000061035156,496700,2026-09-25
2014-12-03,96.27452850341797,107.7699966430664,108.83000183105469,105.88999938964844,106.25,907100,2026-09-25
2014-12-04,95.89930725097656,107.3499984741211,108.36000061035156,107.04000091552734,108.2300033569336,606500,2026-09-25
2014-12-05,97.61451721191406,109.2699966430664,109.51000213623047,108.02999877929688,108.19000244140625,627700,2026-09-25
2014-12-08,96.40850830078125,107.91999816894531,109.55999755859375,107.3499984741211,108.95999908447266,776500,2026-09-25
2014-12-09,96.40850830078125,107.91999816894531,108.54000091552734,106.69000244140625,107.66000366210938,599500,2026-09-25
2014-12-10,95.59556579589844,107.01000213623047,108.5,106.70999908447266,108.41000366210938,644600,2026-09-25
2014-12-11,95.6045150756836,107.0199966430664,108.18000030517578,106.88999938964844,107.1500015258789,369600,2026-09-25
2014-12-12,94.71116638183594,106.0199966430664,108.13999938964844,106.0,108.05999755859375,482000,2026-09-25
2014-12-15,92.3259506225586,103.3499984741211,106.7300033569336,103.26000213623047,106.51000213623047,632900,2026-09-25
2014-12-16,93.6302261352539,104.80999755859375,106.37999725341797,103.5999984741211,103.62999725341797,752200,2026-09-25
2014-12-17,94.41637420654297,105.69000244140625,105.9800033569336,103.83000183105469,104.08000183105469,503600,2026-09-25
2014-12-18,96.5782470703125,108.11000061035156,108.12000274658203,106.05999755859375,106.12000274658203,547200,2026-09-25
2014-12-19,95.44369506835938,106.83999633789062,107.19000244140625,106.08000183105469,106.44000244140625,734900,2026-09-25
2014-12-22,97.83783721923828,109.5199966430664,109.93000030517578,107.44000244140625,107.44000244140625,771500,2026-09-25
2014-12-23,97.48941802978516,109.12999725341797,109.5999984741211,108.75,108.83999633789062,796700,2026-09-25
2014-12-24,97.94502258300781,109.63999938964844,109.76000213623047,108.86000061035156,109.25,66700,2026-09-25
2014-12-26,97.64131164550781,109.30000305175781,109.91000366210938,109.18000030517578,109.8499984741211,196900,2026-09-25
2014-12-29,97.71276092529297,109.37999725341797,109.58999633789062,109.05999755859375,109.16999816894531,190400,2026-09-25
2014-12-30,96.65862274169922,108.19999694824219,108.86000061035156,107.97000122070312,108.7300033569336,387000,2026-09-25
2014-12-31,96.3281021118164,107.83000183105469,109.31999969482422,107.72000122070312,108.02999877929688,388900,2026-09-25
2015-01-02,95.94398498535156,107.4000015258789,108.41000366210938,106.58000183105469,107.66999816894531,394000,2026-09-25
2015-01-05,92.71904754638672,103.79000091552734,106.08999633789062,103.6500015258789,105.81999969482422,678700,2026-09-25
2015-01-06,89.97651672363281,100.72000122070312,102.69999694824219,100.54000091552734,102.61000061035156,1081300,2026-09-25
2015-01-07,90.48571014404297,101.29000091552734,101.41000366210938,100.20999908447266,100.4800033569336,855100,2026-09-25
2015-01-08,92.37957000732422,103.41000366210938,104.25,101.8499984741211,101.94000244140625,481600,2026-09-25
2015-01-09,91.20036315917969,102.08999633789062,103.23999786376953,100.97000122070312,103.23999786376953,440600,2026-09-25
2015-01-12,92.41531372070312,103.44999694824219,104.54000091552734,102.5999984741211,104.44999694824219,1115500,2026-09-25
2015-01-13,92.41531372070312,103.44999694824219,105.31999969482422,102.86000061035156,104.0999984741211,809200,2026-09-25
2015-01-14,92.11156463623047,103.11000061035156,103.8499984741211,102.2699966430664,102.94999694824219,592800,2026-09-25
2015-01-15,91.08427429199219,101.95999908447266,102.83000183105469,101.2699966430664,101.48999786376953,1283000,2026-09-25
2015-01-16,92.04903411865234,103.04000091552734,103.12000274658203,101.2300033569336,101.77999877929688,633700,2026-09-25
2015-01-20,92.73690795898438,103.80999755859375,104.0999984741211,102.77999877929688,103.11000061035156,947000,2026-09-25
2015-01-21,95.22038269042969,106.58999633789062,107.02999877929688,104.25,105.05999755859375,1569100,2026-09-25
2015-01-22,96.12263488769531,107.5999984741211,107.94999694824219,106.4000015258789,106.76000213623047,589400,2026-09-25
2015-01-23,94.07691192626953,105.30999755859375,106.62999725341797,105.27999877929688,106.48999786376953,974600,2026-09-25
2015-01-26,95.87250518798828,107.31999969482422,107.3499984741211,106.36000061035156,107.0,995200,2026-09-25
2015-01-27,94.98810577392578,106.33000183105469,107.33999633789062,106.12000274658203,106.93000030517578,911900,2026-09-25
2015-01-28,93.47837829589844,104.63999938964844,107.11000061035156,104.58000183105469,106.9800033569336,753700,2026-09-25
2015-01-29,94.81836700439453,106.13999938964844,106.44999694824219,104.94000244140625,106.2699966430664,632600,2026-09-25
2015-01-30,92.85304260253906,103.94000244140625,106.26000213623047,103.80999755859375,105.94999694824219,1073800,2026-09-25
2015-02-02,92.05799865722656,103.05000305175781,103.20999908447266,101.4800033569336,102.9800033569336,1177900,2026-09-25
2015-02-03,92.80836486816406,103.88999938964844,103.93000030517578,102.81999969482422,103.30000305175781,716800,2026-09-25
2015-02-04,90.97705078125,101.83999633789062,102.91000366210938,101.6500015258789,102.56999969482422,789900,2026-09-25
2015-02-05,92.10263061523438,103.0999984741211,103.26000213623047,101.62999725341797,102.55999755859375,569900,2026-09-25
2015-02-06,90.0390396118164,100.79000091552734,102.25,100.44000244140625,101.52999877929688,964800,2026-09-25
2015-02-09,88.12730407714844,98.6500015258789,99.86000061035156,98.56999969482422,98.87000274658203,798800,2026-09-25
2015-02-10,91.20929718017578,102.0999984741211,102.37000274658203,101.06999969482422,101.30000305175781,679400,2026-09-25
2015-02-11,92.38850402832031,103.41999816894531,103.79000091552734,102.66999816894531,102.94999694824219,715300,2026-09-25
2015-02-12,92.94236755371094,104.04000091552734,104.0999984741211,103.08999633789062,103.81999969482422,443500,2026-09-25
2015-02-13,93.33544921875,104.4800033569336,104.6500015258789,103.83000183105469,104.52999877929688,359100,2026-09-25
2015-02-17,91.98651123046875,102.97000122070312,103.33000183105469,101.97000122070312,102.51000213623047,493700,2026-09-25
2015-02-18,92.64757537841797,103.70999908447266,104.06999969482422,103.26000213623047,103.58999633789062,311900,2026-09-25
2015-02-19,93.44263458251953,104.5999984741211,105.16999816894531,103.70999908447266,103.80999755859375,275400,2026-09-25
2015-02-20,93.66597747802734,104.8499984741211,105.05999755859375,102.5999984741211,102.5999984741211,582500,2026-09-25
2015-02-23,93.90717315673828,105.12000274658203,105.70999908447266,105.01000213623047,105.62999725341797,452200,2026-09-25
2015-02-24,98.9366455078125,110.75,110.8499984741211,107.87999725341797,108.52999877929688,2153800,2026-09-25
2015-02-25,97.34651184082031,108.97000122070312,109.94000244140625,108.41999816894531,109.69000244140625,1152300,2026-09-25
2015-02-26,96.39957427978516,107.91000366210938,108.66999816894531,107.51000213623047,107.5999984741211,608300,2026-09-25
2015-02-27,96.19410705566406,107.68000030517578,108.43000030517578,106.75,107.52999877929688,686800,2026-09-25
2015-03-02,98.20408630371094,109.93000030517578,110.2699966430664,108.98999786376953,109.26000213623047,600500,2026-09-25
2015-03-03,96.91769409179688,108.48999786376953,109.95999908447266,108.05999755859375,109.87999725341797,651300,2026-09-25
2015-03-04,96.93557739257812,108.51000213623047,108.87000274658203,107.31999969482422,108.2300033569336,536600,2026-09-25
2015-03-05,97.68597412109375,109.3499984741211,109.80000305175781,108.72000122070312,109.20999908447266,402500,2026-09-25
2015-03-06,95.87250518798828,107.31999969482422,108.37999725341797,106.68000030517578,108.26000213623047,652500,2026-09-25
2015-03-09,96.41741943359375,107.93000030517578,108.19000244140625,107.06999969482422,107.44999694824219,506000,2026-09-25
2015-03-10,94.82731628417969,106.1500015258789,107.19999694824219,105.95999908447266,106.98999786376953,626000,2026-09-25
2015-03-11,95.3007583618164,106.68000030517578,107.9800033569336,106.30999755859375,106.72000122070312,551100,2026-09-25
2015-03-12,93.62133026123047,104.80000305175781,106.66000366210938,104.22000122070312,106.62000274658203,1529800,2026-09-25
2015-03-13,94.22877502441406,105.4800033569336,105.73999786376953,104.68000030517578,105.0999984741211,1429100,2026-09-25
2015-03-16,96.31022644042969,107.80999755859375,108.0,106.55999755859375,106.86000061035156,420100,2026-09-25
2015-03-17,95.38116455078125,106.7699966430664,107.25,106.30000305175781,106.62000274658203,694400,2026-09-25
2015-03-18,95.42583465576172,106.81999969482422,107.3499984741211,104.4000015258789,105.9800033569336,1703300,2026-09-25
2015-03-19,95.71170043945312,107.13999938964844,107.47000122070312,106.31999969482422,106.45999908447266,641200,2026-09-25
2015-03-20,98.40959167480469,110.16000366210938,110.68000030517578,108.72000122070312,109.37999725341797,747800,2026-09-25
2015-03-23,98.90983581542969,110.72000122070312,111.19999694824219,109.93000030517578,110.3499984741211,562600,2026-09-25
2015-03-24,98.61502075195312,110.38999938964844,111.4000015258789,110.20999908447266,111.22000122070312,628600,2026-09-25
2015-03-25,93.46942138671875,104.62999725341797,109.73999786376953,104.44999694824219,109.69999694824219,1733200,2026-09-25
2015-03-26,88.5114517211914,99.08000183105469,101.01000213623047,98.41999816894531,101.01000213623047,4330300,2026-09-25
2015-03-27,90.99491119384766,101.86000061035156,102.12000274658203,99.94999694824219,99.98999786376953,1260200,2026-09-25
2015-03-30,92.1205062866211,103.12000274658203,103.43000030517578,101.56999969482422,101.56999969482422,990600,2026-09-25
2015-03-31,90.25343322753906,101.02999877929688,102.22000122070312,100.97000122070312,101.47000122070312,1224100,2026-09-25
2015-04-01,89.63701629638672,100.33999633789062,101.12000274658203,99.55000305175781,101.12000274658203,641600,2026-09-25
2015-04-02,89.994384765625,100.73999786376953,102.01000213623047,100.4800033569336,101.61000061035156,498700,2026-09-25
2015-04-06,89.53877258300781,100.2300033569336,101.19999694824219,100.0,100.91999816894531,916400,2026-09-25
2015-04-07,89.48516845703125,100.16999816894531,101.86000061035156,100.12000274658203,100.93000030517578,1161800,2026-09-25
2015-04-08,89.30651092529297,99.97000122070312,100.18000030517578,99.19999694824219,99.80000305175781,630400,2026-09-25
2015-04-09,89.994384765625,100.73999786376953,100.86000061035156,99.48999786376953,100.30999755859375,1609700,2026-09-25
2015-04-10,89.3511734008789,100.0199966430664,100.58000183105469,99.58999633789062,99.7300033569336,846300,2026-09-25
2015-04-13,89.16358184814453,99.80999755859375,100.98999786376953,99.58999633789062,100.38999938964844,1037700,2026-09-25
2015-04-14,89.30651092529297,99.97000122070312,100.97000122070312,99.56999969482422,100.86000061035156,1137300,2026-09-25
2015-04-15,85.88504791259766,96.13999938964844,100.08000183105469,95.88999938964844,100.05999755859375,4129100,2026-09-25
2015-04-16,84.97386169433594,95.12000274658203,96.12999725341797,94.16000366210938,94.83000183105469,2293600,2026-09-25
2015-04-17,84.41999053955078,94.5,95.11000061035156,93.94999694824219,94.75,1671200,2026-09-25
2015-04-20,85.8314437866211,96.08000183105469,96.23999786376953,94.94000244140625,94.98999786376953,1129100,2026-09-25
2015-04-21,87.32331085205078,97.75,98.73999786376953,97.08999633789062,98.16999816894531,2396700,2026-09-25
2015-04-22,96.31022644042969,107.80999755859375,111.19999694824219,106.37999725341797,109.81999969482422,4849300,2026-09-25
2015-04-23,97.0964126586914,108.69000244140625,108.95999908447266,107.45999908447266,108.83999633789062,1357000,2026-09-25
2015-04-24,96.4492416381836,107.16000366210938,108.19999694824219,106.5999984741211,108.05999755859375,1748100,2026-09-25
2015-04-27,98.7443618774414,109.70999908447266,110.91000366210938,109.25,109.56999969482422,4075600,2026-09-25
2015-04-28,98.81635284423828,109.79000091552734,110.04000091552734,108.87000274658203,109.75,1076200,2026-09-25
2015-04-29,96.88127899169922,107.63999938964844,109.19000244140625,107.08999633789062,108.79000091552734,2160600,2026-09-25
2015-04-30,96.34123992919922,107.04000091552734,108.68000030517578,106.44000244140625,108.0199966430664,1989500,2026-09-25
2015-05-01,97.53832244873047,108.37000274658203,108.55000305175781,107.41000366210938,107.5,637400,2026-09-25
2015-05-04,97.10626220703125,107.88999938964844,109.47000122070312,107.76000213623047,109.47000122070312,676900,2026-09-25
2015-05-05,94.90116119384766,105.44000244140625,107.33000183105469,105.0199966430664,107.33000183105469,1636800,2026-09-25
2015-05-06,95.22517395019531,105.80000305175781,107.33000183105469,105.55999755859375,107.19000244140625,1305500,2026-09-25
2015-05-07,95.60318756103516,106.22000122070312,106.56999969482422,105.30999755859375,105.7300033569336,1104600,2026-09-25
2015-05-08,96.97126007080078,107.73999786376953,108.30999755859375,107.13999938964844,107.2699966430664,951900,2026-09-25
2015-05-11,97.7633285522461,108.62000274658203,108.87999725341797,107.47000122070312,107.5199966430664,459800,2026-09-25
2015-05-12,97.77229309082031,108.62999725341797,108.93000030517578,107.87000274658203,108.3499984741211,483600,2026-09-25
2015-05-13,97.72730255126953,108.58000183105469,109.30999755859375,107.9000015258789,108.88999938964844,468900,2026-09-25
2015-05-14,99.52741241455078,110.58000183105469,111.05999755859375,109.4000015258789,109.9000015258789,729100,2026-09-25
2015-05-15,99.95043182373047,111.05000305175781,111.48999786376953,110.5999984741211,111.08999633789062,795100,2026-09-25
2015-05-18,99.92340850830078,111.0199966430664,111.25,109.61000061035156,109.95999908447266,554700,2026-09-25
2015-05-19,100.10344696044922,111.22000122070312,111.73999786376953,110.58000183105469,110.97000122070312,476500,2026-09-25
2015-05-20,100.48146057128906,111.63999938964844,112.27999877929688,111.1500015258789,111.44999694824219,531600,2026-09-25
2015-05-21,100.3824462890625,111.52999877929688,111.81999969482422,111.05000305175781,111.33000183105469,365900,2026-09-25
2015-05-22,99.8874282836914,110.9800033569336,111.37000274658203,110.44999694824219,110.98999786376953,253200,2026-09-25
2015-05-26,98.07833099365234,108.97000122070312,110.5199966430664,108.4000015258789,110.37999725341797,541400,2026-09-25
2015-05-27,101.2824935913086,112.52999877929688,112.91000366210938,109.5199966430664,109.61000061035156,588500,2026-09-25
2015-05-28,102.42556762695312,113.80000305175781,114.13999938964844,112.5,113.69000244140625,588100,2026-09-25
2015-05-29,101.07549285888672,112.30000305175781,113.87999725341797,111.5,113.2699966430664,542600,2026-09-25
2015-06-01,100.4724349975586,111.62999725341797,112.3499984741211,110.41000366210938,112.19000244140625,856200,2026-09-25
2015-06-02,99.05037689208984,110.05000305175781,111.41000366210938,110.05000305175781,111.37000274658203,735800,2026-09-25
2015-06-03,100.55345916748047,111.72000122070312,112.91999816894531,111.44000244140625,112.25,1029300,2026-09-25
2015-06-04,99.53639221191406,110.58999633789062,113.68000030517578,110.37000274658203,112.06999969482422,1372200,2026-09-25
2015-06-05,98.19532775878906,109.0999984741211,110.01000213623047,108.75,109.5999984741211,997100,2026-09-25
2015-06-08,97.0252685546875,107.80000305175781,108.5999984741211,107.12999725341797,108.16999816894531,803100,2026-09-25
2015-06-09,97.43028259277344,108.25,108.68000030517578,107.25,108.5199966430664,844100,2026-09-25
2015-06-10,98.09632110595703,108.98999786376953,110.06999969482422,108.3499984741211,108.93000030517578,497000,2026-09-25
2015-06-11,99.00537872314453,110.0,111.80000305175781,109.47000122070312,111.0,872700,2026-09-25
2015-06-12,97.12428283691406,107.91000366210938,108.63999938964844,106.95999908447266,107.6500015258789,583600,2026-09-25
2015-06-15,97.54728698730469,108.37999725341797,108.54000091552734,106.19000244140625,106.4800033569336,841800,2026-09-25
2015-06-16,98.29432678222656,109.20999908447266,109.55000305175781,107.7300033569336,108.27999877929688,538400,2026-09-25
2015-06-17,97.04325103759766,107.81999969482422,108.43000030517578,107.26000213623047,107.97000122070312,557600,2026-09-25
2015-06-18,98.04231262207031,108.93000030517578,110.26000213623047,107.0999984741211,107.1500015258789,1387500,2026-09-25
2015-06-19,97.934326171875,108.80999755859375,109.1500015258789,108.37000274658203,108.95999908447266,479900,2026-09-25
2015-06-22,100.72449493408203,111.91000366210938,113.0,111.30000305175781,111.97000122070312,709000,2026-09-25
2015-06-23,99.9144287109375,111.01000213623047,112.12999725341797,110.97000122070312,111.94000244140625,479800,2026-09-25
2015-06-24,98.9783706665039,109.97000122070312,111.0,109.79000091552734,110.55000305175781,404900,2026-09-25
2015-06-25,99.2394027709961,110.26000213623047,111.08999633789062,109.9000015258789,110.83999633789062,395600,2026-09-25
2015-06-26,97.90730285644531,108.77999877929688,111.13999938964844,108.19000244140625,110.6500015258789,869400,2026-09-25
2015-06-29,94.1091079711914,104.55999755859375,106.58000183105469,104.02999877929688,105.81999969482422,1043600,2026-09-25
2015-06-30,93.72209167480469,104.12999725341797,105.79000091552734,103.22000122070312,105.70999908447266,754300,2026-09-25
2015-07-01,95.09014129638672,105.6500015258789,107.9000015258789,105.26000213623047,107.73999786376953,1305400,2026-09-25
2015-07-02,94.14510345458984,104.5999984741211,105.33000183105469,103.70999908447266,105.31999969482422,942800,2026-09-25
2015-07-06,91.73297882080078,101.91999816894531,103.11000061035156,100.94999694824219,101.08999633789062,720300,2026-09-25
2015-07-07,90.14889526367188,100.16000366210938,100.63999938964844,97.30999755859375,99.2699966430664,1286700,2026-09-25
2015-07-08,87.43075561523438,97.13999938964844,98.54000091552734,96.77999877929688,98.0999984741211,784400,2026-09-25
2015-07-09,89.66287231445312,99.62000274658203,102.12000274658203,99.19999694824219,101.75,1683600,2026-09-25
2015-07-10,92.4350357055664,102.69999694824219,104.13999938964844,101.63999938964844,103.9800033569336,2272000,2026-09-25
2015-07-13,92.97504425048828,103.30000305175781,103.88999938964844,102.94999694824219,103.79000091552734,859000,2026-09-25
2015-07-14,92.76805114746094,103.06999969482422,103.8499984741211,102.44999694824219,103.26000213623047,1238200,2026-09-25
2015-07-15,96.01719665527344,106.68000030517578,108.16999816894531,105.75,106.08999633789062,2298700,2026-09-25
2015-07-16,90.32891845703125,100.36000061035156,104.23999786376953,99.2699966430664,104.1500015258789,4115500,2026-09-25
2015-07-17,90.49994659423828,100.55000305175781,101.08999633789062,99.41000366210938,101.0,2782500,2026-09-25
2015-07-20,90.90494537353516,101.0,102.37999725341797,100.76000213623047,102.05000305175781,1112300,2026-09-25
2015-07-21,90.81493377685547,100.9000015258789,101.95999908447266,100.41999816894531,101.0,1525300,2026-09-25
2015-07-22,90.76093292236328,100.83999633789062,101.08999633789062,99.56999969482422,100.05999755859375,1894400,2026-09-25
2015-07-23,91.74198150634766,101.93000030517578,102.30000305175781,100.97000122070312,101.18000030517578,897100,2026-09-25
2015-07-24,88.68182373046875,98.52999877929688,101.05999755859375,97.44999694824219,100.87999725341797,1994700,2026-09-25
2015-07-27,88.7718276977539,98.62999725341797,99.94000244140625,98.33000183105469,99.48999786376953,844600,2026-09-25
2015-07-28,89.1768569946289,99.08000183105469,99.80999755859375,97.22000122070312,97.73999786376953,1558700,2026-09-25
2015-07-29,89.12284088134766,99.0199966430664,99.33000183105469,98.12000274658203,98.94000244140625,568000,2026-09-25
2015-07-30,89.18585205078125,99.08999633789062,99.41000366210938,97.68000030517578,97.87000274658203,1170500,2026-09-25
2015-07-31,89.25784301757812,99.16999816894531,100.51000213623047,98.91000366210938,100.2699966430664,714400,2026-09-25
2015-08-03,88.3307876586914,98.13999938964844,99.37999725341797,97.30999755859375,99.33999633789062,817900,2026-09-25
2015-08-04,87.11572265625,96.79000091552734,98.37000274658203,96.4000015258789,98.18000030517578,786500,2026-09-25
2015-08-05,88.7718276977539,98.62999725341797,99.20999908447266,98.36000061035156,98.47000122070312,1052100,2026-09-25
2015-08-06,86.72869873046875,96.36000061035156,98.11000061035156,96.23999786376953,98.02999877929688,1421400,2026-09-25
2015-08-07,87.27775573730469,96.97000122070312,96.98999786376953,95.66999816894531,96.05000305175781,501400,2026-09-25
2015-08-10,89.48286437988281,99.41999816894531,99.75,97.3499984741211,97.3499984741211,777400,2026-09-25
2015-08-11,89.27583312988281,99.19000244140625,100.08000183105469,98.5999984741211,100.06999969482422,637800,2026-09-25
2015-08-12,87.37672424316406,97.08000183105469,97.4000015258789,94.95999908447266,96.37000274658203,1103800,2026-09-25
2015-08-13,85.25262451171875,94.72000122070312,96.36000061035156,94.63999938964844,96.12999725341797,895800,2026-09-25
2015-08-14,83.425537109375,92.69000244140625,93.13999938964844,91.0999984741211,92.25,2399900,2026-09-25
2015-08-17,83.85755157470703,93.16999816894531,93.30000305175781,91.4800033569336,91.7300033569336,2569500,2026-09-25
2015-08-18,83.56953430175781,92.8499984741211,94.02999877929688,92.62000274658203,94.01000213623047,2575200,2026-09-25
2015-08-19,81.83244323730469,90.91999816894531,91.75,90.11000061035156,91.12000274658203,1624600,2026-09-25
2015-08-20,78.70025634765625,87.44000244140625,89.58999633789062,87.0,89.5199966430664,1952200,2026-09-25
2015-08-21,77.32321166992188,85.91000366210938,89.41999816894531,85.79000091552734,88.4800033569336,2453900,2026-09-25
2015-08-24,76.77416229248047,85.30000305175781,85.30000305175781,82.06999969482422,84.44000244140625,4016800,2026-09-25
2015-08-25,78.3132553100586,87.01000213623047,91.2699966430664,86.36000061035156,91.1500015258789,2027500,2026-09-25
2015-08-26,79.56431579589844,88.4000015258789,89.30000305175781,86.25,89.2699966430664,2111500,2026-09-25
2015-08-27,82.7234878540039,91.91000366210938,91.93000030517578,90.47000122070312,91.16999816894531,2061700,2026-09-25
2015-08-28,82.7864761352539,91.9800033569336,93.12999725341797,91.43000030517578,92.48999786376953,1150100,2026-09-25
2015-08-31,81.92241668701172,91.0199966430664,92.08000183105469,90.72000122070312,91.36000061035156,1173300,2026-09-25
2015-09-01,80.24835968017578,89.16000366210938,90.58000183105469,88.55999755859375,89.76000213623047,1096100,2026-09-25
2015-09-02,81.57141876220703,90.62999725341797,91.04000091552734,89.20999908447266,91.04000091552734,1415200,2026-09-25
2015-09-03,83.4165267944336,92.68000030517578,93.94000244140625,92.25,93.38999938964844,1240200,2026-09-25
2015-09-04,82.23745727539062,91.37000274658203,91.8499984741211,90.27999877929688,90.44999694824219,775100,2026-09-25
2015-09-08,84.49657440185547,93.87999725341797,94.47000122070312,92.91000366210938,93.72000122070312,993400,2026-09-25
2015-09-09,81.96744537353516,91.06999969482422,94.5,90.80999755859375,93.91999816894531,1031200,2026-09-25
2015-09-10,82.9935073852539,92.20999908447266,92.94999694824219,90.70999908447266,91.7699966430664,846900,2026-09-25
2015-09-11,82.51651000976562,91.68000030517578,91.87999725341797,90.95999908447266,91.61000061035156,568800,2026-09-25
2015-09-14,81.84144592285156,90.93000030517578,91.62999725341797,90.47000122070312,91.48999786376953,588500,2026-09-25
2015-09-15,84.00157165527344,93.33000183105469,93.66999816894531,92.16000366210938,92.4800033569336,809000,2026-09-25
2015-09-16,84.34358215332031,93.70999908447266,93.91000366210938,92.70999908447266,93.6500015258789,702200,2026-09-25
2015-09-17,83.51553344726562,92.79000091552734,94.38999938964844,91.91000366210938,92.16999816894531,629100,2026-09-25
2015-09-18,81.01341247558594,90.01000213623047,91.19000244140625,89.4800033569336,89.87000274658203,1448100,2026-09-25
2015-09-21,80.46436309814453,89.4000015258789,91.05999755859375,88.66999816894531,90.61000061035156,1378600,2026-09-25
2015-09-22,78.0162353515625,86.68000030517578,88.47000122070312,85.88999938964844,88.4000015258789,1712700,2026-09-25
2015-09-23,75.49610137939453,83.87999725341797,85.81999969482422,83.70999908447266,85.69000244140625,1660300,2026-09-25
2015-09-24,75.78412628173828,84.19999694824219,84.93000030517578,82.0999984741211,82.87999725341797,2316700,2026-09-25
2015-09-25,76.81917572021484,85.3499984741211,87.0999984741211,84.75,87.01000213623047,1236500,2026-09-25
2015-09-28,74.77606964111328,83.08000183105469,83.8499984741211,82.43000030517578,83.26000213623047,1638200,2026-09-25
2015-09-29,76.69316101074219,85.20999908447266,85.52999877929688,82.62000274658203,82.9000015258789,1351400,2026-09-25
2015-09-30,79.18630981445312,87.9800033569336,88.06999969482422,86.62999725341797,86.97000122070312,2466400,2026-09-25
2015-10-01,77.37720489501953,85.97000122070312,86.5999984741211,84.44999694824219,86.23999786376953,1323200,2026-09-25
2015-10-02,79.57331848144531,88.41000366210938,88.70999908447266,85.44999694824219,85.88999938964844,950800,2026-09-25
2015-10-05,80.45536041259766,89.38999938964844,90.05999755859375,88.52999877929688,88.69000244140625,951000,2026-09-25
2015-10-06,81.04940032958984,90.05000305175781,90.80000305175781,89.29000091552734,89.97000122070312,732200,2026-09-25
2015-10-07,81.05838012695312,90.05999755859375,91.61000061035156,88.8499984741211,91.0,873800,2026-09-25
2015-10-08,82.24647521972656,91.37999725341797,91.44999694824219,89.87999725341797,91.2699966430664,974000,2026-09-25
2015-10-09,81.78743743896484,90.87000274658203,91.0999984741211,90.27999877929688,90.70999908447266,542600,2026-09-25
2015-10-12,80.87838745117188,89.86000061035156,90.36000061035156,89.62000274658203,90.2300033569336,742300,2026-09-25
2015-10-13,78.58325958251953,87.30999755859375,88.87000274658203,87.12000274658203,88.58999633789062,1047500,2026-09-25
2015-10-14,78.54725646972656,87.2699966430664,87.75,84.61000061035156,85.01000213623047,3118200,2026-09-25
2015-10-15,79.65432739257812,88.5,89.29000091552734,87.1500015258789,87.83000183105469,2230100,2026-09-25
2015-10-16,79.7893295288086,88.6500015258789,89.06999969482422,87.75,88.22000122070312,892700,2026-09-25
2015-10-19,79.90633392333984,88.77999877929688,88.98999786376953,88.02999877929688,88.61000061035156,502800,2026-09-25
2015-10-20,80.12235260009766,89.0199966430664,90.47000122070312,87.54000091552734,88.08000183105469,1108000,2026-09-25
2015-10-21,81.01341247558594,90.01000213623047,91.23999786376953,89.95999908447266,90.87000274658203,943900,2026-09-25
2015-10-22,83.0925064086914,92.31999969482422,92.91000366210938,91.88999938964844,92.02999877929688,1644800,2026-09-25
2015-10-23,84.28056335449219,93.63999938964844,94.41000366210938,93.23999786376953,94.23999786376953,1585100,2026-09-25
2015-10-26,83.06550598144531,92.29000091552734,92.9000015258789,92.11000061035156,92.5,614500,2026-09-25
2015-10-27,82.39946746826172,91.55000305175781,92.75,91.2699966430664,92.52999877929688,544700,2026-09-25
2015-10-28,84.01056671142578,93.33999633789062,94.08999633789062,92.26000213623047,93.55000305175781,618600,2026-09-25
2015-10-29,82.85848236083984,92.05999755859375,92.56999969482422,91.68000030517578,92.26000213623047,517600,2026-09-25
2015-10-30,83.51553344726562,92.79000091552734,93.36000061035156,92.08999633789062,92.36000061035156,464800,2026-09-25
2015-11-02,84.70362091064453,94.11000061035156,94.58999633789062,93.54000091552734,94.27999877929688,528100,2026-09-25
2015-11-03,85.60364532470703,95.11000061035156,95.44999694824219,93.66000366210938,94.01000213623047,538200,2026-09-25
2015-11-04,86.0176773071289,95.56999969482422,95.80999755859375,94.77999877929688,95.37000274658203,429800,2026-09-25
2015-11-05,85.69364166259766,95.20999908447266,96.62000274658203,94.5999984741211,96.3499984741211,792400,2026-09-25
2015-11-06,86.70169830322266,96.33000183105469,96.4000015258789,94.76000213623047,95.47000122070312,736200,2026-09-25
2015-11-09,86.15267181396484,95.72000122070312,96.62999725341797,95.16999816894531,96.58000183105469,480300,2026-09-25
2015-11-10,84.17257690429688,93.5199966430664,94.01000213623047,93.1500015258789,93.98999786376953,2305700,2026-09-25
2015-11-11,84.55958557128906,93.94999694824219,94.83000183105469,93.41000366210938,94.37000274658203,1442600,2026-09-25
2015-11-12,83.4975357055664,92.7699966430664,93.8499984741211,92.52999877929688,93.58999633789062,788300,2026-09-25
2015-11-13,82.26448059082031,91.4000015258789,92.30000305175781,90.68000030517578,91.51000213623047,1588300,2026-09-25
2015-11-16,83.06550598144531,92.29000091552734,92.4800033569336,90.41000366210938,90.5999984741211,3582100,2026-09-25
2015-11-17,82.7864761352539,91.9800033569336,92.75,91.81999969482422,92.20999908447266,2380300,2026-09-25
2015-11-18,83.83953857421875,93.1500015258789,93.25,92.0999984741211,92.37000274658203,2181100,2026-09-25
2015-11-19,83.95655059814453,93.27999877929688,93.9000015258789,92.51000213623047,92.93000030517578,3388500,2026-09-25
2015-11-20,82.30046844482422,91.44000244140625,92.9800033569336,91.1500015258789,92.81999969482422,1829900,2026-09-25
2015-11-23,81.24739074707031,90.2699966430664,91.16000366210938,89.95999908447266,90.12999725341797,476800,2026-09-25
2015-11-24,81.30142974853516,90.33000183105469,90.61000061035156,88.62999725341797,88.66000366210938,1024700,2026-09-25
2015-11-25,81.87744140625,90.97000122070312,91.47000122070312,90.45999908447266,90.55000305175781,424800,2026-09-25
2015-11-27,83.24551391601562,92.48999786376953,92.55000305175781,92.05999755859375,92.30000305175781,200300,2026-09-25
2015-11-30,83.4525375366211,92.72000122070312,92.88999938964844,92.16000366210938,92.77999877929688,368500,2026-09-25
2015-12-01,83.92057037353516,93.23999786376953,93.51000213623047,92.7300033569336,93.12999725341797,495900,2026-09-25
2015-12-02,83.0925064086914,92.31999969482422,93.44000244140625,92.0199966430664,93.3499984741211,485800,2026-09-25
2015-12-03,81.87744140625,90.97000122070312,93.08000183105469,90.3499984741211,92.9800033569336,854400,2026-09-25
2015-12-04,82.80449676513672,92.0,92.26000213623047,91.06999969482422,91.37000274658203,899900,2026-09-25
2015-12-07,82.19245910644531,91.31999969482422,92.2699966430664,91.13999938964844,92.25,880900,2026-09-25
2015-12-08,81.47242736816406,90.5199966430664,90.83000183105469,89.63999938964844,90.12999725341797,631500,2026-09-25
2015-12-09,80.88740539550781,89.87000274658203,91.0199966430664,89.29000091552734,89.97000122070312,1041200,2026-09-25
2015-12-10,80.23934173583984,89.1500015258789,90.26000213623047,88.93000030517578,89.69999694824219,472500,2026-09-25
2015-12-11,78.55625915527344,87.27999877929688,88.27999877929688,87.1500015258789,87.9000015258789,486700,2026-09-25
2015-12-14,77.81819915771484,86.45999908447266,87.44000244140625,85.68000030517578,87.33999633789062,649100,2026-09-25
2015-12-15,79.96031951904297,88.83999633789062,89.45999908447266,88.25,88.41000366210938,505800,2026-09-25
2015-12-16,80.42835998535156,89.36000061035156,89.56999969482422,87.7300033569336,88.54000091552734,627400,2026-09-25
2015-12-17,79.14131927490234,87.93000030517578,89.77999877929688,87.93000030517578,89.70999908447266,662900,2026-09-25
2015-12-18,78.68225860595703,87.41999816894531,87.94000244140625,86.98999786376953,87.29000091552734,500600,2026-09-25
2015-12-21,80.31136322021484,89.2300033569336,89.87000274658203,88.44999694824219,89.4800033569336,1048100,2026-09-25
2015-12-22,81.36441040039062,90.4000015258789,90.63999938964844,89.27999877929688,89.83999633789062,1691100,2026-09-25
2015-12-23,82.19245910644531,91.31999969482422,91.61000061035156,90.88999938964844,91.04000091552734,418400,2026-09-25
2015-12-24,82.30046844482422,91.44000244140625,91.83000183105469,90.9000015258789,90.9000015258789,94600,2026-09-25
2015-12-28,82.41746520996094,91.56999969482422,91.76000213623047,90.8499984741211,91.66999816894531,348700,2026-09-25
2015-12-29,82.73248291015625,91.91999816894531,92.20999908447266,91.44999694824219,91.51000213623047,632500,2026-09-25
2015-12-30,82.21044921875,91.33999633789062,92.25,91.31999969482422,92.12000274658203,281600,2026-09-25
2015-12-31,79.89733123779297,88.7699966430664,90.1500015258789,88.7699966430664,89.98999786376953,433800,2026-09-25
2016-01-04,78.57427978515625,87.30000305175781,87.41999816894531,85.91000366210938,87.29000091552734,2275300,2026-09-25
2016-01-05,77.78221893310547,86.41999816894531,87.08999633789062,85.66000366210938,86.18000030517578,813100,2026-09-25
2016-01-06,76.15312957763672,84.61000061035156,85.22000122070312,83.73999786376953,83.9000015258789,2323900,2026-09-25
2016-01-07,74.2450180053711,82.48999786376953,84.1500015258789,82.23999786376953,82.44000244140625,811200,2026-09-25
2016-01-08,72.25592041015625,80.27999877929688,82.12000274658203,80.12999725341797,81.7699966430664,899400,2026-09-25
2016-01-11,74.08303833007812,82.30999755859375,83.26000213623047,81.5999984741211,82.9800033569336,1117900,2026-09-25
2016-01-12,74.38903045654297,82.6500015258789,83.94999694824219,81.66999816894531,83.3499984741211,875800,2026-09-25
2016-01-13,72.01290893554688,80.01000213623047,83.0999984741211,79.87000274658203,82.70999908447266,945700,2026-09-25
2016-01-14,74.61405944824219,82.9000015258789,83.48999786376953,81.06999969482422,82.29000091552734,1442700,2026-09-25
2016-01-15,69.72677612304688,77.47000122070312,79.44999694824219,77.16999816894531,78.62000274658203,1550300,2026-09-25
2016-01-19,72.29191589355469,80.31999969482422,80.86000061035156,79.30999755859375,79.79000091552734,1487400,2026-09-25
2016-01-20,76.73815155029297,85.26000213623047,86.2699966430664,80.97000122070312,81.58999633789062,4539200,2026-09-25
2016-01-21,78.6282730102539,87.36000061035156,88.08000183105469,85.58000183105469,86.75,1254100,2026-09-25
2016-01-22,81.32842254638672,90.36000061035156,91.72000122070312,90.06999969482422,91.22000122070312,1700700,2026-09-25
2016-01-25,80.75238800048828,89.72000122070312,90.62999725341797,89.41999816894531,90.27999877929688,881600,2026-09-25
2016-01-26,81.1754150390625,90.19000244140625,90.45999908447266,89.16000366210938,89.61000061035156,674500,2026-09-25
2016-01-27,80.74337005615234,89.70999908447266,91.1500015258789,89.41000366210938,89.8499984741211,907200,2026-09-25
2016-01-28,80.8333740234375,89.80999755859375,90.31999969482422,88.93000030517578,89.94999694824219,1846200,2026-09-25
2016-01-29,82.66048431396484,91.83999633789062,91.93000030517578,89.04000091552734,89.13999938964844,1172600,2026-09-25
2016-02-01,83.02052307128906,92.23999786376953,92.73999786376953,90.81999969482422,91.0199966430664,528400,2026-09-25
2016-02-02,79.66333770751953,88.51000213623047,90.37999725341797,88.41999816894531,90.29000091552734,740200,2026-09-25
2016-02-03,81.88645935058594,90.9800033569336,91.22000122070312,88.80999755859375,90.33000183105469,889300,2026-09-25
2016-02-04,82.32746124267578,91.47000122070312,92.18000030517578,90.41999816894531,90.5,666800,2026-09-25
2016-02-05,79.52832794189453,88.36000061035156,89.91999816894531,88.05000305175781,89.91999816894531,893000,2026-09-25
2016-02-08,77.72821807861328,86.36000061035156,86.88999938964844,84.62999725341797,84.95999908447266,1281100,2026-09-25
2016-02-09,76.4771499633789,84.97000122070312,86.36000061035156,84.69000244140625,84.80999755859375,1202400,2026-09-25
2016-02-10,73.56998443603516,81.73999786376953,84.7300033569336,81.6500015258789,84.41000366210938,2413100,2026-09-25
2016-02-11,73.63298797607422,81.80999755859375,82.44000244140625,80.87999725341797,82.44000244140625,1099900,2026-09-25
2016-02-12,73.83999633789062,82.04000091552734,82.08999633789062,80.23999786376953,80.9800033569336,1143300,2026-09-25
2016-02-16,75.58609771728516,83.9800033569336,84.2300033569336,82.72000122070312,83.05999755859375,758300,2026-09-25
2016-02-17,77.65621185302734,86.27999877929688,86.41999816894531,84.94999694824219,85.01000213623047,812100,2026-09-25
2016-02-18,77.33219146728516,85.91999816894531,86.75,85.83000183105469,86.5199966430664,672500,2026-09-25
2016-02-19,79.21328735351562,88.01000213623047,88.55000305175781,86.75,87.12000274658203,1254600,2026-09-25
2016-02-22,79.13228607177734,87.91999816894531,88.47000122070312,87.66000366210938,87.83000183105469,810800,2026-09-25
2016-02-23,79.72633361816406,88.58000183105469,89.2699966430664,87.29000091552734,87.41999816894531,1526600,2026-09-25
2016-02-24,80.29337310791016,89.20999908447266,89.37999725341797,87.72000122070312,87.87000274658203,807300,2026-09-25
2016-02-25,80.93238830566406,89.91999816894531,89.97000122070312,88.95999908447266,89.41999816894531,315800,2026-09-25
2016-02-26,81.74246215820312,90.81999969482422,91.20999908447266,90.63999938964844,91.0999984741211,279300,2026-09-25
2016-02-29,81.92241668701172,91.0199966430664,92.19000244140625,91.0199966430664,91.33000183105469,359700,2026-09-25
2016-03-01,84.41561889648438,93.79000091552734,93.94000244140625,92.62999725341797,92.95999908447266,593300,2026-09-25
2016-03-02,84.01056671142578,93.33999633789062,93.3499984741211,92.08999633789062,92.54000091552734,458300,2026-09-25
2016-03-03,85.234619140625,94.69999694824219,94.70999908447266,92.76000213623047,92.81999969482422,562000,2026-09-25
2016-03-04,85.81964874267578,95.3499984741211,95.5199966430664,94.68000030517578,94.83999633789062,1181800,2026-09-25
2016-03-07,86.440673828125,96.04000091552734,96.2300033569336,94.30999755859375,94.33999633789062,1015400,2026-09-25
2016-03-08,84.41561889648438,93.79000091552734,94.9800033569336,93.72000122070312,94.61000061035156,619200,2026-09-25
2016-03-09,84.70362091064453,94.11000061035156,94.45999908447266,93.87000274658203,94.08999633789062,169000,2026-09-25
2016-03-10,86.35069274902344,95.94000244140625,97.81999969482422,95.12000274658203,96.43000030517578,1123000,2026-09-25
2016-03-11,87.97978973388672,97.75,97.7699966430664,96.80000305175781,97.29000091552734,656100,2026-09-25
2016-03-14,87.29573822021484,96.98999786376953,97.87999725341797,96.61000061035156,97.47000122070312,378800,2026-09-25
2016-03-15,86.93572235107422,96.58999633789062,96.91999816894531,96.29000091552734,96.5199966430664,299700,2026-09-25
2016-03-16,87.5567626953125,97.27999877929688,97.43000030517578,95.70999908447266,96.0,520700,2026-09-25
2016-03-17,87.98877716064453,97.76000213623047,97.97000122070312,96.55999755859375,96.72000122070312,302000,2026-09-25
2016-03-18,88.1867904663086,97.9800033569336,98.66999816894531,97.6500015258789,97.77999877929688,312800,2026-09-25
2016-03-21,88.04278564453125,97.81999969482422,97.97000122070312,97.2300033569336,97.45999908447266,567400,2026-09-25
2016-03-22,88.42080688476562,98.23999786376953,98.54000091552734,96.9800033569336,97.02999877929688,757100,2026-09-25
2016-03-23,87.94378662109375,97.70999908447266,98.6500015258789,97.66999816894531,98.5999984741211,892300,2026-09-25
2016-03-24,87.24172973632812,96.93000030517578,96.93000030517578,95.9800033569336,96.16000366210938,292900,2026-09-25
2016-03-28,87.7277603149414,97.47000122070312,97.6500015258789,96.69000244140625,97.37000274658203,182600,2026-09-25
2016-03-29,90.03189849853516,100.02999877929688,100.18000030517578,98.16999816894531,98.33999633789062,409000,2026-09-25
2016-03-30,91.03996276855469,101.1500015258789,101.87999725341797,100.56999969482422,101.16999816894531,460400,2026-09-25
2016-03-31,90.35589599609375,100.38999938964844,101.91999816894531,100.33999633789062,101.4800033569336,637900,2026-09-25
2016-04-01,90.51790618896484,100.56999969482422,100.62999725341797,99.30000305175781,99.4000015258789,367600,2026-09-25
2016-04-04,91.4719467163086,101.62999725341797,102.5999984741211,101.55999755859375,102.13999938964844,861500,2026-09-25
2016-04-05,89.57286071777344,99.5199966430664,100.12000274658203,99.27999877929688,99.58000183105469,1059400,2026-09-25
2016-04-06,90.99494171142578,101.0999984741211,101.16999816894531,99.29000091552734,99.37000274658203,753000,2026-09-25
2016-04-07,90.08587646484375,100.08999633789062,100.94999694824219,99.94999694824219,100.75,452200,2026-09-25
2016-04-08,90.58989715576172,100.6500015258789,101.36000061035156,100.37999725341797,100.87999725341797,424200,2026-09-25
2016-04-11,90.22989654541016,100.25,101.55999755859375,100.13999938964844,100.8499984741211,188400,2026-09-25
2016-04-12,90.7699203491211,100.8499984741211,101.2300033569336,99.69999694824219,100.66999816894531,295100,2026-09-25
2016-04-13,91.8499755859375,102.05000305175781,102.19999694824219,101.27999877929688,101.58999633789062,363100,2026-09-25
2016-04-14,90.337890625,100.37000274658203,100.80000305175781,99.7699966430664,100.79000091552734,547800,2026-09-25
2016-04-15,89.59986877441406,99.55000305175781,100.5199966430664,99.30999755859375,99.87000274658203,540400,2026-09-25
2016-04-18,89.3118667602539,99.2300033569336,100.02999877929688,98.79000091552734,98.86000061035156,342600,2026-09-25
2016-04-19,89.77987670898438,99.75,100.73999786376953,99.3499984741211,100.23999786376953,833800,2026-09-25
2016-04-20,86.79171752929688,96.43000030517578,99.55999755859375,95.12999725341797,99.01000213623047,2104400,2026-09-25
2016-04-21,86.24269104003906,95.81999969482422,97.23999786376953,95.51000213623047,97.23999786376953,626600,2026-09-25
2016-04-22,86.28768157958984,95.87000274658203,96.47000122070312,95.31999969482422,95.7300033569336,275500,2026-09-25
2016-04-25,86.52171325683594,96.12999725341797,96.5199966430664,95.93000030517578,96.30000305175781,367000,2026-09-25
2016-04-26,86.77371978759766,96.41000366210938,96.9800033569336,96.29000091552734,96.44999694824219,348200,2026-09-25
2016-04-27,89.32083892822266,99.23999786376953,99.41999816894531,97.69000244140625,97.7300033569336,600200,2026-09-25
2016-04-28,88.21378326416016,98.01000213623047,99.58000183105469,97.75,98.30000305175781,902200,2026-09-25
2016-04-29,86.94471740722656,96.5999984741211,98.55000305175781,96.05000305175781,98.33999633789062,786700,2026-09-25
2016-05-02,87.71876525878906,97.45999908447266,97.56999969482422,96.54000091552734,96.69999694824219,461300,2026-09-25
2016-05-03,85.9928970336914,94.41999816894531,95.19000244140625,94.12999725341797,95.12999725341797,604700,2026-09-25
2016-05-04,85.41000366210938,93.77999877929688,93.83999633789062,93.22000122070312,93.5999984741211,1430900,2026-09-25
2016-05-05,84.60855102539062,92.9000015258789,93.91999816894531,92.69999694824219,92.77999877929688,464400,2026-09-25
2016-05-06,84.0894546508789,92.33000183105469,92.7300033569336,91.81999969482422,92.37999725341797,336300,2026-09-25
2016-05-09,84.69051361083984,92.98999786376953,93.62000274658203,92.54000091552734,93.26000213623047,456800,2026-09-25
2016-05-10,85.01837158203125,93.3499984741211,93.51000213623047,92.45999908447266,92.5199966430664,367700,2026-09-25
2016-05-11,84.31710815429688,92.58000183105469,93.25,91.7699966430664,91.80999755859375,897100,2026-09-25
2016-05-12,83.36082458496094,91.52999877929688,92.94000244140625,90.43000030517578,92.80999755859375,1099600,2026-09-25
2016-05-13,83.1513671875,91.30000305175781,92.37999725341797,91.1500015258789,91.6500015258789,770000,2026-09-25
2016-05-16,87.27705383300781,95.83000183105469,96.38999938964844,93.77999877929688,94.16000366210938,1553600,2026-09-25
2016-05-17,85.88361358642578,94.30000305175781,95.55000305175781,94.16999816894531,95.18000030517578,710300,2026-09-25
2016-05-18,86.08396911621094,94.5199966430664,95.55000305175781,94.08000183105469,94.18000030517578,349400,2026-09-25
2016-05-19,84.98196411132812,93.30999755859375,93.87000274658203,92.80000305175781,93.5,573700,2026-09-25
2016-05-20,86.95829772949219,95.4800033569336,95.58000183105469,94.94999694824219,95.1500015258789,571700,2026-09-25
2016-05-23,87.15863037109375,95.69999694824219,96.23999786376953,95.20999908447266,95.31999969482422,387200,2026-09-25
2016-05-24,88.81621551513672,97.5199966430664,97.66000366210938,95.52999877929688,95.52999877929688,785500,2026-09-25
2016-05-25,90.09124755859375,98.91999816894531,99.2300033569336,98.1500015258789,98.3499984741211,1000800,2026-09-25
2016-05-26,90.53752899169922,99.41000366210938,99.7699966430664,98.41000366210938,99.19000244140625,748900,2026-09-25
2016-05-27,91.14772033691406,100.08000183105469,100.48999786376953,99.37999725341797,99.37999725341797,765500,2026-09-25
2016-05-31,91.05664825439453,99.9800033569336,100.23999786376953,99.33999633789062,100.05000305175781,509600,2026-09-25
2016-06-01,90.93827056884766,99.8499984741211,100.06999969482422,98.87999725341797,98.91000366210938,1335700,2026-09-25
2016-06-02,91.20237731933594,100.13999938964844,100.22000122070312,99.29000091552734,99.70999908447266,614600,2026-09-25
2016-06-03,91.84901428222656,100.8499984741211,101.06999969482422,100.16000366210938,100.8499984741211,279900,2026-09-25
2016-06-06,91.13863372802734,100.06999969482422,101.29000091552734,100.0,101.06999969482422,389000,2026-09-25
2016-06-07,92.15867614746094,101.19000244140625,101.37999725341797,100.66000366210938,101.16999816894531,444400,2026-09-25
2016-06-08,92.07670593261719,101.0999984741211,101.2300033569336,100.33999633789062,100.8499984741211,527300,2026-09-25
2016-06-09,91.5758056640625,100.55000305175781,100.56999969482422,99.4000015258789,99.45999908447266,624600,2026-09-25
2016-06-10,88.68872833251953,97.37999725341797,98.23999786376953,96.79000091552734,97.63999938964844,1514900,2026-09-25
2016-06-13,87.732421875,96.33000183105469,97.18000030517578,95.62999725341797,95.63999938964844,1055100,2026-09-25
2016-06-14,86.15684509277344,94.5999984741211,94.69999694824219,93.33000183105469,93.5,1624300,2026-09-25
2016-06-15,85.77435302734375,94.18000030517578,95.2300033569336,94.12999725341797,94.70999908447266,740100,2026-09-25
2016-06-16,87.04026794433594,95.56999969482422,95.62000274658203,93.20999908447266,93.79000091552734,501300,2026-09-25
2016-06-17,86.20235443115234,94.6500015258789,94.95999908447266,93.2699966430664,94.61000061035156,702400,2026-09-25
2016-06-20,88.2060317993164,96.8499984741211,97.62000274658203,96.70999908447266,97.33000183105469,949900,2026-09-25
2016-06-21,89.69966125488281,98.48999786376953,98.80999755859375,97.81999969482422,98.16000366210938,691700,2026-09-25
2016-06-22,89.93643951416016,98.75,99.55000305175781,98.69000244140625,99.19999694824219,501700,2026-09-25
2016-06-23,92.3407974243164,101.38999938964844,101.41000366210938,99.31999969482422,100.54000091552734,888700,2026-09-25
2016-06-24,86.53022003173828,95.01000213623047,96.5999984741211,93.95999908447266,94.08000183105469,2063600,2026-09-25
2016-06-27,84.24425506591797,92.5,92.9000015258789,91.1500015258789,92.4000015258789,2285900,2026-09-25
2016-06-28,85.97467803955078,94.4000015258789,94.56999969482422,93.05000305175781,93.5999984741211,707900,2026-09-25
2016-06-29,87.53206634521484,96.11000061035156,96.58999633789062,95.62999725341797,95.86000061035156,556100,2026-09-25
2016-06-30,90.35537719726562,99.20999908447266,99.20999908447266,96.91999816894531,97.37000274658203,669800,2026-09-25
2016-07-01,89.65410614013672,98.44000244140625,98.66999816894531,98.0999984741211,98.37000274658203,957500,2026-09-25
2016-07-05,86.83077239990234,95.33999633789062,97.12000274658203,95.0199966430664,96.6500015258789,1007800,2026-09-25
2016-07-06,86.42094421386719,94.88999938964844,94.97000122070312,92.83999633789062,93.41999816894531,1257500,2026-09-25
2016-07-07,86.16593933105469,94.61000061035156,95.23999786376953,94.08000183105469,94.0999984741211,827900,2026-09-25
2016-07-08,88.54298400878906,97.22000122070312,97.26000213623047,95.94999694824219,96.0999984741211,588200,2026-09-25
2016-07-11,90.85629272460938,99.76000213623047,99.94999694824219,99.0,99.12000274658203,493000,2026-09-25
2016-07-12,91.8763427734375,100.87999725341797,101.83000183105469,100.0,100.87000274658203,1280100,2026-09-25
2016-07-13,92.08580017089844,101.11000061035156,101.80999755859375,100.86000061035156,101.08999633789062,547200,2026-09-25
2016-07-14,93.77979278564453,102.97000122070312,103.8499984741211,102.5999984741211,103.7300033569336,1023800,2026-09-25
2016-07-15,92.54118347167969,101.61000061035156,101.94000244140625,101.19000244140625,101.25,538600,2026-09-25
2016-07-18,93.9255142211914,103.12999725341797,103.37000274658203,102.45999908447266,102.75,802800,2026-09-25
2016-07-19,96.20238494873047,105.62999725341797,106.30000305175781,103.16000366210938,103.2699966430664,3330400,2026-09-25
2016-07-20,98.50660705566406,108.16000366210938,108.3499984741211,107.05999755859375,107.58000183105469,1642100,2026-09-25
2016-07-21,96.06578826904297,105.4800033569336,106.37000274658203,104.95999908447266,105.41000366210938,2199400,2026-09-25
2016-07-22,96.20238494873047,105.62999725341797,105.86000061035156,105.19000244140625,105.55000305175781,397800,2026-09-25
2016-07-25,96.97651672363281,106.4800033569336,106.56999969482422,105.93000030517578,106.19000244140625,500300,2026-09-25
2016-07-26,99.06214141845703,108.7699966430664,108.91000366210938,107.30999755859375,107.48999786376953,926600,2026-09-25
2016-07-27,99.78163146972656,109.55999755859375,109.91000366210938,108.37999725341797,109.63999938964844,876300,2026-09-25
2016-07-28,100.2552261352539,110.08000183105469,110.20999908447266,109.48999786376953,109.87000274658203,530000,2026-09-25
2016-07-29,99.8362808227539,109.62000274658203,110.8499984741211,109.30999755859375,110.4800033569336,1399700,2026-09-25
2016-08-01,99.90914154052734,109.69999694824219,110.1500015258789,109.29000091552734,109.62000274658203,419800,2026-09-25
2016-08-02,99.61767578125,109.37999725341797,109.58999633789062,108.77999877929688,109.56999969482422,358600,2026-09-25
2016-08-03,98.77071380615234,108.44999694824219,108.75,107.88999938964844,107.94999694824219,414200,2026-09-25
2016-08-04,100.26433563232422,110.08999633789062,110.2300033569336,109.54000091552734,109.69999694824219,288500,2026-09-25
2016-08-05,99.81804656982422,109.5999984741211,110.66000366210938,109.4000015258789,109.94999694824219,599800,2026-09-25
2016-08-08,99.49931335449219,109.25,109.55999755859375,109.04000091552734,109.25,352200,2026-09-25
2016-08-09,100.08218383789062,109.88999938964844,110.11000061035156,109.45999908447266,109.45999908447266,558600,2026-09-25
2016-08-10,99.71788024902344,109.48999786376953,110.4000015258789,109.20999908447266,110.30999755859375,840300,2026-09-25
2016-08-11,100.81077575683594,110.69000244140625,111.04000091552734,110.12000274658203,110.6500015258789,879600,2026-09-25
2016-08-12,100.4282455444336,110.2699966430664,111.12999725341797,109.98999786376953,110.94000244140625,540400,2026-09-25
2016-08-15,100.93828582763672,110.83000183105469,111.58000183105469,110.79000091552734,111.27999877929688,329400,2026-09-25
2016-08-16,98.31532287597656,107.94999694824219,110.94000244140625,107.01000213623047,110.83000183105469,1531000,2026-09-25
2016-08-17,96.03844451904297,105.44999694824219,105.79000091552734,104.7300033569336,105.30999755859375,2084100,2026-09-25
2016-08-18,96.56669616699219,106.02999877929688,106.5199966430664,105.72000122070312,106.12000274658203,679500,2026-09-25
2016-08-19,97.20420837402344,106.7300033569336,106.97000122070312,106.2699966430664,106.80000305175781,525400,2026-09-25
2016-08-22,97.59584045410156,107.16000366210938,107.3499984741211,106.5999984741211,106.9800033569336,486300,2026-09-25
2016-08-23,98.80712127685547,108.48999786376953,109.13999938964844,108.20999908447266,108.66000366210938,723200,2026-09-25
2016-08-24,97.1586685180664,106.68000030517578,107.8499984741211,106.45999908447266,107.72000122070312,473600,2026-09-25
2016-08-25,96.9674072265625,106.47000122070312,106.79000091552734,106.25,106.55999755859375,271700,2026-09-25
2016-08-26,96.82170104980469,106.30999755859375,107.9800033569336,105.52999877929688,106.7699966430664,870400,2026-09-25
2016-08-29,97.52297973632812,107.08000183105469,107.12000274658203,106.23999786376953,106.23999786376953,280400,2026-09-25
2016-08-30,97.9237060546875,107.5199966430664,108.7300033569336,107.33000183105469,108.69999694824219,602800,2026-09-25
2016-08-31,97.04026794433594,106.55000305175781,106.94000244140625,105.9000015258789,106.83000183105469,346400,2026-09-25
2016-09-01,97.89637756347656,107.48999786376953,107.52999877929688,106.2699966430664,106.31999969482422,455400,2026-09-25
2016-09-02,98.23336791992188,107.86000061035156,108.25,107.5,108.05000305175781,259200,2026-09-25
2016-09-06,98.29711151123047,107.93000030517578,108.04000091552734,107.4800033569336,107.77999877929688,346300,2026-09-25
2016-09-07,96.83991241455078,106.33000183105469,108.30000305175781,106.05999755859375,108.01000213623047,992100,2026-09-25
2016-09-08,94.79071807861328,104.08000183105469,104.73999786376953,103.63999938964844,104.13999938964844,919700,2026-09-25
2016-09-09,92.63224792480469,101.70999908447266,103.4800033569336,101.69999694824219,103.16000366210938,818200,2026-09-25
2016-09-12,93.93463134765625,103.13999938964844,103.2699966430664,100.93000030517578,101.02999877929688,502100,2026-09-25
2016-09-13,92.6595687866211,101.73999786376953,102.9800033569336,101.47000122070312,102.5,516200,2026-09-25
2016-09-14,92.87813568115234,101.9800033569336,102.29000091552734,100.83000183105469,100.9800033569336,1069200,2026-09-25
2016-09-15,94.39000701904297,103.63999938964844,103.8499984741211,102.0999984741211,102.31999969482422,1072000,2026-09-25
2016-09-16,93.07850646972656,102.19999694824219,102.48999786376953,101.37000274658203,102.04000091552734,1040000,2026-09-25
2016-09-19,94.11676788330078,103.33999633789062,104.18000030517578,103.19999694824219,103.22000122070312,550000,2026-09-25
2016-09-20,95.51932525634766,104.87999725341797,105.27999877929688,104.31999969482422,104.69999694824219,773900,2026-09-25
2016-09-21,97.18598937988281,106.70999908447266,106.87000274658203,105.41000366210938,105.69000244140625,832500,2026-09-25
2016-09-22,99.08036804199219,108.79000091552734,109.55999755859375,108.69000244140625,109.04000091552734,579500,2026-09-25
2016-09-23,98.87998962402344,108.56999969482422,109.26000213623047,108.41999816894531,108.76000213623047,664700,2026-09-25
2016-09-26,99.06214141845703,108.7699966430664,109.16000366210938,108.27999877929688,108.48999786376953,663300,2026-09-25
2016-09-27,99.8362808227539,109.62000274658203,109.80000305175781,107.83999633789062,107.95999908447266,591600,2026-09-25
2016-09-28,100.05485534667969,109.86000061035156,110.04000091552734,108.87000274658203,109.27999877929688,316300,2026-09-25
2016-09-29,99.02569580078125,108.7300033569336,109.73999786376953,107.55000305175781,109.2699966430664,551900,2026-09-25
2016-09-30,99.79984283447266,109.58000183105469,110.13999938964844,109.0199966430664,109.19000244140625,338000,2026-09-25
2016-10-03,99.2078628540039,108.93000030517578,109.61000061035156,108.54000091552734,109.36000061035156,416800,2026-09-25
2016-10-04,99.23516845703125,108.95999908447266,109.8499984741211,108.61000061035156,109.38999938964844,324300,2026-09-25
2016-10-05,99.09857940673828,108.80999755859375,109.30000305175781,108.70999908447266,109.0999984741211,280100,2026-09-25
2016-10-06,99.0348129272461,108.73999786376953,108.98999786376953,107.80999755859375,108.2699966430664,473500,2026-09-25
2016-10-07,96.88545227050781,106.37999725341797,107.16999816894531,105.36000061035156,107.04000091552734,861900,2026-09-25
2016-10-10,97.44100952148438,106.98999786376953,107.73999786376953,106.98999786376953,107.62999725341797,686400,2026-09-25
2016-10-11,93.5429916381836,102.70999908447266,105.63999938964844,102.41000366210938,105.61000061035156,959100,2026-09-25
2016-10-12,93.42460632324219,102.58000183105469,102.66999816894531,101.41999816894531,102.30999755859375,794500,2026-09-25
2016-10-13,91.4300537109375,100.38999938964844,100.6500015258789,100.04000091552734,100.58999633789062,1161200,2026-09-25
2016-10-14,92.09490966796875,101.12000274658203,102.11000061035156,100.94999694824219,101.58000183105469,331200,2026-09-25
2016-10-17,92.13134002685547,101.16000366210938,101.33999633789062,100.51000213623047,100.62000274658203,399000,2026-09-25
2016-10-18,93.19691467285156,102.33000183105469,102.58000183105469,101.83000183105469,102.51000213623047,955700,2026-09-25
2016-10-19,94.79981994628906,104.08999633789062,104.75,103.19999694824219,104.75,1109900,2026-09-25
2016-10-20,94.3353500366211,103.58000183105469,103.62000274658203,102.47000122070312,102.5199966430664,739900,2026-09-25
2016-10-21,95.86541748046875,105.26000213623047,105.31999969482422,103.4000015258789,103.47000122070312,1638300,2026-09-25
2016-10-24,95.88362121582031,105.27999877929688,105.41999816894531,104.7699966430664,104.91999816894531,971000,2026-09-25
2016-10-25,95.20966339111328,104.54000091552734,105.13999938964844,104.12999725341797,104.68000030517578,567100,2026-09-25
2016-10-26,94.58123779296875,103.8499984741211,104.7300033569336,103.7300033569336,104.47000122070312,376200,2026-09-25
2016-10-27,94.76339721679688,104.05000305175781,105.2699966430664,103.86000061035156,105.18000030517578,606800,2026-09-25
2016-10-28,96.04756164550781,105.45999908447266,105.94999694824219,104.69000244140625,104.86000061035156,915500,2026-09-25
2016-10-31,96.19329071044922,105.62000274658203,106.36000061035156,104.94000244140625,105.51000213623047,794000,2026-09-25
2016-11-01,94.61768341064453,103.88999938964844,105.68000030517578,103.29000091552734,105.6500015258789,936100,2026-09-25
2016-11-02,94.74520874023438,104.02999877929688,104.7300033569336,103.66999816894531,104.01000213623047,564400,2026-09-25
2016-11-03,92.69599151611328,101.77999877929688,103.5999984741211,101.77999877929688,103.3499984741211,707000,2026-09-25
2016-11-04,93.3426284790039,102.48999786376953,103.01000213623047,101.4800033569336,102.22000122070312,791600,2026-09-25
2016-11-07,95.40093994140625,104.75,104.76000213623047,103.5999984741211,103.80000305175781,413000,2026-09-25
2016-11-08,95.45555877685547,104.80999755859375,105.22000122070312,103.52999877929688,103.58999633789062,516600,2026-09-25
2016-11-09,94.41735076904297,103.66999816894531,103.81999969482422,102.33000183105469,102.33000183105469,495700,2026-09-25
2016-11-10,92.34992218017578,101.4000015258789,103.41000366210938,100.70999908447266,102.77999877929688,934900,2026-09-25
2016-11-11,91.30255126953125,100.25,100.51000213623047,98.72000122070312,99.69999694824219,1212200,2026-09-25
2016-11-14,90.34626770019531,99.19999694824219,99.7699966430664,98.70999908447266,98.94000244140625,687800,2026-09-25
2016-11-15,91.09307861328125,100.0199966430664,100.27999877929688,98.75,99.12000274658203,491100,2026-09-25
2016-11-16,91.71238708496094,100.69999694824219,100.7699966430664,99.1500015258789,99.19999694824219,1036300,2026-09-25
2016-11-17,93.40638732910156,102.55999755859375,102.8499984741211,101.19000244140625,101.23999786376953,1344700,2026-09-25
2016-11-18,95.25519561767578,104.58999633789062,104.75,103.37999725341797,103.58000183105469,1914300,2026-09-25
2016-11-21,95.71057891845703,105.08999633789062,105.11000061035156,104.0199966430664,104.08999633789062,1408200,2026-09-25
2016-11-22,95.9200439453125,105.31999969482422,105.61000061035156,104.80000305175781,105.44999694824219,876300,2026-09-25
2016-11-23,95.71968841552734,105.0999984741211,105.3499984741211,104.25,104.4800033569336,432300,2026-09-25
2016-11-25,94.84537506103516,104.13999938964844,104.45999908447266,103.7699966430664,103.98999786376953,251900,2026-09-25
2016-11-28,94.38087463378906,103.62999725341797,103.91000366210938,103.22000122070312,103.30000305175781,453200,2026-09-25
2016-11-29,94.52660369873047,103.79000091552734,104.01000213623047,102.70999908447266,102.87999725341797,1194200,2026-09-25
2016-11-30,93.9255142211914,103.12999725341797,103.81999969482422,102.93000030517578,103.7699966430664,434200,2026-09-25
2016-12-01,91.0657730102539,99.98999786376953,102.73999786376953,99.68000030517578,102.66999816894531,837900,2026-09-25
2016-12-02,90.87451171875,99.77999877929688,100.30000305175781,98.83999633789062,99.01000213623047,701100,2026-09-25
2016-12-05,93.73426055908203,102.91999816894531,103.0199966430664,101.69000244140625,102.29000091552734,818600,2026-09-25
2016-12-06,93.5429916381836,102.70999908447266,102.9000015258789,101.79000091552734,101.88999938964844,399900,2026-09-25
2016-12-07,94.30802917480469,103.55000305175781,103.91999816894531,101.83000183105469,101.9800033569336,566600,2026-09-25
2016-12-08,93.90729522705078,103.11000061035156,103.7300033569336,102.6500015258789,103.19000244140625,478800,2026-09-25
2016-12-09,93.49747467041016,102.66000366210938,103.11000061035156,102.08999633789062,102.91999816894531,362500,2026-09-25
2016-12-12,93.7160415649414,102.9000015258789,103.33999633789062,102.41000366210938,103.16999816894531,308500,2026-09-25
2016-12-13,95.30075073242188,104.63999938964844,104.86000061035156,104.0,104.11000061035156,308400,2026-09-25
2016-12-14,94.38087463378906,103.62999725341797,104.94000244140625,103.52999877929688,104.58000183105469,390800,2026-09-25
2016-12-15,95.65592956542969,105.02999877929688,105.38999938964844,104.31999969482422,104.47000122070312,655400,2026-09-25
2016-12-16,96.75794219970703,106.23999786376953,106.72000122070312,105.95999908447266,106.26000213623047,865800,2026-09-25
2016-12-19,100.38272857666016,110.22000122070312,110.4800033569336,108.36000061035156,108.36000061035156,1709400,2026-09-25
2016-12-20,99.91824340820312,109.70999908447266,109.80000305175781,109.11000061035156,109.37000274658203,810500,2026-09-25
2016-12-21,100.22789001464844,110.05000305175781,110.30000305175781,109.72000122070312,110.02999877929688,659500,2026-09-25
2016-12-22,100.16413116455078,109.9800033569336,110.41999816894531,109.7699966430664,110.36000061035156,324200,2026-09-25
2016-12-23,100.84720611572266,110.7300033569336,110.8499984741211,110.2699966430664,110.41999816894531,183900,2026-09-25
2016-12-27,101.5575942993164,111.51000213623047,111.62000274658203,110.79000091552734,110.79000091552734,308500,2026-09-25
2016-12-28,100.89273834228516,110.77999877929688,111.30999755859375,110.43000030517578,110.80999755859375,509900,2026-09-25
2016-12-29,101.23884582519531,111.16000366210938,111.37000274658203,110.69999694824219,110.97000122070312,754900,2026-09-25
2016-12-30,102.18599700927734,112.19999694824219,112.66000366210938,111.2699966430664,112.05999755859375,858700,2026-09-25
2017-01-03,100.5921859741211,110.44999694824219,111.27999877929688,110.1500015258789,110.9800033569336,874700,2026-09-25
2017-01-04,100.1094970703125,109.91999816894531,110.3499984741211,109.62000274658203,109.83999633789062,846200,2026-09-25
2017-01-05,101.31169128417969,111.23999786376953,111.9000015258789,110.75,110.80000305175781,493800,2026-09-25
2017-01-06,101.202392578125,111.12000274658203,111.58999633789062,110.30000305175781,110.55999755859375,360200,2026-09-25
2017-01-09,102.45011138916016,112.48999786376953,112.7300033569336,111.01000213623047,111.0199966430664,554800,2026-09-25
2017-01-10,102.59586334228516,112.6500015258789,113.12999725341797,112.58000183105469,112.58000183105469,816100,2026-09-25
2017-01-11,103.35177612304688,113.4800033569336,113.51000213623047,112.19000244140625,112.25,419900,2026-09-25
2017-01-12,104.52661895751953,114.7699966430664,114.81999969482422,113.0,113.94000244140625,713900,2026-09-25
2017-01-13,105.00932312011719,115.30000305175781,115.54000091552734,114.75,114.7699966430664,1474200,2026-09-25
2017-01-17,105.56488800048828,115.91000366210938,116.31999969482422,114.88999938964844,115.62999725341797,1381400,2026-09-25
2017-01-18,111.9947738647461,122.97000122070312,125.87999725341797,121.94000244140625,122.06999969482422,4392000,2026-09-25
2017-01-19,110.98384094238281,121.86000061035156,121.98999786376953,120.45999908447266,120.86000061035156,1936700,2026-09-25
2017-01-20,111.15689086914062,122.05000305175781,122.30999755859375,121.5199966430664,121.5199966430664,786900,2026-09-25
2017-01-23,111.26616668701172,122.16999816894531,122.31999969482422,120.5999984741211,121.97000122070312,1570600,2026-09-25
2017-01-24,111.61226654052734,122.55000305175781,123.0,122.06999969482422,122.27999877929688,975100,2026-09-25
2017-01-25,111.82171630859375,122.77999877929688,122.97000122070312,122.2699966430664,122.51000213623047,649500,2026-09-25
2017-01-26,110.31897735595703,121.12999725341797,122.16000366210938,121.06999969482422,121.30000305175781,611200,2026-09-25
2017-01-27,110.90186309814453,121.7699966430664,122.08000183105469,121.04000091552734,121.44000244140625,663500,2026-09-25
2017-01-30,110.84722900390625,121.70999908447266,121.86000061035156,120.0199966430664,120.91000366210938,1161000,2026-09-25
2017-01-31,110.56489562988281,121.4000015258789,122.0,120.98999786376953,121.63999938964844,1435700,2026-09-25
2017-02-01,110.48291015625,121.30999755859375,122.11000061035156,121.0,121.6500015258789,1324600,2026-09-25
2017-02-02,111.78528594970703,122.73999786376953,123.19000244140625,122.29000091552734,123.08999633789062,632800,2026-09-25
2017-02-03,112.03118896484375,123.01000213623047,123.56999969482422,122.87000274658203,122.91000366210938,358300,2026-09-25
2017-02-06,111.32083129882812,122.2300033569336,122.62999725341797,121.87000274658203,122.23999786376953,260700,2026-09-25
2017-02-07,112.25890350341797,123.26000213623047,123.56999969482422,121.87000274658203,122.02999877929688,1117200,2026-09-25
2017-02-08,113.01481628417969,124.08999633789062,124.26000213623047,122.98999786376953,123.41000366210938,853100,2026-09-25
2017-02-09,113.40644073486328,124.5199966430664,125.55000305175781,124.31999969482422,124.41000366210938,820400,2026-09-25
2017-02-10,113.70697784423828,124.8499984741211,125.25,124.1500015258789,124.80000305175781,791500,2026-09-25
2017-02-13,115.20970916748047,126.5,126.63999938964844,125.75,126.13999938964844,1052600,2026-09-25
2017-02-14,114.98202514648438,126.25,126.5,125.62000274658203,126.08000183105469,1825300,2026-09-25
2017-02-15,115.90189361572266,127.26000213623047,127.27999877929688,125.30000305175781,125.44999694824219,900800,2026-09-25
2017-02-16,115.9109878540039,127.2699966430664,127.44000244140625,126.4800033569336,126.55000305175781,1023500,2026-09-25
2017-02-17,115.55580139160156,126.87999725341797,126.87999725341797,125.81999969482422,125.83999633789062,808100,2026-09-25
2017-02-21,116.20240783691406,127.58999633789062,127.5999984741211,125.25,125.27999877929688,3895800,2026-09-25
2017-02-22,112.77803039550781,123.83000183105469,125.51000213623047,123.58000183105469,125.0999984741211,2312100,2026-09-25
2017-02-23,112.73247528076172,123.77999877929688,124.62000274658203,123.25,124.52999877929688,764500,2026-09-25
2017-02-24,111.59405517578125,122.52999877929688,122.94999694824219,121.63999938964844,122.29000091552734,1442500,2026-09-25
2017-02-27,111.9310302734375,122.9000015258789,123.0199966430664,122.08000183105469,122.29000091552734,736500,2026-09-25
2017-02-28,110.82901763916016,121.69000244140625,122.22000122070312,121.41000366210938,121.5,1033500,2026-09-25
2017-03-01,112.45014953613281,123.47000122070312,123.91999816894531,122.43000030517578,122.5,1274400,2026-09-25
2017-03-02,110.7197265625,121.56999969482422,122.55000305175781,121.4800033569336,121.77999877929688,961800,2026-09-25
2017-03-03,112.0038833618164,122.9800033569336,122.98999786376953,121.83000183105469,122.76000213623047,783800,2026-09-25
2017-03-06,110.7470474243164,121.5999984741211,121.91000366210938,120.77999877929688,121.25,495300,2026-09-25
2017-03-07,109.27162170410156,119.9800033569336,121.38999938964844,119.83000183105469,121.25,1234500,2026-09-25
2017-03-08,109.97291564941406,120.75,121.16999816894531,120.33999633789062,120.81999969482422,575800,2026-09-25
2017-03-09,110.42828369140625,121.25,121.54000091552734,120.66000366210938,121.18000030517578,405700,2026-09-25
2017-03-10,113.84358215332031,125.0,125.11000061035156,123.94000244140625,124.47000122070312,1016100,2026-09-25
2017-03-13,113.10589599609375,124.19000244140625,124.45999908447266,123.43000030517578,123.55999755859375,838100,2026-09-25
2017-03-14,112.92372131347656,123.98999786376953,124.83000183105469,123.86000061035156,124.7699966430664,412900,2026-09-25
2017-03-15,114.81809997558594,126.06999969482422,126.30999755859375,124.58000183105469,124.8499984741211,838900,2026-09-25
2017-03-16,114.92737579345703,126.19000244140625,126.25,124.80999755859375,124.88999938964844,424200,2026-09-25
2017-03-17,116.48477172851562,127.9000015258789,128.42999267578125,126.93000030517578,127.19000244140625,1030300,2026-09-25
2017-03-20,116.82174682617188,128.27000427246094,129.16000366210938,127.9800033569336,128.83999633789062,577600,2026-09-25
2017-03-21,115.0457763671875,126.31999969482422,129.82000732421875,126.1500015258789,129.69000244140625,1398800,2026-09-25
2017-03-22,117.41373443603516,128.9199981689453,129.24000549316406,127.01000213623047,127.06999969482422,529900,2026-09-25
2017-03-23,117.68694305419922,129.22000122070312,129.6999969482422,128.8000030517578,129.1999969482422,266000,2026-09-25
2017-03-24,120.43741607666016,132.24000549316406,133.5500030517578,131.9600067138672,133.27999877929688,1709800,2026-09-25
2017-03-27,120.8563461303711,132.6999969482422,133.1999969482422,132.36000061035156,132.77999877929688,2238000,2026-09-25
2017-03-28,121.84905242919922,133.7899932861328,134.2899932861328,133.1199951171875,133.3699951171875,1370300,2026-09-25
2017-03-29,121.04762268066406,132.91000366210938,133.4600067138672,132.5399932861328,133.16000366210938,358300,2026-09-25
2017-03-30,120.79259490966797,132.6300048828125,133.19000244140625,132.33999633789062,132.3800048828125,361100,2026-09-25
2017-03-31,120.94744110107422,132.8000030517578,133.19000244140625,132.1199951171875,132.27000427246094,535400,2026-09-25
2017-04-03,120.38276672363281,132.17999267578125,132.75,131.17999267578125,132.35000610351562,564100,2026-09-25
2017-04-04,120.89278411865234,132.74000549316406,132.77999877929688,131.85000610351562,132.3000030517578,584000,2026-09-25
2017-04-05,119.33540344238281,131.02999877929688,132.00999450683594,130.9199981689453,131.60000610351562,557200,2026-09-25
2017-04-06,119.28987884521484,130.97999572753906,131.24000549316406,130.5500030517578,130.9499969482422,370000,2026-09-25
2017-04-07,119.47200775146484,131.17999267578125,131.64999389648438,130.52999877929688,130.5399932861328,546900,2026-09-25
2017-04-10,118.31536102294922,129.91000366210938,130.7899932861328,129.6999969482422,130.6300048828125,1180800,2026-09-25
2017-04-11,118.22428894042969,129.80999755859375,129.85000610351562,128.30999755859375,129.63999938964844,613200,2026-09-25
2017-04-12,117.4957046508789,129.00999450683594,129.97000122070312,128.3000030517578,129.75,485300,2026-09-25
2017-04-13,116.92191314697266,128.3800048828125,129.8800048828125,128.33999633789062,129.00999450683594,575600,2026-09-25
2017-04-17,118.5521469116211,130.1699981689453,130.2899932861328,128.88999938964844,128.88999938964844,334800,2026-09-25
2017-04-18,118.98932647705078,130.64999389648438,130.9600067138672,129.8000030517578,130.3800048828125,915700,2026-09-25
2017-04-19,115.56491088867188,126.88999938964844,133.7100067138672,126.04000091552734,133.11000061035156,3355400,2026-09-25
2017-04-20,118.44287109375,130.0500030517578,130.82000732421875,129.2899932861328,130.10000610351562,2259500,2026-09-25
2017-04-21,118.42466735839844,130.02999877929688,130.49000549316406,129.72000122070312,130.35000610351562,1298800,2026-09-25
2017-04-24,121.54850769042969,133.4600067138672,134.2899932861328,132.7100067138672,133.6300048828125,685100,2026-09-25
2017-04-25,122.25890350341797,134.24000549316406,134.9499969482422,133.86000061035156,134.89999389648438,681300,2026-09-25
2017-04-26,120.63776397705078,132.4600067138672,133.42999267578125,132.0,133.0399932861328,633600,2026-09-25
2017-04-27,121.08404541015625,132.9499969482422,133.88999938964844,132.35000610351562,132.66000366210938,453100,2026-09-25
2017-04-28,121.27447509765625,131.85000610351562,133.1699981689453,131.61000061035156,133.1300048828125,753400,2026-09-25
2017-05-01,122.20341491699219,132.86000061035156,133.00999450683594,131.72000122070312,132.0500030517578,264200,2026-09-25
2017-05-02,124.16256713867188,134.99000549316406,135.0500030517578,133.72999572753906,133.97999572753906,850700,2026-09-25
2017-05-03,123.40837860107422,134.1699981689453,134.9600067138672,133.74000549316406,133.80999755859375,1008300,2026-09-25
2017-05-04,124.22696685791016,135.05999755859375,135.38999938964844,133.74000549316406,133.75,871400,2026-09-25
2017-05-05,124.94440460205078,135.83999633789062,135.9199981689453,134.47000122070312,134.61000061035156,481000,2026-09-25
2017-05-08,122.5805435180664,133.27000427246094,133.77999877929688,133.07000732421875,133.5500030517578,957800,2026-09-25
2017-05-09,124.13499450683594,134.9600067138672,135.14999389648438,134.24000549316406,134.3000030517578,438200,2026-09-25
2017-05-10,123.06802368164062,133.8000030517578,134.5,133.50999450683594,134.0500030517578,703900,2026-09-25
2017-05-11,123.39917755126953,134.16000366210938,134.27000427246094,132.82000732421875,133.22999572753906,639900,2026-09-25
2017-05-12,124.57649993896484,135.44000244140625,135.47000122070312,134.10000610351562,134.11000061035156,443300,2026-09-25
2017-05-15,124.85242462158203,135.74000549316406,136.13999938964844,135.2100067138672,135.41000366210938,577500,2026-09-25
2017-05-16,126.2505111694336,137.25999450683594,137.27000427246094,136.5,136.8800048828125,729100,2026-09-25
2017-05-17,122.15745544433594,132.80999755859375,135.97000122070312,132.8000030517578,135.66000366210938,645700,2026-09-25
2017-05-18,123.25203704833984,134.0,134.27999877929688,132.30999755859375,132.60000610351562,689500,2026-09-25
2017-05-19,124.0338363647461,134.85000610351562,135.42999267578125,134.52999877929688,135.0,619200,2026-09-25
2017-05-22,123.44513702392578,134.2100067138672,134.52000427246094,133.6699981689453,133.97999572753906,548800,2026-09-25
2017-05-23,123.16921997070312,133.91000366210938,134.80999755859375,133.72000122070312,134.63999938964844,687200,2026-09-25
2017-05-24,122.78287506103516,133.49000549316406,134.27999877929688,133.1699981689453,133.97000122070312,938000,2026-09-25
2017-05-25,124.07056427001953,134.88999938964844,135.02000427246094,133.49000549316406,133.49000549316406,457600,2026-09-25
2017-05-26,123.43595886230469,134.1999969482422,134.60000610351562,133.5500030517578,133.86000061035156,731800,2026-09-25
2017-05-30,122.70931243896484,133.41000366210938,133.80999755859375,133.0,133.05999755859375,1020200,2026-09-25
2017-05-31,121.40324401855469,131.99000549316406,133.33999633789062,131.6199951171875,133.05999755859375,1436000,2026-09-25
2017-06-01,123.07721710205078,133.80999755859375,133.8300018310547,132.6199951171875,132.89999389648438,707400,2026-09-25
2017-06-02,123.89583587646484,134.6999969482422,134.7899932861328,133.5500030517578,134.6199951171875,334300,2026-09-25
2017-06-05,122.47937774658203,133.16000366210938,133.8300018310547,132.77999877929688,132.89999389648438,519500,2026-09-25
2017-06-06,121.98269653320312,132.6199951171875,133.32000732421875,132.33999633789062,132.36000061035156,614500,2026-09-25
2017-06-07,123.24275970458984,133.99000549316406,134.4600067138672,133.10000610351562,133.7899932861328,413400,2026-09-25
2017-06-08,124.18099212646484,135.00999450683594,135.08999633789062,133.66000366210938,134.50999450683594,312400,2026-09-25
2017-06-09,119.60043334960938,130.02999877929688,134.4499969482422,128.66000366210938,134.22999572753906,1203900,2026-09-25
2017-06-12,118.72661590576172,129.0800018310547,129.57000732421875,126.02999877929688,129.22000122070312,1941400,2026-09-25
2017-06-13,121.34800720214844,131.92999267578125,132.08999633789062,130.35000610351562,131.1999969482422,1373900,2026-09-25
2017-06-14,119.71078491210938,130.14999389648438,132.5500030517578,129.0399932861328,132.41000366210938,857700,2026-09-25
2017-06-15,117.34693908691406,127.58000183105469,128.14999389648438,127.0,127.87000274658203,1551700,2026-09-25
2017-06-16,119.2325210571289,129.6300048828125,130.08999633789062,128.77999877929688,129.1999969482422,925300,2026-09-25
2017-06-19,120.90652465820312,131.4499969482422,131.82000732421875,130.77999877929688,131.19000244140625,388000,2026-09-25
2017-06-20,118.1839370727539,128.49000549316406,131.05999755859375,128.42999267578125,130.6300048828125,604100,2026-09-25
2017-06-21,119.96832275390625,130.42999267578125,130.6300048828125,128.5,128.5800018310547,710600,2026-09-25
2017-06-22,119.59123229980469,130.02000427246094,130.7899932861328,129.67999267578125,130.27999877929688,660400,2026-09-25
2017-06-23,123.84069061279297,134.63999938964844,135.4199981689453,132.89999389648438,132.94000244140625,1276100,2026-09-25
2017-06-26,123.04964447021484,133.77999877929688,136.07000732421875,133.66000366210938,135.80999755859375,978400,2026-09-25
2017-06-27,121.75275421142578,132.3699951171875,134.89999389648438,132.2899932861328,134.72000122070312,1783600,2026-09-25
2017-06-28,124.16256713867188,134.99000549316406,135.27999877929688,132.5,133.22000122070312,773900,2026-09-25
2017-06-29,119.20492553710938,129.60000610351562,133.17999267578125,128.35000610351562,132.6699981689453,1988500,2026-09-25
2017-06-30,119.85796356201172,130.30999755859375,131.47999572753906,129.8800048828125,131.11000061035156,899500,2026-09-25
2017-07-03,119.26929473876953,129.6699981689453,131.33999633789062,129.3300018310547,131.10000610351562,427900,2026-09-25
2017-07-05,120.93414306640625,131.47999572753906,131.57000732421875,129.44000244140625,129.49000549316406,796200,2026-09-25
2017-07-06,120.69495391845703,131.22000122070312,131.77000427246094,130.10000610351562,130.7899932861328,832000,2026-09-25
2017-07-07,122.23102569580078,132.88999938964844,133.5399932861328,131.8300018310547,131.8300018310547,588700,2026-09-25
2017-07-10,123.99702453613281,134.80999755859375,135.0500030517578,133.50999450683594,134.0,439700,2026-09-25
2017-07-11,124.92601776123047,135.82000732421875,136.05999755859375,133.6699981689453,133.6999969482422,1100900,2026-09-25
2017-07-12,126.048095703125,137.0399932861328,137.5500030517578,136.27999877929688,136.61000061035156,841300,2026-09-25
2017-07-13,125.87340545654297,136.85000610351562,137.57000732421875,136.3699951171875,136.75999450683594,484300,2026-09-25
2017-07-14,128.69715881347656,139.9199981689453,140.0500030517578,137.88999938964844,138.0399932861328,1164700,2026-09-25
2017-07-17,128.9730987548828,140.22000122070312,140.7899932861328,139.10000610351562,140.4199981689453,869900,2026-09-25
2017-07-18,131.76004028320312,143.25,143.3800048828125,141.1300048828125,141.27999877929688,1252200,2026-09-25
2017-07-19,138.5481414794922,150.6300048828125,150.82000732421875,147.9600067138672,148.6199951171875,2528800,2026-09-25
2017-07-20,141.4822540283203,153.82000732421875,154.35000610351562,151.36000061035156,152.24000549316406,2971500,2026-09-25
2017-07-21,141.91453552246094,154.2899932861328,154.35000610351562,152.64999389648438,153.08999633789062,938400,2026-09-25
2017-07-24,141.4086456298828,153.74000549316406,154.5,153.05999755859375,153.8800048828125,1272100,2026-09-25
2017-07-25,140.47967529296875,152.72999572753906,154.3800048828125,152.55999755859375,154.35000610351562,974600,2026-09-25
2017-07-26,142.1352996826172,154.52999877929688,154.6999969482422,152.91000366210938,153.0,768800,2026-09-25
2017-07-27,140.9487762451172,153.24000549316406,155.72999572753906,151.47999572753906,154.89999389648438,1019400,2026-09-25
2017-07-28,140.29571533203125,152.52999877929688,152.8800048828125,151.64999389648438,151.6999969482422,539100,2026-09-25
2017-07-31,138.2721710205078,150.3300018310547,152.33999633789062,149.91000366210938,151.74000549316406,868100,2026-09-25
2017-08-01,138.8148651123047,150.9199981689453,152.10000610351562,150.57000732421875,151.9499969482422,391600,2026-09-25
2017-08-02,138.90679931640625,151.02000427246094,152.88999938964844,150.30999755859375,152.57000732421875,855200,2026-09-25
2017-08-03,139.96466064453125,152.1699981689453,152.8300018310547,151.4600067138672,152.66000366210938,924000,2026-09-25
2017-08-04,140.6728515625,152.94000244140625,153.05999755859375,151.9499969482422,152.61000061035156,491200,2026-09-25
2017-08-07,142.0341339111328,154.4199981689453,154.66000366210938,153.33999633789062,153.35000610351562,476000,2026-09-25
2017-08-08,140.84759521484375,153.1300048828125,155.1999969482422,152.91000366210938,154.47999572753906,490700,2026-09-25
2017-08-09,141.2431182861328,153.55999755859375,153.72999572753906,152.35000610351562,152.66000366210938,547100,2026-09-25
2017-08-10,138.13418579101562,150.17999267578125,152.5,150.08999633789062,152.4600067138672,844800,2026-09-25
2017-08-11,139.06320190429688,151.19000244140625,151.33999633789062,148.9499969482422,149.38999938964844,416900,2026-09-25
2017-08-14,140.3693084716797,152.61000061035156,153.3000030517578,150.83999633789062,150.86000061035156,552600,2026-09-25
2017-08-15,140.23135375976562,152.4600067138672,152.6300048828125,151.33999633789062,151.4499969482422,376800,2026-09-25
2017-08-16,141.34429931640625,153.6699981689453,154.1300048828125,152.0399932861328,152.1999969482422,518900,2026-09-25
2017-08-17,138.5665283203125,150.64999389648438,153.19000244140625,150.60000610351562,152.86000061035156,486000,2026-09-25
2017-08-18,140.04737854003906,152.25999450683594,152.61000061035156,150.97999572753906,152.0,688800,2026-09-25
2017-08-21,139.43112182617188,151.58999633789062,152.3000030517578,150.94000244140625,152.16000366210938,562600,2026-09-25
2017-08-22,141.9881134033203,154.3699951171875,154.80999755859375,151.8699951171875,151.89999389648438,839100,2026-09-25
2017-08-23,141.09591674804688,153.39999389648438,154.1999969482422,153.1300048828125,153.89999389648438,532300,2026-09-25
2017-08-24,141.1419219970703,153.4499969482422,153.89999389648438,152.7100067138672,153.2899932861328,400200,2026-09-25
2017-08-25,141.85012817382812,154.22000122070312,154.8000030517578,153.5500030517578,153.74000549316406,535300,2026-09-25
2017-08-28,141.7581329345703,154.1199951171875,154.36000061035156,153.38999938964844,153.6699981689453,261400,2026-09-25
2017-08-29,142.70555114746094,155.14999389648438,155.52999877929688,153.5,153.6300048828125,575500,2026-09-25
2017-08-30,142.39283752441406,154.80999755859375,155.3000030517578,153.4199981689453,153.83999633789062,834200,2026-09-25
2017-08-31,143.7725372314453,156.30999755859375,156.6699981689453,154.58999633789062,154.9199981689453,787400,2026-09-25
2017-09-01,144.66473388671875,157.27999877929688,157.57000732421875,156.3800048828125,157.16000366210938,739700,2026-09-25
2017-09-05,142.39283752441406,154.80999755859375,156.4600067138672,153.47000122070312,155.91000366210938,493400,2026-09-25
2017-09-06,143.9288787841797,156.47999572753906,157.27999877929688,155.8800048828125,156.30999755859375,496400,2026-09-25
2017-09-07,147.95758056640625,160.86000061035156,160.94000244140625,158.32000732421875,159.00999450683594,1027800,2026-09-25
2017-09-08,146.9090576171875,159.72000122070312,161.10000610351562,159.08999633789062,160.25,659400,2026-09-25
2017-09-11,149.72357177734375,162.77999877929688,162.8800048828125,160.94000244140625,161.11000061035156,698200,2026-09-25
2017-09-12,148.40830993652344,161.35000610351562,162.10000610351562,160.86000061035156,161.8699951171875,439400,2026-09-25
2017-09-13,147.23094177246094,160.07000732421875,161.0,160.0,160.60000610351562,613300,2026-09-25
2017-09-14,148.4818572998047,161.42999267578125,161.88999938964844,160.2899932861328,160.6999969482422,525500,2026-09-25
2017-09-15,149.3832550048828,162.41000366210938,163.1300048828125,162.14999389648438,163.0399932861328,632300,2026-09-25
2017-09-18,153.5958709716797,166.99000549316406,167.2100067138672,164.6699981689453,164.80999755859375,1294000,2026-09-25
2017-09-19,154.7916259765625,168.2899932861328,168.69000244140625,167.6699981689453,168.63999938964844,992800,2026-09-25
2017-09-20,151.94033813476562,165.19000244140625,168.0,163.72999572753906,167.9199981689453,990200,2026-09-25
2017-09-21,152.4738006591797,165.77000427246094,166.10000610351562,164.1699981689453,165.52999877929688,1066000,2026-09-25
2017-09-22,152.64854431152344,165.9600067138672,166.4499969482422,165.0800018310547,165.1999969482422,303600,2026-09-25
2017-09-25,149.01536560058594,162.00999450683594,165.19000244140625,161.14999389648438,164.8800048828125,849400,2026-09-25
2017-09-26,149.79718017578125,162.86000061035156,162.9199981689453,160.9499969482422,161.67999267578125,1180700,2026-09-25
2017-09-27,153.54986572265625,166.94000244140625,167.89999389648438,163.07000732421875,163.1999969482422,1253600,2026-09-25
2017-09-28,156.81515502929688,170.49000549316406,171.0,168.13999938964844,168.27000427246094,1477700,2026-09-25
2017-09-29,157.46824645996094,171.1999969482422,171.52999877929688,169.6199951171875,170.10000610351562,1677100,2026-09-25
2017-10-02,157.00831604003906,170.6999969482422,171.75999450683594,169.77999877929688,170.38999938964844,585700,2026-09-25
2017-10-03,156.78759765625,170.4600067138672,170.6300048828125,169.55999755859375,170.4600067138672,454400,2026-09-25
2017-10-04,157.4590301513672,171.19000244140625,171.42999267578125,169.52000427246094,169.97000122070312,861200,2026-09-25
2017-10-05,155.00320434570312,168.52000427246094,169.82000732421875,167.86000061035156,169.5500030517578,422300,2026-09-25
2017-10-06,155.8494110107422,169.44000244140625,170.9199981689453,167.6999969482422,168.0,1224200,2026-09-25
2017-10-09,156.49322509765625,170.13999938964844,170.64999389648438,169.3000030517578,169.4600067138672,352800,2026-09-25
2017-10-10,157.4498291015625,171.17999267578125,171.17999267578125,168.9199981689453,170.27000427246094,522200,2026-09-25
2017-10-11,159.03184509277344,172.89999389648438,173.05999755859375,171.0800018310547,171.36000061035156,859100,2026-09-25
2017-10-12,159.68492126464844,173.61000061035156,174.88999938964844,171.9499969482422,172.05999755859375,1302000,2026-09-25
2017-10-13,162.15914916992188,176.3000030517578,176.8699951171875,175.5800018310547,176.57000732421875,809400,2026-09-25
2017-10-16,162.4258575439453,176.58999633789062,176.60000610351562,175.41000366210938,175.80999755859375,743200,2026-09-25
2017-10-17,162.19589233398438,176.33999633789062,176.69000244140625,174.49000549316406,176.00999450683594,1055300,2026-09-25
2017-10-18,157.95570373535156,171.72999572753906,175.97000122070312,168.6199951171875,175.83999633789062,2715900,2026-09-25
2017-10-19,161.901611328125,176.02000427246094,176.2899932861328,173.4199981689453,174.02999877929688,1120100,2026-09-25
2017-10-20,161.16580200195312,175.22000122070312,176.22000122070312,174.69000244140625,176.00999450683594,1091300,2026-09-25
2017-10-23,163.78717041015625,178.07000732421875,179.27999877929688,177.2899932861328,177.9499969482422,1240700,2026-09-25
2017-10-24,164.1182861328125,178.42999267578125,178.49000549316406,177.25,177.80999755859375,614400,2026-09-25
2017-10-25,163.13414001464844,177.36000061035156,178.97999572753906,175.72000122070312,178.5,560000,2026-09-25
2017-10-26,163.5572052001953,177.82000732421875,178.5399932861328,176.8699951171875,177.52999877929688,427700,2026-09-25
2017-10-27,164.57818603515625,178.92999267578125,179.25999450683594,177.1300048828125,178.25,703800,2026-09-25
2017-10-30,163.65841674804688,177.92999267578125,178.83999633789062,177.2899932861328,178.2899932861328,1268300,2026-09-25
2017-10-31,166.25222778320312,180.75,180.97000122070312,179.6300048828125,179.66000366210938,526400,2026-09-25
2017-11-01,166.85003662109375,181.39999389648438,182.97999572753906,179.5399932861328,182.67999267578125,941900,2026-09-25
2017-11-02,167.6319122314453,182.25,182.44000244140625,180.88999938964844,181.33999633789062,553700,2026-09-25
2017-11-03,169.77500915527344,184.5800018310547,184.64999389648438,182.58999633789062,183.5500030517578,470100,2026-09-25
2017-11-06,170.0877685546875,184.9199981689453,185.38999938964844,182.92999267578125,183.97999572753906,503200,2026-09-25
2017-11-07,168.80001831054688,183.52000427246094,183.97999572753906,183.07000732421875,183.1199951171875,611700,2026-09-25
2017-11-08,166.95126342773438,181.50999450683594,182.7899932861328,181.1699981689453,182.0500030517578,677200,2026-09-25
2017-11-09,163.73196411132812,178.00999450683594,178.97999572753906,176.22000122070312,178.47999572753906,685100,2026-09-25
2017-11-10,165.19448852539062,179.60000610351562,179.6999969482422,178.19000244140625,178.7100067138672,692000,2026-09-25
2017-11-13,164.504638671875,178.85000610351562,179.17999267578125,177.7899932861328,178.00999450683594,415300,2026-09-25
2017-11-14,165.87510681152344,180.33999633789062,180.47999572753906,178.64999389648438,179.89999389648438,382800,2026-09-25
2017-11-15,163.6400146484375,177.91000366210938,178.69000244140625,176.5500030517578,177.83999633789062,494400,2026-09-25
2017-11-16,167.2087860107422,181.7899932861328,181.9199981689453,179.5,179.6699981689453,1853700,2026-09-25
2017-11-17,165.8658905029297,180.3300018310547,181.3699951171875,179.77000427246094,181.27000427246094,553700,2026-09-25
2017-11-20,166.96966552734375,181.52999877929688,182.36000061035156,179.7899932861328,179.94000244140625,996700,2026-09-25
2017-11-21,170.50160217285156,185.3699951171875,185.4499969482422,182.6699981689453,182.6699981689453,845900,2026-09-25
2017-11-22,168.32174682617188,183.0,185.19000244140625,182.35000610351562,184.88999938964844,526600,2026-09-25
2017-11-24,171.42144775390625,186.3699951171875,186.3699951171875,185.3699951171875,185.50999450683594,311400,2026-09-25
2017-11-27,169.90379333496094,184.72000122070312,185.94000244140625,184.5500030517578,185.8300018310547,863900,2026-09-25
2017-11-28,169.50831604003906,184.2899932861328,185.0500030517578,183.47000122070312,184.8699951171875,787700,2026-09-25
2017-11-29,158.60873413085938,172.44000244140625,182.52000427246094,172.08999633789062,182.47000122070312,2544800,2026-09-25
2017-11-30,161.4417266845703,175.52000427246094,176.5500030517578,173.77999877929688,175.86000061035156,1584600,2026-09-25
2017-12-01,158.59954833984375,172.42999267578125,174.22000122070312,171.2100067138672,174.00999450683594,1143300,2026-09-25
2017-12-04,155.7482147216797,169.3300018310547,175.30999755859375,168.35000610351562,175.19000244140625,1446200,2026-09-25
2017-12-05,156.8243408203125,170.5,172.97999572753906,168.6999969482422,169.5399932861328,737800,2026-09-25
2017-12-06,156.98072814941406,170.6699981689453,171.35000610351562,168.3000030517578,169.27999877929688,869500,2026-09-25
2017-12-07,158.36038208007812,172.1699981689453,172.8300018310547,170.42999267578125,170.42999267578125,989700,2026-09-25
2017-12-08,158.18565368652344,171.97999572753906,174.5399932861328,171.77000427246094,173.8300018310547,487000,2026-09-25
2017-12-11,161.08303833007812,175.1300048828125,175.41000366210938,172.25999450683594,172.52999877929688,1571600,2026-09-25
2017-12-12,158.35122680664062,172.16000366210938,173.5800018310547,171.8000030517578,173.3000030517578,1129300,2026-09-25
2017-12-13,159.4549560546875,173.36000061035156,174.5399932861328,172.3800048828125,173.35000610351562,828900,2026-09-25
2017-12-14,158.1212615966797,171.91000366210938,174.3699951171875,171.61000061035156,173.39999389648438,935500,2026-09-25
2017-12-15,159.85968017578125,173.8000030517578,174.13999938964844,170.85000610351562,171.92999267578125,3118500,2026-09-25
2017-12-18,162.22354125976562,176.3699951171875,177.0500030517578,174.9600067138672,175.47000122070312,1207900,2026-09-25
2017-12-19,162.8306121826172,177.02999877929688,177.49000549316406,175.61000061035156,176.13999938964844,708700,2026-09-25
2017-12-20,161.11976623535156,175.1699981689453,177.49000549316406,174.55999755859375,177.05999755859375,528400,2026-09-25
2017-12-21,160.54031372070312,174.5399932861328,175.97000122070312,174.0500030517578,175.72999572753906,393400,2026-09-25
2017-12-22,161.16580200195312,175.22000122070312,175.38999938964844,173.7100067138672,174.25999450683594,285900,2026-09-25
2017-12-26,159.20663452148438,173.08999633789062,173.6999969482422,171.3800048828125,173.64999389648438,281400,2026-09-25
2017-12-27,160.0804443359375,174.0399932861328,174.69000244140625,172.9199981689453,173.1999969482422,334800,2026-09-25
2017-12-28,160.2276153564453,174.1999969482422,174.7100067138672,173.66000366210938,174.11000061035156,402100,2026-09-25
2017-12-29,159.87806701660156,173.82000732421875,174.8699951171875,173.72000122070312,174.61000061035156,194400,2026-09-25
2018-01-02,163.47442626953125,177.72999572753906,177.83999633789062,173.97999572753906,174.13999938964844,818600,2026-09-25
2018-01-03,164.71612548828125,179.0800018310547,179.5800018310547,177.67999267578125,177.72999572753906,1054200,2026-09-25
2018-01-04,166.25222778320312,180.75,181.77000427246094,179.39999389648438,180.49000549316406,915600,2026-09-25
2018-01-05,168.2022247314453,182.8699951171875,183.4499969482422,180.75,180.83999633789062,516100,2026-09-25
2018-01-08,169.0851593017578,183.8300018310547,184.4600067138672,182.80999755859375,183.19000244140625,763900,2026-09-25
2018-01-09,168.17457580566406,182.83999633789062,184.1699981689453,181.24000549316406,184.07000732421875,854300,2026-09-25
2018-01-10,166.2154541015625,180.7100067138672,181.5500030517578,179.3300018310547,181.38999938964844,668700,2026-09-25
2018-01-11,164.22866821289062,178.5500030517578,180.22999572753906,177.91000366210938,180.0800018310547,831900,2026-09-25
2018-01-12,166.3626251220703,180.8699951171875,181.47000122070312,179.94000244140625,181.11000061035156,710300,2026-09-25
2018-01-16,171.4306182861328,186.3800048828125,188.5,185.25999450683594,187.6999969482422,1518900,2026-09-25
2018-01-17,183.20391845703125,199.17999267578125,201.1999969482422,194.75999450683594,194.99000549316406,2653200,2026-09-25
2018-01-18,187.04867553710938,203.36000061035156,205.5800018310547,201.80999755859375,202.17999267578125,3618500,2026-09-25
2018-01-19,189.03546142578125,205.52000427246094,206.02999877929688,203.1699981689453,205.22000122070312,1122900,2026-09-25
2018-01-22,189.0538330078125,205.5399932861328,205.5399932861328,203.3000030517578,204.5,1002300,2026-09-25
2018-01-23,188.95266723632812,205.42999267578125,205.9199981689453,204.0500030517578,204.4199981689453,559900,2026-09-25
2018-01-24,186.0277099609375,202.25,204.00999450683594,200.47000122070312,203.50999450683594,669800,2026-09-25
2018-01-25,184.7216033935547,200.8300018310547,208.5800018310547,200.64999389648438,207.13999938964844,1380200,2026-09-25
2018-01-26,189.94601440429688,206.50999450683594,206.6699981689453,203.72999572753906,204.0399932861328,1069200,2026-09-25
2018-01-29,187.65577697753906,204.02000427246094,204.58999633789062,201.92999267578125,204.33999633789062,1064500,2026-09-25
2018-01-30,184.1697540283203,200.22999572753906,203.4199981689453,200.02999877929688,202.86000061035156,744900,2026-09-25
2018-01-31,186.68075561523438,202.9600067138672,203.66000366210938,202.0,202.38999938964844,701800,2026-09-25
2018-02-01,185.26429748535156,201.4199981689453,203.39999389648438,200.41000366210938,202.0800018310547,741500,2026-09-25
2018-02-02,178.96372985839844,194.57000732421875,199.5,194.47000122070312,199.33999633789062,917300,2026-09-25
2018-02-05,171.7066192626953,186.67999267578125,196.57000732421875,186.55999755859375,193.33999633789062,912600,2026-09-25
2018-02-06,178.5406494140625,194.11000061035156,194.2899932861328,185.83999633789062,186.69000244140625,2881200,2026-09-25
2018-02-07,172.13888549804688,187.14999389648438,191.60000610351562,187.0,191.10000610351562,1275500,2026-09-25
2018-02-08,165.4703826904297,179.89999389648438,187.3699951171875,178.1999969482422,186.8800048828125,1767200,2026-09-25
2018-02-09,168.93801879882812,183.6699981689453,184.91000366210938,175.8800048828125,182.07000732421875,2070900,2026-09-25
2018-02-12,171.39385986328125,186.33999633789062,187.38999938964844,183.07000732421875,183.3300018310547,1563400,2026-09-25
2018-02-13,170.382080078125,185.24000549316406,186.24000549316406,183.8300018310547,185.27999877929688,496300,2026-09-25
2018-02-14,175.99276733398438,191.33999633789062,192.0800018310547,183.5500030517578,183.7100067138672,930600,2026-09-25
2018-02-15,179.26722717285156,194.89999389648438,195.1999969482422,190.97000122070312,193.2100067138672,1125900,2026-09-25
2018-02-16,176.81143188476562,192.22999572753906,195.3000030517578,192.0500030517578,192.86000061035156,738800,2026-09-25
2018-02-20,179.83755493164062,195.52000427246094,197.38999938964844,191.97000122070312,191.99000549316406,764000,2026-09-25
2018-02-21,178.81658935546875,194.41000366210938,197.97999572753906,194.27000427246094,196.74000549316406,703400,2026-09-25
2018-02-22,177.78636169433594,193.2899932861328,196.02999877929688,192.52000427246094,195.72999572753906,796500,2026-09-25
2018-02-23,181.0332794189453,196.82000732421875,197.08999633789062,193.66000366210938,193.9499969482422,741700,2026-09-25
2018-02-26,184.73081970214844,200.83999633789062,201.0,198.36000061035156,200.10000610351562,1172200,2026-09-25
2018-02-27,181.6035614013672,197.44000244140625,200.52999877929688,197.44000244140625,198.97999572753906,861100,2026-09-25
2018-02-28,179.7179412841797,195.38999938964844,198.74000549316406,195.0,198.22000122070312,623700,2026-09-25
2018-03-01,176.53546142578125,191.92999267578125,194.91000366210938,189.02999877929688,193.16000366210938,901900,2026-09-25
2018-03-02,178.0439453125,193.57000732421875,193.8800048828125,189.08999633789062,190.5,696000,2026-09-25
2018-03-05,182.4405517578125,198.35000610351562,199.58999633789062,194.3800048828125,194.72000122070312,730700,2026-09-25
2018-03-06,186.5703887939453,202.83999633789062,203.38999938964844,199.2899932861328,200.02999877929688,1538800,2026-09-25
2018-03-07,189.52294921875,206.0500030517578,206.4199981689453,202.83999633789062,204.3800048828125,1308300,2026-09-25
2018-03-08,188.57554626464844,205.02000427246094,207.22999572753906,204.3000030517578,206.9499969482422,458100,2026-09-25
2018-03-09,192.61343383789062,209.41000366210938,209.88999938964844,206.92999267578125,207.39999389648438,645100,2026-09-25
2018-03-12,194.35177612304688,211.3000030517578,212.75,210.32000732421875,210.89999389648438,788800,2026-09-25
2018-03-13,191.33493041992188,208.02000427246094,213.60000610351562,207.1199951171875,212.77000427246094,656900,2026-09-25
2018-03-14,194.56338500976562,211.52999877929688,212.47000122070312,209.2899932861328,212.35000610351562,733400,2026-09-25
2018-03-15,197.23995971679688,214.44000244140625,215.47999572753906,212.75,214.3000030517578,700500,2026-09-25
2018-03-16,196.89048767089844,214.05999755859375,214.5800018310547,212.55999755859375,213.5399932861328,822000,2026-09-25
2018-03-19,195.685546875,212.75,214.10000610351562,210.02999877929688,214.0,1063300,2026-09-25
2018-03-20,195.54759216308594,212.60000610351562,214.3000030517578,210.47999572753906,210.5500030517578,790400,2026-09-25
2018-03-21,196.58694458007812,213.72999572753906,216.0,212.35000610351562,213.08999633789062,465400,2026-09-25
2018-03-22,188.2996063232422,204.72000122070312,212.02000427246094,204.4600067138672,210.0800018310547,1008300,2026-09-25
2018-03-23,183.1395263671875,199.11000061035156,206.27000427246094,199.02999877929688,205.52000427246094,1149000,2026-09-25
2018-03-26,190.81063842773438,207.4499969482422,207.52999877929688,202.08999633789062,205.00999450683594,776800,2026-09-25
2018-03-27,184.2249298095703,200.2899932861328,207.9199981689453,198.8800048828125,207.17999267578125,681900,2026-09-25
2018-03-28,178.92691040039062,194.52999877929688,199.16000366210938,193.17999267578125,197.49000549316406,2776600,2026-09-25
2018-03-29,182.6337127685547,198.55999755859375,200.4199981689453,194.8300018310547,195.85000610351562,1193200,2026-09-25
2018-04-02,177.56561279296875,193.0500030517578,199.16000366210938,190.6300048828125,197.47000122070312,705200,2026-09-25
2018-04-03,183.43389892578125,199.42999267578125,200.08999633789062,196.39999389648438,197.60000610351562,1165600,2026-09-25
2018-04-04,182.35775756835938,198.25999450683594,198.30999755859375,191.49000549316406,191.66000366210938,1704900,2026-09-25
2018-04-05,182.7440643310547,198.67999267578125,200.92999267578125,197.27000427246094,199.44000244140625,861200,2026-09-25
2018-04-06,179.01889038085938,194.6300048828125,199.27999877929688,194.00999450683594,197.49000549316406,837900,2026-09-25
2018-04-09,182.60609436035156,198.52999877929688,202.57000732421875,196.88999938964844,198.00999450683594,774100,2026-09-25
2018-04-10,189.06298828125,205.5500030517578,207.07000732421875,202.0,204.4199981689453,885800,2026-09-25
2018-04-11,189.06298828125,205.5500030517578,206.6999969482422,203.8800048828125,204.13999938964844,855500,2026-09-25
2018-04-12,189.6977081298828,206.24000549316406,207.32000732421875,205.07000732421875,205.8699951171875,1044500,2026-09-25
2018-04-13,189.155029296875,205.64999389648438,207.14999389648438,204.8300018310547,205.8300018310547,526000,2026-09-25
2018-04-16,190.1207733154297,206.6999969482422,207.97000122070312,205.55999755859375,207.63999938964844,828600,2026-09-25
2018-04-17,195.63954162597656,212.6999969482422,213.35000610351562,207.83999633789062,208.47999572753906,1233000,2026-09-25
2018-04-18,189.7712860107422,206.32000732421875,208.75,203.0,208.75,1700600,2026-09-25
2018-04-19,179.4512481689453,195.10000610351562,203.6199951171875,194.19000244140625,203.50999450683594,2623900,2026-09-25
2018-04-20,177.5380401611328,193.02000427246094,195.99000549316406,192.3000030517578,194.8300018310547,1729200,2026-09-25
2018-04-23,175.97442626953125,191.32000732421875,195.27999877929688,190.64999389648438,194.44000244140625,808200,2026-09-25
2018-04-24,178.4854278564453,194.0500030517578,197.07000732421875,191.6699981689453,196.02000427246094,1147600,2026-09-25
2018-04-25,176.28713989257812,191.66000366210938,193.8300018310547,190.32000732421875,193.64999389648438,830300,2026-09-25
2018-04-26,179.98468017578125,195.67999267578125,195.97999572753906,193.3000030517578,193.94000244140625,875600,2026-09-25
2018-04-27,177.93209838867188,191.75,194.64999389648438,191.17999267578125,194.47999572753906,1109600,2026-09-25
2018-04-30,174.86988830566406,188.4499969482422,190.2100067138672,187.6300048828125,189.6199951171875,645900,2026-09-25
2018-05-01,177.64442443847656,191.44000244140625,191.75999450683594,187.97999572753906,188.5,484200,2026-09-25
2018-05-02,176.62374877929688,190.33999633789062,192.19000244140625,189.97000122070312,191.2100067138672,509500,2026-09-25
2018-05-03,178.8600311279297,192.75,193.8000030517578,189.9499969482422,192.52000427246094,1588200,2026-09-25
2018-05-04,181.421142578125,195.50999450683594,196.3000030517578,190.74000549316406,191.25,788000,2026-09-25
2018-05-07,180.8365478515625,194.8800048828125,195.5500030517578,194.0,194.83999633789062,570300,2026-09-25
2018-05-08,179.89930725097656,193.8699951171875,194.3800048828125,192.13999938964844,192.75,843800,2026-09-25
2018-05-09,183.68528747558594,197.9499969482422,198.08999633789062,194.63999938964844,194.8699951171875,518200,2026-09-25
2018-05-10,186.58047485351562,201.07000732421875,201.1199951171875,199.0,199.3300018310547,414200,2026-09-25
2018-05-11,184.4740447998047,198.8000030517578,200.61000061035156,198.2899932861328,199.8800048828125,405000,2026-09-25
2018-05-14,187.3877716064453,201.94000244140625,203.6699981689453,201.3000030517578,201.4199981689453,406800,2026-09-25
2018-05-15,185.52261352539062,199.92999267578125,201.25999450683594,197.63999938964844,201.08999633789062,569700,2026-09-25
2018-05-16,188.2600555419922,202.8800048828125,202.97000122070312,200.82000732421875,200.9600067138672,490900,2026-09-25
2018-05-17,187.7960662841797,202.3800048828125,204.16000366210938,201.22000122070312,203.49000549316406,524400,2026-09-25
2018-05-18,183.11923217773438,197.33999633789062,201.14999389648438,196.67999267578125,200.7899932861328,1002100,2026-09-25
2018-05-21,187.91671752929688,202.50999450683594,202.88999938964844,200.91000366210938,202.32000732421875,1089000,2026-09-25
2018-05-22,187.94456481933594,202.5399932861328,203.6300048828125,201.5500030517578,202.99000549316406,463600,2026-09-25
2018-05-23,185.773193359375,200.1999969482422,200.1999969482422,197.64999389648438,198.1199951171875,719300,2026-09-25
2018-05-24,186.3578338623047,200.8300018310547,201.0800018310547,198.6300048828125,200.36000061035156,325300,2026-09-25
2018-05-25,186.60833740234375,201.10000610351562,201.25,198.8000030517578,199.4600067138672,309800,2026-09-25
2018-05-29,181.50465393066406,195.60000610351562,198.5800018310547,194.4600067138672,196.00999450683594,654000,2026-09-25
2018-05-30,182.8965606689453,197.10000610351562,198.64999389648438,196.11000061035156,197.0,583200,2026-09-25
2018-05-31,182.47901916503906,196.64999389648438,198.86000061035156,194.80999755859375,198.3699951171875,785700,2026-09-25
2018-06-01,187.5919647216797,202.16000366210938,202.24000549316406,198.8000030517578,200.38999938964844,518000,2026-09-25
2018-06-04,189.22512817382812,203.9199981689453,204.14999389648438,202.33999633789062,203.55999755859375,441300,2026-09-25
2018-06-05,194.23597717285156,209.32000732421875,209.83999633789062,207.47000122070312,208.6300048828125,611000,2026-09-25
2018-06-06,198.2168426513672,213.61000061035156,213.80999755859375,209.19000244140625,210.10000610351562,569900,2026-09-25
2018-06-07,192.60281372070312,207.55999755859375,211.3300018310547,205.91000366210938,211.0500030517578,923400,2026-09-25
2018-06-08,192.50074768066406,207.4499969482422,208.27999877929688,205.2899932861328,207.39999389648438,837500,2026-09-25
2018-06-11,194.73704528808594,209.86000061035156,210.75999450683594,209.22999572753906,209.75999450683594,528100,2026-09-25
2018-06-12,194.25453186035156,209.33999633789062,210.16000366210938,207.3300018310547,208.67999267578125,363900,2026-09-25
2018-06-13,198.34674072265625,213.75,215.50999450683594,212.61000061035156,213.32000732421875,998900,2026-09-25
2018-06-14,200.33251953125,215.88999938964844,216.89999389648438,214.61000061035156,215.08999633789062,710700,2026-09-25
2018-06-15,199.33963012695312,214.82000732421875,215.5,213.80999755859375,215.0,821300,2026-09-25
2018-06-18,195.88772583007812,211.10000610351562,211.2899932861328,208.5500030517578,209.83999633789062,599700,2026-09-25
2018-06-19,191.322265625,206.17999267578125,206.44000244140625,201.77999877929688,203.75999450683594,749300,2026-09-25
2018-06-20,190.6912841796875,205.5,206.55999755859375,204.4199981689453,205.58999633789062,542300,2026-09-25
2018-06-21,189.52206420898438,204.24000549316406,206.9499969482422,203.52000427246094,206.83999633789062,893400,2026-09-25
2018-06-22,191.49856567382812,206.3699951171875,207.6199951171875,204.10000610351562,207.02999877929688,730900,2026-09-25
2018-06-25,182.47901916503906,196.64999389648438,201.49000549316406,195.7899932861328,201.36000061035156,1060000,2026-09-25
2018-06-26,183.703857421875,197.97000122070312,199.2899932861328,197.25,198.72000122070312,1106500,2026-09-25
2018-06-27,179.9271697998047,193.89999389648438,200.38999938964844,193.72999572753906,199.74000549316406,663000,2026-09-25
2018-06-28,179.6302032470703,193.5800018310547,193.66000366210938,190.0399932861328,190.69000244140625,887500,2026-09-25
2018-06-29,183.703857421875,197.97000122070312,199.5399932861328,197.60000610351562,198.02000427246094,894300,2026-09-25
2018-07-02,181.1798858642578,195.25,195.3800048828125,189.80999755859375,193.6199951171875,1963200,2026-09-25
2018-07-03,177.6723175048828,191.47000122070312,194.89999389648438,191.27000427246094,193.44000244140625,434600,2026-09-25
2018-07-05,181.86656188964844,195.99000549316406,196.6699981689453,194.52000427246094,195.67999267578125,540800,2026-09-25
2018-07-06,183.1007537841797,197.32000732421875,197.83999633789062,194.16000366210938,194.19000244140625,380300,2026-09-25
2018-07-09,184.76171875,199.11000061035156,200.22000122070312,197.44000244140625,199.97999572753906,1242600,2026-09-25
2018-07-10,185.05868530273438,199.42999267578125,200.69000244140625,198.5500030517578,200.47000122070312,977300,2026-09-25
2018-07-11,179.6394805908203,193.58999633789062,197.49000549316406,193.3300018310547,196.6999969482422,842500,2026-09-25
2018-07-12,184.96588134765625,199.3300018310547,199.3699951171875,196.27000427246094,196.8000030517578,625100,2026-09-25
2018-07-13,184.83599853515625,199.19000244140625,200.32000732421875,198.57000732421875,200.32000732421875,422900,2026-09-25
2018-07-16,185.6618194580078,200.0800018310547,201.13999938964844,199.3699951171875,199.86000061035156,1153300,2026-09-25
2018-07-17,189.61483764648438,204.33999633789062,204.8800048828125,199.38999938964844,199.80999755859375,1383900,2026-09-25
2018-07-18,202.1976776123047,217.89999389648438,218.47999572753906,212.75,213.08999633789062,3615000,2026-09-25
2018-07-19,199.74794006347656,215.25999450683594,216.6999969482422,214.64999389648438,215.75,843000,2026-09-25
2018-07-20,203.97006225585938,219.80999755859375,221.4600067138672,216.7100067138672,216.7100067138672,1371300,2026-09-25
2018-07-23,204.8701171875,220.77999877929688,221.66000366210938,217.0,219.57000732421875,930500,2026-09-25
2018-07-24,198.3003387451172,213.6999969482422,219.8699951171875,213.16000366210938,219.4600067138672,918500,2026-09-25
2018-07-25,203.19058227539062,218.97000122070312,219.07000732421875,214.88999938964844,215.72000122070312,2240200,2026-09-25
2018-07-26,201.03775024414062,216.64999389648438,216.83999633789062,214.22999572753906,216.07000732421875,1511000,2026-09-25
2018-07-27,197.92918395996094,213.3000030517578,217.50999450683594,212.42999267578125,216.86000061035156,920600,2026-09-25
2018-07-30,199.04269409179688,214.5,216.60000610351562,213.61000061035156,216.42999267578125,692600,2026-09-25
2018-07-31,198.57872009277344,214.0,216.3000030517578,213.9600067138672,215.14999389648438,1162300,2026-09-25
2018-08-01,198.49522399902344,213.91000366210938,215.3699951171875,212.74000549316406,214.00999450683594,802500,2026-09-25
2018-08-02,200.26754760742188,215.82000732421875,216.1199951171875,212.1999969482422,212.6699981689453,613900,2026-09-25
2018-08-03,199.30250549316406,214.77999877929688,214.92999267578125,212.35000610351562,214.05999755859375,456100,2026-09-25
2018-08-06,198.1797332763672,213.57000732421875,213.75999450683594,212.3800048828125,212.99000549316406,501000,2026-09-25
2018-08-07,198.17041015625,213.55999755859375,215.0,212.97000122070312,214.5399932861328,537600,2026-09-25
2018-08-08,197.65077209472656,213.0,214.3699951171875,212.88999938964844,213.64999389648438,491500,2026-09-25
2018-08-09,194.0968017578125,209.1699981689453,213.38999938964844,209.02999877929688,213.22000122070312,1016800,2026-09-25
2018-08-10,189.19728088378906,203.88999938964844,205.60000610351562,202.64999389648438,204.74000549316406,842500,2026-09-25
2018-08-13,189.94891357421875,204.6999969482422,206.0399932861328,204.5,204.91000366210938,914400,2026-09-25
2018-08-14,190.79331970214844,205.61000061035156,207.3300018310547,204.92999267578125,207.13999938964844,408800,2026-09-25
2018-08-15,182.93368530273438,197.13999938964844,201.60000610351562,195.82000732421875,201.27000427246094,1281400,2026-09-25
2018-08-16,183.601806640625,197.86000061035156,199.60000610351562,197.27000427246094,198.27000427246094,1250600,2026-09-25
2018-08-17,183.14707946777344,197.3699951171875,197.66000366210938,193.89999389648438,194.74000549316406,730900,2026-09-25
2018-08-20,185.11431884765625,199.49000549316406,199.9499969482422,197.52000427246094,198.8300018310547,538300,2026-09-25
2018-08-21,186.04225158691406,200.49000549316406,201.61000061035156,199.49000549316406,199.80999755859375,699000,2026-09-25
2018-08-22,186.33920288085938,200.80999755859375,201.14999389648438,199.2100067138672,200.13999938964844,385600,2026-09-25
2018-08-23,185.16073608398438,199.5399932861328,202.22000122070312,199.36000061035156,201.8300018310547,374400,2026-09-25
2018-08-24,188.3528594970703,202.97999572753906,203.17999267578125,201.52000427246094,201.69000244140625,301900,2026-09-25
2018-08-27,193.55857849121094,208.58999633789062,209.22999572753906,205.47999572753906,206.16000366210938,546200,2026-09-25
2018-08-28,191.79550170898438,206.69000244140625,208.05999755859375,204.94000244140625,207.6199951171875,437600,2026-09-25
2018-08-29,191.91612243652344,206.82000732421875,207.57000732421875,205.50999450683594,205.5800018310547,401500,2026-09-25
2018-08-30,190.412841796875,205.1999969482422,206.85000610351562,204.72999572753906,205.3800048828125,352800,2026-09-25
2018-08-31,190.273681640625,205.0500030517578,205.66000366210938,203.6999969482422,204.3000030517578,388400,2026-09-25
2018-09-04,185.1050567626953,199.47999572753906,199.89999389648438,197.3300018310547,199.0500030517578,693000,2026-09-25
2018-09-05,181.05926513671875,195.1199951171875,198.14999389648438,194.1999969482422,197.8000030517578,633900,2026-09-25
2018-09-06,171.1581573486328,184.4499969482422,192.1300048828125,183.42999267578125,191.55999755859375,2100300,2026-09-25
2018-09-07,167.8361358642578,180.8699951171875,184.42999267578125,180.27999877929688,181.1999969482422,889600,2026-09-25
2018-09-10,172.29025268554688,185.6699981689453,187.7100067138672,184.5800018310547,187.6300048828125,1003600,2026-09-25
2018-09-11,170.15597534179688,183.3699951171875,183.85000610351562,181.27999877929688,182.4600067138672,610500,2026-09-25
2018-09-12,162.7324981689453,175.3699951171875,177.47999572753906,172.69000244140625,177.3800048828125,3094700,2026-09-25
2018-09-13,168.88467407226562,182.0,184.6300048828125,181.14999389648438,182.30999755859375,2444700,2026-09-25
2018-09-14,171.0653839111328,184.35000610351562,185.00999450683594,182.27000427246094,183.44000244140625,1095400,2026-09-25
2018-09-17,169.89613342285156,183.08999633789062,185.0399932861328,182.75,184.0500030517578,574900,2026-09-25
2018-09-18,173.12535095214844,186.57000732421875,187.61000061035156,184.7100067138672,184.7100067138672,687000,2026-09-25
2018-09-19,175.4266815185547,189.0500030517578,189.27999877929688,186.27999877929688,186.67999267578125,1053800,2026-09-25
2018-09-20,177.69081115722656,191.49000549316406,192.05999755859375,189.83999633789062,191.19000244140625,561200,2026-09-25
2018-09-21,174.85137939453125,188.42999267578125,190.10000610351562,187.9600067138672,189.44000244140625,1116700,2026-09-25
2018-09-24,177.6723175048828,191.47000122070312,191.5800018310547,189.44000244140625,190.75999450683594,509400,2026-09-25
2018-09-25,176.50306701660156,190.2100067138672,192.35000610351562,189.16000366210938,192.1199951171875,515600,2026-09-25
2018-09-26,175.19473266601562,188.8000030517578,191.3000030517578,186.58999633789062,186.8000030517578,701000,2026-09-25
2018-09-27,175.13902282714844,188.74000549316406,189.83999633789062,187.74000549316406,188.11000061035156,298700,2026-09-25
2018-09-28,174.47091674804688,188.02000427246094,188.27000427246094,185.4600067138672,185.52999877929688,609800,2026-09-25
2018-10-01,176.38243103027344,190.0800018310547,192.52000427246094,189.50999450683594,190.8699951171875,513900,2026-09-25
2018-10-02,176.45663452148438,190.16000366210938,192.33999633789062,188.27000427246094,188.27000427246094,421000,2026-09-25
2018-10-03,177.98776245117188,191.80999755859375,192.33999633789062,189.94000244140625,191.25999450683594,826600,2026-09-25
2018-10-04,173.9512176513672,187.4600067138672,191.0800018310547,184.89999389648438,190.94000244140625,610400,2026-09-25
2018-10-05,170.54568481445312,183.7899932861328,186.97999572753906,181.58999633789062,185.89999389648438,691200,2026-09-25
2018-10-08,168.5877685546875,181.67999267578125,182.8800048828125,179.69000244140625,181.0,603900,2026-09-25
2018-10-09,169.7662353515625,182.9499969482422,183.9600067138672,180.38999938964844,180.67999267578125,596000,2026-09-25
2018-10-10,159.53111267089844,171.9199981689453,176.52000427246094,171.85000610351562,174.61000061035156,1515900,2026-09-25
2018-10-11,159.40118408203125,171.77999877929688,180.17999267578125,169.58999633789062,176.08999633789062,1665300,2026-09-25
2018-10-12,161.72100830078125,174.27999877929688,176.33999633789062,171.35000610351562,175.4600067138672,906100,2026-09-25
2018-10-15,160.8580322265625,173.35000610351562,175.1199951171875,172.8300018310547,173.4199981689453,672600,2026-09-25
2018-10-16,168.6249237060547,181.72000122070312,182.24000549316406,177.77999877929688,178.3800048828125,823600,2026-09-25
2018-10-17,171.6778564453125,185.00999450683594,189.25,183.30999755859375,187.5800018310547,1709500,2026-09-25
2018-10-18,163.72535705566406,176.44000244140625,182.8000030517578,175.85000610351562,182.3800048828125,847700,2026-09-25
2018-10-19,163.09439086914062,175.75999450683594,178.24000549316406,173.7100067138672,176.19000244140625,740400,2026-09-25
2018-10-22,163.623291015625,176.3300018310547,177.02000427246094,174.25999450683594,176.4600067138672,518600,2026-09-25
2018-10-23,160.48692321777344,172.9499969482422,174.4199981689453,167.25999450683594,167.52999877929688,1260800,2026-09-25
2018-10-24,146.76266479492188,158.16000366210938,167.6999969482422,157.9499969482422,167.3000030517578,1942800,2026-09-25
2018-10-25,156.85861206054688,169.0399932861328,170.2899932861328,163.69000244140625,165.14999389648438,1067700,2026-09-25
2018-10-26,154.23255920410156,166.2100067138672,169.16000366210938,162.25999450683594,164.39999389648438,876000,2026-09-25
2018-10-29,151.59722900390625,163.3699951171875,169.6999969482422,160.3800048828125,168.52000427246094,745500,2026-09-25
2018-10-30,156.5802459716797,168.74000549316406,169.41000366210938,165.66000366210938,166.10000610351562,1307500,2026-09-25
2018-10-31,159.9393768310547,172.36000061035156,173.08999633789062,169.97999572753906,170.9600067138672,731400,2026-09-25
2018-11-01,163.05723571777344,175.72000122070312,176.05999755859375,169.64999389648438,171.02999877929688,1352600,2026-09-25
2018-11-02,162.37986755371094,174.99000549316406,178.67999267578125,172.82000732421875,178.07000732421875,948400,2026-09-25
2018-11-05,160.40333557128906,172.86000061035156,173.5,169.7100067138672,172.49000549316406,567400,2026-09-25
2018-11-06,164.64398193359375,177.42999267578125,177.6699981689453,174.0500030517578,174.30999755859375,1493800,2026-09-25
2018-11-07,164.63478088378906,177.4199981689453,178.52000427246094,176.08999633789062,178.25999450683594,1039400,2026-09-25
2018-11-08,162.37986755371094,174.99000549316406,177.36000061035156,174.1999969482422,175.3300018310547,1891400,2026-09-25
2018-11-09,162.8531036376953,175.5,175.86000061035156,171.75,172.5500030517578,1748000,2026-09-25
2018-11-12,156.821533203125,169.0,170.27999877929688,167.0500030517578,170.1300048828125,2888200,2026-09-25
2018-11-13,158.57533264160156,170.88999938964844,173.69000244140625,169.49000549316406,169.8300018310547,1433100,2026-09-25
2018-11-14,160.28273010253906,172.72999572753906,174.5800018310547,172.02999877929688,173.58999633789062,1166700,2026-09-25
2018-11-15,164.05014038085938,176.7899932861328,176.8000030517578,168.9600067138672,169.4600067138672,2028800,2026-09-25
2018-11-16,156.81224060058594,168.99000549316406,171.0399932861328,167.88999938964844,170.08999633789062,3096800,2026-09-25
2018-11-19,151.8013458251953,163.58999633789062,168.5399932861328,163.38999938964844,168.25,1476500,2026-09-25
2018-11-20,149.70423889160156,161.3300018310547,163.08999633789062,156.5800018310547,157.0399932861328,2125600,2026-09-25
2018-11-21,152.09829711914062,163.91000366210938,166.5,163.89999389648438,164.3000030517578,1074000,2026-09-25
2018-11-23,151.86630249023438,163.66000366210938,164.52999877929688,162.1199951171875,162.1199951171875,742800,2026-09-25
2018-11-26,155.3646240234375,167.42999267578125,167.66000366210938,164.2899932861328,165.13999938964844,1056800,2026-09-25
2018-11-27,155.34609985351562,167.41000366210938,168.1699981689453,165.6300048828125,166.72999572753906,544300,2026-09-25
2018-11-28,161.7488555908203,174.30999755859375,174.4199981689453,167.75,170.27999877929688,613300,2026-09-25
2018-11-29,159.15989685058594,171.52000427246094,173.25,170.9600067138672,172.52999877929688,1079700,2026-09-25
2018-11-30,159.00218200683594,171.35000610351562,171.4499969482422,168.36000061035156,168.9600067138672,1360900,2026-09-25
2018-12-03,164.85748291015625,177.66000366210938,178.1999969482422,173.1300048828125,173.86000061035156,2413300,2026-09-25
2018-12-04,157.41543579101562,169.63999938964844,176.30999755859375,169.3800048828125,175.58999633789062,1625300,2026-09-25
2018-12-06,154.36248779296875,166.35000610351562,166.5,162.25999450683594,164.52999877929688,1097300,2026-09-25
2018-12-07,148.033935546875,159.52999877929688,165.9199981689453,158.89999389648438,164.85000610351562,1412200,2026-09-25
2018-12-10,149.77847290039062,161.41000366210938,163.0800018310547,158.80999755859375,161.52000427246094,915800,2026-09-25
2018-12-11,149.83416748046875,161.47000122070312,164.85000610351562,160.4600067138672,163.82000732421875,1475500,2026-09-25
2018-12-12,153.31393432617188,165.22000122070312,167.33999633789062,164.74000549316406,166.35000610351562,917700,2026-09-25
2018-12-13,152.26531982421875,164.08999633789062,165.61000061035156,163.7100067138672,165.02000427246094,698200,2026-09-25
2018-12-14,149.4258270263672,161.02999877929688,164.17999267578125,160.82000732421875,162.41000366210938,692500,2026-09-25
2018-12-17,149.02682495117188,160.60000610351562,164.1999969482422,159.6199951171875,161.0,686500,2026-09-25
2018-12-18,150.8641357421875,162.5800018310547,164.72999572753906,161.77000427246094,163.17999267578125,710200,2026-09-25
2018-12-19,142.7910919189453,153.8800048828125,162.97999572753906,153.33999633789062,159.9499969482422,1580600,2026-09-25
2018-12-20,141.67759704589844,152.67999267578125,156.75999450683594,151.69000244140625,156.2100067138672,2719400,2026-09-25
2018-12-21,137.75241088867188,148.4499969482422,152.58999633789062,148.0,151.77000427246094,1805700,2026-09-25
2018-12-24,134.5602569580078,145.00999450683594,150.49000549316406,144.80999755859375,149.13999938964844,321500,2026-09-25
2018-12-26,141.90025329589844,152.9199981689453,153.00999450683594,144.5,146.49000549316406,634500,2026-09-25
2018-12-27,143.26434326171875,154.38999938964844,154.41000366210938,149.57000732421875,149.83999633789062,725800,2026-09-25
2018-12-28,143.91387939453125,155.08999633789062,157.69000244140625,154.75999450683594,157.5399932861328,676500,2026-09-25
2018-12-31,144.40573120117188,155.6199951171875,157.02999877929688,153.9499969482422,156.0399932861328,356500,2026-09-25
2019-01-02,145.03671264648438,156.3000030517578,157.25,153.83999633789062,154.27999877929688,602500,2026-09-25
2019-01-03,137.03785705566406,147.67999267578125,152.22000122070312,147.3800048828125,151.19000244140625,1078600,2026-09-25
2019-01-04,142.9674072265625,154.07000732421875,154.9600067138672,150.0399932861328,150.64999389648438,589500,2026-09-25
2019-01-07,146.23370361328125,157.58999633789062,159.25999450683594,155.82000732421875,156.5,971900,2026-09-25
2019-01-08,145.1573028564453,156.42999267578125,158.77000427246094,155.5500030517578,158.5,531700,2026-09-25
2019-01-09,151.17962646484375,162.9199981689453,163.6300048828125,160.97000122070312,161.89999389648438,779900,2026-09-25
2019-01-10,150.8919677734375,162.61000061035156,163.0500030517578,160.50999450683594,161.2899932861328,1028100,2026-09-25
2019-01-11,150.3445281982422,162.02000427246094,163.3699951171875,160.8699951171875,161.5,639600,2026-09-25
2019-01-14,147.2544708251953,158.69000244140625,160.35000610351562,158.25999450683594,160.10000610351562,680200,2026-09-25
2019-01-15,147.75555419921875,159.22999572753906,160.88999938964844,158.27999877929688,158.9199981689453,482700,2026-09-25
2019-01-16,145.9460906982422,157.27999877929688,159.38999938964844,157.19000244140625,159.1699981689453,537600,2026-09-25
2019-01-17,146.18731689453125,157.5399932861328,158.6300048828125,155.22000122070312,155.77999877929688,953000,2026-09-25
2019-01-18,150.9755096435547,162.6999969482422,164.00999450683594,158.86000061035156,159.17999267578125,1664700,2026-09-25
2019-01-22,148.00611877441406,159.5,161.0,157.97000122070312,160.89999389648438,968500,2026-09-25
2019-01-23,150.43731689453125,162.1199951171875,164.0500030517578,160.66000366210938,163.3300018310547,1458900,2026-09-25
2019-01-24,156.7286834716797,168.89999389648438,169.5399932861328,167.2899932861328,167.52999877929688,1385700,2026-09-25
2019-01-25,163.9295196533203,176.66000366210938,176.83999633789062,172.6300048828125,173.2100067138672,1352900,2026-09-25
2019-01-28,161.60040283203125,174.14999389648438,175.42999267578125,171.24000549316406,171.74000549316406,2261100,2026-09-25
2019-01-29,162.02725219726562,174.61000061035156,174.77999877929688,172.3300018310547,174.44000244140625,966800,2026-09-25
2019-01-30,164.4213409423828,177.19000244140625,177.58999633789062,173.74000549316406,175.14999389648438,687600,2026-09-25
2019-01-31,162.4169921875,175.02999877929688,176.50999450683594,174.25999450683594,174.7100067138672,562100,2026-09-25
2019-02-01,165.5534210205078,178.41000366210938,178.6300048828125,176.17999267578125,176.7899932861328,795000,2026-09-25
2019-02-04,166.62057495117188,179.55999755859375,179.72000122070312,177.86000061035156,178.42999267578125,543000,2026-09-25
2019-02-05,168.52276611328125,181.61000061035156,182.1300048828125,179.55999755859375,179.80999755859375,650800,2026-09-25
2019-02-06,173.39451599121094,186.86000061035156,187.0500030517578,184.02000427246094,184.0500030517578,1554900,2026-09-25
2019-02-07,168.04953002929688,181.10000610351562,184.00999450683594,180.30999755859375,183.55999755859375,1474500,2026-09-25
2019-02-08,168.02175903320312,181.07000732421875,181.57000732421875,177.83999633789062,178.11000061035156,633100,2026-09-25
2019-02-11,165.655517578125,178.52000427246094,179.88999938964844,178.07000732421875,179.4199981689453,653300,2026-09-25
2019-02-12,169.61778259277344,182.7899932861328,183.25999450683594,180.32000732421875,180.32000732421875,901600,2026-09-25
2019-02-13,169.17233276367188,182.30999755859375,183.60000610351562,182.08999633789062,182.6199951171875,653800,2026-09-25
2019-02-14,171.04684448242188,184.3300018310547,184.8699951171875,182.66000366210938,183.17999267578125,1060100,2026-09-25
2019-02-15,171.08395385742188,184.3699951171875,185.10000610351562,183.5,185.08999633789062,824400,2026-09-25
2019-02-19,169.31153869628906,182.4600067138672,183.60000610351562,180.92999267578125,180.94000244140625,900500,2026-09-25
2019-02-20,170.60140991210938,183.85000610351562,184.27000427246094,181.80999755859375,181.8699951171875,600400,2026-09-25
2019-02-21,169.3765106201172,182.52999877929688,183.2899932861328,181.13999938964844,181.80999755859375,712700,2026-09-25
2019-02-22,171.56646728515625,184.88999938964844,185.1300048828125,183.30999755859375,184.30999755859375,495600,2026-09-25
2019-02-25,173.51513671875,186.99000549316406,188.27000427246094,186.2899932861328,187.8000030517578,737200,2026-09-25
2019-02-26,172.00257873535156,185.36000061035156,186.47000122070312,184.69000244140625,185.30999755859375,660600,2026-09-25
2019-02-27,170.85191345214844,184.1199951171875,185.1300048828125,182.27000427246094,185.1300048828125,387900,2026-09-25
2019-02-28,169.69203186035156,182.8699951171875,183.86000061035156,182.57000732421875,183.32000732421875,318500,2026-09-25
2019-03-01,171.7705841064453,185.11000061035156,185.27000427246094,183.16000366210938,184.41000366210938,389800,2026-09-25
2019-03-04,172.2809600830078,185.66000366210938,186.72999572753906,183.55999755859375,185.36000061035156,558300,2026-09-25
2019-03-05,171.23236083984375,184.52999877929688,185.77999877929688,184.14999389648438,184.64999389648438,258700,2026-09-25
2019-03-06,168.10525512695312,181.16000366210938,184.3800048828125,181.0399932861328,184.3000030517578,499300,2026-09-25
2019-03-07,164.7275848388672,177.52000427246094,180.14999389648438,176.92999267578125,180.1300048828125,648300,2026-09-25
2019-03-08,165.9524383544922,178.83999633789062,178.97000122070312,175.57000732421875,175.9600067138672,415700,2026-09-25
2019-03-11,168.04029846191406,181.08999633789062,182.10000610351562,178.30999755859375,178.33999633789062,609900,2026-09-25
2019-03-12,169.35794067382812,182.50999450683594,183.52999877929688,180.80999755859375,182.0,509000,2026-09-25
2019-03-13,169.3765106201172,182.52999877929688,183.99000549316406,182.38999938964844,183.75,418500,2026-09-25
2019-03-14,170.0817413330078,183.2899932861328,184.27999877929688,182.72999572753906,183.25,524100,2026-09-25
2019-03-15,178.91571044921875,192.80999755859375,192.9600067138672,187.61000061035156,187.63999938964844,1445100,2026-09-25
2019-03-18,176.90211486816406,190.63999938964844,191.42999267578125,189.3800048828125,190.52999877929688,589500,2026-09-25
2019-03-19,177.05984497070312,190.80999755859375,192.5500030517578,189.38999938964844,191.58999633789062,683400,2026-09-25
2019-03-20,177.3660430908203,191.13999938964844,192.69000244140625,188.38999938964844,190.49000549316406,584100,2026-09-25
2019-03-21,180.35401916503906,194.36000061035156,195.4600067138672,189.94000244140625,189.9499969482422,770100,2026-09-25
2019-03-22,174.22036743164062,187.75,191.88999938964844,187.4499969482422,191.36000061035156,937000,2026-09-25
2019-03-25,172.90272521972656,186.3300018310547,187.94000244140625,185.17999267578125,186.3300018310547,1028700,2026-09-25
2019-03-26,173.79347229003906,187.2899932861328,187.9499969482422,186.07000732421875,186.19000244140625,414800,2026-09-25
2019-03-27,170.79624938964844,184.05999755859375,187.9600067138672,183.10000610351562,187.1300048828125,786700,2026-09-25
2019-03-28,170.9261932373047,184.1999969482422,184.97000122070312,182.77000427246094,183.60000610351562,312100,2026-09-25
2019-03-29,174.4987335205078,188.0500030517578,188.4199981689453,185.5,186.27999877929688,687400,2026-09-25
2019-04-01,178.6094970703125,192.47999572753906,193.0,190.75999450683594,191.24000549316406,647500,2026-09-25
2019-04-02,179.87147521972656,193.83999633789062,194.17999267578125,192.36000061035156,193.97999572753906,498300,2026-09-25
2019-04-03,183.49044799804688,197.74000549316406,198.69000244140625,196.5800018310547,197.16000366210938,691700,2026-09-25
2019-04-04,184.08432006835938,198.3800048828125,199.02000427246094,197.42999267578125,198.25,437500,2026-09-25
2019-04-05,186.87742614746094,201.38999938964844,201.72000122070312,200.5,200.57000732421875,503300,2026-09-25
2019-04-08,188.89105224609375,203.55999755859375,203.67999267578125,201.6300048828125,202.0,503600,2026-09-25
2019-04-09,187.0444793701172,201.57000732421875,203.00999450683594,201.07000732421875,202.10000610351562,708300,2026-09-25
2019-04-10,185.39273071289062,199.7899932861328,200.72000122070312,198.58999633789062,200.08999633789062,611600,2026-09-25
2019-04-11,183.648193359375,197.91000366210938,199.25,197.2899932861328,197.72000122070312,453300,2026-09-25
2019-04-12,188.20436096191406,202.82000732421875,202.8800048828125,200.6699981689453,201.8300018310547,430900,2026-09-25
2019-04-15,185.43910217285156,199.83999633789062,201.72999572753906,199.00999450683594,201.27999877929688,389400,2026-09-25
2019-04-16,188.94676208496094,203.6199951171875,204.4600067138672,201.0800018310547,201.3800048828125,755200,2026-09-25
2019-04-17,188.70547485351562,203.36000061035156,208.89999389648438,200.5800018310547,208.3800048828125,1280500,2026-09-25
2019-04-18,191.07171630859375,205.91000366210938,207.02999877929688,204.5800018310547,206.0500030517578,1007900,2026-09-25
2019-04-22,190.70053100585938,205.50999450683594,205.8699951171875,203.72999572753906,204.6199951171875,357500,2026-09-25
2019-04-23,190.49635314941406,205.2899932861328,206.11000061035156,204.02999877929688,204.11000061035156,438200,2026-09-25
2019-04-24,190.6077423095703,205.41000366210938,207.80999755859375,205.1999969482422,205.55999755859375,485700,2026-09-25
2019-04-25,191.35008239746094,206.2100067138672,207.30999755859375,204.02000427246094,206.86000061035156,756700,2026-09-25
2019-04-26,194.5194854736328,207.1999969482422,207.25999450683594,203.17999267578125,204.8699951171875,637900,2026-09-25
2019-04-29,193.77786254882812,206.41000366210938,207.25999450683594,205.05999755859375,205.91000366210938,365800,2026-09-25
2019-04-30,196.0403289794922,208.82000732421875,209.00999450683594,206.2899932861328,206.63999938964844,337500,2026-09-25
2019-05-01,193.7590789794922,206.38999938964844,210.8699951171875,206.3699951171875,209.9199981689453,391200,2026-09-25
2019-05-02,193.3271942138672,205.92999267578125,207.47999572753906,204.08999633789062,206.5399932861328,405500,2026-09-25
2019-05-03,195.90890502929688,208.67999267578125,208.69000244140625,206.22000122070312,206.77000427246094,345200,2026-09-25
2019-05-06,192.61367797851562,205.1699981689453,205.5399932861328,201.0500030517578,202.24000549316406,413200,2026-09-25
2019-05-07,188.4078826904297,200.69000244140625,203.0,198.41000366210938,203.0,623100,2026-09-25
2019-05-08,189.10263061523438,201.42999267578125,203.57000732421875,200.89999389648438,201.69000244140625,573400,2026-09-25
2019-05-09,186.81192016601562,198.99000549316406,199.94000244140625,194.74000549316406,198.3800048828125,688000,2026-09-25
2019-05-10,186.5772247314453,198.74000549316406,200.0,195.42999267578125,198.11000061035156,780200,2026-09-25
2019-05-13,178.78518676757812,190.44000244140625,193.97999572753906,189.9199981689453,193.39999389648438,994000,2026-09-25
2019-05-14,185.9200439453125,198.0399932861328,198.97000122070312,194.72999572753906,195.33999633789062,1036700,2026-09-25
2019-05-15,188.3515625,200.6300048828125,202.10000610351562,194.9600067138672,195.13999938964844,711300,2026-09-25
2019-05-16,189.7691650390625,202.13999938964844,203.6699981689453,200.05999755859375,200.5399932861328,708600,2026-09-25
2019-05-17,188.88668823242188,201.1999969482422,204.4600067138672,200.75,201.86000061035156,700300,2026-09-25
2019-05-20,178.82272338867188,190.47999572753906,195.27000427246094,188.8699951171875,193.8699951171875,1287300,2026-09-25
2019-05-21,181.89259338378906,193.75,195.16000366210938,193.0800018310547,194.5,736600,2026-09-25
2019-05-22,179.80848693847656,191.52999877929688,193.83999633789062,191.47999572753906,191.47999572753906,505300,2026-09-25
2019-05-23,178.95416259765625,190.6199951171875,191.4600067138672,188.8000030517578,189.57000732421875,835500,2026-09-25
2019-05-24,178.18434143066406,189.8000030517578,192.66000366210938,189.6699981689453,191.97000122070312,432200,2026-09-25
2019-05-28,179.30149841308594,190.99000549316406,193.3800048828125,190.88999938964844,192.6199951171875,665700,2026-09-25
2019-05-29,177.02020263671875,188.55999755859375,190.0800018310547,186.89999389648438,188.55999755859375,1154100,2026-09-25
2019-05-30,178.2688751220703,189.88999938964844,191.25,188.80999755859375,189.14999389648438,465300,2026-09-25
2019-05-31,176.54144287109375,188.0500030517578,189.88999938964844,187.67999267578125,188.6199951171875,777300,2026-09-25
2019-06-03,175.53692626953125,186.97999572753906,189.85000610351562,186.30999755859375,188.5800018310547,527300,2026-09-25
2019-06-04,178.803955078125,190.4600067138672,190.55999755859375,188.11000061035156,188.97000122070312,922600,2026-09-25
2019-06-05,177.80886840820312,189.39999389648438,192.2100067138672,188.80999755859375,191.8300018310547,356400,2026-09-25
2019-06-06,180.96316528320312,192.75999450683594,193.10000610351562,190.22000122070312,190.6699981689453,399300,2026-09-25
2019-06-07,184.5869903564453,196.6199951171875,198.4600067138672,194.9600067138672,195.6300048828125,482300,2026-09-25
2019-06-10,186.12664794921875,198.25999450683594,199.42999267578125,196.16000366210938,196.27000427246094,755900,2026-09-25
2019-06-11,187.85397338867188,200.10000610351562,202.66000366210938,199.05999755859375,202.36000061035156,520400,2026-09-25
2019-06-12,184.77476501464844,196.82000732421875,199.5500030517578,196.72999572753906,199.5500030517578,464500,2026-09-25
2019-06-13,185.8168182373047,197.92999267578125,198.13999938964844,197.00999450683594,197.75999450683594,268300,2026-09-25
2019-06-14,180.26849365234375,192.02000427246094,193.13999938964844,190.5,191.5500030517578,482300,2026-09-25
2019-06-17,178.03414916992188,189.63999938964844,192.42999267578125,189.5399932861328,192.0,476400,2026-09-25
2019-06-18,182.8032684326172,194.72000122070312,195.8000030517578,189.49000549316406,189.49000549316406,1358900,2026-09-25
2019-06-19,184.77476501464844,196.82000732421875,198.22000122070312,195.32000732421875,196.47000122070312,358200,2026-09-25
2019-06-20,189.3185272216797,201.66000366210938,203.61000061035156,200.49000549316406,203.11000061035156,431100,2026-09-25
2019-06-21,189.8911895751953,202.27000427246094,202.8000030517578,200.41000366210938,201.3000030517578,562900,2026-09-25
2019-06-24,190.38877868652344,202.8000030517578,203.86000061035156,201.8800048828125,203.38999938964844,476800,2026-09-25
2019-06-25,186.85890197753906,199.0399932861328,203.08999633789062,198.1199951171875,202.8000030517578,535400,2026-09-25
2019-06-26,191.8814697265625,204.38999938964844,204.97000122070312,203.0800018310547,204.38999938964844,784500,2026-09-25
2019-06-27,192.44473266601562,204.99000549316406,205.52999877929688,204.08999633789062,204.69000244140625,345100,2026-09-25
2019-06-28,195.20480346679688,207.92999267578125,209.77000427246094,207.6199951171875,209.27000427246094,405000,2026-09-25
2019-07-01,201.81399536132812,214.97000122070312,216.58999633789062,212.97000122070312,215.97000122070312,634200,2026-09-25
2019-07-02,201.29763793945312,214.4199981689453,215.27000427246094,213.36000061035156,214.52000427246094,572400,2026-09-25
2019-07-03,200.74374389648438,213.8300018310547,214.7899932861328,213.38999938964844,213.8300018310547,297100,2026-09-25
2019-07-05,196.91342163085938,209.75,210.3800048828125,207.19000244140625,209.52999877929688,428600,2026-09-25
2019-07-08,195.2987060546875,208.02999877929688,209.50999450683594,206.82000732421875,208.57000732421875,425300,2026-09-25
2019-07-09,193.965576171875,206.61000061035156,207.30999755859375,205.3000030517578,205.88999938964844,530000,2026-09-25
2019-07-10,195.38316345214844,208.1199951171875,209.30999755859375,206.97000122070312,207.5,986500,2026-09-25
2019-07-11,195.96524047851562,208.74000549316406,209.75,207.3000030517578,209.61000061035156,269600,2026-09-25
2019-07-12,195.4394989013672,208.17999267578125,209.05999755859375,207.3800048828125,208.0399932861328,427400,2026-09-25
2019-07-15,194.1063995361328,206.75999450683594,209.19000244140625,206.0500030517578,208.32000732421875,681300,2026-09-25
2019-07-16,192.45408630371094,205.0,206.92999267578125,204.36000061035156,205.39999389648438,639200,2026-09-25
2019-07-17,204.34872436523438,217.6699981689453,219.5800018310547,215.2100067138672,217.64999389648438,2050400,2026-09-25
2019-07-18,212.77914428710938,226.64999389648438,226.99000549316406,221.57000732421875,221.69000244140625,1750500,2026-09-25
2019-07-19,209.9345703125,223.6199951171875,224.92999267578125,223.11000061035156,223.19000244140625,790500,2026-09-25
2019-07-22,213.8024444580078,227.74000549316406,228.1199951171875,225.2899932861328,225.2899932861328,787500,2026-09-25
2019-07-23,216.1212615966797,230.2100067138672,231.3300018310547,229.32000732421875,230.8699951171875,831100,2026-09-25
2019-07-24,219.73565673828125,234.05999755859375,234.5,230.00999450683594,230.19000244140625,786500,2026-09-25
2019-07-25,215.97108459472656,230.0500030517578,232.97000122070312,229.72000122070312,232.75999450683594,521700,2026-09-25
2019-07-26,216.72213745117188,230.85000610351562,232.41000366210938,230.8300018310547,232.22000122070312,399700,2026-09-25
2019-07-29,216.83474731445312,230.97000122070312,231.25999450683594,229.38999938964844,230.61000061035156,325900,2026-09-25
2019-07-30,214.36570739746094,228.33999633789062,229.41000366210938,227.3300018310547,227.66000366210938,462000,2026-09-25
2019-07-31,209.17413330078125,222.80999755859375,227.36000061035156,221.2100067138672,227.05999755859375,519500,2026-09-25
2019-08-01,207.88800048828125,221.44000244140625,229.97000122070312,219.17999267578125,225.97999572753906,834200,2026-09-25
2019-08-02,206.4516143798828,219.91000366210938,222.5399932861328,218.19000244140625,222.5399932861328,555700,2026-09-25
2019-08-05,199.14779663085938,212.1300048828125,216.4199981689453,210.3000030517578,216.3800048828125,693900,2026-09-25
2019-08-06,201.7388458251953,214.88999938964844,216.5399932861328,212.5500030517578,215.5800018310547,481400,2026-09-25
2019-08-07,202.49929809570312,215.6999969482422,216.24000549316406,212.39999389648438,213.57000732421875,428700,2026-09-25
2019-08-08,206.56427001953125,220.02999877929688,220.5500030517578,216.6699981689453,216.89999389648438,627600,2026-09-25
2019-08-09,202.77154541015625,215.99000549316406,217.36000061035156,213.22000122070312,216.8300018310547,415100,2026-09-25
2019-08-12,201.32577514648438,214.4499969482422,216.61000061035156,213.6999969482422,216.0500030517578,292000,2026-09-25
2019-08-13,205.7850799560547,219.1999969482422,220.8000030517578,211.38999938964844,212.72000122070312,587600,2026-09-25
2019-08-14,195.9464569091797,208.72000122070312,212.25,207.07000732421875,210.82000732421875,914100,2026-09-25
2019-08-15,197.0166778564453,209.86000061035156,211.3300018310547,207.5800018310547,209.33999633789062,671500,2026-09-25
2019-08-16,199.8236541748047,212.85000610351562,213.3300018310547,209.08999633789062,209.2899932861328,574500,2026-09-25
2019-08-19,202.48988342285156,215.69000244140625,217.42999267578125,215.1300048828125,216.82000732421875,329200,2026-09-25
2019-08-20,201.5511016845703,214.69000244140625,216.22000122070312,214.0800018310547,215.63999938964844,275200,2026-09-25
2019-08-21,203.74790954589844,217.02999877929688,218.61000061035156,216.50999450683594,218.61000061035156,298100,2026-09-25
2019-08-22,202.08621215820312,215.25999450683594,216.83999633789062,213.66000366210938,216.30999755859375,376100,2026-09-25
2019-08-23,197.61753845214844,210.5,216.5,209.60000610351562,213.6300048828125,591500,2026-09-25
2019-08-26,200.89393615722656,213.99000549316406,214.44000244140625,212.30999755859375,213.86000061035156,296800,2026-09-25
2019-08-27,200.96900939941406,214.07000732421875,215.6699981689453,213.10000610351562,215.30999755859375,359700,2026-09-25
2019-08-28,202.5461883544922,215.75,215.94000244140625,212.35000610351562,213.17999267578125,317500,2026-09-25
2019-08-29,206.29202270507812,219.74000549316406,221.8699951171875,219.52999877929688,220.0500030517578,370300,2026-09-25
2019-08-30,208.98641967773438,222.61000061035156,224.00999450683594,220.1199951171875,223.27000427246094,357600,2026-09-25
2019-09-03,206.55491638183594,220.02000427246094,221.5800018310547,218.89999389648438,220.64999389648438,598700,2026-09-25
2019-09-04,213.36122131347656,227.27000427246094,227.4499969482422,224.17999267578125,224.74000549316406,432700,2026-09-25
2019-09-05,222.58021545410156,237.08999633789062,238.02999877929688,235.6999969482422,236.35000610351562,982300,2026-09-25
2019-09-06,223.96026611328125,238.55999755859375,240.11000061035156,237.1699981689453,238.19000244140625,872100,2026-09-25
2019-09-09,226.56077575683594,241.3300018310547,242.32000732421875,238.88999938964844,239.0800018310547,536700,2026-09-25
2019-09-10,226.8799591064453,241.6699981689453,241.6699981689453,238.11000061035156,240.07000732421875,735500,2026-09-25
2019-09-11,230.23143005371094,245.24000549316406,245.24000549316406,241.24000549316406,241.67999267578125,782500,2026-09-25
2019-09-12,231.7241668701172,246.8300018310547,248.2100067138672,244.60000610351562,245.10000610351562,828000,2026-09-25
2019-09-13,233.75193786621094,248.99000549316406,251.22999572753906,248.3699951171875,250.36000061035156,934000,2026-09-25
2019-09-16,231.14210510253906,246.2100067138672,247.3300018310547,245.38999938964844,246.0800018310547,398900,2026-09-25
2019-09-17,232.91641235351562,248.10000610351562,248.4199981689453,245.1999969482422,245.66000366210938,730000,2026-09-25
2019-09-18,234.50299072265625,249.7899932861328,250.5399932861328,246.61000061035156,248.7100067138672,519400,2026-09-25
2019-09-19,234.31521606445312,249.58999633789062,252.11000061035156,249.58999633789062,250.42999267578125,394700,2026-09-25
2019-09-20,230.7477569580078,245.7899932861328,250.8800048828125,244.6699981689453,250.6999969482422,819500,2026-09-25
2019-09-23,233.2731170654297,248.47999572753906,249.25,245.83999633789062,246.19000244140625,296100,2026-09-25
2019-09-24,231.3110809326172,246.38999938964844,249.94000244140625,245.13999938964844,248.74000549316406,605600,2026-09-25
2019-09-25,232.38128662109375,247.52999877929688,248.02999877929688,241.1699981689453,242.6699981689453,518300,2026-09-25
2019-09-26,232.86012268066406,248.0399932861328,249.63999938964844,246.47000122070312,249.55999755859375,615100,2026-09-25
2019-09-27,228.79510498046875,243.7100067138672,248.0500030517578,241.32000732421875,247.07000732421875,564500,2026-09-25
2019-09-30,233.2168426513672,248.4199981689453,249.41000366210938,244.82000732421875,244.97999572753906,495000,2026-09-25
2019-10-01,230.37225341796875,245.38999938964844,250.1699981689453,244.67999267578125,249.1699981689453,655300,2026-09-25
2019-10-02,225.58438110351562,240.2899932861328,243.52000427246094,238.2899932861328,243.49000549316406,710100,2026-09-25
2019-10-03,229.3959197998047,244.35000610351562,244.8800048828125,238.5399932861328,240.91000366210938,531000,2026-09-25
2019-10-04,230.98248291015625,246.0399932861328,246.36000061035156,244.17999267578125,244.47000122070312,518000,2026-09-25
2019-10-07,232.27804565429688,247.4199981689453,249.42999267578125,247.17999267578125,247.41000366210938,515900,2026-09-25
2019-10-08,227.2648468017578,242.0800018310547,245.60000610351562,241.50999450683594,244.0500030517578,576700,2026-09-25
2019-10-09,231.19842529296875,246.27000427246094,247.9499969482422,244.83999633789062,245.55999755859375,431300,2026-09-25
2019-10-10,236.09896850585938,251.49000549316406,254.24000549316406,248.3800048828125,249.13999938964844,835700,2026-09-25
2019-10-11,244.08811950683594,260.0,262.4599914550781,257.739990234375,258.3999938964844,1034300,2026-09-25
2019-10-14,245.62779235839844,261.6400146484375,262.0,259.0899963378906,259.82000732421875,731800,2026-09-25
2019-10-15,251.16673278808594,267.5400085449219,269.3900146484375,263.010009765625,263.44000244140625,1265400,2026-09-25
2019-10-16,238.8966064453125,254.47000122070312,260.70001220703125,253.52999877929688,260.260009765625,1720200,2026-09-25
2019-10-17,238.23001098632812,253.75999450683594,257.1700134277344,253.25999450683594,256.19000244140625,1543900,2026-09-25
2019-10-18,238.8496551513672,254.4199981689453,255.3000030517578,252.3300018310547,253.99000549316406,1640900,2026-09-25
2019-10-21,244.49180603027344,260.42999267578125,261.0,257.1000061035156,257.7799987792969,790400,2026-09-25
2019-10-22,239.66639709472656,255.2899932861328,260.2699890136719,255.07000732421875,258.80999755859375,797300,2026-09-25
2019-10-23,241.89138793945312,257.6600036621094,257.95001220703125,253.58999633789062,254.85000610351562,917100,2026-09-25
2019-10-24,248.75399780273438,264.9700012207031,265.4800109863281,260.6499938964844,260.79998779296875,642300,2026-09-25
2019-10-25,247.83395385742188,263.989990234375,264.70001220703125,261.8800048828125,262.45001220703125,550500,2026-09-25
2019-10-28,250.1997528076172,266.510009765625,268.3599853515625,265.8800048828125,267.3900146484375,683000,2026-09-25
2019-10-29,248.4066162109375,264.6000061035156,269.260009765625,264.239990234375,268.8800048828125,501900,2026-09-25
2019-10-30,249.3922576904297,265.6499938964844,266.0199890136719,261.0799865722656,263.1600036621094,494700,2026-09-25
2019-10-31,245.93756103515625,261.9700012207031,265.29998779296875,261.32000732421875,265.29998779296875,630600,2026-09-25
2019-11-01,254.0394287109375,270.6000061035156,270.8399963378906,266.1600036621094,267.2099914550781,617600,2026-09-25
2019-11-04,257.5752258300781,273.17999267578125,275.0,272.0799865722656,272.6000061035156,664600,2026-09-25
2019-11-05,256.2740173339844,271.79998779296875,273.92999267578125,271.0,271.82000732421875,382700,2026-09-25
2019-11-06,253.38894653320312,268.739990234375,270.1300048828125,267.80999755859375,269.54998779296875,909500,2026-09-25
2019-11-07,252.361083984375,267.6499938964844,270.7699890136719,267.20001220703125,269.0799865722656,560900,2026-09-25
2019-11-08,252.02163696289062,267.2900085449219,268.20001220703125,264.69000244140625,265.7900085449219,743400,2026-09-25
2019-11-11,251.48423767089844,266.7200012207031,267.489990234375,265.1300048828125,266.1499938964844,451700,2026-09-25
2019-11-12,252.30455017089844,267.5899963378906,269.1499938964844,266.6099853515625,268.20001220703125,336100,2026-09-25
2019-11-13,254.50148010253906,269.9200134277344,270.489990234375,267.30999755859375,268.0299987792969,422800,2026-09-25
2019-11-14,254.3223114013672,269.7300109863281,270.4599914550781,268.1499938964844,268.6499938964844,539200,2026-09-25
2019-11-15,259.2629699707031,274.9700012207031,275.5199890136719,273.5799865722656,274.30999755859375,667900,2026-09-25
2019-11-18,257.8486633300781,273.4700012207031,276.2300109863281,271.80999755859375,273.07000732421875,430700,2026-09-25
2019-11-19,256.0383605957031,271.54998779296875,273.239990234375,270.3999938964844,272.95001220703125,465200,2026-09-25
2019-11-20,253.511474609375,268.8699951171875,272.0,267.0,271.29998779296875,408800,2026-09-25
2019-11-21,251.77650451660156,267.0299987792969,269.510009765625,266.5899963378906,269.45001220703125,652100,2026-09-25
2019-11-22,251.0127716064453,266.2200012207031,270.2300109863281,264.80999755859375,269.8699951171875,616000,2026-09-25
2019-11-25,255.66122436523438,271.1499938964844,271.75,268.1300048828125,268.3599853515625,409800,2026-09-25
2019-11-26,255.9629669189453,271.4700012207031,273.8399963378906,271.2099914550781,273.7200012207031,445600,2026-09-25
2019-11-27,255.97232055664062,271.4800109863281,271.6499938964844,270.0799865722656,271.20001220703125,383300,2026-09-25
2019-11-29,255.1614990234375,270.6199951171875,273.42999267578125,270.42999267578125,273.42999267578125,267600,2026-09-25
2019-12-02,250.4187774658203,265.5899963378906,270.2099914550781,263.9200134277344,270.1099853515625,764600,2026-09-25
2019-12-03,249.71160888671875,264.8399963378906,265.0,261.1099853515625,263.1400146484375,929800,2026-09-25
2019-12-04,254.35060119628906,269.760009765625,270.4100036621094,268.1400146484375,268.9599914550781,447100,2026-09-25
2019-12-05,258.19744873046875,273.8399963378906,275.17999267578125,271.3999938964844,272.80999755859375,639200,2026-09-25
2019-12-06,264.0905456542969,280.0899963378906,281.9700012207031,278.6000061035156,280.79998779296875,724600,2026-09-25
2019-12-09,261.6673278808594,277.5199890136719,282.5,277.42999267578125,282.1199951171875,427200,2026-09-25
2019-12-10,263.1664733886719,279.1099853515625,280.2799987792969,277.2300109863281,277.8900146484375,380000,2026-09-25
2019-12-11,267.8149108886719,284.0400085449219,284.3599853515625,278.44000244140625,278.44000244140625,465600,2026-09-25
2019-12-12,270.83209228515625,287.239990234375,287.2799987792969,281.29998779296875,281.70001220703125,856800,2026-09-25
2019-12-13,273.3306579589844,289.8900146484375,291.8299865722656,287.1099853515625,288.5299987792969,723000,2026-09-25
2019-12-16,276.23480224609375,292.9700012207031,293.95001220703125,291.2300109863281,291.2300109863281,552800,2026-09-25
2019-12-17,277.9979248046875,294.8399963378906,297.0899963378906,293.05999755859375,296.9800109863281,401100,2026-09-25
2019-12-18,275.47100830078125,292.1600036621094,295.6600036621094,291.9100036621094,294.8299865722656,478500,2026-09-25
2019-12-19,275.1505126953125,291.82000732421875,291.8299865722656,289.1400146484375,290.6499938964844,410100,2026-09-25
2019-12-20,276.81927490234375,293.5899963378906,294.3599853515625,292.30999755859375,292.75,824600,2026-09-25
2019-12-23,279.2237243652344,296.1400146484375,297.4200134277344,295.45001220703125,295.5,424900,2026-09-25
2019-12-24,278.08282470703125,294.92999267578125,295.19000244140625,291.29998779296875,293.989990234375,219500,2026-09-25
2019-12-26,279.4123229980469,296.3399963378906,296.54998779296875,294.2300109863281,295.0400085449219,191300,2026-09-25
2019-12-27,279.7234802246094,296.6700134277344,298.5,296.1499938964844,297.45001220703125,317000,2026-09-25
2019-12-30,278.0451354980469,294.8900146484375,296.70001220703125,293.6499938964844,296.4200134277344,338900,2026-09-25
2019-12-31,279.0350646972656,295.94000244140625,296.489990234375,293.3599853515625,294.9800109863281,298900,2026-09-25
2020-01-02,285.53155517578125,302.8299865722656,303.32000732421875,300.6099853515625,301.2699890136719,573600,2026-09-25
2020-01-03,280.93035888671875,297.95001220703125,300.75,297.6600036621094,298.0400085449219,410800,2026-09-25
2020-01-06,278.6957092285156,295.5799865722656,295.7200012207031,292.42999267578125,293.1700134277344,617600,2026-09-25
2020-01-07,281.7223815917969,298.7900085449219,301.2200012207031,297.4100036621094,298.6700134277344,477700,2026-09-25
2020-01-08,284.64532470703125,301.8900146484375,303.19000244140625,299.94000244140625,300.6600036621094,536900,2026-09-25
2020-01-09,284.1644287109375,301.3800048828125,303.9100036621094,300.2699890136719,303.2799987792969,579700,2026-09-25
2020-01-10,279.2613220214844,296.17999267578125,300.510009765625,295.55999755859375,300.04998779296875,447700,2026-09-25
2020-01-13,284.2303161621094,301.45001220703125,301.6199951171875,297.5,298.67999267578125,405700,2026-09-25
2020-01-14,285.26751708984375,302.54998779296875,305.8999938964844,298.4700012207031,299.1499938964844,609600,2026-09-25
2020-01-15,282.9385986328125,300.0799865722656,302.95001220703125,299.75,301.6000061035156,505300,2026-09-25
2020-01-16,283.8814392089844,301.0799865722656,302.94000244140625,299.54998779296875,302.54998779296875,547500,2026-09-25
2020-01-17,282.9009704589844,300.0400085449219,301.04998779296875,299.2699890136719,300.8999938964844,743900,2026-09-25
2020-01-21,281.3545837402344,298.3999938964844,301.25,297.4700012207031,298.1099853515625,573000,2026-09-25
2020-01-22,279.3274230957031,296.25,301.6600036621094,296.010009765625,300.55999755859375,1108600,2026-09-25
2020-01-23,277.5076599121094,294.32000732421875,297.1000061035156,291.55999755859375,296.92999267578125,713000,2026-09-25
2020-01-24,278.931396484375,295.8299865722656,299.3299865722656,294.489990234375,296.8900146484375,977800,2026-09-25
2020-01-27,268.04119873046875,284.2799987792969,288.6199951171875,283.7699890136719,287.1600036621094,889100,2026-09-25
2020-01-28,273.6041259765625,290.17999267578125,290.260009765625,285.1600036621094,286.2300109863281,1636100,2026-09-25
2020-01-29,279.2237243652344,296.1400146484375,298.2900085449219,293.7099914550781,296.07000732421875,965500,2026-09-25
2020-01-30,277.5641784667969,294.3800048828125,294.70001220703125,290.5400085449219,290.7900085449219,794100,2026-09-25
2020-01-31,264.6279602050781,280.6600036621094,288.25,280.1700134277344,288.0,1272600,2026-09-25
2020-02-03,271.6995544433594,288.1600036621094,288.8500061035156,283.32000732421875,283.6300048828125,823200,2026-09-25
2020-02-04,282.13720703125,299.2300109863281,299.260009765625,294.2300109863281,294.9100036621094,795300,2026-09-25
2020-02-05,288.8221740722656,306.32000732421875,307.3500061035156,303.04998779296875,307.3500061035156,1042000,2026-09-25
2020-02-06,291.86761474609375,309.54998779296875,309.6099853515625,306.6199951171875,307.5299987792969,698000,2026-09-25
2020-02-07,287.5492858886719,304.9700012207031,305.6300048828125,303.20001220703125,304.6700134277344,1775900,2026-09-25
2020-02-10,291.9902648925781,309.67999267578125,309.70001220703125,304.0,304.0400085449219,373000,2026-09-25
2020-02-11,297.95867919921875,316.010009765625,316.2699890136719,313.010009765625,313.0400085449219,789900,2026-09-25
2020-02-12,299.3070373535156,317.44000244140625,317.7099914550781,315.25,315.6300048828125,656100,2026-09-25
2020-02-13,299.12774658203125,317.25,318.3699951171875,314.0199890136719,314.95001220703125,742200,2026-09-25
2020-02-14,298.2320861816406,316.29998779296875,319.2200012207031,314.510009765625,317.3699951171875,661400,2026-09-25
2020-02-18,291.518798828125,309.17999267578125,310.2099914550781,306.8900146484375,307.3999938964844,757100,2026-09-25
2020-02-19,299.2598876953125,317.3900146484375,317.6300048828125,311.0,311.1499938964844,1093900,2026-09-25
2020-02-20,295.5637512207031,313.4700012207031,316.5799865722656,310.44000244140625,315.8500061035156,1118400,2026-09-25
2020-02-21,288.5204772949219,306.0,310.8299865722656,304.7300109863281,310.20001220703125,1134600,2026-09-25
2020-02-24,273.8115234375,290.3999938964844,295.2300109863281,288.2699890136719,289.04998779296875,1347400,2026-09-25
2020-02-25,268.33343505859375,284.5899963378906,295.92999267578125,284.44000244140625,295.54998779296875,1166700,2026-09-25
2020-02-26,269.9646301269531,286.32000732421875,292.30999755859375,285.5899963378906,289.45001220703125,861100,2026-09-25
2020-02-27,261.3939208984375,277.2300109863281,286.8500061035156,275.8699951171875,278.8599853515625,1373900,2026-09-25
2020-02-28,260.903564453125,276.7099914550781,277.4599914550781,265.9800109863281,267.80999755859375,1647400,2026-09-25
2020-03-02,271.0677490234375,287.489990234375,287.489990234375,275.4700012207031,279.6199951171875,1081300,2026-09-25
2020-03-03,268.0600891113281,284.29998779296875,296.8500061035156,282.2200012207031,292.92999267578125,1916300,2026-09-25
2020-03-04,284.38116455078125,301.6099853515625,301.989990234375,289.9800109863281,292.3900146484375,1289500,2026-09-25
2020-03-05,271.78436279296875,288.25,295.94000244140625,286.0400085449219,291.0400085449219,1453900,2026-09-25
2020-03-06,271.6523742675781,288.1099853515625,288.239990234375,281.2900085449219,284.4599914550781,1148400,2026-09-25
2020-03-09,248.83474731445312,263.9100036621094,276.3699951171875,263.8599853515625,265.45001220703125,1759600,2026-09-25
2020-03-10,263.779296875,279.760009765625,280.3500061035156,265.0,277.989990234375,1699200,2026-09-25
2020-03-11,249.05162048339844,264.1400146484375,274.3299865722656,260.55999755859375,272.510009765625,1175900,2026-09-25
2020-03-12,226.9977264404297,240.75,254.86000061035156,237.5500030517578,245.4199981689453,2779800,2026-09-25
2020-03-13,242.27235412597656,256.95001220703125,257.8599853515625,233.83999633789062,257.05999755859375,2637200,2026-09-25
2020-03-16,216.25831604003906,229.36000061035156,248.2100067138672,209.6199951171875,220.64999389648438,1496800,2026-09-25
2020-03-17,224.7254180908203,238.33999633789062,239.97999572753906,225.02000427246094,231.5500030517578,1642500,2026-09-25
2020-03-18,185.73739624023438,196.99000549316406,226.2899932861328,191.25,213.36000061035156,3131900,2026-09-25
2020-03-19,201.80404663085938,214.02999877929688,219.24000549316406,200.58999633789062,205.80999755859375,1634600,2026-09-25
2020-03-20,203.75576782226562,216.10000610351562,237.32000732421875,215.58999633789062,225.14999389648438,2316700,2026-09-25
2020-03-23,219.8318328857422,233.14999389648438,235.3000030517578,222.6699981689453,225.3300018310547,1731500,2026-09-25
2020-03-24,245.34609985351562,260.2099914550781,260.5299987792969,250.8000030517578,254.3300018310547,1427600,2026-09-25
2020-03-25,247.09983825683594,262.07000732421875,272.3399963378906,251.9499969482422,260.6700134277344,1211300,2026-09-25
2020-03-26,260.13983154296875,275.8999938964844,277.1400146484375,261.6099853515625,262.8900146484375,1018600,2026-09-25
2020-03-27,238.1896514892578,252.6199951171875,263.7099914550781,251.80999755859375,262.2099914550781,1518300,2026-09-25
2020-03-30,252.71937561035156,268.0299987792969,270.1300048828125,260.69000244140625,263.57000732421875,1142400,2026-09-25
2020-03-31,246.6943817138672,261.6400146484375,268.5899963378906,259.0,268.1199951171875,881800,2026-09-25
2020-04-01,234.785888671875,249.00999450683594,257.67999267578125,247.3800048828125,253.1300048828125,715700,2026-09-25
2020-04-02,233.15469360351562,247.27999877929688,251.9600067138672,242.25,243.8699951171875,788600,2026-09-25
2020-04-03,230.63719177246094,244.61000061035156,248.0,242.47999572753906,246.05999755859375,571700,2026-09-25
2020-04-06,255.642333984375,271.1300048828125,272.7799987792969,259.4200134277344,260.0,807600,2026-09-25
2020-04-07,257.01885986328125,272.5899963378906,281.2799987792969,271.0,280.4599914550781,768200,2026-09-25
2020-04-08,262.6668395996094,278.5799865722656,281.3399963378906,274.4100036621094,278.0299987792969,891700,2026-09-25
2020-04-09,260.9979248046875,276.80999755859375,285.1300048828125,275.1199951171875,282.2200012207031,728900,2026-09-25
2020-04-13,258.44268798828125,274.1000061035156,276.1499938964844,272.010009765625,274.8500061035156,789400,2026-09-25
2020-04-14,272.425537109375,288.92999267578125,294.760009765625,285.04998779296875,286.989990234375,1700600,2026-09-25
2020-04-15,266.3534240722656,282.489990234375,284.5400085449219,275.04998779296875,276.9200134277344,1487600,2026-09-25
2020-04-16,275.69732666015625,292.3999938964844,292.54998779296875,286.1700134277344,289.8299865722656,1212000,2026-09-25
2020-04-17,278.76165771484375,295.6499938964844,301.42999267578125,293.6099853515625,301.25,899100,2026-09-25
2020-04-20,274.92413330078125,291.5799865722656,298.010009765625,291.44000244140625,291.6499938964844,510100,2026-09-25
2020-04-21,265.03338623046875,281.0899963378906,287.54998779296875,278.57000732421875,286.07000732421875,663700,2026-09-25
2020-04-22,278.1206359863281,294.9700012207031,295.4700012207031,288.2300109863281,290.0,596100,2026-09-25
2020-04-23,272.86865234375,289.3999938964844,297.1600036621094,288.30999755859375,290.94000244140625,730500,2026-09-25
2020-04-24,276.56268310546875,291.8399963378906,292.4599914550781,285.9700012207031,289.8900146484375,464200,2026-09-25
2020-04-27,275.6718444824219,290.8999938964844,294.760009765625,290.2799987792969,293.7900085449219,689100,2026-09-25
2020-04-28,276.16461181640625,291.4200134277344,297.5899963378906,291.0899963378906,297.5899963378906,532000,2026-09-25
2020-04-29,287.8112487792969,303.7099914550781,304.760009765625,295.3500061035156,296.29998779296875,968000,2026-09-25
2020-04-30,273.3311462402344,288.42999267578125,301.5299987792969,287.05999755859375,301.3599853515625,846300,2026-09-25
2020-05-01,264.45166015625,279.05999755859375,283.8599853515625,278.20001220703125,283.8599853515625,862800,2026-09-25
2020-05-04,268.35595703125,283.17999267578125,283.2300109863281,275.9599914550781,279.6000061035156,1036900,2026-09-25
2020-05-05,273.2553405761719,288.3500061035156,293.0,284.3299865722656,284.3299865722656,821600,2026-09-25
2020-05-06,276.61944580078125,291.8999938964844,295.7799987792969,290.7900085449219,293.8900146484375,552400,2026-09-25
2020-05-07,283.906982421875,299.5899963378906,300.1199951171875,294.54998779296875,297.94000244140625,570800,2026-09-25
2020-05-08,288.4651184082031,304.3999938964844,304.510009765625,299.44000244140625,300.2200012207031,680600,2026-09-25
2020-05-11,288.4557189941406,304.3900146484375,305.79998779296875,298.3500061035156,298.6000061035156,513600,2026-09-25
2020-05-12,281.1018981933594,296.6300048828125,305.8999938964844,296.239990234375,305.3800048828125,481700,2026-09-25
2020-05-13,278.8274841308594,294.2300109863281,301.4700012207031,290.75,298.489990234375,1142300,2026-09-25
2020-05-14,286.71197509765625,302.54998779296875,303.760009765625,283.30999755859375,286.1700134277344,1296800,2026-09-25
2020-05-15,277.22601318359375,292.5400085449219,296.2200012207031,290.1000061035156,292.75,957200,2026-09-25
2020-05-18,288.9295349121094,304.8900146484375,306.55999755859375,297.6600036621094,297.69000244140625,997000,2026-09-25
2020-05-19,290.21832275390625,306.25,311.989990234375,303.7300109863281,303.82000732421875,687400,2026-09-25
2020-05-20,308.59332275390625,325.6400146484375,326.260009765625,317.54998779296875,318.239990234375,1084900,2026-09-25
2020-05-21,302.2913513183594,318.989990234375,324.4599914550781,317.29998779296875,322.6000061035156,639200,2026-09-25
2020-05-22,302.6420593261719,319.3599853515625,319.5,314.32000732421875,315.9700012207031,365400,2026-09-25
2020-05-26,303.11590576171875,319.8599853515625,325.3800048828125,319.3800048828125,322.4599914550781,540400,2026-09-25
2020-05-27,301.85546875,318.5299987792969,319.6000061035156,311.1099853515625,318.989990234375,808100,2026-09-25
2020-05-28,303.2200927734375,319.9700012207031,329.0799865722656,319.4100036621094,321.260009765625,797900,2026-09-25
2020-05-29,312.26068115234375,329.510009765625,329.9800109863281,324.239990234375,325.45001220703125,649500,2026-09-25
2020-06-01,309.626220703125,326.7300109863281,327.1600036621094,323.5,323.8800048828125,526100,2026-09-25
2020-06-02,317.20751953125,334.7300109863281,335.0199890136719,328.7699890136719,331.69000244140625,717200,2026-09-25
2020-06-03,328.1717224121094,346.29998779296875,347.4599914550781,338.8500061035156,340.510009765625,693900,2026-09-25
2020-06-04,334.6252746582031,353.1099853515625,353.3900146484375,347.0,347.8500061035156,884600,2026-09-25
2020-06-05,338.5201416015625,357.2200012207031,364.1600036621094,356.1600036621094,359.0,899200,2026-09-25
2020-06-08,330.9673156738281,349.25,351.57000732421875,343.1099853515625,350.9700012207031,1001700,2026-09-25
2020-06-09,331.0431213378906,349.3299865722656,353.1400146484375,345.17999267578125,346.6199951171875,737200,2026-09-25
2020-06-10,329.7069091796875,347.9200134277344,353.4200134277344,347.7099914550781,351.010009765625,997900,2026-09-25
2020-06-11,315.4637756347656,332.8900146484375,344.82000732421875,332.79998779296875,341.6000061035156,919300,2026-09-25
2020-06-12,325.11090087890625,343.07000732421875,347.2699890136719,337.25,346.260009765625,845000,2026-09-25
2020-06-15,331.68756103515625,350.010009765625,350.010009765625,336.6300048828125,337.510009765625,598200,2026-09-25
2020-06-16,333.6207580566406,352.04998779296875,355.0,347.0400085449219,351.25,863900,2026-09-25
2020-06-17,343.4384765625,362.4100036621094,365.75,360.4100036621094,361.3800048828125,710400,2026-09-25
2020-06-18,340.09326171875,358.8800048828125,361.79998779296875,356.5199890136719,359.5799865722656,494700,2026-09-25
2020-06-19,341.7895202636719,360.6700134277344,368.1400146484375,359.5899963378906,364.7300109863281,786900,2026-09-25
2020-06-22,345.2200012207031,364.2900085449219,364.92999267578125,359.82000732421875,362.3800048828125,554500,2026-09-25
2020-06-23,347.4469909667969,366.6400146484375,371.79998779296875,366.54998779296875,370.6099853515625,604100,2026-09-25
2020-06-24,342.65191650390625,361.5799865722656,367.55999755859375,359.5299987792969,365.5899963378906,613500,2026-09-25
2020-06-25,347.3616943359375,366.54998779296875,366.92999267578125,358.5799865722656,362.4700012207031,465100,2026-09-25
2020-06-26,342.82244873046875,361.760009765625,368.20001220703125,361.0,367.42999267578125,493000,2026-09-25
2020-06-29,345.7127685546875,364.80999755859375,365.1000061035156,358.1099853515625,362.92999267578125,612800,2026-09-25
2020-06-30,348.76422119140625,368.0299987792969,368.9100036621094,362.19000244140625,362.2200012207031,678600,2026-09-25
2020-07-01,348.34722900390625,367.5899963378906,370.19000244140625,365.2699890136719,368.0299987792969,516600,2026-09-25
2020-07-02,353.6824645996094,373.2200012207031,375.8800048828125,372.4100036621094,373.55999755859375,449400,2026-09-25
2020-07-06,365.2818298339844,385.4599914550781,389.489990234375,383.5,386.2799987792969,752900,2026-09-25
2020-07-07,362.0218200683594,382.0199890136719,388.6099853515625,381.8699951171875,385.3999938964844,410900,2026-09-25
2020-07-08,371.4130554199219,391.92999267578125,392.1499938964844,386.8900146484375,388.8299865722656,599300,2026-09-25
2020-07-09,374.0570373535156,394.7200012207031,395.67999267578125,386.1000061035156,395.45001220703125,644200,2026-09-25
2020-07-10,375.1279296875,395.8500061035156,399.19000244140625,391.95001220703125,399.0799865722656,667200,2026-09-25
2020-07-13,368.27630615234375,388.6199951171875,402.8699951171875,387.8699951171875,397.8599853515625,1083600,2026-09-25
2020-07-14,376.0565185546875,396.8299865722656,397.54998779296875,385.4100036621094,386.6300048828125,880100,2026-09-25
2020-07-15,355.7768249511719,375.42999267578125,387.69000244140625,372.510009765625,387.1700134277344,1640300,2026-09-25
2020-07-16,365.05438232421875,385.2200012207031,393.8599853515625,372.82000732421875,374.1000061035156,2240900,2026-09-25
2020-07-17,363.5096435546875,383.5899963378906,387.04998779296875,380.1099853515625,385.42999267578125,1048700,2026-09-25
2020-07-20,370.9866943359375,391.4800109863281,392.4700012207031,382.0799865722656,383.9100036621094,972600,2026-09-25
2020-07-21,363.7276306152344,383.82000732421875,392.2900085449219,383.1600036621094,392.1400146484375,823700,2026-09-25
2020-07-22,372.048095703125,392.6000061035156,394.54998779296875,389.75,392.6199951171875,710100,2026-09-25
2020-07-23,364.11614990234375,384.2300109863281,394.2099914550781,381.8900146484375,390.04998779296875,990800,2026-09-25
2020-07-24,348.4325256347656,367.67999267578125,375.1600036621094,366.7699890136719,371.010009765625,1628900,2026-09-25
2020-07-27,361.79443359375,381.7799987792969,383.7900085449219,376.260009765625,377.989990234375,1080300,2026-09-25
2020-07-28,356.65814208984375,376.3599853515625,381.739990234375,376.19000244140625,381.1099853515625,502000,2026-09-25
2020-07-29,345.5326843261719,364.6199951171875,366.1600036621094,361.69000244140625,365.0,1446700,2026-09-25
2020-07-30,343.7417297363281,362.7300109863281,362.82000732421875,354.8599853515625,355.8500061035156,1010400,2026-09-25
2020-07-31,335.20330810546875,353.7200012207031,362.1600036621094,350.739990234375,361.95001220703125,954900,2026-09-25
2020-08-03,347.41851806640625,366.6099853515625,367.1499938964844,359.82000732421875,361.0199890136719,862400,2026-09-25
2020-08-04,350.94384765625,370.3299865722656,371.8699951171875,368.20001220703125,368.42999267578125,833400,2026-09-25
2020-08-05,349.2190856933594,368.510009765625,373.2099914550781,366.7099914550781,371.010009765625,591300,2026-09-25
2020-08-06,349.90130615234375,369.2300109863281,369.55999755859375,364.17999267578125,368.04998779296875,402100,2026-09-25
2020-08-07,346.9068603515625,366.07000732421875,371.1700134277344,362.3299865722656,370.739990234375,572500,2026-09-25
2020-08-10,346.28131103515625,365.4100036621094,366.7799987792969,359.5400085449219,364.760009765625,547900,2026-09-25
2020-08-11,342.39605712890625,361.30999755859375,369.3699951171875,360.6600036621094,366.0400085449219,627000,2026-09-25
2020-08-12,355.1893310546875,374.80999755859375,376.0299987792969,365.6400146484375,366.5899963378906,565400,2026-09-25
2020-08-13,355.1418762207031,374.760009765625,378.1400146484375,373.0,376.5799865722656,470700,2026-09-25
2020-08-14,351.6734924316406,371.1000061035156,374.1499938964844,369.6700134277344,371.0799865722656,543900,2026-09-25
2020-08-17,358.69561767578125,378.510009765625,380.5,376.25,376.6600036621094,428200,2026-09-25
2020-08-18,357.4732360839844,377.2200012207031,383.9800109863281,376.989990234375,383.6099853515625,466500,2026-09-25
2020-08-19,355.3125,374.94000244140625,380.42999267578125,373.9599914550781,380.3900146484375,354400,2026-09-25
2020-08-20,352.6875305175781,372.1700134277344,373.3800048828125,368.3800048828125,369.5400085449219,498200,2026-09-25
2020-08-21,352.6401062011719,372.1199951171875,372.1300048828125,365.5400085449219,366.1499938964844,605400,2026-09-25
2020-08-24,358.2027893066406,377.989990234375,380.79998779296875,374.5299987792969,380.25,590700,2026-09-25
2020-08-25,360.8940734863281,380.8299865722656,380.8299865722656,376.2699890136719,379.29998779296875,378200,2026-09-25
2020-08-26,365.7176513671875,385.9200134277344,386.6700134277344,380.0799865722656,380.0899963378906,417600,2026-09-25
2020-08-27,356.5254821777344,376.2200012207031,386.79998779296875,373.239990234375,386.7200012207031,636100,2026-09-25
2020-08-28,359.6053466796875,379.4700012207031,379.8900146484375,374.79998779296875,376.1199951171875,490200,2026-09-25
2020-08-31,354.5922546386719,374.17999267578125,378.44000244140625,373.30999755859375,375.9200134277344,533300,2026-09-25
2020-09-01,366.64642333984375,386.8999938964844,386.8999938964844,382.3299865722656,384.1099853515625,634500,2026-09-25
2020-09-02,377.6297302246094,398.489990234375,401.1499938964844,390.489990234375,395.6600036621094,904300,2026-09-25
2020-09-03,356.4686279296875,376.1600036621094,389.30999755859375,370.0799865722656,389.1000061035156,1258500,2026-09-25
2020-09-04,348.1861572265625,367.4200134277344,371.0,352.8599853515625,365.5,1206300,2026-09-25
2020-09-08,329.1668701171875,347.3500061035156,353.3900146484375,343.25,345.3699951171875,1541000,2026-09-25
2020-09-09,340.5574645996094,359.3699951171875,361.5400085449219,353.510009765625,357.9700012207031,847300,2026-09-25
2020-09-10,338.3116455078125,357.0,366.80999755859375,355.0299987792969,364.2699890136719,678600,2026-09-25
2020-09-11,340.42486572265625,359.2300109863281,367.1499938964844,357.5899963378906,364.0,678700,2026-09-25
2020-09-14,348.6788635253906,367.94000244140625,369.9800109863281,365.3599853515625,369.7699890136719,575700,2026-09-25
2020-09-15,350.8680114746094,370.25,374.760009765625,369.1000061035156,374.54998779296875,717100,2026-09-25
2020-09-16,343.4100036621094,362.3800048828125,372.9800109863281,362.3599853515625,372.0,973900,2026-09-25
2020-09-17,347.541748046875,366.739990234375,367.6300048828125,355.1400146484375,355.510009765625,901000,2026-09-25
2020-09-18,347.16265869140625,366.3399963378906,370.9100036621094,359.92999267578125,370.2900085449219,912200,2026-09-25
2020-09-21,343.6374816894531,362.6199951171875,363.0,352.57000732421875,355.30999755859375,657900,2026-09-25
2020-09-22,345.5516662597656,364.6400146484375,365.1000061035156,358.7300109863281,363.989990234375,971200,2026-09-25
2020-09-23,338.8423156738281,357.55999755859375,366.5799865722656,356.92999267578125,365.2099914550781,709800,2026-09-25
2020-09-24,341.3061828613281,360.1600036621094,363.5899963378906,353.67999267578125,354.6499938964844,768400,2026-09-25
2020-09-25,341.6094970703125,360.4800109863281,361.1099853515625,351.0899963378906,352.82000732421875,724100,2026-09-25
2020-09-28,351.6355895996094,371.05999755859375,371.489990234375,364.3500061035156,365.8999938964844,821900,2026-09-25
2020-09-29,354.4216613769531,374.0,375.8800048828125,369.57000732421875,370.07000732421875,608800,2026-09-25
2020-09-30,349.93927001953125,369.2699890136719,373.25,367.5,368.7799987792969,867800,2026-09-25
2020-10-01,362.0124206542969,382.010009765625,382.6499938964844,374.4200134277344,375.5299987792969,891600,2026-09-25
2020-10-02,350.631103515625,370.0,375.7200012207031,370.0,372.3999938964844,711600,2026-09-25
2020-10-05,362.1071472167969,382.1099853515625,382.3999938964844,374.9100036621094,375.1499938964844,649900,2026-09-25
2020-10-06,350.7353210449219,370.1099853515625,377.3800048828125,368.55999755859375,374.20001220703125,686600,2026-09-25
2020-10-07,356.12744140625,375.79998779296875,376.5299987792969,371.6300048828125,374.42999267578125,550900,2026-09-25
2020-10-08,360.9510498046875,380.8900146484375,380.95001220703125,376.44000244140625,376.7699890136719,686700,2026-09-25
2020-10-09,368.62701416015625,388.989990234375,389.9800109863281,385.7699890136719,385.79998779296875,539300,2026-09-25
2020-10-12,378.15087890625,399.0400085449219,401.0,395.42999267578125,395.42999267578125,840300,2026-09-25
2020-10-13,383.9410095214844,405.1499938964844,409.1099853515625,398.2799987792969,401.510009765625,1027900,2026-09-25
2020-10-14,377.1938171386719,398.0299987792969,406.0,395.5,402.6400146484375,954800,2026-09-25
2020-10-15,366.3336181640625,386.57000732421875,387.9200134277344,380.7200012207031,383.79998779296875,786200,2026-09-25
2020-10-16,366.64642333984375,386.8999938964844,392.3800048828125,385.8699951171875,390.760009765625,594500,2026-09-25
2020-10-19,365.1396179199219,385.30999755859375,392.2699890136719,383.7900085449219,392.19000244140625,392700,2026-09-25
2020-10-20,364.8078918457031,384.9599914550781,389.2699890136719,384.260009765625,386.82000732421875,356800,2026-09-25
2020-10-21,362.9505920410156,383.0,389.2900085449219,382.9800109863281,385.6499938964844,359100,2026-09-25
2020-10-22,355.8431091308594,375.5,382.0899963378906,375.3999938964844,381.1000061035156,611700,2026-09-25
2020-10-23,358.74298095703125,378.55999755859375,379.55999755859375,374.1400146484375,378.8399963378906,467600,2026-09-25
2020-10-26,348.2524108886719,367.489990234375,374.8800048828125,364.0,371.54998779296875,900400,2026-09-25
2020-10-27,347.191162109375,366.3699951171875,370.5400085449219,364.4599914550781,368.4100036621094,968700,2026-09-25
2020-10-28,343.8648681640625,362.8599853515625,365.07000732421875,357.3800048828125,359.4700012207031,953100,2026-09-25
2020-10-29,351.446044921875,370.8599853515625,373.79998779296875,362.2200012207031,363.3399963378906,808800,2026-09-25
2020-10-30,342.30126953125,361.2099914550781,365.8299865722656,359.010009765625,363.80999755859375,821100,2026-09-25
2020-11-02,347.4345397949219,365.2099914550781,368.32000732421875,361.7200012207031,364.4800109863281,893200,2026-09-25
2020-11-03,353.9512023925781,372.05999755859375,376.3900146484375,367.8599853515625,368.4599914550781,813500,2026-09-25
2020-11-04,364.3587646484375,383.0,384.9599914550781,372.32000732421875,373.6600036621094,2451500,2026-09-25
2020-11-05,378.8093566894531,398.19000244140625,399.67999267578125,393.4599914550781,397.20001220703125,1115500,2026-09-25
2020-11-06,386.4676208496094,406.239990234375,407.5,398.19000244140625,402.1000061035156,710700,2026-09-25
2020-11-09,386.5531921386719,406.3299865722656,420.6499938964844,406.32000732421875,417.0400085449219,1273700,2026-09-25
2020-11-10,379.8653564453125,399.29998779296875,410.1099853515625,397.9800109863281,409.1199951171875,1323100,2026-09-25
2020-11-11,397.7027893066406,418.04998779296875,418.6400146484375,407.2799987792969,407.3999938964844,933300,2026-09-25
2020-11-12,392.6322021484375,412.7200012207031,421.17999267578125,412.010009765625,419.0,800800,2026-09-25
2020-11-13,399.16778564453125,419.5899963378906,421.3800048828125,416.3800048828125,419.57000732421875,582700,2026-09-25
2020-11-16,405.7509460449219,426.510009765625,426.6499938964844,419.6300048828125,419.95001220703125,547300,2026-09-25
2020-11-17,405.72247314453125,426.4800109863281,427.45001220703125,422.25,424.9200134277344,524600,2026-09-25
2020-11-18,403.182373046875,423.80999755859375,427.3599853515625,421.0199890136719,424.1199951171875,543600,2026-09-25
2020-11-19,402.7543640136719,423.3599853515625,423.3800048828125,416.8699951171875,417.30999755859375,914100,2026-09-25
2020-11-20,402.9731140136719,423.5899963378906,428.3999938964844,423.5199890136719,424.0400085449219,484000,2026-09-25
2020-11-23,406.35986328125,427.1499938964844,429.6400146484375,421.95001220703125,427.989990234375,596000,2026-09-25
2020-11-24,403.62005615234375,424.2699890136719,427.6099853515625,423.0199890136719,425.4200134277344,610400,2026-09-25
2020-11-25,402.86846923828125,423.4800109863281,424.67999267578125,420.75,423.260009765625,308200,2026-09-25
2020-11-27,416.46295166015625,437.7699890136719,438.7200012207031,428.7799987792969,429.3299865722656,432500,2026-09-25
2020-11-30,416.42498779296875,437.7300109863281,441.2900085449219,433.6700134277344,440.5400085449219,508500,2026-09-25
2020-12-01,427.374755859375,449.239990234375,451.7300109863281,444.4800109863281,447.1000061035156,685100,2026-09-25
2020-12-02,429.0491027832031,451.0,452.1099853515625,444.260009765625,447.1600036621094,1050700,2026-09-25
2020-12-03,430.8565673828125,452.8999938964844,459.2200012207031,452.30999755859375,457.010009765625,677900,2026-09-25
2020-12-04,441.7873840332031,464.3900146484375,464.5,453.4700012207031,454.0,660800,2026-09-25
2020-12-07,446.8674011230469,469.7300109863281,471.010009765625,464.1000061035156,464.55999755859375,632900,2026-09-25
2020-12-08,445.76397705078125,468.57000732421875,470.8500061035156,464.94000244140625,465.9200134277344,738800,2026-09-25
2020-12-09,430.8470764160156,452.8900146484375,465.9599914550781,450.5199890136719,463.79998779296875,868800,2026-09-25
2020-12-10,435.5180969238281,457.79998779296875,458.8800048828125,449.1199951171875,451.1400146484375,539300,2026-09-25
2020-12-11,430.5997314453125,452.6300048828125,457.1499938964844,451.8399963378906,453.80999755859375,512100,2026-09-25
2020-12-14,430.94219970703125,452.989990234375,456.82000732421875,452.1700134277344,452.3399963378906,546100,2026-09-25
2020-12-15,446.45831298828125,469.29998779296875,469.6199951171875,461.8900146484375,464.510009765625,639200,2026-09-25
2020-12-16,448.5798034667969,471.5299987792969,472.239990234375,465.010009765625,467.989990234375,524900,2026-09-25
2020-12-17,454.0689392089844,477.29998779296875,481.32000732421875,476.010009765625,478.7300109863281,477300,2026-09-25
2020-12-18,454.0118713378906,477.239990234375,479.45001220703125,474.32000732421875,478.489990234375,730700,2026-09-25
2020-12-21,449.2743225097656,472.260009765625,472.2799987792969,459.4800109863281,460.260009765625,622800,2026-09-25
2020-12-22,453.0035095214844,476.17999267578125,478.6199951171875,472.95001220703125,473.4800109863281,431300,2026-09-25
2020-12-23,451.5194396972656,474.6199951171875,480.3900146484375,474.20001220703125,478.94000244140625,389200,2026-09-25
2020-12-24,459.57720947265625,483.0899963378906,484.6000061035156,477.0799865722656,478.95001220703125,271900,2026-09-25
2020-12-28,456.8658752441406,480.239990234375,488.7200012207031,478.42999267578125,487.1400146484375,449300,2026-09-25
2020-12-29,460.4524230957031,484.010009765625,489.45001220703125,482.510009765625,489.45001220703125,377200,2026-09-25
2020-12-30,466.06524658203125,489.9100036621094,492.6600036621094,488.0,488.1300048828125,381900,2026-09-25
2020-12-31,463.9818420410156,487.7200012207031,490.5199890136719,483.45001220703125,490.0,312700,2026-09-25
2021-01-04,475.6640930175781,500.0,504.75,490.7099914550781,499.989990234375,1527600,2026-09-25
2021-01-05,480.7632751464844,505.3599853515625,505.3599853515625,493.8900146484375,494.1600036621094,1029900,2026-09-25
2021-01-06,466.3600769042969,490.2200012207031,499.8399963378906,489.739990234375,491.8500061035156,977900,2026-09-25
2021-01-07,477.0245361328125,501.42999267578125,503.2200012207031,495.5199890136719,495.9700012207031,936200,2026-09-25
2021-01-08,483.9787292480469,508.739990234375,514.280029296875,501.7099914550781,512.5900268554688,734500,2026-09-25
2021-01-11,483.22723388671875,507.95001220703125,508.9100036621094,499.42999267578125,500.5,703000,2026-09-25
2021-01-12,488.9161682128906,513.9299926757812,514.7899780273438,503.5,507.1000061035156,651700,2026-09-25
2021-01-13,489.0397644042969,514.0599975585938,515.6099853515625,509.3800048828125,511.2099914550781,513700,2026-09-25
2021-01-14,518.1409912109375,544.6500244140625,546.4000244140625,529.8900146484375,530.1599731445312,1450300,2026-09-25
2021-01-15,501.82568359375,527.5,536.8499755859375,525.3599853515625,532.3099975585938,869200,2026-09-25
2021-01-19,522.7549438476562,549.5,550.47998046875,530.6099853515625,533.0,1504000,2026-09-25
2021-01-20,522.6406860351562,549.3800048828125,558.1599731445312,543.1599731445312,555.5700073242188,1121900,2026-09-25
2021-01-21,542.9611206054688,570.739990234375,573.7999877929688,565.6099853515625,568.0,1272100,2026-09-25
2021-01-22,541.7337646484375,569.4500122070312,570.7100219726562,562.7899780273438,563.489990234375,901600,2026-09-25
2021-01-25,539.983642578125,567.6099853515625,568.219970703125,554.1199951171875,562.1500244140625,966500,2026-09-25
2021-01-26,522.2792358398438,549.0,563.6500244140625,548.4400024414062,563.1799926757812,887700,2026-09-25
2021-01-27,499.0953063964844,524.6300048828125,539.52001953125,522.5,534.969970703125,1506800,2026-09-25
2021-01-28,520.5856323242188,547.219970703125,553.8400268554688,537.3800048828125,542.1099853515625,968600,2026-09-25
2021-01-29,508.16143798828125,534.1599731445312,543.5,528.2999877929688,540.9600219726562,867300,2026-09-25
2021-02-01,527.40673828125,554.3900146484375,555.469970703125,544.530029296875,547.4000244140625,849600,2026-09-25
2021-02-02,526.5602416992188,553.5,556.7899780273438,549.4500122070312,553.780029296875,721600,2026-09-25
2021-02-03,516.4857177734375,542.9099731445312,551.719970703125,541.9500122070312,551.2899780273438,635400,2026-09-25
2021-02-04,528.4057006835938,555.4400024414062,555.97998046875,544.280029296875,546.9600219726562,554500,2026-09-25
2021-02-05,525.90380859375,552.8099975585938,556.1400146484375,551.02001953125,554.9600219726562,461700,2026-09-25
2021-02-08,536.5491943359375,564.0,566.9299926757812,557.969970703125,557.969970703125,716900,2026-09-25
2021-02-09,537.976318359375,565.5,571.9299926757812,565.5,566.5399780273438,483300,2026-09-25
2021-02-10,539.298583984375,566.8900146484375,573.0599975585938,559.7000122070312,571.4299926757812,458600,2026-09-25
2021-02-11,562.7201538085938,591.510009765625,591.7899780273438,573.8300170898438,574.6300048828125,975400,2026-09-25
2021-02-12,568.8848876953125,597.989990234375,601.4600219726562,589.1500244140625,591.969970703125,732400,2026-09-25
2021-02-16,573.7841186523438,603.1400146484375,608.7100219726562,599.1699829101562,605.5800170898438,621600,2026-09-25
2021-02-17,558.9815063476562,587.5800170898438,598.47998046875,581.4600219726562,598.3499755859375,825100,2026-09-25
2021-02-18,554.1297607421875,582.47998046875,589.4600219726562,576.0499877929688,584.3599853515625,716800,2026-09-25
2021-02-19,565.4695434570312,594.4000244140625,600.75,589.3900146484375,591.8400268554688,821500,2026-09-25
2021-02-22,550.3434448242188,578.5,590.1199951171875,576.5,587.6199951171875,753400,2026-09-25
2021-02-23,548.0316162109375,576.0700073242188,579.1799926757812,560.1300048828125,571.719970703125,1004800,2026-09-25
2021-02-24,566.0497436523438,595.010009765625,595.9600219726562,565.5499877929688,573.3400268554688,1023000,2026-09-25
2021-02-25,532.5250244140625,559.77001953125,586.4000244140625,559.6599731445312,582.6300048828125,1288900,2026-09-25
2021-02-26,539.4886474609375,567.0900268554688,573.489990234375,560.7000122070312,572.3400268554688,946500,2026-09-25
2021-03-01,555.1476440429688,583.5499877929688,584.3599853515625,568.8599853515625,572.3699951171875,679500,2026-09-25
2021-03-02,535.73095703125,563.1400146484375,579.8699951171875,563.0,579.030029296875,696100,2026-09-25
2021-03-03,517.1420288085938,543.5999755859375,565.9500122070312,541.2000122070312,564.5900268554688,1006900,2026-09-25
2021-03-04,485.653076171875,510.5,541.3300170898438,502.0899963378906,537.8499755859375,1702500,2026-09-25
2021-03-05,501.3880310058594,527.0399780273438,530.8499755859375,508.3299865722656,527.969970703125,1370100,2026-09-25
2021-03-08,477.7475891113281,502.19000244140625,529.1699829101562,501.1099853515625,526.4400024414062,1180700,2026-09-25
2021-03-09,513.2605590820312,539.52001953125,543.2100219726562,524.9500122070312,527.6400146484375,1240500,2026-09-25
2021-03-10,497.8585205078125,523.3300170898438,541.8200073242188,521.1099853515625,540.0800170898438,876500,2026-09-25
2021-03-11,517.9031372070312,544.4000244140625,548.489990234375,540.010009765625,546.989990234375,1009700,2026-09-25
2021-03-12,511.462646484375,537.6300048828125,539.0800170898438,528.5999755859375,534.1199951171875,714900,2026-09-25
2021-03-15,520.557373046875,547.1900024414062,547.7999877929688,536.010009765625,538.6699829101562,582400,2026-09-25
2021-03-16,522.6406860351562,549.3800048828125,555.72998046875,545.9600219726562,546.3800048828125,651600,2026-09-25
2021-03-17,532.334716796875,559.5700073242188,566.0499877929688,542.8599853515625,548.219970703125,841400,2026-09-25
2021-03-18,512.9465942382812,539.1900024414062,552.47998046875,539.02001953125,547.97998046875,790000,2026-09-25
2021-03-19,520.7759399414062,547.4199829101562,557.0900268554688,541.3099975585938,544.6900024414062,1404600,2026-09-25
2021-03-22,547.9555053710938,575.989990234375,577.989990234375,563.8300170898438,567.6400146484375,1216800,2026-09-25
2021-03-23,531.6687622070312,558.8699951171875,571.280029296875,555.5,569.52001953125,866300,2026-09-25
2021-03-24,550.4196166992188,578.5800170898438,594.469970703125,578.0,587.1799926757812,2121400,2026-09-25
2021-03-25,555.57568359375,584.0,585.8400268554688,569.0900268554688,570.9099731445312,1088900,2026-09-25
2021-03-26,595.2175903320312,625.6699829101562,627.2999877929688,588.6900024414062,588.6900024414062,1933600,2026-09-25
2021-03-29,578.4075927734375,608.0,616.8599853515625,601.4400024414062,614.760009765625,1214900,2026-09-25
2021-03-30,572.0241088867188,601.2899780273438,606.260009765625,595.52001953125,599.9199829101562,1071600,2026-09-25
2021-03-31,587.3119506835938,617.3599853515625,620.9400024414062,605.2000122070312,606.1599731445312,1579600,2026-09-25
2021-04-01,606.0911865234375,637.0999755859375,639.489990234375,619.75,619.7999877929688,1908300,2026-09-25
2021-04-05,609.3162841796875,640.489990234375,653.0,638.030029296875,651.6500244140625,1529800,2026-09-25
2021-04-06,597.43408203125,628.0,635.75,618.3800048828125,633.4099731445312,1281900,2026-09-25
2021-04-07,596.0643310546875,626.5599975585938,631.4000244140625,622.1900024414062,627.1599731445312,820600,2026-09-25
2021-04-08,608.7357788085938,639.8800048828125,641.5900268554688,632.75,635.9600219726562,865900,2026-09-25
2021-04-09,603.4465942382812,634.3200073242188,638.7100219726562,628.5499877929688,634.3400268554688,631100,2026-09-25
2021-04-12,599.745849609375,630.4299926757812,631.5800170898438,620.6199951171875,631.5599975585938,739500,2026-09-25
2021-04-13,598.4996948242188,629.1199951171875,636.739990234375,623.719970703125,635.6300048828125,710500,2026-09-25
2021-04-14,600.2786865234375,630.989990234375,641.0900268554688,627.0399780273438,635.6699829101562,718000,2026-09-25
2021-04-15,610.8385009765625,642.0900268554688,642.9000244140625,627.52001953125,633.780029296875,980400,2026-09-25
2021-04-16,614.2632446289062,645.6900024414062,647.9400024414062,638.47998046875,640.260009765625,605200,2026-09-25
2021-04-19,599.4414672851562,630.1099853515625,639.260009765625,622.4500122070312,637.6400146484375,1138900,2026-09-25
2021-04-20,586.9124755859375,616.9400024414062,627.7899780273438,612.780029296875,626.030029296875,988000,2026-09-25
2021-04-21,623.5863037109375,655.489990234375,655.8400268554688,635.9299926757812,637.719970703125,2160900,2026-09-25
2021-04-22,615.5950927734375,647.0900268554688,665.8699951171875,640.47998046875,664.1699829101562,1233400,2026-09-25
2021-04-23,638.255615234375,670.9099731445312,671.280029296875,658.3699951171875,659.219970703125,1109600,2026-09-25
2021-04-26,637.8085327148438,670.4400024414062,675.6500244140625,666.9600219726562,666.9600219726562,801000,2026-09-25
2021-04-27,640.0631713867188,672.8099975585938,674.8400268554688,661.7899780273438,670.3300170898438,678200,2026-09-25
2021-04-28,632.9567260742188,665.3400268554688,670.8599853515625,661.280029296875,664.4500122070312,571300,2026-09-25
2021-04-29,630.23583984375,662.47998046875,666.6300048828125,654.0599975585938,666.2899780273438,504300,2026-09-25
2021-04-30,616.5557861328125,648.0999755859375,661.0499877929688,645.7000122070312,654.27001953125,575200,2026-09-25
2021-05-03,624.3792114257812,654.4299926757812,658.0800170898438,647.7100219726562,657.7100219726562,672000,2026-09-25
2021-05-04,600.1170043945312,629.0,639.22998046875,615.9099731445312,635.6699829101562,1505800,2026-09-25
2021-05-05,612.4055786132812,641.8800048828125,651.97998046875,635.8200073242188,642.0,948200,2026-09-25
2021-05-06,614.7527465820312,644.3400268554688,644.6400146484375,629.9299926757812,638.3300170898438,618200,2026-09-25
2021-05-07,628.3292236328125,658.5700073242188,661.2899780273438,647.7100219726562,651.780029296875,573700,2026-09-25
2021-05-10,598.4569702148438,627.260009765625,648.6400146484375,626.52001953125,648.2999877929688,882700,2026-09-25
2021-05-11,601.7007446289062,630.6599731445312,633.6599731445312,614.6099853515625,616.1199951171875,891200,2026-09-25
2021-05-12,574.2423706054688,601.8800048828125,619.7100219726562,600.260009765625,615.0,1107700,2026-09-25
2021-05-13,594.4784545898438,623.0900268554688,628.75,611.8099975585938,621.6400146484375,1436100,2026-09-25
2021-05-14,618.015625,647.760009765625,651.1400146484375,625.4099731445312,630.1400146484375,1331000,2026-09-25
2021-05-17,606.1754760742188,635.3499755859375,636.0800170898438,623.2999877929688,631.8900146484375,929400,2026-09-25
2021-05-18,603.1605224609375,632.1900024414062,643.760009765625,631.6099853515625,641.4000244140625,644700,2026-09-25
2021-05-19,601.8152465820312,630.780029296875,630.97998046875,606.6400146484375,608.010009765625,1049600,2026-09-25
2021-05-20,618.9790649414062,648.77001953125,652.25,631.75,632.6900024414062,1086900,2026-09-25
2021-05-21,609.86767578125,639.219970703125,647.3599853515625,636.1799926757812,645.8599853515625,847500,2026-09-25
2021-05-24,628.6917724609375,658.9500122070312,662.260009765625,645.760009765625,647.5,794000,2026-09-25
2021-05-25,641.419189453125,672.2899780273438,679.4400024414062,667.280029296875,671.1699829101562,1088800,2026-09-25
2021-05-26,635.1985473632812,665.77001953125,669.5399780273438,659.8599853515625,667.219970703125,597100,2026-09-25
2021-05-27,634.5499267578125,665.0900268554688,667.8599853515625,658.9299926757812,661.0,652600,2026-09-25
2021-05-28,644.453125,675.469970703125,675.97998046875,666.9400024414062,669.030029296875,610700,2026-09-25
2021-06-01,640.9517211914062,671.7999877929688,688.0900268554688,668.52001953125,684.739990234375,1292000,2026-09-25
2021-06-02,643.1365356445312,674.0900268554688,678.72998046875,668.77001953125,670.52001953125,596800,2026-09-25
2021-06-03,635.3131103515625,665.8900146484375,670.4099731445312,660.1099853515625,667.3499755859375,612100,2026-09-25
2021-06-04,651.9237060546875,683.2999877929688,684.02001953125,673.0900268554688,674.8099975585938,531000,2026-09-25
2021-06-07,650.6642456054688,681.97998046875,684.4099731445312,676.47998046875,680.1799926757812,594300,2026-09-25
2021-06-08,649.4716186523438,680.72998046875,692.1199951171875,676.5499877929688,690.6699829101562,562800,2026-09-25
2021-06-09,651.2462158203125,682.5900268554688,688.0599975585938,680.8099975585938,685.0,440700,2026-09-25
2021-06-10,667.7994384765625,699.9400024414062,704.780029296875,686.5599975585938,689.3599853515625,800100,2026-09-25
2021-06-11,665.0233154296875,697.030029296875,698.9400024414062,691.3499755859375,698.2000122070312,445100,2026-09-25
2021-06-14,676.7584228515625,709.3300170898438,709.6300048828125,695.5399780273438,699.510009765625,636600,2026-09-25
2021-06-15,669.5550537109375,701.780029296875,710.969970703125,696.8699951171875,707.5999755859375,510700,2026-09-25
2021-06-16,666.9503173828125,699.0499877929688,709.969970703125,693.7000122070312,706.0499877929688,590900,2026-09-25
2021-06-17,666.7405395507812,698.8300170898438,704.530029296875,691.0999755859375,691.3599853515625,746700,2026-09-25
2021-06-18,640.2551879882812,671.0700073242188,687.2000122070312,668.5700073242188,685.3499755859375,1669900,2026-09-25
2021-06-21,649.3953247070312,680.6500244140625,681.9500122070312,672.4000244140625,678.5,565500,2026-09-25
2021-06-22,654.318359375,685.8099975585938,687.5700073242188,676.260009765625,680.489990234375,542200,2026-09-25
2021-06-23,650.349365234375,681.6500244140625,689.22998046875,679.5499877929688,686.530029296875,523400,2026-09-25
2021-06-24,663.08642578125,695.0,697.9600219726562,690.6699829101562,691.6699829101562,469400,2026-09-25
2021-06-25,654.7000732421875,686.2100219726562,695.5599975585938,685.969970703125,693.9299926757812,431200,2026-09-25
2021-06-28,671.7781372070312,704.1099853515625,705.7999877929688,698.6699829101562,698.9299926757812,623900,2026-09-25
2021-06-29,671.367919921875,703.6799926757812,705.27001953125,698.2000122070312,699.9500122070312,400000,2026-09-25
2021-06-30,659.117431640625,690.8400268554688,696.5700073242188,686.5900268554688,694.5999755859375,767500,2026-09-25
2021-07-01,648.1167602539062,679.3099975585938,691.6799926757812,674.530029296875,687.239990234375,997500,2026-09-25
2021-07-02,655.968994140625,687.5399780273438,689.8699951171875,683.7000122070312,688.489990234375,449700,2026-09-25
2021-07-06,654.3756713867188,685.8699951171875,693.5499877929688,676.7000122070312,689.4400024414062,788700,2026-09-25
2021-07-07,658.4876098632812,690.1799926757812,695.719970703125,684.3699951171875,694.0399780273438,442900,2026-09-25
2021-07-08,642.7550048828125,673.6900024414062,675.5999755859375,664.8300170898438,670.97998046875,849400,2026-09-25
2021-07-09,659.613525390625,691.3599853515625,693.0,678.9299926757812,683.969970703125,583600,2026-09-25
2021-07-12,675.3081665039062,707.8099975585938,708.510009765625,699.1699829101562,700.0,618500,2026-09-25
2021-07-13,673.9819946289062,706.4199829101562,710.6599731445312,703.5999755859375,706.25,623300,2026-09-25
2021-07-14,683.6087646484375,716.510009765625,723.010009765625,712.8800048828125,719.97998046875,852000,2026-09-25
2021-07-15,671.6159057617188,703.9400024414062,713.27001953125,696.8400268554688,712.5700073242188,729400,2026-09-25
2021-07-16,655.8544311523438,687.4199829101562,706.989990234375,686.8699951171875,702.8800048828125,578300,2026-09-25
2021-07-19,652.5914916992188,684.0,684.3200073242188,671.5900268554688,673.8499755859375,855300,2026-09-25
2021-07-20,652.63916015625,684.0499877929688,688.6599731445312,672.9299926757812,676.8599853515625,805600,2026-09-25
2021-07-21,687.8923950195312,721.0,721.0900268554688,700.6900024414062,705.9400024414062,1281300,2026-09-25
2021-07-22,696.4027709960938,729.9199829101562,740.0599975585938,724.2000122070312,733.0,946000,2026-09-25
2021-07-23,713.7862548828125,748.1400146484375,756.780029296875,743.0900268554688,747.7899780273438,1069800,2026-09-25
2021-07-26,719.463134765625,754.0900268554688,759.0,748.3800048828125,758.2000122070312,691800,2026-09-25
2021-07-27,711.36279296875,745.5999755859375,752.1500244140625,733.0599975585938,751.1699829101562,881200,2026-09-25
2021-07-28,724.9679565429688,759.8599853515625,761.0399780273438,745.4000244140625,750.0,716500,2026-09-25
2021-07-29,730.54931640625,765.7100219726562,767.8900146484375,759.8599853515625,761.6300048828125,634000,2026-09-25
2021-07-30,731.5321044921875,766.739990234375,768.7000122070312,756.7899780273438,760.77001953125,488200,2026-09-25
2021-08-02,734.30859375,769.6500244140625,775.8400268554688,768.4099731445312,770.8099975585938,499900,2026-09-25
2021-08-03,743.73486328125,779.530029296875,780.4500122070312,767.510009765625,770.530029296875,533700,2026-09-25
2021-08-04,758.9525146484375,795.47998046875,798.5700073242188,787.7999877929688,792.010009765625,629700,2026-09-25
2021-08-05,758.2559204101562,794.75,805.6400146484375,790.3200073242188,805.510009765625,723700,2026-09-25
2021-08-06,747.3126220703125,783.280029296875,787.1900024414062,779.9000244140625,784.5,556900,2026-09-25
2021-08-09,752.4647216796875,788.6799926757812,792.25,785.5999755859375,790.219970703125,477100,2026-09-25
2021-08-10,753.0466918945312,789.2899780273438,797.0399780273438,783.8300170898438,795.5900268554688,589500,2026-09-25
2021-08-11,752.9797973632812,789.219970703125,793.3400268554688,781.4199829101562,791.1400146484375,421300,2026-09-25
2021-08-12,745.2041625976562,781.0700073242188,788.7000122070312,778.530029296875,788.7000122070312,764600,2026-09-25
2021-08-13,752.7318115234375,788.9600219726562,789.5900268554688,776.5399780273438,779.1400146484375,454700,2026-09-25
2021-08-16,751.1957397460938,787.3499755859375,790.969970703125,779.739990234375,787.8300170898438,426000,2026-09-25
2021-08-17,740.9012451171875,776.5599975585938,783.3900146484375,770.4000244140625,781.760009765625,483600,2026-09-25
2021-08-18,736.97998046875,772.4500122070312,785.3800048828125,772.030029296875,776.219970703125,452500,2026-09-25
2021-08-19,745.6240234375,781.510009765625,784.010009765625,761.2100219726562,761.8699951171875,514000,2026-09-25
2021-08-20,751.9876708984375,788.1799926757812,790.8800048828125,778.010009765625,785.0800170898438,507700,2026-09-25
2021-08-23,774.351318359375,811.6199951171875,812.5,794.5700073242188,795.030029296875,724300,2026-09-25
2021-08-24,768.6173095703125,805.6099853515625,807.7100219726562,801.5800170898438,806.0999755859375,453800,2026-09-25
2021-08-25,770.7734375,807.8699951171875,813.3699951171875,805.0,808.4199829101562,471100,2026-09-25
2021-08-26,773.7024536132812,810.9400024414062,815.8300170898438,804.1599731445312,808.27001953125,450000,2026-09-25
2021-08-27,794.6732788085938,832.9199829101562,834.77001953125,813.77001953125,814.25,658900,2026-09-25
2021-08-30,801.0369873046875,839.5900268554688,843.010009765625,836.760009765625,839.9400024414062,491000,2026-09-25
2021-08-31,794.7877197265625,833.0399780273438,844.1599731445312,827.2100219726562,843.780029296875,579300,2026-09-25
2021-09-01,803.4984130859375,842.1699829101562,850.719970703125,836.6900024414062,838.719970703125,581900,2026-09-25
2021-09-02,821.73095703125,861.280029296875,862.0499877929688,848.8699951171875,852.1599731445312,746800,2026-09-25
2021-09-03,818.70654296875,858.1099853515625,862.97998046875,848.52001953125,848.52001953125,698000,2026-09-25
2021-09-07,822.1983642578125,861.77001953125,868.8800048828125,857.760009765625,865.2899780273438,780900,2026-09-25
2021-09-08,818.5921630859375,857.989990234375,859.9000244140625,849.9199829101562,857.6099853515625,714900,2026-09-25
2021-09-09,814.3082275390625,853.5,862.760009765625,852.0999755859375,855.47998046875,641900,2026-09-25
2021-09-10,819.4315795898438,858.8699951171875,875.3599853515625,857.4000244140625,870.9400024414062,1137400,2026-09-25
2021-09-13,831.233642578125,871.239990234375,872.2100219726562,861.0399780273438,869.219970703125,636000,2026-09-25
2021-09-14,847.2908325195312,888.0700073242188,895.9299926757812,879.6799926757812,883.8200073242188,978300,2026-09-25
2021-09-15,848.4929809570312,889.3300170898438,890.010009765625,879.4400024414062,886.989990234375,799700,2026-09-25
2021-09-16,846.56591796875,887.3099975585938,889.780029296875,875.4400024414062,877.1400146484375,811400,2026-09-25
2021-09-17,820.3666381835938,859.8499755859375,875.3099975585938,852.4099731445312,875.0999755859375,1670500,2026-09-25
2021-09-20,802.1341552734375,840.739990234375,845.489990234375,829.7000122070312,838.8800048828125,1122600,2026-09-25
2021-09-21,815.481689453125,854.72998046875,862.3699951171875,844.489990234375,860.0,905700,2026-09-25
2021-09-22,825.0321044921875,864.739990234375,871.6500244140625,849.4600219726562,851.8300170898438,669400,2026-09-25
2021-09-23,839.3816528320312,879.780029296875,888.719970703125,877.260009765625,877.3900146484375,744500,2026-09-25
2021-09-24,828.9246826171875,868.8200073242188,873.3599853515625,865.1199951171875,867.3599853515625,510400,2026-09-25
2021-09-27,796.9534301757812,835.3099975585938,847.8800048828125,833.0499877929688,843.280029296875,1063900,2026-09-25
2021-09-28,744.345458984375,780.1699829101562,799.3400268554688,773.0700073242188,794.8400268554688,2390100,2026-09-25
2021-09-29,715.96142578125,750.4199829101562,786.22998046875,749.1199951171875,785.0,2216000,2026-09-25
2021-09-30,710.8953857421875,745.1099853515625,762.3200073242188,742.2899780273438,754.25,1078800,2026-09-25
2021-10-01,707.7469482421875,741.8099975585938,745.0,728.3699951171875,745.0,1180400,2026-09-25
2021-10-04,680.20263671875,712.9400024414062,730.1599731445312,709.030029296875,728.9000244140625,1663500,2026-09-25
2021-10-05,699.2173461914062,732.8699951171875,742.6300048828125,722.6199951171875,725.0399780273438,1201500,2026-09-25
2021-10-06,698.8643798828125,732.5,734.7000122070312,719.010009765625,725.3800048828125,973000,2026-09-25
2021-10-07,712.52685546875,746.8200073242188,753.6699829101562,742.22998046875,745.4099731445312,1267500,2026-09-25
2021-10-08,696.7368774414062,730.27001953125,749.739990234375,729.3300170898438,749.3599853515625,1039700,2026-09-25
2021-10-11,688.74169921875,721.8900146484375,735.8300170898438,721.3599853515625,722.780029296875,702500,2026-09-25
2021-10-12,691.7564086914062,725.0499877929688,734.0,722.4000244140625,734.0,868400,2026-09-25
2021-10-13,710.2369995117188,744.4199829101562,749.4600219726562,740.0,743.1500244140625,1170000,2026-09-25
2021-10-14,742.5516967773438,778.2899780273438,778.6400146484375,765.6799926757812,769.5999755859375,1370500,2026-09-25
2021-10-15,753.151611328125,789.4000244140625,789.6400146484375,775.8400268554688,780.9600219726562,877400,2026-09-25
2021-10-18,752.0258178710938,788.219970703125,788.3300170898438,772.989990234375,774.0900268554688,1014600,2026-09-25
2021-10-19,764.180908203125,800.9600219726562,801.6199951171875,786.2999877929688,788.1799926757812,956600,2026-09-25
2021-10-20,732.447998046875,767.7000122070312,785.1400146484375,758.239990234375,782.239990234375,1894900,2026-09-25
2021-10-21,751.3960571289062,787.5599975585938,787.5599975585938,763.8699951171875,764.530029296875,1083100,2026-09-25
2021-10-22,764.1902465820312,800.969970703125,808.7999877929688,796.27001953125,798.1900024414062,1294600,2026-09-25
2021-10-25,752.23583984375,788.4400024414062,803.1900024414062,787.010009765625,799.6900024414062,786000,2026-09-25
2021-10-26,754.8975219726562,791.22998046875,797.989990234375,784.1900024414062,796.4000244140625,741400,2026-09-25
2021-10-27,764.218994140625,801.0,818.9500122070312,797.2000122070312,798.0599975585938,949800,2026-09-25
2021-10-28,775.8493041992188,813.1900024414062,821.9199829101562,810.719970703125,814.1199951171875,687500,2026-09-25
2021-10-29,775.553466796875,812.8800048828125,814.4600219726562,804.75,807.22998046875,583800,2026-09-25
2021-11-01,770.372802734375,807.4500122070312,808.0,796.47998046875,806.9099731445312,573600,2026-09-25
2021-11-02,776.7377319335938,812.02001953125,817.6900024414062,811.2899780273438,812.3200073242188,503800,2026-09-25
2021-11-03,793.9556274414062,830.02001953125,831.5800170898438,810.47998046875,818.4000244140625,566900,2026-09-25
2021-11-04,813.5360717773438,850.489990234375,853.1500244140625,829.5999755859375,831.6400146484375,1058200,2026-09-25
2021-11-05,810.19775390625,847.0,854.6400146484375,841.6400146484375,852.22998046875,735300,2026-09-25
2021-11-08,813.0004272460938,849.9299926757812,856.9500122070312,848.0,855.510009765625,728100,2026-09-25
2021-11-09,813.115234375,850.0499877929688,855.4600219726562,842.0,852.010009765625,676500,2026-09-25
2021-11-10,782.314453125,817.8499755859375,835.4400024414062,815.1099853515625,829.6099853515625,737700,2026-09-25
2021-11-11,797.1792602539062,833.3900146484375,839.0399780273438,829.2000122070312,833.27001953125,416000,2026-09-25
2021-11-12,814.6265869140625,851.6300048828125,855.0,835.0999755859375,840.0,531200,2026-09-25
2021-11-15,819.4953002929688,856.719970703125,861.5999755859375,852.989990234375,855.0,638000,2026-09-25
2021-11-16,823.1590576171875,860.5499877929688,862.6099853515625,847.239990234375,851.52001953125,690900,2026-09-25
2021-11-17,822.116455078125,859.4600219726562,868.0,857.5999755859375,859.2000122070312,549400,2026-09-25
2021-11-18,840.922119140625,879.1199951171875,881.1199951171875,870.5599975585938,877.4199829101562,865800,2026-09-25
2021-11-19,819.92578125,857.1699829101562,867.5499877929688,854.469970703125,866.8499755859375,778200,2026-09-25
2021-11-22,789.8712158203125,825.75,859.6599731445312,824.719970703125,855.0,880800,2026-09-25
2021-11-23,772.3948364257812,807.47998046875,819.3599853515625,793.1199951171875,811.6599731445312,1193000,2026-09-25
2021-11-24,767.5261840820312,802.3900146484375,803.47998046875,777.4400024414062,782.0,1246700,2026-09-25
2021-11-26,748.0411987304688,782.02001953125,795.9199829101562,776.010009765625,786.9600219726562,786300,2026-09-25
2021-11-29,779.5977172851562,815.010009765625,815.72998046875,789.989990234375,795.010009765625,1410700,2026-09-25
2021-11-30,757.118896484375,791.510009765625,821.3499755859375,787.1500244140625,807.0700073242188,1144500,2026-09-25
2021-12-01,769.0660400390625,804.0,832.6799926757812,802.4400024414062,812.5599975585938,1201200,2026-09-25
2021-12-02,755.0814208984375,789.3800048828125,796.4500122070312,778.3200073242188,784.4400024414062,957100,2026-09-25
2021-12-03,737.9974365234375,771.52001953125,790.739990234375,759.8400268554688,785.969970703125,1115600,2026-09-25
2021-12-06,723.5247192382812,756.3900146484375,761.4000244140625,741.4000244140625,758.8800048828125,1222900,2026-09-25
2021-12-07,770.9888916015625,806.010009765625,809.4000244140625,783.719970703125,788.0,983200,2026-09-25
2021-12-08,768.9895629882812,803.9199829101562,805.0,796.1900024414062,803.2100219726562,551500,2026-09-25
2021-12-09,739.0400390625,772.6099853515625,790.010009765625,772.3599853515625,786.1599731445312,709100,2026-09-25
2021-12-10,747.8690185546875,781.8400268554688,783.6500244140625,772.47998046875,777.280029296875,602700,2026-09-25
2021-12-13,731.2537231445312,764.469970703125,781.8400268554688,764.3400268554688,780.5700073242188,615100,2026-09-25
2021-12-14,721.6117553710938,754.3900146484375,760.3099975585938,743.25,754.4199829101562,842400,2026-09-25
2021-12-15,757.7979736328125,792.219970703125,792.5999755859375,760.6599731445312,764.5700073242188,910700,2026-09-25
2021-12-16,722.1951904296875,755.0,799.8400268554688,753.6199951171875,799.0,1006900,2026-09-25
2021-12-17,717.2881469726562,749.8699951171875,758.0,743.9600219726562,751.1599731445312,1656700,2026-09-25
2021-12-20,720.1672973632812,752.8800048828125,756.719970703125,744.4500122070312,747.5999755859375,647100,2026-09-25
2021-12-21,749.016845703125,783.0399780273438,784.4500122070312,765.02001953125,775.72998046875,838100,2026-09-25
2021-12-22,757.7023315429688,792.1199951171875,792.1199951171875,775.0,777.7999877929688,534800,2026-09-25
2021-12-23,766.5887451171875,801.4099731445312,805.719970703125,794.0800170898438,794.6400146484375,496600,2026-09-25
2021-12-27,776.17333984375,811.4299926757812,813.5900268554688,794.3599853515625,794.4000244140625,527500,2026-09-25
2021-12-28,769.8026733398438,804.77001953125,817.2999877929688,803.0900268554688,817.2999877929688,548500,2026-09-25
2021-12-29,767.1339721679688,801.97998046875,805.239990234375,794.4000244140625,798.1099853515625,404900,2026-09-25
2021-12-30,765.4502563476562,800.219970703125,808.2899780273438,799.9199829101562,803.6900024414062,411900,2026-09-25
2021-12-31,761.547607421875,796.1400146484375,805.280029296875,795.8800048828125,801.510009765625,236400,2026-09-25
2022-01-03,762.8389282226562,797.489990234375,799.3599853515625,784.9600219726562,795.739990234375,720600,2026-09-25
2022-01-04,745.3341064453125,779.1900024414062,793.6300048828125,763.2899780273438,793.6300048828125,874100,2026-09-25
2022-01-05,713.2705688476562,745.6699829101562,766.5399780273438,745.0399780273438,765.9099731445312,1193200,2026-09-25
2022-01-06,729.9622192382812,763.1199951171875,763.760009765625,729.8099975585938,739.530029296875,2041200,2026-09-25
2022-01-07,723.2474365234375,756.0999755859375,763.3599853515625,743.5999755859375,758.3900146484375,1363300,2026-09-25
2022-01-10,695.5743408203125,727.1699829101562,727.6599731445312,702.2999877929688,716.52001953125,1973400,2026-09-25
2022-01-11,697.4779663085938,729.1599731445312,731.4400024414062,700.7100219726562,706.989990234375,2120700,2026-09-25
2022-01-12,709.922607421875,742.1699829101562,749.4500122070312,735.0,739.3099975585938,959700,2026-09-25
2022-01-13,698.3580932617188,730.0800170898438,777.9199829101562,728.6400146484375,772.4099731445312,1628700,2026-09-25
2022-01-14,712.1801147460938,744.530029296875,746.5999755859375,728.1699829101562,735.5999755859375,1313600,2026-09-25
2022-01-18,684.1532592773438,715.22998046875,741.0700073242188,714.239990234375,741.030029296875,1178500,2026-09-25
2022-01-19,668.456298828125,698.8200073242188,738.8800048828125,698.7100219726562,736.9400024414062,1593200,2026-09-25
2022-01-20,675.7643432617188,706.4600219726562,729.97998046875,706.2100219726562,724.8900146484375,1536500,2026-09-25
2022-01-21,664.5438842773438,694.72998046875,721.2000122070312,694.7100219726562,707.2899780273438,1689600,2026-09-25
2022-01-24,657.551513671875,687.4199829101562,688.6400146484375,648.6300048828125,666.0499877929688,2833100,2026-09-25
2022-01-25,620.3894653320312,648.5700073242188,668.1599731445312,643.8200073242188,652.6400146484375,2095300,2026-09-25
2022-01-26,624.8757934570312,653.260009765625,679.3800048828125,644.6599731445312,661.6300048828125,1376700,2026-09-25
2022-01-27,607.0839233398438,634.6599731445312,665.0,631.4000244140625,664.7999877929688,1465300,2026-09-25
2022-01-28,616.946044921875,644.969970703125,644.97998046875,620.6699829101562,633.5999755859375,1339700,2026-09-25
2022-01-31,647.7755737304688,677.2000122070312,677.5499877929688,648.030029296875,650.7000122070312,1357400,2026-09-25
2022-02-01,651.86962890625,681.47998046875,683.7100219726562,666.27001953125,682.5499877929688,945000,2026-09-25
2022-02-02,656.91064453125,686.75,691.239990234375,674.0900268554688,687.9500122070312,713600,2026-09-25
2022-02-03,617.8641967773438,645.9299926757812,664.6699829101562,644.469970703125,659.0900268554688,1212000,2026-09-25
2022-02-04,624.4453125,652.8099975585938,661.2100219726562,643.2999877929688,648.0499877929688,863100,2026-09-25
2022-02-07,621.7862548828125,650.030029296875,661.4099731445312,648.5499877929688,654.1500244140625,520300,2026-09-25
2022-02-08,625.0765380859375,653.469970703125,655.3599853515625,635.5999755859375,636.8499755859375,745300,2026-09-25
2022-02-09,650.8078002929688,680.3699951171875,682.22998046875,663.8800048828125,670.7899780273438,842000,2026-09-25
2022-02-10,628.3384399414062,656.8800048828125,677.6199951171875,653.0,654.5900268554688,961200,2026-09-25
2022-02-11,600.9429931640625,628.239990234375,660.3200073242188,625.25,657.5399780273438,1116300,2026-09-25
2022-02-14,600.6273193359375,627.9099731445312,634.9500122070312,620.0,626.1500244140625,890200,2026-09-25
2022-02-15,627.888916015625,656.4099731445312,658.3499755859375,642.3099975585938,647.47998046875,821400,2026-09-25
2022-02-16,635.01513671875,663.8599853515625,666.0,644.6699829101562,651.0,610000,2026-09-25
2022-02-17,622.1689453125,650.4299926757812,662.219970703125,650.0,659.3099975585938,1020600,2026-09-25
2022-02-18,619.6818237304688,647.8300170898438,657.77001953125,640.989990234375,652.1199951171875,899400,2026-09-25
2022-02-22,612.4501953125,640.27001953125,653.0,629.8599853515625,638.5,934000,2026-09-25
2022-02-23,604.2813110351562,631.72998046875,654.4500122070312,631.010009765625,651.0800170898438,997000,2026-09-25
2022-02-24,628.30029296875,656.8400268554688,658.8599853515625,599.6799926757812,600.2899780273438,2047800,2026-09-25
2022-02-25,638.133544921875,667.1199951171875,667.1400146484375,650.0,656.9099731445312,1295400,2026-09-25
2022-02-28,637.5501098632812,666.510009765625,672.5700073242188,647.6500244140625,647.6500244140625,1979000,2026-09-25
2022-03-01,606.653564453125,634.2100219726562,665.0999755859375,627.5800170898438,660.2100219726562,1097300,2026-09-25
2022-03-02,626.8941650390625,655.3699951171875,658.4199829101562,638.0999755859375,642.5900268554688,1035700,2026-09-25
2022-03-03,603.3821411132812,630.7899780273438,653.7000122070312,627.1900024414062,652.02001953125,1020200,2026-09-25
2022-03-04,568.4967041015625,594.3200073242188,609.4199829101562,581.6300048828125,603.7000122070312,2025300,2026-09-25
2022-03-07,549.3849487304688,574.3400268554688,620.6099853515625,573.75,617.3900146484375,1607200,2026-09-25
2022-03-08,548.141357421875,573.0399780273438,593.47998046875,558.77001953125,574.0800170898438,1441800,2026-09-25
2022-03-09,594.3426513671875,621.3400268554688,627.0,595.0,609.1500244140625,1593200,2026-09-25
2022-03-10,573.9970092773438,600.0700073242188,608.5499877929688,596.1799926757812,599.5399780273438,735500,2026-09-25
2022-03-11,560.3946533203125,585.8499755859375,615.0,584.8800048828125,614.0,819000,2026-09-25
2022-03-14,552.4553833007812,577.5499877929688,601.5,577.3099975585938,599.5499877929688,1621700,2026-09-25
2022-03-15,570.7733764648438,596.7000122070312,598.1900024414062,583.8599853515625,591.9199829101562,1542500,2026-09-25
2022-03-16,622.3600463867188,650.6300048828125,651.0,617.1500244140625,621.4400024414062,1815200,2026-09-25
2022-03-17,625.6793823242188,654.0999755859375,656.4000244140625,639.469970703125,643.1300048828125,854900,2026-09-25
2022-03-18,650.3200073242188,679.8599853515625,683.4000244140625,647.4000244140625,649.239990234375,1689800,2026-09-25
2022-03-21,653.237548828125,682.9099731445312,683.3900146484375,669.0,678.219970703125,1293000,2026-09-25
2022-03-22,658.8141479492188,688.739990234375,698.0999755859375,685.2999877929688,688.0,1111100,2026-09-25
2022-03-23,636.4500732421875,665.3599853515625,679.3699951171875,663.6099853515625,668.7999877929688,999100,2026-09-25
2022-03-24,660.5359497070312,690.5399780273438,690.5499877929688,663.2000122070312,666.2000122070312,1176700,2026-09-25
2022-03-25,657.4940795898438,687.3599853515625,690.75,672.2999877929688,690.4600219726562,768600,2026-09-25
2022-03-28,664.6395874023438,694.8300170898438,695.0,676.0,680.1099853515625,687100,2026-09-25
2022-03-29,678.3277587890625,709.1400146484375,714.6199951171875,697.6699829101562,710.0,1076200,2026-09-25
2022-03-30,654.8157958984375,684.5599975585938,702.75,680.1199951171875,700.0,1031900,2026-09-25
2022-03-31,638.9082641601562,667.9299926757812,689.0999755859375,667.5,684.489990234375,780700,2026-09-25
2022-04-01,638.7171630859375,667.72998046875,677.1900024414062,661.8300170898438,675.2899780273438,739400,2026-09-25
2022-04-04,651.2479248046875,680.8300170898438,681.5399780273438,669.989990234375,672.489990234375,731200,2026-09-25
2022-04-05,618.371337890625,646.4600219726562,675.1500244140625,645.7899780273438,674.02001953125,1251500,2026-09-25
2022-04-06,601.2012329101562,628.510009765625,639.3099975585938,617.4000244140625,626.0900268554688,1110700,2026-09-25
2022-04-07,598.130615234375,625.2999877929688,632.0999755859375,612.780029296875,624.530029296875,713500,2026-09-25
2022-04-08,584.385009765625,610.9299926757812,622.4099731445312,610.0,621.4199829101562,840800,2026-09-25
2022-04-11,571.76806640625,597.739990234375,610.6300048828125,597.1300048828125,607.0399780273438,859600,2026-09-25
2022-04-12,568.190673828125,594.0,622.5,592.0,613.0700073242188,1067900,2026-09-25
2022-04-13,586.1356201171875,612.760009765625,617.2100219726562,596.4199829101562,601.4099731445312,934200,2026-09-25
2022-04-14,571.8925170898438,597.8699951171875,616.510009765625,596.0,614.52001953125,814200,2026-09-25
2022-04-18,579.2676391601562,605.5800170898438,613.8599853515625,595.77001953125,597.0499877929688,576800,2026-09-25
2022-04-19,590.3347778320312,617.1500244140625,619.1199951171875,596.0,597.530029296875,1230800,2026-09-25
2022-04-20,606.366455078125,633.9099731445312,652.5499877929688,628.989990234375,650.760009765625,1857900,2026-09-25
2022-04-21,593.0418090820312,619.97998046875,648.8099975585938,617.739990234375,645.0599975585938,940700,2026-09-25
2022-04-22,581.209228515625,607.6099853515625,620.8699951171875,607.469970703125,615.0800170898438,1093400,2026-09-25
2022-04-25,573.7576904296875,599.8200073242188,600.3900146484375,583.6699829101562,592.72998046875,2074700,2026-09-25
2022-04-26,536.0792846679688,560.4299926757812,587.47998046875,559.9000244140625,585.1500244140625,1803100,2026-09-25
2022-04-27,532.6835327148438,556.8800048828125,567.3800048828125,544.0,552.0900268554688,1904400,2026-09-25
2022-04-28,564.8809814453125,590.5399780273438,595.4600219726562,564.5999755859375,574.9500122070312,1513500,2026-09-25
2022-04-29,539.274169921875,563.77001953125,588.9000244140625,562.4600219726562,576.4500122070312,1225300,2026-09-25
2022-05-02,546.2760009765625,571.0900268554688,571.52001953125,553.5399780273438,558.739990234375,1146700,2026-09-25
2022-05-03,549.6353759765625,570.6799926757812,575.4400024414062,563.02001953125,566.6300048828125,825300,2026-09-25
2022-05-04,570.7857055664062,592.6400146484375,594.25,564.6599731445312,579.0800170898438,1112800,2026-09-25
2022-05-05,543.3653564453125,564.1699829101562,584.5700073242188,558.0900268554688,582.3200073242188,1231800,2026-09-25
2022-05-06,530.68115234375,551.0,561.6799926757812,545.0499877929688,555.1500244140625,1214600,2026-09-25
2022-05-09,493.7550048828125,512.6599731445312,535.7999877929688,510.3599853515625,530.2100219726562,1714700,2026-09-25
2022-05-10,504.07012939453125,523.3699951171875,530.4099731445312,512.3300170898438,529.2000122070312,1232900,2026-09-25
2022-05-11,502.0764465332031,521.2999877929688,544.1799926757812,520.469970703125,531.280029296875,1302800,2026-09-25
2022-05-12,503.09735107421875,522.3599853515625,529.0499877929688,509.54998779296875,514.7000122070312,1134800,2026-09-25
2022-05-13,528.1000366210938,548.3200073242188,551.2899780273438,538.2100219726562,540.5599975585938,946800,2026-09-25
2022-05-16,515.2230834960938,534.9500122070312,540.97998046875,528.0,533.25,757800,2026-09-25
2022-05-17,540.9193115234375,561.6300048828125,563.3800048828125,548.8499755859375,556.9500122070312,895800,2026-09-25
2022-05-18,508.8183288574219,528.2999877929688,552.8300170898438,526.8699951171875,547.1799926757812,1037900,2026-09-25
2022-05-19,506.6031188964844,526.0,537.0499877929688,522.3200073242188,523.77001953125,905500,2026-09-25
2022-05-20,513.1909790039062,532.8400268554688,542.3900146484375,514.1699829101562,541.4400024414062,1205700,2026-09-25
2022-05-23,534.1580810546875,554.6099853515625,557.8200073242188,545.719970703125,549.239990234375,977000,2026-09-25
2022-05-24,526.2797241210938,546.4299926757812,557.5499877929688,542.6300048828125,555.5700073242188,1085500,2026-09-25
2022-05-25,527.8689575195312,548.0800170898438,551.8599853515625,538.030029296875,541.6900024414062,832600,2026-09-25
2022-05-26,539.4168090820312,560.0700073242188,562.47998046875,541.3499755859375,542.4000244140625,933800,2026-09-25
2022-05-27,561.8671264648438,583.3800048828125,583.8599853515625,572.0999755859375,572.6300048828125,843900,2026-09-25
2022-05-31,555.03857421875,576.2899780273438,584.8099975585938,572.8499755859375,584.5900268554688,822300,2026-09-25
2022-06-01,542.874267578125,563.6599731445312,579.75,557.0,577.4400024414062,542100,2026-09-25
2022-06-02,559.1317749023438,580.5399780273438,581.3200073242188,562.8200073242188,564.4199829101562,669200,2026-09-25
2022-06-03,542.8648681640625,563.6500244140625,569.8499755859375,560.8900146484375,567.1599731445312,531000,2026-09-25
2022-06-06,550.6082763671875,571.6900024414062,583.4600219726562,569.4299926757812,579.6099853515625,483300,2026-09-25
2022-06-07,555.7320556640625,577.010009765625,578.02001953125,563.1400146484375,564.719970703125,479000,2026-09-25
2022-06-08,546.5150146484375,567.4400024414062,577.9500122070312,562.52001953125,573.5999755859375,605700,2026-09-25
2022-06-09,522.407958984375,542.4099731445312,564.6400146484375,542.3499755859375,559.4099731445312,658600,2026-09-25
2022-06-10,502.2979431152344,521.530029296875,535.1900024414062,519.4000244140625,532.0599975585938,928900,2026-09-25
2022-06-13,475.37860107421875,493.5799865722656,502.5,491.6199951171875,498.04998779296875,1395100,2026-09-25
2022-06-14,473.0574645996094,491.1700134277344,498.6199951171875,484.45001220703125,493.7900085449219,965400,2026-09-25
2022-06-15,486.6953125,505.3299865722656,512.2000122070312,494.0,499.3800048828125,841700,2026-09-25
2022-06-16,450.8863830566406,468.1499938964844,484.04998779296875,465.5,479.760009765625,1223100,2026-09-25
2022-06-17,455.8946228027344,473.3500061035156,478.6199951171875,461.8500061035156,467.5,1328700,2026-09-25
2022-06-21,476.1202392578125,494.3500061035156,497.8399963378906,488.4700012207031,488.9800109863281,1081400,2026-09-25
2022-06-22,467.5965576171875,485.5,496.6400146484375,482.44000244140625,486.44000244140625,845800,2026-09-25
2022-06-23,467.5965576171875,485.5,487.4100036621094,476.05999755859375,483.8999938964844,739100,2026-09-25
2022-06-24,496.2591857910156,515.260009765625,515.5499877929688,498.29998779296875,499.04998779296875,907800,2026-09-25
2022-06-27,489.3053894042969,508.0400085449219,517.0499877929688,505.6600036621094,514.969970703125,696500,2026-09-25
2022-06-28,472.3254699707031,490.4100036621094,511.4200134277344,489.5400085449219,508.04998779296875,847200,2026-09-25
2022-06-29,466.7490539550781,484.6199951171875,493.70001220703125,482.0199890136719,491.1000061035156,847400,2026-09-25
2022-06-30,458.331298828125,475.8800048828125,484.6300048828125,464.1300048828125,474.1499938964844,866400,2026-09-25
2022-07-01,433.2419738769531,449.8299865722656,457.9599914550781,443.4599914550781,455.29998779296875,1570200,2026-09-25
2022-07-05,416.45477294921875,432.3999938964844,433.04998779296875,412.6700134277344,419.19000244140625,2778300,2026-09-25
2022-07-06,413.06451416015625,428.8800048828125,437.5899963378906,425.3500061035156,433.25,1464700,2026-09-25
2022-07-07,435.235595703125,451.8999938964844,452.79998779296875,438.6499938964844,438.760009765625,1400900,2026-09-25
2022-07-08,436.2469787597656,452.95001220703125,455.29998779296875,440.6600036621094,444.6099853515625,739100,2026-09-25
2022-07-11,422.86907958984375,439.05999755859375,450.1700134277344,437.9100036621094,449.55999755859375,745600,2026-09-25
2022-07-12,418.4676208496094,434.489990234375,444.45001220703125,431.8800048828125,440.57000732421875,848000,2026-09-25
2022-07-13,430.5260009765625,447.010009765625,451.94000244140625,429.29998779296875,430.4800109863281,1052500,2026-09-25
2022-07-14,440.0512390136719,456.8999938964844,458.8800048828125,434.54998779296875,442.20001220703125,1075900,2026-09-25
2022-07-15,458.0906066894531,475.6300048828125,475.7799987792969,460.510009765625,465.3900146484375,1630500,2026-09-25
2022-07-18,456.0198974609375,473.4800109863281,486.8299865722656,470.5,483.6099853515625,1039500,2026-09-25
2022-07-19,479.98236083984375,498.3599853515625,500.9100036621094,484.04998779296875,484.8699951171875,1415000,2026-09-25
2022-07-20,495.4501037597656,514.4199829101562,516.760009765625,490.6000061035156,492.8999938964844,2294900,2026-09-25
2022-07-21,522.2731323242188,542.27001953125,543.239990234375,524.5999755859375,530.0,2281900,2026-09-25
2022-07-22,514.5585327148438,534.260009765625,546.8499755859375,529.22998046875,542.4099731445312,1459900,2026-09-25
2022-07-25,519.0947875976562,538.969970703125,543.6699829101562,532.1199951171875,535.4199829101562,1194600,2026-09-25
2022-07-26,504.84051513671875,524.1699829101562,529.6400146484375,518.5399780273438,528.0499877929688,1029500,2026-09-25
2022-07-27,526.0389404296875,546.1799926757812,549.8499755859375,532.5900268554688,533.6199951171875,1110900,2026-09-25
2022-07-28,540.0330810546875,560.7100219726562,560.9400024414062,540.760009765625,547.7999877929688,1216800,2026-09-25
2022-07-29,553.2568359375,574.4400024414062,576.9199829101562,559.5,561.4500122070312,1210700,2026-09-25
2022-08-01,556.830078125,578.1500244140625,583.0499877929688,568.9400024414062,573.239990234375,895500,2026-09-25
2022-08-02,544.74267578125,565.5999755859375,572.8499755859375,558.75,562.0800170898438,876600,2026-09-25
2022-08-03,562.3294067382812,583.8599853515625,587.6699829101562,569.25,570.0,825900,2026-09-25
2022-08-04,568.1182250976562,588.4600219726562,592.75,581.0999755859375,583.1699829101562,680100,2026-09-25
2022-08-05,557.3536376953125,577.3099975585938,579.5800170898438,565.97998046875,571.6300048828125,767900,2026-09-25
2022-08-08,552.9512939453125,572.75,582.5599975585938,564.989990234375,578.0,700600,2026-09-25
2022-08-09,522.405029296875,541.1099853515625,552.2999877929688,533.739990234375,551.0999755859375,1138500,2026-09-25
2022-08-10,546.48291015625,566.0499877929688,566.0900268554688,550.469970703125,558.719970703125,1074800,2026-09-25
2022-08-11,542.9686889648438,562.4099731445312,574.3599853515625,561.1199951171875,565.739990234375,833300,2026-09-25
2022-08-12,556.05029296875,575.9600219726562,577.989990234375,562.1199951171875,562.6199951171875,811600,2026-09-25
2022-08-15,555.0654907226562,574.9400024414062,577.6199951171875,567.8900146484375,569.1099853515625,783100,2026-09-25
2022-08-16,547.0911254882812,566.6799926757812,572.3400268554688,559.010009765625,566.4000244140625,697000,2026-09-25
2022-08-17,538.0160522460938,557.280029296875,565.989990234375,551.9099731445312,559.0999755859375,667700,2026-09-25
2022-08-18,541.8970336914062,561.2999877929688,565.9299926757812,555.2999877929688,557.280029296875,580600,2026-09-25
2022-08-19,526.4114379882812,545.260009765625,558.8499755859375,544.4299926757812,557.1900024414062,794400,2026-09-25
2022-08-22,502.0922546386719,520.0700073242188,530.8499755859375,518.6099853515625,529.2899780273438,795800,2026-09-25
2022-08-23,507.5758056640625,525.75,529.3499755859375,519.4600219726562,520.0,592900,2026-09-25
2022-08-24,507.27667236328125,525.4400024414062,530.5800170898438,521.719970703125,522.8599853515625,485200,2026-09-25
2022-08-25,521.082275390625,539.739990234375,540.219970703125,521.760009765625,522.3599853515625,758300,2026-09-25
2022-08-26,492.3124694824219,509.94000244140625,539.72998046875,508.7699890136719,539.5499877929688,1229700,2026-09-25
2022-08-29,482.6002197265625,499.8800048828125,511.3500061035156,499.3999938964844,506.32000732421875,754100,2026-09-25
2022-08-30,475.9773864746094,493.0199890136719,507.6499938964844,487.4599914550781,506.54998779296875,1006400,2026-09-25
2022-08-31,473.0038146972656,489.94000244140625,501.5799865722656,486.70001220703125,500.8500061035156,936000,2026-09-25
2022-09-01,453.67584228515625,469.9200134277344,479.0199890136719,460.8900146484375,477.9200134277344,1665500,2026-09-25
2022-09-02,451.04022216796875,467.19000244140625,486.8999938964844,466.010009765625,479.8599853515625,1145400,2026-09-25
2022-09-06,453.67584228515625,469.9200134277344,477.8900146484375,462.29998779296875,469.3599853515625,996900,2026-09-25
2022-09-07,460.20220947265625,476.67999267578125,480.9700012207031,465.6000061035156,468.8900146484375,745400,2026-09-25
2022-09-08,466.0623474121094,482.75,483.3900146484375,464.1700134277344,465.45001220703125,943300,2026-09-25
2022-09-09,483.6815490722656,501.0,503.17999267578125,495.29998779296875,495.5199890136719,1012800,2026-09-25
2022-09-12,487.4756164550781,504.92999267578125,511.0,499.6600036621094,506.7699890136719,1041400,2026-09-25
2022-09-13,454.8150634765625,471.1000061035156,488.4200134277344,468.6099853515625,484.0,1188200,2026-09-25
2022-09-14,461.5731506347656,478.1000061035156,481.5299987792969,471.1000061035156,476.9700012207031,663700,2026-09-25
2022-09-15,449.5534362792969,465.6499938964844,478.3599853515625,462.8999938964844,472.5400085449219,853500,2026-09-25
2022-09-16,451.09820556640625,467.25,472.19000244140625,459.9100036621094,462.0299987792969,914000,2026-09-25
2022-09-19,454.8247375488281,471.1099853515625,472.989990234375,459.6499938964844,459.6499938964844,646500,2026-09-25
2022-09-20,445.9909973144531,461.9599914550781,466.5299987792969,457.3599853515625,458.95001220703125,906700,2026-09-25
2022-09-21,439.1943664550781,454.9200134277344,476.1700134277344,454.8599853515625,461.54998779296875,783900,2026-09-25
2022-09-22,425.79425048828125,441.0400085449219,452.19000244140625,439.1000061035156,450.70001220703125,952900,2026-09-25
2022-09-23,421.06353759765625,436.1400146484375,436.94000244140625,427.3500061035156,433.6000061035156,1362300,2026-09-25
2022-09-26,415.9178771972656,430.80999755859375,440.7699890136719,429.1199951171875,434.0899963378906,1164000,2026-09-25
2022-09-27,418.3121032714844,433.2900085449219,442.510009765625,426.5,438.8500061035156,876400,2026-09-25
2022-09-28,425.9776306152344,441.2300109863281,443.4200134277344,423.1700134277344,426.1400146484375,957100,2026-09-25
2022-09-29,412.9925231933594,427.7799987792969,428.7099914550781,419.2300109863281,425.6099853515625,1141800,2026-09-25
2022-09-30,400.9921875,415.3500061035156,428.04998779296875,413.95001220703125,414.0,1084700,2026-09-25
2022-10-03,416.7577209472656,431.67999267578125,435.510009765625,421.0199890136719,423.6000061035156,1452400,2026-09-25
2022-10-04,449.0321044921875,465.1099853515625,467.7699890136719,455.7799987792969,461.2099914550781,1954600,2026-09-25
2022-10-05,453.067626953125,469.2900085449219,474.75,453.04998779296875,456.94000244140625,1193800,2026-09-25
2022-10-06,446.164794921875,462.1400146484375,474.17999267578125,461.489990234375,465.2900085449219,926100,2026-09-25
2022-10-07,419.2485046386719,434.260009765625,448.7200012207031,432.739990234375,446.5,1412400,2026-09-25
2022-10-10,407.30615234375,421.8900146484375,434.07000732421875,416.3599853515625,433.9100036621094,1383700,2026-09-25
2022-10-11,385.748046875,399.55999755859375,412.6499938964844,394.010009765625,412.5299987792969,2044200,2026-09-25
2022-10-12,384.5605163574219,398.3299865722656,404.92999267578125,397.510009765625,403.80999755859375,1277100,2026-09-25
2022-10-13,391.38616943359375,405.3999938964844,410.7300109863281,363.1499938964844,364.9100036621094,2782200,2026-09-25
2022-10-14,366.0242614746094,379.1300048828125,405.6199951171875,378.6000061035156,404.3800048828125,1727900,2026-09-25
2022-10-17,378.66180419921875,392.2200012207031,399.6000061035156,388.8299865722656,394.4599914550781,1417900,2026-09-25
2022-10-18,385.1977233886719,398.989990234375,409.1700134277344,393.19000244140625,407.3800048828125,1324800,2026-09-25
2022-10-19,409.362548828125,424.0199890136719,431.8500061035156,410.3900146484375,415.8900146484375,2435200,2026-09-25
2022-10-20,422.154541015625,437.2699890136719,448.9200134277344,428.7799987792969,431.25,2090900,2026-09-25
2022-10-21,446.2517395019531,462.2300109863281,462.8800048828125,437.70001220703125,440.4800109863281,2756600,2026-09-25
2022-10-24,456.6204528808594,472.9700012207031,476.0899963378906,459.6000061035156,470.42999267578125,2389300,2026-09-25
2022-10-25,469.2096862792969,486.010009765625,495.75,478.3500061035156,478.489990234375,2047200,2026-09-25
2022-10-26,467.3560791015625,484.0899963378906,496.20001220703125,474.25,475.95001220703125,1879400,2026-09-25
2022-10-27,458.0106506347656,474.4100036621094,489.6000061035156,473.989990234375,482.1000061035156,1075700,2026-09-25
2022-10-28,472.27008056640625,489.17999267578125,489.8699951171875,468.8900146484375,469.8599853515625,1436100,2026-09-25
2022-10-31,456.08941650390625,472.4200134277344,480.8800048828125,471.6499938964844,479.0400085449219,1063600,2026-09-25
2022-11-01,458.9471435546875,475.3800048828125,483.6700134277344,472.8599853515625,483.3800048828125,760700,2026-09-25
2022-11-02,430.9013366699219,446.3299865722656,477.0,446.260009765625,470.04998779296875,1887400,2026-09-25
2022-11-03,425.9918212890625,439.9200134277344,446.760009765625,437.1199951171875,440.79998779296875,1615700,2026-09-25
2022-11-04,453.9187316894531,468.760009765625,469.6099853515625,454.3299865722656,462.3500061035156,1587800,2026-09-25
2022-11-07,468.0855712890625,483.3900146484375,485.44000244140625,469.6099853515625,474.8299865722656,1429400,2026-09-25
2022-11-08,487.64599609375,503.5899963378906,505.989990234375,491.05999755859375,498.25,2316100,2026-09-25
2022-11-09,473.96331787109375,489.4599914550781,504.2200012207031,488.9100036621094,494.510009765625,1302600,2026-09-25
2022-11-10,543.0349731445312,560.7899780273438,561.8200073242188,520.3599853515625,531.5,3518000,2026-09-25
2022-11-11,558.1896362304688,576.4400024414062,578.6199951171875,558.489990234375,560.780029296875,1982800,2026-09-25
2022-11-14,559.5256958007812,577.8200073242188,590.2999877929688,573.8800048828125,574.780029296875,1806400,2026-09-25
2022-11-15,578.5538940429688,597.469970703125,608.3200073242188,586.5399780273438,606.75,1669400,2026-09-25
2022-11-16,558.4412231445312,576.7000122070312,583.9500122070312,573.7999877929688,583.52001953125,1418900,2026-09-25
2022-11-17,570.3809814453125,589.030029296875,590.4500122070312,568.9500122070312,568.9600219726562,917900,2026-09-25
2022-11-18,574.3802490234375,593.1599731445312,599.9299926757812,584.7999877929688,599.6199951171875,1115300,2026-09-25
2022-11-21,561.917724609375,580.2899780273438,583.7899780273438,575.0999755859375,581.2000122070312,849800,2026-09-25
2022-11-22,577.3336181640625,596.2100219726562,596.530029296875,574.22998046875,581.719970703125,1082400,2026-09-25
2022-11-23,584.7317504882812,603.8499755859375,610.0,595.1799926757812,595.1799926757812,874700,2026-09-25
2022-11-25,573.10205078125,591.8400268554688,597.9000244140625,591.8400268554688,596.9299926757812,408900,2026-09-25
2022-11-28,564.8711547851562,583.3400268554688,598.1300048828125,580.4199829101562,593.780029296875,1056200,2026-09-25
2022-11-29,560.4942626953125,578.8200073242188,587.0,576.77001953125,584.0900268554688,562900,2026-09-25
2022-11-30,588.8665161132812,608.1199951171875,608.4099731445312,576.9400024414062,585.2999877929688,1569700,2026-09-25
2022-12-01,591.9070434570312,611.260009765625,616.5599975585938,601.3599853515625,611.7100219726562,1245900,2026-09-25
2022-12-02,586.5327758789062,605.7100219726562,607.4500122070312,597.0,600.2999877929688,719800,2026-09-25
2022-12-05,581.7685546875,600.7899780273438,607.1599731445312,593.3800048828125,605.0999755859375,873900,2026-09-25
2022-12-06,574.2737426757812,593.0499877929688,604.4500122070312,586.8200073242188,603.5,839200,2026-09-25
2022-12-07,582.3109741210938,601.3499755859375,604.0,590.6900024414062,592.2100219726562,878600,2026-09-25
2022-12-08,587.6754760742188,606.8900146484375,609.4600219726562,587.6599731445312,591.8800048828125,1019300,2026-09-25
2022-12-09,578.7764892578125,597.7000122070312,611.1699829101562,596.4000244140625,602.989990234375,870700,2026-09-25
2022-12-12,590.6773681640625,609.989990234375,610.0,595.7999877929688,596.8699951171875,819600,2026-09-25
2022-12-13,608.378662109375,628.27001953125,643.3599853515625,617.5700073242188,642.97998046875,1334000,2026-09-25
2022-12-14,596.3613891601562,615.8599853515625,626.760009765625,609.9299926757812,622.5,1167500,2026-09-25
2022-12-15,567.776123046875,586.3400268554688,604.7999877929688,584.260009765625,603.0,1420500,2026-09-25
2022-12-16,556.13671875,574.3200073242188,585.75,565.739990234375,577.260009765625,2097300,2026-09-25
2022-12-19,550.6074829101562,568.6099853515625,575.8499755859375,562.6699829101562,574.0499877929688,906800,2026-09-25
2022-12-20,545.3299560546875,563.1599731445312,568.9600219726562,561.1500244140625,562.239990234375,845700,2026-09-25
2022-12-21,562.56640625,580.9600219726562,583.9600219726562,567.2999877929688,569.0599975585938,797700,2026-09-25
2022-12-22,538.3482666015625,555.9500122070312,571.0499877929688,546.7999877929688,571.0499877929688,1351800,2026-09-25
2022-12-23,533.9132080078125,551.3699951171875,552.0700073242188,542.530029296875,546.8699951171875,602600,2026-09-25
2022-12-27,520.1724853515625,537.1799926757812,546.5,536.510009765625,546.0499877929688,802600,2026-09-25
2022-12-28,514.8079223632812,531.6400146484375,541.7999877929688,529.010009765625,536.7000122070312,609900,2026-09-25
2022-12-29,534.0100708007812,551.469970703125,555.3699951171875,540.1500244140625,541.2000122070312,841000,2026-09-25
2022-12-30,529.1005859375,546.4000244140625,546.47998046875,536.77001953125,540.8599853515625,703200,2026-09-25
2023-01-03,532.1702880859375,549.5700073242188,564.1500244140625,545.77001953125,561.280029296875,675100,2026-09-25
2023-01-04,552.7571411132812,570.8300170898438,575.510009765625,561.0599975585938,570.7999877929688,1087300,2026-09-25
2023-01-05,547.421630859375,565.3200073242188,573.5499877929688,562.5499877929688,565.3800048828125,710900,2026-09-25
2023-01-06,576.98486328125,595.8499755859375,598.6799926757812,567.280029296875,575.3300170898438,1025800,2026-09-25
2023-01-09,601.6583251953125,621.3300170898438,632.3900146484375,612.7999877929688,613.989990234375,1348800,2026-09-25
2023-01-10,613.3364868164062,633.3900146484375,633.780029296875,621.6099853515625,622.6300048828125,873900,2026-09-25
2023-01-11,624.26904296875,644.6799926757812,645.1400146484375,633.2999877929688,635.5499877929688,806500,2026-09-25
2023-01-12,631.8995361328125,652.5599975585938,656.2899780273438,634.8400268554688,651.4400024414062,1322200,2026-09-25
2023-01-13,638.8037719726562,659.6900024414062,660.739990234375,648.72998046875,649.3300170898438,649700,2026-09-25
2023-01-17,637.3511962890625,658.1900024414062,662.97998046875,651.0999755859375,651.0999755859375,902600,2026-09-25
2023-01-18,631.6381225585938,652.2899780273438,676.1099853515625,651.5399780273438,673.52001953125,1152700,2026-09-25
2023-01-19,610.2957763671875,630.25,655.6799926757812,627.02001953125,654.6099853515625,1534100,2026-09-25
2023-01-20,628.3070068359375,648.8499755859375,650.5999755859375,634.2000122070312,638.0900268554688,1033200,2026-09-25
2023-01-23,654.6265258789062,676.030029296875,676.280029296875,656.8499755859375,658.0499877929688,1780900,2026-09-25
2023-01-24,648.7970581054688,670.010009765625,673.0399780273438,659.9199829101562,666.719970703125,1066900,2026-09-25
2023-01-25,659.9522705078125,681.530029296875,683.02001953125,655.02001953125,656.9600219726562,1569200,2026-09-25
2023-01-26,662.2474365234375,683.9000244140625,684.9400024414062,667.8200073242188,681.9000244140625,1593300,2026-09-25
2023-01-27,646.260009765625,667.3900146484375,678.1199951171875,666.6799926757812,667.2000122070312,1249700,2026-09-25
2023-01-30,629.7207641601562,650.3099975585938,658.239990234375,647.6199951171875,650.0,1209900,2026-09-25
2023-01-31,639.9172973632812,660.8400268554688,660.8599853515625,647.2999877929688,651.219970703125,801800,2026-09-25
2023-02-01,657.04736328125,678.530029296875,685.0900268554688,655.8900146484375,659.530029296875,1274200,2026-09-25
2023-02-02,674.496826171875,696.5499877929688,698.5900268554688,684.9500122070312,696.9000244140625,1318600,2026-09-25
2023-02-03,658.102783203125,679.6199951171875,693.3800048828125,677.9299926757812,678.4500122070312,1015800,2026-09-25
2023-02-06,642.4029541015625,661.969970703125,669.3400268554688,659.489990234375,665.9199829101562,783100,2026-09-25
2023-02-07,658.6578369140625,678.719970703125,683.6900024414062,659.239990234375,659.239990234375,1236100,2026-09-25
2023-02-08,643.1986083984375,662.7899780273438,674.8900146484375,661.3599853515625,671.469970703125,763900,2026-09-25
2023-02-09,644.4992065429688,664.1300048828125,682.280029296875,662.02001953125,673.1199951171875,686500,2026-09-25
2023-02-10,636.9490966796875,656.3499755859375,657.1699829101562,648.6400146484375,653.0900268554688,731800,2026-09-25
2023-02-13,648.972900390625,668.739990234375,673.02001953125,657.3200073242188,659.1300048828125,596000,2026-09-25
2023-02-14,657.4544067382812,677.47998046875,680.97998046875,657.2100219726562,661.7100219726562,1013400,2026-09-25
2023-02-15,656.8043212890625,676.8099975585938,677.47998046875,661.0,661.8200073242188,683500,2026-09-25
2023-02-16,636.8812255859375,656.280029296875,668.2000122070312,655.4500122070312,658.7000122070312,946300,2026-09-25
2023-02-17,632.6597900390625,651.9299926757812,658.0,647.3900146484375,650.75,1149600,2026-09-25
2023-02-21,611.1644897460938,629.780029296875,643.9400024414062,629.530029296875,638.010009765625,1022700,2026-09-25
2023-02-22,605.7591552734375,624.2100219726562,635.4000244140625,620.4299926757812,632.5599975585938,1017300,2026-09-25
2023-02-23,619.2288818359375,638.0900268554688,642.8800048828125,626.6799926757812,642.1300048828125,1093000,2026-09-25
2023-02-24,600.1014404296875,618.3800048828125,624.6699829101562,612.719970703125,619.4299926757812,995700,2026-09-25
2023-02-27,613.3966064453125,632.0800170898438,639.3699951171875,626.260009765625,631.4099731445312,804500,2026-09-25
2023-02-28,599.4707641601562,617.72998046875,625.25,610.1400146484375,612.4500122070312,1381700,2026-09-25
2023-03-01,596.7728881835938,614.9500122070312,623.1199951171875,611.9600219726562,621.0700073242188,794300,2026-09-25
2023-03-02,605.7203369140625,624.1699829101562,625.0900268554688,603.22998046875,606.3200073242188,795800,2026-09-25
2023-03-03,618.5399169921875,637.3800048828125,637.6699829101562,621.77001953125,625.3499755859375,1024100,2026-09-25
2023-03-06,602.6149291992188,620.969970703125,633.1099853515625,619.8499755859375,627.3200073242188,1403000,2026-09-25
2023-03-07,591.1054077148438,609.1099853515625,621.739990234375,605.2999877929688,619.3499755859375,1033000,2026-09-25
2023-03-08,601.0913696289062,619.4000244140625,620.5499877929688,609.030029296875,611.7999877929688,1081800,2026-09-25
2023-03-09,586.8646240234375,604.739990234375,623.8900146484375,604.5599975585938,617.0700073242188,983800,2026-09-25
2023-03-10,583.4390258789062,601.2100219726562,617.3499755859375,599.4299926757812,614.0999755859375,1043500,2026-09-25
2023-03-13,586.9034423828125,604.780029296875,612.969970703125,589.8900146484375,593.1199951171875,966900,2026-09-25
2023-03-14,601.9646606445312,620.2999877929688,620.4500122070312,611.280029296875,617.489990234375,844600,2026-09-25
2023-03-15,588.7570190429688,606.6900024414062,609.0900268554688,596.6099853515625,600.719970703125,1047200,2026-09-25
2023-03-16,611.9214477539062,630.5599975585938,631.02001953125,598.989990234375,600.75,1063200,2026-09-25
2023-03-17,614.9589233398438,633.6900024414062,638.4000244140625,626.8099975585938,633.7100219726562,1109300,2026-09-25
2023-03-20,627.2254028320312,646.3300170898438,648.3300170898438,639.0999755859375,646.2999877929688,935600,2026-09-25
2023-03-21,623.1494750976562,642.1300048828125,655.8300170898438,635.2000122070312,651.7100219726562,848500,2026-09-25
2023-03-22,621.4415283203125,640.3699951171875,661.4000244140625,639.5399780273438,643.0,955500,2026-09-25
2023-03-23,644.5282592773438,664.1599731445312,673.9400024414062,654.9400024414062,657.739990234375,1171500,2026-09-25
2023-03-24,628.3898315429688,647.530029296875,658.9500122070312,639.75,656.0599975585938,842700,2026-09-25
2023-03-27,625.0127563476562,644.0499877929688,657.47998046875,643.0499877929688,655.3699951171875,800300,2026-09-25
2023-03-28,620.8009643554688,639.7100219726562,644.6199951171875,632.3800048828125,644.0999755859375,793200,2026-09-25
2023-03-29,639.63720703125,659.1199951171875,665.1699829101562,648.469970703125,649.5700073242188,1101800,2026-09-25
2023-03-30,656.6781005859375,676.6799926757812,680.6300048828125,673.510009765625,675.2000122070312,892500,2026-09-25
2023-03-31,660.589111328125,680.7100219726562,683.1799926757812,673.6300048828125,675.0900268554688,681600,2026-09-25
2023-04-03,654.0677490234375,673.989990234375,675.739990234375,667.3900146484375,674.7999877929688,657200,2026-09-25
2023-04-04,648.9144897460938,668.6799926757812,681.5999755859375,666.0599975585938,675.8800048828125,877900,2026-09-25
2023-04-05,644.2759399414062,663.9000244140625,664.780029296875,657.3099975585938,663.6599731445312,850300,2026-09-25
2023-04-06,637.6962890625,657.1199951171875,665.2000122070312,655.3200073242188,658.2999877929688,679600,2026-09-25
2023-04-10,642.0828247070312,661.6400146484375,661.989990234375,645.489990234375,649.9299926757812,688700,2026-09-25
2023-04-11,640.2681274414062,659.77001953125,672.739990234375,658.969970703125,669.510009765625,787400,2026-09-25
2023-04-12,635.3089599609375,654.6599731445312,672.0,653.6900024414062,669.010009765625,897300,2026-09-25
2023-04-13,645.7413940429688,665.4099731445312,670.8800048828125,659.8499755859375,662.3300170898438,1118600,2026-09-25
2023-04-14,646.5079956054688,666.2000122070312,672.6400146484375,659.3699951171875,665.4099731445312,645900,2026-09-25
2023-04-17,620.1508178710938,639.0399780273438,642.0999755859375,632.280029296875,638.739990234375,1536500,2026-09-25
2023-04-18,624.3139038085938,643.3300170898438,648.27001953125,636.760009765625,644.6900024414062,910300,2026-09-25
2023-04-19,605.1671752929688,623.5999755859375,627.9500122070312,616.8800048828125,624.760009765625,2266100,2026-09-25
2023-04-20,614.8424072265625,633.5700073242188,639.8800048828125,625.3599853515625,625.3599853515625,1692900,2026-09-25
2023-04-21,615.7158203125,634.469970703125,637.1400146484375,627.7999877929688,635.510009765625,982000,2026-09-25
2023-04-24,608.8355102539062,627.3800048828125,641.3099975585938,626.9299926757812,640.8300170898438,1431400,2026-09-25
2023-04-25,587.8545532226562,605.760009765625,626.469970703125,605.760009765625,626.469970703125,1404900,2026-09-25
2023-04-26,591.095703125,609.0999755859375,615.1300048828125,606.1699829101562,613.719970703125,844200,2026-09-25
2023-04-27,610.6404418945312,629.239990234375,631.2999877929688,612.77001953125,621.760009765625,1127000,2026-09-25
2023-04-28,618.03515625,636.8599853515625,637.3400268554688,626.52001953125,630.8599853515625,823000,2026-09-25
2023-05-01,618.2279052734375,635.2000122070312,639.2100219726562,634.030029296875,635.0,469300,2026-09-25
2023-05-02,617.1087036132812,634.0499877929688,637.52001953125,628.530029296875,632.8699951171875,738100,2026-09-25
2023-05-03,617.7802124023438,634.739990234375,644.6500244140625,630.719970703125,633.9400024414062,582900,2026-09-25
2023-05-04,618.0819091796875,635.0499877929688,639.3400268554688,629.8499755859375,632.1300048828125,614000,2026-09-25
2023-05-05,632.9439697265625,650.3200073242188,654.219970703125,633.9000244140625,636.6799926757812,801400,2026-09-25
2023-05-08,637.489013671875,654.989990234375,655.0,649.2100219726562,651.75,518900,2026-09-25
2023-05-09,625.8681030273438,643.0499877929688,643.8699951171875,638.280029296875,640.5,746100,2026-09-25
2023-05-10,639.5819091796875,657.1400146484375,660.4000244140625,651.9000244140625,654.3800048828125,813600,2026-09-25
2023-05-11,632.8175048828125,650.1900024414062,652.280029296875,645.1500244140625,650.780029296875,560600,2026-09-25
2023-05-12,630.2090454101562,647.510009765625,651.0,642.0999755859375,649.3400268554688,375300,2026-09-25
2023-05-15,638.17041015625,655.6900024414062,655.7000122070312,644.8800048828125,646.8800048828125,893400,2026-09-25
2023-05-16,634.6277465820312,652.0499877929688,657.8699951171875,651.5800170898438,652.780029296875,709600,2026-09-25
2023-05-17,652.584716796875,670.5,671.4000244140625,652.77001953125,656.989990234375,1162700,2026-09-25
2023-05-18,677.3352661132812,695.9299926757812,697.25,675.0700073242188,675.27001953125,1459000,2026-09-25
2023-05-19,675.456787109375,694.0,699.8699951171875,693.8400268554688,698.0,949700,2026-09-25
2023-05-22,679.9728393554688,698.6400146484375,699.5999755859375,688.8300170898438,690.8599853515625,856000,2026-09-25
2023-05-23,663.2421875,681.4500122070312,693.3800048828125,678.8599853515625,690.8499755859375,958600,2026-09-25
2023-05-24,648.9739379882812,666.7899780273438,670.8400268554688,661.1799926757812,668.0599975585938,1159300,2026-09-25
2023-05-25,689.5498657226562,708.47998046875,710.989990234375,693.760009765625,701.02001953125,1929800,2026-09-25
2023-05-26,716.2664184570312,735.9299926757812,742.3099975585938,715.6400146484375,716.6500244140625,2349100,2026-09-25
2023-05-30,708.8013916015625,728.260009765625,747.1300048828125,725.5499877929688,743.1300048828125,1411100,2026-09-25
2023-05-31,703.6138305664062,722.9299926757812,730.0399780273438,713.280029296875,727.0700073242188,1347600,2026-09-25
2023-06-01,707.351318359375,726.77001953125,732.719970703125,718.5499877929688,724.2000122070312,992100,2026-09-25
2023-06-02,705.2879028320312,724.6500244140625,732.5499877929688,719.760009765625,730.0,813800,2026-09-25
2023-06-05,702.9032592773438,722.2000122070312,726.6300048828125,718.4000244140625,724.6400146484375,663700,2026-09-25
2023-06-06,697.4822998046875,716.6300048828125,717.6400146484375,702.9500122070312,707.75,845400,2026-09-25
2023-06-07,691.233642578125,710.2100219726562,720.1500244140625,705.5700073242188,713.3599853515625,921200,2026-09-25
2023-06-08,700.8107299804688,720.0499877929688,720.4199829101562,708.3699951171875,711.0999755859375,762400,2026-09-25
2023-06-09,696.7325439453125,715.8599853515625,725.6099853515625,712.6099853515625,720.5599975585938,864500,2026-09-25
2023-06-12,710.6603393554688,730.1699829101562,730.77001953125,720.0,721.989990234375,1058900,2026-09-25
2023-06-13,717.5707397460938,737.27001953125,739.4000244140625,723.7999877929688,737.219970703125,876100,2026-09-25
2023-06-14,720.4320678710938,740.2100219726562,741.719970703125,728.1599731445312,735.4099731445312,821400,2026-09-25
2023-06-15,718.9526977539062,738.6900024414062,744.4400024414062,722.3200073242188,723.27001953125,820400,2026-09-25
2023-06-16,702.591796875,721.8800048828125,733.1599731445312,720.0,731.4000244140625,1337400,2026-09-25
2023-06-20,701.1611328125,720.4099731445312,724.739990234375,710.5800170898438,720.6199951171875,799300,2026-09-25
2023-06-21,688.4014282226562,707.2999877929688,719.5499877929688,704.8599853515625,718.6199951171875,820300,2026-09-25
2023-06-22,698.2412109375,717.4099731445312,717.75,700.3499755859375,701.97998046875,699800,2026-09-25
2023-06-23,679.2427978515625,697.8900146484375,701.6300048828125,695.9199829101562,698.0999755859375,916900,2026-09-25
2023-06-26,681.530029296875,700.239990234375,714.1199951171875,700.22998046875,703.0800170898438,714000,2026-09-25
2023-06-27,705.7063598632812,725.0800170898438,726.6599731445312,704.52001953125,706.9000244140625,1115800,2026-09-25
2023-06-28,704.840087890625,724.1900024414062,730.0,717.3200073242188,719.4299926757812,866400,2026-09-25
2023-06-29,704.0226440429688,723.3499755859375,729.3800048828125,721.5900268554688,727.6199951171875,768100,2026-09-25
2023-06-30,705.3851318359375,724.75,727.4500122070312,715.6599731445312,722.530029296875,963600,2026-09-25
2023-07-03,714.2713623046875,733.8800048828125,737.1699829101562,726.1500244140625,733.989990234375,531900,2026-09-25
2023-07-05,696.5477294921875,715.6699829101562,722.6099853515625,714.4400024414062,721.2000122070312,954800,2026-09-25
2023-07-06,680.625,699.3099975585938,703.6799926757812,693.22998046875,701.72998046875,1218700,2026-09-25
2023-07-07,678.1235961914062,696.739990234375,705.739990234375,693.6599731445312,697.9000244140625,1352000,2026-09-25
2023-07-10,690.8638305664062,709.8300170898438,712.8300170898438,703.4299926757812,703.7100219726562,930900,2026-09-25
2023-07-11,686.162841796875,705.0,709.780029296875,695.6900024414062,708.9199829101562,623200,2026-09-25
2023-07-12,705.4922485351562,724.8599853515625,730.5,722.22998046875,729.52001953125,1311700,2026-09-25
2023-07-13,730.6808471679688,750.739990234375,751.5,740.2000122070312,741.1699829101562,1209100,2026-09-25
2023-07-14,733.8731079101562,754.02001953125,771.97998046875,751.969970703125,760.6500244140625,1843900,2026-09-25
2023-07-17,734.3304443359375,754.489990234375,756.9199829101562,735.47998046875,744.5,1355200,2026-09-25
2023-07-18,736.802734375,757.030029296875,760.0,742.4500122070312,748.7999877929688,1220600,2026-09-25
2023-07-19,696.6549072265625,715.780029296875,742.8300170898438,713.1300048828125,739.2000122070312,2406200,2026-09-25
2023-07-20,658.064208984375,676.1300048828125,697.8099975585938,673.3400268554688,697.0,2918800,2026-09-25
2023-07-21,674.8340454101562,693.3599853515625,697.8599853515625,689.27001953125,695.3099975585938,2524100,2026-09-25
2023-07-24,666.1911010742188,684.47998046875,688.75,680.8499755859375,685.0,1145300,2026-09-25
2023-07-25,668.935791015625,687.2999877929688,695.3200073242188,684.9099731445312,684.9199829101562,1061900,2026-09-25
2023-07-26,666.0159912109375,684.2999877929688,690.1699829101562,677.4400024414062,679.9299926757812,752200,2026-09-25
2023-07-27,689.199462890625,708.1199951171875,720.4199829101562,703.5700073242188,714.9400024414062,1488800,2026-09-25
2023-07-28,699.1756591796875,718.3699951171875,721.5,709.6900024414062,714.4299926757812,949800,2026-09-25
2023-07-31,697.26806640625,716.4099731445312,722.7100219726562,712.1900024414062,721.2899780273438,789100,2026-09-25
2023-08-01,691.31103515625,708.7100219726562,712.5,705.5399780273438,711.4500122070312,555100,2026-09-25
2023-08-02,666.2906494140625,683.0599975585938,695.9400024414062,682.0800170898438,695.5999755859375,1025400,2026-09-25
2023-08-03,664.2910766601562,681.010009765625,682.8499755859375,672.72998046875,673.7999877929688,920200,2026-09-25
2023-08-04,661.393798828125,678.0399780273438,689.1500244140625,675.25,685.3499755859375,891600,2026-09-25
2023-08-07,676.3963012695312,693.4199829101562,693.4299926757812,684.4199829101562,690.4400024414062,663500,2026-09-25
2023-08-08,662.6912841796875,679.3699951171875,680.7000122070312,670.4600219726562,675.3099975585938,746700,2026-09-25
2023-08-09,655.9801025390625,672.489990234375,683.989990234375,670.6400146484375,679.75,685200,2026-09-25
2023-08-10,661.1695556640625,677.8099975585938,695.3200073242188,676.1199951171875,688.1900024414062,913900,2026-09-25
2023-08-11,645.533203125,661.780029296875,670.010009765625,661.27001953125,666.7999877929688,806000,2026-09-25
2023-08-14,650.1859130859375,666.5499877929688,666.739990234375,648.7100219726562,652.9500122070312,957400,2026-09-25
2023-08-15,635.7006225585938,651.7000122070312,658.8699951171875,650.75,657.9000244140625,633100,2026-09-25
2023-08-16,630.5697631835938,646.4400024414062,658.989990234375,646.280029296875,655.5900268554688,665300,2026-09-25
2023-08-17,628.5213012695312,644.3400268554688,655.77001953125,642.8800048828125,655.739990234375,797100,2026-09-25
2023-08-18,639.2413940429688,655.3300170898438,658.3300170898438,642.9500122070312,645.02001953125,937600,2026-09-25
2023-08-21,646.2550048828125,662.52001953125,664.6400146484375,649.9099731445312,653.8599853515625,1104300,2026-09-25
2023-08-22,651.1322021484375,667.52001953125,680.530029296875,663.7100219726562,679.219970703125,760200,2026-09-25
2023-08-23,660.4965209960938,677.1199951171875,680.9500122070312,666.52001953125,668.239990234375,908100,2026-09-25
2023-08-24,631.9158935546875,647.8200073242188,678.1699829101562,646.8699951171875,678.010009765625,1336800,2026-09-25
2023-08-25,635.0274658203125,651.010009765625,652.8900146484375,635.8699951171875,643.6799926757812,986200,2026-09-25
2023-08-28,642.8116455078125,658.989990234375,659.8099975585938,652.489990234375,657.0599975585938,535800,2026-09-25
2023-08-29,651.1224975585938,667.510009765625,668.5399780273438,652.3599853515625,652.5,757900,2026-09-25
2023-08-30,653.1222534179688,669.5599975585938,671.219970703125,663.530029296875,667.3900146484375,564100,2026-09-25
2023-08-31,644.3137817382812,660.530029296875,669.3200073242188,656.6199951171875,660.0,1100100,2026-09-25
2023-09-01,646.2550048828125,662.52001953125,674.5399780273438,657.5,674.0,592800,2026-09-25
2023-09-05,647.2694091796875,663.5599975585938,667.4299926757812,661.1699829101562,665.1300048828125,592100,2026-09-25
2023-09-06,649.6885375976562,666.0399780273438,669.7899780273438,657.0800170898438,666.1500244140625,870800,2026-09-25
2023-09-07,622.132080078125,637.7899780273438,639.6699829101562,628.8599853515625,637.6300048828125,1236200,2026-09-25
2023-09-08,612.4458618164062,627.8599853515625,633.02001953125,625.219970703125,628.3699951171875,873200,2026-09-25
2023-09-11,612.2996215820312,627.7100219726562,631.530029296875,618.3800048828125,630.8300170898438,1066300,2026-09-25
2023-09-12,603.608154296875,618.7999877929688,622.989990234375,610.2000122070312,611.0,1311300,2026-09-25
2023-09-13,601.9012451171875,617.0499877929688,619.9600219726562,613.8099975585938,614.3699951171875,1077000,2026-09-25
2023-09-14,606.63232421875,621.9000244140625,624.7999877929688,615.3599853515625,620.8099975585938,1237000,2026-09-25
2023-09-15,582.01171875,596.6599731445312,605.22998046875,594.02001953125,602.6199951171875,2841400,2026-09-25
2023-09-18,583.0556030273438,597.72998046875,598.3599853515625,588.010009765625,588.1799926757812,1071700,2026-09-25
2023-09-19,579.1928100585938,593.77001953125,598.1500244140625,589.1300048828125,596.0399780273438,893500,2026-09-25
2023-09-20,575.398193359375,589.8800048828125,600.8300170898438,589.75,595.6199951171875,1094500,2026-09-25
2023-09-21,567.828857421875,582.1199951171875,590.97998046875,582.1199951171875,586.989990234375,1313800,2026-09-25
2023-09-22,572.6864624023438,587.0999755859375,594.77001953125,586.0399780273438,593.8800048828125,837300,2026-09-25
2023-09-25,571.7404174804688,586.1300048828125,587.989990234375,580.530029296875,583.6300048828125,607300,2026-09-25
2023-09-26,558.6497192382812,572.7100219726562,578.77001953125,567.9199829101562,576.4000244140625,1471000,2026-09-25
2023-09-27,560.4252319335938,574.530029296875,582.1799926757812,564.280029296875,578.0,1477600,2026-09-25
2023-09-28,566.3948974609375,580.6500244140625,588.2999877929688,564.0,566.22998046875,1112500,2026-09-25
2023-09-29,574.2083129882812,588.6599731445312,600.8599853515625,586.760009765625,600.4299926757812,1017400,2026-09-25
2023-10-02,567.8873291015625,582.1799926757812,587.6199951171875,576.3499755859375,583.3599853515625,811300,2026-09-25
2023-10-03,556.591552734375,570.5999755859375,579.6799926757812,567.5700073242188,574.9500122070312,1101300,2026-09-25
2023-10-04,576.354248046875,590.8599853515625,591.8400268554688,580.4600219726562,584.1699829101562,1325900,2026-09-25
2023-10-05,567.4093627929688,581.6900024414062,586.5999755859375,575.4000244140625,583.7000122070312,865500,2026-09-25
2023-10-06,582.6947021484375,597.3599853515625,600.489990234375,577.5999755859375,583.7899780273438,1042100,2026-09-25
2023-10-09,576.8516235351562,591.3699951171875,591.7100219726562,582.4099731445312,587.6500244140625,738500,2026-09-25
2023-10-10,587.3670654296875,602.1500244140625,606.7999877929688,598.3499755859375,600.1799926757812,1087000,2026-09-25
2023-10-11,591.307861328125,606.1900024414062,606.1900024414062,598.0,601.3499755859375,981800,2026-09-25
2023-10-12,601.6183471679688,616.760009765625,624.1900024414062,609.6400146484375,609.6400146484375,1618400,2026-09-25
2023-10-13,585.0259399414062,599.75,612.2000122070312,597.3400268554688,611.3400268554688,1098500,2026-09-25
2023-10-16,588.9765014648438,603.7999877929688,606.0499877929688,598.0,601.0399780273438,1154100,2026-09-25
2023-10-17,593.68798828125,608.6300048828125,610.3499755859375,586.9400024414062,590.8900146484375,1535700,2026-09-25
2023-10-18,568.9310913085938,583.25,591.7899780273438,573.8599853515625,581.780029296875,2401700,2026-09-25
2023-10-19,573.301025390625,587.72998046875,604.5399780273438,584.8599853515625,600.4400024414062,1475500,2026-09-25
2023-10-20,565.8583984375,580.0999755859375,592.2899780273438,578.2999877929688,588.9500122070312,1035000,2026-09-25
2023-10-23,573.3595581054688,587.7899780273438,593.510009765625,573.8599853515625,577.6099853515625,905100,2026-09-25
2023-10-24,586.0013427734375,600.75,602.760009765625,589.6300048828125,590.6199951171875,1333900,2026-09-25
2023-10-25,569.0188598632812,583.3400268554688,598.1900024414062,581.5700073242188,597.4500122070312,1322700,2026-09-25
2023-10-26,573.7594604492188,588.2000122070312,599.0,585.5700073242188,593.0999755859375,1093000,2026-09-25
2023-10-27,575.5151977539062,590.0,595.969970703125,587.3300170898438,594.8699951171875,819400,2026-09-25
2023-10-30,574.4228515625,588.8800048828125,594.4500122070312,582.47998046875,592.77001953125,746700,2026-09-25
2023-10-31,584.1090087890625,598.8099975585938,602.1300048828125,593.5599975585938,599.6500244140625,1020300,2026-09-25
2023-11-01,594.8567504882812,608.27001953125,608.7999877929688,596.780029296875,599.6699829101562,1005800,2026-09-25
2023-11-02,617.4668579101562,631.3900146484375,637.489990234375,627.0900268554688,636.969970703125,1527400,2026-09-25
2023-11-03,628.243896484375,642.4099731445312,647.0,638.9000244140625,643.0999755859375,906900,2026-09-25
2023-11-06,623.3834228515625,637.4400024414062,638.7999877929688,631.1699829101562,636.8800048828125,651300,2026-09-25
2023-11-07,622.2785034179688,636.3099975585938,641.3900146484375,633.530029296875,633.8200073242188,529000,2026-09-25
2023-11-08,625.192626953125,639.2899780273438,642.6599731445312,637.1500244140625,639.5499877929688,727000,2026-09-25
2023-11-09,620.2737426757812,634.260009765625,649.3800048828125,633.8499755859375,646.3900146484375,1221600,2026-09-25
2023-11-10,646.69775390625,661.280029296875,663.219970703125,640.7899780273438,644.4600219726562,1246700,2026-09-25
2023-11-13,640.1651000976562,654.5999755859375,657.75,648.27001953125,654.1400146484375,641200,2026-09-25
2023-11-14,660.5161743164062,675.4099731445312,678.489990234375,669.5,674.6500244140625,1166800,2026-09-25
2023-11-15,663.0490112304688,678.0,682.2000122070312,675.010009765625,680.280029296875,918500,2026-09-25
2023-11-16,665.855712890625,680.8699951171875,684.5800170898438,675.0,676.7100219726562,854700,2026-09-25
2023-11-17,670.9606323242188,686.0900268554688,687.5900268554688,679.2000122070312,681.0599975585938,627600,2026-09-25
2023-11-20,678.9994506835938,694.3099975585938,696.969970703125,685.3200073242188,685.3200073242188,674700,2026-09-25
2023-11-21,669.3274536132812,684.4199829101562,694.5800170898438,679.9199829101562,693.8699951171875,705400,2026-09-25
2023-11-22,669.6990966796875,684.7999877929688,694.0499877929688,683.9099731445312,689.469970703125,522300,2026-09-25
2023-11-24,675.9383544921875,691.1799926757812,692.0399780273438,687.9000244140625,690.0700073242188,352100,2026-09-25
2023-11-27,673.2001342773438,688.3800048828125,690.3099975585938,685.0499877929688,687.6599731445312,545500,2026-09-25
2023-11-28,661.0833740234375,675.989990234375,682.8499755859375,672.6500244140625,680.0,644300,2026-09-25
2023-11-29,672.4471435546875,687.6099853515625,693.1099853515625,684.6699829101562,686.510009765625,795500,2026-09-25
2023-11-30,668.6820678710938,683.760009765625,684.3300170898438,676.3800048828125,683.1099853515625,753600,2026-09-25
2023-12-01,676.9359741210938,692.2000122070312,695.5800170898438,683.0499877929688,688.1699829101562,857600,2026-09-25
2023-12-04,675.0973510742188,690.3200073242188,690.719970703125,679.1199951171875,686.739990234375,748500,2026-09-25
2023-12-05,679.214599609375,694.530029296875,697.4299926757812,687.9299926757812,690.3200073242188,610000,2026-09-25
2023-12-06,676.8184814453125,692.0800170898438,703.27001953125,691.219970703125,699.4299926757812,657100,2026-09-25
2023-12-07,684.2216186523438,699.6500244140625,700.489990234375,692.0900268554688,695.3699951171875,780600,2026-09-25
2023-12-08,681.0726928710938,696.4299926757812,702.8300170898438,694.030029296875,695.3400268554688,920600,2026-09-25
2023-12-11,694.578125,710.239990234375,713.489990234375,702.5999755859375,704.719970703125,1585000,2026-09-25
2023-12-12,704.670654296875,720.5599975585938,720.97998046875,711.3099975585938,714.9199829101562,880100,2026-09-25
2023-12-13,719.07568359375,735.2899780273438,738.6799926757812,720.739990234375,724.6500244140625,1037200,2026-09-25
2023-12-14,737.0895385742188,753.7100219726562,755.989990234375,744.2999877929688,744.2999877929688,1446600,2026-09-25
2023-12-15,736.3561401367188,752.9600219726562,760.3300170898438,749.6199951171875,753.7100219726562,1507000,2026-09-25
2023-12-18,725.6963500976562,742.0599975585938,747.7999877929688,736.3200073242188,747.3699951171875,808900,2026-09-25
2023-12-19,728.2977905273438,744.719970703125,745.0800170898438,740.530029296875,743.0,571000,2026-09-25
2023-12-20,713.5208740234375,729.6099853515625,749.8599853515625,729.6099853515625,739.5999755859375,1007600,2026-09-25
2023-12-21,738.6151733398438,755.27001953125,755.9199829101562,743.5499877929688,744.1699829101562,868200,2026-09-25
2023-12-22,735.9356079101562,752.530029296875,755.8200073242188,749.1099853515625,752.8400268554688,597300,2026-09-25
2023-12-26,745.8616943359375,762.6799926757812,765.7999877929688,750.0,750.0999755859375,509000,2026-09-25
2023-12-27,747.1820068359375,764.030029296875,764.47998046875,758.3499755859375,760.8200073242188,486900,2026-09-25
2023-12-28,741.1382446289062,757.8499755859375,763.0900268554688,757.8099975585938,762.0700073242188,468000,2026-09-25
2023-12-29,740.2286376953125,756.9199829101562,760.3499755859375,752.3300170898438,758.030029296875,517900,2026-09-25
2024-01-02,701.11083984375,716.9199829101562,730.77001953125,714.1400146484375,730.0,1368700,2026-09-25
2024-01-03,687.8596801757812,703.3699951171875,706.6400146484375,699.5999755859375,700.5999755859375,952000,2026-09-25
2024-01-04,684.8475952148438,700.2899780273438,709.510009765625,697.510009765625,698.0,752100,2026-09-25
2024-01-05,687.830322265625,703.3400268554688,709.7899780273438,699.5999755859375,700.760009765625,579200,2026-09-25
2024-01-08,704.9444580078125,720.8400268554688,720.8400268554688,711.9099731445312,712.6500244140625,835300,2026-09-25
2024-01-09,700.1622924804688,715.9500122070312,719.0700073242188,710.6699829101562,710.6699829101562,587000,2026-09-25
2024-01-10,701.9616088867188,717.7899780273438,720.0,708.0399780273438,716.469970703125,506400,2026-09-25
2024-01-11,702.685302734375,718.530029296875,724.1900024414062,708.6300048828125,720.489990234375,603900,2026-09-25
2024-01-12,697.4923706054688,713.219970703125,715.5499877929688,709.6199951171875,712.6099853515625,580500,2026-09-25
2024-01-16,690.9205932617188,706.5,711.2999877929688,702.5,707.989990234375,913100,2026-09-25
2024-01-17,696.5633544921875,712.27001953125,713.1699829101562,696.0800170898438,705.9500122070312,835100,2026-09-25
2024-01-18,728.1119995117188,744.530029296875,748.27001953125,724.6799926757812,724.6799926757812,2230400,2026-09-25
2024-01-19,741.1185913085938,757.8300170898438,759.469970703125,744.780029296875,748.5,1796100,2026-09-25
2024-01-22,749.7735595703125,766.6799926757812,776.530029296875,765.530029296875,766.4000244140625,1418600,2026-09-25
2024-01-23,761.2252807617188,778.3900146484375,778.6699829101562,762.5399780273438,766.0499877929688,1800700,2026-09-25
2024-01-24,828.62548828125,847.3099975585938,864.5900268554688,826.5,826.8599853515625,7754300,2026-09-25
2024-01-25,849.9154052734375,869.0800170898438,883.280029296875,862.989990234375,869.0,3449500,2026-09-25
2024-01-26,848.61474609375,867.75,873.2000122070312,853.2100219726562,863.5499877929688,1614800,2026-09-25
2024-01-29,863.1567993164062,882.6199951171875,883.4199829101562,865.2000122070312,867.5800170898438,1034500,2026-09-25
2024-01-30,848.888671875,868.030029296875,877.72998046875,862.6099853515625,874.0499877929688,895600,2026-09-25
2024-01-31,850.63916015625,869.8200073242188,884.0,859.4600219726562,861.219970703125,1251200,2026-09-25
2024-02-01,870.9022827148438,890.5399780273438,893.780029296875,876.6599731445312,882.3200073242188,1040200,2026-09-25
2024-02-02,871.0194702148438,890.6599731445312,893.0499877929688,879.0900268554688,879.239990234375,896400,2026-09-25
2024-02-05,880.2636108398438,898.5399780273438,901.9199829101562,881.0999755859375,885.5999755859375,950100,2026-09-25
2024-02-06,886.4844360351562,904.8900146484375,905.760009765625,890.8499755859375,898.7999877929688,1409500,2026-09-25
2024-02-07,903.4717407226562,922.22998046875,927.7899780273438,905.0599975585938,905.2899780273438,1492200,2026-09-25
2024-02-08,904.1673583984375,922.9400024414062,927.72998046875,910.9099731445312,917.5900268554688,1150800,2026-09-25
2024-02-09,930.2850952148438,949.5999755859375,954.3200073242188,931.7100219726562,936.6900024414062,1588800,2026-09-25
2024-02-12,910.309814453125,929.2100219726562,946.47998046875,927.3499755859375,939.6599731445312,1033600,2026-09-25
2024-02-13,884.9464111328125,903.3200073242188,915.8900146484375,889.010009765625,890.8499755859375,1297200,2026-09-25
2024-02-14,905.6368408203125,924.4400024414062,925.75,913.4000244140625,914.780029296875,1206400,2026-09-25
2024-02-15,910.9269409179688,929.8400268554688,934.75,919.3400268554688,929.0800170898438,884300,2026-09-25
2024-02-16,910.0453491210938,928.9400024414062,948.52001953125,925.72998046875,932.72998046875,1161300,2026-09-25
2024-02-20,891.0692749023438,909.5700073242188,919.97998046875,898.510009765625,918.5999755859375,1044100,2026-09-25
2024-02-21,889.7368774414062,908.2100219726562,908.6699829101562,892.6300048828125,897.4500122070312,867500,2026-09-25
2024-02-22,932.4891967773438,951.8499755859375,959.4600219726562,941.2000122070312,946.9199829101562,1780800,2026-09-25
2024-02-23,914.267578125,933.25,954.5599975585938,932.7899780273438,952.280029296875,879000,2026-09-25
2024-02-26,928.3159790039062,947.5900268554688,951.719970703125,936.2000122070312,941.510009765625,671300,2026-09-25
2024-02-27,922.2224731445312,941.3699951171875,957.760009765625,940.3599853515625,953.0,807500,2026-09-25
2024-02-28,920.3905029296875,939.5,943.5,935.0999755859375,939.0399780273438,519700,2026-09-25
2024-02-29,932.32275390625,951.6799926757812,952.4500122070312,938.4199829101562,939.5,777600,2026-09-25
2024-03-01,970.7841186523438,990.9400024414062,991.4500122070312,950.27001953125,951.5800170898438,1698200,2026-09-25
2024-03-04,977.7398681640625,998.0399780273438,1007.6799926757812,987.75,992.5999755859375,1433000,2026-09-25
2024-03-05,949.1337280273438,968.8400268554688,992.0399780273438,958.6900024414062,989.7100219726562,1259500,2026-09-25
2024-03-06,983.5099487304688,1003.9299926757812,1009.6300048828125,981.469970703125,986.9400024414062,1304500,2026-09-25
2024-03-07,1026.0860595703125,1047.3900146484375,1056.3399658203125,1014.8200073242188,1015.6699829101562,1580300,2026-09-25
2024-03-08,974.1053466796875,994.3300170898438,1040.2099609375,993.22998046875,1038.8800048828125,1638500,2026-09-25
2024-03-11,943.0892333984375,962.6699829101562,981.030029296875,957.5,979.5,1432100,2026-09-25
2024-03-12,964.26953125,984.2899780273438,984.989990234375,950.47998046875,966.7999877929688,1165200,2026-09-25
2024-03-13,949.074951171875,968.780029296875,983.1599731445312,959.0599975585938,983.1599731445312,851100,2026-09-25
2024-03-14,940.258056640625,959.780029296875,971.469970703125,950.5599975585938,968.5900268554688,876600,2026-09-25
2024-03-15,921.086181640625,940.2100219726562,954.780029296875,931.7899780273438,954.780029296875,1727400,2026-09-25
2024-03-18,922.193115234375,941.3400268554688,958.2100219726562,939.75,949.3599853515625,821400,2026-09-25
2024-03-19,932.5480346679688,951.9099731445312,956.5900268554688,928.0,938.5399780273438,817600,2026-09-25
2024-03-20,951.1714477539062,970.9199829101562,974.2999877929688,946.8900146484375,956.0700073242188,838600,2026-09-25
2024-03-21,970.6371459960938,990.7899780273438,1005.6599731445312,988.0800170898438,1005.010009765625,1112400,2026-09-25
2024-03-22,960.027587890625,979.9600219726562,991.0800170898438,972.5700073242188,973.7100219726562,692800,2026-09-25
2024-03-25,959.0185546875,978.9299926757812,992.280029296875,976.4600219726562,979.1300048828125,860900,2026-09-25
2024-03-26,951.5436401367188,971.2999877929688,989.3900146484375,970.8300170898438,986.739990234375,706000,2026-09-25
2024-03-27,954.1985473632812,974.010009765625,979.2000122070312,964.0700073242188,978.780029296875,572100,2026-09-25
2024-03-28,950.7305297851562,970.469970703125,971.8699951171875,961.6500244140625,969.5499877929688,685700,2026-09-25
2024-04-01,972.7533569335938,992.9500122070312,1022.6599731445312,979.760009765625,979.760009765625,1108500,2026-09-25
2024-04-02,947.0471801757812,966.7100219726562,973.8400268554688,957.1199951171875,968.1300048828125,964000,2026-09-25
2024-04-03,960.3312377929688,980.27001953125,986.469970703125,962.0999755859375,965.8800048828125,892100,2026-09-25
2024-04-04,934.017578125,953.4099731445312,996.7999877929688,953.3900146484375,991.989990234375,1269700,2026-09-25
2024-04-05,959.6259765625,979.5499877929688,986.5999755859375,966.9199829101562,976.5,878400,2026-09-25
2024-04-08,962.7217407226562,982.7100219726562,996.2000122070312,980.1300048828125,989.8499755859375,929000,2026-09-25
2024-04-09,969.6968383789062,989.8300170898438,1000.2000122070312,969.3599853515625,993.739990234375,717500,2026-09-25
2024-04-10,954.7863159179688,974.6099853515625,983.47998046875,962.8099975585938,962.8099975585938,722800,2026-09-25
2024-04-11,971.9989624023438,992.1799926757812,992.1900024414062,963.3300170898438,981.5499877929688,964700,2026-09-25
2024-04-12,942.2761840820312,961.8400268554688,972.1500244140625,956.5,969.8200073242188,1031000,2026-09-25
2024-04-15,935.3988647460938,954.8200073242188,988.719970703125,951.0999755859375,985.4199829101562,1077500,2026-09-25
2024-04-16,957.0491943359375,976.9199829101562,978.6099853515625,957.2000122070312,958.2999877929688,1506500,2026-09-25
2024-04-17,889.1491088867188,907.6099853515625,942.8300170898438,895.8400268554688,942.8099975585938,3774100,2026-09-25
2024-04-18,870.9471435546875,889.030029296875,903.5999755859375,886.4000244140625,901.1199951171875,1653700,2026-09-25
2024-04-19,842.056884765625,859.5399780273438,896.2100219726562,855.5900268554688,887.4400024414062,2486800,2026-09-25
2024-04-22,854.3123779296875,872.0499877929688,880.0,862.4600219726562,870.0,1143900,2026-09-25
2024-04-23,883.2320556640625,901.5700073242188,908.0599975585938,875.0,879.2999877929688,991300,2026-09-25
2024-04-24,874.1701049804688,892.3200073242188,915.0,881.969970703125,913.0499877929688,860600,2026-09-25
2024-04-25,884.1528930664062,902.510009765625,911.0599975585938,871.0,875.0,1114200,2026-09-25
2024-04-26,902.1503295898438,918.969970703125,926.3900146484375,911.5499877929688,912.27001953125,865100,2026-09-25
2024-04-29,893.1188354492188,909.77001953125,913.25,901.0800170898438,911.8499755859375,650800,2026-09-25
2024-04-30,856.5013427734375,872.469970703125,907.1799926757812,871.219970703125,896.0999755859375,1093000,2026-09-25
2024-05-01,837.2307739257812,852.8400268554688,880.5900268554688,849.1400146484375,871.1099853515625,1458200,2026-09-25
2024-05-02,854.3515625,870.280029296875,878.0,862.3499755859375,875.0,876800,2026-09-25
2024-05-03,885.1277465820312,901.6300048828125,904.9600219726562,888.6699829101562,894.5900268554688,1038000,2026-09-25
2024-05-06,900.137939453125,916.9199829101562,918.3599853515625,905.030029296875,909.2000122070312,642000,2026-09-25
2024-05-07,891.59716796875,908.219970703125,926.3800048828125,907.6400146484375,924.8300170898438,655000,2026-09-25
2024-05-08,894.7875366210938,911.469970703125,916.72998046875,903.3200073242188,904.4400024414062,555700,2026-09-25
2024-05-09,896.8196411132812,913.5399780273438,918.1699829101562,907.3800048828125,914.7000122070312,756000,2026-09-25
2024-05-10,913.2630615234375,930.2899780273438,939.0,925.0,925.0,814100,2026-09-25
2024-05-13,900.4520263671875,917.239990234375,929.0,914.260009765625,927.6799926757812,745700,2026-09-25
2024-05-14,898.282470703125,915.030029296875,916.3800048828125,905.8800048828125,912.9000244140625,592000,2026-09-25
2024-05-15,920.2626953125,937.4199829101562,937.4199829101562,910.6500244140625,918.6500244140625,883000,2026-09-25
2024-05-16,902.7098388671875,919.5399780273438,938.8099975585938,918.9400024414062,936.5,811100,2026-09-25
2024-05-17,908.0404663085938,924.969970703125,930.969970703125,916.2100219726562,920.7999877929688,703700,2026-09-25
2024-05-20,922.2456665039062,939.4400024414062,946.719970703125,925.780029296875,925.780029296875,669300,2026-09-25
2024-05-21,908.3350830078125,925.27001953125,933.5800170898438,915.3400268554688,920.9400024414062,746400,2026-09-25
2024-05-22,905.4487915039062,922.3300170898438,933.5,913.489990234375,931.2100219726562,668600,2026-09-25
2024-05-23,917.1506958007812,934.25,969.489990234375,927.4099731445312,967.5800170898438,1357200,2026-09-25
2024-05-24,938.718505859375,956.219970703125,958.5700073242188,933.72998046875,938.260009765625,684900,2026-09-25
2024-05-28,973.6963500976562,991.8499755859375,992.8800048828125,965.25,972.7999877929688,1184000,2026-09-25
2024-05-29,940.3482055664062,957.8800048828125,965.5,955.9400024414062,961.5499877929688,902000,2026-09-25
2024-05-30,948.4373779296875,966.1199951171875,969.1500244140625,952.7999877929688,957.0,846500,2026-09-25
2024-05-31,942.77294921875,960.3499755859375,980.0,932.9299926757812,971.8099975585938,1040400,2026-09-25
2024-06-03,947.8091430664062,965.47998046875,972.260009765625,948.3900146484375,969.3400268554688,752800,2026-09-25
2024-06-04,933.4075927734375,950.8099975585938,963.7100219726562,943.0,962.239990234375,765400,2026-09-25
2024-06-05,1022.2806396484375,1041.3399658203125,1041.56005859375,1008.9000244140625,1019.3499755859375,2586500,2026-09-25
2024-06-06,1033.3443603515625,1052.6099853515625,1054.43994140625,1032.989990234375,1048.0,1370700,2026-09-25
2024-06-07,1009.5971069335938,1028.4200439453125,1043.739990234375,1026.52001953125,1040.25,936200,2026-09-25
2024-06-10,1022.643798828125,1041.7099609375,1046.1199951171875,1013.9199829101562,1016.1400146484375,1039500,2026-09-25
2024-06-11,1017.0481567382812,1036.010009765625,1038.9100341796875,1019.6900024414062,1027.489990234375,789500,2026-09-25
2024-06-12,1049.296875,1068.8599853515625,1077.219970703125,1055.6300048828125,1059.1500244140625,978400,2026-09-25
2024-06-13,1033.442626953125,1052.7099609375,1061.0,1038.739990234375,1053.72998046875,1106300,2026-09-25
2024-06-14,1009.086669921875,1027.9000244140625,1031.0,1016.5999755859375,1021.4600219726562,1047200,2026-09-25
2024-06-17,1033.206787109375,1052.469970703125,1054.3800048828125,1032.6700439453125,1044.18994140625,844400,2026-09-25
2024-06-18,1041.9537353515625,1061.3800048828125,1069.4200439453125,1042.0,1042.199951171875,1025300,2026-09-25
2024-06-20,1031.508544921875,1050.739990234375,1063.1500244140625,1045.02001953125,1058.22998046875,1150300,2026-09-25
2024-06-21,1017.6273193359375,1036.5999755859375,1039.0,1023.2100219726562,1038.1800537109375,1626000,2026-09-25
2024-06-24,983.6704711914062,1002.010009765625,1034.7099609375,1002.010009765625,1033.1700439453125,1027000,2026-09-25
2024-06-25,1004.6100463867188,1023.3400268554688,1023.489990234375,1002.6400146484375,1005.1599731445312,621600,2026-09-25
2024-06-26,997.9932861328125,1016.5999755859375,1023.5999755859375,1003.9000244140625,1014.0,885100,2026-09-25
2024-06-27,1009.1946411132812,1028.010009765625,1041.7099609375,1024.6400146484375,1029.43994140625,784300,2026-09-25
2024-06-28,1004.01123046875,1022.72998046875,1048.81005859375,1015.4500122070312,1028.0,837600,2026-09-25
2024-07-01,1014.57421875,1033.489990234375,1038.1099853515625,1015.7999877929688,1035.550048828125,791000,2026-09-25
2024-07-02,1028.710693359375,1047.8900146484375,1047.989990234375,1025.8599853515625,1026.77001953125,748700,2026-09-25
2024-07-03,1051.80029296875,1071.4100341796875,1074.300048828125,1055.4100341796875,1058.3900146484375,779800,2026-09-25
2024-07-05,1054.8140869140625,1074.47998046875,1082.7900390625,1069.3399658203125,1079.75,771100,2026-09-25
2024-07-08,1057.6708984375,1077.3900146484375,1087.7900390625,1075.8299560546875,1083.1500244140625,881900,2026-09-25
2024-07-09,1040.569580078125,1059.969970703125,1081.52001953125,1059.3499755859375,1079.699951171875,925400,2026-09-25
2024-07-10,1078.836181640625,1098.949951171875,1100.5799560546875,1065.0,1069.18994140625,925400,2026-09-25
2024-07-11,1043.0533447265625,1062.5,1110.0899658203125,1061.56005859375,1109.97998046875,1151400,2026-09-25
2024-07-12,1065.396484375,1085.260009765625,1100.6199951171875,1066.300048828125,1072.760009765625,1053800,2026-09-25
2024-07-15,1044.162841796875,1063.6300048828125,1098.72998046875,1060.3699951171875,1097.43994140625,1365600,2026-09-25
2024-07-16,1048.63916015625,1068.18994140625,1077.050048828125,1060.739990234375,1074.52001953125,1197600,2026-09-25
2024-07-17,915.0007934570312,932.0599975585938,979.989990234375,928.7000122070312,978.5800170898438,5188400,2026-09-25
2024-07-18,907.2354736328125,924.1500244140625,957.2100219726562,911.0,953.5,2242200,2026-09-25
2024-07-19,878.982177734375,895.3699951171875,920.3400268554688,891.6599731445312,915.22998046875,2133600,2026-09-25
2024-07-22,924.0323486328125,941.260009765625,942.5700073242188,922.010009765625,928.1900024414062,1926800,2026-09-25
2024-07-23,915.7369384765625,932.8099975585938,940.4099731445312,929.1799926757812,935.3800048828125,1056200,2026-09-25
2024-07-24,856.7762451171875,872.75,919.6699829101562,870.760009765625,918.1599731445312,1912000,2026-09-25
2024-07-25,846.8414306640625,862.6300048828125,886.3699951171875,850.1799926757812,873.0,2075900,2026-09-25
2024-07-26,872.1300048828125,888.3900146484375,895.5700073242188,882.22998046875,893.9199829101562,1681600,2026-09-25
2024-07-29,856.2000732421875,870.5499877929688,898.0,869.02001953125,886.989990234375,1231500,2026-09-25
2024-07-30,846.0599365234375,860.239990234375,893.9400024414062,856.0,892.5,1682100,2026-09-25
2024-07-31,921.2595825195312,936.7000122070312,942.239990234375,917.0399780273438,925.52001953125,2406800,2026-09-25
2024-08-01,869.1432495117188,883.7100219726562,927.760009765625,871.8099975585938,923.0399780273438,1808500,2026-09-25
2024-08-02,796.0087890625,809.3499755859375,828.5900268554688,795.8900146484375,824.2000122070312,3624100,2026-09-25
2024-08-05,806.8275756835938,820.3499755859375,838.8800048828125,767.4099731445312,775.0,2815600,2026-09-25
2024-08-06,829.114013671875,843.010009765625,860.010009765625,835.530029296875,840.3599853515625,1995700,2026-09-25
2024-08-07,822.5638427734375,836.3499755859375,878.3900146484375,834.6300048828125,877.0,1521600,2026-09-25
2024-08-08,862.1995239257812,876.6500244140625,878.6300048828125,849.260009765625,860.969970703125,1447700,2026-09-25
2024-08-09,846.3648071289062,860.5499877929688,865.2999877929688,848.5399780273438,855.22998046875,950500,2026-09-25
2024-08-12,838.8015747070312,852.8599853515625,866.969970703125,852.8200073242188,861.75,1151200,2026-09-25
2024-08-13,855.157470703125,869.489990234375,872.6699829101562,856.3200073242188,860.7999877929688,1526600,2026-09-25
2024-08-14,865.0811157226562,879.5800170898438,890.3900146484375,870.4600219726562,887.5900268554688,887700,2026-09-25
2024-08-15,912.9489135742188,928.25,930.8099975585938,896.2999877929688,900.3900146484375,1459000,2026-09-25
2024-08-16,903.5169067382812,918.6599731445312,922.4600219726562,913.030029296875,916.1599731445312,804200,2026-09-25
2024-08-19,917.76806640625,933.1500244140625,933.7100219726562,909.4500122070312,917.1400146484375,1024600,2026-09-25
2024-08-20,910.9129638671875,926.1799926757812,936.3800048828125,917.3499755859375,935.97998046875,921300,2026-09-25
2024-08-21,928.0556640625,943.6099853515625,945.0499877929688,931.6699829101562,933.719970703125,646500,2026-09-25
2024-08-22,892.7474975585938,907.7100219726562,943.989990234375,904.5900268554688,943.0,1092600,2026-09-25
2024-08-23,892.3048095703125,907.260009765625,922.1300048828125,903.1300048828125,912.9099731445312,1395900,2026-09-25
2024-08-26,868.7496948242188,883.3099975585938,904.6400146484375,882.4500122070312,903.5399780273438,1251500,2026-09-25
2024-08-27,875.21142578125,889.8800048828125,895.760009765625,874.47998046875,880.0,661600,2026-09-25
2024-08-28,873.490234375,888.1300048828125,897.4600219726562,880.4199829101562,890.7000122070312,727300,2026-09-25
2024-08-29,873.0772094726562,887.7100219726562,914.530029296875,882.989990234375,906.0599975585938,1173800,2026-09-25
2024-08-30,888.9707641601562,903.8699951171875,906.9299926757812,888.9400024414062,900.0499877929688,991200,2026-09-25
2024-09-03,831.4547729492188,845.3900146484375,892.72998046875,841.6500244140625,892.5999755859375,1870800,2026-09-25
2024-09-04,798.1036376953125,811.47998046875,822.719970703125,799.22998046875,805.0,2350900,2026-09-25
2024-09-05,782.4855346679688,795.5999755859375,808.0499877929688,790.5,795.6900024414062,1672000,2026-09-25
2024-09-06,740.3811645507812,752.7899780273438,792.9400024414062,750.8699951171875,792.7999877929688,3286800,2026-09-25
2024-09-09,737.4600830078125,749.8200073242188,764.280029296875,738.1500244140625,764.0800170898438,2539900,2026-09-25
2024-09-10,738.9943237304688,751.3800048828125,752.0,734.25,749.9099731445312,1524000,2026-09-25
2024-09-11,786.9506225585938,800.1400146484375,801.5999755859375,758.72998046875,770.030029296875,2559100,2026-09-25
2024-09-12,786.9800415039062,800.1699829101562,808.6900024414062,793.719970703125,801.3900146484375,1318700,2026-09-25
2024-09-13,802.9031982421875,816.3599853515625,818.6199951171875,803.8699951171875,804.1199951171875,1069200,2026-09-25
2024-09-16,789.8027954101562,803.0399780273438,809.22998046875,792.1400146484375,808.9600219726562,1150100,2026-09-25
2024-09-17,792.4091186523438,805.6900024414062,811.77001953125,796.5399780273438,808.7000122070312,734600,2026-09-25
2024-09-18,774.8533935546875,787.8400268554688,810.9099731445312,786.3699951171875,800.0900268554688,1249000,2026-09-25
2024-09-19,814.5087280273438,828.1599731445312,839.6500244140625,822.219970703125,832.6699829101562,1644300,2026-09-25
2024-09-20,782.1708374023438,795.280029296875,810.1900024414062,789.6599731445312,809.5599975585938,2748600,2026-09-25
2024-09-23,790.2553100585938,803.5,807.6099853515625,798.010009765625,807.6099853515625,965600,2026-09-25
2024-09-24,800.5822143554688,814.0,816.5,801.0,809.5499877929688,881200,2026-09-25
2024-09-25,804.6932373046875,818.1799926757812,827.2100219726562,814.0,816.3499755859375,878200,2026-09-25
2024-09-26,838.3884887695312,852.4400024414062,862.0,839.7000122070312,860.3300170898438,1566400,2026-09-25
2024-09-27,827.6681518554688,841.5399780273438,854.1500244140625,838.2000122070312,852.4500122070312,1038400,2026-09-25
2024-09-30,819.514892578125,833.25,842.1599731445312,819.7000122070312,836.5499877929688,994700,2026-09-25
2024-10-01,808.7946166992188,822.3499755859375,841.27001953125,811.9000244140625,839.6799926757812,1244100,2026-09-25
2024-10-02,818.4723510742188,832.1900024414062,839.27001953125,816.5,820.7999877929688,898400,2026-09-25
2024-10-03,818.6885986328125,832.4099731445312,837.510009765625,823.7899780273438,825.9099731445312,651900,2026-09-25
2024-10-04,819.2689819335938,833.0,839.3400268554688,825.9600219726562,836.0499877929688,862500,2026-09-25
2024-10-07,803.7786254882812,817.25,823.0,811.010009765625,811.719970703125,898200,2026-09-25
2024-10-08,810.6730346679688,824.260009765625,830.8300170898438,820.0700073242188,822.5,1265900,2026-09-25
2024-10-09,831.9563598632812,845.9000244140625,846.1199951171875,826.3699951171875,829.8300170898438,1004900,2026-09-25
2024-10-10,820.222900390625,833.969970703125,835.6300048828125,821.5,825.0,876300,2026-09-25
2024-10-11,826.8322143554688,840.6900024414062,845.0,828.4099731445312,829.9199829101562,964700,2026-09-25
2024-10-14,857.8917236328125,872.27001953125,873.25,852.1699829101562,852.52001953125,1769200,2026-09-25
2024-10-15,718.3897094726562,730.4299926757812,873.6500244140625,717.5,867.219970703125,9350700,2026-09-25
2024-10-16,672.2530517578125,683.52001953125,717.47998046875,677.27001953125,710.969970703125,10296200,2026-09-25
2024-10-17,689.0513916015625,700.5999755859375,703.8800048828125,677.1199951171875,692.6400146484375,7209100,2026-09-25
2024-10-18,711.3379516601562,723.260009765625,726.4600219726562,713.1799926757812,717.6699829101562,4537800,2026-09-25
2024-10-21,702.3289794921875,714.0999755859375,724.8499755859375,708.7899780273438,724.0,2184800,2026-09-25
2024-10-22,709.0266723632812,720.9099731445312,724.1099853515625,717.6400146484375,723.0,2067000,2026-09-25
2024-10-23,696.9392700195312,708.6199951171875,716.3099975585938,700.0999755859375,714.0499877929688,1681400,2026-09-25
2024-10-24,699.0932006835938,710.8099975585938,720.0,706.4500122070312,719.989990234375,1854700,2026-09-25
2024-10-25,699.9684448242188,711.7000122070312,723.25,711.22998046875,715.989990234375,1380100,2026-09-25
2024-10-28,696.96875,708.6500244140625,711.5,703.989990234375,708.3900146484375,1182800,2026-09-25
2024-10-29,704.9843139648438,715.1400146484375,715.9400024414062,703.6900024414062,707.739990234375,1445500,2026-09-25
2024-10-30,674.1190185546875,683.8300170898438,695.6199951171875,682.6199951171875,693.5499877929688,3085200,2026-09-25
2024-10-31,662.9990234375,672.5499877929688,683.0,667.219970703125,682.97998046875,2398300,2026-09-25
2024-11-01,665.148193359375,674.72998046875,682.760009765625,673.4600219726562,678.5499877929688,1801700,2026-09-25
2024-11-04,661.6288452148438,671.1599731445312,678.4299926757812,670.8200073242188,676.0499877929688,1232500,2026-09-25
2024-11-05,666.8536376953125,676.4600219726562,685.52001953125,673.469970703125,673.510009765625,1282000,2026-09-25
2024-11-06,652.037109375,661.4299926757812,673.0399780273438,654.77001953125,668.5499877929688,3208600,2026-09-25
2024-11-07,667.5929565429688,677.2100219726562,679.8400268554688,669.8099975585938,674.1099853515625,1758300,2026-09-25
2024-11-08,659.962890625,669.469970703125,671.239990234375,661.8900146484375,670.0,1726800,2026-09-25
2024-11-11,661.7767333984375,671.3099975585938,671.989990234375,661.9400024414062,671.77001953125,1520100,2026-09-25
2024-11-12,659.677001953125,669.1799926757812,676.5399780273438,662.8300170898438,672.6400146484375,1711000,2026-09-25
2024-11-13,663.8468017578125,673.4099731445312,673.6799926757812,656.780029296875,664.6199951171875,2453700,2026-09-25
2024-11-14,683.119384765625,692.9600219726562,712.0,691.530029296875,705.6799926757812,3925300,2026-09-25
2024-11-15,649.27685546875,658.6300048828125,679.8800048828125,657.52001953125,678.3599853515625,3063200,2026-09-25
2024-11-18,655.7830810546875,665.22998046875,668.8599853515625,648.0,651.0700073242188,2010600,2026-09-25
2024-11-19,652.7566528320312,662.1599731445312,671.4099731445312,653.469970703125,662.8200073242188,1640700,2026-09-25
2024-11-20,649.0796508789062,658.4299926757812,658.47998046875,645.4500122070312,656.530029296875,1677800,2026-09-25
2024-11-21,662.6146850585938,672.1599731445312,673.0599975585938,649.02001953125,653.9199829101562,2859000,2026-09-25
2024-11-22,663.3243408203125,672.8800048828125,674.7999877929688,666.219970703125,667.7999877929688,1275600,2026-09-25
2024-11-25,674.7498168945312,684.469970703125,686.7100219726562,678.0,685.0,1511300,2026-09-25
2024-11-26,662.4273071289062,671.969970703125,681.8499755859375,666.8300170898438,679.5900268554688,1424100,2026-09-25
2024-11-27,660.9584350585938,670.47998046875,672.6900024414062,659.6099853515625,669.760009765625,1231800,2026-09-25
2024-11-29,676.8594360351562,686.6099853515625,699.6500244140625,678.5399780273438,678.8699951171875,1706500,2026-09-25
2024-12-02,701.366455078125,711.469970703125,713.6799926757812,680.7000122070312,681.75,2325900,2026-09-25
2024-12-03,707.86279296875,718.0599975585938,721.3300170898438,700.6199951171875,702.6500244140625,1647200,2026-09-25
2024-12-04,709.6963500976562,719.9199829101562,724.9400024414062,716.9299926757812,723.7899780273438,1529800,2026-09-25
2024-12-05,701.39599609375,711.5,729.219970703125,708.0,729.1500244140625,1801100,2026-09-25
2024-12-06,698.9116821289062,708.97998046875,717.2100219726562,707.0800170898438,711.739990234375,1215400,2026-09-25
2024-12-09,696.4867553710938,706.52001953125,723.2100219726562,705.6500244140625,713.25,1267500,2026-09-25
2024-12-10,695.2544555664062,705.27001953125,718.2999877929688,700.5700073242188,716.6199951171875,1214700,2026-09-25
2024-12-11,704.284423828125,714.4299926757812,718.0,706.489990234375,711.8900146484375,1217600,2026-09-25
2024-12-12,702.9732666015625,713.0999755859375,719.8800048828125,710.6300048828125,713.3400268554688,868700,2026-09-25
2024-12-13,708.3754272460938,718.5800170898438,724.97998046875,716.219970703125,718.5800170898438,1455700,2026-09-25
2024-12-16,712.1215209960938,722.3800048828125,731.0,713.3300170898438,720.0499877929688,1542800,2026-09-25
2024-12-17,724.7496337890625,735.1900024414062,745.1199951171875,732.6799926757812,740.0,1753300,2026-09-25
2024-12-18,709.2725219726562,719.489990234375,757.1900024414062,715.47998046875,748.510009765625,2257000,2026-09-25
2024-12-19,700.173583984375,710.260009765625,720.8300170898438,708.780029296875,717.75,1620800,2026-09-25
2024-12-20,695.6586303710938,705.6799926757812,720.4000244140625,696.280029296875,700.1500244140625,2701800,2026-09-25
2024-12-23,710.8004760742188,721.0399780273438,722.0499877929688,707.0800170898438,707.0999755859375,1232600,2026-09-25
2024-12-24,709.4894409179688,719.7100219726562,720.2000122070312,715.0,716.3900146484375,586800,2026-09-25
2024-12-26,705.6940307617188,715.8599853515625,720.5,711.1099853515625,714.2100219726562,734000,2026-09-25
2024-12-27,703.456298828125,713.5900268554688,717.5,708.5900268554688,717.489990234375,942300,2026-09-25
2024-12-30,686.2640380859375,696.1500244140625,702.8099975585938,694.469970703125,700.0,1202600,2026-09-25
2024-12-31,683.2376098632812,693.0800170898438,702.97998046875,687.4299926757812,701.3900146484375,965000,2026-09-25
2025-01-02,690.4733276367188,700.4199829101562,711.9600219726562,696.3400268554688,705.3400268554688,1115100,2026-09-25
2025-01-03,704.2153930664062,714.3599853515625,717.5700073242188,702.5800170898438,703.1599731445312,1062900,2026-09-25
2025-01-06,757.5963745117188,768.510009765625,781.0900268554688,749.6500244140625,751.0599975585938,2761100,2026-09-25
2025-01-07,746.8215942382812,757.5800170898438,778.3900146484375,753.489990234375,775.0,1490200,2026-09-25
2025-01-08,733.4147338867188,743.97998046875,753.3300170898438,737.0,753.0,1185400,2026-09-25
2025-01-10,728.515380859375,739.010009765625,751.2999877929688,735.4000244140625,751.0,1515800,2026-09-25
2025-01-13,717.0799560546875,727.4099731445312,729.0,717.5900268554688,721.2000122070312,1321800,2026-09-25
2025-01-14,725.8339233398438,736.2899780273438,739.52001953125,728.0599975585938,737.5399780273438,1022600,2026-09-25
2025-01-15,715.98583984375,726.2999877929688,744.469970703125,725.1900024414062,739.4600219726562,1864400,2026-09-25
2025-01-16,739.6253051757812,750.280029296875,771.5599975585938,748.4600219726562,758.7999877929688,2407600,2026-09-25
2025-01-17,745.58935546875,756.3300170898438,769.2000122070312,751.5,767.9099731445312,1933600,2026-09-25
2025-01-21,752.16455078125,763.0,767.72998046875,755.489990234375,763.0,1332000,2026-09-25
2025-01-22,755.822021484375,766.7100219726562,784.8200073242188,765.8900146484375,777.75,1699900,2026-09-25
2025-01-23,735.6426391601562,746.239990234375,747.75,736.0,740.010009765625,1751100,2026-09-25
2025-01-24,721.851318359375,732.25,750.0,729.2999877929688,749.3599853515625,1505700,2026-09-25
2025-01-27,680.3492431640625,690.1500244140625,690.5999755859375,671.9400024414062,672.7899780273438,4947800,2026-09-25
2025-01-28,673.6456909179688,683.3499755859375,693.4500122070312,666.5999755859375,678.7999877929688,2811900,2026-09-25
2025-01-29,702.5297241210938,712.6500244140625,728.4600219726562,704.5999755859375,727.1599731445312,4971500,2026-09-25
2025-01-30,726.52392578125,736.989990234375,745.5900268554688,730.5800170898438,740.0999755859375,2745600,2026-09-25
2025-01-31,728.81103515625,739.3099975585938,754.5999755859375,737.77001953125,748.0900268554688,2125700,2026-09-25
2025-02-03,720.6781616210938,731.0599975585938,735.4500122070312,717.9199829101562,719.1300048828125,1647200,2026-09-25
2025-02-04,721.023193359375,731.4099731445312,742.6900024414062,729.280029296875,736.9000244140625,1497000,2026-09-25
2025-02-05,732.0445556640625,742.5900268554688,743.2100219726562,722.4000244140625,729.239990234375,1249700,2026-09-25
2025-02-06,728.6336669921875,739.1300048828125,742.4099731445312,735.010009765625,737.6900024414062,1120200,2026-09-25
2025-02-07,717.3660278320312,727.7000122070312,742.3200073242188,723.75,739.0499877929688,1312400,2026-09-25
2025-02-10,733.513427734375,744.0800170898438,745.5599975585938,735.8800048828125,736.719970703125,985700,2026-09-25
2025-02-11,743.8564453125,752.97998046875,753.489990234375,743.8800048828125,744.6699829101562,1096700,2026-09-25
2025-02-12,747.0078125,756.1699829101562,756.7899780273438,733.5599975585938,738.3499755859375,1077800,2026-09-25
2025-02-13,767.5755004882812,776.989990234375,776.989990234375,752.75,754.77001953125,1674100,2026-09-25
2025-02-14,742.44384765625,751.5499877929688,778.3599853515625,748.6799926757812,778.219970703125,2047300,2026-09-25
2025-02-18,735.20263671875,744.219970703125,758.9299926757812,738.5999755859375,757.4400024414062,1715400,2026-09-25
2025-02-19,735.7755126953125,744.7999877929688,752.8699951171875,741.6900024414062,743.9600219726562,1457900,2026-09-25
2025-02-20,734.0863647460938,743.0900268554688,755.510009765625,740.4199829101562,751.3499755859375,1185900,2026-09-25
2025-02-21,728.2775268554688,737.2100219726562,745.7100219726562,733.2000122070312,744.1500244140625,1472300,2026-09-25
2025-02-24,727.042724609375,735.9600219726562,750.8800048828125,734.7000122070312,746.1300048828125,1471200,2026-09-25
2025-02-25,721.3426513671875,730.1900024414062,738.97998046875,726.2100219726562,732.1900024414062,1691200,2026-09-25
2025-02-26,737.8796997070312,746.9299926757812,753.77001953125,738.9099731445312,743.8200073242188,1401400,2026-09-25
2025-02-27,689.246337890625,697.7000122070312,744.7999877929688,696.9099731445312,743.4199829101562,2342800,2026-09-25
2025-02-28,700.4884033203125,709.0800170898438,713.5,697.510009765625,706.8200073242188,1773400,2026-09-25
2025-03-03,691.3800048828125,699.8599853515625,732.3499755859375,692.47998046875,722.0499877929688,2284100,2026-09-25
2025-03-04,699.6387939453125,708.219970703125,721.2999877929688,692.6900024414062,698.27001953125,2044700,2026-09-25
2025-03-05,730.7867431640625,739.75,740.5499877929688,719.2999877929688,731.6199951171875,1754300,2026-09-25
2025-03-06,706.1785888671875,714.8400268554688,731.1699829101562,711.0,718.8499755859375,1427900,2026-09-25
2025-03-07,723.3480224609375,732.219970703125,734.0,715.5,726.1599731445312,1426400,2026-09-25
2025-03-10,674.8330688476562,683.1099853515625,699.0,676.0,697.97998046875,2321500,2026-09-25
2025-03-11,681.8471069335938,690.2100219726562,702.0,681.260009765625,698.8200073242188,1616800,2026-09-25
2025-03-12,694.8475341796875,703.3699951171875,708.2999877929688,696.739990234375,704.1400146484375,1306300,2026-09-25
2025-03-13,686.1740112304688,694.5900268554688,705.2999877929688,688.260009765625,697.8400268554688,1399500,2026-09-25
2025-03-14,705.3487548828125,714.0,720.030029296875,705.3599853515625,707.6799926757812,1367500,2026-09-25
2025-03-17,721.48095703125,730.3300170898438,734.5499877929688,717.2100219726562,718.0499877929688,1423300,2026-09-25
2025-03-18,722.25146484375,731.1099853515625,734.1900024414062,719.989990234375,729.9000244140625,1007300,2026-09-25
2025-03-19,726.00537109375,734.9099731445312,746.75,725.0599975585938,729.1099853515625,1080500,2026-09-25
2025-03-20,725.165771484375,734.0599975585938,735.4000244140625,724.22998046875,725.010009765625,1282400,2026-09-25
2025-03-21,707.5418701171875,716.219970703125,721.3599853515625,711.2100219726562,711.7899780273438,1967200,2026-09-25
2025-03-24,719.0210571289062,727.8400268554688,731.9500122070312,726.3400268554688,728.030029296875,1104400,2026-09-25
2025-03-25,717.9343872070312,726.739990234375,735.0,725.4199829101562,732.0599975585938,1244300,2026-09-25
2025-03-26,697.2085571289062,705.760009765625,719.989990234375,702.239990234375,715.9000244140625,1266500,2026-09-25
2025-03-27,682.261962890625,690.6300048828125,702.47998046875,689.0,698.489990234375,1285500,2026-09-25
2025-03-28,666.4064331054688,674.5800170898438,687.4400024414062,672.0499877929688,685.1300048828125,1393000,2026-09-25
2025-03-31,654.6012573242188,662.6300048828125,665.1599731445312,652.8800048828125,660.260009765625,1685000,2026-09-25
2025-04-01,659.254150390625,667.3400268554688,670.6400146484375,656.3499755859375,664.5700073242188,1212600,2026-09-25
2025-04-02,660.9039306640625,669.010009765625,676.3900146484375,660.8300170898438,664.3900146484375,1119000,2026-09-25
2025-04-03,615.668701171875,623.219970703125,650.969970703125,622.8200073242188,649.530029296875,2877100,2026-09-25
2025-04-04,598.2127685546875,605.5499877929688,626.3800048828125,597.6900024414062,621.9500122070312,4017000,2026-09-25
2025-04-07,608.3782348632812,615.8400268554688,652.8499755859375,578.510009765625,586.5,4179100,2026-09-25
2025-04-08,588.1561279296875,595.3699951171875,637.9000244140625,582.8900146484375,632.02001953125,2585200,2026-09-25
2025-04-09,678.9328002929688,687.260009765625,692.2899780273438,606.8699951171875,618.02001953125,3866700,2026-09-25
2025-04-10,641.6796875,649.5499877929688,661.6599731445312,627.6300048828125,656.1699829101562,2989900,2026-09-25
2025-04-11,660.7064208984375,668.8099975585938,672.0,651.3900146484375,656.0599975585938,2163600,2026-09-25
2025-04-14,664.7171630859375,672.8699951171875,680.030029296875,662.72998046875,676.4400024414062,1574000,2026-09-25
2025-04-15,674.8823852539062,683.1599731445312,687.530029296875,676.6900024414062,679.3800048828125,2105600,2026-09-25
2025-04-16,627.23681640625,634.9299926757812,653.1300048828125,624.1699829101562,647.0,4028300,2026-09-25
2025-04-17,632.4034423828125,640.1599731445312,647.6599731445312,636.9299926757812,644.3599853515625,1439900,2026-09-25
2025-04-21,617.120849609375,624.6900024414062,633.6599731445312,614.0599975585938,632.0,1555100,2026-09-25
2025-04-22,630.9512329101562,638.6900024414062,645.6099853515625,631.0,638.8099975585938,1967000,2026-09-25
2025-04-23,650.0076293945312,657.97998046875,666.489990234375,654.7899780273438,664.25,1849700,2026-09-25
2025-04-24,666.8214111328125,675.0,678.3200073242188,662.5599975585938,666.530029296875,1770700,2026-09-25
2025-04-25,669.0639038085938,677.27001953125,681.75,664.5900268554688,666.9000244140625,1280900,2026-09-25
2025-04-28,666.6666870117188,672.760009765625,674.4400024414062,661.0800170898438,672.1699829101562,1007600,2026-09-25
2025-04-29,660.0770263671875,666.1099853515625,673.6300048828125,663.0,665.6099853515625,1104000,2026-09-25
2025-04-30,662.0291748046875,668.0800170898438,669.5,651.4600219726562,657.5900268554688,1042100,2026-09-25
2025-05-01,660.681396484375,666.719970703125,675.1500244140625,662.4600219726562,675.1500244140625,1066300,2026-09-25
2025-05-02,684.0775756835938,690.3300170898438,695.0,685.5999755859375,686.3200073242188,1215500,2026-09-25
2025-05-05,677.1707763671875,683.3599853515625,690.4199829101562,682.72998046875,685.0,903700,2026-09-25
2025-05-06,673.8311767578125,679.989990234375,686.3699951171875,675.5,676.3099975585938,765100,2026-09-25
2025-05-07,694.0464477539062,700.3900146484375,701.9600219726562,683.4600219726562,685.780029296875,1041400,2026-09-25
2025-05-08,701.6173095703125,708.030029296875,716.8099975585938,705.7000122070312,711.1199951171875,1040500,2026-09-25
2025-05-09,699.8138427734375,706.2100219726562,710.510009765625,703.9000244140625,709.2100219726562,884000,2026-09-25
2025-05-12,743.4053344726562,750.2000122070312,750.52001953125,729.3800048828125,730.4199829101562,2571500,2026-09-25
2025-05-13,756.9812622070312,763.9000244140625,764.8699951171875,744.5399780273438,745.260009765625,1815600,2026-09-25
2025-05-14,761.9459228515625,768.9099731445312,773.7000122070312,764.27001953125,765.0,1156100,2026-09-25
2025-05-15,751.491455078125,758.3599853515625,767.0,755.2100219726562,763.6699829101562,1511000,2026-09-25
2025-05-16,741.3243408203125,748.0999755859375,753.4500122070312,742.2100219726562,752.8800048828125,1095100,2026-09-25
2025-05-19,742.3450317382812,749.1300048828125,750.0,737.27001953125,739.72998046875,977900,2026-09-25
2025-05-20,741.9783935546875,748.760009765625,748.97998046875,741.2999877929688,745.6300048828125,777200,2026-09-25
2025-05-21,730.4933471679688,737.1699829101562,755.7899780273438,735.489990234375,749.010009765625,1058700,2026-09-25
2025-05-22,733.9913940429688,740.7000122070312,747.2100219726562,734.1500244140625,736.3200073242188,863500,2026-09-25
2025-05-23,725.8557739257812,732.489990234375,735.989990234375,722.52001953125,724.5999755859375,1525200,2026-09-25
2025-05-27,749.9356079101562,756.7899780273438,761.2100219726562,749.9500122070312,751.3699951171875,1385100,2026-09-25
2025-05-28,739.7487182617188,746.510009765625,756.3900146484375,744.8099975585938,752.1400146484375,1244000,2026-09-25
2025-05-29,740.3036499023438,747.0700073242188,759.5499877929688,744.8400268554688,757.8300170898438,1166000,2026-09-25
2025-05-30,730.096923828125,736.77001953125,745.9600219726562,723.0,745.010009765625,1785400,2026-09-25
2025-06-02,739.7686157226562,746.530029296875,746.9500122070312,732.6599731445312,733.2899780273438,812600,2026-09-25
2025-06-03,740.4820556640625,747.25,748.5499877929688,732.2000122070312,732.6599731445312,1085100,2026-09-25
2025-06-04,736.0525512695312,742.780029296875,752.77001953125,740.4099731445312,751.1799926757812,1160000,2026-09-25
2025-06-05,740.9874267578125,747.760009765625,756.4600219726562,744.0,754.1300048828125,1506500,2026-09-25
2025-06-06,746.1998291015625,753.02001953125,762.0999755859375,752.7999877929688,756.0599975585938,1345100,2026-09-25
2025-06-09,763.2242431640625,770.2000122070312,782.2000122070312,757.0599975585938,757.0599975585938,1769400,2026-09-25
2025-06-10,777.8603515625,784.969970703125,788.2899780273438,776.489990234375,779.1099853515625,1715500,2026-09-25
2025-06-11,776.9883422851562,784.0900268554688,797.25,780.6900024414062,790.0499877929688,1365900,2026-09-25
2025-06-12,779.0891723632812,786.2100219726562,789.5700073242188,782.3400268554688,785.4400024414062,999600,2026-09-25
2025-06-13,754.1076049804688,761.0,772.9299926757812,759.8699951171875,766.8900146484375,1742900,2026-09-25
2025-06-16,768.2086181640625,775.22998046875,779.1900024414062,765.97998046875,766.3699951171875,1454500,2026-09-25
2025-06-17,752.977783203125,759.8599853515625,773.2100219726562,758.2100219726562,766.780029296875,1422800,2026-09-25
2025-06-18,754.7417602539062,761.6400146484375,768.0,754.239990234375,764.72998046875,1372500,2026-09-25
2025-06-20,749.677978515625,756.530029296875,769.010009765625,736.25,768.3699951171875,2303900,2026-09-25
2025-06-23,772.6578979492188,779.719970703125,780.75,759.8099975585938,761.260009765625,1302800,2026-09-25
2025-06-24,805.9932861328125,813.3599853515625,813.4600219726562,786.1099853515625,786.1099853515625,2039600,2026-09-25
2025-06-25,807.8563232421875,815.239990234375,819.5399780273438,806.219970703125,816.75,1400100,2026-09-25
2025-06-26,790.8616333007812,798.0900268554688,800.8800048828125,786.5,799.760009765625,1705800,2026-09-25
2025-06-27,788.740966796875,795.9500122070312,805.489990234375,788.4500122070312,802.9400024414062,1201000,2026-09-25
2025-06-30,794.1317138671875,801.3900146484375,802.4400024414062,794.0399780273438,796.47998046875,1080400,2026-09-25
2025-07-01,783.3106079101562,790.469970703125,795.5,782.5399780273438,788.0499877929688,1065800,2026-09-25
2025-07-02,792.3480834960938,799.5900268554688,800.5,772.8599853515625,776.239990234375,1383000,2026-09-25
2025-07-03,787.30419921875,794.5,798.530029296875,786.6099853515625,786.969970703125,910700,2026-09-25
2025-07-07,777.9794311523438,785.0900268554688,793.489990234375,783.7999877929688,785.4600219726562,1363700,2026-09-25
2025-07-08,786.90771484375,794.0999755859375,798.3900146484375,778.72998046875,782.6599731445312,1327800,2026-09-25
2025-07-09,792.5858764648438,799.8300170898438,800.9000244140625,792.469970703125,792.9099731445312,1334300,2026-09-25
2025-07-10,794.8253784179688,802.0900268554688,811.0999755859375,798.0,808.9299926757812,1498900,2026-09-25
2025-07-11,794.6668701171875,801.9299926757812,803.1900024414062,796.52001953125,797.0700073242188,932400,2026-09-25
2025-07-14,799.42333984375,806.72998046875,812.77001953125,789.8699951171875,797.6199951171875,1456900,2026-09-25
2025-07-15,815.5657958984375,823.02001953125,826.5599975585938,814.2100219726562,822.97998046875,2099600,2026-09-25
2025-07-16,747.6168212890625,754.4500122070312,760.9000244140625,730.5999755859375,754.3599853515625,10789600,2026-09-25
2025-07-17,738.1632080078125,744.9099731445312,756.8499755859375,742.0,746.8200073242188,4078500,2026-09-25
2025-07-18,727.9268798828125,734.5800170898438,752.0900268554688,734.3300170898438,752.0800170898438,2567200,2026-09-25
2025-07-21,713.1618041992188,719.6799926757812,732.9000244140625,719.3200073242188,731.0,2650300,2026-09-25
2025-07-22,699.0903930664062,705.47998046875,719.0599975585938,701.1900024414062,718.3099975585938,3425100,2026-09-25
2025-07-23,710.4366455078125,716.9299926757812,719.969970703125,708.1300048828125,715.2100219726562,3379400,2026-09-25
2025-07-24,718.5128784179688,725.0800170898438,726.6300048828125,718.3599853515625,723.010009765625,2037100,2026-09-25
2025-07-25,704.80810546875,711.25,713.1500244140625,706.5999755859375,709.1400146484375,2312100,2026-09-25
2025-07-28,723.3783569335938,729.989990234375,735.4099731445312,728.489990234375,735.1500244140625,2253900,2026-09-25
2025-07-29,713.78857421875,718.489990234375,726.9199829101562,715.7000122070312,722.72998046875,2292900,2026-09-25
2025-07-30,716.729248046875,721.4500122070312,724.02001953125,715.5,716.8900146484375,1407000,2026-09-25
2025-07-31,690.1641235351562,694.7100219726562,707.5399780273438,691.2100219726562,706.4000244140625,2892200,2026-09-25
2025-08-01,685.30615234375,689.8200073242188,693.4299926757812,683.47998046875,690.0,1627100,2026-09-25
2025-08-04,694.78369140625,699.3599853515625,699.4500122070312,692.9000244140625,695.5800170898438,1025600,2026-09-25
2025-08-05,685.117431640625,689.6300048828125,695.6300048828125,684.239990234375,694.719970703125,1261200,2026-09-25
2025-08-06,686.4387817382812,690.9600219726562,692.4299926757812,685.4400024414062,687.6500244140625,1218700,2026-09-25
2025-08-07,708.4536743164062,713.1199951171875,716.9000244140625,706.6199951171875,714.02001953125,1723800,2026-09-25
2025-08-08,717.593505859375,722.3200073242188,723.5,710.4500122070312,712.4099731445312,1042900,2026-09-25
2025-08-11,716.5901489257812,721.3099975585938,731.8599853515625,719.52001953125,724.0,1179700,2026-09-25
2025-08-12,736.93603515625,741.7899780273438,743.3499755859375,723.47998046875,725.530029296875,1461800,2026-09-25
2025-08-13,750.6259155273438,755.5700073242188,756.2000122070312,747.5399780273438,750.6300048828125,2011900,2026-09-25
2025-08-14,750.2682495117188,755.2100219726562,757.0,744.5599975585938,747.280029296875,1577400,2026-09-25
2025-08-15,737.3035888671875,742.1599731445312,747.1500244140625,736.6599731445312,738.5,1635100,2026-09-25
2025-08-18,742.6583251953125,747.5499877929688,748.0,739.4400024414062,739.6699829101562,1086400,2026-09-25
2025-08-19,738.744140625,743.6099853515625,755.6900024414062,741.7100219726562,751.5399780273438,1121300,2026-09-25
2025-08-20,744.5856323242188,749.489990234375,753.4400024414062,738.1799926757812,750.7999877929688,1368400,2026-09-25
2025-08-21,730.587890625,735.4000244140625,741.5,732.1099853515625,739.3599853515625,952700,2026-09-25
2025-08-22,749.9503784179688,754.8900146484375,761.5700073242188,740.3699951171875,741.6799926757812,1456000,2026-09-25
2025-08-25,749.523193359375,754.4600219726562,758.260009765625,752.0900268554688,754.75,731100,2026-09-25
2025-08-26,758.2059936523438,763.2000122070312,763.5,755.9099731445312,758.77001953125,860100,2026-09-25
2025-08-27,764.9614868164062,770.0,770.5800170898438,757.7899780273438,760.0,1140700,2026-09-25
2025-08-28,758.4642944335938,763.4600219726562,773.1699829101562,760.8699951171875,770.0,985400,2026-09-25
2025-08-29,737.7606811523438,742.6199951171875,753.5999755859375,739.7899780273438,753.0,1317800,2026-09-25
2025-09-02,721.100341796875,725.8499755859375,727.2000122070312,716.2000122070312,717.2100219726562,1867400,2026-09-25
2025-09-03,731.99853515625,736.8200073242188,738.2999877929688,729.5599975585938,732.219970703125,1330300,2026-09-25
2025-09-04,748.4999389648438,753.4299926757812,756.9000244140625,735.4299926757812,737.0499877929688,1532700,2026-09-25
2025-09-05,776.5849609375,781.7000122070312,783.0999755859375,766.239990234375,774.8800048828125,1887300,2026-09-25
2025-09-08,791.039794921875,796.25,798.7000122070312,786.75,789.6500244140625,1284500,2026-09-25
2025-09-09,799.8616333007812,805.1300048828125,805.8400268554688,793.1199951171875,795.2000122070312,1324100,2026-09-25
2025-09-10,787.9500732421875,793.1400146484375,809.5999755859375,791.02001953125,806.8200073242188,1634300,2026-09-25
2025-09-11,798.89794921875,804.1599731445312,809.1500244140625,798.510009765625,799.6900024414062,1297800,2026-09-25
2025-09-12,808.54443359375,813.8699951171875,815.780029296875,806.2999877929688,808.52001953125,1019700,2026-09-25
2025-09-15,861.624755859375,867.2999877929688,868.719970703125,833.9199829101562,834.9299926757812,2702300,2026-09-25
2025-09-16,872.6719970703125,878.4199829101562,881.4600219726562,867.5700073242188,879.9400024414062,1832400,2026-09-25
2025-09-17,866.5623168945312,872.27001953125,877.6300048828125,861.1799926757812,868.22998046875,1553300,2026-09-25
2025-09-18,921.7288818359375,927.7999877929688,938.6799926757812,916.030029296875,928.6699829101562,3176100,2026-09-25
2025-09-19,926.0504760742188,932.1500244140625,938.6500244140625,925.8699951171875,926.0700073242188,2410200,2026-09-25
2025-09-22,951.5325927734375,957.7999877929688,964.5399780273438,953.5900268554688,960.9199829101562,1885000,2026-09-25
2025-09-23,957.2052612304688,963.510009765625,977.47998046875,956.0,964.4099731445312,1664800,2026-09-25
2025-09-24,940.7437133789062,946.9400024414062,953.5999755859375,940.9500122070312,949.719970703125,1400700,2026-09-25
2025-09-25,943.3366088867188,949.5499877929688,952.6599731445312,937.1199951171875,938.2000122070312,1272600,2026-09-25
2025-09-26,945.2937622070312,951.52001953125,955.219970703125,942.75,946.239990234375,955200,2026-09-25
2025-09-29,956.3111572265625,962.6099853515625,972.0700073242188,962.3699951171875,963.72998046875,1213800,2026-09-25
2025-09-30,961.75537109375,968.0900268554688,975.6400146484375,963.0700073242188,968.0399780273438,1303600,2026-09-25
2025-10-01,996.7051391601562,1003.27001953125,1005.3599853515625,964.8200073242188,965.6099853515625,1963800,2026-09-25
2025-10-02,1023.4291381835938,1030.1700439453125,1040.22998046875,1021.8900146484375,1039.0,1689100,2026-09-25
2025-10-03,1025.4656982421875,1032.219970703125,1039.8499755859375,1025.4599609375,1031.0,1352300,2026-09-25
2025-10-06,1036.47314453125,1043.300048828125,1059.0,1040.0999755859375,1040.43994140625,1385400,2026-09-25
2025-10-07,995.7413940429688,1002.2999877929688,1044.8499755859375,1001.0,1042.8299560546875,1667800,2026-09-25
2025-10-08,981.3462524414062,987.8099975585938,991.5900268554688,977.4199829101562,977.9500122070312,1947000,2026-09-25
2025-10-09,974.123779296875,980.5399780273438,987.530029296875,971.510009765625,985.3499755859375,1496000,2026-09-25
2025-10-10,930.0640258789062,936.1900024414062,976.2000122070312,935.4099731445312,970.6900024414062,2933900,2026-09-25
2025-10-13,978.216796875,984.6599731445312,985.1799926757812,966.969970703125,971.72998046875,2223900,2026-09-25
2025-10-14,976.7465209960938,983.1799926757812,993.47998046875,966.0,967.4600219726562,2422100,2026-09-25
2025-10-15,1003.2022705078125,1009.8099975585938,1033.0,993.5399780273438,1030.1300048828125,2900300,2026-09-25
2025-10-16,1012.9182739257812,1019.5900268554688,1049.3800048828125,1011.0999755859375,1037.1700439453125,1938400,2026-09-25
2025-10-17,1022.5348510742188,1029.27001953125,1032.77001953125,1015.0,1020.5900268554688,1663700,2026-09-25
2025-10-20,1035.3306884765625,1042.1500244140625,1052.1700439453125,1031.489990234375,1031.75,1271700,2026-09-25
2025-10-21,1018.3128051757812,1025.02001953125,1037.47998046875,1024.1500244140625,1036.31005859375,1072200,2026-09-25
2025-10-22,1004.9507446289062,1011.5700073242188,1033.1800537109375,997.6699829101562,1026.449951171875,1328600,2026-09-25
2025-10-23,1029.6282958984375,1036.4100341796875,1040.5,1004.5,1004.52001953125,1318200,2026-09-25
2025-10-24,1026.33984375,1033.0999755859375,1043.4000244140625,1032.1800537109375,1037.9300537109375,1032700,2026-09-25
2025-10-27,1053.0439453125,1059.97998046875,1060.72998046875,1049.3599853515625,1050.010009765625,1265600,2026-09-25
2025-10-28,1045.593017578125,1052.47998046875,1060.6400146484375,1051.72998046875,1056.800048828125,856900,2026-09-25
2025-10-29,1065.72021484375,1070.8399658203125,1077.760009765625,1064.8399658203125,1070.6600341796875,1530000,2026-09-25
2025-10-30,1070.308349609375,1075.449951171875,1086.1099853515625,1070.6099853515625,1072.6800537109375,1283100,2026-09-25
2025-10-31,1054.1658935546875,1059.22998046875,1073.280029296875,1051.4000244140625,1071.6800537109375,1179400,2026-09-25
2025-11-03,1061.7196044921875,1066.8199462890625,1073.4000244140625,1062.989990234375,1063.02001953125,868100,2026-09-25
2025-11-04,1025.2149658203125,1030.1400146484375,1063.260009765625,1028.8299560546875,1049.949951171875,1735100,2026-09-25
2025-11-05,1038.759765625,1043.75,1050.6400146484375,1030.800048828125,1031.0999755859375,1169400,2026-09-25
2025-11-06,1024.2794189453125,1029.199951171875,1041.530029296875,1026.43994140625,1039.8800048828125,1073000,2026-09-25
2025-11-07,1012.0979614257812,1016.9600219726562,1035.4000244140625,996.8200073242188,1031.0999755859375,1841900,2026-09-25
2025-11-10,1033.82373046875,1038.7900390625,1042.7900390625,1021.0700073242188,1036.77001953125,992900,2026-09-25
2025-11-11,1017.5318603515625,1022.4199829101562,1036.97998046875,1017.780029296875,1031.77001953125,1026000,2026-09-25
2025-11-12,1032.37060546875,1037.3299560546875,1038.699951171875,1025.22998046875,1030.1600341796875,961900,2026-09-25
2025-11-13,1014.984130859375,1019.8599853515625,1041.8599853515625,1009.510009765625,1040.989990234375,1406300,2026-09-25
2025-11-14,1002.1655883789062,1006.97998046875,1018.0700073242188,981.0,989.2999877929688,1307800,2026-09-25
2025-11-17,1015.1234741210938,1020.0,1025.0,1004.27001953125,1004.719970703125,1691500,2026-09-25
2025-11-18,999.2595825195312,1004.0599975585938,1017.719970703125,993.989990234375,1011.0800170898438,1414000,2026-09-25
2025-11-19,1034.3609619140625,1039.3299560546875,1044.72998046875,1005.0,1005.77001953125,1587800,2026-09-25
2025-11-20,976.3496704101562,981.0399780273438,1050.949951171875,977.0,1042.22998046875,2055100,2026-09-25
2025-11-21,961.9488525390625,966.5700073242188,978.5399780273438,946.1099853515625,963.3499755859375,2481800,2026-09-25
2025-11-24,983.0972900390625,987.8200073242188,995.1400146484375,977.5900268554688,977.6199951171875,1628100,2026-09-25
2025-11-25,998.423583984375,1003.219970703125,1006.8800048828125,973.739990234375,993.8300170898438,1193000,2026-09-25
2025-11-26,1035.9930419921875,1040.969970703125,1055.0,1037.300048828125,1040.6700439453125,1572400,2026-09-25
2025-11-28,1054.93212890625,1060.0,1060.280029296875,1035.43994140625,1040.4000244140625,939700,2026-09-25
2025-12-01,1082.7884521484375,1087.989990234375,1091.300048828125,1054.469970703125,1056.030029296875,2103100,2026-09-25
2025-12-02,1103.47900390625,1108.780029296875,1113.2099609375,1088.6800537109375,1089.6099853515625,1426000,2026-09-25
2025-12-03,1135.46533203125,1140.9200439453125,1141.719970703125,1105.6199951171875,1110.239990234375,2059500,2026-09-25
2025-12-04,1104.772705078125,1110.0799560546875,1129.5400390625,1102.1700439453125,1122.530029296875,1511800,2026-09-25
2025-12-05,1094.21337890625,1099.469970703125,1129.3800048828125,1098.260009765625,1121.9300537109375,1054400,2026-09-25
2025-12-08,1114.336669921875,1119.68994140625,1134.1800537109375,1114.030029296875,1118.8199462890625,1118800,2026-09-25
2025-12-09,1106.126220703125,1111.43994140625,1115.739990234375,1105.6099853515625,1107.9000244140625,904700,2026-09-25
2025-12-10,1113.968505859375,1119.3199462890625,1123.9599609375,1098.8800048828125,1109.4000244140625,1093600,2026-09-25
2025-12-11,1117.4716796875,1122.8399658203125,1127.75,1095.469970703125,1114.75,1403600,2026-09-25
2025-12-12,1075.6824951171875,1080.8499755859375,1114.56005859375,1077.18994140625,1109.3900146484375,1623000,2026-09-25
2025-12-15,1082.619140625,1087.8199462890625,1097.7099609375,1079.5899658203125,1089.3499755859375,1283400,2026-09-25
2025-12-16,1070.9053955078125,1076.050048828125,1088.06005859375,1065.93994140625,1081.530029296875,956300,2026-09-25
2025-12-17,1010.5752563476562,1015.4299926757812,1065.1199951171875,1010.010009765625,1060.77001953125,2140900,2026-09-25
2025-12-18,1031.3555908203125,1036.31005859375,1051.81005859375,1035.1500244140625,1047.969970703125,1645400,2026-09-25
2025-12-19,1050.97119140625,1056.02001953125,1062.6800537109375,1042.56005859375,1042.56005859375,2319600,2026-09-25
2025-12-22,1051.9266357421875,1056.97998046875,1067.1600341796875,1050.0,1066.0,703700,2026-09-25
2025-12-23,1056.7633056640625,1061.8399658203125,1064.75,1055.68994140625,1057.93994140625,543600,2026-09-25
2025-12-24,1060.4259033203125,1065.52001953125,1066.800048828125,1057.43994140625,1059.8199462890625,229800,2026-09-25
2025-12-26,1067.6212158203125,1072.75,1076.0899658203125,1063.0799560546875,1066.25,363800,2026-09-25
2025-12-29,1060.903564453125,1066.0,1073.6500244140625,1061.0699462890625,1064.5799560546875,424300,2026-09-25
2025-12-30,1067.01416015625,1072.1400146484375,1086.06005859375,1070.4200439453125,1084.5799560546875,807300,2026-09-25
2025-12-31,1064.7451171875,1069.8599853515625,1080.5400390625,1068.9200439453125,1080.22998046875,561300,2026-09-25
2026-01-02,1158.216064453125,1163.780029296875,1172.77001953125,1133.47998046875,1133.760009765625,2697900,2026-09-25
2026-01-05,1222.3179931640625,1228.18994140625,1237.8599853515625,1211.219970703125,1211.219970703125,3290600,2026-09-25
2026-01-06,1236.2510986328125,1242.18994140625,1246.3800048828125,1222.4200439453125,1222.8199462890625,1895800,2026-09-25
2026-01-07,1222.5966796875,1228.469970703125,1235.760009765625,1222.0,1227.449951171875,1351200,2026-09-25
2026-01-08,1188.6099853515625,1194.3199462890625,1224.5400390625,1176.0,1217.260009765625,1682300,2026-09-25
2026-01-09,1267.78955078125,1273.8800048828125,1282.0,1220.989990234375,1232.8499755859375,2394500,2026-09-25
2026-01-12,1275.1044921875,1281.22998046875,1283.56005859375,1255.25,1256.06005859375,1488600,2026-09-25
2026-01-13,1264.08740234375,1270.1600341796875,1291.47998046875,1268.1199951171875,1282.3199462890625,1374200,2026-09-25
2026-01-14,1257.67822265625,1263.719970703125,1273.27001953125,1249.6199951171875,1267.1199951171875,1536500,2026-09-25
2026-01-15,1325.233642578125,1331.5999755859375,1358.0,1330.0,1353.6400146484375,2858400,2026-09-25
2026-01-16,1352.07470703125,1358.5699462890625,1375.3699951171875,1338.239990234375,1355.7099609375,2469100,2026-09-25
2026-01-20,1319.7301025390625,1326.0699462890625,1351.260009765625,1311.31005859375,1319.1199951171875,2970800,2026-09-25
2026-01-21,1353.58740234375,1360.0899658203125,1371.0,1322.6700439453125,1332.0,2387200,2026-09-25
2026-01-22,1388.33056640625,1395.0,1398.800048828125,1373.280029296875,1393.6500244140625,1844200,2026-09-25
2026-01-23,1382.3990478515625,1389.0400390625,1393.3599853515625,1363.27001953125,1376.3199462890625,1556300,2026-09-25
2026-01-26,1406.5927734375,1413.3499755859375,1419.949951171875,1385.1600341796875,1385.8699951171875,2001300,2026-09-25
2026-01-27,1447.6356201171875,1454.5899658203125,1473.5899658203125,1417.0,1417.6300048828125,3473900,2026-09-25
2026-01-28,1416.1170654296875,1422.9200439453125,1493.47998046875,1408.050048828125,1493.0,5036800,2026-09-25
2026-01-29,1448.2030029296875,1455.1600341796875,1467.489990234375,1399.0899658203125,1459.3199462890625,2818900,2026-09-25
2026-01-30,1416.1966552734375,1423.0,1466.4300537109375,1416.010009765625,1440.0400390625,2358800,2026-09-25
2026-02-02,1434.4989013671875,1441.3900146484375,1453.1600341796875,1395.4000244140625,1397.239990234375,1766600,2026-09-25
2026-02-03,1389.206298828125,1395.8800048828125,1445.81005859375,1371.9100341796875,1436.0400390625,2205100,2026-09-25
2026-02-04,1332.727783203125,1339.1300048828125,1406.0999755859375,1316.06005859375,1395.760009765625,2479400,2026-09-25
2026-02-05,1343.7049560546875,1350.1600341796875,1368.8599853515625,1319.530029296875,1329.1199951171875,1790200,2026-09-25
2026-02-06,1406.2545166015625,1413.010009765625,1415.969970703125,1368.52001953125,1372.3699951171875,1971000,2026-09-25
2026-02-09,1422.655517578125,1429.489990234375,1437.0899658203125,1408.5999755859375,1415.8399658203125,1125100,2026-09-25
2026-02-10,1408.7171630859375,1413.6199951171875,1439.8900146484375,1410.800048828125,1439.27001953125,1200600,2026-09-25
2026-02-11,1430.65087890625,1435.6300048828125,1451.489990234375,1409.3399658203125,1440.4000244140625,1139300,2026-09-25
2026-02-12,1401.9906005859375,1406.8699951171875,1439.25,1392.199951171875,1435.22998046875,1518100,2026-09-25
2026-02-13,1401.7315673828125,1406.6099853515625,1436.6600341796875,1401.0,1414.8499755859375,1248900,2026-09-25
2026-02-17,1414.8558349609375,1419.780029296875,1428.5,1382.75,1392.5699462890625,1097200,2026-09-25
2026-02-18,1463.6259765625,1468.719970703125,1476.5,1427.3800048828125,1436.469970703125,1334400,2026-09-25
2026-02-19,1453.8701171875,1458.9300537109375,1459.7900390625,1427.5799560546875,1439.0400390625,1135200,2026-09-25
2026-02-20,1464.4930419921875,1469.5899658203125,1487.010009765625,1448.3199462890625,1449.4200439453125,1102500,2026-09-25
2026-02-23,1480.836181640625,1485.989990234375,1493.010009765625,1462.0,1471.4000244140625,1284200,2026-09-25
2026-02-24,1492.6053466796875,1497.800048828125,1507.3499755859375,1473.9300537109375,1500.02001953125,1538900,2026-09-25
2026-02-25,1521.2156982421875,1526.510009765625,1547.219970703125,1516.47998046875,1522.4000244140625,1306900,2026-09-25
2026-02-26,1458.72314453125,1463.800048828125,1514.3299560546875,1426.5899658203125,1512.8199462890625,2177900,2026-09-25
2026-02-27,1445.5291748046875,1450.56005859375,1461.719970703125,1424.5,1430.3399658203125,1358300,2026-09-25
2026-03-02,1418.602783203125,1423.5400390625,1442.68994140625,1411.2099609375,1417.75,1492400,2026-09-25
2026-03-03,1356.2198486328125,1360.93994140625,1373.5,1329.030029296875,1357.5799560546875,2012500,2026-09-25
2026-03-04,1394.5166015625,1399.3699951171875,1405.550048828125,1372.7099609375,1391.1300048828125,1486700,2026-09-25
2026-03-05,1363.6141357421875,1368.3599853515625,1407.3800048828125,1339.449951171875,1381.1199951171875,1804500,2026-09-25
2026-03-06,1288.3162841796875,1292.800048828125,1338.0,1286.6700439453125,1293.8599853515625,1900100,2026-09-25
2026-03-09,1352.712158203125,1357.4200439453125,1359.0,1276.1099853515625,1284.7900390625,1808900,2026-09-25
2026-03-10,1378.60205078125,1383.4000244140625,1407.5400390625,1369.9100341796875,1374.5899658203125,1650900,2026-09-25
2026-03-11,1381.87060546875,1386.6800537109375,1404.780029296875,1372.0,1383.9599609375,1164700,2026-09-25
2026-03-12,1346.892333984375,1351.5799560546875,1372.5400390625,1333.5699462890625,1372.5400390625,1780200,2026-09-25
2026-03-13,1341.022705078125,1345.68994140625,1386.7900390625,1342.5,1367.5400390625,1179000,2026-09-25
2026-03-16,1370.7891845703125,1375.56005859375,1390.1600341796875,1368.199951171875,1379.52001953125,1310400,2026-09-25
2026-03-17,1384.342041015625,1389.1600341796875,1391.06005859375,1369.31005859375,1385.050048828125,1135600,2026-09-25
2026-03-18,1350.469970703125,1355.1700439453125,1381.2900390625,1354.02001953125,1373.3699951171875,1391400,2026-09-25
2026-03-19,1361.6510009765625,1366.3900146484375,1372.4599609375,1310.3699951171875,1315.239990234375,1619100,2026-09-25
2026-03-20,1312.681396484375,1317.25,1370.0,1291.0999755859375,1357.260009765625,2645100,2026-09-25
2026-03-23,1364.8697509765625,1369.6199951171875,1400.3900146484375,1348.1099853515625,1359.72998046875,1983200,2026-09-25
2026-03-24,1394.5665283203125,1399.4200439453125,1413.280029296875,1348.6800537109375,1349.1199951171875,1801000,2026-09-25
2026-03-25,1389.0556640625,1393.8900146484375,1405.8299560546875,1366.68994140625,1394.0899658203125,1610000,2026-09-25
2026-03-26,1324.888916015625,1329.5,1359.4200439453125,1326.8499755859375,1356.81005859375,1721100,2026-09-25
2026-03-27,1297.95263671875,1302.469970703125,1333.780029296875,1298.52001953125,1318.4300537109375,1759700,2026-09-25
2026-03-30,1249.6109619140625,1253.9599609375,1322.9200439453125,1248.1099853515625,1318.77001953125,2144500,2026-09-25
2026-03-31,1316.2489013671875,1320.8299560546875,1322.4100341796875,1276.010009765625,1284.3299560546875,1731500,2026-09-25
2026-04-01,1355.0439453125,1359.760009765625,1385.719970703125,1344.56005859375,1345.6400146484375,1745000,2026-09-25
2026-04-02,1312.6614990234375,1317.22998046875,1356.199951171875,1298.1800537109375,1305.5400390625,1883400,2026-09-25
2026-04-06,1299.4873046875,1304.010009765625,1320.0,1280.3599853515625,1315.1099853515625,1299200,2026-09-25
2026-04-07,1301.9188232421875,1306.449951171875,1309.0,1272.2099609375,1290.43994140625,1368900,2026-09-25
2026-04-08,1416.1214599609375,1421.050048828125,1429.2900390625,1384.22998046875,1421.0,2427300,2026-09-25
2026-04-09,1443.61572265625,1448.6400146484375,1453.550048828125,1412.1199951171875,1412.1199951171875,1579700,2026-09-25
2026-04-10,1473.1529541015625,1478.280029296875,1502.5,1473.719970703125,1482.3499755859375,1519600,2026-09-25
2026-04-13,1494.996826171875,1500.199951171875,1500.800048828125,1461.030029296875,1465.1600341796875,1709400,2026-09-25
2026-04-14,1513.0341796875,1518.300048828125,1531.97998046875,1496.97998046875,1526.3900146484375,1769200,2026-09-25
2026-04-15,1476.630859375,1481.77001953125,1486.1700439453125,1415.25,1473.530029296875,4251700,2026-09-25
2026-04-16,1405.9368896484375,1410.8299560546875,1453.9200439453125,1406.5,1453.0,2626700,2026-09-25
2026-04-17,1454.737060546875,1459.800048828125,1472.47998046875,1445.68994140625,1463.760009765625,1876500,2026-09-25
2026-04-20,1471.379150390625,1476.5,1479.300048828125,1452.0,1461.489990234375,1091900,2026-09-25
2026-04-21,1453.909912109375,1458.969970703125,1480.1700439453125,1446.25,1476.0899658203125,1274600,2026-09-25
2026-04-22,1438.653076171875,1443.6600341796875,1477.0,1378.300048828125,1477.0,2621800,2026-09-25
2026-04-23,1412.8826904296875,1417.800048828125,1450.0,1396.22998046875,1438.949951171875,1800500,2026-09-25
2026-04-24,1452.644287109375,1457.699951171875,1472.6500244140625,1441.68994140625,1459.530029296875,1751800,2026-09-25
2026-04-27,1430.5897216796875,1432.43994140625,1458.300048828125,1415.68994140625,1457.8399658203125,1326200,2026-09-25
2026-04-28,1382.771728515625,1384.56005859375,1398.6300048828125,1364.81005859375,1389.72998046875,1926900,2026-09-25
2026-04-29,1392.279296875,1394.0799560546875,1399.699951171875,1374.9200439453125,1386.7099609375,1256500,2026-09-25
2026-04-30,1437.13134765625,1438.989990234375,1446.6500244140625,1395.0,1414.3399658203125,1414400,2026-09-25
2026-05-01,1425.1768798828125,1427.02001953125,1444.1500244140625,1414.0,1428.2900390625,707100,2026-09-25
2026-05-04,1384.41943359375,1386.2099609375,1417.0699462890625,1366.7900390625,1401.77001953125,1755700,2026-09-25
2026-05-05,1441.0562744140625,1442.9200439453125,1454.800048828125,1414.3900146484375,1432.4200439453125,1621400,2026-09-25
2026-05-06,1542.7447509765625,1544.739990234375,1545.52001953125,1496.0,1503.0899658203125,2312400,2026-09-25
2026-05-07,1514.64111328125,1516.5999755859375,1550.0,1497.81005859375,1548.739990234375,1726700,2026-09-25
2026-05-08,1589.9637451171875,1592.02001953125,1595.31005859375,1531.1600341796875,1538.530029296875,2288300,2026-09-25
2026-05-11,1563.78759765625,1565.81005859375,1567.989990234375,1521.3599853515625,1559.300048828125,2191300,2026-09-25
2026-05-12,1518.9754638671875,1520.93994140625,1535.1099853515625,1475.0,1526.1400146484375,1846800,2026-09-25
2026-05-13,1579.537109375,1581.5799560546875,1602.5999755859375,1521.0799560546875,1539.3900146484375,1691200,2026-09-25
2026-05-14,1582.46337890625,1584.510009765625,1603.489990234375,1563.280029296875,1573.739990234375,1412600,2026-09-25
2026-05-15,1499.8702392578125,1501.81005859375,1527.25,1486.6400146484375,1511.739990234375,1807400,2026-09-25
2026-05-18,1470.48828125,1472.3900146484375,1522.489990234375,1453.3399658203125,1521.25,1664400,2026-09-25
2026-05-19,1457.554931640625,1459.43994140625,1485.760009765625,1441.31005859375,1449.9300537109375,1395400,2026-09-25
2026-05-20,1548.1278076171875,1550.1300048828125,1555.800048828125,1492.3199462890625,1502.3800048828125,1744500,2026-09-25
2026-05-21,1589.9437255859375,1592.0,1601.7900390625,1545.93994140625,1548.6800537109375,1358400,2026-09-25
2026-05-22,1630.7908935546875,1632.9000244140625,1653.530029296875,1615.8499755859375,1620.030029296875,1666700,2026-09-25
2026-05-26,1629.9219970703125,1632.030029296875,1648.010009765625,1604.25,1641.8499755859375,1651000,2026-09-25
2026-05-27,1595.80615234375,1597.8699951171875,1639.1300048828125,1583.0,1637.3499755859375,1361600,2026-09-25
2026-05-28,1603.6959228515625,1605.77001953125,1627.530029296875,1580.0,1617.0899658203125,971600,2026-09-25
2026-05-29,1610.6768798828125,1612.760009765625,1654.199951171875,1604.8599853515625,1633.469970703125,1069400,2026-09-25
2026-06-01,1626.4664306640625,1628.5699462890625,1646.530029296875,1585.6099853515625,1594.469970703125,1058900,2026-09-25
2026-06-02,1703.167236328125,1705.3699951171875,1708.3199462890625,1647.5899658203125,1659.68994140625,1484000,2026-09-25
2026-06-03,1724.130126953125,1726.3599853515625,1743.27001953125,1690.0,1709.31005859375,1826900,2026-09-25
2026-06-04,1755.199951171875,1757.469970703125,1779.2900390625,1672.4300537109375,1679.800048828125,2248200,2026-09-25
2026-06-05,1639.6195068359375,1641.739990234375,1705.47998046875,1638.3800048828125,1685.3599853515625,2744600,2026-09-25
2026-06-08,1746.7808837890625,1749.0400390625,1769.489990234375,1719.02001953125,1732.7900390625,2062100,2026-09-25
2026-06-09,1775.4737548828125,1777.77001953125,1831.1099853515625,1676.280029296875,1776.6199951171875,3151400,2026-09-25
2026-06-10,1731.949951171875,1734.18994140625,1812.0,1723.2099609375,1746.4599609375,2586400,2026-09-25
2026-06-11,1897.0264892578125,1899.47998046875,1903.5,1775.0999755859375,1780.0,2965600,2026-09-25
2026-06-12,1861.14306640625,1863.550048828125,1892.800048828125,1839.0,1847.6199951171875,2529600,2026-09-25
2026-06-15,1890.2154541015625,1892.6600341796875,1913.699951171875,1865.0,1894.5400390625,2339100,2026-09-25
2026-06-16,1801.56005859375,1803.8900146484375,1881.1600341796875,1802.6099853515625,1872.010009765625,1797600,2026-09-25
2026-06-17,1865.4173583984375,1867.8299560546875,1938.489990234375,1865.3199462890625,1897.199951171875,2322900,2026-09-25
2026-06-18,1927.1876220703125,1929.6800537109375,1942.8699951171875,1909.530029296875,1924.1800537109375,2406100,2026-09-25
2026-06-22,1926.7581787109375,1929.25,1959.0400390625,1886.43994140625,1953.52001953125,1793300,2026-09-25
2026-06-23,1776.162841796875,1778.4599609375,1812.949951171875,1755.969970703125,1777.699951171875,2415700,2026-09-25
2026-06-24,1760.4931640625,1762.77001953125,1779.6500244140625,1730.2900390625,1750.4200439453125,2028200,2026-09-25
2026-06-25,1838.8018798828125,1841.1800537109375,1855.9100341796875,1777.0400390625,1855.5,2197000,2026-09-25
2026-06-26,1792.302001953125,1794.6199951171875,1809.0,1767.6400146484375,1781.6600341796875,2840000,2026-09-25
2026-06-29,1880.677734375,1883.1099853515625,1886.1199951171875,1772.52001953125,1798.949951171875,1760500,2026-09-25
2026-06-30,1986.870361328125,1989.43994140625,1999.9599609375,1913.8800048828125,1915.5,2712600,2026-09-25
2026-07-01,1840.6595458984375,1843.0400390625,1943.0,1832.6300048828125,1916.280029296875,2584700,2026-09-25
2026-07-02,1767.03466796875,1769.3199462890625,1858.4000244140625,1748.02001953125,1843.97998046875,2699100,2026-09-25
2026-07-06,1822.712646484375,1825.0699462890625,1868.5999755859375,1813.3299560546875,1830.0,1945000,2026-09-25
2026-07-07,1745.023193359375,1747.280029296875,1761.0400390625,1717.31005859375,1737.1300048828125,1863900,2026-09-25
2026-07-08,1766.3656005859375,1768.6500244140625,1780.6600341796875,1729.3800048828125,1733.6800537109375,1424500,2026-09-25
2026-07-09,1801.9195556640625,1804.25,1858.72998046875,1796.760009765625,1835.4599609375,1547400,2026-09-25
2026-07-10,1794.9984130859375,1797.3199462890625,1815.1800537109375,1766.6600341796875,1783.8800048828125,1218400,2026-09-25
2026-07-13,1723.8106689453125,1726.0400390625,1775.7900390625,1718.0799560546875,1773.5400390625,1419800,2026-09-25
2026-07-14,1773.3465576171875,1775.6400146484375,1798.27001953125,1749.8599853515625,1787.449951171875,2529100,2026-09-25
2026-07-15,1812.9254150390625,1815.27001953125,1830.0,1735.6500244140625,1825.06005859375,4189300,2026-09-25
2026-07-16,1782.5645751953125,1784.8699951171875,1853.449951171875,1779.1199951171875,1796.9100341796875,2581400,2026-09-25
2026-07-17,1745.32275390625,1747.5799560546875,1790.9100341796875,1703.4000244140625,1733.780029296875,2209400,2026-09-25
2026-07-20,1736.7738037109375,1739.02001953125,1798.3399658203125,1728.5999755859375,1778.68994140625,1639000,2026-09-25
2026-07-21,1799.18310546875,1801.510009765625,1823.8800048828125,1785.5400390625,1801.199951171875,1681100,2026-09-25
2026-07-22,1799.5325927734375,1801.8599853515625,1817.199951171875,1767.0400390625,1767.6500244140625,1007400,2026-09-25
2026-07-23,1800.671142578125,1803.0,1823.5799560546875,1780.239990234375,1782.1199951171875,1106700,2026-09-25
2026-07-24,1754.8204345703125,1757.0899658203125,1797.8699951171875,1739.8800048828125,1789.8800048828125,1315000,2026-09-25
2026-07-27,1653.1220703125,1655.260009765625,1746.699951171875,1613.3399658203125,1739.18994140625,3325500,2026-09-25
2026-07-28,1582.949951171875,1582.949951171875,1599.8800048828125,1553.5799560546875,1580.5,3010100,2026-09-25
2026-07-29,1550.68994140625,1550.68994140625,1621.4599609375,1530.6400146484375,1569.3900146484375,2538800,2026-09-25
2026-07-30,1651.43994140625,1651.43994140625,1676.780029296875,1626.43994140625,1645.0699462890625,2170500,2026-09-25
2026-07-31,1629.0,1629.0,1692.1500244140625,1624.7099609375,1683.3800048828125,1601400,2026-09-25
2026-08-03,1642.52001953125,1642.52001953125,1655.199951171875,1582.0,1609.68994140625,1437400,2026-09-25
2026-08-04,1711.8900146484375,1711.8900146484375,1717.56005859375,1686.010009765625,1700.0400390625,1526700,2026-09-25
2026-08-05,1678.219970703125,1678.219970703125,1729.06005859375,1671.75,1700.4200439453125,1221000,2026-09-25
2026-08-06,1704.3699951171875,1704.3699951171875,1735.530029296875,1672.1099853515625,1695.3900146484375,1072500,2026-09-25
2026-08-07,1740.989990234375,1740.989990234375,1761.31005859375,1720.1099853515625,1759.7099609375,1064900,2026-09-25
2026-08-10,1733.47998046875,1733.47998046875,1794.469970703125,1732.81005859375,1793.010009765625,1107000,2026-09-25
2026-08-11,1799.3800048828125,1799.3800048828125,1819.5899658203125,1778.3199462890625,1793.9300537109375,1479700,2026-09-25
2026-08-12,1810.0699462890625,1810.0699462890625,1845.0,1807.3800048828125,1832.6300048828125,1388800,2026-09-25
2026-08-13,1847.9000244140625,1847.9000244140625,1873.68994140625,1813.300048828125,1819.0699462890625,1237900,2026-09-25
2026-08-14,1844.0799560546875,1844.0799560546875,1853.3199462890625,1820.4100341796875,1839.18994140625,929000,2026-09-25
2026-08-17,1883.1199951171875,1883.1199951171875,1896.3499755859375,1860.1199951171875,1871.6800537109375,1285400,2026-09-25
2026-08-18,1802.97998046875,1802.97998046875,1820.4100341796875,1775.699951171875,1809.0,1509300,2026-09-25
2026-08-19,1751.72998046875,1751.72998046875,1804.280029296875,1748.8499755859375,1797.719970703125,1463600,2026-09-25
2026-08-20,1750.31005859375,1750.31005859375,1775.8199462890625,1741.02001953125,1743.760009765625,825400,2026-09-25
2026-08-21,1763.760009765625,1763.760009765625,1771.0,1741.0,1763.510009765625,972400,2026-09-25
2026-08-24,1740.1300048828125,1740.1300048828125,1761.97998046875,1727.5699462890625,1761.56005859375,1202000,2026-09-25
2026-08-25,1744.1600341796875,1744.1600341796875,1769.989990234375,1735.8699951171875,1759.1500244140625,808900,2026-09-25
2026-08-26,1745.6400146484375,1745.6400146484375,1761.7099609375,1732.3499755859375,1746.3299560546875,873500,2026-09-25
2026-08-27,1735.010009765625,1735.010009765625,1751.780029296875,1719.1099853515625,1746.530029296875,1027200,2026-09-25
2026-08-28,1696.1600341796875,1696.1600341796875,1740.0,1692.8800048828125,1734.75,1257700,2026-09-25
2026-08-31,1696.010009765625,1696.010009765625,1716.9000244140625,1679.3299560546875,1708.6800537109375,1212100,2026-09-25
2026-09-01,1665.1400146484375,1665.1400146484375,1684.0,1651.2099609375,1680.739990234375,1004800,2026-09-25
2026-09-02,1682.300048828125,1682.300048828125,1688.6600341796875,1650.199951171875,1672.2099609375,872800,2026-09-25
2026-09-03,1646.18994140625,1646.18994140625,1656.31005859375,1619.3399658203125,1642.3900146484375,1437500,2026-09-25
2026-09-04,1714.8800048828125,1714.8800048828125,1721.6600341796875,1675.9300537109375,1678.739990234375,1288700,2026-09-25
2026-09-08,1764.8499755859375,1764.8499755859375,1790.0,1743.0899658203125,1774.3499755859375,1352800,2026-09-25
2026-09-09,1729.52001953125,1729.52001953125,1750.8900146484375,1722.9200439453125,1727.719970703125,1060000,2026-09-25
2026-09-10,1687.4300537109375,1687.4300537109375,1716.6300048828125,1681.5799560546875,1688.510009765625,1078100,2026-09-25
2026-09-11,1698.300048828125,1698.300048828125,1727.31005859375,1696.2099609375,1726.8699951171875,881200,2026-09-25
2026-09-14,1575.1500244140625,1575.1500244140625,1610.4100341796875,1572.8399658203125,1594.2099609375,1970800,2026-09-25
2026-09-15,1591.47998046875,1591.47998046875,1616.550048828125,1575.780029296875,1615.6099853515625,1577600,2026-09-25
2026-09-16,1602.219970703125,1602.219970703125,1629.8499755859375,1584.5400390625,1629.8499755859375,1334100,2026-09-25
2026-09-17,1629.6700439453125,1629.6700439453125,1638.699951171875,1614.02001953125,1637.0699462890625,1394000,2026-09-25
2026-09-18,1679.9200439453125,1679.9200439453125,1681.6099853515625,1628.27001953125,1630.0,2523800,2026-09-25
2026-09-21,1711.3199462890625,1711.3199462890625,1722.3299560546875,1677.0899658203125,1693.0699462890625,1314400,2026-09-25
2026-09-22,1747.9000244140625,1747.9000244140625,1749.699951171875,1694.2900390625,1696.0,1174500,2026-09-25
2026-09-23,1744.6099853515625,1744.6099853515625,1746.6099853515625,1704.300048828125,1731.199951171875,1254400,2026-09-25
2026-09-24,1722.5,1722.5,1736.8399658203125,1700.8800048828125,1708.8499755859375,1263300,2026-09-25
2026-09-25,1743.93994140625,1743.93994140625,1759.25,1728.1099853515625,1740.925048828125,800307,2026-09-25
