Date,Adj Close,Close,High,Low,Open,Volume,DataCollectedAt
1995-01-03,1.0311179161071777,1.2166670560836792,1.2333329916000366,1.1833330392837524,1.225000023841858,8979000,2026-10-08
1995-01-04,1.045242428779602,1.2333329916000366,1.25,1.2000000476837158,1.2416670322418213,25413000,2026-10-08
1995-01-05,1.0099302530288696,1.1916669607162476,1.2583329677581787,1.1916669607162476,1.2416670322418213,22284000,2026-10-08
1995-01-06,1.0028676986694336,1.1833330392837524,1.2166670560836792,1.1749999523162842,1.1916669607162476,15186000,2026-10-08
1995-01-09,1.0134613513946533,1.1958329677581787,1.2166670560836792,1.1833330392837524,1.2000000476837158,16545000,2026-10-08
1995-01-10,1.0858521461486816,1.28125,1.2958329916000366,1.2166670560836792,1.225000023841858,26154000,2026-10-08
1995-01-11,1.1017425060272217,1.2999999523162842,1.350000023841858,1.2999999523162842,1.3166669607162476,37521000,2026-10-08
1995-01-12,1.1052738428115845,1.3041670322418213,1.3166669607162476,1.274999976158142,1.2916669845581055,9225000,2026-10-08
1995-01-13,1.1935539245605469,1.4083329439163208,1.4166669845581055,1.3333330154418945,1.350000023841858,28386000,2026-10-08
1995-01-16,1.2429920434951782,1.4666670560836792,1.4833329916000366,1.3958330154418945,1.412500023841858,22509000,2026-10-08
1995-01-17,1.2323980331420898,1.4541670083999634,1.475000023841858,1.3833329677581787,1.4166669845581055,42846000,2026-10-08
1995-01-18,1.2218044996261597,1.4416669607162476,1.4770829677581787,1.4083329439163208,1.4666670560836792,14184000,2026-10-08
1995-01-19,1.1617729663848877,1.3708330392837524,1.4333330392837524,1.350000023841858,1.4249999523162842,20547000,2026-10-08
1995-01-20,1.1511794328689575,1.3583329916000366,1.375,1.3166669607162476,1.3583329916000366,14106000,2026-10-08
1995-01-23,1.1617729663848877,1.3708330392837524,1.375,1.3291670083999634,1.3416670560836792,17586000,2026-10-08
1995-01-24,1.1935539245605469,1.4083329439163208,1.4166669845581055,1.3583329916000366,1.3708330392837524,9009000,2026-10-08
1995-01-25,1.1476489305496216,1.3541669845581055,1.3916670083999634,1.350000023841858,1.375,25845000,2026-10-08
1995-01-26,1.0876169204711914,1.2833329439163208,1.3666670322418213,1.2833329439163208,1.3666670322418213,14271000,2026-10-08
1995-01-27,1.10880446434021,1.3083330392837524,1.3166669607162476,1.2833329439163208,1.3083330392837524,19647000,2026-10-08
1995-01-30,1.0275864601135254,1.212499976158142,1.3166669607162476,1.2083330154418945,1.3166669607162476,25290000,2026-10-08
1995-01-31,1.0593678951263428,1.25,1.2583329677581787,1.1916669607162476,1.2416670322418213,27414000,2026-10-08
1995-02-01,1.0946803092956543,1.2916669845581055,1.3166669607162476,1.25,1.25,18267000,2026-10-08
1995-02-02,1.1158677339553833,1.3166669607162476,1.3333330154418945,1.2916669845581055,1.2916669845581055,13311000,2026-10-08
1995-02-03,1.1511794328689575,1.3583329916000366,1.375,1.337499976158142,1.3416670560836792,15780000,2026-10-08
1995-02-06,1.1829607486724854,1.3958330154418945,1.4166669845581055,1.3583329916000366,1.3583329916000366,16653000,2026-10-08
1995-02-07,1.179429531097412,1.3916670083999634,1.4166669845581055,1.3666670322418213,1.399999976158142,16374000,2026-10-08
1995-02-08,1.200616717338562,1.4166669845581055,1.4166669845581055,1.3916670083999634,1.399999976158142,7221000,2026-10-08
1995-02-09,1.2041478157043457,1.4208329916000366,1.4666670560836792,1.4083329439163208,1.4249999523162842,15099000,2026-10-08
1995-02-10,1.2147412300109863,1.4333330392837524,1.4500000476837158,1.4083329439163208,1.4249999523162842,9645000,2026-10-08
1995-02-13,1.2182729244232178,1.4375,1.4666670560836792,1.4166669845581055,1.4249999523162842,7965000,2026-10-08
1995-02-14,1.2500542402267456,1.475000023841858,1.4916670322418213,1.4333330392837524,1.4333330392837524,23025000,2026-10-08
1995-02-15,1.2571160793304443,1.4833329916000366,1.5166670083999634,1.475000023841858,1.5083329677581787,22395000,2026-10-08
1995-02-16,1.2147412300109863,1.4333330392837524,1.4833329916000366,1.4166669845581055,1.475000023841858,12318000,2026-10-08
1995-02-17,1.1441171169281006,1.350000023841858,1.4249999523162842,1.3333330154418945,1.4249999523162842,22329000,2026-10-08
1995-02-21,1.10880446434021,1.3083330392837524,1.3541669845581055,1.2916669845581055,1.350000023841858,17205000,2026-10-08
1995-02-22,1.1441171169281006,1.350000023841858,1.3666670322418213,1.2999999523162842,1.2999999523162842,15645000,2026-10-08
1995-02-23,1.1476489305496216,1.3541669845581055,1.3833329677581787,1.3416670560836792,1.3666670322418213,17466000,2026-10-08
1995-02-24,1.1229299306869507,1.3250000476837158,1.350000023841858,1.3083330392837524,1.350000023841858,11223000,2026-10-08
1995-02-27,1.0734927654266357,1.2666670083999634,1.3250000476837158,1.2625000476837158,1.3083330392837524,21222000,2026-10-08
1995-02-28,1.129992127418518,1.3333330154418945,1.3333330154418945,1.2583329677581787,1.2833329439163208,23814000,2026-10-08
1995-03-01,1.0876169204711914,1.2833329439163208,1.375,1.2833329439163208,1.3583329916000366,15588000,2026-10-08
1995-03-02,1.1017425060272217,1.2999999523162842,1.3250000476837158,1.2833329439163208,1.2999999523162842,28323000,2026-10-08
1995-03-03,1.129992127418518,1.3333330154418945,1.350000023841858,1.2833329439163208,1.3083330392837524,22677000,2026-10-08
1995-03-06,1.1935539245605469,1.4083329439163208,1.4166669845581055,1.3166669607162476,1.3333330154418945,28491000,2026-10-08
1995-03-07,1.179429531097412,1.3916670083999634,1.4166669845581055,1.375,1.4083329439163208,18102000,2026-10-08
1995-03-08,1.1653046607971191,1.375,1.4249999523162842,1.3583329916000366,1.4083329439163208,17685000,2026-10-08
1995-03-09,1.1582424640655518,1.3666670322418213,1.399999976158142,1.3250000476837158,1.3916670083999634,15003000,2026-10-08
1995-03-10,1.1723663806915283,1.3833329677581787,1.3833329677581787,1.3583329916000366,1.3666670322418213,4992000,2026-10-08
1995-03-13,1.1864919662475586,1.399999976158142,1.4249999523162842,1.3833329677581787,1.3833329677581787,11751000,2026-10-08
1995-03-14,1.1758981943130493,1.3875000476837158,1.4416669607162476,1.3833329677581787,1.4249999523162842,8412000,2026-10-08
1995-03-15,1.179429531097412,1.3916670083999634,1.4083329439163208,1.3666670322418213,1.3916670083999634,10167000,2026-10-08
1995-03-16,1.1229299306869507,1.3250000476837158,1.3583329916000366,1.2999999523162842,1.3083330392837524,72006000,2026-10-08
1995-03-17,1.1370550394058228,1.3416670560836792,1.350000023841858,1.3250000476837158,1.3333330154418945,24930000,2026-10-08
1995-03-20,1.1582424640655518,1.3666670322418213,1.375,1.3250000476837158,1.3416670560836792,21561000,2026-10-08
1995-03-21,1.2429920434951782,1.4666670560836792,1.5,1.375,1.375,69855000,2026-10-08
1995-03-22,1.2818348407745361,1.5125000476837158,1.524999976158142,1.475000023841858,1.5,43230000,2026-10-08
1995-03-23,1.3418655395507812,1.5833330154418945,1.600000023841858,1.5,1.5166670083999634,45444000,2026-10-08
1995-03-24,1.3559908866882324,1.600000023841858,1.6166670322418213,1.5833330154418945,1.6083329916000366,36561000,2026-10-08
1995-03-27,1.43014657497406,1.6875,1.7083330154418945,1.600000023841858,1.6166670322418213,39315000,2026-10-08
1995-03-28,1.3771781921386719,1.625,1.7166670560836792,1.6166670322418213,1.7166670560836792,32226000,2026-10-08
1995-03-29,1.3348032236099243,1.5750000476837158,1.625,1.5499999523162842,1.6166670322418213,20745000,2026-10-08
1995-03-30,1.2924284934997559,1.524999976158142,1.600000023841858,1.5083329677581787,1.5916670560836792,31509000,2026-10-08
1995-03-31,1.264178991317749,1.4916670322418213,1.5166670083999634,1.4583330154418945,1.5,35187000,2026-10-08
1995-04-03,1.2712419033050537,1.5,1.5166670083999634,1.475000023841858,1.5,13995000,2026-10-08
1995-04-04,1.2218044996261597,1.4416669607162476,1.524999976158142,1.4416669607162476,1.5,17103000,2026-10-08
1995-04-05,1.2571160793304443,1.4833329916000366,1.4833329916000366,1.4166669845581055,1.4249999523162842,32088000,2026-10-08
1995-04-06,1.2218044996261597,1.4416669607162476,1.5083329677581787,1.4333330392837524,1.5,14673000,2026-10-08
1995-04-07,1.2924284934997559,1.524999976158142,1.524999976158142,1.4270830154418945,1.4500000476837158,25743000,2026-10-08
1995-04-10,1.3348032236099243,1.5750000476837158,1.600000023841858,1.524999976158142,1.524999976158142,25752000,2026-10-08
1995-04-11,1.3277416229248047,1.5666669607162476,1.6083329916000366,1.5583330392837524,1.6083329916000366,10965000,2026-10-08
1995-04-12,1.3595222234725952,1.6041669845581055,1.6333329677581787,1.5666669607162476,1.5750000476837158,11451000,2026-10-08
1995-04-13,1.3665845394134521,1.6124999523162842,1.6583329439163208,1.6083329916000366,1.6166670322418213,11901000,2026-10-08
1995-04-17,1.3136162757873535,1.5499999523162842,1.6333329677581787,1.5333329439163208,1.625,14829000,2026-10-08
1995-04-18,1.3065537214279175,1.5416669845581055,1.5750000476837158,1.5166670083999634,1.5583330392837524,17616000,2026-10-08
1995-04-19,1.2959603071212769,1.5291670560836792,1.5833330154418945,1.4500000476837158,1.5833330154418945,41763000,2026-10-08
1995-04-20,1.2994908094406128,1.5333329439163208,1.5666669607162476,1.4833329916000366,1.5499999523162842,21690000,2026-10-08
1995-04-21,1.3348032236099243,1.5750000476837158,1.5916670560836792,1.5083329677581787,1.524999976158142,20589000,2026-10-08
1995-04-24,1.3595222234725952,1.6041669845581055,1.625,1.5583330392837524,1.5750000476837158,20991000,2026-10-08
1995-04-25,1.35245943069458,1.5958329439163208,1.6333329677581787,1.5916670560836792,1.6124999523162842,14124000,2026-10-08
1995-04-26,1.3842401504516602,1.6333329677581787,1.6375000476837158,1.5416669845581055,1.5750000476837158,22119000,2026-10-08
1995-04-27,1.3771781921386719,1.625,1.6583329439163208,1.625,1.6416670083999634,20925000,2026-10-08
1995-04-28,1.4266148805618286,1.6833330392837524,1.6916669607162476,1.6166670322418213,1.6333329677581787,26760000,2026-10-08
1995-05-01,1.433678150177002,1.6916669607162476,1.725000023841858,1.6749999523162842,1.6749999523162842,20880000,2026-10-08
1995-05-02,1.4089590311050415,1.662500023841858,1.6958329677581787,1.6583329439163208,1.6833330392837524,15735000,2026-10-08
1995-05-03,1.4195524454116821,1.6749999523162842,1.6833330392837524,1.6416670083999634,1.6749999523162842,11274000,2026-10-08
1995-05-04,1.4372087717056274,1.6958329677581787,1.7416670322418213,1.6833330392837524,1.6916669607162476,18579000,2026-10-08
1995-05-05,1.4407399892807007,1.7000000476837158,1.7291669845581055,1.6833330392837524,1.725000023841858,17697000,2026-10-08
1995-05-08,1.490176796913147,1.7583329677581787,1.7583329677581787,1.6749999523162842,1.7000000476837158,11520000,2026-10-08
1995-05-09,1.461927056312561,1.725000023841858,1.7583329677581787,1.7083330154418945,1.75,16896000,2026-10-08
1995-05-10,1.4354435205459595,1.693750023841858,1.7666670083999634,1.6833330392837524,1.7666670083999634,20343000,2026-10-08
1995-05-11,1.454865574836731,1.7166670560836792,1.7583329677581787,1.6666669845581055,1.6916669607162476,19764000,2026-10-08
1995-05-12,1.490176796913147,1.7583329677581787,1.7916669845581055,1.7083330154418945,1.7166670560836792,22134000,2026-10-08
1995-05-15,1.500770926475525,1.7708330154418945,1.8041670322418213,1.7583329677581787,1.7833329439163208,14457000,2026-10-08
1995-05-16,1.5502082109451294,1.8291670083999634,1.8416670560836792,1.7416670322418213,1.7583329677581787,29382000,2026-10-08
1995-05-17,1.6490823030471802,1.9458329677581787,1.9583330154418945,1.9083329439163208,1.9500000476837158,62010000,2026-10-08
1995-05-18,1.610239028930664,1.899999976158142,2.0250000953674316,1.899999976158142,1.9666670560836792,31125000,2026-10-08
1995-05-19,1.5996452569961548,1.8875000476837158,1.9249999523162842,1.8333330154418945,1.8666670322418213,33393000,2026-10-08
1995-05-22,1.7020506858825684,2.0083329677581787,2.0083329677581787,1.9083329439163208,1.9249999523162842,27231000,2026-10-08
1995-05-23,1.6843945980072021,1.9874999523162842,2.0416669845581055,1.9833329916000366,2.0250000953674316,37299000,2026-10-08
1995-05-24,1.6843945980072021,1.9874999523162842,2.0333330631256104,1.9249999523162842,2.0333330631256104,28074000,2026-10-08
1995-05-25,1.6596757173538208,1.9583330154418945,1.9833329916000366,1.9166669845581055,1.9833329916000366,15537000,2026-10-08
1995-05-26,1.6384886503219604,1.9333330392837524,1.9583330154418945,1.9083329439163208,1.9583330154418945,12246000,2026-10-08
1995-05-30,1.5890518426895142,1.875,1.9333330392837524,1.8416670560836792,1.9249999523162842,27162000,2026-10-08
1995-05-31,1.617301106452942,1.9083329439163208,1.9166669845581055,1.850000023841858,1.8916670083999634,27414000,2026-10-08
1995-06-01,1.6384886503219604,1.9333330392837524,1.9500000476837158,1.875,1.9083329439163208,21024000,2026-10-08
1995-06-02,1.6667391061782837,1.9666670560836792,2.0,1.8916670083999634,1.9083329439163208,17490000,2026-10-08
1995-06-05,1.6949883699417114,2.0,2.0250000953674316,1.975000023841858,1.975000023841858,10542000,2026-10-08
1995-06-06,1.6455518007278442,1.9416669607162476,2.0083329677581787,1.9416669607162476,1.9916670322418213,11253000,2026-10-08
1995-06-07,1.6773325204849243,1.9791669845581055,1.9916670322418213,1.9249999523162842,1.9416669607162476,12168000,2026-10-08
1995-06-08,1.7161756753921509,2.0250000953674316,2.0250000953674316,1.975000023841858,1.9916670322418213,13353000,2026-10-08
1995-06-09,1.7444252967834473,2.058332920074463,2.075000047683716,2.0,2.0250000953674316,13065000,2026-10-08
1995-06-12,1.7020506858825684,2.0083329677581787,2.1010420322418213,1.9833329916000366,2.0916669368743896,11871000,2026-10-08
1995-06-13,1.7232383489608765,2.0333330631256104,2.058332920074463,1.9916670322418213,2.0333330631256104,19014000,2026-10-08
1995-06-14,1.7868003845214844,2.108333110809326,2.125,2.0083329677581787,2.0250000953674316,20124000,2026-10-08
1995-06-15,1.8574247360229492,2.191667079925537,2.2166669368743896,2.125,2.141666889190674,28389000,2026-10-08
1995-06-16,1.836237907409668,2.1666669845581055,2.2166669368743896,2.1666669845581055,2.191667079925537,7557000,2026-10-08
1995-06-19,1.8927369117736816,2.233333110809326,2.2416670322418213,2.174999952316284,2.174999952316284,20778000,2026-10-08
1995-06-20,1.906861424446106,2.25,2.266666889190674,2.2249999046325684,2.25,12279000,2026-10-08
1995-06-21,1.8997992277145386,2.2416670322418213,2.2833330631256104,2.2166669368743896,2.2750000953674316,23232000,2026-10-08
1995-06-22,1.906861424446106,2.25,2.266666889190674,2.2249999046325684,2.2416670322418213,11445000,2026-10-08
1995-06-23,1.8856744766235352,2.2249999046325684,2.2583329677581787,2.2083330154418945,2.233333110809326,9246000,2026-10-08
1995-06-26,1.7938635349273682,2.1166670322418213,2.237499952316284,2.1166670322418213,2.200000047683716,21885000,2026-10-08
1995-06-27,1.807986855506897,2.1333329677581787,2.1500000953674316,2.0916669368743896,2.108333110809326,18465000,2026-10-08
1995-06-28,1.7797377109527588,2.0999999046325684,2.1333329677581787,2.058332920074463,2.0999999046325684,27921000,2026-10-08
1995-06-29,1.836237907409668,2.1666669845581055,2.183332920074463,2.0999999046325684,2.0999999046325684,22914000,2026-10-08
1995-06-30,1.807986855506897,2.1333329677581787,2.191667079925537,2.0999999046325684,2.183332920074463,10566000,2026-10-08
1995-07-03,1.7938635349273682,2.1166670322418213,2.141666889190674,2.1166670322418213,2.125,2760000,2026-10-08
1995-07-05,1.7762062549591064,2.0958330631256104,2.1500000953674316,2.0833330154418945,2.1333329677581787,18510000,2026-10-08
1995-07-06,1.8856744766235352,2.2249999046325684,2.2416670322418213,2.066667079925537,2.0999999046325684,21678000,2026-10-08
1995-07-07,1.991611361503601,2.3499999046325684,2.358333110809326,2.2249999046325684,2.233333110809326,27363000,2026-10-08
1995-07-10,1.9951423406600952,2.3541669845581055,2.4083330631256104,2.316667079925537,2.375,15168000,2026-10-08
1995-07-11,1.9421744346618652,2.2916669845581055,2.3499999046325684,2.2833330631256104,2.3416669368743896,17601000,2026-10-08
1995-07-12,2.026923418045044,2.391666889190674,2.4000000953674316,2.299999952316284,2.358333110809326,20793000,2026-10-08
1995-07-13,2.0057361125946045,2.3666670322418213,2.4458329677581787,2.3333330154418945,2.391666889190674,34698000,2026-10-08
1995-07-14,1.9810185432434082,2.3375000953674316,2.358333110809326,2.2916669845581055,2.316667079925537,17007000,2026-10-08
1995-07-17,1.9598302841186523,2.3125,2.3666670322418213,2.299999952316284,2.3416669368743896,19740000,2026-10-08
1995-07-18,1.945705533027649,2.295833110809326,2.3666670322418213,2.2833330631256104,2.3499999046325684,14079000,2026-10-08
1995-07-19,1.807986855506897,2.1333329677581787,2.2249999046325684,2.075000047683716,2.2249999046325684,32595000,2026-10-08
1995-07-20,1.807986855506897,2.1333329677581787,2.2249999046325684,2.108333110809326,2.2249999046325684,34290000,2026-10-08
1995-07-21,1.7868003845214844,2.108333110809326,2.1583330631256104,2.0999999046325684,2.125,16371000,2026-10-08
1995-07-24,1.8715496063232422,2.2083330154418945,2.2166669368743896,2.125,2.1500000953674316,19068000,2026-10-08
1995-07-25,1.8927369117736816,2.233333110809326,2.3125,2.2249999046325684,2.2583329677581787,22566000,2026-10-08
1995-07-26,1.9562995433807373,2.308332920074463,2.325000047683716,2.2416670322418213,2.2416670322418213,19008000,2026-10-08
1995-07-27,1.9774858951568604,2.3333330154418945,2.3833329677581787,2.308332920074463,2.3333330154418945,14787000,2026-10-08
1995-07-28,1.9492367506027222,2.299999952316284,2.3499999046325684,2.299999952316284,2.308332920074463,10803000,2026-10-08
1995-07-31,1.9280495643615723,2.2750000953674316,2.316667079925537,2.2416670322418213,2.308332920074463,16833000,2026-10-08
1995-08-01,1.8786126375198364,2.2166669368743896,2.2833330631256104,2.183332920074463,2.2833330631256104,18132000,2026-10-08
1995-08-02,1.7868003845214844,2.108333110809326,2.266666889190674,2.0916669368743896,2.233333110809326,28806000,2026-10-08
1995-08-03,1.8291752338409424,2.1583330631256104,2.170833110809326,2.0250000953674316,2.058332920074463,49380000,2026-10-08
1995-08-04,1.8997992277145386,2.2416670322418213,2.25,2.1666669845581055,2.174999952316284,27351000,2026-10-08
1995-08-07,1.8786126375198364,2.2166669368743896,2.2916669845581055,2.191667079925537,2.266666889190674,16776000,2026-10-08
1995-08-08,1.9139240980148315,2.2583329677581787,2.266666889190674,2.2166669368743896,2.2583329677581787,18711000,2026-10-08
1995-08-09,1.917456030845642,2.262500047683716,2.316667079925537,2.191667079925537,2.308332920074463,77247000,2026-10-08
1995-08-10,1.7938635349273682,2.1166670322418213,2.2583329677581787,2.0916669368743896,2.2416670322418213,60276000,2026-10-08
1995-08-11,1.8327059745788574,2.1624999046325684,2.191667079925537,2.1333329677581787,2.1666669845581055,38202000,2026-10-08
1995-08-14,1.8786126375198364,2.2166669368743896,2.2249999046325684,2.1666669845581055,2.191667079925537,15363000,2026-10-08
1995-08-15,1.8715496063232422,2.2083330154418945,2.25,2.183332920074463,2.2416670322418213,16122000,2026-10-08
1995-08-16,1.938642978668213,2.2874999046325684,2.325000047683716,2.25,2.325000047683716,44307000,2026-10-08
1995-08-17,1.924518346786499,2.2708330154418945,2.299999952316284,2.2416670322418213,2.299999952316284,18246000,2026-10-08
1995-08-18,1.864488124847412,2.200000047683716,2.2750000953674316,2.191667079925537,2.2750000953674316,21432000,2026-10-08
1995-08-21,1.8115190267562866,2.137500047683716,2.233333110809326,2.1333329677581787,2.2083330154418945,14949000,2026-10-08
1995-08-22,1.8432996273040771,2.174999952316284,2.174999952316284,2.1166670322418213,2.1500000953674316,12897000,2026-10-08
1995-08-23,1.8715496063232422,2.2083330154418945,2.233333110809326,2.174999952316284,2.191667079925537,12711000,2026-10-08
1995-08-24,1.8221129179000854,2.1500000953674316,2.2083330154418945,2.125,2.200000047683716,15696000,2026-10-08
1995-08-25,1.7938635349273682,2.1166670322418213,2.1583330631256104,2.0916669368743896,2.1333329677581787,10929000,2026-10-08
1995-08-28,1.737363576889038,2.049999952316284,2.108333110809326,2.0250000953674316,2.108333110809326,24906000,2026-10-08
1995-08-29,1.7161756753921509,2.0250000953674316,2.066667079925537,1.9083329439163208,2.0333330631256104,35073000,2026-10-08
1995-08-30,1.6879265308380127,1.9916670322418213,2.075000047683716,1.962499976158142,2.0416669845581055,23496000,2026-10-08
1995-08-31,1.7020506858825684,2.0083329677581787,2.0333330631256104,1.9833329916000366,2.0083329677581787,8415000,2026-10-08
1995-09-01,1.693222999572754,1.9979170560836792,2.0333330631256104,1.9833329916000366,2.0,11898000,2026-10-08
1995-09-05,1.7444252967834473,2.058332920074463,2.075000047683716,1.9958330392837524,2.0083329677581787,19695000,2026-10-08
1995-09-06,1.7903320789337158,2.112499952316284,2.141666889190674,2.058332920074463,2.0916669368743896,28701000,2026-10-08
1995-09-07,1.8221129179000854,2.1500000953674316,2.200000047683716,2.125,2.1333329677581787,30402000,2026-10-08
1995-09-08,1.8609564304351807,2.1958329677581787,2.2166669368743896,2.1166670322418213,2.1500000953674316,23520000,2026-10-08
1995-09-11,1.8291752338409424,2.1583330631256104,2.233333110809326,2.1583330631256104,2.200000047683716,16347000,2026-10-08
1995-09-12,1.7585505247116089,2.075000047683716,2.191667079925537,2.066667079925537,2.183332920074463,26061000,2026-10-08
1995-09-13,1.7232383489608765,2.0333330631256104,2.0999999046325684,2.0250000953674316,2.075000047683716,31569000,2026-10-08
1995-09-14,1.7126438617706299,2.0208330154418945,2.066667079925537,1.9916670322418213,2.049999952316284,26718000,2026-10-08
1995-09-15,1.6455518007278442,1.9416669607162476,1.975000023841858,1.8916670083999634,1.9666670560836792,52971000,2026-10-08
1995-09-18,1.6667391061782837,1.9666670560836792,1.9916670322418213,1.9166669845581055,1.9416669607162476,26622000,2026-10-08
1995-09-19,1.7514879703521729,2.066667079925537,2.0833330154418945,1.9666670560836792,1.975000023841858,53676000,2026-10-08
1995-09-20,1.7585505247116089,2.075000047683716,2.1583330631256104,2.066667079925537,2.108333110809326,31992000,2026-10-08
1995-09-21,1.7444252967834473,2.058332920074463,2.0916669368743896,2.0,2.075000047683716,42636000,2026-10-08
1995-09-22,1.765613079071045,2.0833330154418945,2.0999999046325684,2.016666889190674,2.049999952316284,35151000,2026-10-08
1995-09-25,1.765613079071045,2.0833330154418945,2.0999999046325684,2.0416669845581055,2.0833330154418945,18141000,2026-10-08
1995-09-26,1.7726753950119019,2.0916669368743896,2.141666889190674,2.075000047683716,2.0916669368743896,21441000,2026-10-08
1995-09-27,1.7020506858825684,2.0083329677581787,2.075000047683716,1.9666670560836792,2.058332920074463,45117000,2026-10-08
1995-09-28,1.737363576889038,2.049999952316284,2.058332920074463,2.0083329677581787,2.0333330631256104,33045000,2026-10-08
1995-09-29,1.6879265308380127,1.9916670322418213,2.066667079925537,1.9833329916000366,2.058332920074463,21213000,2026-10-08
1995-10-02,1.6455518007278442,1.9416669607162476,2.0250000953674316,1.9416669607162476,1.9666670560836792,17049000,2026-10-08
1995-10-03,1.5608021020889282,1.8416670560836792,1.9583330154418945,1.7999999523162842,1.9583330154418945,64812000,2026-10-08
1995-10-04,1.51313054561615,1.7854169607162476,1.850000023841858,1.7583329677581787,1.7999999523162842,55041000,2026-10-08
1995-10-05,1.532551646232605,1.8083330392837524,1.8250000476837158,1.7583329677581787,1.7666670083999634,32898000,2026-10-08
1995-10-06,1.5996452569961548,1.8875000476837158,1.9083329439163208,1.8166669607162476,1.8583329916000366,35892000,2026-10-08
1995-10-09,1.5819895267486572,1.8666670322418213,1.8666670322418213,1.7916669845581055,1.850000023841858,36663000,2026-10-08
1995-10-10,1.5819895267486572,1.8666670322418213,1.9249999523162842,1.7333329916000366,1.7666670083999634,48777000,2026-10-08
1995-10-11,1.6243641376495361,1.9166669845581055,1.975000023841858,1.9041670560836792,1.9666670560836792,33219000,2026-10-08
1995-10-12,1.7091138362884521,2.016666889190674,2.0250000953674316,1.9083329439163208,1.9166669845581055,30786000,2026-10-08
1995-10-13,1.617301106452942,1.9083329439163208,2.075000047683716,1.9083329439163208,2.058332920074463,38532000,2026-10-08
1995-10-16,1.610239028930664,1.899999976158142,1.9500000476837158,1.8833329677581787,1.9083329439163208,25260000,2026-10-08
1995-10-17,1.730301022529602,2.0416669845581055,2.058332920074463,1.9249999523162842,1.9583330154418945,34524000,2026-10-08
1995-10-18,1.7444252967834473,2.058332920074463,2.1500000953674316,2.0250000953674316,2.141666889190674,67332000,2026-10-08
1995-10-19,1.7091138362884521,2.016666889190674,2.049999952316284,1.9500000476837158,2.049999952316284,37932000,2026-10-08
1995-10-20,1.6384886503219604,1.9333330392837524,2.0333330631256104,1.9333330392837524,2.0333330631256104,25074000,2026-10-08
1995-10-23,1.7091138362884521,2.016666889190674,2.0333330631256104,1.899999976158142,1.9166669845581055,31635000,2026-10-08
1995-10-24,1.6455518007278442,1.9416669607162476,2.0333330631256104,1.9333330392837524,2.0333330631256104,19572000,2026-10-08
1995-10-25,1.5819895267486572,1.8666670322418213,1.9500000476837158,1.8583329916000366,1.9416669607162476,35190000,2026-10-08
1995-10-26,1.6526139974594116,1.9500000476837158,1.9500000476837158,1.8666670322418213,1.8666670322418213,54927000,2026-10-08
1995-10-27,1.7232383489608765,2.0333330631256104,2.0416669845581055,1.9416669607162476,1.9500000476837158,32115000,2026-10-08
1995-10-30,1.7726753950119019,2.0916669368743896,2.108333110809326,2.0416669845581055,2.066667079925537,23430000,2026-10-08
1995-10-31,1.7197068929672241,2.0291669368743896,2.0999999046325684,2.0250000953674316,2.0999999046325684,20076000,2026-10-08
1995-11-01,1.733831524848938,2.045833110809326,2.0999999046325684,2.0,2.0208330154418945,36801000,2026-10-08
1995-11-02,1.836237907409668,2.1666669845581055,2.191667079925537,2.016666889190674,2.0416669845581055,48552000,2026-10-08
1995-11-03,1.9209872484207153,2.266666889190674,2.266666889190674,2.204166889190674,2.2249999046325684,36492000,2026-10-08
1995-11-06,1.836237907409668,2.1666669845581055,2.2833330631256104,2.1500000953674316,2.237499952316284,37515000,2026-10-08
1995-11-07,1.5819895267486572,1.8666670322418213,2.066667079925537,1.8583329916000366,2.0333330631256104,139836000,2026-10-08
1995-11-08,1.5466769933700562,1.8250000476837158,1.9833329916000366,1.7999999523162842,1.9666670560836792,105378000,2026-10-08
1995-11-09,1.631426453590393,1.9249999523162842,1.975000023841858,1.899999976158142,1.9583330154418945,56535000,2026-10-08
1995-11-10,1.631426453590393,1.9249999523162842,1.9666670560836792,1.8916670083999634,1.9166669845581055,25719000,2026-10-08
1995-11-13,1.5819895267486572,1.8666670322418213,1.9666670560836792,1.8583329916000366,1.9249999523162842,22218000,2026-10-08
1995-11-14,1.4972399473190308,1.7666670083999634,1.8583329916000366,1.7583329677581787,1.8333330154418945,32049000,2026-10-08
1995-11-15,1.5113643407821655,1.7833329439163208,1.8083330392837524,1.7333329916000366,1.774999976158142,47031000,2026-10-08
1995-11-16,1.4478023052215576,1.7083330154418945,1.8083330392837524,1.7083330154418945,1.7833329439163208,39963000,2026-10-08
1995-11-17,1.4266148805618286,1.6833330392837524,1.7083330154418945,1.6583329439163208,1.7083330154418945,29820000,2026-10-08
1995-11-20,1.3383351564407349,1.5791670083999634,1.7083330154418945,1.5750000476837158,1.7083330154418945,34809000,2026-10-08
1995-11-21,1.3771781921386719,1.625,1.649999976158142,1.5583330392837524,1.5833330154418945,75921000,2026-10-08
1995-11-22,1.4089590311050415,1.662500023841858,1.7083330154418945,1.625,1.6583329439163208,47856000,2026-10-08
1995-11-24,1.4124904870986938,1.6666669845581055,1.6749999523162842,1.6583329439163208,1.6666669845581055,5946000,2026-10-08
1995-11-27,1.4124904870986938,1.6666669845581055,1.7166670560836792,1.6583329439163208,1.7083330154418945,21855000,2026-10-08
1995-11-28,1.610239028930664,1.899999976158142,1.9083329439163208,1.649999976158142,1.6583329439163208,56742000,2026-10-08
1995-11-29,1.5890518426895142,1.875,1.9583330154418945,1.8166669607162476,1.9333330392837524,61230000,2026-10-08
1995-11-30,1.5466769933700562,1.8250000476837158,1.8916670083999634,1.8166669607162476,1.8416670560836792,32976000,2026-10-08
1995-12-01,1.5537391901016235,1.8333330154418945,1.8833329677581787,1.8083330392837524,1.850000023841858,31812000,2026-10-08
1995-12-04,1.5502082109451294,1.8291670083999634,1.9083329439163208,1.78125,1.850000023841858,31287000,2026-10-08
1995-12-05,1.5184273719787598,1.7916669845581055,1.8666670322418213,1.7541669607162476,1.8583329916000366,21939000,2026-10-08
1995-12-06,1.490176796913147,1.7583329677581787,1.8416670560836792,1.7083330154418945,1.8166669607162476,48006000,2026-10-08
1995-12-07,1.490176796913147,1.7583329677581787,1.7833329439163208,1.7083330154418945,1.7666670083999634,20460000,2026-10-08
1995-12-08,1.4972399473190308,1.7666670083999634,1.7916669845581055,1.7166670560836792,1.7833329439163208,31506000,2026-10-08
1995-12-11,1.5184273719787598,1.7916669845581055,1.850000023841858,1.7583329677581787,1.7916669845581055,20757000,2026-10-08
1995-12-12,1.4266148805618286,1.6833330392837524,1.7999999523162842,1.6833330392837524,1.7833329439163208,30249000,2026-10-08
1995-12-13,1.3983653783798218,1.649999976158142,1.725000023841858,1.6416670083999634,1.725000023841858,34791000,2026-10-08
1995-12-14,1.3559908866882324,1.600000023841858,1.6916669607162476,1.5750000476837158,1.6583329439163208,53955000,2026-10-08
1995-12-15,1.3842401504516602,1.6333329677581787,1.6416670083999634,1.5750000476837158,1.6083329916000366,56400000,2026-10-08
1995-12-18,1.3665845394134521,1.6124999523162842,1.649999976158142,1.5499999523162842,1.6166670322418213,63186000,2026-10-08
1995-12-19,1.4478023052215576,1.7083330154418945,1.7166670560836792,1.600000023841858,1.6166670322418213,51606000,2026-10-08
1995-12-20,1.391303300857544,1.6416670083999634,1.7416670322418213,1.6333329677581787,1.7416670322418213,38262000,2026-10-08
1995-12-21,1.3630529642105103,1.6083329916000366,1.6833330392837524,1.5750000476837158,1.649999976158142,23688000,2026-10-08
1995-12-22,1.3771781921386719,1.625,1.6333329677581787,1.600000023841858,1.6166670322418213,10560000,2026-10-08
1995-12-26,1.370116114616394,1.6166670322418213,1.625,1.5916670560836792,1.6166670322418213,12393000,2026-10-08
1995-12-27,1.3630529642105103,1.6083329916000366,1.625,1.5833330154418945,1.600000023841858,16248000,2026-10-08
1995-12-28,1.3348032236099243,1.5750000476837158,1.5916670560836792,1.5333329439163208,1.5750000476837158,23253000,2026-10-08
1995-12-29,1.2924284934997559,1.524999976158142,1.600000023841858,1.5125000476837158,1.5750000476837158,29685000,2026-10-08
1996-01-02,1.2783035039901733,1.5083329677581787,1.5416669845581055,1.4416669607162476,1.5166670083999634,35487000,2026-10-08
1996-01-03,1.1864919662475586,1.399999976158142,1.4500000476837158,1.350000023841858,1.4500000476837158,90735000,2026-10-08
1996-01-04,1.2500542402267456,1.475000023841858,1.4833329916000366,1.3583329916000366,1.4166669845581055,49842000,2026-10-08
1996-01-05,1.207679033279419,1.4249999523162842,1.4583330154418945,1.399999976158142,1.4416669607162476,71631000,2026-10-08
1996-01-08,1.200616717338562,1.4166669845581055,1.4249999523162842,1.4083329439163208,1.4249999523162842,7716000,2026-10-08
1996-01-09,0.9816802740097046,1.1583329439163208,1.399999976158142,1.1437499523162842,1.3833329677581787,85512000,2026-10-08
1996-01-10,0.9181184768676758,1.0833330154418945,1.1749999523162842,1.0666669607162476,1.149999976158142,119583000,2026-10-08
1996-01-11,1.0311179161071777,1.2166670560836792,1.2583329677581787,1.125,1.1333329677581787,70848000,2026-10-08
1996-01-12,1.0593678951263428,1.25,1.2916669845581055,1.225000023841858,1.25,46308000,2026-10-08
1996-01-15,0.9498991966247559,1.1208330392837524,1.3083330392837524,1.100000023841858,1.2583329677581787,58344000,2026-10-08
1996-01-16,1.0311179161071777,1.2166670560836792,1.2333329916000366,1.1166670322418213,1.2333329916000366,108540000,2026-10-08
1996-01-17,1.0381805896759033,1.225000023841858,1.2999999523162842,1.1666669845581055,1.1666669845581055,96594000,2026-10-08
1996-01-18,1.129992127418518,1.3333330154418945,1.3416670560836792,1.2416670322418213,1.25,79734000,2026-10-08
1996-01-19,1.1158677339553833,1.3166669607162476,1.3416670560836792,1.2999999523162842,1.3416670560836792,24576000,2026-10-08
1996-01-22,1.207679033279419,1.4249999523162842,1.4249999523162842,1.3083330392837524,1.3083330392837524,57726000,2026-10-08
1996-01-23,1.1723663806915283,1.3833329677581787,1.4333330392837524,1.3583329916000366,1.4249999523162842,66678000,2026-10-08
1996-01-24,1.2359287738800049,1.4583330154418945,1.4583330154418945,1.3583329916000366,1.3833329677581787,52791000,2026-10-08
1996-01-25,1.2218044996261597,1.4416669607162476,1.4916670322418213,1.4333330392837524,1.4833329916000366,47910000,2026-10-08
1996-01-26,1.200616717338562,1.4166669845581055,1.4333330392837524,1.3833329677581787,1.4166669845581055,34254000,2026-10-08
1996-01-29,1.1829607486724854,1.3958330154418945,1.4249999523162842,1.3666670322418213,1.4166669845581055,28227000,2026-10-08
1996-01-30,1.2535853385925293,1.4791669845581055,1.5,1.399999976158142,1.4083329439163208,64422000,2026-10-08
1996-01-31,1.207679033279419,1.4249999523162842,1.4916670322418213,1.3916670083999634,1.4916670322418213,32157000,2026-10-08
1996-02-01,1.3065537214279175,1.5416669845581055,1.5499999523162842,1.4083329439163208,1.4249999523162842,60183000,2026-10-08
1996-02-02,1.2994908094406128,1.5333329439163208,1.5833330154418945,1.4916670322418213,1.5499999523162842,35436000,2026-10-08
1996-02-05,1.4266148805618286,1.6833330392837524,1.6833330392837524,1.5166670083999634,1.5416669845581055,61662000,2026-10-08
1996-02-06,1.468989610671997,1.7333329916000366,1.75,1.6583329439163208,1.6916669607162476,48486000,2026-10-08
1996-02-07,1.285366415977478,1.5166670083999634,1.7374999523162842,1.4916670322418213,1.7333329916000366,136797000,2026-10-08
1996-02-08,1.2994908094406128,1.5333329439163208,1.5750000476837158,1.4916670322418213,1.5166670083999634,64815000,2026-10-08
1996-02-09,1.2323980331420898,1.4541670083999634,1.5333329439163208,1.4249999523162842,1.5333329439163208,44580000,2026-10-08
1996-02-12,1.1864919662475586,1.399999976158142,1.4583330154418945,1.3833329677581787,1.4249999523162842,51447000,2026-10-08
1996-02-13,1.0876169204711914,1.2833329439163208,1.3833329677581787,1.2666670083999634,1.3166669607162476,67530000,2026-10-08
1996-02-14,1.1176332235336304,1.318750023841858,1.3666670322418213,1.2833329439163208,1.3250000476837158,71343000,2026-10-08
1996-02-15,1.1511794328689575,1.3583329916000366,1.3916670083999634,1.3166669607162476,1.3250000476837158,30555000,2026-10-08
1996-02-16,1.1935539245605469,1.4083329439163208,1.4166669845581055,1.3166669607162476,1.350000023841858,37638000,2026-10-08
1996-02-20,1.1864919662475586,1.399999976158142,1.4249999523162842,1.3333330154418945,1.3666670322418213,31707000,2026-10-08
1996-02-21,1.2218044996261597,1.4416669607162476,1.4500000476837158,1.375,1.4166669845581055,37662000,2026-10-08
1996-02-22,1.3348032236099243,1.5750000476837158,1.5750000476837158,1.4500000476837158,1.4583330154418945,62130000,2026-10-08
1996-02-23,1.3030226230621338,1.537500023841858,1.5916670560836792,1.4916670322418213,1.5833330154418945,34695000,2026-10-08
1996-02-26,1.2712419033050537,1.5,1.5416669845581055,1.475000023841858,1.5416669845581055,24630000,2026-10-08
1996-02-27,1.1441171169281006,1.350000023841858,1.475000023841858,1.350000023841858,1.4666670560836792,69909000,2026-10-08
1996-02-28,1.1017425060272217,1.2999999523162842,1.3833329677581787,1.2916669845581055,1.3666670322418213,59241000,2026-10-08
1996-02-29,1.0417121648788452,1.2291669845581055,1.2916669845581055,1.2166670560836792,1.2583329677581787,49959000,2026-10-08
1996-03-01,1.0311179161071777,1.2166670560836792,1.25,1.1666669845581055,1.2208329439163208,51006000,2026-10-08
1996-03-04,1.0169931650161743,1.2000000476837158,1.274999976158142,1.1916669607162476,1.225000023841858,43713000,2026-10-08
1996-03-05,1.0328835248947144,1.21875,1.2583329677581787,1.1749999523162842,1.1916669607162476,28023000,2026-10-08
1996-03-06,0.9887433052062988,1.1666669845581055,1.2416670322418213,1.1583329439163208,1.2166670560836792,34434000,2026-10-08
1996-03-07,0.9922738671302795,1.1708329916000366,1.2083330154418945,1.149999976158142,1.1749999523162842,32019000,2026-10-08
1996-03-08,0.9746183753013611,1.149999976158142,1.2000000476837158,1.1083329916000366,1.125,48540000,2026-10-08
1996-03-11,1.0134613513946533,1.1958329677581787,1.225000023841858,1.1666669845581055,1.1749999523162842,35391000,2026-10-08
1996-03-12,1.0028676986694336,1.1833330392837524,1.2000000476837158,1.1583329439163208,1.1916669607162476,21483000,2026-10-08
1996-03-13,1.0099302530288696,1.1916669607162476,1.2083330154418945,1.149999976158142,1.1916669607162476,19155000,2026-10-08
1996-03-14,0.946368932723999,1.1166670322418213,1.1916669607162476,1.1166670322418213,1.1916669607162476,38847000,2026-10-08
1996-03-15,1.045242428779602,1.2333329916000366,1.2416670322418213,1.1166670322418213,1.1291669607162476,45108000,2026-10-08
1996-03-18,1.10880446434021,1.3083330392837524,1.3166669607162476,1.2416670322418213,1.25,43692000,2026-10-08
1996-03-19,1.0381805896759033,1.225000023841858,1.350000023841858,1.225000023841858,1.3166669607162476,28653000,2026-10-08
1996-03-20,0.9887433052062988,1.1666669845581055,1.25,1.1416670083999634,1.2333329916000366,47907000,2026-10-08
1996-03-21,0.9816802740097046,1.1583329439163208,1.2000000476837158,1.149999976158142,1.1749999523162842,29994000,2026-10-08
1996-03-22,1.0169931650161743,1.2000000476837158,1.2000000476837158,1.1583329439163208,1.1749999523162842,17610000,2026-10-08
1996-03-25,0.9958056807518005,1.1749999523162842,1.2166670560836792,1.1666669845581055,1.2000000476837158,23679000,2026-10-08
1996-03-26,1.0311179161071777,1.2166670560836792,1.2166670560836792,1.149999976158142,1.1666669845581055,26316000,2026-10-08
1996-03-27,1.020524263381958,1.2041670083999634,1.25,1.1833330392837524,1.2166670560836792,29727000,2026-10-08
1996-03-28,0.9816802740097046,1.1583329439163208,1.1916669607162476,1.1333329677581787,1.1833330392837524,52992000,2026-10-08
1996-03-29,0.9887433052062988,1.1666669845581055,1.1791670322418213,1.1583329439163208,1.1749999523162842,24342000,2026-10-08
1996-04-01,1.0028676986694336,1.1833330392837524,1.2000000476837158,1.1583329439163208,1.1749999523162842,15174000,2026-10-08
1996-04-02,0.9781501293182373,1.1541670560836792,1.1916669607162476,1.1333329677581787,1.1833330392837524,25131000,2026-10-08
1996-04-03,0.9993372559547424,1.1791670322418213,1.1916669607162476,1.1416670083999634,1.149999976158142,25011000,2026-10-08
1996-04-04,1.0028676986694336,1.1833330392837524,1.225000023841858,1.1749999523162842,1.1833330392837524,24687000,2026-10-08
1996-04-08,1.0593678951263428,1.25,1.2583329677581787,1.1333329677581787,1.149999976158142,51678000,2026-10-08
1996-04-09,1.0805548429489136,1.274999976158142,1.2916669845581055,1.2166670560836792,1.2833329439163208,28734000,2026-10-08
1996-04-10,1.0381805896759033,1.225000023841858,1.2916669845581055,1.2166670560836792,1.2666670083999634,39531000,2026-10-08
1996-04-11,0.9993372559547424,1.1791670322418213,1.2000000476837158,1.1541670560836792,1.1666669845581055,38868000,2026-10-08
1996-04-12,0.9958056807518005,1.1749999523162842,1.1833330392837524,1.149999976158142,1.1833330392837524,28632000,2026-10-08
1996-04-15,1.0028676986694336,1.1833330392837524,1.2000000476837158,1.1666669845581055,1.1749999523162842,21870000,2026-10-08
1996-04-16,1.0169931650161743,1.2000000476837158,1.2791670560836792,1.1833330392837524,1.2333329916000366,67578000,2026-10-08
1996-04-17,1.045242428779602,1.2333329916000366,1.2374999523162842,1.1666669845581055,1.1916669607162476,41811000,2026-10-08
1996-04-18,1.0734927654266357,1.2666670083999634,1.2833329439163208,1.2416670322418213,1.2583329677581787,30141000,2026-10-08
1996-04-19,1.0593678951263428,1.25,1.2916669845581055,1.25,1.274999976158142,29343000,2026-10-08
1996-04-22,1.0664297342300415,1.2583329677581787,1.274999976158142,1.2416670322418213,1.2666670083999634,20943000,2026-10-08
1996-04-23,1.129992127418518,1.3333330154418945,1.3338539600372314,1.2374999523162842,1.2583329677581787,42759000,2026-10-08
1996-04-24,1.2147412300109863,1.4333330392837524,1.4833329916000366,1.3583329916000366,1.3583329916000366,81171000,2026-10-08
1996-04-25,1.2165076732635498,1.4354170560836792,1.4583330154418945,1.3916670083999634,1.4333330392837524,28635000,2026-10-08
1996-04-26,1.2218044996261597,1.4416669607162476,1.475000023841858,1.4249999523162842,1.4500000476837158,16935000,2026-10-08
1996-04-29,1.1370550394058228,1.3416670560836792,1.4416669607162476,1.3250000476837158,1.4333330392837524,37071000,2026-10-08
1996-04-30,1.1441171169281006,1.350000023841858,1.4083329439163208,1.3166669607162476,1.3250000476837158,34224000,2026-10-08
1996-05-01,1.1370550394058228,1.3416670560836792,1.4083329439163208,1.3333330154418945,1.3416670560836792,38598000,2026-10-08
1996-05-02,1.2147412300109863,1.4333330392837524,1.4583330154418945,1.3708330392837524,1.3833329677581787,47805000,2026-10-08
1996-05-03,1.2429920434951782,1.4666670560836792,1.5166670083999634,1.4249999523162842,1.4333330392837524,58782000,2026-10-08
1996-05-06,1.2571160793304443,1.4833329916000366,1.5,1.4500000476837158,1.4833329916000366,25080000,2026-10-08
1996-05-07,1.2465224266052246,1.4708329439163208,1.5,1.4583330154418945,1.5,21894000,2026-10-08
1996-05-08,1.228866696357727,1.4500000476837158,1.4666670560836792,1.375,1.4666670560836792,45705000,2026-10-08
1996-05-09,1.179429531097412,1.3916670083999634,1.4500000476837158,1.3833329677581787,1.4500000476837158,18912000,2026-10-08
1996-05-10,1.1723663806915283,1.3833329677581787,1.4333330392837524,1.3666670322418213,1.4249999523162842,26097000,2026-10-08
1996-05-13,1.2218044996261597,1.4416669607162476,1.4666670560836792,1.3916670083999634,1.4083329439163208,23412000,2026-10-08
1996-05-14,1.228866696357727,1.4500000476837158,1.4916670322418213,1.4416669607162476,1.4666670560836792,28689000,2026-10-08
1996-05-15,1.1864919662475586,1.399999976158142,1.4249999523162842,1.3916670083999634,1.4041670560836792,36369000,2026-10-08
1996-05-16,1.2218044996261597,1.4416669607162476,1.4666670560836792,1.3916670083999634,1.3916670083999634,36675000,2026-10-08
1996-05-17,1.2429920434951782,1.4666670560836792,1.4833329916000366,1.4333330392837524,1.4416669607162476,30306000,2026-10-08
1996-05-20,1.2147412300109863,1.4333330392837524,1.5,1.4083329439163208,1.4916670322418213,31485000,2026-10-08
1996-05-21,1.1511794328689575,1.3583329916000366,1.4333330392837524,1.3333330154418945,1.4333330392837524,29214000,2026-10-08
1996-05-22,1.1370550394058228,1.3416670560836792,1.350000023841858,1.3083330392837524,1.3083330392837524,21780000,2026-10-08
1996-05-23,1.0805548429489136,1.274999976158142,1.3416670560836792,1.2583329677581787,1.3416670560836792,44616000,2026-10-08
1996-05-24,1.0311179161071777,1.2166670560836792,1.274999976158142,1.2166670560836792,1.274999976158142,31581000,2026-10-08
1996-05-28,1.045242428779602,1.2333329916000366,1.2416670322418213,1.2166670560836792,1.225000023841858,38085000,2026-10-08
1996-05-29,1.0311179161071777,1.2166670560836792,1.2416670322418213,1.2083330154418945,1.2333329916000366,12792000,2026-10-08
1996-05-30,1.0628989934921265,1.2541669607162476,1.2541669607162476,1.2083330154418945,1.225000023841858,22224000,2026-10-08
1996-05-31,1.1229299306869507,1.3250000476837158,1.3250000476837158,1.274999976158142,1.287500023841858,39783000,2026-10-08
1996-06-03,1.0876169204711914,1.2833329439163208,1.3250000476837158,1.2833329439163208,1.3166669607162476,21537000,2026-10-08
1996-06-04,1.052305817604065,1.2416670322418213,1.3083330392837524,1.225000023841858,1.2958329916000366,30468000,2026-10-08
1996-06-05,0.9604933261871338,1.1333329677581787,1.2000000476837158,1.125,1.1604169607162476,97776000,2026-10-08
1996-06-06,0.9251813292503357,1.0916670560836792,1.1583329439163208,1.0916670560836792,1.149999976158142,40875000,2026-10-08
1996-06-07,0.9357751607894897,1.1041669845581055,1.1083329916000366,1.0499999523162842,1.0833330154418945,70836000,2026-10-08
1996-06-10,0.8898688554763794,1.0499999523162842,1.1166670322418213,1.0499999523162842,1.1166670322418213,24714000,2026-10-08
1996-06-11,0.875743567943573,1.0333329439163208,1.0750000476837158,1.0166670083999634,1.0666669607162476,34413000,2026-10-08
1996-06-12,0.8828069567680359,1.0416669845581055,1.100000023841858,1.0333329439163208,1.0833330154418945,41832000,2026-10-08
1996-06-13,0.8969313502311707,1.0583330392837524,1.0750000476837158,1.024999976158142,1.0750000476837158,30087000,2026-10-08
1996-06-14,0.8616195321083069,1.0166670083999634,1.0583330392837524,1.0,1.0499999523162842,20943000,2026-10-08
1996-06-17,0.8474941849708557,1.0,1.0333329439163208,1.0,1.024999976158142,18120000,2026-10-08
1996-06-18,0.7450888752937317,0.8791670203208923,1.0083329677581787,0.8666669726371765,0.9916669726371765,68073000,2026-10-08
1996-06-19,0.7521511316299438,0.887499988079071,0.9083330035209656,0.8833330273628235,0.9083330035209656,52599000,2026-10-08
1996-06-20,0.7274322509765625,0.8583329916000366,0.8999999761581421,0.8500000238418579,0.8999999761581421,65613000,2026-10-08
1996-06-21,0.7168386578559875,0.8458330035209656,0.8833330273628235,0.8416669964790344,0.8833330273628235,40488000,2026-10-08
1996-06-24,0.7556824684143066,0.8916670083999634,0.9083330035209656,0.8333330154418945,0.8500000238418579,56838000,2026-10-08
1996-06-25,0.7380258440971375,0.8708329796791077,0.9166669845581055,0.8666669726371765,0.8999999761581421,30312000,2026-10-08
1996-06-26,0.7274322509765625,0.8583329916000366,0.875,0.8166670203208923,0.875,30480000,2026-10-08
1996-06-27,0.7433229684829712,0.8770830035209656,0.8916670083999634,0.8416669964790344,0.8583329916000366,25143000,2026-10-08
1996-06-28,0.7344951033592224,0.8666669726371765,0.9166669845581055,0.8583329916000366,0.9041669964790344,34596000,2026-10-08
1996-07-01,0.7274322509765625,0.8583329916000366,0.9166669845581055,0.8500000238418579,0.8916670083999634,35241000,2026-10-08
1996-07-02,0.7380258440971375,0.8708329796791077,0.9166669845581055,0.8458330035209656,0.8583329916000366,28527000,2026-10-08
1996-07-03,0.7344951033592224,0.8666669726371765,0.887499988079071,0.8666669726371765,0.8708329796791077,18321000,2026-10-08
1996-07-05,0.7274322509765625,0.8583329916000366,0.875,0.8500000238418579,0.862500011920929,8727000,2026-10-08
1996-07-08,0.7133078575134277,0.8416669964790344,0.8916670083999634,0.8416669964790344,0.8666669726371765,24120000,2026-10-08
1996-07-09,0.7203699946403503,0.8500000238418579,0.8666669726371765,0.8291670083999634,0.8666669726371765,36045000,2026-10-08
1996-07-10,0.7027143239974976,0.8291670083999634,0.8500000238418579,0.8166670203208923,0.8416669964790344,23400000,2026-10-08
1996-07-11,0.6991826891899109,0.824999988079071,0.8333330154418945,0.7749999761581421,0.8333330154418945,26292000,2026-10-08
1996-07-12,0.7274322509765625,0.8583329916000366,0.8666669726371765,0.7833330035209656,0.824999988079071,29379000,2026-10-08
1996-07-15,0.6144333481788635,0.7250000238418579,0.8291670083999634,0.7083330154418945,0.8291670083999634,52815000,2026-10-08
1996-07-16,0.6744640469551086,0.7958329916000366,0.8083329796791077,0.6833329796791077,0.7333329916000366,65787000,2026-10-08
1996-07-17,0.6779954433441162,0.800000011920929,0.8500000238418579,0.7916669845581055,0.8416669964790344,36585000,2026-10-08
1996-07-18,0.6497458815574646,0.7666670083999634,0.824999988079071,0.7583330273628235,0.824999988079071,22281000,2026-10-08
1996-07-19,0.6179648637771606,0.7291669845581055,0.7583330273628235,0.7166669964790344,0.7541670203208923,21372000,2026-10-08
1996-07-22,0.6356209516525269,0.75,0.7583330273628235,0.699999988079071,0.7250000238418579,24831000,2026-10-08
1996-07-23,0.6003079414367676,0.7083330154418945,0.7666670083999634,0.6916670203208923,0.7666670083999634,21462000,2026-10-08
1996-07-24,0.5861837267875671,0.6916670203208923,0.75,0.6666669845581055,0.6833329796791077,29919000,2026-10-08
1996-07-25,0.6497458815574646,0.7666670083999634,0.7749999761581421,0.7083330154418945,0.7166669964790344,24726000,2026-10-08
1996-07-26,0.6568081378936768,0.7749999761581421,0.8166670203208923,0.7583330273628235,0.7749999761581421,27216000,2026-10-08
1996-07-29,0.6179648637771606,0.7291669845581055,0.7958329916000366,0.7250000238418579,0.7749999761581421,22326000,2026-10-08
1996-07-30,0.6779954433441162,0.800000011920929,0.800000011920929,0.7333329916000366,0.75,47886000,2026-10-08
1996-07-31,0.6285584568977356,0.7416669726371765,0.7916669845581055,0.7333329916000366,0.7583330273628235,38934000,2026-10-08
1996-08-01,0.6356209516525269,0.75,0.7749999761581421,0.7333329916000366,0.7333329916000366,34932000,2026-10-08
1996-08-02,0.6497458815574646,0.7666670083999634,0.7708330154418945,0.7458329796791077,0.75,41673000,2026-10-08
1996-08-05,0.6391522288322449,0.7541670203208923,0.7749999761581421,0.75,0.7583330273628235,19857000,2026-10-08
1996-08-06,0.6532765030860901,0.7708330154418945,0.7749999761581421,0.7250000238418579,0.7583330273628235,21645000,2026-10-08
1996-08-07,0.7556824684143066,0.8916670083999634,0.8916670083999634,0.7916669845581055,0.7916669845581055,69882000,2026-10-08
1996-08-08,0.7062448263168335,0.8333330154418945,0.8791670203208923,0.8291670083999634,0.8791670203208923,48024000,2026-10-08
1996-08-09,0.7062448263168335,0.8333330154418945,0.8500000238418579,0.8041669726371765,0.824999988079071,16164000,2026-10-08
1996-08-12,0.7133078575134277,0.8416669964790344,0.8500000238418579,0.8333330154418945,0.8333330154418945,20208000,2026-10-08
1996-08-13,0.670933187007904,0.7916669845581055,0.824999988079071,0.7916669845581055,0.824999988079071,25485000,2026-10-08
1996-08-14,0.7062448263168335,0.8333330154418945,0.8583329916000366,0.7833330035209656,0.7916669845581055,32055000,2026-10-08
1996-08-15,0.6779954433441162,0.800000011920929,0.8333330154418945,0.800000011920929,0.8291670083999634,12297000,2026-10-08
1996-08-16,0.6528359055519104,0.770313024520874,0.8166670203208923,0.7583330273628235,0.8083329796791077,16962000,2026-10-08
1996-08-19,0.6779954433441162,0.800000011920929,0.8083329796791077,0.7541670203208923,0.7749999761581421,18633000,2026-10-08
1996-08-20,0.6638703942298889,0.7833330035209656,0.8083329796791077,0.7833330035209656,0.8083329796791077,8130000,2026-10-08
1996-08-21,0.6779954433441162,0.800000011920929,0.8083329796791077,0.7749999761581421,0.7833330035209656,17043000,2026-10-08
1996-08-22,0.7027143239974976,0.8291670083999634,0.8416669964790344,0.800000011920929,0.8166670203208923,15273000,2026-10-08
1996-08-23,0.6779954433441162,0.800000011920929,0.8374999761581421,0.800000011920929,0.8208330273628235,19416000,2026-10-08
1996-08-26,0.6532765030860901,0.7708330154418945,0.8083329796791077,0.7583330273628235,0.800000011920929,17280000,2026-10-08
1996-08-27,0.7027143239974976,0.8291670083999634,0.8333330154418945,0.75,0.7666670083999634,74496000,2026-10-08
1996-08-28,0.6885890960693359,0.8125,0.824999988079071,0.7833330035209656,0.8083329796791077,47661000,2026-10-08
1996-08-29,0.6815268397331238,0.8041669726371765,0.8208330273628235,0.8041669726371765,0.8083329796791077,21207000,2026-10-08
1996-08-30,0.6674016118049622,0.7875000238418579,0.8125,0.7833330035209656,0.8083329796791077,9138000,2026-10-08
1996-09-03,0.679760754108429,0.8020830154418945,0.8083329796791077,0.7708330154418945,0.7749999761581421,13584000,2026-10-08
1996-09-04,0.670933187007904,0.7916669845581055,0.8083329796791077,0.7833330035209656,0.800000011920929,9822000,2026-10-08
1996-09-05,0.6497458815574646,0.7666670083999634,0.7875000238418579,0.7583330273628235,0.7833330035209656,18936000,2026-10-08
1996-09-06,0.6532765030860901,0.7708330154418945,0.7916669845581055,0.7583330273628235,0.7708330154418945,29964000,2026-10-08
1996-09-09,0.6356209516525269,0.75,0.7791669964790344,0.737500011920929,0.7749999761581421,20694000,2026-10-08
1996-09-10,0.6320891380310059,0.7458329796791077,0.75,0.7250000238418579,0.7458329796791077,29301000,2026-10-08
1996-09-11,0.6356209516525269,0.75,0.7583330273628235,0.7291669845581055,0.7333329916000366,19206000,2026-10-08
1996-09-12,0.6356209516525269,0.75,0.7583330273628235,0.7416669726371765,0.7458329796791077,20724000,2026-10-08
1996-09-13,0.6656363606452942,0.7854170203208923,0.7875000238418579,0.7541670203208923,0.7541670203208923,19371000,2026-10-08
1996-09-16,0.6991826891899109,0.824999988079071,0.8333330154418945,0.7875000238418579,0.7916669845581055,25395000,2026-10-08
1996-09-17,0.6991826891899109,0.824999988079071,0.8458330035209656,0.8125,0.8458330035209656,28005000,2026-10-08
1996-09-18,0.6815268397331238,0.8041669726371765,0.8208330273628235,0.7916669845581055,0.800000011920929,10884000,2026-10-08
1996-09-19,0.7009480595588684,0.8270829916000366,0.8333330154418945,0.800000011920929,0.8041669726371765,25233000,2026-10-08
1996-09-20,0.6779954433441162,0.800000011920929,0.8416669964790344,0.7958329916000366,0.8333330154418945,20370000,2026-10-08
1996-09-23,0.6603395342826843,0.7791669964790344,0.800000011920929,0.7708330154418945,0.7958329916000366,12141000,2026-10-08
1996-09-24,0.7415575385093689,0.875,0.875,0.7875000238418579,0.7916669845581055,72075000,2026-10-08
1996-09-25,0.796291172504425,0.9395830035209656,0.9416670203208923,0.887499988079071,0.8916670083999634,90171000,2026-10-08
1996-09-26,0.7909944653511047,0.9333329796791077,0.9624999761581421,0.925000011920929,0.9541670083999634,49641000,2026-10-08
1996-09-27,0.7662762403488159,0.9041669964790344,0.9375,0.8999999761581421,0.925000011920929,13641000,2026-10-08
1996-09-30,0.7521511316299438,0.887499988079071,0.9041669964790344,0.8833330273628235,0.9041669964790344,13677000,2026-10-08
1996-10-01,0.7168386578559875,0.8458330035209656,0.8833330273628235,0.8333330154418945,0.8833330273628235,24915000,2026-10-08
1996-10-02,0.7203699946403503,0.8500000238418579,0.8708329796791077,0.8416669964790344,0.8500000238418579,43935000,2026-10-08
1996-10-03,0.7133078575134277,0.8416669964790344,0.862500011920929,0.8374999761581421,0.8500000238418579,23073000,2026-10-08
1996-10-04,0.7203699946403503,0.8500000238418579,0.862500011920929,0.8374999761581421,0.8541669845581055,12888000,2026-10-08
1996-10-07,0.7380258440971375,0.8708329796791077,0.8916670083999634,0.8458330035209656,0.8500000238418579,29031000,2026-10-08
1996-10-08,0.7839322686195374,0.925000011920929,0.9333329796791077,0.8791670203208923,0.8958330154418945,46371000,2026-10-08
1996-10-09,0.8086510300636292,0.9541670083999634,0.9666669964790344,0.9208329916000366,0.9583330154418945,45336000,2026-10-08
1996-10-10,0.7733384966850281,0.9125000238418579,0.9666669964790344,0.9125000238418579,0.9583330154418945,28125000,2026-10-08
1996-10-11,0.7627445459365845,0.8999999761581421,0.9291669726371765,0.8999999761581421,0.9208329916000366,18978000,2026-10-08
1996-10-14,0.7662762403488159,0.9041669964790344,0.9541670083999634,0.8999999761581421,0.9125000238418579,47160000,2026-10-08
1996-10-15,0.7274322509765625,0.8583329916000366,0.9125000238418579,0.8583329916000366,0.8999999761581421,45744000,2026-10-08
1996-10-16,0.7415575385093689,0.875,0.8833330273628235,0.8291670083999634,0.8500000238418579,23982000,2026-10-08
1996-10-17,0.7133078575134277,0.8416669964790344,0.8791670203208923,0.8374999761581421,0.8791670203208923,16257000,2026-10-08
1996-10-18,0.7203699946403503,0.8500000238418579,0.8666669726371765,0.8374999761581421,0.8416669964790344,16794000,2026-10-08
1996-10-21,0.7133078575134277,0.8416669964790344,0.862500011920929,0.8416669964790344,0.8416669964790344,10884000,2026-10-08
1996-10-22,0.6885890960693359,0.8125,0.8500000238418579,0.8041669726371765,0.8416669964790344,20298000,2026-10-08
1996-10-23,0.7168386578559875,0.8458330035209656,0.8541669845581055,0.8125,0.8125,19185000,2026-10-08
1996-10-24,0.7168386578559875,0.8458330035209656,0.875,0.8458330035209656,0.8500000238418579,15465000,2026-10-08
1996-10-25,0.7168386578559875,0.8458330035209656,0.9083330035209656,0.8458330035209656,0.8791670203208923,30264000,2026-10-08
1996-10-28,0.7274322509765625,0.8583329916000366,0.875,0.8458330035209656,0.8458330035209656,25929000,2026-10-08
1996-10-29,0.7044795155525208,0.831250011920929,0.8666669726371765,0.8291670083999634,0.8541669845581055,17433000,2026-10-08
1996-10-30,0.692120373249054,0.8166670203208923,0.8500000238418579,0.8125,0.8291670083999634,14346000,2026-10-08
1996-10-31,0.6885890960693359,0.8125,0.8416669964790344,0.800000011920929,0.8166670203208923,26901000,2026-10-08
1996-11-01,0.692120373249054,0.8166670203208923,0.8458330035209656,0.8125,0.8125,15684000,2026-10-08
1996-11-04,0.6850575804710388,0.8083329796791077,0.824999988079071,0.8083329796791077,0.8125,10326000,2026-10-08
1996-11-05,0.7027143239974976,0.8291670083999634,0.8416669964790344,0.8083329796791077,0.8166670203208923,23232000,2026-10-08
1996-11-06,0.7115417122840881,0.8395829796791077,0.8833330273628235,0.8291670083999634,0.8291670083999634,39156000,2026-10-08
1996-11-07,0.7239015102386475,0.8541669845581055,0.8541669845581055,0.8291670083999634,0.8416669964790344,30480000,2026-10-08
1996-11-08,0.7415575385093689,0.875,0.887499988079071,0.8458330035209656,0.8541669845581055,17745000,2026-10-08
1996-11-11,0.7556824684143066,0.8916670083999634,0.8999999761581421,0.8541669845581055,0.875,39663000,2026-10-08
1996-11-12,0.7945259213447571,0.9375,0.949999988079071,0.9083330035209656,0.9166669845581055,48543000,2026-10-08
1996-11-13,0.8298381567001343,0.9791669845581055,0.9916669726371765,0.9375,0.949999988079071,47307000,2026-10-08
1996-11-14,0.8369005918502808,0.987500011920929,1.0,0.9666669964790344,0.9750000238418579,23055000,2026-10-08
1996-11-15,0.8527910709381104,1.006250023841858,1.0083329677581787,0.9666669964790344,0.9833329916000366,43563000,2026-10-08
1996-11-18,0.8439627885818481,0.9958329796791077,1.024999976158142,0.9458330273628235,1.0041669607162476,47463000,2026-10-08
1996-11-19,0.8510257005691528,1.0041669607162476,1.0125000476837158,0.9833329916000366,0.987500011920929,18936000,2026-10-08
1996-11-20,0.805119514465332,0.949999988079071,1.0041669607162476,0.9375,1.0041669607162476,34467000,2026-10-08
1996-11-21,0.8333690762519836,0.9833329916000366,0.9916669726371765,0.9208329916000366,0.9208329916000366,50343000,2026-10-08
1996-11-22,0.9622595310211182,1.1354169845581055,1.1875,1.0666669607162476,1.087499976158142,183918000,2026-10-08
1996-11-25,0.953430712223053,1.125,1.162500023841858,1.1166670322418213,1.1333329677581787,62571000,2026-10-08
1996-11-26,1.0028676986694336,1.1833330392837524,1.1916669607162476,1.0833330154418945,1.1208330392837524,72765000,2026-10-08
1996-11-27,0.9993372559547424,1.1791670322418213,1.2000000476837158,1.1541670560836792,1.1833330392837524,29460000,2026-10-08
1996-11-29,1.0134613513946533,1.1958329677581787,1.2041670083999634,1.1749999523162842,1.1749999523162842,11877000,2026-10-08
1996-12-02,1.045242428779602,1.2333329916000366,1.2374999523162842,1.1666669845581055,1.1958329677581787,39495000,2026-10-08
1996-12-03,1.0417121648788452,1.2291669845581055,1.274999976158142,1.2291669845581055,1.2458330392837524,61203000,2026-10-08
1996-12-04,1.0134613513946533,1.1958329677581787,1.2333329916000366,1.1749999523162842,1.2291669845581055,39957000,2026-10-08
1996-12-05,0.9746183753013611,1.149999976158142,1.2166670560836792,1.149999976158142,1.2000000476837158,34353000,2026-10-08
1996-12-06,0.9746183753013611,1.149999976158142,1.1708329916000366,1.0541670322418213,1.1041669845581055,81141000,2026-10-08
1996-12-09,1.05583655834198,1.2458330392837524,1.25,1.149999976158142,1.1541670560836792,45687000,2026-10-08
1996-12-10,1.0099302530288696,1.1916669607162476,1.274999976158142,1.1916669607162476,1.2666670083999634,29490000,2026-10-08
1996-12-11,0.9604933261871338,1.1333329677581787,1.2041670083999634,1.1083329916000366,1.1791670322418213,81351000,2026-10-08
1996-12-12,0.9958056807518005,1.1749999523162842,1.2166670560836792,1.149999976158142,1.1541670560836792,77484000,2026-10-08
1996-12-13,0.9039939045906067,1.0666669607162476,1.149999976158142,1.0583330392837524,1.125,80226000,2026-10-08
1996-12-16,0.8580878376960754,1.0125000476837158,1.0750000476837158,1.0041669607162476,1.0666669607162476,54162000,2026-10-08
1996-12-17,0.8086510300636292,0.9541670083999634,1.0,0.925000011920929,0.9958329796791077,81405000,2026-10-08
1996-12-18,0.7768699526786804,0.9166669845581055,0.9750000238418579,0.9041669964790344,0.9708330035209656,65037000,2026-10-08
1996-12-19,0.8263069987297058,0.9750000238418579,0.987500011920929,0.925000011920929,0.9291669726371765,44688000,2026-10-08
1996-12-20,0.8369005918502808,0.987500011920929,0.9958329796791077,0.9666669964790344,0.9791669845581055,35271000,2026-10-08
1996-12-23,0.805119514465332,0.949999988079071,1.0,0.949999988079071,0.9916669726371765,29847000,2026-10-08
1996-12-24,0.805119514465332,0.949999988079071,0.9541670083999634,0.9375,0.949999988079071,4359000,2026-10-08
1996-12-26,0.8086510300636292,0.9541670083999634,0.9541670083999634,0.9375,0.949999988079071,17046000,2026-10-08
1996-12-27,0.7874636054039001,0.9291669726371765,0.9708330035209656,0.9291669726371765,0.9708330035209656,11958000,2026-10-08
1996-12-30,0.7980571985244751,0.9416670203208923,0.9666669964790344,0.9166669845581055,0.9338539838790894,25086000,2026-10-08
1996-12-31,0.7945259213447571,0.9375,0.9541670083999634,0.9333329796791077,0.9416670203208923,15498000,2026-10-08
1997-01-02,0.7839322686195374,0.925000011920929,0.9416670203208923,0.9041669964790344,0.9416670203208923,21699000,2026-10-08
1997-01-03,0.8333690762519836,0.9833329916000366,0.9833329916000366,0.9291669726371765,0.9291669726371765,26082000,2026-10-08
1997-01-06,0.8616195321083069,1.0166670083999634,1.0583330392837524,0.9916669726371765,1.024999976158142,43791000,2026-10-08
1997-01-07,0.8616195321083069,1.0166670083999634,1.024999976158142,0.9958329796791077,1.0208330154418945,24663000,2026-10-08
1997-01-08,0.8969313502311707,1.0583330392837524,1.0791670083999634,1.0125000476837158,1.0166670083999634,48402000,2026-10-08
1997-01-09,0.8969313502311707,1.0583330392837524,1.0750000476837158,1.037500023841858,1.0583330392837524,22149000,2026-10-08
1997-01-10,0.8969313502311707,1.0583330392837524,1.0708329677581787,1.0458329916000366,1.0541670322418213,25338000,2026-10-08
1997-01-13,0.8969313502311707,1.0583330392837524,1.0666669607162476,1.0499999523162842,1.0625,18939000,2026-10-08
1997-01-14,0.9110564589500427,1.0750000476837158,1.1166670322418213,1.0541670322418213,1.0708329677581787,33558000,2026-10-08
1997-01-15,0.9746183753013611,1.149999976158142,1.1666669845581055,1.0833330154418945,1.0833330154418945,66417000,2026-10-08
1997-01-16,0.9816802740097046,1.1583329439163208,1.1708329916000366,1.1416670083999634,1.1541670560836792,23691000,2026-10-08
1997-01-17,0.9958056807518005,1.1749999523162842,1.1916669607162476,1.1583329439163208,1.162500023841858,25344000,2026-10-08
1997-01-20,1.0063995122909546,1.1875,1.2083330154418945,1.149999976158142,1.1791670322418213,44649000,2026-10-08
1997-01-21,1.0487737655639648,1.2374999523162842,1.2708330154418945,1.2083330154418945,1.225000023841858,90018000,2026-10-08
1997-01-22,1.0628989934921265,1.2541669607162476,1.2666670083999634,1.2333329916000366,1.2458330392837524,40296000,2026-10-08
1997-01-23,1.1193981170654297,1.3208329677581787,1.4416669607162476,1.2374999523162842,1.2583329677581787,143067000,2026-10-08
1997-01-24,1.0840867757797241,1.2791670560836792,1.3958330154418945,1.2791670560836792,1.3250000476837158,103902000,2026-10-08
1997-01-27,1.1370550394058228,1.3416670560836792,1.3624999523162842,1.2666670083999634,1.287500023841858,67212000,2026-10-08
1997-01-28,1.1229299306869507,1.3250000476837158,1.3958330154418945,1.2999999523162842,1.350000023841858,51987000,2026-10-08
1997-01-29,1.0982112884521484,1.2958329916000366,1.3624999523162842,1.2791670560836792,1.3291670083999634,39420000,2026-10-08
1997-01-30,1.1617729663848877,1.3708330392837524,1.3791669607162476,1.2999999523162842,1.3041670322418213,65052000,2026-10-08
1997-01-31,1.140586018562317,1.3458329439163208,1.3791669607162476,1.3333330154418945,1.3708330392837524,59259000,2026-10-08
1997-02-03,1.1171913146972656,1.3182289600372314,1.3541669845581055,1.3083330392837524,1.3416670560836792,23721000,2026-10-08
1997-02-04,1.0699611902236938,1.2625000476837158,1.3125,1.25,1.3125,31158000,2026-10-08
1997-02-05,0.9710867404937744,1.1458330154418945,1.2625000476837158,1.125,1.2583329677581787,67005000,2026-10-08
1997-02-06,1.0381805896759033,1.225000023841858,1.2333329916000366,1.1541670560836792,1.1583329439163208,61065000,2026-10-08
1997-02-07,1.078789234161377,1.2729170322418213,1.2833329439163208,1.2416670322418213,1.2458330392837524,38634000,2026-10-08
1997-02-10,1.0134613513946533,1.1958329677581787,1.274999976158142,1.1875,1.274999976158142,30540000,2026-10-08
1997-02-11,1.0487737655639648,1.2374999523162842,1.2541669607162476,1.1541670560836792,1.2041670083999634,52884000,2026-10-08
1997-02-12,1.126461386680603,1.3291670083999634,1.337499976158142,1.2833329439163208,1.2958329916000366,64971000,2026-10-08
1997-02-13,1.129992127418518,1.3333330154418945,1.3583329916000366,1.3250000476837158,1.337499976158142,48129000,2026-10-08
1997-02-14,1.140586018562317,1.3458329439163208,1.3833329677581787,1.3291670083999634,1.3291670083999634,41409000,2026-10-08
1997-02-18,1.0770236253738403,1.2708330154418945,1.350000023841858,1.2666670083999634,1.3458329439163208,57540000,2026-10-08
1997-02-19,1.1688356399536133,1.3791669607162476,1.3833329677581787,1.2708330154418945,1.274999976158142,63423000,2026-10-08
1997-02-20,1.133523941040039,1.337499976158142,1.3666670322418213,1.3250000476837158,1.3624999523162842,31398000,2026-10-08
1997-02-21,1.0982112884521484,1.2958329916000366,1.3333330154418945,1.287500023841858,1.3333330154418945,24279000,2026-10-08
1997-02-24,1.096445083618164,1.2937500476837158,1.3125,1.2583329677581787,1.2958329916000366,32187000,2026-10-08
1997-02-25,1.10880446434021,1.3083330392837524,1.3166669607162476,1.274999976158142,1.2999999523162842,32937000,2026-10-08
1997-02-26,1.0876169204711914,1.2833329439163208,1.3208329677581787,1.2583329677581787,1.3083330392837524,26688000,2026-10-08
1997-02-27,1.0655478239059448,1.2572920322418213,1.3166669607162476,1.25,1.2833329439163208,30984000,2026-10-08
1997-02-28,1.0770236253738403,1.2708330154418945,1.2916669845581055,1.2041670083999634,1.25,51816000,2026-10-08
1997-03-03,1.0734927654266357,1.2666670083999634,1.2916669845581055,1.25,1.2625000476837158,25308000,2026-10-08
1997-03-04,1.0664297342300415,1.2583329677581787,1.2916669845581055,1.2333329916000366,1.2583329677581787,18813000,2026-10-08
1997-03-05,1.1229299306869507,1.3250000476837158,1.337499976158142,1.2625000476837158,1.2708330154418945,46278000,2026-10-08
1997-03-06,1.0664297342300415,1.2583329677581787,1.3416670560836792,1.2458330392837524,1.337499976158142,46695000,2026-10-08
1997-03-07,1.0381805896759033,1.225000023841858,1.274999976158142,1.2208329439163208,1.2708330154418945,29979000,2026-10-08
1997-03-10,1.05583655834198,1.2458330392837524,1.2708330154418945,1.212499976158142,1.225000023841858,21720000,2026-10-08
1997-03-11,1.0487737655639648,1.2374999523162842,1.2666670083999634,1.2291669845581055,1.2458330392837524,17754000,2026-10-08
1997-03-12,1.0734927654266357,1.2666670083999634,1.2666670083999634,1.2166670560836792,1.2374999523162842,38604000,2026-10-08
1997-03-13,1.0664297342300415,1.2583329677581787,1.2708330154418945,1.2374999523162842,1.2541669607162476,25929000,2026-10-08
1997-03-14,1.0487737655639648,1.2374999523162842,1.2666670083999634,1.2333329916000366,1.2625000476837158,21162000,2026-10-08
1997-03-17,0.9746183753013611,1.149999976158142,1.2374999523162842,1.125,1.2374999523162842,51252000,2026-10-08
1997-03-18,0.9538726210594177,1.125520944595337,1.1541670560836792,1.0916670560836792,1.1541670560836792,46866000,2026-10-08
1997-03-19,0.9181184768676758,1.0833330154418945,1.1416670083999634,1.0750000476837158,1.1124999523162842,38529000,2026-10-08
1997-03-20,0.9675557017326355,1.1416670083999634,1.149999976158142,1.0458329916000366,1.0833330154418945,41874000,2026-10-08
1997-03-21,0.9110564589500427,1.0750000476837158,1.1708329916000366,1.0708329677581787,1.149999976158142,26769000,2026-10-08
1997-03-24,0.8898688554763794,1.0499999523162842,1.0750000476837158,0.9958329796791077,1.0708329677581787,56679000,2026-10-08
1997-03-25,0.946368932723999,1.1166670322418213,1.1166670322418213,1.0666669607162476,1.1083329916000366,88647000,2026-10-08
1997-03-26,1.0099302530288696,1.1916669607162476,1.2083330154418945,1.125,1.1291669607162476,73983000,2026-10-08
1997-03-27,0.9746183753013611,1.149999976158142,1.2000000476837158,1.1375000476837158,1.1916669607162476,47166000,2026-10-08
1997-03-31,0.953430712223053,1.125,1.1708329916000366,1.0916670560836792,1.1520830392837524,55482000,2026-10-08
1997-04-01,0.9304783940315247,1.0979169607162476,1.1333329677581787,1.0583330392837524,1.0958329439163208,37713000,2026-10-08
1997-04-02,0.9410719871520996,1.1104170083999634,1.125,1.0791670083999634,1.100000023841858,28281000,2026-10-08
1997-04-03,0.946368932723999,1.1166670322418213,1.1291669607162476,1.0833330154418945,1.100000023841858,32076000,2026-10-08
1997-04-04,0.9887433052062988,1.1666669845581055,1.1875,1.1083329916000366,1.1083329916000366,41133000,2026-10-08
1997-04-07,1.0063995122909546,1.1875,1.2291669845581055,1.1749999523162842,1.1749999523162842,45789000,2026-10-08
1997-04-08,0.9746183753013611,1.149999976158142,1.1916669607162476,1.1333329677581787,1.1916669607162476,34260000,2026-10-08
1997-04-09,0.9640247821807861,1.1375000476837158,1.1833330392837524,1.1375000476837158,1.1536459922790527,25806000,2026-10-08
1997-04-10,0.9498991966247559,1.1208330392837524,1.149999976158142,1.0958329439163208,1.1375000476837158,31740000,2026-10-08
1997-04-11,0.9393059611320496,1.1083329916000366,1.1416670083999634,1.0833330154418945,1.100000023841858,35904000,2026-10-08
1997-04-14,0.946368932723999,1.1166670322418213,1.125,1.0708329677581787,1.100000023841858,46224000,2026-10-08
1997-04-15,0.7592133283615112,0.8958330154418945,1.1458330154418945,0.8916670083999634,1.1333329677581787,108564000,2026-10-08
1997-04-16,0.7097762227058411,0.8374999761581421,0.8458330035209656,0.7791669964790344,0.8166670203208923,171936000,2026-10-08
1997-04-17,0.7698068022727966,0.9083330035209656,0.949999988079071,0.862500011920929,0.8791670203208923,92148000,2026-10-08
1997-04-18,0.7556824684143066,0.8916670083999634,0.9416670203208923,0.887499988079071,0.925000011920929,32727000,2026-10-08
1997-04-21,0.7592133283615112,0.8958330154418945,0.8999999761581421,0.8708329796791077,0.8916670083999634,31704000,2026-10-08
1997-04-22,0.8192446827888489,0.9666669964790344,0.9708330035209656,0.8833330273628235,0.9125000238418579,59685000,2026-10-08
1997-04-23,0.7874636054039001,0.9291669726371765,0.9708330035209656,0.9208329916000366,0.9666669964790344,44328000,2026-10-08
1997-04-24,0.8086510300636292,0.9541670083999634,0.9750000238418579,0.9208329916000366,0.9416670203208923,44517000,2026-10-08
1997-04-25,0.7839322686195374,0.925000011920929,0.9750000238418579,0.925000011920929,0.949999988079071,28665000,2026-10-08
1997-04-28,0.7945259213447571,0.9375,0.949999988079071,0.9083330035209656,0.9333329796791077,21471000,2026-10-08
1997-04-29,0.8086510300636292,0.9541670083999634,0.9666669964790344,0.9416670203208923,0.9541670083999634,15873000,2026-10-08
1997-04-30,0.8192446827888489,0.9666669964790344,0.9958329796791077,0.9416670203208923,0.9416670203208923,19302000,2026-10-08
1997-05-01,0.8792752623558044,1.037500023841858,1.0416669845581055,0.9458330273628235,0.9666669964790344,48834000,2026-10-08
1997-05-02,1.020524263381958,1.2041670083999634,1.225000023841858,1.037500023841858,1.0416669845581055,111645000,2026-10-08
1997-05-05,1.022289752960205,1.2062499523162842,1.2208329439163208,1.1541670560836792,1.2041670083999634,60678000,2026-10-08
1997-05-06,1.020524263381958,1.2041670083999634,1.225000023841858,1.1791670322418213,1.1833330392837524,44394000,2026-10-08
1997-05-07,0.9746183753013611,1.149999976158142,1.2374999523162842,1.1416670083999634,1.1958329677581787,38775000,2026-10-08
1997-05-08,1.001102328300476,1.181249976158142,1.212499976158142,1.1124999523162842,1.1166670322418213,31998000,2026-10-08
1997-05-09,0.9940405488014221,1.1729170083999634,1.2041670083999634,1.1541670560836792,1.1958329677581787,24126000,2026-10-08
1997-05-12,0.9852118492126465,1.162500023841858,1.2000000476837158,1.1291669607162476,1.2000000476837158,23679000,2026-10-08
1997-05-13,0.9551962614059448,1.1270829439163208,1.162500023841858,1.0958329439163208,1.149999976158142,31431000,2026-10-08
1997-05-14,0.932244062423706,1.100000023841858,1.1458330154418945,1.0416669845581055,1.1333329677581787,57378000,2026-10-08
1997-05-15,1.0028676986694336,1.1833330392837524,1.1875,1.0916670560836792,1.0916670560836792,35727000,2026-10-08
1997-05-16,0.9710867404937744,1.1458330154418945,1.2000000476837158,1.1291669607162476,1.1708329916000366,36348000,2026-10-08
1997-05-19,0.9746183753013611,1.149999976158142,1.1666669845581055,1.1208330392837524,1.1541670560836792,14178000,2026-10-08
1997-05-20,1.0240554809570312,1.2083330154418945,1.2291669845581055,1.1291669607162476,1.1291669607162476,36261000,2026-10-08
1997-05-21,1.0364149808883667,1.2229169607162476,1.25,1.212499976158142,1.212499976158142,41160000,2026-10-08
1997-05-22,1.0381805896759033,1.225000023841858,1.2416670322418213,1.1916669607162476,1.2291669845581055,30366000,2026-10-08
1997-05-23,1.052305817604065,1.2416670322418213,1.2458330392837524,1.212499976158142,1.225000023841858,22248000,2026-10-08
1997-05-27,1.0593678951263428,1.25,1.2833329439163208,1.2291669845581055,1.2333329916000366,37221000,2026-10-08
1997-05-28,1.052305817604065,1.2416670322418213,1.287500023841858,1.2208329439163208,1.25,37779000,2026-10-08
1997-05-29,1.0311179161071777,1.2166670560836792,1.2416670322418213,1.1833330392837524,1.2374999523162842,34395000,2026-10-08
1997-05-30,1.0275864601135254,1.212499976158142,1.2458330392837524,1.1333329677581787,1.1666669845581055,76125000,2026-10-08
1997-06-02,1.045242428779602,1.2333329916000366,1.25,1.2000000476837158,1.2166670560836792,27459000,2026-10-08
1997-06-03,0.9746183753013611,1.149999976158142,1.2166670560836792,1.149999976158142,1.212499976158142,31788000,2026-10-08
1997-06-04,0.9993372559547424,1.1791670322418213,1.212499976158142,1.1416670083999634,1.1541670560836792,30192000,2026-10-08
1997-06-05,0.9958056807518005,1.1749999523162842,1.2020829916000366,1.1583329439163208,1.162500023841858,23451000,2026-10-08
1997-06-06,0.9728532433509827,1.1479170322418213,1.1875,1.1416670083999634,1.1666669845581055,20283000,2026-10-08
1997-06-09,0.956962525844574,1.1291669607162476,1.1749999523162842,1.1166670322418213,1.149999976158142,23124000,2026-10-08
1997-06-10,0.9216498136520386,1.087499976158142,1.1333329677581787,1.0750000476837158,1.0833330154418945,35874000,2026-10-08
1997-06-11,0.8969313502311707,1.0583330392837524,1.100000023841858,1.0354169607162476,1.0541670322418213,67125000,2026-10-08
1997-06-12,0.8898688554763794,1.0499999523162842,1.0750000476837158,1.037500023841858,1.0458329916000366,47202000,2026-10-08
1997-06-13,0.9304783940315247,1.0979169607162476,1.100000023841858,1.0541670322418213,1.0625,33711000,2026-10-08
1997-06-16,0.9551962614059448,1.1270829439163208,1.1354169845581055,1.0916670560836792,1.0916670560836792,22896000,2026-10-08
1997-06-17,0.9922738671302795,1.1708329916000366,1.1916669607162476,1.1124999523162842,1.1208330392837524,32895000,2026-10-08
1997-06-18,0.9675557017326355,1.1416670083999634,1.1749999523162842,1.1333329677581787,1.149999976158142,26856000,2026-10-08
1997-06-19,0.9816802740097046,1.1583329439163208,1.1833330392837524,1.1333329677581787,1.1375000476837158,24471000,2026-10-08
1997-06-20,0.9869770407676697,1.1645829677581787,1.1833330392837524,1.1583329439163208,1.1583329439163208,19050000,2026-10-08
1997-06-23,0.9852118492126465,1.162500023841858,1.1875,1.149999976158142,1.162500023841858,20601000,2026-10-08
1997-06-24,0.9993372559547424,1.1791670322418213,1.1916669607162476,1.1541670560836792,1.1666669845581055,28305000,2026-10-08
1997-06-25,1.0099302530288696,1.1916669607162476,1.2166670560836792,1.1708329916000366,1.1791670322418213,30672000,2026-10-08
1997-06-26,1.0169931650161743,1.2000000476837158,1.2208329439163208,1.1875,1.1875,26847000,2026-10-08
1997-06-27,1.0311179161071777,1.2166670560836792,1.2291669845581055,1.2083330154418945,1.225000023841858,17049000,2026-10-08
1997-06-30,1.0470091104507446,1.2354170083999634,1.2416670322418213,1.2083330154418945,1.212499976158142,28383000,2026-10-08
1997-07-01,1.126461386680603,1.3291670083999634,1.3416670560836792,1.2333329916000366,1.2416670322418213,81360000,2026-10-08
1997-07-02,1.1494140625,1.3562500476837158,1.3708330392837524,1.3208329677581787,1.3291670083999634,56022000,2026-10-08
1997-07-03,1.140586018562317,1.3458329439163208,1.3916670083999634,1.3291670083999634,1.3791669607162476,20178000,2026-10-08
1997-07-07,1.1352890729904175,1.3395830392837524,1.3520829677581787,1.3208329677581787,1.350000023841858,23547000,2026-10-08
1997-07-08,1.1370550394058228,1.3416670560836792,1.3458329439163208,1.3166669607162476,1.3312499523162842,56364000,2026-10-08
1997-07-09,1.2694761753082275,1.4979170560836792,1.5041669607162476,1.3333330154418945,1.337499976158142,82044000,2026-10-08
1997-07-10,1.3418655395507812,1.5833330154418945,1.6041669845581055,1.4583330154418945,1.5083329677581787,104490000,2026-10-08
1997-07-11,1.3206782341003418,1.5583330392837524,1.625,1.5291670560836792,1.5958329439163208,54156000,2026-10-08
1997-07-14,1.4018968343734741,1.6541670560836792,1.662500023841858,1.537500023841858,1.5625,53592000,2026-10-08
1997-07-15,1.6384886503219604,1.9333330392837524,2.0,1.712499976158142,1.712499976158142,209241000,2026-10-08
1997-07-16,1.6190669536590576,1.9104169607162476,1.9541670083999634,1.850000023841858,1.9500000476837158,101565000,2026-10-08
1997-07-17,1.5961135625839233,1.8833329677581787,1.899999976158142,1.8708330392837524,1.8958330154418945,46146000,2026-10-08
1997-07-18,1.509598970413208,1.78125,1.850000023841858,1.7374999523162842,1.8416670560836792,82695000,2026-10-08
1997-07-21,1.571395993232727,1.8541669845581055,1.8666670322418213,1.7000000476837158,1.7791670560836792,49095000,2026-10-08
1997-07-22,1.6208328008651733,1.912500023841858,1.9375,1.8083330392837524,1.8583329916000366,62544000,2026-10-08
1997-07-23,1.6243641376495361,1.9166669845581055,1.9874999523162842,1.875,1.9249999523162842,58125000,2026-10-08
1997-07-24,1.6914570331573486,1.9958330392837524,2.012500047683716,1.8208329677581787,1.9083329439163208,59175000,2026-10-08
1997-07-25,1.610239028930664,1.899999976158142,2.0250000953674316,1.8833329677581787,2.0,55092000,2026-10-08
1997-07-28,1.6879265308380127,1.9916670322418213,2.0,1.8541669845581055,1.8875000476837158,57450000,2026-10-08
1997-07-29,1.5819895267486572,1.8666670322418213,1.96875,1.8416670560836792,1.9583330154418945,56859000,2026-10-08
1997-07-30,1.4990055561065674,1.7687499523162842,1.7833329439163208,1.712499976158142,1.7416670322418213,141735000,2026-10-08
1997-07-31,1.4937084913253784,1.7625000476837158,1.7833329439163208,1.725000023841858,1.7458330392837524,59319000,2026-10-08
1997-08-01,1.5678645372390747,1.850000023841858,1.8833329677581787,1.75,1.7583329677581787,59430000,2026-10-08
1997-08-04,1.6685043573379517,1.96875,1.9833329916000366,1.8416670560836792,1.850000023841858,63063000,2026-10-08
1997-08-05,1.7603161334991455,2.077083110809326,2.0875000953674316,1.975000023841858,1.975000023841858,85236000,2026-10-08
1997-08-06,1.747073769569397,2.061458110809326,2.075000047683716,1.9916670322418213,2.066667079925537,68724000,2026-10-08
1997-08-07,1.693222999572754,1.9979170560836792,2.058332920074463,1.9541670083999634,2.0333330631256104,89775000,2026-10-08
1997-08-08,1.6137703657150269,1.9041670560836792,1.975000023841858,1.8833329677581787,1.9708329439163208,66480000,2026-10-08
1997-08-11,1.5608021020889282,1.8416670560836792,1.9333330392837524,1.7916669845581055,1.9208329916000366,51750000,2026-10-08
1997-08-12,1.5656577348709106,1.8473960161209106,1.9041670560836792,1.8333330154418945,1.8583329916000366,53706000,2026-10-08
1997-08-13,1.6596757173538208,1.9583330154418945,1.9666670560836792,1.8166669607162476,1.9083329439163208,75909000,2026-10-08
1997-08-14,1.6738011837005615,1.975000023841858,2.0,1.899999976158142,1.9500000476837158,39582000,2026-10-08
1997-08-15,1.6384886503219604,1.9333330392837524,1.9708329439163208,1.9166669845581055,1.9583330154418945,33096000,2026-10-08
1997-08-18,1.6014102697372437,1.8895829916000366,1.975000023841858,1.8895829916000366,1.9333330392837524,45117000,2026-10-08
1997-08-19,1.633191704750061,1.9270830154418945,1.9416669607162476,1.8458329439163208,1.850000023841858,79296000,2026-10-08
1997-08-20,1.8733158111572266,2.2104170322418213,2.2166669368743896,1.8875000476837158,1.9166669845581055,198171000,2026-10-08
1997-08-21,1.7938635349273682,2.1166670322418213,2.245832920074463,2.1041669845581055,2.1958329677581787,129921000,2026-10-08
1997-08-22,1.853893518447876,2.1875,2.200000047683716,2.0625,2.066667079925537,78009000,2026-10-08
1997-08-25,1.7885658740997314,2.110416889190674,2.2479169368743896,2.110416889190674,2.183332920074463,47391000,2026-10-08
1997-08-26,1.736480474472046,2.0489580631256104,2.1541669368743896,2.0333330631256104,2.0958330631256104,46227000,2026-10-08
1997-08-27,1.730301022529602,2.0416669845581055,2.079166889190674,2.012500047683716,2.0708329677581787,43713000,2026-10-08
1997-08-28,1.6384886503219604,1.9333330392837524,2.012500047683716,1.9249999523162842,2.0083329677581787,78489000,2026-10-08
1997-08-29,1.5961135625839233,1.8833329677581787,1.9333330392837524,1.8583329916000366,1.9333330392837524,48504000,2026-10-08
1997-09-02,1.7020506858825684,2.0083329677581787,2.0291669368743896,1.8958330154418945,1.9041670560836792,39780000,2026-10-08
1997-09-03,1.6949883699417114,2.0,2.075000047683716,1.9958330392837524,2.0,69927000,2026-10-08
1997-09-04,1.6561453342437744,1.9541670083999634,2.0250000953674316,1.9354170560836792,2.0083329677581787,45114000,2026-10-08
1997-09-05,1.6526139974594116,1.9500000476837158,2.0083329677581787,1.9333330392837524,1.9791669845581055,30045000,2026-10-08
1997-09-08,1.569629430770874,1.8520829677581787,1.9791669845581055,1.850000023841858,1.9583330154418945,31812000,2026-10-08
1997-09-09,1.6632074117660522,1.962499976158142,1.9833329916000366,1.8562500476837158,1.8708330392837524,50268000,2026-10-08
1997-09-10,1.5625677108764648,1.84375,1.975000023841858,1.837499976158142,1.9541670083999634,38745000,2026-10-08
1997-09-11,1.5925830602645874,1.8791669607162476,1.9083329439163208,1.7999999523162842,1.8416670560836792,55710000,2026-10-08
1997-09-12,1.5766924619674683,1.8604170083999634,1.9041670560836792,1.8270829916000366,1.8875000476837158,33279000,2026-10-08
1997-09-15,1.4354435205459595,1.693750023841858,1.8624999523162842,1.6833330392837524,1.8541669845581055,59322000,2026-10-08
1997-09-16,1.5360831022262573,1.8125,1.8291670083999634,1.712499976158142,1.7458330392837524,82530000,2026-10-08
1997-09-17,1.532551646232605,1.8083330392837524,1.8708330392837524,1.8041670322418213,1.8145829439163208,46227000,2026-10-08
1997-09-18,1.4425053596496582,1.7020829916000366,1.8250000476837158,1.7000000476837158,1.8166669607162476,41598000,2026-10-08
1997-09-19,1.4654587507247925,1.7291669845581055,1.774999976158142,1.6958329677581787,1.7041670083999634,32382000,2026-10-08
1997-09-22,1.5290212631225586,1.8041670322418213,1.8458329439163208,1.75,1.7541669607162476,34008000,2026-10-08
1997-09-23,1.5625677108764648,1.84375,1.8541669845581055,1.7791670560836792,1.8041670322418213,35712000,2026-10-08
1997-09-24,1.4513338804244995,1.712499976158142,1.8666670322418213,1.712499976158142,1.8416670560836792,51978000,2026-10-08
1997-09-25,1.3630529642105103,1.6083329916000366,1.6833330392837524,1.5812499523162842,1.649999976158142,145869000,2026-10-08
1997-09-26,1.3206782341003418,1.5583330392837524,1.6333329677581787,1.5333329439163208,1.6208330392837524,86982000,2026-10-08
1997-09-29,1.3665845394134521,1.6124999523162842,1.6541670560836792,1.5416669845581055,1.5625,49551000,2026-10-08
1997-09-30,1.3136162757873535,1.5499999523162842,1.6583329439163208,1.524999976158142,1.6020829677581787,52794000,2026-10-08
1997-10-01,1.2429920434951782,1.4666670560836792,1.5750000476837158,1.4291670322418213,1.5625,103926000,2026-10-08
1997-10-02,1.3030226230621338,1.537500023841858,1.5541670322418213,1.475000023841858,1.4833329916000366,54375000,2026-10-08
1997-10-03,1.2818348407745361,1.5125000476837158,1.5791670083999634,1.4958330392837524,1.5708329677581787,54783000,2026-10-08
1997-10-06,1.2147412300109863,1.4333330392837524,1.5125000476837158,1.4083329439163208,1.5125000476837158,55788000,2026-10-08
1997-10-07,1.268593192100525,1.4968750476837158,1.5125000476837158,1.4333330392837524,1.4500000476837158,50067000,2026-10-08
1997-10-08,1.3453967571258545,1.587499976158142,1.618749976158142,1.462499976158142,1.5,56220000,2026-10-08
1997-10-09,1.3030226230621338,1.537500023841858,1.6291669607162476,1.5208330154418945,1.5750000476837158,49026000,2026-10-08
1997-10-10,1.2924284934997559,1.524999976158142,1.5833330154418945,1.4958330392837524,1.5166670083999634,30474000,2026-10-08
1997-10-13,1.3012566566467285,1.5354169607162476,1.5791670083999634,1.5166670083999634,1.5499999523162842,26865000,2026-10-08
1997-10-14,1.2359287738800049,1.4583330154418945,1.5416669845581055,1.4229170083999634,1.5416669845581055,56346000,2026-10-08
1997-10-15,1.2041478157043457,1.4208329916000366,1.4500000476837158,1.4041670560836792,1.4166669845581055,44253000,2026-10-08
1997-10-16,1.1900235414505005,1.4041670560836792,1.462499976158142,1.3624999523162842,1.4375,56043000,2026-10-08
1997-10-17,1.0840867757797241,1.2791670560836792,1.3916670083999634,1.2041670083999634,1.3666670322418213,158274000,2026-10-08
1997-10-20,1.0770236253738403,1.2708330154418945,1.3291670083999634,1.2166670560836792,1.2958329916000366,83565000,2026-10-08
1997-10-21,1.112336277961731,1.3125,1.3291670083999634,1.287500023841858,1.2958329916000366,113202000,2026-10-08
1997-10-22,1.133523941040039,1.337499976158142,1.3875000476837158,1.3250000476837158,1.3333330154418945,85365000,2026-10-08
1997-10-23,1.1017425060272217,1.2999999523162842,1.3041670322418213,1.162500023841858,1.1833330392837524,176667000,2026-10-08
1997-10-24,1.0576030015945435,1.2479170560836792,1.3020830154418945,1.1333329677581787,1.2708330154418945,226488000,2026-10-08
1997-10-27,0.9746183753013611,1.149999976158142,1.2520829439163208,1.0666669607162476,1.225000023841858,94590000,2026-10-08
1997-10-28,1.045242428779602,1.2333329916000366,1.2999999523162842,1.0916670560836792,1.100000023841858,96381000,2026-10-08
1997-10-29,1.0734927654266357,1.2666670083999634,1.2916669845581055,1.1958329677581787,1.2666670083999634,67029000,2026-10-08
1997-10-30,0.9816802740097046,1.1583329439163208,1.25,1.1583329439163208,1.2208329439163208,60666000,2026-10-08
1997-10-31,1.020524263381958,1.2041670083999634,1.225000023841858,1.125,1.2083330154418945,57069000,2026-10-08
1997-11-03,1.0681960582733154,1.2604169845581055,1.287500023841858,1.2083330154418945,1.2458330392837524,45087000,2026-10-08
1997-11-04,1.1052738428115845,1.3041670322418213,1.3291670083999634,1.2333329916000366,1.2791670560836792,38091000,2026-10-08
1997-11-05,1.10880446434021,1.3083330392837524,1.399999976158142,1.2833329439163208,1.3270829916000366,55008000,2026-10-08
1997-11-06,1.0487737655639648,1.2374999523162842,1.3416670560836792,1.2208329439163208,1.3166669607162476,45402000,2026-10-08
1997-11-07,1.0734927654266357,1.2666670083999634,1.2958329916000366,1.1666669845581055,1.1708329916000366,68331000,2026-10-08
1997-11-10,1.0099302530288696,1.1916669607162476,1.287500023841858,1.1895829439163208,1.2708330154418945,27510000,2026-10-08
1997-11-11,0.9604933261871338,1.1333329677581787,1.2000000476837158,1.1166670322418213,1.2000000476837158,57237000,2026-10-08
1997-11-12,0.934008777141571,1.1020829677581787,1.1791670322418213,1.0666669607162476,1.1291669607162476,73596000,2026-10-08
1997-11-13,0.932244062423706,1.100000023841858,1.149999976158142,1.03125,1.1333329677581787,79242000,2026-10-08
1997-11-14,0.9710867404937744,1.1458330154418945,1.162500023841858,1.0916670560836792,1.1291669607162476,44619000,2026-10-08
1997-11-17,0.9852118492126465,1.162500023841858,1.2083330154418945,1.1583329439163208,1.1791670322418213,23004000,2026-10-08
1997-11-18,0.9781501293182373,1.1541670560836792,1.1749999523162842,1.1270829439163208,1.1708329916000366,21630000,2026-10-08
1997-11-19,0.9604933261871338,1.1333329677581787,1.149999976158142,1.1062500476837158,1.1375000476837158,33636000,2026-10-08
1997-11-20,0.9922738671302795,1.1708329916000366,1.1749999523162842,1.1270829439163208,1.149999976158142,31149000,2026-10-08
1997-11-21,0.9287118315696716,1.0958329439163208,1.1958329677581787,1.0854170322418213,1.1916669607162476,52959000,2026-10-08
1997-11-24,0.875743567943573,1.0333329439163208,1.1041669845581055,1.0125000476837158,1.0833330154418945,34800000,2026-10-08
1997-11-25,0.9163529872894287,1.0812499523162842,1.1124999523162842,1.0208330154418945,1.0333329439163208,37221000,2026-10-08
1997-11-26,0.8722130656242371,1.0291670560836792,1.0958329439163208,1.0041669607162476,1.0895830392837524,25416000,2026-10-08
1997-11-28,0.8651500344276428,1.0208330154418945,1.0333329439163208,1.0083329677581787,1.024999976158142,9831000,2026-10-08
1997-12-01,0.8934006094932556,1.0541670322418213,1.0833330154418945,1.0208330154418945,1.0416669845581055,23022000,2026-10-08
1997-12-02,0.8386658430099487,0.9895830154418945,1.0625,0.9708330035209656,1.0416669845581055,29898000,2026-10-08
1997-12-03,0.849259614944458,1.0020829439163208,1.0208330154418945,0.9791669845581055,0.9916669726371765,28215000,2026-10-08
1997-12-04,0.8227754235267639,0.9708330035209656,1.024999976158142,0.9624999761581421,1.0125000476837158,24441000,2026-10-08
1997-12-05,0.9004624485969543,1.0625,1.0708329677581787,0.9624999761581421,0.9624999761581421,33762000,2026-10-08
1997-12-08,0.9287118315696716,1.0958329439163208,1.1333329677581787,1.0499999523162842,1.0625,59484000,2026-10-08
1997-12-09,0.8845720887184143,1.0437500476837158,1.087499976158142,1.0083329677581787,1.0708329677581787,59679000,2026-10-08
1997-12-10,0.8792752623558044,1.037500023841858,1.0541670322418213,1.0125000476837158,1.0166670083999634,42051000,2026-10-08
1997-12-11,0.7344951033592224,0.8666669726371765,1.0083329677581787,0.8583329916000366,1.0083329677581787,100626000,2026-10-08
1997-12-12,0.7239015102386475,0.8541669845581055,0.9041669964790344,0.8416669964790344,0.8958330154418945,42786000,2026-10-08
1997-12-15,0.7768699526786804,0.9166669845581055,0.9624999761581421,0.8374999761581421,0.8583329916000366,44739000,2026-10-08
1997-12-16,0.7627445459365845,0.8999999761581421,0.9666669964790344,0.8958330154418945,0.925000011920929,27996000,2026-10-08
1997-12-17,0.7521511316299438,0.887499988079071,0.949999988079071,0.8791670203208923,0.9208329916000366,19968000,2026-10-08
1997-12-18,0.8068848252296448,0.9520829916000366,1.0,0.8520830273628235,0.8833330273628235,69024000,2026-10-08
1997-12-19,0.8227754235267639,0.9708330035209656,1.0083329677581787,0.9291669726371765,0.9458330273628235,64839000,2026-10-08
1997-12-22,0.8192446827888489,0.9666669964790344,1.0083329677581787,0.9624999761581421,0.9833329916000366,25695000,2026-10-08
1997-12-23,0.8369005918502808,0.987500011920929,1.0,0.9437500238418579,0.9624999761581421,30402000,2026-10-08
1997-12-24,0.8439627885818481,0.9958329796791077,1.0,0.9750000238418579,0.9958329796791077,9723000,2026-10-08
1997-12-26,0.8369005918502808,0.987500011920929,1.0,0.9833329916000366,0.9854170083999634,5460000,2026-10-08
1997-12-29,0.8369005918502808,0.987500011920929,1.0083329677581787,0.9791669845581055,0.9916669726371765,16350000,2026-10-08
1997-12-30,0.8351351022720337,0.9854170083999634,1.0,0.9791669845581055,0.9916669726371765,15897000,2026-10-08
1997-12-31,0.8263069987297058,0.9750000238418579,1.0,0.9708330035209656,0.987500011920929,18393000,2026-10-08
1998-01-02,0.8616195321083069,1.0166670083999634,1.0270830392837524,0.9708330035209656,0.9833329916000366,19563000,2026-10-08
1998-01-05,0.8439627885818481,0.9958329796791077,1.0750000476837158,0.9895830154418945,1.0208330154418945,50355000,2026-10-08
1998-01-06,0.7344951033592224,0.8666669726371765,0.981249988079071,0.8666669726371765,0.9708330035209656,91884000,2026-10-08
1998-01-07,0.7186048030853271,0.8479170203208923,0.893750011920929,0.8374999761581421,0.8708329796791077,52671000,2026-10-08
1998-01-08,0.693885862827301,0.8187500238418579,0.8999999761581421,0.8104169964790344,0.8416669964790344,58470000,2026-10-08
1998-01-09,0.6426827907562256,0.7583330273628235,0.8500000238418579,0.7291669845581055,0.8291670083999634,72627000,2026-10-08
1998-01-12,0.6568081378936768,0.7749999761581421,0.8333330154418945,0.75,0.75,47772000,2026-10-08
1998-01-13,0.7115417122840881,0.8395829796791077,0.862500011920929,0.7749999761581421,0.8125,82266000,2026-10-08
1998-01-14,0.7027143239974976,0.8291670083999634,0.8416669964790344,0.7916669845581055,0.8291670083999634,64254000,2026-10-08
1998-01-15,0.6744640469551086,0.7958329916000366,0.8645830154418945,0.7875000238418579,0.8333330154418945,26067000,2026-10-08
1998-01-16,0.670933187007904,0.7916669845581055,0.8333330154418945,0.7916669845581055,0.8083329796791077,36498000,2026-10-08
1998-01-20,0.7115417122840881,0.8395829796791077,0.8541669845581055,0.8083329796791077,0.8083329796791077,18744000,2026-10-08
1998-01-21,0.7097762227058411,0.8374999761581421,0.8999999761581421,0.8125,0.8291670083999634,58011000,2026-10-08
1998-01-22,0.6462142467498779,0.762499988079071,0.8125,0.7520830035209656,0.7708330154418945,108105000,2026-10-08
1998-01-23,0.6568081378936768,0.7749999761581421,0.800000011920929,0.7541670203208923,0.7916669845581055,28563000,2026-10-08
1998-01-26,0.6109018325805664,0.7208330035209656,0.7791669964790344,0.71875,0.7791669964790344,38136000,2026-10-08
1998-01-27,0.6338554620742798,0.7479169964790344,0.7541670203208923,0.7124999761581421,0.7166669964790344,61638000,2026-10-08
1998-01-28,0.6532765030860901,0.7708330154418945,0.7854170203208923,0.7291669845581055,0.75,41280000,2026-10-08
1998-01-29,0.6356209516525269,0.75,0.7791669964790344,0.737500011920929,0.7541670203208923,48774000,2026-10-08
1998-01-30,0.6444489359855652,0.7604169845581055,0.7645829916000366,0.75,0.7583330273628235,26598000,2026-10-08
1998-02-02,0.6691671013832092,0.7895830273628235,0.8104169964790344,0.7729169726371765,0.7791669964790344,39141000,2026-10-08
1998-02-03,0.7009480595588684,0.8270829916000366,0.8541669845581055,0.7729169726371765,0.7895830273628235,80721000,2026-10-08
1998-02-04,0.7309635281562805,0.862500011920929,0.8958330154418945,0.8083329796791077,0.8208330273628235,64914000,2026-10-08
1998-02-05,0.7027143239974976,0.8291670083999634,0.9125000238418579,0.8187500238418579,0.887499988079071,49818000,2026-10-08
1998-02-06,0.7168386578559875,0.8458330035209656,0.8791670203208923,0.831250011920929,0.8374999761581421,41832000,2026-10-08
1998-02-09,0.7133078575134277,0.8416669964790344,0.8666669726371765,0.8291670083999634,0.8583329916000366,15873000,2026-10-08
1998-02-10,0.7397921085357666,0.8729169964790344,0.8895829916000366,0.8291670083999634,0.8458330035209656,51123000,2026-10-08
1998-02-11,0.7433229684829712,0.8770830035209656,0.8916670083999634,0.8666669726371765,0.8666669726371765,41088000,2026-10-08
1998-02-12,0.8033541440963745,0.9479169845581055,0.9708330035209656,0.9041669964790344,0.9083330035209656,100065000,2026-10-08
1998-02-13,0.8174782395362854,0.9645829796791077,0.9729170203208923,0.8958330154418945,0.8999999761581421,92436000,2026-10-08
1998-02-17,0.8033541440963745,0.9479169845581055,0.9645829796791077,0.9437500238418579,0.9541670083999634,62100000,2026-10-08
1998-02-18,0.828072190284729,0.9770830273628235,0.9854170083999634,0.9458330273628235,0.9458330273628235,42051000,2026-10-08
1998-02-19,0.8316037058830261,0.981249988079071,1.0395829677581787,0.9791669845581055,0.9854170083999634,51030000,2026-10-08
1998-02-20,0.8033541440963745,0.9479169845581055,1.0083329677581787,0.9291669726371765,0.9916669726371765,56064000,2026-10-08
1998-02-23,0.8404321670532227,0.9916669726371765,0.9916669726371765,0.9416670203208923,0.9666669964790344,28614000,2026-10-08
1998-02-24,0.7874636054039001,0.9291669726371765,0.9833329916000366,0.925000011920929,0.9833329916000366,38841000,2026-10-08
1998-02-25,0.8386658430099487,0.9895830154418945,0.9979169964790344,0.9291669726371765,0.949999988079071,38496000,2026-10-08
1998-02-26,0.8439627885818481,0.9958329796791077,1.0083329677581787,0.9729170203208923,0.9916669726371765,28776000,2026-10-08
1998-02-27,0.7980571985244751,0.9416670203208923,0.987500011920929,0.9416670203208923,0.9833329916000366,22098000,2026-10-08
1998-03-02,0.7804005146026611,0.9208329916000366,0.949999988079071,0.9125000238418579,0.9437500238418579,33600000,2026-10-08
1998-03-03,0.8015880584716797,0.9458330273628235,0.9541670083999634,0.9041669964790344,0.9208329916000366,36711000,2026-10-08
1998-03-04,0.805119514465332,0.949999988079071,0.9708330035209656,0.9416670203208923,0.9479169845581055,35964000,2026-10-08
1998-03-05,0.7592133283615112,0.8958330154418945,0.9291669726371765,0.8791670203208923,0.9145830273628235,50769000,2026-10-08
1998-03-06,0.7503857612609863,0.8854169845581055,0.9291669726371765,0.8791670203208923,0.8999999761581421,46944000,2026-10-08
1998-03-09,0.71507328748703,0.84375,0.8833330273628235,0.8416669964790344,0.875,30753000,2026-10-08
1998-03-10,0.7556824684143066,0.8916670083999634,0.8916670083999634,0.8500000238418579,0.856249988079071,16191000,2026-10-08
1998-03-11,0.7521511316299438,0.887499988079071,0.9083330035209656,0.862500011920929,0.9041669964790344,34437000,2026-10-08
1998-03-12,0.7556824684143066,0.8916670083999634,0.9041669964790344,0.8708329796791077,0.8833330273628235,58338000,2026-10-08
1998-03-13,0.7680415511131287,0.90625,0.9208329916000366,0.8916670083999634,0.8958330154418945,10260000,2026-10-08
1998-03-16,0.7662762403488159,0.9041669964790344,0.9125000238418579,0.8958330154418945,0.9083330035209656,7314000,2026-10-08
1998-03-17,0.7662762403488159,0.9041669964790344,0.9125000238418579,0.8687499761581421,0.9041669964790344,26451000,2026-10-08
1998-03-18,0.7680415511131287,0.90625,0.9375,0.8958330154418945,0.8999999761581421,24927000,2026-10-08
1998-03-19,0.8086510300636292,0.9541670083999634,0.9541670083999634,0.8999999761581421,0.90625,21651000,2026-10-08
1998-03-20,0.7609795331954956,0.8979169726371765,0.9541670083999634,0.8958330154418945,0.9520829916000366,45210000,2026-10-08
1998-03-23,0.7645102143287659,0.9020829796791077,0.9166669845581055,0.8916670083999634,0.8916670083999634,21408000,2026-10-08
1998-03-24,0.7592133283615112,0.8958330154418945,0.90625,0.8833330273628235,0.9020829796791077,22971000,2026-10-08
1998-03-25,0.7715731263160706,0.9104170203208923,0.9541670083999634,0.8916670083999634,0.9333329796791077,51204000,2026-10-08
1998-03-26,0.7768699526786804,0.9166669845581055,0.9333329796791077,0.8854169845581055,0.9166669845581055,16863000,2026-10-08
1998-03-27,0.7980571985244751,0.9416670203208923,0.9458330273628235,0.9166669845581055,0.9208329916000366,16497000,2026-10-08
1998-03-30,0.8033541440963745,0.9479169845581055,0.9624999761581421,0.9375,0.9375,13545000,2026-10-08
1998-03-31,0.7945259213447571,0.9375,0.9604169726371765,0.9333329796791077,0.9416670203208923,12189000,2026-10-08
1998-04-01,0.8598530888557434,1.0145829916000366,1.024999976158142,0.9208329916000366,0.9291669726371765,56349000,2026-10-08
1998-04-02,0.8792752623558044,1.037500023841858,1.0541670322418213,1.0041669607162476,1.0083329677581787,59622000,2026-10-08
1998-04-03,0.8845720887184143,1.0437500476837158,1.0479170083999634,1.0125000476837158,1.0395829677581787,34866000,2026-10-08
1998-04-06,0.8457289934158325,0.9979169964790344,1.0416669845581055,0.9833329916000366,1.0416669845581055,36426000,2026-10-08
1998-04-07,0.8157132267951965,0.9624999761581421,0.9916669726371765,0.9437500238418579,0.9916669726371765,34359000,2026-10-08
1998-04-08,0.8121816515922546,0.9583330154418945,0.9708330035209656,0.9437500238418579,0.9520829916000366,11364000,2026-10-08
1998-04-09,0.8210099339485168,0.96875,0.9916669726371765,0.9583330154418945,0.9624999761581421,41991000,2026-10-08
1998-04-13,0.8333690762519836,0.9833329916000366,0.9833329916000366,0.9458330273628235,0.9708330035209656,15930000,2026-10-08
1998-04-14,0.8510257005691528,1.0041669607162476,1.0416669845581055,0.9541670083999634,0.9750000238418579,37122000,2026-10-08
1998-04-15,0.8775096535682678,1.0354169607162476,1.0458329916000366,0.9750000238418579,1.0083329677581787,38379000,2026-10-08
1998-04-16,0.8439627885818481,0.9958329796791077,1.0291670560836792,0.9791669845581055,1.0208330154418945,28512000,2026-10-08
1998-04-17,0.8510257005691528,1.0041669607162476,1.0208330154418945,0.9833329916000366,0.9916669726371765,13170000,2026-10-08
1998-04-20,0.8969313502311707,1.0583330392837524,1.100000023841858,0.9916669726371765,0.9916669726371765,47691000,2026-10-08
1998-04-21,0.8828069567680359,1.0416669845581055,1.0708329677581787,1.0333329439163208,1.0666669607162476,14079000,2026-10-08
1998-04-22,0.8951660394668579,1.056249976158142,1.0770829916000366,1.037500023841858,1.0458329916000366,48726000,2026-10-08
1998-04-23,0.8616195321083069,1.0166670083999634,1.0583330392837524,1.0125000476837158,1.0520830154418945,27324000,2026-10-08
1998-04-24,0.8828069567680359,1.0416669845581055,1.0416669845581055,1.0166670083999634,1.024999976158142,27786000,2026-10-08
1998-04-27,0.8563222885131836,1.0104169845581055,1.0333329439163208,1.0,1.0166670083999634,25893000,2026-10-08
1998-04-28,0.8722130656242371,1.0291670560836792,1.03125,1.0041669607162476,1.024999976158142,12771000,2026-10-08
1998-04-29,0.8598530888557434,1.0145829916000366,1.0302079916000366,1.0041669607162476,1.0291670560836792,20661000,2026-10-08
1998-04-30,0.875743567943573,1.0333329439163208,1.0416669845581055,1.0208330154418945,1.0333329439163208,23064000,2026-10-08
1998-05-01,0.8510257005691528,1.0041669607162476,1.037500023841858,0.9833329916000366,1.03125,21825000,2026-10-08
1998-05-04,0.8810405135154724,1.0395829677581787,1.0791670083999634,1.0041669607162476,1.0041669607162476,50496000,2026-10-08
1998-05-05,0.8792752623558044,1.037500023841858,1.0708329677581787,1.037500023841858,1.0416669845581055,24381000,2026-10-08
1998-05-06,0.8510257005691528,1.0041669607162476,1.0499999523162842,0.9979169964790344,1.0499999523162842,21036000,2026-10-08
1998-05-07,0.8192446827888489,0.9666669964790344,1.0083329677581787,0.9624999761581421,1.0083329677581787,29526000,2026-10-08
1998-05-08,0.8386658430099487,0.9895830154418945,1.0041669607162476,0.9666669964790344,0.96875,21528000,2026-10-08
1998-05-11,0.8174782395362854,0.9645829796791077,1.0083329677581787,0.9624999761581421,0.9958329796791077,16320000,2026-10-08
1998-05-12,0.8104164004325867,0.956250011920929,0.9666669964790344,0.9333329796791077,0.9583330154418945,21831000,2026-10-08
1998-05-13,0.8210099339485168,0.96875,0.9958329796791077,0.9583330154418945,0.9624999761581421,20061000,2026-10-08
1998-05-14,0.7839322686195374,0.925000011920929,0.9750000238418579,0.925000011920929,0.9583330154418945,12102000,2026-10-08
1998-05-15,0.7344951033592224,0.8666669726371765,0.925000011920929,0.8604170083999634,0.9166669845581055,43383000,2026-10-08
1998-05-18,0.748619556427002,0.8833330273628235,0.8958330154418945,0.8416669964790344,0.8645830154418945,34197000,2026-10-08
1998-05-19,0.7309635281562805,0.862500011920929,0.9125000238418579,0.8541669845581055,0.8999999761581421,18192000,2026-10-08
1998-05-20,0.7027143239974976,0.8291670083999634,0.875,0.8208330273628235,0.8708329796791077,32466000,2026-10-08
1998-05-21,0.692120373249054,0.8166670203208923,0.8374999761581421,0.8125,0.8333330154418945,19500000,2026-10-08
1998-05-22,0.6815268397331238,0.8041669726371765,0.8291670083999634,0.7708330154418945,0.8208330273628235,19170000,2026-10-08
1998-05-26,0.6779954433441162,0.800000011920929,0.8291670083999634,0.7916669845581055,0.8229169845581055,17544000,2026-10-08
1998-05-27,0.6603395342826843,0.7791669964790344,0.8083329796791077,0.7666670083999634,0.78125,29103000,2026-10-08
1998-05-28,0.6903544068336487,0.8145830035209656,0.8187500238418579,0.7791669964790344,0.7833330035209656,24591000,2026-10-08
1998-05-29,0.6726983785629272,0.793749988079071,0.8208330273628235,0.7916669845581055,0.8208330273628235,23331000,2026-10-08
1998-06-01,0.6497458815574646,0.7666670083999634,0.7958329916000366,0.7541670203208923,0.7916669845581055,36036000,2026-10-08
1998-06-02,0.6444489359855652,0.7604169845581055,0.7791669964790344,0.7583330273628235,0.7666670083999634,18888000,2026-10-08
1998-06-03,0.6197298765182495,0.731249988079071,0.7708330154418945,0.7208330035209656,0.7666670083999634,18693000,2026-10-08
1998-06-04,0.6347376108169556,0.7489579916000366,0.75,0.7166669964790344,0.737500011920929,30612000,2026-10-08
1998-06-05,0.6356209516525269,0.75,0.7583330273628235,0.7250000238418579,0.75,14010000,2026-10-08
1998-06-08,0.612667977809906,0.7229170203208923,0.7749999761581421,0.7229170203208923,0.75,17784000,2026-10-08
1998-06-09,0.6532765030860901,0.7708330154418945,0.7708330154418945,0.71875,0.7333329916000366,27645000,2026-10-08
1998-06-10,0.6109018325805664,0.7208330035209656,0.7583330273628235,0.699999988079071,0.7458329796791077,44385000,2026-10-08
1998-06-11,0.6109018325805664,0.7208330035209656,0.737500011920929,0.7124999761581421,0.7250000238418579,33810000,2026-10-08
1998-06-12,0.580886960029602,0.6854169964790344,0.7166669964790344,0.6666669845581055,0.7166669964790344,75252000,2026-10-08
1998-06-15,0.5720585584640503,0.675000011920929,0.7208330035209656,0.6625000238418579,0.6812499761581421,35838000,2026-10-08
1998-06-16,0.5967774987220764,0.7041670083999634,0.7041670083999634,0.65625,0.6875,33486000,2026-10-08
1998-06-17,0.5685269832611084,0.6708329916000366,0.7250000238418579,0.6645830273628235,0.7083330154418945,30519000,2026-10-08
1998-06-18,0.5967774987220764,0.7041670083999634,0.706250011920929,0.6666669845581055,0.6666669845581055,25677000,2026-10-08
1998-06-19,0.5791206955909729,0.6833329796791077,0.706250011920929,0.6770830154418945,0.6854169964790344,16614000,2026-10-08
1998-06-22,0.5967774987220764,0.7041670083999634,0.7124999761581421,0.675000011920929,0.6875,29244000,2026-10-08
1998-06-23,0.6250271201133728,0.737500011920929,0.762499988079071,0.699999988079071,0.7041670083999634,41499000,2026-10-08
1998-06-24,0.6232617497444153,0.7354170083999634,0.7583330273628235,0.7083330154418945,0.7416669726371765,25149000,2026-10-08
1998-06-25,0.612667977809906,0.7229170203208923,0.7791669964790344,0.7229170203208923,0.7562500238418579,49131000,2026-10-08
1998-06-26,0.5667619705200195,0.668749988079071,0.7250000238418579,0.6645830273628235,0.7208330035209656,37002000,2026-10-08
1998-06-29,0.5667619705200195,0.668749988079071,0.6937500238418579,0.6625000238418579,0.6791669726371765,21057000,2026-10-08
1998-06-30,0.5402774214744568,0.637499988079071,0.6645830273628235,0.6187499761581421,0.6645830273628235,35151000,2026-10-08
1998-07-01,0.5491060018539429,0.6479169726371765,0.6499999761581421,0.625,0.6458330154418945,15540000,2026-10-08
1998-07-02,0.5102616548538208,0.6020830273628235,0.6416670083999634,0.6000000238418579,0.6333330273628235,31554000,2026-10-08
1998-07-06,0.5279185771942139,0.6229169964790344,0.6291670203208923,0.6000000238418579,0.606249988079071,14049000,2026-10-08
1998-07-07,0.5420428514480591,0.6395829916000366,0.6416670083999634,0.5916669964790344,0.6166669726371765,36702000,2026-10-08
1998-07-08,0.552636444568634,0.6520829796791077,0.65625,0.612500011920929,0.6395829916000366,21747000,2026-10-08
1998-07-09,0.5420428514480591,0.6395829916000366,0.6541669964790344,0.6291670203208923,0.6520829796791077,16656000,2026-10-08
1998-07-10,0.5402774214744568,0.637499988079071,0.6416670083999634,0.625,0.6416670083999634,12495000,2026-10-08
1998-07-13,0.5491060018539429,0.6479169726371765,0.6479169726371765,0.6083329916000366,0.6333330273628235,27048000,2026-10-08
1998-07-14,0.5084965825080872,0.6000000238418579,0.6520829796791077,0.5958330035209656,0.6458330154418945,20241000,2026-10-08
1998-07-15,0.5579334497451782,0.6583330035209656,0.6645830273628235,0.6041669845581055,0.6041669845581055,36849000,2026-10-08
1998-07-16,0.5491060018539429,0.6479169726371765,0.699999988079071,0.625,0.6625000238418579,38883000,2026-10-08
1998-07-17,0.5314490795135498,0.6270830035209656,0.6458330154418945,0.625,0.6270830035209656,21798000,2026-10-08
1998-07-20,0.5173247456550598,0.6104170083999634,0.6291670203208923,0.6000000238418579,0.6208329796791077,11199000,2026-10-08
1998-07-21,0.5296839475631714,0.625,0.6458330154418945,0.6020830273628235,0.6104170083999634,49824000,2026-10-08
1998-07-22,0.5208556056022644,0.6145830154418945,0.6229169964790344,0.5833330154418945,0.6166669726371765,35562000,2026-10-08
1998-07-23,0.5102616548538208,0.6020830273628235,0.6208329796791077,0.5874999761581421,0.6145830154418945,13788000,2026-10-08
1998-07-24,0.5102616548538208,0.6020830273628235,0.612500011920929,0.5874999761581421,0.6083329916000366,16398000,2026-10-08
1998-07-27,0.4837775230407715,0.5708330273628235,0.6041669845581055,0.5625,0.6041669845581055,34254000,2026-10-08
1998-07-28,0.48730918765068054,0.574999988079071,0.6000000238418579,0.5708330273628235,0.5729169845581055,32292000,2026-10-08
1998-07-29,0.47848081588745117,0.5645830035209656,0.6166669726371765,0.5249999761581421,0.5604169964790344,81162000,2026-10-08
1998-07-30,0.5102616548538208,0.6020830273628235,0.6104170083999634,0.5833330154418945,0.5833330154418945,25779000,2026-10-08
1998-07-31,0.5067310929298401,0.5979170203208923,0.6208329796791077,0.5916669964790344,0.6020830273628235,25071000,2026-10-08
1998-08-03,0.5031997561454773,0.59375,0.6083329916000366,0.5791670083999634,0.5916669964790344,14616000,2026-10-08
1998-08-04,0.536746084690094,0.6333330273628235,0.6416670083999634,0.5979170203208923,0.6041669845581055,38487000,2026-10-08
1998-08-05,0.5084965825080872,0.6000000238418579,0.6395829916000366,0.5833330154418945,0.637499988079071,21282000,2026-10-08
1998-08-06,0.5190902948379517,0.612500011920929,0.637499988079071,0.5874999761581421,0.5958330035209656,31488000,2026-10-08
1998-08-07,0.5561681389808655,0.65625,0.706250011920929,0.612500011920929,0.6416670083999634,51510000,2026-10-08
1998-08-10,0.5120282173156738,0.6041669845581055,0.6583330035209656,0.5916669964790344,0.6583330035209656,26601000,2026-10-08
1998-08-11,0.5120282173156738,0.6041669845581055,0.625,0.5791670083999634,0.5874999761581421,20850000,2026-10-08
1998-08-12,0.5137932300567627,0.606249988079071,0.637499988079071,0.5916669964790344,0.612500011920929,19119000,2026-10-08
1998-08-13,0.4996682107448578,0.5895829796791077,0.6312500238418579,0.5854169726371765,0.612500011920929,15933000,2026-10-08
1998-08-14,0.5155585408210754,0.6083329916000366,0.612500011920929,0.5874999761581421,0.6000000238418579,14454000,2026-10-08
1998-08-17,0.5137932300567627,0.606249988079071,0.6166669726371765,0.5916669964790344,0.6020830273628235,21351000,2026-10-08
1998-08-18,0.5455743670463562,0.643750011920929,0.6583330035209656,0.6041669845581055,0.6145830154418945,43953000,2026-10-08
1998-08-19,0.5102616548538208,0.6020830273628235,0.6479169726371765,0.6000000238418579,0.643750011920929,22860000,2026-10-08
1998-08-20,0.49437129497528076,0.5833330154418945,0.6000000238418579,0.5791670083999634,0.5958330035209656,12537000,2026-10-08
1998-08-21,0.4837775230407715,0.5708330273628235,0.5791670083999634,0.550000011920929,0.574999988079071,17559000,2026-10-08
1998-08-24,0.48554372787475586,0.5729169845581055,0.6000000238418579,0.5666670203208923,0.5729169845581055,10248000,2026-10-08
1998-08-25,0.47495004534721375,0.5604169964790344,0.5874999761581421,0.5520830154418945,0.5874999761581421,12486000,2026-10-08
1998-08-26,0.448466032743454,0.5291669964790344,0.550000011920929,0.5270829796791077,0.550000011920929,22467000,2026-10-08
1998-08-27,0.39726296067237854,0.46875,0.5208330154418945,0.46458300948143005,0.5104169845581055,49533000,2026-10-08
1998-08-28,0.37254396080970764,0.4395830035209656,0.47916701436042786,0.4375,0.47291699051856995,27576000,2026-10-08
1998-08-31,0.3089819550514221,0.36458298563957214,0.44999998807907104,0.3604170083999634,0.4458329975605011,38712000,2026-10-08
1998-09-01,0.3389977216720581,0.4000000059604645,0.41666701436042786,0.36250001192092896,0.37083300948143005,36159000,2026-10-08
1998-09-02,0.3319356143474579,0.3916670083999634,0.4124999940395355,0.38749998807907104,0.4124999940395355,21084000,2026-10-08
1998-09-03,0.33016932010650635,0.3895829916000366,0.4041669964790344,0.3666670024394989,0.38749998807907104,14184000,2026-10-08
1998-09-04,0.3319356143474579,0.3916670083999634,0.4083330035209656,0.3833329975605011,0.4000000059604645,6216000,2026-10-08
1998-09-08,0.3389977216720581,0.4000000059604645,0.42500001192092896,0.39583298563957214,0.4124999940395355,14223000,2026-10-08
1998-09-09,0.31427887082099915,0.37083300948143005,0.4000000059604645,0.36250001192092896,0.4000000059604645,20832000,2026-10-08
1998-09-10,0.2842639088630676,0.3354170024394989,0.3666670024394989,0.33333298563957214,0.35416701436042786,64644000,2026-10-08
1998-09-11,0.28602927923202515,0.3375000059604645,0.3520829975605011,0.33333298563957214,0.3416669964790344,27741000,2026-10-08
1998-09-14,0.28602927923202515,0.3375000059604645,0.3499999940395355,0.3375000059604645,0.3458330035209656,18021000,2026-10-08
1998-09-15,0.29838827252388,0.3520829975605011,0.36250001192092896,0.33958300948143005,0.3416669964790344,50424000,2026-10-08
1998-09-16,0.29485762119293213,0.34791699051856995,0.3520829975605011,0.33125001192092896,0.34791699051856995,25491000,2026-10-08
1998-09-17,0.28602927923202515,0.3375000059604645,0.3520829975605011,0.33333298563957214,0.3416669964790344,24192000,2026-10-08
1998-09-18,0.2842639088630676,0.3354170024394989,0.3375000059604645,0.33125001192092896,0.3354170024394989,24618000,2026-10-08
1998-09-21,0.29662299156188965,0.3499999940395355,0.3499999940395355,0.3125,0.3291670083999634,21591000,2026-10-08
1998-09-22,0.29662299156188965,0.3499999940395355,0.3687500059604645,0.34791699051856995,0.3583329916000366,35442000,2026-10-08
1998-09-23,0.29662299156188965,0.3499999940395355,0.35624998807907104,0.3458330035209656,0.3520829975605011,33726000,2026-10-08
1998-09-24,0.28956082463264465,0.3416669964790344,0.35624998807907104,0.3416669964790344,0.35416701436042786,51687000,2026-10-08
1998-09-25,0.3213418126106262,0.37916699051856995,0.3833329975605011,0.33333298563957214,0.3458330035209656,45156000,2026-10-08
1998-09-28,0.3089819550514221,0.36458298563957214,0.39583298563957214,0.3604170083999634,0.39375001192092896,44322000,2026-10-08
1998-09-29,0.28779464960098267,0.33958300948143005,0.3687500059604645,0.3291670083999634,0.3666670024394989,36288000,2026-10-08
1998-09-30,0.2824978232383728,0.33333298563957214,0.3375000059604645,0.32499998807907104,0.33333298563957214,72633000,2026-10-08
1998-10-01,0.2683733403682709,0.31666699051856995,0.33958300948143005,0.3041670024394989,0.3291670083999634,62418000,2026-10-08
1998-10-02,0.27367034554481506,0.32291701436042786,0.3291670083999634,0.3104169964790344,0.3291670083999634,6696000,2026-10-08
1998-10-05,0.2701387107372284,0.3187499940395355,0.33125001192092896,0.31666699051856995,0.3260419964790344,16971000,2026-10-08
1998-10-06,0.2648419737815857,0.3125,0.33333298563957214,0.30833300948143005,0.32499998807907104,15822000,2026-10-08
1998-10-07,0.24895142018795013,0.29374998807907104,0.31666699051856995,0.2874999940395355,0.31666699051856995,21546000,2026-10-08
1998-10-08,0.24895142018795013,0.29374998807907104,0.30000001192092896,0.2791669964790344,0.2833330035209656,12375000,2026-10-08
1998-10-09,0.28029075264930725,0.33072900772094727,0.33854201436042786,0.29374998807907104,0.3041670024394989,29994000,2026-10-08
1998-10-12,0.335466206073761,0.39583298563957214,0.3979170024394989,0.3499999940395355,0.35416701436042786,77859000,2026-10-08
1998-10-13,0.29485762119293213,0.34791699051856995,0.39583298563957214,0.3375000059604645,0.3916670083999634,29505000,2026-10-08
1998-10-14,0.30545124411582947,0.3604170083999634,0.37083300948143005,0.3375000059604645,0.3458330035209656,34476000,2026-10-08
1998-10-15,0.3125135600566864,0.3687500059604645,0.3916670083999634,0.35416701436042786,0.3583329916000366,32838000,2026-10-08
1998-10-16,0.28161555528640747,0.33229199051856995,0.3666670024394989,0.3291670083999634,0.35624998807907104,31371000,2026-10-08
1998-10-19,0.300154447555542,0.35416701436042786,0.35416701436042786,0.3270829916000366,0.3291670083999634,15327000,2026-10-08
1998-10-20,0.28956082463264465,0.3416669964790344,0.3833329975605011,0.3416669964790344,0.35624998807907104,43662000,2026-10-08
1998-10-21,0.35312288999557495,0.41666701436042786,0.41666701436042786,0.35624998807907104,0.35624998807907104,80007000,2026-10-08
1998-10-22,0.402559757232666,0.4749999940395355,0.4916670024394989,0.4041669964790344,0.43333300948143005,78321000,2026-10-08
1998-10-23,0.4131534993648529,0.48750001192092896,0.5354170203208923,0.4666669964790344,0.47916701436042786,120597000,2026-10-08
1998-10-26,0.4096219539642334,0.4833329916000366,0.5041670203208923,0.4770829975605011,0.5020830035209656,17301000,2026-10-08
1998-10-27,0.38666924834251404,0.45625001192092896,0.5041670203208923,0.4541670083999634,0.4916670024394989,32097000,2026-10-08
1998-10-28,0.41668498516082764,0.4916670024394989,0.49583300948143005,0.43333300948143005,0.45833298563957214,37824000,2026-10-08
1998-10-29,0.4096219539642334,0.4833329916000366,0.5166670083999634,0.4749999940395355,0.4979169964790344,48588000,2026-10-08
1998-10-30,0.40785661339759827,0.48124998807907104,0.5166670083999634,0.4770829975605011,0.4979169964790344,28653000,2026-10-08
1998-11-02,0.402559757232666,0.4749999940395355,0.48124998807907104,0.44999998807907104,0.4666669964790344,24783000,2026-10-08
1998-11-03,0.402559757232666,0.4749999940395355,0.4770829975605011,0.46458300948143005,0.4708330035209656,12330000,2026-10-08
1998-11-04,0.40785661339759827,0.48124998807907104,0.49583300948143005,0.4666669964790344,0.47291699051856995,17916000,2026-10-08
1998-11-05,0.4087395966053009,0.4822919964790344,0.48750001192092896,0.46875,0.4833329916000366,6996000,2026-10-08
1998-11-06,0.4096219539642334,0.4833329916000366,0.48958298563957214,0.4749999940395355,0.4854170083999634,11898000,2026-10-08
1998-11-09,0.40609127283096313,0.47916701436042786,0.48750001192092896,0.46875,0.48750001192092896,6051000,2026-10-08
1998-11-10,0.3990282118320465,0.4708330035209656,0.48750001192092896,0.4708330035209656,0.4770829975605011,5406000,2026-10-08
1998-11-11,0.4202156364917755,0.49583300948143005,0.5291669964790344,0.47916701436042786,0.48124998807907104,34152000,2026-10-08
1998-11-12,0.47848081588745117,0.5645830035209656,0.5687500238418579,0.48750001192092896,0.4979169964790344,49698000,2026-10-08
1998-11-13,0.4714186191558838,0.5562499761581421,0.6083329916000366,0.5458329916000366,0.581250011920929,78705000,2026-10-08
1998-11-16,0.4466998875141144,0.5270829796791077,0.5729169845581055,0.518750011920929,0.5625,17001000,2026-10-08
1998-11-17,0.46259021759033203,0.5458329916000366,0.5562499761581421,0.5,0.5166670083999634,24309000,2026-10-08
1998-11-18,0.48554372787475586,0.5729169845581055,0.59375,0.5395830273628235,0.5458329916000366,47388000,2026-10-08
1998-11-19,0.464356392621994,0.5479170083999634,0.5833330154418945,0.543749988079071,0.5708330273628235,22137000,2026-10-08
1998-11-20,0.5137932300567627,0.606249988079071,0.612500011920929,0.550000011920929,0.5583329796791077,33705000,2026-10-08
1998-11-23,0.559699535369873,0.6604170203208923,0.6895830035209656,0.6187499761581421,0.6187499761581421,49314000,2026-10-08
1998-11-24,0.5649963617324829,0.6666669845581055,0.71875,0.6604170203208923,0.6666669845581055,37452000,2026-10-08
1998-11-25,0.5544026494026184,0.6541669964790344,0.6833329796791077,0.6229169964790344,0.6791669726371765,24375000,2026-10-08
1998-11-27,0.5438089966773987,0.6416670083999634,0.6666669845581055,0.6354169845581055,0.6666669845581055,5541000,2026-10-08
1998-11-30,0.5049647688865662,0.5958330035209656,0.6416670083999634,0.5895829796791077,0.637499988079071,18222000,2026-10-08
1998-12-01,0.5208556056022644,0.6145830154418945,0.6229169964790344,0.574999988079071,0.59375,23595000,2026-10-08
1998-12-02,0.5897144675254822,0.6958330273628235,0.7041670083999634,0.5895829796791077,0.612500011920929,88899000,2026-10-08
1998-12-03,0.552636444568634,0.6520829796791077,0.75,0.6520829796791077,0.6875,94083000,2026-10-08
1998-12-04,0.5649963617324829,0.6666669845581055,0.7250000238418579,0.6583330035209656,0.699999988079071,31212000,2026-10-08
1998-12-07,0.5614649653434753,0.6625000238418579,0.6895830035209656,0.6541669964790344,0.668749988079071,15918000,2026-10-08
1998-12-08,0.5826523303985596,0.6875,0.699999988079071,0.6625000238418579,0.6770830154418945,25767000,2026-10-08
1998-12-09,0.547339677810669,0.6458330154418945,0.7083330154418945,0.6416670083999634,0.6895830035209656,24123000,2026-10-08
1998-12-10,0.5049647688865662,0.5958330035209656,0.6499999761581421,0.5874999761581421,0.6458330154418945,25896000,2026-10-08
1998-12-11,0.5031997561454773,0.59375,0.6291670203208923,0.5708330273628235,0.5979170203208923,21372000,2026-10-08
1998-12-14,0.46259021759033203,0.5458329916000366,0.5874999761581421,0.5333330035209656,0.5791670083999634,20931000,2026-10-08
1998-12-15,0.5084965825080872,0.6000000238418579,0.6041669845581055,0.5458329916000366,0.5541669726371765,27678000,2026-10-08
1998-12-16,0.49437129497528076,0.5833330154418945,0.6083329916000366,0.550000011920929,0.6041669845581055,23964000,2026-10-08
1998-12-17,0.5137932300567627,0.606249988079071,0.6104170083999634,0.574999988079071,0.5874999761581421,15117000,2026-10-08
1998-12-18,0.5332154035568237,0.6291670203208923,0.6520829796791077,0.6166669726371765,0.6187499761581421,29331000,2026-10-08
1998-12-21,0.536746084690094,0.6333330273628235,0.6666669845581055,0.6041669845581055,0.6416670083999634,22431000,2026-10-08
1998-12-22,0.5084965825080872,0.6000000238418579,0.6354169845581055,0.5979170203208923,0.6333330273628235,16011000,2026-10-08
1998-12-23,0.5208556056022644,0.6145830154418945,0.6229169964790344,0.6000000238418579,0.6145830154418945,16773000,2026-10-08
1998-12-24,0.496137410402298,0.5854169726371765,0.6104170083999634,0.5791670083999634,0.6083329916000366,9600000,2026-10-08
1998-12-28,0.5067310929298401,0.5979170203208923,0.6083329916000366,0.5874999761581421,0.5874999761581421,12912000,2026-10-08
1998-12-29,0.48554372787475586,0.5729169845581055,0.5958330035209656,0.5708330273628235,0.59375,10914000,2026-10-08
1998-12-30,0.4996682107448578,0.5895829796791077,0.6187499761581421,0.5687500238418579,0.5729169845581055,17622000,2026-10-08
1998-12-31,0.5031997561454773,0.59375,0.6041669845581055,0.5708330273628235,0.5833330154418945,12198000,2026-10-08
1999-01-04,0.536746084690094,0.6333330273628235,0.643750011920929,0.6020830273628235,0.6041669845581055,42153000,2026-10-08
1999-01-05,0.7133078575134277,0.8416669964790344,0.8500000238418579,0.6541669964790344,0.6583330035209656,164190000,2026-10-08
1999-01-06,0.7662762403488159,0.9041669964790344,0.9291669726371765,0.8666669726371765,0.8708329796791077,115749000,2026-10-08
1999-01-07,0.7503857612609863,0.8854169845581055,0.9208329916000366,0.862500011920929,0.8666669726371765,43491000,2026-10-08
1999-01-08,0.7698068022727966,0.9083330035209656,0.9375,0.862500011920929,0.8999999761581421,31326000,2026-10-08
1999-01-11,0.8333690762519836,0.9833329916000366,1.0041669607162476,0.9083330035209656,0.9166669845581055,44433000,2026-10-08
1999-01-12,0.8333690762519836,0.9833329916000366,1.0,0.9458330273628235,0.9958329796791077,27231000,2026-10-08
1999-01-13,0.8121816515922546,0.9583330154418945,0.981249988079071,0.9125000238418579,0.9416670203208923,35607000,2026-10-08
1999-01-14,0.7556824684143066,0.8916670083999634,0.9624999761581421,0.8833330273628235,0.9604169726371765,14094000,2026-10-08
1999-01-15,0.8033541440963745,0.9479169845581055,0.9624999761581421,0.8916670083999634,0.9041669964790344,22497000,2026-10-08
1999-01-19,0.7627445459365845,0.8999999761581421,0.9583330154418945,0.887499988079071,0.9541670083999634,24171000,2026-10-08
1999-01-20,0.8015880584716797,0.9458330273628235,0.981249988079071,0.9083330035209656,0.9166669845581055,25800000,2026-10-08
1999-01-21,0.7521511316299438,0.887499988079071,0.9416670203208923,0.875,0.9333329796791077,20196000,2026-10-08
1999-01-22,0.7415575385093689,0.875,0.8833330273628235,0.8583329916000366,0.8833330273628235,9996000,2026-10-08
1999-01-25,0.8174782395362854,0.9645829796791077,0.9645829796791077,0.8666669726371765,0.8729169964790344,41625000,2026-10-08
1999-01-26,0.875743567943573,1.0333329439163208,1.0333329439163208,0.949999988079071,0.9750000238418579,57984000,2026-10-08
1999-01-27,0.8669162392616272,1.0229170322418213,1.03125,0.9958329796791077,1.0291670560836792,51507000,2026-10-08
1999-01-28,0.9128216505050659,1.0770829916000366,1.1416670083999634,1.0499999523162842,1.0541670322418213,111867000,2026-10-08
1999-01-29,1.0840867757797241,1.2791670560836792,1.3083330392837524,1.1666669845581055,1.1749999523162842,152679000,2026-10-08
1999-02-01,1.0505391359329224,1.2395830154418945,1.2833329439163208,1.2291669845581055,1.274999976158142,58689000,2026-10-08
1999-02-02,1.0187585353851318,1.2020829916000366,1.2291669845581055,1.162500023841858,1.2208329439163208,35517000,2026-10-08
1999-02-03,1.0169931650161743,1.2000000476837158,1.2645829916000366,1.1708329916000366,1.1749999523162842,39876000,2026-10-08
1999-02-04,1.0417121648788452,1.2291669845581055,1.2374999523162842,1.1729170083999634,1.193750023841858,39171000,2026-10-08
1999-02-05,0.9905092716217041,1.1687500476837158,1.274999976158142,1.1416670083999634,1.2166670560836792,41514000,2026-10-08
1999-02-08,1.0434772968292236,1.2312500476837158,1.2666670083999634,1.1833330392837524,1.2333329916000366,42141000,2026-10-08
1999-02-09,0.953430712223053,1.125,1.2458330392837524,1.125,1.2333329916000366,32061000,2026-10-08
1999-02-10,0.9640247821807861,1.1375000476837158,1.1687500476837158,1.0833330154418945,1.1208330392837524,23202000,2026-10-08
1999-02-11,0.9693214893341064,1.1437499523162842,1.1916669607162476,1.100000023841858,1.149999976158142,47100000,2026-10-08
1999-02-12,0.9869770407676697,1.1645829677581787,1.181249976158142,1.0958329439163208,1.1166670322418213,37635000,2026-10-08
1999-02-16,1.0628989934921265,1.2541669607162476,1.274999976158142,1.1749999523162842,1.1958329677581787,64920000,2026-10-08
1999-02-17,1.0240554809570312,1.2083330154418945,1.2958329916000366,1.181249976158142,1.2333329916000366,37284000,2026-10-08
1999-02-18,1.0134613513946533,1.1958329677581787,1.2416670322418213,1.1666669845581055,1.21875,20610000,2026-10-08
1999-02-19,0.9887433052062988,1.1666669845581055,1.212499976158142,1.1583329439163208,1.2083330154418945,28608000,2026-10-08
1999-02-22,0.9940405488014221,1.1729170083999634,1.1958329677581787,1.1229170560836792,1.1645829677581787,27174000,2026-10-08
1999-02-23,0.9922738671302795,1.1708329916000366,1.2145830392837524,1.1583329439163208,1.181249976158142,23400000,2026-10-08
1999-02-24,0.9940405488014221,1.1729170083999634,1.2208329439163208,1.1583329439163208,1.1708329916000366,21516000,2026-10-08
1999-02-25,0.9516657590866089,1.1229170560836792,1.2166670560836792,1.1020829677581787,1.1666669845581055,24120000,2026-10-08
1999-02-26,0.8351351022720337,0.9854170083999634,1.1083329916000366,0.9437500238418579,1.1083329916000366,53751000,2026-10-08
1999-03-01,0.8616195321083069,1.0166670083999634,1.0333329439163208,0.925000011920929,0.9833329916000366,39696000,2026-10-08
1999-03-02,0.8369005918502808,0.987500011920929,1.0750000476837158,0.9750000238418579,1.03125,31731000,2026-10-08
1999-03-03,0.8263069987297058,0.9750000238418579,1.0208330154418945,0.9333329796791077,1.0,26484000,2026-10-08
1999-03-04,0.8298381567001343,0.9791669845581055,1.0208330154418945,0.96875,0.9708330035209656,33036000,2026-10-08
1999-03-05,0.8951660394668579,1.056249976158142,1.0645829439163208,0.9916669726371765,1.0083329677581787,24765000,2026-10-08
1999-03-08,0.9746183753013611,1.149999976158142,1.1604169607162476,1.056249976158142,1.0583330392837524,41451000,2026-10-08
1999-03-09,0.8580878376960754,1.0125000476837158,1.2104170322418213,1.0125000476837158,1.1437499523162842,52794000,2026-10-08
1999-03-10,0.9816802740097046,1.1583329439163208,1.1645829677581787,1.0291670560836792,1.0333329439163208,55515000,2026-10-08
1999-03-11,0.9234155416488647,1.0895830392837524,1.1958329677581787,1.0666669607162476,1.162500023841858,32760000,2026-10-08
1999-03-12,0.932244062423706,1.100000023841858,1.1375000476837158,1.0770829916000366,1.0958329439163208,22821000,2026-10-08
1999-03-15,0.9181184768676758,1.0833330154418945,1.1270829439163208,1.068750023841858,1.100000023841858,14928000,2026-10-08
1999-03-16,0.953430712223053,1.125,1.1708329916000366,1.0833330154418945,1.0916670560836792,22584000,2026-10-08
1999-03-17,0.9746183753013611,1.149999976158142,1.1749999523162842,1.118749976158142,1.1208330392837524,15627000,2026-10-08
1999-03-18,0.932244062423706,1.100000023841858,1.1416670083999634,1.0895830392837524,1.1375000476837158,11160000,2026-10-08
1999-03-19,0.9057595133781433,1.068750023841858,1.1333329677581787,1.0541670322418213,1.125,24450000,2026-10-08
1999-03-22,0.8722130656242371,1.0291670560836792,1.087499976158142,1.0,1.0583330392837524,27288000,2026-10-08
1999-03-23,0.8245416283607483,0.9729170203208923,1.03125,0.9520829916000366,1.024999976158142,20904000,2026-10-08
1999-03-24,0.8210099339485168,0.96875,0.9916669726371765,0.9208329916000366,0.9750000238418579,40716000,2026-10-08
1999-03-25,0.8651500344276428,1.0208330154418945,1.037500023841858,0.9854170083999634,0.9958329796791077,23967000,2026-10-08
1999-03-26,0.8192446827888489,0.9666669964790344,1.0145829916000366,0.949999988079071,1.0125000476837158,14043000,2026-10-08
1999-03-29,0.8881036043167114,1.0479170083999634,1.0479170083999634,0.9666669964790344,0.9708330035209656,19392000,2026-10-08
1999-03-30,0.8792752623558044,1.037500023841858,1.0885419845581055,1.006250023841858,1.024999976158142,18798000,2026-10-08
1999-03-31,0.8192446827888489,0.9666669964790344,1.0499999523162842,0.9666669964790344,1.0499999523162842,27561000,2026-10-08
1999-04-01,0.9551962614059448,1.1270829439163208,1.2000000476837158,1.0041669607162476,1.0333329439163208,160737000,2026-10-08
1999-04-05,0.9498991966247559,1.1208330392837524,1.149999976158142,1.0750000476837158,1.1416670083999634,33030000,2026-10-08
1999-04-06,0.9039939045906067,1.0666669607162476,1.1708329916000366,1.0583330392837524,1.1145830154418945,38103000,2026-10-08
1999-04-07,0.9110564589500427,1.0750000476837158,1.1270829439163208,1.0645829439163208,1.1020829677581787,22665000,2026-10-08
1999-04-08,0.9181184768676758,1.0833330154418945,1.1015629768371582,1.0208330154418945,1.0645829439163208,20592000,2026-10-08
1999-04-09,0.9092909097671509,1.0729169845581055,1.0979169607162476,1.037500023841858,1.0833330154418945,10440000,2026-10-08
1999-04-12,0.8828069567680359,1.0416669845581055,1.0958329439163208,1.0083329677581787,1.0229170322418213,25269000,2026-10-08
1999-04-13,0.8121816515922546,0.9583330154418945,1.0541670322418213,0.9458330273628235,1.037500023841858,22761000,2026-10-08
1999-04-14,0.8333690762519836,0.9833329916000366,1.0666669607162476,0.9791669845581055,0.9791669845581055,31620000,2026-10-08
1999-04-15,0.8863372206687927,1.0458329916000366,1.0583330392837524,0.9666669964790344,1.0145829916000366,17037000,2026-10-08
1999-04-16,0.8580878376960754,1.0125000476837158,1.0291670560836792,0.9916669726371765,1.0270830392837524,8682000,2026-10-08
1999-04-19,0.8227754235267639,0.9708330035209656,1.0437500476837158,0.9541670083999634,1.0208330154418945,27783000,2026-10-08
1999-04-20,0.7927606105804443,0.9354169964790344,0.9916669726371765,0.9125000238418579,0.96875,25449000,2026-10-08
1999-04-21,0.8951660394668579,1.056249976158142,1.0750000476837158,0.9520829916000366,0.9541670083999634,31548000,2026-10-08
1999-04-22,0.9640247821807861,1.1375000476837158,1.1416670083999634,1.024999976158142,1.0750000476837158,27621000,2026-10-08
1999-04-23,1.0293519496917725,1.2145830392837524,1.2333329916000366,1.1583329439163208,1.1583329439163208,82431000,2026-10-08
1999-04-26,0.9675557017326355,1.1416670083999634,1.274999976158142,1.1333329677581787,1.225000023841858,16872000,2026-10-08
1999-04-27,0.9234155416488647,1.0895830392837524,1.162500023841858,1.0666669607162476,1.1583329439163208,20238000,2026-10-08
1999-04-28,0.9251813292503357,1.0916670560836792,1.1291669607162476,1.0625,1.0833330154418945,24186000,2026-10-08
1999-04-29,0.8863372206687927,1.0458329916000366,1.0791670083999634,1.0333329439163208,1.0750000476837158,24840000,2026-10-08
1999-04-30,0.8898688554763794,1.0499999523162842,1.0750000476837158,0.987500011920929,1.0625,18054000,2026-10-08
1999-05-03,0.8845720887184143,1.0437500476837158,1.0666669607162476,1.0333329439163208,1.0625,11703000,2026-10-08
1999-05-04,0.8669162392616272,1.0229170322418213,1.0625,1.0145829916000366,1.037500023841858,26577000,2026-10-08
1999-05-05,0.9498991966247559,1.1208330392837524,1.1375000476837158,1.0083329677581787,1.0187499523162842,25290000,2026-10-08
1999-05-06,0.932244062423706,1.100000023841858,1.149999976158142,1.0812499523162842,1.1083329916000366,15369000,2026-10-08
1999-05-07,0.9145879149436951,1.0791670083999634,1.134374976158142,1.0666669607162476,1.0916670560836792,19662000,2026-10-08
1999-05-10,0.8510257005691528,1.0041669607162476,1.068750023841858,0.9895830154418945,1.0666669607162476,40002000,2026-10-08
1999-05-11,0.8210099339485168,0.96875,1.0166670083999634,0.9645829796791077,1.0083329677581787,32985000,2026-10-08
1999-05-12,0.8633846640586853,1.0187499523162842,1.037500023841858,0.9666669964790344,0.9916669726371765,32265000,2026-10-08
1999-05-13,0.8969313502311707,1.0583330392837524,1.0895830392837524,1.03125,1.0416669845581055,26010000,2026-10-08
1999-05-14,0.8704471588134766,1.0270830392837524,1.0499999523162842,1.0125000476837158,1.0416669845581055,18030000,2026-10-08
1999-05-17,0.8510257005691528,1.0041669607162476,1.0166670083999634,0.9666669964790344,0.9916669726371765,25461000,2026-10-08
1999-05-18,0.8598530888557434,1.0145829916000366,1.0499999523162842,1.0,1.0041669607162476,21339000,2026-10-08
1999-05-19,0.9110564589500427,1.0750000476837158,1.087499976158142,1.0333329439163208,1.0541670322418213,38352000,2026-10-08
1999-05-20,0.8969313502311707,1.0583330392837524,1.0750000476837158,1.0291670560836792,1.0625,12558000,2026-10-08
1999-05-21,0.8633846640586853,1.0187499523162842,1.0604170560836792,1.0125000476837158,1.0541670322418213,23256000,2026-10-08
1999-05-24,0.8033541440963745,0.9479169845581055,1.0125000476837158,0.9395830035209656,1.0083329677581787,32292000,2026-10-08
1999-05-25,0.7909944653511047,0.9333329796791077,0.9833329916000366,0.918749988079071,0.9583330154418945,39351000,2026-10-08
1999-05-26,0.7662762403488159,0.9041669964790344,0.949999988079071,0.8687499761581421,0.9375,31890000,2026-10-08
1999-05-27,0.7786353826522827,0.918749988079071,0.9583330154418945,0.8833330273628235,0.8999999761581421,16842000,2026-10-08
1999-05-28,0.7839322686195374,0.925000011920929,0.9416670203208923,0.9083330035209656,0.9208329916000366,9180000,2026-10-08
1999-06-01,0.7980571985244751,0.9416670203208923,0.9583330154418945,0.8999999761581421,0.9166669845581055,42222000,2026-10-08
1999-06-02,0.8298381567001343,0.9791669845581055,0.9916669726371765,0.9416670203208923,0.9416670203208923,25551000,2026-10-08
1999-06-03,0.8121816515922546,0.9583330154418945,0.9791669845581055,0.9541670083999634,0.9791669845581055,19068000,2026-10-08
1999-06-04,0.8580878376960754,1.0125000476837158,1.0208330154418945,0.9666669964790344,0.9666669964790344,18009000,2026-10-08
1999-06-07,0.8563222885131836,1.0104169845581055,1.0291670560836792,1.0041669607162476,1.0166670083999634,18396000,2026-10-08
1999-06-08,0.9004624485969543,1.0625,1.0666669607162476,1.0125000476837158,1.0291670560836792,20061000,2026-10-08
1999-06-09,0.9852118492126465,1.162500023841858,1.1708329916000366,1.0541670322418213,1.0666669607162476,56559000,2026-10-08
1999-06-10,1.0028676986694336,1.1833330392837524,1.2000000476837158,1.1124999523162842,1.162500023841858,56775000,2026-10-08
1999-06-11,0.9940405488014221,1.1729170083999634,1.2041670083999634,1.1583329439163208,1.181249976158142,43302000,2026-10-08
1999-06-14,1.0116965770721436,1.193750023841858,1.2166670560836792,1.1708329916000366,1.1708329916000366,30723000,2026-10-08
1999-06-15,0.9746183753013611,1.149999976158142,1.2145830392837524,1.1291669607162476,1.1958329677581787,23466000,2026-10-08
1999-06-16,1.0169931650161743,1.2000000476837158,1.2000000476837158,1.1541670560836792,1.15625,33954000,2026-10-08
1999-06-17,1.1052738428115845,1.3041670322418213,1.306249976158142,1.1875,1.1875,63360000,2026-10-08
1999-06-18,1.1441171169281006,1.350000023841858,1.375,1.3333330154418945,1.337499976158142,89313000,2026-10-08
1999-06-21,1.1970854997634888,1.412500023841858,1.4291670322418213,1.3458329439163208,1.3541669845581055,40179000,2026-10-08
1999-06-22,1.1723663806915283,1.3833329677581787,1.443750023841858,1.3666670322418213,1.4083329439163208,29094000,2026-10-08
1999-06-23,1.188257098197937,1.4020830392837524,1.4083329439163208,1.3208329677581787,1.368749976158142,26022000,2026-10-08
1999-06-24,1.1511794328689575,1.3583329916000366,1.399999976158142,1.350000023841858,1.3875000476837158,44670000,2026-10-08
1999-06-25,1.1688356399536133,1.3791669607162476,1.3916670083999634,1.3541669845581055,1.3583329916000366,18759000,2026-10-08
1999-06-28,1.2094444036483765,1.4270830154418945,1.431249976158142,1.368749976158142,1.368749976158142,14667000,2026-10-08
1999-06-29,1.2712419033050537,1.5,1.5166670083999634,1.412500023841858,1.412500023841858,58041000,2026-10-08
1999-06-30,1.3189128637313843,1.556249976158142,1.5666669607162476,1.4791669845581055,1.4916670322418213,37224000,2026-10-08
1999-07-01,1.2429920434951782,1.4666670560836792,1.5583330392837524,1.4354170560836792,1.5583330392837524,29493000,2026-10-08
1999-07-02,1.258882761001587,1.4854170083999634,1.4916670322418213,1.4541670083999634,1.4729169607162476,18174000,2026-10-08
1999-07-06,1.264178991317749,1.4916670322418213,1.5458329916000366,1.4708329439163208,1.4874999523162842,26322000,2026-10-08
1999-07-07,1.2094444036483765,1.4270830154418945,1.4916670322418213,1.412500023841858,1.4916670322418213,19584000,2026-10-08
1999-07-08,1.288897156715393,1.5208330154418945,1.5333329439163208,1.431249976158142,1.4416669607162476,33579000,2026-10-08
1999-07-09,1.2712419033050537,1.5,1.524999976158142,1.4916670322418213,1.5229170322418213,9183000,2026-10-08
1999-07-12,1.2783035039901733,1.5083329677581787,1.5729169845581055,1.4874999523162842,1.524999976158142,23526000,2026-10-08
1999-07-13,1.264178991317749,1.4916670322418213,1.5041669607162476,1.4645830392837524,1.4895830154418945,32724000,2026-10-08
1999-07-14,1.4089590311050415,1.662500023841858,1.6666669845581055,1.5104169845581055,1.5104169845581055,111981000,2026-10-08
1999-07-15,1.3948339223861694,1.6458330154418945,1.65625,1.5916670560836792,1.649999976158142,44283000,2026-10-08
1999-07-16,1.4460368156433105,1.7062499523162842,1.7354170083999634,1.6333329677581787,1.6416670083999634,46053000,2026-10-08
1999-07-19,1.3860063552856445,1.6354169845581055,1.7166670560836792,1.6291669607162476,1.6916669607162476,22479000,2026-10-08
1999-07-20,1.3736461400985718,1.6208330392837524,1.6291669607162476,1.5625,1.6291669607162476,37767000,2026-10-08
1999-07-21,1.35245943069458,1.5958329439163208,1.649999976158142,1.5791670083999634,1.618749976158142,9924000,2026-10-08
1999-07-22,1.2924284934997559,1.524999976158142,1.5895830392837524,1.5104169845581055,1.5833330154418945,29388000,2026-10-08
1999-07-23,1.3365689516067505,1.5770829916000366,1.5791670083999634,1.53125,1.5333329439163208,14442000,2026-10-08
1999-07-26,1.2659447193145752,1.493749976158142,1.59375,1.4604170322418213,1.5770829916000366,30570000,2026-10-08
1999-07-27,1.317147135734558,1.5541670322418213,1.6041669845581055,1.5125000476837158,1.5166670083999634,30924000,2026-10-08
1999-07-28,1.3630529642105103,1.6083329916000366,1.6208330392837524,1.537500023841858,1.5520830154418945,18009000,2026-10-08
1999-07-29,1.3100847005844116,1.5458329916000366,1.6604169607162476,1.53125,1.587499976158142,41133000,2026-10-08
1999-07-30,1.5643327236175537,1.8458329439163208,1.8583329916000366,1.75,1.7541669607162476,242013000,2026-10-08
1999-08-02,1.5643327236175537,1.8458329439163208,1.9270830154418945,1.8166669607162476,1.8208329677581787,79218000,2026-10-08
1999-08-03,1.5819895267486572,1.8666670322418213,1.8833329677581787,1.8041670322418213,1.8583329916000366,56262000,2026-10-08
1999-08-04,1.530786395072937,1.806249976158142,1.8520829677581787,1.787500023841858,1.850000023841858,18528000,2026-10-08
1999-08-05,1.532551646232605,1.8083330392837524,1.8083330392837524,1.7395830154418945,1.7999999523162842,26103000,2026-10-08
1999-08-06,1.569629430770874,1.8520829677581787,1.875,1.7895829677581787,1.7937500476837158,37983000,2026-10-08
1999-08-09,1.574926495552063,1.8583329916000366,1.875,1.8229169845581055,1.8354170322418213,34632000,2026-10-08
1999-08-10,1.5819895267486572,1.8666670322418213,1.8729170560836792,1.7708330154418945,1.8520829677581787,33447000,2026-10-08
1999-08-11,1.6455518007278442,1.9416669607162476,1.9416669607162476,1.8562500476837158,1.868749976158142,26883000,2026-10-08
1999-08-12,1.5590358972549438,1.8395830392837524,1.9416669607162476,1.8208329677581787,1.9333330392837524,42744000,2026-10-08
1999-08-13,1.6826295852661133,1.9854170083999634,1.9895830154418945,1.7791670560836792,1.8708330392837524,62520000,2026-10-08
1999-08-16,1.631426453590393,1.9249999523162842,2.0,1.8666670322418213,1.9854170083999634,39747000,2026-10-08
1999-08-17,1.5855203866958618,1.8708330392837524,1.962499976158142,1.8104170560836792,1.943750023841858,32625000,2026-10-08
1999-08-18,1.4283808469772339,1.6854170560836792,1.806249976158142,1.6833330392837524,1.7958329916000366,86451000,2026-10-08
1999-08-19,1.4160211086273193,1.6708329916000366,1.7583329677581787,1.662500023841858,1.681249976158142,46521000,2026-10-08
1999-08-20,1.4089590311050415,1.662500023841858,1.71875,1.6145830154418945,1.6791670322418213,24426000,2026-10-08
1999-08-23,1.5184273719787598,1.7916669845581055,1.806249976158142,1.6749999523162842,1.6833330392837524,42849000,2026-10-08
1999-08-24,1.5802239179611206,1.8645830154418945,1.8833329677581787,1.7625000476837158,1.7916669845581055,38976000,2026-10-08
1999-08-25,1.5572707653045654,1.837499976158142,1.9041670560836792,1.7979170083999634,1.8875000476837158,25404000,2026-10-08
1999-08-26,1.5555055141448975,1.8354170322418213,1.875,1.8291670083999634,1.837499976158142,20628000,2026-10-08
1999-08-27,1.574926495552063,1.8583329916000366,1.8895829916000366,1.8125,1.8489580154418945,19923000,2026-10-08
1999-08-30,1.5343177318572998,1.8104170560836792,1.875,1.8041670322418213,1.8583329916000366,10440000,2026-10-08
1999-08-31,1.594348669052124,1.881250023841858,1.8875000476837158,1.8083330392837524,1.8104170560836792,31155000,2026-10-08
1999-09-01,1.6261295080184937,1.9187500476837158,1.9770829677581787,1.8895829916000366,1.8895829916000366,30345000,2026-10-08
1999-09-02,1.6225981712341309,1.9145829677581787,1.9375,1.8770829439163208,1.9041670560836792,26196000,2026-10-08
1999-09-03,1.7055821418762207,2.012500047683716,2.012500047683716,1.9208329916000366,1.9208329916000366,35043000,2026-10-08
1999-09-07,1.80975341796875,2.1354169845581055,2.1479170322418213,2.0,2.0,57501000,2026-10-08
1999-09-08,1.8150503635406494,2.141666889190674,2.1958329677581787,2.066667079925537,2.120832920074463,38901000,2026-10-08
1999-09-09,1.7903320789337158,2.112499952316284,2.1500000953674316,2.0645830631256104,2.141666889190674,11700000,2026-10-08
1999-09-10,1.7567849159240723,2.0729169845581055,2.174999952316284,2.0708329677581787,2.1500000953674316,29706000,2026-10-08
1999-09-13,1.633191704750061,1.9270830154418945,2.0687499046325684,1.9229170083999634,2.066667079925537,27597000,2026-10-08
1999-09-14,1.8450652360916138,2.1770830154418945,2.200000047683716,1.9333330392837524,1.9604170322418213,80049000,2026-10-08
1999-09-15,1.7391282320022583,2.0520830154418945,2.191667079925537,2.0416669845581055,2.191667079925537,49530000,2026-10-08
1999-09-16,1.7232383489608765,2.0333330631256104,2.1166670322418213,2.0208330154418945,2.0833330154418945,40443000,2026-10-08
1999-09-17,1.8026902675628662,2.1270830631256104,2.1541669368743896,2.0020830631256104,2.03125,28785000,2026-10-08
1999-09-20,1.8291752338409424,2.1583330631256104,2.1875,2.1229169368743896,2.1229169368743896,28923000,2026-10-08
1999-09-21,1.7567849159240723,2.0729169845581055,2.1458330154418945,2.0541670322418213,2.1458330154418945,18228000,2026-10-08
1999-09-22,1.7973932027816772,2.120832920074463,2.1458330154418945,1.993749976158142,2.075000047683716,25827000,2026-10-08
1999-09-23,1.7214725017547607,2.03125,2.1645829677581787,2.0291669368743896,2.1229169368743896,21546000,2026-10-08
1999-09-24,1.631426453590393,1.9249999523162842,2.0250000953674316,1.8666670322418213,2.0250000953674316,54669000,2026-10-08
1999-09-27,1.6773325204849243,1.9791669845581055,2.0291669368743896,1.931249976158142,1.9604170322418213,21537000,2026-10-08
1999-09-28,1.7214725017547607,2.03125,2.0416669845581055,1.9083329439163208,1.9791669845581055,23091000,2026-10-08
1999-09-29,1.7938635349273682,2.1166670322418213,2.1666669845581055,2.0208330154418945,2.0374999046325684,50748000,2026-10-08
1999-09-30,1.7232383489608765,2.0333330631256104,2.160417079925537,2.0229170322418213,2.1145830154418945,64959000,2026-10-08
1999-10-01,1.830941081047058,2.160417079925537,2.1875,2.0208330154418945,2.0208330154418945,58785000,2026-10-08
1999-10-04,1.8945027589797974,2.235416889190674,2.2520830631256104,2.137500047683716,2.1895830631256104,25869000,2026-10-08
1999-10-05,1.917456030845642,2.262500047683716,2.2750000953674316,2.1854169368743896,2.245832920074463,39558000,2026-10-08
1999-10-06,1.9668923616409302,2.3208329677581787,2.3333330154418945,2.237499952316284,2.2604169845581055,32232000,2026-10-08
1999-10-07,1.889205813407898,2.2291669845581055,2.3187499046325684,2.2104170322418213,2.3187499046325684,23214000,2026-10-08
1999-10-08,1.908627986907959,2.2520830631256104,2.3020830154418945,2.125,2.202083110809326,38538000,2026-10-08
1999-10-11,1.9633617401123047,2.316667079925537,2.329166889190674,2.2604169845581055,2.266666889190674,10809000,2026-10-08
1999-10-12,2.012799024581909,2.375,2.485416889190674,2.3666670322418213,2.3666670322418213,90468000,2026-10-08
1999-10-13,2.0339863300323486,2.4000000953674316,2.4375,2.3208329677581787,2.362499952316284,31527000,2026-10-08
1999-10-14,2.0851893424987793,2.4604170322418213,2.481250047683716,2.358333110809326,2.424999952316284,32049000,2026-10-08
1999-10-15,2.088719367980957,2.464582920074463,2.5,2.358333110809326,2.358333110809326,29346000,2026-10-08
1999-10-18,1.9951423406600952,2.3541669845581055,2.4749999046325684,2.329166889190674,2.464582920074463,38460000,2026-10-08
1999-10-19,2.023393154144287,2.387500047683716,2.483333110809326,2.3208329677581787,2.375,53109000,2026-10-08
1999-10-20,2.09578275680542,2.472917079925537,2.5083329677581787,2.329166889190674,2.4166669845581055,62958000,2026-10-08
1999-10-21,2.1770009994506836,2.5687499046325684,2.606250047683716,2.4166669845581055,2.4291670322418213,71847000,2026-10-08
1999-10-22,2.1222667694091797,2.504167079925537,2.670833110809326,2.481250047683716,2.6541669368743896,68322000,2026-10-08
1999-10-25,2.099313259124756,2.4770829677581787,2.597917079925537,2.4749999046325684,2.5208330154418945,56706000,2026-10-08
1999-10-26,2.2052502632141113,2.6020829677581787,2.637500047683716,2.4937500953674316,2.5,36990000,2026-10-08
1999-10-27,2.1575775146484375,2.545833110809326,2.5999999046325684,2.516666889190674,2.597917079925537,36450000,2026-10-08
1999-10-28,2.267047882080078,2.674999952316284,2.6791670322418213,2.5625,2.5999999046325684,29571000,2026-10-08
1999-10-29,2.385342597961426,2.8145830631256104,2.829166889190674,2.700000047683716,2.702083110809326,55239000,2026-10-08
1999-11-01,2.323546886444092,2.7416670322418213,2.8375000953674316,2.7416670322418213,2.797916889190674,24492000,2026-10-08
1999-11-02,2.3076565265655518,2.722917079925537,2.8145830631256104,2.6958329677581787,2.765625,27618000,2026-10-08
1999-11-03,2.440078020095825,2.879167079925537,2.90625,2.7604169845581055,2.762500047683716,67278000,2026-10-08
1999-11-04,2.4065306186676025,2.839582920074463,2.887500047683716,2.7874999046325684,2.8854169845581055,18750000,2026-10-08
1999-11-05,2.5089359283447266,2.9604170322418213,2.9791669845581055,2.8375000953674316,2.858333110809326,43707000,2026-10-08
1999-11-08,2.507169723510742,2.9583330154418945,3.004167079925537,2.924999952316284,2.9458329677581787,16401000,2026-10-08
1999-11-09,2.4647953510284424,2.9083330631256104,2.9979169368743896,2.870832920074463,2.985416889190674,22611000,2026-10-08
1999-11-10,2.5318894386291504,2.987499952316284,2.9916670322418213,2.9000000953674316,2.910417079925537,19479000,2026-10-08
1999-11-11,2.6131067276000977,3.0833330154418945,3.1166670322418213,3.0,3.0,30036000,2026-10-08
1999-11-12,2.616638422012329,3.0875000953674316,3.0875000953674316,2.952083110809326,3.0833330154418945,25296000,2026-10-08
1999-11-15,2.433014392852783,2.870832920074463,3.112499952316284,2.8458330631256104,3.112499952316284,51468000,2026-10-08
1999-11-16,2.4771556854248047,2.922916889190674,2.9791669845581055,2.8125,2.870832920074463,32643000,2026-10-08
1999-11-17,2.4012327194213867,2.8333330154418945,3.058332920074463,2.8229169845581055,2.952083110809326,49734000,2026-10-08
1999-11-18,2.339437484741211,2.7604169845581055,2.8499999046325684,2.6270830631256104,2.84375,69714000,2026-10-08
1999-11-19,2.2105469703674316,2.608333110809326,2.7791669368743896,2.6020829677581787,2.7479169368743896,64401000,2026-10-08
1999-11-22,2.27410888671875,2.683332920074463,2.683332920074463,2.5708329677581787,2.629167079925537,50784000,2026-10-08
1999-11-23,2.083423376083374,2.4583330154418945,2.672916889190674,2.4083330631256104,2.6666669845581055,102552000,2026-10-08
1999-11-24,2.1363911628723145,2.5208330154418945,2.589582920074463,2.441667079925537,2.5020830631256104,59742000,2026-10-08
1999-11-26,2.1575775146484375,2.545833110809326,2.6041669845581055,2.5291669368743896,2.558332920074463,11019000,2026-10-08
1999-11-29,2.1452198028564453,2.53125,2.5999999046325684,2.4791669845581055,2.577083110809326,36465000,2026-10-08
1999-11-30,2.192890167236328,2.5875000953674316,2.641666889190674,2.4916670322418213,2.5416669845581055,47196000,2026-10-08
1999-12-01,2.3977019786834717,2.829166889190674,2.8375000953674316,2.6041669845581055,2.612499952316284,74643000,2026-10-08
1999-12-02,2.4753897190093994,2.920833110809326,2.941667079925537,2.766666889190674,2.795833110809326,46266000,2026-10-08
1999-12-03,2.4647953510284424,2.9083330631256104,2.9770829677581787,2.875,2.9458329677581787,53079000,2026-10-08
1999-12-06,2.6660754680633545,3.1458330154418945,3.1666669845581055,2.839582920074463,2.8833329677581787,63210000,2026-10-08
1999-12-07,2.659013032913208,3.137500047683716,3.152082920074463,3.0395829677581787,3.1229169368743896,45558000,2026-10-08
1999-12-08,2.5530760288238525,3.012500047683716,3.141666889190674,2.9916670322418213,3.112499952316284,40371000,2026-10-08
1999-12-09,2.501873254776001,2.952083110809326,3.1500000953674316,2.9000000953674316,3.0875000953674316,56226000,2026-10-08
1999-12-10,2.468327045440674,2.9124999046325684,2.983333110809326,2.825000047683716,2.956249952316284,32043000,2026-10-08
1999-12-13,2.53718638420105,2.9937500953674316,3.0250000953674316,2.879167079925537,2.8979170322418213,23943000,2026-10-08
1999-12-14,2.3765151500701904,2.8041670322418213,3.0062499046325684,2.7916669845581055,2.985416889190674,36045000,2026-10-08
1999-12-15,2.4065306186676025,2.839582920074463,2.8854169845581055,2.674999952316284,2.8145830631256104,49815000,2026-10-08
1999-12-16,2.4895148277282715,2.9375,2.956249952316284,2.8499999046325684,2.8499999046325684,19266000,2026-10-08
1999-12-17,2.530123233795166,2.985416889190674,3.0833330154418945,2.9791669845581055,3.0229170322418213,24030000,2026-10-08
1999-12-20,3.0086045265197754,3.549999952316284,3.566667079925537,3.0416669845581055,3.0416669845581055,64434000,2026-10-08
1999-12-21,3.079228162765503,3.6333329677581787,3.6875,3.4083330631256104,3.514583110809326,48180000,2026-10-08
1999-12-22,3.1110100746154785,3.670833110809326,3.749479055404663,3.5833330154418945,3.6312499046325684,23562000,2026-10-08
1999-12-23,3.05804181098938,3.608333110809326,3.7125000953674316,3.566667079925537,3.6312499046325684,20601000,2026-10-08
1999-12-27,3.0651042461395264,3.6166670322418213,3.6541669368743896,3.495832920074463,3.6020829677581787,13218000,2026-10-08
1999-12-28,2.9715256690979004,3.5062499046325684,3.6031250953674316,3.464582920074463,3.6020829677581787,11559000,2026-10-08
1999-12-29,2.906198501586914,3.4291670322418213,3.495832920074463,3.389583110809326,3.4770829677581787,18783000,2026-10-08
1999-12-30,2.906198501586914,3.4291670322418213,3.454166889190674,3.3541669845581055,3.433332920074463,10596000,2026-10-08
1999-12-31,3.151618480682373,3.71875,3.7291669845581055,3.420833110809326,3.4291670322418213,14184000,2026-10-08
2000-01-03,3.1745715141296387,3.745832920074463,3.799999952316284,3.379167079925537,3.766666889190674,31839000,2026-10-08
2000-01-04,3.0368540287017822,3.5833330154418945,3.7166669368743896,3.5374999046325684,3.640625,32958000,2026-10-08
2000-01-05,2.9927144050598145,3.53125,3.6333329677581787,3.424999952316284,3.566667079925537,30948000,2026-10-08
2000-01-06,2.9715256690979004,3.5062499046325684,3.6333329677581787,3.433332920074463,3.4937500953674316,26421000,2026-10-08
2000-01-07,3.0156657695770264,3.558332920074463,3.575000047683716,3.316667079925537,3.516666889190674,36846000,2026-10-08
2000-01-10,3.17104172706604,3.7416670322418213,3.8333330154418945,3.5687499046325684,3.5708329677581787,56373000,2026-10-08
2000-01-11,3.1321966648101807,3.6958329677581787,3.9625000953674316,3.6666669845581055,3.691667079925537,42903000,2026-10-08
2000-01-12,3.220478057861328,3.799999952316284,3.875,3.5958330631256104,3.7249999046325684,51381000,2026-10-08
2000-01-13,3.2134158611297607,3.7916669845581055,3.8416669368743896,3.6958329677581787,3.8229169845581055,27291000,2026-10-08
2000-01-14,3.665411949157715,4.324999809265137,4.387499809265137,3.8666670322418213,3.8687500953674316,85572000,2026-10-08
2000-01-18,3.6636476516723633,4.3229169845581055,4.391666889190674,4.175000190734863,4.258333206176758,57048000,2026-10-08
2000-01-19,3.8525664806365967,4.545833110809326,4.625,4.179166793823242,4.34375,53298000,2026-10-08
2000-01-20,4.041488170623779,4.768750190734863,4.820833206176758,4.462500095367432,4.610416889190674,62409000,2026-10-08
2000-01-21,3.9249565601348877,4.631249904632568,4.985416889190674,4.497917175292969,4.983333110809326,75090000,2026-10-08
2000-01-24,3.7995975017547607,4.483333110809326,4.837500095367432,4.4583330154418945,4.829166889190674,45117000,2026-10-08
2000-01-25,3.894941568374634,4.595832824707031,4.6666669845581055,4.349999904632568,4.529167175292969,35952000,2026-10-08
2000-01-26,3.644225835800171,4.300000190734863,4.650000095367432,4.2916669845581055,4.5416669845581055,53598000,2026-10-08
2000-01-27,3.658351182937622,4.316667079925537,4.556250095367432,4.300000190734863,4.382291793823242,31500000,2026-10-08
2000-01-28,3.4994451999664307,4.129167079925537,4.366666793823242,4.0,4.314582824707031,31437000,2026-10-08
2000-01-31,3.5276944637298584,4.162499904632568,4.183332920074463,3.8979170322418213,4.081250190734863,43737000,2026-10-08
2000-02-01,3.711318254470825,4.379167079925537,4.393750190734863,4.0833330154418945,4.164583206176758,36750000,2026-10-08
2000-02-02,3.877285957336426,4.574999809265137,4.6041669845581055,4.314582824707031,4.381249904632568,30252000,2026-10-08
2000-02-03,3.960271120071411,4.672916889190674,4.704166889190674,4.456250190734863,4.589582920074463,32562000,2026-10-08
2000-02-04,3.8719890117645264,4.568749904632568,4.785417079925537,4.462500095367432,4.691667079925537,33432000,2026-10-08
2000-02-07,3.926722526550293,4.633333206176758,4.7291669845581055,4.529167175292969,4.608333110809326,29988000,2026-10-08
2000-02-08,3.923192262649536,4.629167079925537,4.714582920074463,4.533332824707031,4.683332920074463,28173000,2026-10-08
2000-02-09,3.8649277687072754,4.560417175292969,4.7708330154418945,4.477083206176758,4.558332920074463,28683000,2026-10-08
2000-02-10,4.066205978393555,4.797916889190674,4.824999809265137,4.452083110809326,4.556250095367432,26403000,2026-10-08
2000-02-11,3.960271120071411,4.672916889190674,4.808332920074463,4.579166889190674,4.745832920074463,22095000,2026-10-08
2000-02-14,4.0785675048828125,4.8125,4.8333330154418945,4.672916889190674,4.704166889190674,22113000,2026-10-08
2000-02-15,4.03972053527832,4.766666889190674,4.814582824707031,4.597917079925537,4.8125,23313000,2026-10-08
2000-02-16,4.015002250671387,4.737500190734863,5.0,4.7083330154418945,4.78125,45831000,2026-10-08
2000-02-17,4.124470233917236,4.866666793823242,4.8854169845581055,4.550000190734863,4.75,34023000,2026-10-08
2000-02-18,3.910832166671753,4.6145830154418945,4.900000095367432,4.566667079925537,4.8854169845581055,23664000,2026-10-08
2000-02-22,3.9249565601348877,4.631249904632568,4.724999904632568,4.308332920074463,4.5729169845581055,27831000,2026-10-08
2000-02-23,4.14212703704834,4.887499809265137,4.900000095367432,4.675000190734863,4.693749904632568,40659000,2026-10-08
2000-02-24,4.03972053527832,4.766666889190674,5.0,4.6354169845581055,4.922916889190674,32595000,2026-10-08
2000-02-25,3.884347915649414,4.5833330154418945,4.8333330154418945,4.5416669845581055,4.7708330154418945,30144000,2026-10-08
2000-02-28,3.900238275527954,4.602083206176758,4.683332920074463,4.375,4.5520830154418945,26040000,2026-10-08
2000-02-29,4.410501480102539,5.204166889190674,5.204166889190674,4.65625,4.65625,80604000,2026-10-08
2000-03-01,4.258657455444336,5.025000095367432,5.304166793823242,4.849999904632568,5.233333110809326,48906000,2026-10-08
2000-03-02,4.246298789978027,5.0104169845581055,5.137499809265137,4.933332920074463,5.050000190734863,39933000,2026-10-08
2000-03-03,4.288674831390381,5.060417175292969,5.266666889190674,4.974999904632568,5.066667079925537,51360000,2026-10-08
2000-03-06,4.276313781738281,5.045833110809326,5.212500095367432,5.008333206176758,5.070833206176758,23397000,2026-10-08
2000-03-07,4.293970584869385,5.066667079925537,5.300000190734863,5.0104169845581055,5.185417175292969,33201000,2026-10-08
2000-03-08,4.149190425872803,4.8958330154418945,5.139583110809326,4.779167175292969,5.139583110809326,27078000,2026-10-08
2000-03-09,4.495248794555664,5.304166793823242,5.320833206176758,4.827083110809326,4.868750095367432,30594000,2026-10-08
2000-03-10,4.588827133178711,5.414583206176758,5.5,5.204166889190674,5.233333110809326,53481000,2026-10-08
2000-03-13,4.36459493637085,5.150000095367432,5.389583110809326,5.0833330154418945,5.389583110809326,23886000,2026-10-08
2000-03-14,4.046786308288574,4.775000095367432,5.245832920074463,4.766666889190674,5.191667079925537,30153000,2026-10-08
2000-03-15,3.760756492614746,4.4375,4.797916889190674,4.420833110809326,4.797916889190674,40437000,2026-10-08
2000-03-16,3.7890045642852783,4.470832824707031,4.712500095367432,4.199999809265137,4.564582824707031,86247000,2026-10-08
2000-03-17,4.152722358703613,4.900000095367432,4.925000190734863,4.25,4.287499904632568,53232000,2026-10-08
2000-03-20,4.136830806732178,4.881249904632568,5.09375,4.800000190734863,4.875,27966000,2026-10-08
2000-03-21,4.110345840454102,4.849999904632568,4.949999809265137,4.59375,4.875,35978000,2026-10-08
2000-03-22,4.306329727172852,5.081250190734863,5.199999809265137,4.856249809265137,4.862500190734863,29732000,2026-10-08
2000-03-23,4.4228596687316895,5.21875,5.443749904632568,5.050000190734863,5.210937976837158,26430000,2026-10-08
2000-03-24,4.59765625,5.425000190734863,5.587500095367432,5.324999809265137,5.4375,49551000,2026-10-08
2000-03-27,4.491719722747803,5.300000190734863,5.612500190734863,5.262499809265137,5.581250190734863,19943000,2026-10-08
2000-03-28,4.226877212524414,4.987500190734863,5.431250095367432,4.925000190734863,5.349999904632568,15858000,2026-10-08
2000-03-29,3.84020733833313,4.53125,5.025000095367432,4.474999904632568,5.0,29948000,2026-10-08
2000-03-30,3.861396551132202,4.556250095367432,4.693749904632568,4.387499809265137,4.4375,42070000,2026-10-08
2000-03-31,3.819020986557007,4.506249904632568,4.862500190734863,4.324999809265137,4.856249809265137,22804000,2026-10-08
2000-04-03,3.3052279949188232,3.9000000953674316,4.525000095367432,3.8499999046325684,4.518750190734863,46526000,2026-10-08
2000-04-04,3.4694290161132812,4.09375,4.199999809265137,3.387500047683716,3.918750047683716,76294000,2026-10-08
2000-04-05,3.9196605682373047,4.625,5.0,3.950000047683716,3.9625000953674316,56805000,2026-10-08
2000-04-06,4.216282844543457,4.974999904632568,5.125,4.800000190734863,4.893750190734863,49794000,2026-10-08
2000-04-07,4.708890914916992,5.556250095367432,5.574999809265137,5.0,5.0,59677000,2026-10-08
2000-04-10,4.1739091873168945,4.925000190734863,5.681250095367432,4.824999809265137,5.681250095367432,38951000,2026-10-08
2000-04-11,4.195095062255859,4.949999809265137,5.25,4.699999809265137,4.793749809265137,43846000,2026-10-08
2000-04-12,4.025598049163818,4.75,5.181250095367432,4.6875,5.140625,29413000,2026-10-08
2000-04-13,3.6389288902282715,4.293749809265137,5.006249904632568,4.25,4.881249904632568,34665000,2026-10-08
2000-04-14,3.0933539867401123,3.6500000953674316,4.574999809265137,3.5999999046325684,4.25,39131000,2026-10-08
2000-04-17,3.6336307525634766,4.287499904632568,4.300000190734863,3.5999999046325684,3.637500047683716,52428000,2026-10-08
2000-04-18,4.14212703704834,4.887499809265137,4.912499904632568,4.237500190734863,4.425000190734863,56566000,2026-10-08
2000-04-19,3.6071481704711914,4.256249904632568,4.8125,4.118750095367432,4.8125,67115000,2026-10-08
2000-04-20,3.628335952758789,4.28125,4.412499904632568,4.043749809265137,4.300000190734863,28441000,2026-10-08
2000-04-24,3.389976739883423,4.0,4.212500095367432,3.731250047683716,3.875,37606000,2026-10-08
2000-04-25,3.5171010494232178,4.150000095367432,4.300000190734863,3.7874999046325684,4.206250190734863,75058000,2026-10-08
2000-04-26,3.3105247020721436,3.90625,4.349999904632568,3.8375000953674316,4.175000190734863,38539000,2026-10-08
2000-04-27,3.792536497116089,4.474999904632568,4.518750190734863,3.737499952316284,3.75,45371000,2026-10-08
2000-04-28,3.8878798484802246,4.587500095367432,4.724999904632568,4.474999904632568,4.525000095367432,31115000,2026-10-08
2000-05-01,3.7395682334899902,4.412499904632568,4.724999904632568,4.349999904632568,4.662499904632568,36535000,2026-10-08
2000-05-02,3.5859591960906982,4.231249809265137,4.587500095367432,4.206250190734863,4.362500190734863,33187000,2026-10-08
2000-05-03,3.3052279949188232,3.9000000953674316,4.224999904632568,3.762500047683716,4.212500095367432,37355000,2026-10-08
2000-05-04,3.2522590160369873,3.8375000953674316,4.050000190734863,3.8125,3.9937500953674316,33267000,2026-10-08
2000-05-05,3.389976739883423,4.0,4.099999904632568,3.875,3.90625,52749000,2026-10-08
2000-05-08,3.0668702125549316,3.6187500953674316,4.012499809265137,3.5999999046325684,3.9312500953674316,54476000,2026-10-08
2000-05-09,2.833808183670044,3.34375,3.8125,3.299999952316284,3.8125,57325000,2026-10-08
2000-05-10,2.7490594387054443,3.2437500953674316,3.575000047683716,3.206249952316284,3.28125,49491000,2026-10-08
2000-05-11,2.775543451309204,3.2750000953674316,3.5,3.206249952316284,3.3499999046325684,59902000,2026-10-08
2000-05-12,2.8285117149353027,3.3375000953674316,3.5999999046325684,3.331249952316284,3.3968749046325684,45682000,2026-10-08
2000-05-15,2.8973710536956787,3.418750047683716,3.4437499046325684,3.21875,3.4375,26533000,2026-10-08
2000-05-16,2.9662301540374756,3.5,3.6500000953674316,3.387500047683716,3.612499952316284,35733000,2026-10-08
2000-05-17,2.9079644680023193,3.4312500953674316,3.5999999046325684,3.362499952316284,3.4000000953674316,26898000,2026-10-08
2000-05-18,2.849698781967163,3.362499952316284,3.5250000953674316,3.325000047683716,3.5,19941000,2026-10-08
2000-05-19,2.57426381111145,3.0374999046325684,3.3375000953674316,2.9437499046325684,3.325000047683716,44672000,2026-10-08
2000-05-22,2.4948108196258545,2.9437499046325684,3.0687499046325684,2.674999952316284,3.0625,47236000,2026-10-08
2000-05-23,2.240562677383423,2.643749952316284,3.0875000953674316,2.637500047683716,2.831249952316284,59009000,2026-10-08
2000-05-24,2.298828125,2.7125000953674316,2.78125,2.325000047683716,2.625,113867000,2026-10-08
2000-05-25,2.3412024974823,2.762500047683716,2.9749999046325684,2.700000047683716,2.7750000953674316,78746000,2026-10-08
2000-05-26,2.3623902797698975,2.7874999046325684,2.9000000953674316,2.6624999046325684,2.8218750953674316,29875000,2026-10-08
2000-05-30,2.7172787189483643,3.206249952316284,3.231250047683716,2.9000000953674316,2.9000000953674316,44951000,2026-10-08
2000-05-31,2.7225756645202637,3.2125000953674316,3.424999952316284,3.0250000953674316,3.1859378814697266,53456000,2026-10-08
2000-06-01,3.056276321411133,3.606250047683716,3.706249952316284,3.3499999046325684,3.362499952316284,65961000,2026-10-08
2000-06-02,3.4376485347747803,4.056250095367432,4.212500095367432,3.950000047683716,3.9749999046325684,69553000,2026-10-08
2000-06-05,3.2999303340911865,3.893749952316284,4.118750095367432,3.799999952316284,4.025000095367432,36246000,2026-10-08
2000-06-06,3.151618480682373,3.71875,4.037499904632568,3.674999952316284,3.859375,43464000,2026-10-08
2000-06-07,3.289337635040283,3.8812499046325684,3.887500047683716,3.6624999046325684,3.7874999046325684,29411000,2026-10-08
2000-06-08,3.3846795558929443,3.9937500953674316,4.224999904632568,3.9000000953674316,3.9000000953674316,41234000,2026-10-08
2000-06-09,3.532991409301758,4.168749809265137,4.256249904632568,4.137499809265137,4.181250095367432,26607000,2026-10-08
2000-06-12,3.363492727279663,3.96875,4.262499809265137,3.9312500953674316,4.256249904632568,24396000,2026-10-08
2000-06-13,3.4270548820495605,4.043749809265137,4.09375,3.8062500953674316,3.9625000953674316,20861000,2026-10-08
2000-06-14,3.2734458446502686,3.862499952316284,4.084374904632568,3.856250047683716,4.084374904632568,20869000,2026-10-08
2000-06-15,3.2363688945770264,3.8187499046325684,3.9124999046325684,3.7437500953674316,3.90625,20059000,2026-10-08
2000-06-16,3.352898120880127,3.956249952316284,4.012499809265137,3.75,3.84375,29940000,2026-10-08
2000-06-19,3.728976249694824,4.400000095367432,4.474999904632568,3.9437499046325684,3.950000047683716,45608000,2026-10-08
2000-06-20,3.6389288902282715,4.293749809265137,4.599999904632568,4.199999809265137,4.449999809265137,50969000,2026-10-08
2000-06-21,3.685276746749878,4.348437786102295,4.443749904632568,4.143750190734863,4.206250190734863,27860000,2026-10-08
2000-06-22,3.5594754219055176,4.199999809265137,4.449999809265137,4.1875,4.337500095367432,25222000,2026-10-08
2000-06-23,3.4429450035095215,4.0625,4.25,4.025000095367432,4.246874809265137,14701000,2026-10-08
2000-06-26,3.4111642837524414,4.025000095367432,4.168749809265137,3.9375,4.125,17322000,2026-10-08
2000-06-27,3.2840397357940674,3.875,4.131249904632568,3.799999952316284,4.018750190734863,27320000,2026-10-08
2000-06-28,3.405867576599121,4.018750190734863,4.162499904632568,3.8499999046325684,3.9625000953674316,25675000,2026-10-08
2000-06-29,3.188697338104248,3.762500047683716,3.9749999046325684,3.737499952316284,3.9625000953674316,28673000,2026-10-08
2000-06-30,3.1781036853790283,3.75,3.875,3.581249952316284,3.875,74271000,2026-10-08
2000-07-03,3.3211188316345215,3.918750047683716,3.9375,3.700000047683716,3.7750000953674316,10152000,2026-10-08
2000-07-05,2.743762731552124,3.237499952316284,3.75,3.200000047683716,3.706249952316284,66630000,2026-10-08
2000-07-06,2.9768238067626953,3.512500047683716,3.5562500953674316,3.299999952316284,3.34375,43460000,2026-10-08
2000-07-07,3.103947877883911,3.6624999046325684,3.7249999046325684,3.581249952316284,3.7125000953674316,39072000,2026-10-08
2000-07-10,3.1251354217529297,3.6875,3.825000047683716,3.65625,3.65625,37363000,2026-10-08
2000-07-11,3.019197940826416,3.5625,4.0,3.4937500953674316,3.700000047683716,47264000,2026-10-08
2000-07-12,3.050978183746338,3.5999999046325684,3.700000047683716,3.549999952316284,3.700000047683716,49461000,2026-10-08
2000-07-13,3.0721662044525146,3.625,3.7562499046325684,3.59375,3.6875,31644000,2026-10-08
2000-07-14,3.2151806354522705,3.793750047683716,3.8062500953674316,3.5999999046325684,3.700000047683716,25161000,2026-10-08
2000-07-17,3.3581955432891846,3.9625000953674316,4.018750190734863,3.7874999046325684,3.796875,44224000,2026-10-08
2000-07-18,2.9980111122131348,3.5374999046325684,3.9124999046325684,3.5,3.90625,67500000,2026-10-08
2000-07-19,2.648419141769409,3.125,3.518749952316284,3.112499952316284,3.512500047683716,91155000,2026-10-08
2000-07-20,2.4524364471435547,2.893749952316284,3.2437500953674316,2.825000047683716,3.2125000953674316,152091000,2026-10-08
2000-07-21,2.224672555923462,2.625,2.924999952316284,2.606250047683716,2.887500047683716,142357000,2026-10-08
2000-07-24,2.3782808780670166,2.8062500953674316,2.8812499046325684,2.6875,2.7437500953674316,74185000,2026-10-08
2000-07-25,2.5212953090667725,2.9749999046325684,3.012500047683716,2.8125,2.9375,55963000,2026-10-08
2000-07-26,2.4365458488464355,2.875,2.96875,2.700000047683716,2.96875,63378000,2026-10-08
2000-07-27,2.298828125,2.7125000953674316,2.799999952316284,2.5999999046325684,2.731250047683716,70600000,2026-10-08
2000-07-28,2.372983932495117,2.799999952316284,2.90625,2.674999952316284,2.7750000953674316,42644000,2026-10-08
2000-07-31,2.478919506072998,2.924999952316284,2.9625000953674316,2.7874999046325684,2.9312500953674316,32864000,2026-10-08
2000-08-01,2.339878559112549,2.7609379291534424,2.987499952316284,2.737499952316284,2.956249952316284,24135000,2026-10-08
2000-08-02,2.3412024974823,2.762500047683716,2.887500047683716,2.7125000953674316,2.768749952316284,18347000,2026-10-08
2000-08-03,1.9492367506027222,2.299999952316284,2.512500047683716,2.125,2.5062499046325684,217669000,2026-10-08
2000-08-04,2.012799024581909,2.375,2.418750047683716,2.174999952316284,2.393749952316284,73839000,2026-10-08
2000-08-07,1.9585071802139282,2.3109378814697266,2.450000047683716,2.28125,2.362499952316284,59474000,2026-10-08
2000-08-08,1.9280495643615723,2.2750000953674316,2.34375,2.2437500953674316,2.299999952316284,45062000,2026-10-08
2000-08-09,1.9651275873184204,2.3187499046325684,2.3687500953674316,2.2750000953674316,2.3499999046325684,60794000,2026-10-08
2000-08-10,1.8327059745788574,2.1624999046325684,2.299999952316284,2.1312499046325684,2.293750047683716,67825000,2026-10-08
2000-08-11,1.8591904640197754,2.1937499046325684,2.200000047683716,1.962499976158142,2.112499952316284,43301000,2026-10-08
2000-08-14,2.028688669204712,2.393749952316284,2.4437499046325684,2.200000047683716,2.2249999046325684,52996000,2026-10-08
2000-08-15,2.2034850120544434,2.5999999046325684,2.6875,2.424999952316284,2.450000047683716,89177000,2026-10-08
2000-08-16,2.256453037261963,2.6624999046325684,2.7750000953674316,2.637500047683716,2.6937499046325684,61519000,2026-10-08
2000-08-17,2.3623902797698975,2.7874999046325684,2.825000047683716,2.549999952316284,2.659374952316284,56136000,2026-10-08
2000-08-18,2.484217405319214,2.9312500953674316,2.987499952316284,2.799999952316284,2.84375,70930000,2026-10-08
2000-08-21,2.4206552505493164,2.856250047683716,2.987499952316284,2.700000047683716,2.9749999046325684,48114000,2026-10-08
2000-08-22,2.3517963886260986,2.7750000953674316,2.875,2.7249999046325684,2.875,40941000,2026-10-08
2000-08-23,2.5636696815490723,3.0250000953674316,3.075000047683716,2.71875,2.75,50097000,2026-10-08
2000-08-24,2.510701894760132,2.9625000953674316,3.09375,2.924999952316284,3.081249952316284,32944000,2026-10-08
2000-08-25,2.5265917778015137,2.981250047683716,3.049999952316284,2.9437499046325684,2.950000047683716,19961000,2026-10-08
2000-08-28,2.5636696815490723,3.0250000953674316,3.137500047683716,2.9749999046325684,3.0,32242000,2026-10-08
2000-08-29,2.6802000999450684,3.1624999046325684,3.174999952316284,3.0,3.059375047683716,37639000,2026-10-08
2000-08-30,2.4895148277282715,2.9375,3.15625,2.90625,3.1500000953674316,53708000,2026-10-08
2000-08-31,2.5530760288238525,3.012500047683716,3.0625,2.956249952316284,2.9625000953674316,35532000,2026-10-08
2000-09-01,2.6378257274627686,3.112499952316284,3.168750047683716,3.0250000953674316,3.0687499046325684,39086000,2026-10-08
2000-09-05,2.463029384613037,2.90625,3.106250047683716,2.9000000953674316,3.106250047683716,31208000,2026-10-08
2000-09-06,2.298828125,2.7125000953674316,2.825000047683716,2.625,2.799999952316284,55933000,2026-10-08
2000-09-07,2.425952434539795,2.862499952316284,2.9000000953674316,2.6624999046325684,2.7125000953674316,45637000,2026-10-08
2000-09-08,2.2776405811309814,2.6875,2.799999952316284,2.6624999046325684,2.78125,33273000,2026-10-08
2000-09-11,2.2034850120544434,2.5999999046325684,2.799999952316284,2.581249952316284,2.6937499046325684,39509000,2026-10-08
2000-09-12,2.1081414222717285,2.487499952316284,2.625,2.4749999046325684,2.575000047683716,47735000,2026-10-08
2000-09-13,2.1399223804473877,2.5250000953674316,2.5374999046325684,2.362499952316284,2.4124999046325684,47922000,2026-10-08
2000-09-14,2.1187357902526855,2.5,2.6500000953674316,2.450000047683716,2.6312499046325684,63289000,2026-10-08
2000-09-15,2.028688669204712,2.393749952316284,2.4749999046325684,2.375,2.4625000953674316,27722000,2026-10-08
2000-09-18,1.9969077110290527,2.356250047683716,2.5062499046325684,2.34375,2.450000047683716,38140000,2026-10-08
2000-09-19,2.1717042922973633,2.5625,2.581249952316284,2.362499952316284,2.418750047683716,46826000,2026-10-08
2000-09-20,2.1717042922973633,2.5625,2.643749952316284,2.4312500953674316,2.581249952316284,53221000,2026-10-08
2000-09-21,2.028688669204712,2.393749952316284,2.549999952316284,2.3499999046325684,2.543750047683716,37940000,2026-10-08
2000-09-22,1.9757206439971924,2.331249952316284,2.34375,2.174999952316284,2.1937499046325684,55132000,2026-10-08
2000-09-25,1.8327059745788574,2.1624999046325684,2.4000000953674316,2.1500000953674316,2.4000000953674316,38565000,2026-10-08
2000-09-26,1.8856744766235352,2.2249999046325684,2.3499999046325684,2.168750047683716,2.3499999046325684,75211000,2026-10-08
2000-09-27,1.890971302986145,2.231250047683716,2.299999952316284,2.1500000953674316,2.299999952316284,47517000,2026-10-08
2000-09-28,1.8591904640197754,2.1937499046325684,2.268749952316284,2.137500047683716,2.200000047683716,72239000,2026-10-08
2000-09-29,1.774440884590149,2.09375,2.168750047683716,2.0,2.168750047683716,61543000,2026-10-08
2000-10-02,1.9280495643615723,2.2750000953674316,2.325000047683716,2.1187500953674316,2.1624999046325684,152668000,2026-10-08
2000-10-03,1.8697841167449951,2.206249952316284,2.3687500953674316,2.1875,2.2874999046325684,55188000,2026-10-08
2000-10-04,2.0075011253356934,2.3687500953674316,2.393749952316284,2.2125000953674316,2.2125000953674316,23414000,2026-10-08
2000-10-05,1.8591904640197754,2.1937499046325684,2.375,2.1624999046325684,2.356250047683716,51266000,2026-10-08
2000-10-06,1.774440884590149,2.09375,2.200000047683716,2.075000047683716,2.171875,21452000,2026-10-08
2000-10-09,1.8327059745788574,2.1624999046325684,2.1875,2.0,2.096874952316284,39873000,2026-10-08
2000-10-10,1.6261295080184937,1.9187500476837158,2.15625,1.912500023841858,2.09375,52757000,2026-10-08
2000-10-11,1.5784578323364258,1.8624999523162842,2.0,1.7999999523162842,1.899999976158142,51648000,2026-10-08
2000-10-12,1.525489091873169,1.7999999523162842,2.049999952316284,1.75,2.0,68600000,2026-10-08
2000-10-13,1.6473172903060913,1.943750023841858,2.0,1.7937500476837158,1.8250000476837158,114499000,2026-10-08
2000-10-16,1.5890518426895142,1.875,1.975000023841858,1.84375,1.975000023841858,41729000,2026-10-08
2000-10-17,1.3453967571258545,1.587499976158142,1.8875000476837158,1.524999976158142,1.8875000476837158,145656000,2026-10-08
2000-10-18,1.3189128637313843,1.556249976158142,1.7374999523162842,1.3937499523162842,1.5,92934000,2026-10-08
2000-10-19,1.514896035194397,1.787500023841858,1.837499976158142,1.6437499523162842,1.7000000476837158,104691000,2026-10-08
2000-10-20,1.631426453590393,1.9249999523162842,1.9375,1.75,1.787500023841858,47103000,2026-10-08
2000-10-23,1.6526139974594116,1.9500000476837158,2.043750047683716,1.912500023841858,1.9249999523162842,36741000,2026-10-08
2000-10-24,1.525489091873169,1.7999999523162842,1.912500023841858,1.75,1.90625,36611000,2026-10-08
2000-10-25,1.43014657497406,1.6875,1.7999999523162842,1.6687500476837158,1.712499976158142,31575000,2026-10-08
2000-10-26,1.4990055561065674,1.7687499523162842,1.8312499523162842,1.6749999523162842,1.693750023841858,41427000,2026-10-08
2000-10-27,1.461927056312561,1.725000023841858,1.837499976158142,1.7062499523162842,1.8250000476837158,23095000,2026-10-08
2000-10-30,1.509598970413208,1.78125,1.8125,1.7062499523162842,1.725000023841858,25407000,2026-10-08
2000-10-31,1.6420198678970337,1.9375,1.9500000476837158,1.8250000476837158,1.850000023841858,42210000,2026-10-08
2000-11-01,1.5784578323364258,1.8624999523162842,1.9249999523162842,1.774999976158142,1.8250000476837158,34486000,2026-10-08
2000-11-02,1.6208328008651733,1.912500023841858,2.0,1.8937499523162842,1.899999976158142,61720000,2026-10-08
2000-11-03,1.631426453590393,1.9249999523162842,1.9249999523162842,1.84375,1.8875000476837158,21007000,2026-10-08
2000-11-06,1.583754539489746,1.868749976158142,1.943750023841858,1.8562500476837158,1.943750023841858,20791000,2026-10-08
2000-11-07,1.530786395072937,1.806249976158142,1.84375,1.774999976158142,1.8312499523162842,17640000,2026-10-08
2000-11-08,1.472521185874939,1.7374999523162842,1.818750023841858,1.7374999523162842,1.8093750476837158,12703000,2026-10-08
2000-11-09,1.461927056312561,1.725000023841858,1.818750023841858,1.649999976158142,1.681249976158142,23031000,2026-10-08
2000-11-10,1.371881365776062,1.618749976158142,1.7000000476837158,1.618749976158142,1.7000000476837158,13707000,2026-10-08
2000-11-13,1.43014657497406,1.6875,1.75,1.5625,1.5812499523162842,23504000,2026-10-08
2000-11-14,1.4778180122375488,1.743749976158142,1.7687499523162842,1.7062499523162842,1.743749976158142,21836000,2026-10-08
2000-11-15,1.573161244392395,1.8562500476837158,1.9375,1.756250023841858,1.7781250476837158,36906000,2026-10-08
2000-11-16,1.514896035194397,1.787500023841858,1.90625,1.774999976158142,1.850000023841858,16747000,2026-10-08
2000-11-17,1.4990055561065674,1.7687499523162842,1.84375,1.7625000476837158,1.818750023841858,13548000,2026-10-08
2000-11-20,1.4831150770187378,1.75,1.818750023841858,1.7062499523162842,1.75,22068000,2026-10-08
2000-11-21,1.4089590311050415,1.662500023841858,1.787500023841858,1.6124999523162842,1.7625000476837158,22100000,2026-10-08
2000-11-22,1.3771781921386719,1.625,1.7312500476837158,1.6124999523162842,1.6375000476837158,28004000,2026-10-08
2000-11-24,1.5043022632598877,1.774999976158142,1.774999976158142,1.6749999523162842,1.71875,9619000,2026-10-08
2000-11-27,1.525489091873169,1.7999999523162842,1.875,1.756250023841858,1.806249976158142,30265000,2026-10-08
2000-11-28,1.3334791660308838,1.573438048362732,1.774999976158142,1.5625,1.7687499523162842,35324000,2026-10-08
2000-11-29,1.3136162757873535,1.5499999523162842,1.6124999523162842,1.4812500476837158,1.600000023841858,56725000,2026-10-08
2000-11-30,1.2712419033050537,1.5,1.5499999523162842,1.3875000476837158,1.4562499523162842,40570000,2026-10-08
2000-12-01,1.255350947380066,1.4812500476837158,1.5625,1.4500000476837158,1.5,40410000,2026-10-08
2000-12-04,1.255350947380066,1.4812500476837158,1.537500023841858,1.4500000476837158,1.4874999523162842,24403000,2026-10-08
2000-12-05,1.3983653783798218,1.649999976158142,1.65625,1.5125000476837158,1.53125,42751000,2026-10-08
2000-12-06,1.4089590311050415,1.662500023841858,1.7374999523162842,1.625,1.6749999523162842,36682000,2026-10-08
2000-12-07,1.371881365776062,1.618749976158142,1.65625,1.556249976158142,1.65625,20018000,2026-10-08
2000-12-08,1.6208328008651733,1.912500023841858,1.9249999523162842,1.662500023841858,1.6687500476837158,83704000,2026-10-08
2000-12-11,1.6949883699417114,2.0,2.0250000953674316,1.8624999523162842,1.9375,43867000,2026-10-08
2000-12-12,1.530786395072937,1.806249976158142,1.9187500476837158,1.78125,1.9187500476837158,22087000,2026-10-08
2000-12-13,1.4036622047424316,1.65625,1.774999976158142,1.6124999523162842,1.712499976158142,84033000,2026-10-08
2000-12-14,1.329506516456604,1.568750023841858,1.71875,1.5625,1.649999976158142,31167000,2026-10-08
2000-12-15,1.2487300634384155,1.473438024520874,1.59375,1.462499976158142,1.587499976158142,62900000,2026-10-08
2000-12-18,1.228866696357727,1.4500000476837158,1.537500023841858,1.412500023841858,1.506250023841858,78019000,2026-10-08
2000-12-19,1.2606476545333862,1.4874999523162842,1.6124999523162842,1.431249976158142,1.462499976158142,34949000,2026-10-08
2000-12-20,1.1811951398849487,1.3937499523162842,1.462499976158142,1.375,1.412500023841858,44441000,2026-10-08
2000-12-21,1.1600078344345093,1.368749976158142,1.5,1.2999999523162842,1.3937499523162842,42283000,2026-10-08
2000-12-22,1.2924284934997559,1.524999976158142,1.53125,1.375,1.375,34141000,2026-10-08
2000-12-26,1.228866696357727,1.4500000476837158,1.556249976158142,1.40625,1.537500023841858,23543000,2026-10-08
2000-12-27,1.228866696357727,1.4500000476837158,1.524999976158142,1.412500023841858,1.4500000476837158,47402000,2026-10-08
2000-12-28,1.287131905555725,1.5187499523162842,1.5499999523162842,1.4500000476837158,1.453125,31227000,2026-10-08
2000-12-29,1.228866696357727,1.4500000476837158,1.5499999523162842,1.443750023841858,1.4874999523162842,26387000,2026-10-08
2001-01-02,1.2182729244232178,1.4375,1.53125,1.4187500476837158,1.493749976158142,27607000,2026-10-08
2001-01-03,1.461927056312561,1.725000023841858,1.725000023841858,1.431249976158142,1.431249976158142,75989000,2026-10-08
2001-01-04,1.5413800477981567,1.818750023841858,1.931249976158142,1.6875,1.7000000476837158,86263000,2026-10-08
2001-01-05,1.5519739389419556,1.8312499523162842,1.9375,1.787500023841858,1.8250000476837158,92081000,2026-10-08
2001-01-08,1.632751226425171,1.926563024520874,1.9375,1.7687499523162842,1.8250000476837158,49040000,2026-10-08
2001-01-09,1.6049423217773438,1.8937499523162842,1.962499976158142,1.837499976158142,1.953125,48891000,2026-10-08
2001-01-10,1.6896917819976807,1.993749976158142,2.0374999046325684,1.774999976158142,1.774999976158142,61638000,2026-10-08
2001-01-11,1.8591904640197754,2.1937499046325684,2.262500047683716,1.9562499523162842,1.9656250476837158,83374000,2026-10-08
2001-01-12,1.7532538175582886,2.0687499046325684,2.268749952316284,2.0625,2.1937499046325684,66401000,2026-10-08
2001-01-16,1.7108790874481201,2.018749952316284,2.112499952316284,1.962499976158142,2.0625,39161000,2026-10-08
2001-01-17,1.9121588468551636,2.2562499046325684,2.4000000953674316,2.231250047683716,2.2562499046325684,131281000,2026-10-08
2001-01-18,1.9545342922210693,2.3062500953674316,2.3812499046325684,2.174999952316284,2.268749952316284,53659000,2026-10-08
2001-01-19,1.9280495643615723,2.2750000953674316,2.387500047683716,2.2249999046325684,2.362499952316284,44251000,2026-10-08
2001-01-22,1.8432996273040771,2.174999952316284,2.2562499046325684,2.1500000953674316,2.237499952316284,23384000,2026-10-08
2001-01-23,1.8750814199447632,2.2125000953674316,2.2249999046325684,2.0875000953674316,2.1312499046325684,44498000,2026-10-08
2001-01-24,2.1028454303741455,2.481250047683716,2.487499952316284,2.3687500953674316,2.387500047683716,123971000,2026-10-08
2001-01-25,2.0075011253356934,2.3687500953674316,2.5250000953674316,2.3187499046325684,2.456249952316284,67596000,2026-10-08
2001-01-26,1.970423698425293,2.325000047683716,2.40625,2.262500047683716,2.268749952316284,44872000,2026-10-08
2001-01-29,2.0869545936584473,2.4625000953674316,2.46875,2.2750000953674316,2.3125,25719000,2026-10-08
2001-01-30,2.1664071083068848,2.5562500953674316,2.637500047683716,2.4312500953674316,2.4312500953674316,42301000,2026-10-08
2001-01-31,2.240562677383423,2.643749952316284,2.700000047683716,2.53125,2.549999952316284,56404000,2026-10-08
2001-02-01,2.2511556148529053,2.65625,2.6937499046325684,2.549999952316284,2.606250047683716,33502000,2026-10-08
2001-02-02,2.1081414222717285,2.487499952316284,2.6875,2.4749999046325684,2.6500000953674316,29697000,2026-10-08
2001-02-05,1.9757206439971924,2.331249952316284,2.424999952316284,2.2874999046325684,2.4124999046325684,29526000,2026-10-08
2001-02-06,1.9545342922210693,2.3062500953674316,2.450000047683716,2.2750000953674316,2.331249952316284,36890000,2026-10-08
2001-02-07,1.890971302986145,2.231250047683716,2.299999952316284,2.1312499046325684,2.2750000953674316,34498000,2026-10-08
2001-02-08,1.880378246307373,2.21875,2.3125,2.1875,2.237499952316284,29511000,2026-10-08
2001-02-09,1.8591904640197754,2.1937499046325684,2.28125,2.168750047683716,2.200000047683716,24428000,2026-10-08
2001-02-12,1.9280495643615723,2.2750000953674316,2.3187499046325684,2.1875,2.2125000953674316,25404000,2026-10-08
2001-02-13,1.8432996273040771,2.174999952316284,2.3187499046325684,2.1624999046325684,2.2874999046325684,22183000,2026-10-08
2001-02-14,2.0657670497894287,2.4375,2.518749952316284,2.1875,2.1937499046325684,69006000,2026-10-08
2001-02-15,2.214077949523926,2.612499952316284,2.674999952316284,2.4937500953674316,2.5062499046325684,48698000,2026-10-08
2001-02-16,2.1452198028564453,2.53125,2.5562500953674316,2.387500047683716,2.481250047683716,41725000,2026-10-08
2001-02-20,2.060469627380371,2.4312500953674316,2.59375,2.393749952316284,2.53125,36309000,2026-10-08
2001-02-21,2.002204656600952,2.362499952316284,2.546875,2.2874999046325684,2.331249952316284,49170000,2026-10-08
2001-02-22,2.0763611793518066,2.450000047683716,2.5250000953674316,2.28125,2.356250047683716,49924000,2026-10-08
2001-02-23,2.0869545936584473,2.4625000953674316,2.46875,2.2249999046325684,2.4375,38101000,2026-10-08
2001-02-26,2.0339863300323486,2.4000000953674316,2.46875,2.3499999046325684,2.46875,31457000,2026-10-08
2001-02-27,1.9492367506027222,2.299999952316284,2.424999952316284,2.2750000953674316,2.34375,34036000,2026-10-08
2001-02-28,1.8221129179000854,2.1500000953674316,2.3125,2.0875000953674316,2.299999952316284,56395000,2026-10-08
2001-03-01,1.906861424446106,2.25,2.262500047683716,1.9187500476837158,1.9812500476837158,73661000,2026-10-08
2001-03-02,1.9280495643615723,2.2750000953674316,2.4124999046325684,2.137500047683716,2.1624999046325684,51609000,2026-10-08
2001-03-05,2.0922510623931885,2.46875,2.4749999046325684,2.299999952316284,2.3125,49931000,2026-10-08
2001-03-06,2.2458598613739014,2.6500000953674316,2.75,2.5,2.5,79320000,2026-10-08
2001-03-07,2.272343397140503,2.6812500953674316,2.692188024520874,2.53125,2.6500000953674316,53318000,2026-10-08
2001-03-08,2.2829372882843018,2.6937499046325684,2.731250047683716,2.581249952316284,2.674999952316284,41359000,2026-10-08
2001-03-09,2.0922510623931885,2.46875,2.612499952316284,2.4625000953674316,2.59375,34168000,2026-10-08
2001-03-12,2.055172920227051,2.424999952316284,2.549999952316284,2.362499952316284,2.375,43702000,2026-10-08
2001-03-13,2.170379161834717,2.5609378814697266,2.5999999046325684,2.4312500953674316,2.4437499046325684,62473000,2026-10-08
2001-03-14,2.1875951290130615,2.581249952316284,2.7125000953674316,2.450000047683716,2.4749999046325684,46953000,2026-10-08
2001-03-15,2.07106351852417,2.4437499046325684,2.7125000953674316,2.4124999046325684,2.68906307220459,30464000,2026-10-08
2001-03-16,1.9439399242401123,2.293750047683716,2.424999952316284,2.25,2.387500047683716,42894000,2026-10-08
2001-03-19,2.055172920227051,2.424999952316284,2.4312500953674316,2.2125000953674316,2.299999952316284,30269000,2026-10-08
2001-03-20,2.012799024581909,2.375,2.5374999046325684,2.375,2.4124999046325684,45124000,2026-10-08
2001-03-21,2.0763611793518066,2.450000047683716,2.612499952316284,2.3812499046325684,2.3812499046325684,63848000,2026-10-08
2001-03-22,2.3663620948791504,2.7921879291534424,2.799999952316284,2.5250000953674316,2.53125,80606000,2026-10-08
2001-03-23,2.4948108196258545,2.9437499046325684,3.012500047683716,2.8125,2.956249952316284,116280000,2026-10-08
2001-03-26,2.3676862716674805,2.793750047683716,3.0,2.762500047683716,2.950000047683716,52843000,2026-10-08
2001-03-27,2.383578300476074,2.8125,2.9625000953674316,2.731250047683716,2.737499952316284,45240000,2026-10-08
2001-03-28,2.256453037261963,2.6624999046325684,2.8812499046325684,2.637500047683716,2.762500047683716,46586000,2026-10-08
2001-03-29,2.182297468185425,2.575000047683716,2.770313024520874,2.512500047683716,2.6312499046325684,50087000,2026-10-08
2001-03-30,2.012799024581909,2.375,2.5250000953674316,2.2874999046325684,2.5250000953674316,92219000,2026-10-08
2001-04-02,1.8380032777786255,2.168750047683716,2.4437499046325684,2.1312499046325684,2.3375000953674316,50192000,2026-10-08
2001-04-03,1.7903320789337158,2.112499952316284,2.21875,2.049999952316284,2.1500000953674316,66721000,2026-10-08
2001-04-04,1.6632074117660522,1.962499976158142,2.143749952316284,1.9375,2.112499952316284,54154000,2026-10-08
2001-04-05,1.9810185432434082,2.3375000953674316,2.362499952316284,2.075000047683716,2.0875000953674316,58080000,2026-10-08
2001-04-06,1.8697841167449951,2.206249952316284,2.3125,2.1500000953674316,2.2750000953674316,45391000,2026-10-08
2001-04-09,1.7848230600357056,2.1059999465942383,2.240000009536743,2.013000011444092,2.2100000381469727,45426000,2026-10-08
2001-04-10,1.9492367506027222,2.299999952316284,2.3329999446868896,2.062999963760376,2.121000051498413,48859000,2026-10-08
2001-04-11,2.0822930335998535,2.4570000171661377,2.700000047683716,2.440000057220459,2.5799999237060547,148217000,2026-10-08
2001-04-12,2.372983932495117,2.799999952316284,2.799999952316284,2.38700008392334,2.38700008392334,106640000,2026-10-08
2001-04-16,2.32552433013916,2.74399995803833,2.8350000381469727,2.6619999408721924,2.6989998817443848,52494000,2026-10-08
2001-04-17,2.326371669769287,2.744999885559082,2.815000057220459,2.6570000648498535,2.6649999618530273,58540000,2026-10-08
2001-04-18,2.5229902267456055,2.9769999980926514,3.119999885559082,2.890000104904175,2.8929998874664307,100201000,2026-10-08
2001-04-19,2.6611328125,3.140000104904175,3.1649999618530273,2.947000026702881,3.000999927520752,42284000,2026-10-08
2001-04-20,2.517057180404663,2.9700000286102295,3.1730000972747803,2.880000114440918,3.124000072479248,62646000,2026-10-08
2001-04-23,2.3306093215942383,2.75,2.875,2.75,2.8389999866485596,32470000,2026-10-08
2001-04-24,2.3924756050109863,2.822999954223633,3.003999948501587,2.744999885559082,2.7880001068115234,66916000,2026-10-08
2001-04-25,2.415358066558838,2.8499999046325684,2.921999931335449,2.746999979019165,2.805999994277954,51924000,2026-10-08
2001-04-26,2.372983932495117,2.799999952316284,2.9509999752044678,2.752000093460083,2.9240000247955322,40621000,2026-10-08
2001-04-27,2.4602761268615723,2.9030001163482666,2.9600000381469727,2.8320000171661377,2.9049999713897705,19893000,2026-10-08
2001-04-30,2.508582592010498,2.9600000381469727,3.0899999141693115,2.8949999809265137,2.927999973297119,31499000,2026-10-08
2001-05-01,2.5136682987213135,2.9660000801086426,2.9800000190734863,2.7950000762939453,2.9600000381469727,28425000,2026-10-08
2001-05-02,2.499260187149048,2.9489998817443848,3.0399999618530273,2.9119999408721924,2.9809999465942383,36293000,2026-10-08
2001-05-03,2.3094213008880615,2.7249999046325684,2.825000047683716,2.691999912261963,2.812999963760376,42937000,2026-10-08
2001-05-04,2.328913688659668,2.747999906539917,2.753000020980835,2.6029999256134033,2.6080000400543213,28368000,2026-10-08
2001-05-07,2.27891206741333,2.688999891281128,2.7980000972747803,2.6549999713897705,2.739000082015991,23132000,2026-10-08
2001-05-08,2.4306132793426514,2.868000030517578,2.872999906539917,2.7149999141693115,2.75600004196167,29455000,2026-10-08
2001-05-09,2.3712892532348633,2.7980000972747803,2.878000020980835,2.734999895095825,2.7950000762939453,36499000,2026-10-08
2001-05-10,2.5373973846435547,2.99399995803833,3.128000020980835,2.9769999980926514,3.109999895095825,85570000,2026-10-08
2001-05-11,2.5373973846435547,2.99399995803833,3.0460000038146973,2.944999933242798,2.996000051498413,31690000,2026-10-08
2001-05-14,2.4526479244232178,2.8940000534057617,2.996000051498413,2.8259999752044678,2.9779999256134033,33440000,2026-10-08
2001-05-15,2.491633892059326,2.940000057220459,3.0450000762939453,2.8559999465942383,2.8919999599456787,34037000,2026-10-08
2001-05-16,2.6823196411132812,3.1649999618530273,3.186000108718872,2.880000114440918,2.88700008392334,47261000,2026-10-08
2001-05-17,2.6475720405578613,3.124000072479248,3.1600000858306885,3.0269999504089355,3.0439999103546143,67392000,2026-10-08
2001-05-18,2.6357064247131348,3.109999895095825,3.1700000762939453,3.0880000591278076,3.1019999980926514,27718000,2026-10-08
2001-05-21,2.8391048908233643,3.3499999046325684,3.3499999046325684,3.1050000190734863,3.1110000610351562,43194000,2026-10-08
2001-05-22,2.771306276321411,3.2699999809265137,3.375999927520752,3.263000011444092,3.3489999771118164,29204000,2026-10-08
2001-05-23,2.597569704055786,3.065000057220459,3.2149999141693115,3.049999952316284,3.2019999027252197,29901000,2026-10-08
2001-05-24,2.6018078327178955,3.069999933242798,3.0850000381469727,2.953000068664551,3.063999891281128,23939000,2026-10-08
2001-05-25,2.5763823986053467,3.0399999618530273,3.1510000228881836,3.0250000953674316,3.115000009536743,15662000,2026-10-08
2001-05-29,2.4162051677703857,2.8510000705718994,3.010999917984009,2.799999952316284,3.007999897003174,28829000,2026-10-08
2001-05-30,2.2416224479675293,2.6449999809265137,2.809999942779541,2.638000011444092,2.802000045776367,34092000,2026-10-08
2001-05-31,2.3407788276672363,2.76200008392334,2.815000057220459,2.635999917984009,2.63700008392334,30258000,2026-10-08
2001-06-01,2.411121129989624,2.8450000286102295,2.874000072479248,2.740000009536743,2.802999973297119,22142000,2026-10-08
2001-06-04,2.369593858718872,2.7960000038146973,2.8589999675750732,2.7690000534057617,2.8540000915527344,9905000,2026-10-08
2001-06-05,2.503498077392578,2.9539999961853027,3.0220000743865967,2.803999900817871,2.806999921798706,21493000,2026-10-08
2001-06-06,2.5475680828094482,3.00600004196167,3.0450000762939453,2.865000009536743,2.9570000171661377,24939000,2026-10-08
2001-06-07,2.711981773376465,3.200000047683716,3.2090001106262207,2.9820001125335693,2.990000009536743,35315000,2026-10-08
2001-06-08,2.717914342880249,3.2070000171661377,3.2200000286102295,3.117000102996826,3.177999973297119,22381000,2026-10-08
2001-06-11,2.5763823986053467,3.0399999618530273,3.181999921798706,3.0380001068115234,3.180000066757202,18623000,2026-10-08
2001-06-12,2.5755350589752197,3.0390000343322754,3.075000047683716,2.890000104904175,2.947000026702881,26158000,2026-10-08
2001-06-13,2.500108480453491,2.950000047683716,3.109999895095825,2.947000026702881,3.0450000762939453,21128000,2026-10-08
2001-06-14,2.3967137336730957,2.828000068664551,2.944999933242798,2.7860000133514404,2.9059998989105225,25092000,2026-10-08
2001-06-15,2.410273551940918,2.8440001010894775,2.875,2.740000009536743,2.744999885559082,18913000,2026-10-08
2001-06-18,2.4662082195281982,2.9100000858306885,3.0,2.880000114440918,2.9719998836517334,35622000,2026-10-08
2001-06-19,2.489938259124756,2.937999963760376,3.063999891281128,2.8949999809265137,2.999000072479248,44725000,2026-10-08
2001-06-20,2.2967095375061035,2.7100000381469727,2.8540000915527344,2.5789999961853027,2.8420000076293945,79907000,2026-10-08
2001-06-21,2.398408889770508,2.8299999237060547,2.927999973297119,2.6500000953674316,2.700000047683716,43852000,2026-10-08
2001-06-22,2.415358066558838,2.8499999046325684,2.943000078201294,2.7639999389648438,2.805000066757202,27071000,2026-10-08
2001-06-25,2.41705322265625,2.8519999980926514,2.9000000953674316,2.7820000648498535,2.8550000190734863,13879000,2026-10-08
2001-06-26,2.3721368312835693,2.7990000247955322,2.8399999141693115,2.73799991607666,2.7679998874664307,26950000,2026-10-08
2001-06-27,2.360271692276001,2.7850000858306885,2.805000066757202,2.7049999237060547,2.7850000858306885,25575000,2026-10-08
2001-06-28,2.4390876293182373,2.878000020980835,2.943000078201294,2.802999973297119,2.803999900817871,15669000,2026-10-08
2001-06-29,2.5128204822540283,2.9649999141693115,3.0350000858306885,2.9040000438690186,2.9159998893737793,21084000,2026-10-08
2001-07-02,2.4865481853485107,2.934000015258789,2.994999885559082,2.924999952316284,2.9860000610351562,17780000,2026-10-08
2001-07-03,2.502650260925293,2.953000068664551,2.9649999141693115,2.9000000953674316,2.9200000762939453,8717000,2026-10-08
2001-07-05,2.4314613342285156,2.86899995803833,2.9760000705718994,2.815000057220459,2.8940000534057617,19141000,2026-10-08
2001-07-06,2.2026374340057373,2.5989999771118164,2.7809998989105225,2.5950000286102295,2.7809998989105225,29261000,2026-10-08
2001-07-09,2.2077226638793945,2.6050000190734863,2.615000009536743,2.5,2.5840001106262207,47581000,2026-10-08
2001-07-10,2.0763611793518066,2.450000047683716,2.6549999713897705,2.430000066757202,2.625,28846000,2026-10-08
2001-07-11,2.1255156993865967,2.507999897003174,2.5320000648498535,2.3910000324249268,2.428999900817871,22446000,2026-10-08
2001-07-12,2.320439100265503,2.73799991607666,2.7699999809265137,2.5799999237060547,2.5799999237060547,27465000,2026-10-08
2001-07-13,2.2924723625183105,2.7049999237060547,2.7939999103546143,2.638000011444092,2.734999895095825,13169000,2026-10-08
2001-07-16,2.099242925643921,2.4769999980926514,2.7039999961853027,2.438999891281128,2.6610000133514404,30569000,2026-10-08
2001-07-17,2.179755210876465,2.572000026702881,2.5850000381469727,2.3350000381469727,2.3399999141693115,42502000,2026-10-08
2001-07-18,2.13653302192688,2.5209999084472656,2.5950000286102295,2.4800000190734863,2.515000104904175,22431000,2026-10-08
2001-07-19,2.2534875869750977,2.6589999198913574,2.7130000591278076,2.5409998893737793,2.5409998893737793,23019000,2026-10-08
2001-07-20,2.2161970138549805,2.615000009536743,2.634999990463257,2.549999952316284,2.6019999980926514,12269000,2026-10-08
2001-07-23,2.2060279846191406,2.6029999256134033,2.6459999084472656,2.558000087738037,2.627000093460083,20967000,2026-10-08
2001-07-24,2.0644967555999756,2.436000108718872,2.630000114440918,2.4159998893737793,2.6029999256134033,40197000,2026-10-08
2001-07-25,2.1814496517181396,2.5739998817443848,2.5789999961853027,2.378000020980835,2.4000000953674316,41140000,2026-10-08
2001-07-26,2.308574676513672,2.7239999771118164,2.7249999046325684,2.5399999618530273,2.5739998817443848,27082000,2026-10-08
2001-07-27,2.379763126373291,2.808000087738037,2.890000104904175,2.700000047683716,2.700000047683716,18223000,2026-10-08
2001-07-30,2.3950181007385254,2.8259999752044678,2.875,2.7699999809265137,2.809999942779541,17333000,2026-10-08
2001-07-31,2.3721368312835693,2.7990000247955322,2.9000000953674316,2.7750000953674316,2.818000078201294,21047000,2026-10-08
2001-08-01,2.5373973846435547,2.99399995803833,3.049999952316284,2.9040000438690186,2.928999900817871,38623000,2026-10-08
2001-08-02,2.5814661979675293,3.0460000038146973,3.0799999237060547,2.9809999465942383,3.002000093460083,25402000,2026-10-08
2001-08-03,2.593332052230835,3.059999942779541,3.0799999237060547,3.01200008392334,3.0160000324249268,21051000,2026-10-08
2001-08-06,2.4975650310516357,2.947000026702881,3.0399999618530273,2.940000057220459,3.000999927520752,18995000,2026-10-08
2001-08-07,2.3992559909820557,2.8310000896453857,2.9079999923706055,2.7920000553131104,2.890000104904175,27772000,2026-10-08
2001-08-08,2.2890818119049072,2.7009999752044678,2.8970000743865967,2.674999952316284,2.828000068664551,23061000,2026-10-08
2001-08-09,2.3094213008880615,2.7249999046325684,2.759999990463257,2.690000057220459,2.7139999866485596,17288000,2026-10-08
2001-08-10,2.339931011199951,2.760999917984009,2.802000045776367,2.6760001182556152,2.7049999237060547,12743000,2026-10-08
2001-08-13,2.3950181007385254,2.8259999752044678,2.8550000190734863,2.7920000553131104,2.809000015258789,31490000,2026-10-08
2001-08-14,2.3958659172058105,2.8269999027252197,2.874000072479248,2.809999942779541,2.8580000400543213,12356000,2026-10-08
2001-08-15,2.3348467350006104,2.755000114440918,2.884999990463257,2.753000020980835,2.8450000286102295,10203000,2026-10-08
2001-08-16,2.406036376953125,2.8389999866485596,2.8399999141693115,2.674999952316284,2.746999979019165,21882000,2026-10-08
2001-08-17,2.288234233856201,2.700000047683716,2.7950000762939453,2.684999942779541,2.7750000953674316,14422000,2026-10-08
2001-08-20,2.320439100265503,2.73799991607666,2.763000011444092,2.6630001068115234,2.700000047683716,13330000,2026-10-08
2001-08-21,2.2077226638793945,2.6050000190734863,2.7639999389648438,2.6050000190734863,2.740000009536743,10808000,2026-10-08
2001-08-22,2.3119633197784424,2.7279999256134033,2.747999906539917,2.5859999656677246,2.6459999084472656,20893000,2026-10-08
2001-08-23,2.3306093215942383,2.75,2.799999952316284,2.7200000286102295,2.7209999561309814,11654000,2026-10-08
2001-08-24,2.4195961952209473,2.8550000190734863,2.9100000858306885,2.7669999599456787,2.7690000534057617,11065000,2026-10-08
2001-08-27,2.456037998199463,2.8980000019073486,2.937999963760376,2.8399999141693115,2.8499999046325684,10182000,2026-10-08
2001-08-28,2.4085781574249268,2.8420000076293945,2.9149999618530273,2.809999942779541,2.9000000953674316,10809000,2026-10-08
2001-08-29,2.3890862464904785,2.819000005722046,2.8940000534057617,2.75,2.86899995803833,19895000,2026-10-08
2001-08-30,2.356032609939575,2.7799999713897705,2.825000047683716,2.759999990463257,2.7699999809265137,19080000,2026-10-08
2001-08-31,2.3992559909820557,2.8310000896453857,2.867000102996826,2.686000108718872,2.7070000171661377,32705000,2026-10-08
2001-09-04,2.284844398498535,2.696000099182129,2.8480000495910645,2.690000057220459,2.7799999713897705,24144000,2026-10-08
2001-09-05,2.1255156993865967,2.507999897003174,2.757999897003174,2.4000000953674316,2.694999933242798,58882000,2026-10-08
2001-09-06,2.049241065979004,2.4179999828338623,2.5139999389648438,2.4010000228881836,2.4690001010894775,23192000,2026-10-08
2001-09-07,2.0170369148254395,2.380000114440918,2.5350000858306885,2.369999885559082,2.4200000762939453,20837000,2026-10-08
2001-09-10,1.9365239143371582,2.2850000858306885,2.4179999828338623,2.2699999809265137,2.371999979019165,36857000,2026-10-08
2001-09-17,1.7263457775115967,2.0369999408721924,2.174999952316284,2.0160000324249268,2.1630001068115234,36578000,2026-10-08
2001-09-18,1.5890518426895142,1.875,2.059999942779541,1.8669999837875366,2.059999942779541,29677000,2026-10-08
2001-09-19,1.4449776411056519,1.7050000429153442,1.9479999542236328,1.4730000495910645,1.878000020980835,135948000,2026-10-08
2001-09-20,1.4483678340911865,1.7089999914169312,1.7649999856948853,1.659999966621399,1.6699999570846558,75638000,2026-10-08
2001-09-21,1.4102303981781006,1.6640000343322754,1.7100000381469727,1.5379999876022339,1.6009999513626099,45947000,2026-10-08
2001-09-24,1.5212520360946655,1.7949999570846558,1.8200000524520874,1.6950000524520874,1.725000023841858,29711000,2026-10-08
2001-09-25,1.5678645372390747,1.850000023841858,1.875,1.7699999809265137,1.7970000505447388,23681000,2026-10-08
2001-09-26,1.4449776411056519,1.7050000429153442,1.871000051498413,1.7000000476837158,1.8550000190734863,22833000,2026-10-08
2001-09-27,1.3915859460830688,1.6419999599456787,1.7130000591278076,1.5390000343322754,1.7029999494552612,34864000,2026-10-08
2001-09-28,1.4365026950836182,1.6950000524520874,1.7649999856948853,1.6330000162124634,1.6540000438690186,35183000,2026-10-08
2001-10-01,1.3678560256958008,1.6139999628067017,1.7350000143051147,1.6009999513626099,1.6799999475479126,23279000,2026-10-08
2001-10-02,1.3559908866882324,1.600000023841858,1.6629999876022339,1.5859999656677246,1.6130000352859497,21492000,2026-10-08
2001-10-03,1.4907422065734863,1.7589999437332153,1.7970000505447388,1.5369999408721924,1.590000033378601,26273000,2026-10-08
2001-10-04,1.594136357307434,1.88100004196167,1.9639999866485596,1.7799999713897705,1.8450000286102295,57299000,2026-10-08
2001-10-05,1.4805724620819092,1.746999979019165,1.871000051498413,1.659999966621399,1.871000051498413,64129000,2026-10-08
2001-10-08,1.584814190864563,1.8700000047683716,1.8919999599456787,1.7109999656677246,1.718999981880188,36412000,2026-10-08
2001-10-09,1.4102303981781006,1.6640000343322754,1.8250000476837158,1.6579999923706055,1.7910000085830688,54321000,2026-10-08
2001-10-10,1.5127770900726318,1.784999966621399,1.7899999618530273,1.6449999809265137,1.6610000133514404,75919000,2026-10-08
2001-10-11,1.694140911102295,1.9989999532699585,2.062999963760376,1.7960000038146973,1.7999999523162842,56144000,2026-10-08
2001-10-12,1.6890558004379272,1.9930000305175781,2.0399999618530273,1.8930000066757202,1.9709999561309814,40112000,2026-10-08
2001-10-15,1.5559993982315063,1.8359999656677246,1.9539999961853027,1.8270000219345093,1.9529999494552612,41553000,2026-10-08
2001-10-16,1.5839669704437256,1.86899995803833,1.8899999856948853,1.8040000200271606,1.8229999542236328,39987000,2026-10-08
2001-10-17,1.5051498413085938,1.7760000228881836,1.9390000104904175,1.774999976158142,1.909999966621399,34344000,2026-10-08
2001-10-18,1.4890466928482056,1.7569999694824219,1.819000005722046,1.715000033378601,1.777999997138977,18044000,2026-10-08
2001-10-19,1.4780296087265015,1.74399995803833,1.7719999551773071,1.6959999799728394,1.7359999418258667,40721000,2026-10-08
2001-10-22,1.5932893753051758,1.8799999952316284,1.8819999694824219,1.7000000476837158,1.7239999771118164,43798000,2026-10-08
2001-10-23,1.5627793073654175,1.843999981880188,1.9149999618530273,1.812000036239624,1.8819999694824219,20373000,2026-10-08
2001-10-24,1.6526139974594116,1.9500000476837158,1.9609999656677246,1.8420000076293945,1.850000023841858,30880000,2026-10-08
2001-10-25,1.783128023147583,2.1040000915527344,2.1050000190734863,1.8700000047683716,1.9229999780654907,30568000,2026-10-08
2001-10-26,1.7407530546188354,2.053999900817871,2.109999895095825,2.0209999084472656,2.056999921798706,21202000,2026-10-08
2001-10-29,1.631426453590393,1.9249999523162842,2.062000036239624,1.9220000505447388,2.049999952316284,12680000,2026-10-08
2001-10-30,1.5534570217132568,1.8329999446868896,1.9190000295639038,1.8200000524520874,1.9170000553131104,24025000,2026-10-08
2001-10-31,1.6068490743637085,1.8960000276565552,1.9730000495910645,1.8700000047683716,1.8739999532699585,21604000,2026-10-08
2001-11-01,1.7517701387405396,2.066999912261963,2.069000005722046,1.8849999904632568,1.9149999618530273,33856000,2026-10-08
2001-11-02,1.8085530996322632,2.134000062942505,2.134000062942505,2.0199999809265137,2.055999994277954,29999000,2026-10-08
2001-11-05,1.8432996273040771,2.174999952316284,2.184999942779541,2.114000082015991,2.134000062942505,19133000,2026-10-08
2001-11-06,1.8729627132415771,2.2100000381469727,2.2170000076293945,2.130000114440918,2.1510000228881836,13775000,2026-10-08
2001-11-07,1.8890652656555176,2.2290000915527344,2.2860000133514404,2.1600000858306885,2.184000015258789,24737000,2026-10-08
2001-11-08,1.8136378526687622,2.140000104904175,2.319999933242798,2.114000082015991,2.23799991607666,21632000,2026-10-08
2001-11-09,1.8026200532913208,2.127000093460083,2.1760001182556152,2.109999895095825,2.1410000324249268,15048000,2026-10-08
2001-11-12,1.8560121059417725,2.190000057220459,2.1989998817443848,2.0269999504089355,2.1540000438690186,24428000,2026-10-08
2001-11-13,1.9441512823104858,2.2939999103546143,2.311000108718872,2.2300000190734863,2.2330000400543213,30390000,2026-10-08
2001-11-14,1.951778769493103,2.302999973297119,2.371999979019165,2.2149999141693115,2.308000087738037,33269000,2026-10-08
2001-11-15,1.9127939939498901,2.256999969482422,2.322000026702881,2.2200000286102295,2.244999885559082,28023000,2026-10-08
2001-11-16,1.9119473695755005,2.25600004196167,2.309000015258789,2.25,2.2679998874664307,13873000,2026-10-08
2001-11-19,1.88143789768219,2.2200000286102295,2.2829999923706055,2.1640000343322754,2.2799999713897705,23820000,2026-10-08
2001-11-20,1.7670257091522217,2.0850000381469727,2.2160000801086426,2.062999963760376,2.2160000801086426,22859000,2026-10-08
2001-11-21,1.7797377109527588,2.0999999046325684,2.128999948501587,2.053999900817871,2.075000047683716,15195000,2026-10-08
2001-11-23,1.7932974100112915,2.115999937057495,2.130000114440918,2.069000005722046,2.0999999046325684,5703000,2026-10-08
2001-11-26,1.9077097177505493,2.250999927520752,2.259000062942505,2.115999937057495,2.128000020980835,31468000,2026-10-08
2001-11-27,1.944998860359192,2.2950000762939453,2.4019999504089355,2.2160000801086426,2.255000114440918,56861000,2026-10-08
2001-11-28,1.88143789768219,2.2200000286102295,2.313999891281128,2.190999984741211,2.2690000534057617,21165000,2026-10-08
2001-11-29,1.9475418329238892,2.2980000972747803,2.299999952316284,2.200000047683716,2.2330000400543213,33144000,2026-10-08
2001-11-30,1.8577072620391846,2.191999912261963,2.2249999046325684,2.171999931335449,2.2160000801086426,40106000,2026-10-08
2001-12-03,1.8619449138641357,2.197000026702881,2.23799991607666,2.1600000858306885,2.177000045776367,17817000,2026-10-08
2001-12-04,1.983984351158142,2.3410000801086426,2.364000082015991,2.234999895095825,2.259999990463257,26110000,2026-10-08
2001-12-05,2.1356849670410156,2.5199999809265137,2.5759999752044678,2.365000009536743,2.380000114440918,55974000,2026-10-08
2001-12-06,2.152635335922241,2.5399999618530273,2.5820000171661377,2.50600004196167,2.5260000228881836,40353000,2026-10-08
2001-12-07,2.0822930335998535,2.4570000171661377,2.553999900817871,2.436000108718872,2.5320000648498535,22586000,2026-10-08
2001-12-10,2.0255117416381836,2.390000104904175,2.493000030517578,2.38100004196167,2.440999984741211,19056000,2026-10-08
2001-12-11,2.0805983543395996,2.4549999237060547,2.509999990463257,2.3959999084472656,2.3970000743865967,16063000,2026-10-08
2001-12-12,2.106023073196411,2.484999895095825,2.515000104904175,2.4200000762939453,2.4700000286102295,18300000,2026-10-08
2001-12-13,1.9670335054397583,2.321000099182129,2.437000036239624,2.299999952316284,2.433000087738037,29009000,2026-10-08
2001-12-14,1.9992387294769287,2.3589999675750732,2.380000114440918,2.299999952316284,2.322000026702881,13872000,2026-10-08
2001-12-17,2.0924630165100098,2.4690001010894775,2.569999933242798,2.3350000381469727,2.3350000381469727,19374000,2026-10-08
2001-12-18,2.091615676879883,2.4679999351501465,2.496000051498413,2.440000057220459,2.4749999046325684,16228000,2026-10-08
2001-12-19,2.023815870285034,2.388000011444092,2.4749999046325684,2.38700008392334,2.430000066757202,36668000,2026-10-08
2001-12-20,2.000933885574341,2.3610000610351562,2.4000000953674316,2.319000005722046,2.3519999980926514,45261000,2026-10-08
2001-12-21,1.952626347541809,2.303999900817871,2.3929998874664307,2.2850000858306885,2.368000030517578,25706000,2026-10-08
2001-12-24,1.9314398765563965,2.2790000438690186,2.3429999351501465,2.2750000953674316,2.309000015258789,6093000,2026-10-08
2001-12-26,1.9687286615371704,2.322999954223633,2.378999948501587,2.2750000953674316,2.2760000228881836,8148000,2026-10-08
2001-12-27,2.0094096660614014,2.371000051498413,2.378999948501587,2.319999933242798,2.319999933242798,12267000,2026-10-08
2001-12-28,2.0450034141540527,2.4130001068115234,2.434999942779541,2.375,2.375,14863000,2026-10-08
2001-12-31,1.9678815603256226,2.322000026702881,2.4200000762939453,2.321000099182129,2.4110000133514404,7750000,2026-10-08
2002-01-02,2.05008864402771,2.4189999103546143,2.4200000762939453,2.3380000591278076,2.3389999866485596,16123000,2026-10-08
2002-01-03,2.2102649211883545,2.6080000400543213,2.632999897003174,2.4179999828338623,2.4200000762939453,31062000,2026-10-08
2002-01-04,2.2407751083374023,2.6440000534057617,2.6600000858306885,2.563999891281128,2.6489999294281006,20412000,2026-10-08
2002-01-07,2.2153499126434326,2.614000082015991,2.680000066757202,2.572999954223633,2.635999917984009,12799000,2026-10-08
2002-01-08,2.21789288520813,2.617000102996826,2.6630001068115234,2.568000078201294,2.614000082015991,13871000,2026-10-08
2002-01-09,2.2195873260498047,2.61899995803833,2.7100000381469727,2.617000102996826,2.6500000953674316,16277000,2026-10-08
2002-01-10,2.2060279846191406,2.6029999256134033,2.634999990463257,2.565999984741211,2.625,36339000,2026-10-08
2002-01-11,2.1848392486572266,2.578000068664551,2.6559998989105225,2.552999973297119,2.609999895095825,15759000,2026-10-08
2002-01-14,2.1721272468566895,2.562999963760376,2.615000009536743,2.5139999389648438,2.5840001106262207,26689000,2026-10-08
2002-01-15,2.1467032432556152,2.5329999923706055,2.569000005722046,2.4809999465942383,2.565000057220459,26852000,2026-10-08
2002-01-16,1.9670335054397583,2.321000099182129,2.3959999084472656,2.3010001182556152,2.3949999809265137,51318000,2026-10-08
2002-01-17,1.9399139881134033,2.2890000343322754,2.359999895095825,2.200000047683716,2.3519999980926514,46807000,2026-10-08
2002-01-18,1.8983865976333618,2.240000009536743,2.2750000953674316,2.2070000171661377,2.247999906539917,11354000,2026-10-08
2002-01-22,1.8102478981018066,2.135999917984009,2.265000104904175,2.134000062942505,2.259000062942505,20842000,2026-10-08
2002-01-23,1.8882173299789429,2.2279999256134033,2.243000030517578,2.1649999618530273,2.174999952316284,22235000,2026-10-08
2002-01-24,1.8899120092391968,2.2300000190734863,2.309999942779541,2.2119998931884766,2.240000009536743,32669000,2026-10-08
2002-01-25,1.9755088090896606,2.3310000896453857,2.3610000610351562,2.2269999980926514,2.2279999256134033,36337000,2026-10-08
2002-01-28,1.983984351158142,2.3410000801086426,2.375999927520752,2.2909998893737793,2.3420000076293945,17252000,2026-10-08
2002-01-29,1.9077097177505493,2.250999927520752,2.3489999771118164,2.2249999046325684,2.3259999752044678,22092000,2026-10-08
2002-01-30,1.9534744024276733,2.305000066757202,2.309000015258789,2.203000068664551,2.256999969482422,37916000,2026-10-08
2002-01-31,1.9712711572647095,2.3259999752044678,2.3580000400543213,2.2690000534057617,2.319999933242798,35633000,2026-10-08
2002-02-01,1.9348292350769043,2.2829999923706055,2.3399999141693115,2.252000093460083,2.319999933242798,15176000,2026-10-08
2002-02-04,1.9017770290374756,2.24399995803833,2.3589999675750732,2.240999937057495,2.309999942779541,26639000,2026-10-08
2002-02-05,1.8983865976333618,2.240000009536743,2.302999973297119,2.2049999237060547,2.2290000915527344,20521000,2026-10-08
2002-02-06,1.9314398765563965,2.2790000438690186,2.2880001068115234,2.2049999237060547,2.2279999256134033,20813000,2026-10-08
2002-02-07,1.814484715461731,2.1410000324249268,2.2920000553131104,2.140000104904175,2.265000104904175,28470000,2026-10-08
2002-02-08,1.883131742477417,2.2219998836517334,2.2260000705718994,2.130000114440918,2.1480000019073486,22519000,2026-10-08
2002-02-11,1.9551692008972168,2.306999921798706,2.318000078201294,2.2039999961853027,2.2049999237060547,24715000,2026-10-08
2002-02-12,1.9272018671035767,2.2739999294281006,2.3329999446868896,2.242000102996826,2.243000030517578,13741000,2026-10-08
2002-02-13,2.0382239818573,2.4049999713897705,2.421999931335449,2.2920000553131104,2.2920000553131104,29741000,2026-10-08
2002-02-14,2.017883539199829,2.38100004196167,2.434999942779541,2.3580000400543213,2.4049999713897705,21442000,2026-10-08
2002-02-15,1.994153618812561,2.3529999256134033,2.4019999504089355,2.3289999961853027,2.38700008392334,10049000,2026-10-08
2002-02-19,1.902624249458313,2.244999885559082,2.328000068664551,2.240000009536743,2.3269999027252197,16865000,2026-10-08
2002-02-20,1.9170315265655518,2.26200008392334,2.2920000553131104,2.1659998893737793,2.246999979019165,27099000,2026-10-08
2002-02-21,1.8017730712890625,2.125999927520752,2.2339999675750732,2.125999927520752,2.2269999980926514,20892000,2026-10-08
2002-02-22,1.76278817653656,2.0799999237060547,2.171999931335449,2.052000045776367,2.1480000019073486,26375000,2026-10-08
2002-02-25,1.8602495193481445,2.194999933242798,2.2130000591278076,2.071000099182129,2.072000026702881,20376000,2026-10-08
2002-02-26,1.872114658355713,2.2090001106262207,2.240000009536743,2.1700000762939453,2.194999933242798,17172000,2026-10-08
2002-02-27,1.8687247037887573,2.2049999237060547,2.2760000228881836,2.184000015258789,2.2130000591278076,25600000,2026-10-08
2002-02-28,1.8339778184890747,2.1640000343322754,2.263000011444092,2.1489999294281006,2.249000072479248,17900000,2026-10-08
2002-03-01,2.058562994003296,2.428999900817871,2.430000066757202,2.2249999046325684,2.242000102996826,43829000,2026-10-08
2002-03-04,2.1907732486724854,2.5850000381469727,2.5850000381469727,2.4110000133514404,2.4140000343322754,42273000,2026-10-08
2002-03-05,2.2102649211883545,2.6080000400543213,2.625,2.5350000858306885,2.5399999618530273,24027000,2026-10-08
2002-03-06,2.239926815032959,2.6429998874664307,2.6449999809265137,2.496999979019165,2.6040000915527344,37324000,2026-10-08
2002-03-07,2.315355062484741,2.7320001125335693,2.7639999389648438,2.6589999198913574,2.6640000343322754,42097000,2026-10-08
2002-03-08,2.4475629329681396,2.888000011444092,2.888000011444092,2.7249999046325684,2.7249999046325684,47183000,2026-10-08
2002-03-11,2.4085781574249268,2.8420000076293945,2.88700008392334,2.802000045776367,2.8399999141693115,30532000,2026-10-08
2002-03-12,2.3348467350006104,2.755000114440918,2.7750000953674316,2.7019999027252197,2.75,22387000,2026-10-08
2002-03-13,2.283148765563965,2.694000005722046,2.7200000286102295,2.615999937057495,2.617000102996826,45514000,2026-10-08
2002-03-14,2.2543342113494873,2.6600000858306885,2.75,2.6500000953674316,2.7070000171661377,23460000,2026-10-08
2002-03-15,2.324676990509033,2.743000030517578,2.750999927520752,2.6500000953674316,2.6500000953674316,26195000,2026-10-08
2002-03-18,2.398408889770508,2.8299999237060547,2.884999990463257,2.76200008392334,2.763000011444092,38102000,2026-10-08
2002-03-19,2.4797682762145996,2.9260001182556152,2.930000066757202,2.8389999866485596,2.8399999141693115,34709000,2026-10-08
2002-03-20,2.406036376953125,2.8389999866485596,2.9159998893737793,2.821000099182129,2.880000114440918,32351000,2026-10-08
2002-03-21,2.4662082195281982,2.9100000858306885,2.9110000133514404,2.7960000038146973,2.8420000076293945,18213000,2026-10-08
2002-03-22,2.414510488510132,2.8489999771118164,2.9690001010894775,2.8369998931884766,2.9119999408721924,30808000,2026-10-08
2002-03-25,2.3424737453460693,2.7639999389648438,2.933000087738037,2.76200008392334,2.871000051498413,34004000,2026-10-08
2002-03-26,2.376373767852783,2.803999900817871,2.875,2.7330000400543213,2.755000114440918,33002000,2026-10-08
2002-03-27,2.3890862464904785,2.819000005722046,2.885999917984009,2.7769999504089355,2.8259999752044678,28650000,2026-10-08
2002-03-28,2.4848530292510986,2.931999921798706,2.9739999771118164,2.8420000076293945,2.8450000286102295,28079000,2026-10-08
2002-04-01,2.5314650535583496,2.986999988555908,2.997999906539917,2.8410000801086426,2.9000000953674316,18114000,2026-10-08
2002-04-02,2.455190658569336,2.8970000743865967,2.9679999351501465,2.890000104904175,2.9600000381469727,14458000,2026-10-08
2002-04-03,2.372983932495117,2.799999952316284,2.9149999618530273,2.747999906539917,2.9030001163482666,26461000,2026-10-08
2002-04-04,2.378915786743164,2.806999921798706,2.8570001125335693,2.734999895095825,2.7780001163482666,20703000,2026-10-08
2002-04-05,2.318744421005249,2.7360000610351562,2.8399999141693115,2.7200000286102295,2.815000057220459,14809000,2026-10-08
2002-04-08,2.3094213008880615,2.7249999046325684,2.7260000705718994,2.624000072479248,2.6589999198913574,32757000,2026-10-08
2002-04-09,2.2161970138549805,2.615000009536743,2.765000104904175,2.6050000190734863,2.7249999046325684,20880000,2026-10-08
2002-04-10,2.239926815032959,2.6429998874664307,2.6600000858306885,2.549999952316284,2.634999990463257,28639000,2026-10-08
2002-04-11,2.20009446144104,2.5959999561309814,2.690999984741211,2.5940001010894775,2.6459999084472656,31477000,2026-10-08
2002-04-12,2.2204346656799316,2.619999885559082,2.628999948501587,2.561000108718872,2.611999988555908,27216000,2026-10-08
2002-04-15,2.319591760635376,2.736999988555908,2.765000104904175,2.619999885559082,2.624000072479248,31785000,2026-10-08
2002-04-16,2.4323081970214844,2.869999885559082,2.9000000953674316,2.815000057220459,2.8980000019073486,46328000,2026-10-08
2002-04-17,2.502650260925293,2.953000068664551,2.9749999046325684,2.750999927520752,2.871000051498413,38883000,2026-10-08
2002-04-18,2.411121129989624,2.8450000286102295,2.9200000762939453,2.7899999618530273,2.880000114440918,45365000,2026-10-08
2002-04-19,2.379763126373291,2.808000087738037,2.878000020980835,2.7869999408721924,2.8329999446868896,18711000,2026-10-08
2002-04-22,2.3585762977600098,2.7829999923706055,2.806999921798706,2.752000093460083,2.7899999618530273,17713000,2026-10-08
2002-04-23,2.3102691173553467,2.7260000705718994,2.819999933242798,2.7139999866485596,2.796999931335449,21441000,2026-10-08
2002-04-24,2.235689640045166,2.638000011444092,2.7739999294281006,2.628999948501587,2.7309999465942383,26997000,2026-10-08
2002-04-25,2.2373852729797363,2.640000104904175,2.6640000343322754,2.5820000171661377,2.6449999809265137,39846000,2026-10-08
2002-04-26,2.133143424987793,2.5169999599456787,2.674999952316284,2.507999897003174,2.63700008392334,29800000,2026-10-08
2002-04-29,2.121279001235962,2.503000020980835,2.5880000591278076,2.4519999027252197,2.51200008392334,26264000,2026-10-08
2002-04-30,2.1746702194213867,2.565999984741211,2.609999895095825,2.4769999980926514,2.492000102996826,25195000,2026-10-08
2002-05-01,2.1678895950317383,2.558000087738037,2.5989999771118164,2.4779999256134033,2.563999891281128,26959000,2026-10-08
2002-05-02,2.0831401348114014,2.4579999446868896,2.6089999675750732,2.4260001182556152,2.558000087738037,28361000,2026-10-08
2002-05-03,2.021273374557495,2.384999990463257,2.4619998931884766,2.328000068664551,2.4600000381469727,41293000,2026-10-08
2002-05-06,1.9873740673065186,2.3450000286102295,2.440000057220459,2.322999954223633,2.365000009536743,23611000,2026-10-08
2002-05-07,1.9738132953643799,2.3289999961853027,2.382999897003174,2.2170000076293945,2.3550000190734863,32805000,2026-10-08
2002-05-08,2.1636524200439453,2.552999973297119,2.5799999237060547,2.440000057220459,2.440000057220459,36485000,2026-10-08
2002-05-09,2.1204309463500977,2.502000093460083,2.575000047683716,2.494999885559082,2.5250000953674316,31615000,2026-10-08
2002-05-10,2.060258626937866,2.430999994277954,2.5280001163482666,2.4000000953674316,2.510999917984009,15558000,2026-10-08
2002-05-13,2.2128074169158936,2.6110000610351562,2.619999885559082,2.444999933242798,2.446000099182129,39545000,2026-10-08
2002-05-14,2.3051846027374268,2.7200000286102295,2.744999885559082,2.680000066757202,2.7160000801086426,45990000,2026-10-08
2002-05-15,2.278064250946045,2.687999963760376,2.7769999504089355,2.63700008392334,2.687000036239624,28375000,2026-10-08
2002-05-16,2.315355062484741,2.7320001125335693,2.740000009536743,2.6500000953674316,2.680999994277954,19645000,2026-10-08
2002-05-17,2.2916243076324463,2.7039999961853027,2.765000104904175,2.6670000553131104,2.740999937057495,30797000,2026-10-08
2002-05-20,2.2517921924591064,2.6570000648498535,2.7090001106262207,2.630000114440918,2.6600000858306885,17710000,2026-10-08
2002-05-21,2.224672555923462,2.625,2.7100000381469727,2.6040000915527344,2.6659998893737793,19459000,2026-10-08
2002-05-22,2.189925193786621,2.5840001106262207,2.674999952316284,2.515000104904175,2.614000082015991,24909000,2026-10-08
2002-05-23,2.154330015182495,2.5420000553131104,2.5929999351501465,2.437999963760376,2.5929999351501465,44488000,2026-10-08
2002-05-24,2.0348336696624756,2.4010000228881836,2.4210000038146973,2.365999937057495,2.384999990463257,55774000,2026-10-08
2002-05-28,2.066190719604492,2.437999963760376,2.453000068664551,2.381999969482422,2.4149999618530273,15261000,2026-10-08
2002-05-29,1.9788987636566162,2.3350000381469727,2.385999917984009,2.3269999027252197,2.378999948501587,25283000,2026-10-08
2002-05-30,1.9492367506027222,2.299999952316284,2.3350000381469727,2.239000082015991,2.311000108718872,37153000,2026-10-08
2002-05-31,1.9272018671035767,2.2739999294281006,2.361999988555908,2.2739999294281006,2.306999921798706,18571000,2026-10-08
2002-06-03,1.864488124847412,2.200000047683716,2.2880001068115234,2.180000066757202,2.2829999923706055,16048000,2026-10-08
2002-06-04,1.8882173299789429,2.2279999256134033,2.2330000400543213,2.0929999351501465,2.174999952316284,45194000,2026-10-08
2002-06-05,1.8848272562026978,2.2239999771118164,2.2699999809265137,2.1679999828338623,2.2290000915527344,21034000,2026-10-08
2002-06-06,1.8110947608947754,2.13700008392334,2.194000005722046,2.111999988555908,2.187999963760376,21610000,2026-10-08
2002-06-07,1.7916028499603271,2.114000082015991,2.140000104904175,2.009999990463257,2.0260000228881836,31282000,2026-10-08
2002-06-10,1.7780424356460571,2.0980000495910645,2.1640000343322754,2.0899999141693115,2.115999937057495,14848000,2026-10-08
2002-06-11,1.6771907806396484,1.9789999723434448,2.134000062942505,1.9739999771118164,2.1089999675750732,26768000,2026-10-08
2002-06-12,1.693293571472168,1.9980000257492065,2.0369999408721924,1.9359999895095825,1.9869999885559082,32526000,2026-10-08
2002-06-13,1.6458337306976318,1.9420000314712524,2.0160000324249268,1.9249999523162842,1.9600000381469727,23657000,2026-10-08
2002-06-14,1.6348167657852173,1.9290000200271606,1.9520000219345093,1.8450000286102295,1.9170000553131104,21145000,2026-10-08
2002-06-17,1.7517701387405396,2.066999912261963,2.069000005722046,1.9450000524520874,1.9450000524520874,22015000,2026-10-08
2002-06-18,1.700920581817627,2.006999969482422,2.131999969482422,2.0,2.063999891281128,21070000,2026-10-08
2002-06-19,1.5856614112854004,1.871000051498413,2.0,1.8600000143051147,1.9800000190734863,24399000,2026-10-08
2002-06-20,1.524641990661621,1.7990000247955322,1.9140000343322754,1.7890000343322754,1.8849999904632568,20502000,2026-10-08
2002-06-21,1.4627751111984253,1.7259999513626099,1.8220000267028809,1.725000023841858,1.805999994277954,32846000,2026-10-08
2002-06-24,1.5543038845062256,1.8339999914169312,1.875,1.718000054359436,1.718000054359436,32215000,2026-10-08
2002-06-25,1.4661654233932495,1.7300000190734863,1.8839999437332153,1.725000023841858,1.8799999952316284,23815000,2026-10-08
2002-06-26,1.4831150770187378,1.75,1.7740000486373901,1.6629999876022339,1.6890000104904175,23544000,2026-10-08
2002-06-27,1.5543038845062256,1.8339999914169312,1.8730000257492065,1.7790000438690186,1.7799999713897705,24970000,2026-10-08
2002-06-28,1.5237945318222046,1.7979999780654907,1.8969999551773071,1.7790000438690186,1.8300000429153442,18850000,2026-10-08
2002-07-01,1.4288749694824219,1.6859999895095825,1.8240000009536743,1.6649999618530273,1.7910000085830688,16412000,2026-10-08
2002-07-02,1.343278408050537,1.5850000381469727,1.6710000038146973,1.5759999752044678,1.6640000343322754,25441000,2026-10-08
2002-07-03,1.427180290222168,1.684000015258789,1.684999942779541,1.5679999589920044,1.5750000476837158,21554000,2026-10-08
2002-07-05,1.550066590309143,1.8289999961853027,1.8600000143051147,1.687999963760376,1.687999963760376,14968000,2026-10-08
2002-07-08,1.4924373626708984,1.7610000371932983,1.8600000143051147,1.7410000562667847,1.8209999799728394,15438000,2026-10-08
2002-07-09,1.389042854309082,1.6390000581741333,1.7070000171661377,1.6369999647140503,1.7050000429153442,16605000,2026-10-08
2002-07-10,1.3220908641815186,1.559999942779541,1.6679999828338623,1.5570000410079956,1.656000018119812,21275000,2026-10-08
2002-07-11,1.4254851341247559,1.6820000410079956,1.684000015258789,1.531000018119812,1.5570000410079956,25188000,2026-10-08
2002-07-12,1.4415878057479858,1.7009999752044678,1.74399995803833,1.6510000228881836,1.7070000171661377,16456000,2026-10-08
2002-07-15,1.468707799911499,1.7330000400543213,1.7480000257492065,1.6369999647140503,1.7259999513626099,20152000,2026-10-08
2002-07-16,1.3992127180099487,1.6510000228881836,1.7879999876022339,1.6339999437332153,1.7300000190734863,35486000,2026-10-08
2002-07-17,1.3949754238128662,1.6460000276565552,1.7740000486373901,1.5759999752044678,1.7100000381469727,33206000,2026-10-08
2002-07-18,1.3322609663009644,1.5720000267028809,1.6690000295639038,1.5499999523162842,1.6349999904632568,21478000,2026-10-08
2002-07-19,1.3534479141235352,1.597000002861023,1.621999979019165,1.5260000228881836,1.5479999780654907,21819000,2026-10-08
2002-07-22,1.3051409721374512,1.5399999618530273,1.621000051498413,1.5140000581741333,1.590999960899353,24129000,2026-10-08
2002-07-23,1.182254433631897,1.3949999809265137,1.5199999809265137,1.3730000257492065,1.5099999904632568,38256000,2026-10-08
2002-07-24,1.172084093093872,1.3830000162124634,1.4199999570846558,1.2599999904632568,1.3700000047683716,43356000,2026-10-08
2002-07-25,1.005128264427185,1.1859999895095825,1.3700000047683716,1.1640000343322754,1.3700000047683716,61676000,2026-10-08
2002-07-26,0.9839407801628113,1.1610000133514404,1.25,1.1380000114440918,1.25,31702000,2026-10-08
2002-07-29,1.0797075033187866,1.2740000486373901,1.2799999713897705,1.1950000524520874,1.2039999961853027,25899000,2026-10-08
2002-07-30,1.1407268047332764,1.3459999561309814,1.350000023841858,1.2380000352859497,1.2450000047683716,31327000,2026-10-08
2002-07-31,1.0424176454544067,1.2300000190734863,1.3289999961853027,1.2259999513626099,1.3200000524520874,20522000,2026-10-08
2002-08-01,1.028857707977295,1.2139999866485596,1.2890000343322754,1.1959999799728394,1.2200000286102295,43865000,2026-10-08
2002-08-02,0.9881784915924072,1.1660000085830688,1.2070000171661377,1.149999976158142,1.1959999799728394,35220000,2026-10-08
2002-08-05,0.9390236735343933,1.1080000400543213,1.1690000295639038,1.1019999980926514,1.1690000295639038,19166000,2026-10-08
2002-08-06,1.014450192451477,1.1970000267028809,1.2339999675750732,1.128999948501587,1.128999948501587,23076000,2026-10-08
2002-08-07,0.9941105842590332,1.1729999780654907,1.2610000371932983,1.121999979019165,1.2350000143051147,21389000,2026-10-08
2002-08-08,1.0932673215866089,1.2899999618530273,1.3029999732971191,1.149999976158142,1.1619999408721924,23164000,2026-10-08
2002-08-09,1.08564031124115,1.281000018119812,1.2970000505447388,1.225000023841858,1.25,21277000,2026-10-08
2002-08-12,1.0508930683135986,1.2400000095367432,1.2580000162124634,1.2059999704360962,1.2350000143051147,13833000,2026-10-08
2002-08-13,1.0305527448654175,1.215999960899353,1.2949999570846558,1.2059999704360962,1.2230000495910645,25860000,2026-10-08
2002-08-14,1.0822498798370361,1.2769999504089355,1.281999945640564,1.1799999475479126,1.2109999656677246,32226000,2026-10-08
2002-08-15,1.094115138053894,1.2910000085830688,1.3250000476837158,1.215999960899353,1.281000018119812,31322000,2026-10-08
2002-08-16,1.206831455230713,1.4240000247955322,1.437000036239624,1.274999976158142,1.284000039100647,26622000,2026-10-08
2002-08-19,1.2839539051055908,1.5149999856948853,1.5149999856948853,1.3960000276565552,1.406000018119812,23047000,2026-10-08
2002-08-20,1.1941192150115967,1.409000039100647,1.5,1.406000018119812,1.4880000352859497,17399000,2026-10-08
2002-08-21,1.237341284751892,1.4600000381469727,1.4789999723434448,1.4110000133514404,1.437000036239624,26241000,2026-10-08
2002-08-22,1.2356466054916382,1.4579999446868896,1.5099999904632568,1.437999963760376,1.440999984741211,17271000,2026-10-08
2002-08-23,1.1525923013687134,1.3600000143051147,1.4459999799728394,1.3589999675750732,1.4450000524520874,17871000,2026-10-08
2002-08-26,1.172084093093872,1.3830000162124634,1.3839999437332153,1.312999963760376,1.375,14516000,2026-10-08
2002-08-27,1.0805548429489136,1.274999976158142,1.3890000581741333,1.2680000066757202,1.3890000581741333,19782000,2026-10-08
2002-08-28,1.0102126598358154,1.1920000314712524,1.2610000371932983,1.1920000314712524,1.2589999437332153,22198000,2026-10-08
2002-08-29,1.0127558708190918,1.1950000524520874,1.2269999980926514,1.1039999723434448,1.1150000095367432,25725000,2026-10-08
2002-08-30,0.9856355786323547,1.1629999876022339,1.1950000524520874,1.1349999904632568,1.1399999856948853,20188000,2026-10-08
2002-09-03,0.9288536310195923,1.0959999561309814,1.149999976158142,1.0809999704360962,1.149999976158142,16897000,2026-10-08
2002-09-04,0.935633659362793,1.1039999723434448,1.1050000190734863,1.024999976158142,1.097000002861023,25599000,2026-10-08
2002-09-05,0.8669866323471069,1.0230000019073486,1.0859999656677246,1.0199999809265137,1.0729999542236328,14460000,2026-10-08
2002-09-06,0.931395947933197,1.0989999771118164,1.1059999465942383,1.062999963760376,1.062999963760376,22072000,2026-10-08
2002-09-09,0.9119038581848145,1.0759999752044678,1.0880000591278076,1.0329999923706055,1.0640000104904175,22001000,2026-10-08
2002-09-10,0.9797033667564392,1.156000018119812,1.1670000553131104,1.0720000267028809,1.0720000267028809,22395000,2026-10-08
2002-09-11,0.9915685653686523,1.1699999570846558,1.2059999704360962,1.1629999876022339,1.1660000085830688,9279000,2026-10-08
2002-09-12,0.940718948841095,1.1100000143051147,1.1449999809265137,1.100000023841858,1.1440000534057617,11112000,2026-10-08
2002-09-13,0.9110564589500427,1.0750000476837158,1.1369999647140503,1.0709999799728394,1.1009999513626099,18930000,2026-10-08
2002-09-16,0.868681788444519,1.024999976158142,1.0800000429153442,1.0199999809265137,1.0700000524520874,17857000,2026-10-08
2002-09-17,0.8525790572166443,1.00600004196167,1.0789999961853027,1.0049999952316284,1.0540000200271606,24616000,2026-10-08
2002-09-18,0.846646785736084,0.9990000128746033,1.0299999713897705,0.9850000143051147,1.0049999952316284,19056000,2026-10-08
2002-09-19,0.7585073113441467,0.8949999809265137,0.9990000128746033,0.8920000195503235,0.9819999933242798,72476000,2026-10-08
2002-09-20,0.786474347114563,0.9279999732971191,0.9480000138282776,0.9079999923706055,0.9440000057220459,27275000,2026-10-08
2002-09-23,0.7703721523284912,0.9089999794960022,0.9259999990463257,0.8949999809265137,0.9049999713897705,31619000,2026-10-08
2002-09-24,0.7830847501754761,0.9240000247955322,0.9340000152587891,0.8610000014305115,0.875,71893000,2026-10-08
2002-09-25,0.8263069987297058,0.9750000238418579,0.9990000128746033,0.9319999814033508,0.9409999847412109,30838000,2026-10-08
2002-09-26,0.7924070954322815,0.9350000023841858,0.9929999709129333,0.9259999990463257,0.9929999709129333,17516000,2026-10-08
2002-09-27,0.7763047814369202,0.9160000085830688,0.9670000076293945,0.902999997138977,0.9229999780654907,17709000,2026-10-08
2002-09-30,0.7542698383331299,0.8899999856948853,0.9100000262260437,0.8629999756813049,0.9070000052452087,18575000,2026-10-08
2002-10-01,0.7585073113441467,0.8949999809265137,0.906000018119812,0.8550000190734863,0.8889999985694885,21068000,2026-10-08
2002-10-02,0.769524872303009,0.9079999923706055,0.9470000267028809,0.875,0.8840000033378601,20416000,2026-10-08
2002-10-03,0.7085049748420715,0.8360000252723694,0.8989999890327454,0.828000009059906,0.8859999775886536,14173000,2026-10-08
2002-10-04,0.6432481408119202,0.7590000033378601,0.8629999756813049,0.75,0.8550000190734863,26617000,2026-10-08
2002-10-07,0.595788300037384,0.703000009059906,0.781000018119812,0.6990000009536743,0.7609999775886536,28212000,2026-10-08
2002-10-08,0.595788300037384,0.703000009059906,0.7310000061988831,0.6629999876022339,0.7099999785423279,19911000,2026-10-08
2002-10-09,0.5695160627365112,0.671999990940094,0.7269999980926514,0.6700000166893005,0.6859999895095825,13994000,2026-10-08
2002-10-10,0.6347731947898865,0.7490000128746033,0.75,0.6690000295639038,0.6700000166893005,23488000,2026-10-08
2002-10-11,0.7127425670623779,0.8410000205039978,0.8579999804496765,0.7549999952316284,0.7559999823570251,20660000,2026-10-08
2002-10-14,0.7076578140258789,0.8349999785423279,0.8489999771118164,0.7990000247955322,0.8149999976158142,11907000,2026-10-08
2002-10-15,0.7898647785186768,0.9319999814033508,0.9350000023841858,0.878000020980835,0.8820000290870667,19846000,2026-10-08
2002-10-16,0.7364725470542908,0.8690000176429749,0.8939999938011169,0.8519999980926514,0.878000020980835,19317000,2026-10-08
2002-10-17,0.8195269703865051,0.9670000076293945,0.9700000286102295,0.9020000100135803,0.9020000100135803,29449000,2026-10-08
2002-10-18,0.943260908126831,1.1130000352859497,1.1360000371932983,0.9399999976158142,0.949999988079071,50691000,2026-10-08
2002-10-21,1.0059759616851807,1.187000036239624,1.187000036239624,1.055999994277954,1.090999960899353,25889000,2026-10-08
2002-10-22,0.8898688554763794,1.0499999523162842,1.1349999904632568,1.0410000085830688,1.1150000095367432,26887000,2026-10-08
2002-10-23,0.9288536310195923,1.0959999561309814,1.1139999628067017,1.0,1.0110000371932983,54303000,2026-10-08
2002-10-24,0.9161410331726074,1.0809999704360962,1.1699999570846558,1.0720000267028809,1.1080000400543213,33859000,2026-10-08
2002-10-25,0.9373287558555603,1.1059999465942383,1.1200000047683716,1.0759999752044678,1.0839999914169312,15406000,2026-10-08
2002-10-28,0.9593632221221924,1.1319999694824219,1.1920000314712524,1.1080000400543213,1.1080000400543213,25664000,2026-10-08
2002-10-29,0.9568207859992981,1.128999948501587,1.1579999923706055,1.0750000476837158,1.1230000257492065,20654000,2026-10-08
2002-10-30,1.1059799194335938,1.3049999475479126,1.3079999685287476,1.11899995803833,1.1380000114440918,42015000,2026-10-08
2002-10-31,1.0669949054718018,1.2589999437332153,1.3580000400543213,1.2510000467300415,1.309999942779541,37809000,2026-10-08
2002-11-01,1.1407268047332764,1.3459999561309814,1.3519999980926514,1.225000023841858,1.25600004196167,25418000,2026-10-08
2002-11-04,1.1966618299484253,1.4119999408721924,1.496000051498413,1.3530000448226929,1.3530000448226929,33324000,2026-10-08
2002-11-05,1.1390321254730225,1.343999981880188,1.406000018119812,1.2799999713897705,1.406000018119812,33026000,2026-10-08
2002-11-06,1.20259428024292,1.4190000295639038,1.430999994277954,1.3309999704360962,1.350000023841858,20590000,2026-10-08
2002-11-07,1.061910629272461,1.253000020980835,1.38100004196167,1.253000020980835,1.378999948501587,26380000,2026-10-08
2002-11-08,1.036485195159912,1.2230000495910645,1.2630000114440918,1.1770000457763672,1.253999948501587,32104000,2026-10-08
2002-11-11,0.9585157632827759,1.13100004196167,1.2269999980926514,1.1100000143051147,1.2259999513626099,22161000,2026-10-08
2002-11-12,1.0161453485488892,1.1990000009536743,1.2339999675750732,1.128999948501587,1.1390000581741333,24806000,2026-10-08
2002-11-13,1.0136029720306396,1.1959999799728394,1.2380000352859497,1.149999976158142,1.1699999570846558,18115000,2026-10-08
2002-11-14,1.1102173328399658,1.309999942779541,1.312999963760376,1.2130000591278076,1.2480000257492065,25592000,2026-10-08
2002-11-15,1.1119123697280884,1.312000036239624,1.3350000381469727,1.2580000162124634,1.2790000438690186,15520000,2026-10-08
2002-11-18,1.099199891090393,1.2970000505447388,1.378000020980835,1.2890000343322754,1.340000033378601,14655000,2026-10-08
2002-11-19,1.0949625968933105,1.2920000553131104,1.3380000591278076,1.2680000066757202,1.2910000085830688,10749000,2026-10-08
2002-11-20,1.1958144903182983,1.4110000133514404,1.4179999828338623,1.3020000457763672,1.3109999895095825,23911000,2026-10-08
2002-11-21,1.300055980682373,1.534000039100647,1.5410000085830688,1.440999984741211,1.4459999799728394,25022000,2026-10-08
2002-11-22,1.2958186864852905,1.5290000438690186,1.559999942779541,1.4889999628067017,1.5140000581741333,21400000,2026-10-08
2002-11-25,1.3771781921386719,1.625,1.63100004196167,1.534999966621399,1.5379999876022339,32915000,2026-10-08
2002-11-26,1.3314136266708374,1.5709999799728394,1.6410000324249268,1.562000036239624,1.6410000324249268,25796000,2026-10-08
2002-11-27,1.4542996883392334,1.715999960899353,1.7209999561309814,1.6069999933242798,1.6100000143051147,19908000,2026-10-08
2002-11-29,1.3763303756713867,1.6239999532699585,1.7309999465942383,1.6130000352859497,1.7259999513626099,11681000,2026-10-08
2002-12-02,1.3771781921386719,1.625,1.7230000495910645,1.5779999494552612,1.6799999475479126,23250000,2026-10-08
2002-12-03,1.254291296005249,1.4800000190734863,1.600000023841858,1.4759999513626099,1.5959999561309814,24382000,2026-10-08
2002-12-04,1.1271671056747437,1.3300000429153442,1.4270000457763672,1.284999966621399,1.4190000295639038,42394000,2026-10-08
2002-12-05,1.1034376621246338,1.3020000457763672,1.3739999532699585,1.2949999570846558,1.371999979019165,19604000,2026-10-08
2002-12-06,1.0780128240585327,1.2719999551773071,1.3200000524520874,1.2610000371932983,1.2949999570846558,18772000,2026-10-08
2002-12-09,0.9610584378242493,1.1339999437332153,1.2660000324249268,1.128000020980835,1.2649999856948853,33837000,2026-10-08
2002-12-10,1.0644526481628418,1.25600004196167,1.2610000371932983,1.1299999952316284,1.1399999856948853,37872000,2026-10-08
2002-12-11,1.0822498798370361,1.2769999504089355,1.3389999866485596,1.2109999656677246,1.2400000095367432,43061000,2026-10-08
2002-12-12,1.0686900615692139,1.2610000371932983,1.315000057220459,1.2510000467300415,1.2999999523162842,16413000,2026-10-08
2002-12-13,0.9941105842590332,1.1729999780654907,1.2380000352859497,1.1720000505447388,1.2230000495910645,16110000,2026-10-08
2002-12-16,1.0576726198196411,1.2480000257492065,1.2589999437332153,1.1749999523162842,1.2050000429153442,16556000,2026-10-08
2002-12-17,1.0398753881454468,1.2269999980926514,1.281999945640564,1.2109999656677246,1.2200000286102295,15847000,2026-10-08
2002-12-18,0.9229212999343872,1.0889999866485596,1.2089999914169312,1.0880000591278076,1.1990000009536743,34547000,2026-10-08
2002-12-19,0.9330910444259644,1.1009999513626099,1.125,1.0420000553131104,1.0889999866485596,27095000,2026-10-08
2002-12-20,0.9508885145187378,1.121999979019165,1.1360000371932983,1.0850000381469727,1.1160000562667847,16987000,2026-10-08
2002-12-23,0.9720756411552429,1.1469999551773071,1.1670000553131104,1.1109999418258667,1.1109999418258667,11028000,2026-10-08
2002-12-24,0.9644485116004944,1.1380000114440918,1.1649999618530273,1.1269999742507935,1.1440000534057617,4209000,2026-10-08
2002-12-26,0.9517361521720886,1.1230000257492065,1.1770000457763672,1.1109999418258667,1.1549999713897705,8560000,2026-10-08
2002-12-27,0.940718948841095,1.1100000143051147,1.1360000371932983,1.1050000190734863,1.1260000467300415,6123000,2026-10-08
2002-12-30,0.9237687587738037,1.090000033378601,1.1410000324249268,1.0700000524520874,1.1269999742507935,11536000,2026-10-08
2002-12-31,0.9152935743331909,1.0800000429153442,1.1130000352859497,1.0720000267028809,1.0759999752044678,12063000,2026-10-08
2003-01-02,0.987330436706543,1.1649999618530273,1.1690000295639038,1.0700000524520874,1.0980000495910645,16926000,2026-10-08
2003-01-03,0.9754660725593567,1.1510000228881836,1.2050000429153442,1.1410000324249268,1.1440000534057617,14773000,2026-10-08
2003-01-06,1.0653001070022583,1.2569999694824219,1.274999976158142,1.2009999752044678,1.2300000190734863,30308000,2026-10-08
2003-01-07,1.0771650075912476,1.2710000276565552,1.309000015258789,1.246999979019165,1.281000018119812,24388000,2026-10-08
2003-01-08,1.0500456094741821,1.2389999628067017,1.2730000019073486,1.2319999933242798,1.2450000047683716,16089000,2026-10-08
2003-01-09,1.121234655380249,1.3229999542236328,1.3450000286102295,1.2580000162124634,1.2640000581741333,25727000,2026-10-08
2003-01-10,1.1686941385269165,1.378999948501587,1.3890000581741333,1.284000039100647,1.284999966621399,20258000,2026-10-08
2003-01-13,1.1407268047332764,1.3459999561309814,1.437999963760376,1.340999960899353,1.4040000438690186,20243000,2026-10-08
2003-01-14,1.1483547687530518,1.3550000190734863,1.4010000228881836,1.3250000476837158,1.3370000123977661,25646000,2026-10-08
2003-01-15,1.0898776054382324,1.2860000133514404,1.3300000429153442,1.25,1.3140000104904175,22566000,2026-10-08
2003-01-16,1.1093697547912598,1.309000015258789,1.3200000524520874,1.2760000228881836,1.2910000085830688,36712000,2026-10-08
2003-01-17,1.0449601411819458,1.2330000400543213,1.284000039100647,1.2309999465942383,1.281000018119812,20166000,2026-10-08
2003-01-21,1.0585200786590576,1.2489999532699585,1.2869999408721924,1.2419999837875366,1.2589999437332153,24321000,2026-10-08
2003-01-22,1.028857707977295,1.2139999866485596,1.2940000295639038,1.2139999866485596,1.2569999694824219,33323000,2026-10-08
2003-01-23,1.10004723072052,1.2979999780654907,1.3029999732971191,1.25,1.284999966621399,37378000,2026-10-08
2003-01-24,1.0424176454544067,1.2300000190734863,1.2949999570846558,1.2109999656677246,1.2920000553131104,33915000,2026-10-08
2003-01-27,1.0297054052352905,1.215000033378601,1.253000020980835,1.2000000476837158,1.2100000381469727,13489000,2026-10-08
2003-01-28,1.0500456094741821,1.2389999628067017,1.25,1.180999994277954,1.2209999561309814,29756000,2026-10-08
2003-01-29,1.10004723072052,1.2979999780654907,1.3009999990463257,1.1920000314712524,1.2330000400543213,32630000,2026-10-08
2003-01-30,1.0237727165222168,1.2079999446868896,1.3079999685287476,1.2000000476837158,1.2990000247955322,24167000,2026-10-08
2003-01-31,0.9907209277153015,1.1690000295639038,1.1770000457763672,1.1039999723434448,1.1469999551773071,46820000,2026-10-08
2003-02-03,1.0042804479599,1.184999942779541,1.215999960899353,1.159999966621399,1.1610000133514404,33014000,2026-10-08
2003-02-04,1.0576726198196411,1.2480000257492065,1.2610000371932983,1.1729999780654907,1.1740000247955322,63951000,2026-10-08
2003-02-05,1.0483506917953491,1.2369999885559082,1.2949999570846558,1.2300000190734863,1.2630000114440918,23453000,2026-10-08
2003-02-06,1.056825041770935,1.246999979019165,1.2719999551773071,1.2280000448226929,1.2359999418258667,22688000,2026-10-08
2003-02-07,1.0407227277755737,1.2280000448226929,1.2690000534057617,1.215000033378601,1.2619999647140503,13803000,2026-10-08
2003-02-10,1.0653001070022583,1.2569999694824219,1.2710000276565552,1.2109999656677246,1.2319999933242798,20109000,2026-10-08
2003-02-11,1.0491979122161865,1.2380000352859497,1.2799999713897705,1.2269999980926514,1.2599999904632568,16612000,2026-10-08
2003-02-12,1.0466556549072266,1.2350000143051147,1.2599999904632568,1.215999960899353,1.215999960899353,14575000,2026-10-08
2003-02-13,1.0127558708190918,1.1950000524520874,1.2359999418258667,1.1790000200271606,1.2350000143051147,25228000,2026-10-08
2003-02-14,1.0644526481628418,1.25600004196167,1.2649999856948853,1.190999984741211,1.2029999494552612,22553000,2026-10-08
2003-02-18,1.1288620233535767,1.3320000171661377,1.3320000171661377,1.2730000019073486,1.2760000228881836,25607000,2026-10-08
2003-02-19,1.1102173328399658,1.309999942779541,1.3359999656677246,1.2999999523162842,1.3220000267028809,17880000,2026-10-08
2003-02-20,1.1517447233200073,1.3589999675750732,1.3609999418258667,1.309999942779541,1.3140000104904175,24874000,2026-10-08
2003-02-21,1.11360764503479,1.3140000104904175,1.3569999933242798,1.3070000410079956,1.3569999933242798,16480000,2026-10-08
2003-02-24,1.115302562713623,1.315999984741211,1.3459999561309814,1.3009999990463257,1.315999984741211,16234000,2026-10-08
2003-02-25,1.1288620233535767,1.3320000171661377,1.3389999866485596,1.2769999504089355,1.2899999618530273,15640000,2026-10-08
2003-02-26,1.0822498798370361,1.2769999504089355,1.3350000381469727,1.2710000276565552,1.3200000524520874,12709000,2026-10-08
2003-02-27,1.1169973611831665,1.3179999589920044,1.3279999494552612,1.2640000581741333,1.2960000038146973,13953000,2026-10-08
2003-02-28,1.129710078239441,1.3329999446868896,1.3380000591278076,1.2949999570846558,1.309999942779541,10883000,2026-10-08
2003-03-03,1.0822498798370361,1.2769999504089355,1.3589999675750732,1.2630000114440918,1.347000002861023,18598000,2026-10-08
2003-03-04,1.05343496799469,1.2430000305175781,1.2799999713897705,1.2359999418258667,1.2760000228881836,13335000,2026-10-08
2003-03-05,1.0627578496932983,1.253999948501587,1.2549999952316284,1.215000033378601,1.24399995803833,12915000,2026-10-08
2003-03-06,1.0458078384399414,1.2339999675750732,1.2510000467300415,1.1920000314712524,1.24399995803833,32540000,2026-10-08
2003-03-07,1.0237727165222168,1.2079999446868896,1.2120000123977661,1.1720000505447388,1.190000057220459,46182000,2026-10-08
2003-03-10,0.9932636618614197,1.1720000505447388,1.2020000219345093,1.1649999618530273,1.2020000219345093,10134000,2026-10-08
2003-03-11,0.9941105842590332,1.1729999780654907,1.1929999589920044,1.149999976158142,1.180999994277954,9930000,2026-10-08
2003-03-12,1.0034328699111938,1.184000015258789,1.2000000476837158,1.1490000486373901,1.1749999523162842,18767000,2026-10-08
2003-03-13,1.0864871740341187,1.281999945640564,1.281999945640564,1.2009999752044678,1.2020000219345093,17787000,2026-10-08
2003-03-14,1.0559775829315186,1.246000051498413,1.2899999618530273,1.2280000448226929,1.2730000019073486,14888000,2026-10-08
2003-03-17,1.1186926364898682,1.3200000524520874,1.3270000219345093,1.2259999513626099,1.2330000400543213,22581000,2026-10-08
2003-03-18,1.1280145645141602,1.3309999704360962,1.3380000591278076,1.2869999408721924,1.312999963760376,24828000,2026-10-08
2003-03-19,1.115302562713623,1.315999984741211,1.3370000123977661,1.284000039100647,1.3309999704360962,14295000,2026-10-08
2003-03-20,1.1263201236724854,1.3289999961853027,1.3569999933242798,1.2899999618530273,1.312999963760376,17254000,2026-10-08
2003-03-21,1.14920175075531,1.3559999465942383,1.434999942779541,1.3200000524520874,1.378000020980835,21227000,2026-10-08
2003-03-24,1.0873351097106934,1.2829999923706055,1.3220000267028809,1.2710000276565552,1.312000036239624,13573000,2026-10-08
2003-03-25,1.0890300273895264,1.284999966621399,1.2960000038146973,1.2489999532699585,1.277999997138977,23314000,2026-10-08
2003-03-26,1.0814027786254883,1.2760000228881836,1.309000015258789,1.2660000324249268,1.2829999923706055,13515000,2026-10-08
2003-03-27,1.0686900615692139,1.2610000371932983,1.281000018119812,1.2450000047683716,1.2649999856948853,13144000,2026-10-08
2003-03-28,1.024620532989502,1.2089999914169312,1.2630000114440918,1.2050000429153442,1.2580000162124634,17691000,2026-10-08
2003-03-31,0.9644485116004944,1.1380000114440918,1.2020000219345093,1.1349999904632568,1.1929999589920044,22777000,2026-10-08
2003-04-01,0.9763131737709045,1.1519999504089355,1.1619999408721924,1.1330000162124634,1.1349999904632568,18988000,2026-10-08
2003-04-02,1.0161453485488892,1.1990000009536743,1.2230000495910645,1.1799999475479126,1.180999994277954,25191000,2026-10-08
2003-04-03,1.0381805896759033,1.225000023841858,1.2510000467300415,1.194000005722046,1.2209999561309814,21465000,2026-10-08
2003-04-04,1.028857707977295,1.2139999866485596,1.2389999628067017,1.2009999752044678,1.2359999418258667,14662000,2026-10-08
2003-04-07,1.0644526481628418,1.25600004196167,1.3040000200271606,1.2410000562667847,1.2740000486373901,14304000,2026-10-08
2003-04-08,1.006822943687439,1.187999963760376,1.246999979019165,1.184000015258789,1.2450000047683716,14591000,2026-10-08
2003-04-09,0.9686864018440247,1.1430000066757202,1.2020000219345093,1.1399999856948853,1.1749999523162842,18737000,2026-10-08
2003-04-10,0.9661433696746826,1.1399999856948853,1.1519999504089355,1.121000051498413,1.1419999599456787,10852000,2026-10-08
2003-04-11,0.940718948841095,1.1100000143051147,1.1690000295639038,1.1039999723434448,1.152999997138977,27285000,2026-10-08
2003-04-14,0.940718948841095,1.1100000143051147,1.1150000095367432,1.0920000076293945,1.1080000400543213,28304000,2026-10-08
2003-04-15,0.9686864018440247,1.1430000066757202,1.159000039100647,1.0770000219345093,1.0850000381469727,32255000,2026-10-08
2003-04-16,0.9915685653686523,1.1699999570846558,1.215999960899353,1.156000018119812,1.1779999732971191,33308000,2026-10-08
2003-04-17,1.1364895105361938,1.340999960899353,1.3459999561309814,1.218999981880188,1.2580000162124634,73445000,2026-10-08
2003-04-21,1.1653046607971191,1.375,1.378999948501587,1.3229999542236328,1.3359999656677246,28298000,2026-10-08
2003-04-22,1.2153066396713257,1.434000015258789,1.4579999446868896,1.3250000476837158,1.3619999885559082,30494000,2026-10-08
2003-04-23,1.2203917503356934,1.440000057220459,1.4509999752044678,1.4210000038146973,1.4390000104904175,32140000,2026-10-08
2003-04-24,1.2000519037246704,1.4160000085830688,1.4609999656677246,1.409000039100647,1.409000039100647,23848000,2026-10-08
2003-04-25,1.1449650526046753,1.3509999513626099,1.399999976158142,1.3350000381469727,1.3980000019073486,19767000,2026-10-08
2003-04-28,1.182254433631897,1.3949999809265137,1.399999976158142,1.3550000190734863,1.3550000190734863,12297000,2026-10-08
2003-04-29,1.2551387548446655,1.4809999465942383,1.4980000257492065,1.4040000438690186,1.4040000438690186,34779000,2026-10-08
2003-04-30,1.2441216707229614,1.468000054359436,1.4900000095367432,1.444000005722046,1.4739999771118164,19386000,2026-10-08
2003-05-01,1.2788686752319336,1.5089999437332153,1.5110000371932983,1.4500000476837158,1.4759999513626099,26191000,2026-10-08
2003-05-02,1.3212436437606812,1.559000015258789,1.5679999589920044,1.5,1.5,27442000,2026-10-08
2003-05-05,1.3254806995391846,1.5640000104904175,1.600000023841858,1.5460000038146973,1.5499999523162842,14393000,2026-10-08
2003-05-06,1.343278408050537,1.5850000381469727,1.6080000400543213,1.5449999570846558,1.5700000524520874,14255000,2026-10-08
2003-05-07,1.3331084251403809,1.5729999542236328,1.593999981880188,1.5509999990463257,1.5770000219345093,20446000,2026-10-08
2003-05-08,1.3102260828018188,1.5460000038146973,1.559999942779541,1.5210000276565552,1.5540000200271606,16065000,2026-10-08
2003-05-09,1.3737882375717163,1.621000051498413,1.6260000467300415,1.5609999895095825,1.5609999895095825,19629000,2026-10-08
2003-05-12,1.4119255542755127,1.6660000085830688,1.6699999570846558,1.6089999675750732,1.6119999885559082,22524000,2026-10-08
2003-05-13,1.3966701030731201,1.6480000019073486,1.6510000228881836,1.6119999885559082,1.6369999647140503,24074000,2026-10-08
2003-05-14,1.4085347652435303,1.6619999408721924,1.6729999780654907,1.6109999418258667,1.6369999647140503,23277000,2026-10-08
2003-05-15,1.3788732290267944,1.6269999742507935,1.6770000457763672,1.5880000591278076,1.6299999952316284,23438000,2026-10-08
2003-05-16,1.3348032236099243,1.5750000476837158,1.61899995803833,1.565999984741211,1.6169999837875366,32837000,2026-10-08
2003-05-19,1.2712419033050537,1.5,1.569000005722046,1.496000051498413,1.5640000104904175,21847000,2026-10-08
2003-05-20,1.2788686752319336,1.5089999437332153,1.5420000553131104,1.4950000047683716,1.524999976158142,10234000,2026-10-08
2003-05-21,1.2924284934997559,1.524999976158142,1.5269999504089355,1.4850000143051147,1.5099999904632568,15765000,2026-10-08
2003-05-22,1.3297182321548462,1.569000005722046,1.5850000381469727,1.5219999551773071,1.5230000019073486,8202000,2026-10-08
2003-05-23,1.3178532123565674,1.5549999475479126,1.5740000009536743,1.534000039100647,1.5740000009536743,10479000,2026-10-08
2003-05-27,1.4034504890441895,1.656000018119812,1.6649999618530273,1.5379999876022339,1.5470000505447388,21600000,2026-10-08
2003-05-28,1.4000605344772339,1.6519999504089355,1.6770000457763672,1.6380000114440918,1.649999976158142,15680000,2026-10-08
2003-05-29,1.4407399892807007,1.7000000476837158,1.7089999914169312,1.6380000114440918,1.6490000486373901,20734000,2026-10-08
2003-05-30,1.5127770900726318,1.784999966621399,1.8040000200271606,1.7000000476837158,1.7029999494552612,25066000,2026-10-08
2003-06-02,1.5204048156738281,1.7940000295639038,1.8830000162124634,1.7769999504089355,1.7990000247955322,32945000,2026-10-08
2003-06-03,1.5466769933700562,1.8250000476837158,1.8329999446868896,1.784999966621399,1.784999966621399,21563000,2026-10-08
2003-06-04,1.597527027130127,1.8849999904632568,1.8910000324249268,1.805999994277954,1.8250000476837158,17878000,2026-10-08
2003-06-05,1.6348167657852173,1.9290000200271606,1.9299999475479126,1.8320000171661377,1.8680000305175781,17796000,2026-10-08
2003-06-06,1.619561791419983,1.9110000133514404,2.0199999809265137,1.878999948501587,1.9819999933242798,35390000,2026-10-08
2003-06-09,1.5458292961120605,1.8240000009536743,1.899999976158142,1.8070000410079956,1.8899999856948853,11531000,2026-10-08
2003-06-10,1.5212520360946655,1.7949999570846558,1.7990000247955322,1.7200000286102295,1.7769999504089355,22914000,2026-10-08
2003-06-11,1.5348122119903564,1.8109999895095825,1.815999984741211,1.7209999561309814,1.781000018119812,22059000,2026-10-08
2003-06-12,1.5814242362976074,1.8660000562667847,1.875,1.8049999475479126,1.8240000009536743,34607000,2026-10-08
2003-06-13,1.5051498413085938,1.7760000228881836,1.875,1.7669999599456787,1.8619999885559082,18728000,2026-10-08
2003-06-16,1.5466769933700562,1.8250000476837158,1.8459999561309814,1.774999976158142,1.7869999408721924,19219000,2026-10-08
2003-06-17,1.5721017122268677,1.8550000190734863,1.875,1.8040000200271606,1.8630000352859497,13320000,2026-10-08
2003-06-18,1.6043070554733276,1.8930000066757202,1.9420000314712524,1.815000057220459,1.8420000076293945,18372000,2026-10-08
2003-06-19,1.5678645372390747,1.850000023841858,1.9229999780654907,1.8450000286102295,1.9040000438690186,23710000,2026-10-08
2003-06-20,1.5026071071624756,1.7730000019073486,1.8630000352859497,1.7380000352859497,1.8489999771118164,27634000,2026-10-08
2003-06-23,1.489894986152649,1.7580000162124634,1.815000057220459,1.746999979019165,1.7920000553131104,17372000,2026-10-08
2003-06-24,1.4788774251937866,1.7450000047683716,1.7790000438690186,1.725000023841858,1.753999948501587,17736000,2026-10-08
2003-06-25,1.5085396766662598,1.7799999713897705,1.850000023841858,1.7489999532699585,1.7510000467300415,20931000,2026-10-08
2003-06-26,1.572948694229126,1.8559999465942383,1.8630000352859497,1.7860000133514404,1.7890000343322754,15153000,2026-10-08
2003-06-27,1.5661695003509521,1.8480000495910645,1.8890000581741333,1.840000033378601,1.8650000095367432,14694000,2026-10-08
2003-06-30,1.5432863235473633,1.8209999799728394,1.8890000581741333,1.815999984741211,1.8270000219345093,13030000,2026-10-08
2003-07-01,1.56955885887146,1.8519999980926514,1.8609999418258667,1.7589999437332153,1.8609999418258667,29519000,2026-10-08
2003-07-02,1.603459119796753,1.8919999599456787,1.8990000486373901,1.8370000123977661,1.850000023841858,21485000,2026-10-08
2003-07-03,1.5814242362976074,1.8660000562667847,1.9140000343322754,1.8600000143051147,1.871000051498413,10262000,2026-10-08
2003-07-07,1.7000735998153687,2.00600004196167,2.006999969482422,1.871000051498413,1.8730000257492065,25418000,2026-10-08
2003-07-08,1.7424479722976685,2.055999994277954,2.063999891281128,1.9500000476837158,1.9839999675750732,28975000,2026-10-08
2003-07-09,1.8085530996322632,2.134000062942505,2.1710000038146973,2.0399999618530273,2.0450000762939453,29383000,2026-10-08
2003-07-10,1.7297357320785522,2.0409998893737793,2.1429998874664307,2.0299999713897705,2.134000062942505,30694000,2026-10-08
2003-07-11,1.6899032592773438,1.99399995803833,2.0739998817443848,1.9730000495910645,2.0510001182556152,35339000,2026-10-08
2003-07-14,1.7729580402374268,2.0920000076293945,2.119999885559082,2.0299999713897705,2.0350000858306885,32419000,2026-10-08
2003-07-15,1.8907592296600342,2.2309999465942383,2.299999952316284,2.109999895095825,2.118000030517578,60931000,2026-10-08
2003-07-16,1.8551642894744873,2.188999891281128,2.25600004196167,2.119999885559082,2.25,36710000,2026-10-08
2003-07-17,1.7653300762176514,2.0829999446868896,2.1559998989105225,2.0769999027252197,2.128000020980835,39497000,2026-10-08
2003-07-18,1.7763484716415405,2.0959999561309814,2.121000051498413,2.0409998893737793,2.0899999141693115,12989000,2026-10-08
2003-07-21,1.719565987586975,2.0290000438690186,2.0959999561309814,2.0209999084472656,2.0959999561309814,9537000,2026-10-08
2003-07-22,1.8085530996322632,2.134000062942505,2.2330000400543213,2.11899995803833,2.1410000324249268,52124000,2026-10-08
2003-07-23,1.8466894626617432,2.178999900817871,2.197000026702881,2.1019999980926514,2.138000011444092,37521000,2026-10-08
2003-07-24,1.8280450105667114,2.1570000648498535,2.2300000190734863,2.059999942779541,2.115000009536743,40785000,2026-10-08
2003-07-25,1.8339778184890747,2.1640000343322754,2.188999891281128,2.1059999465942383,2.1530001163482666,18054000,2026-10-08
2003-07-28,1.9187264442443848,2.2639999389648438,2.2950000762939453,2.140000104904175,2.1579999923706055,23791000,2026-10-08
2003-07-29,1.8738096952438354,2.2109999656677246,2.2780001163482666,2.1689999103546143,2.2780001163482666,17771000,2026-10-08
2003-07-30,1.8365200757980347,2.1670000553131104,2.2119998931884766,2.1600000858306885,2.2049999237060547,16458000,2026-10-08
2003-07-31,1.8466894626617432,2.178999900817871,2.234999895095825,2.1619999408721924,2.2100000381469727,21328000,2026-10-08
2003-08-01,1.8390634059906006,2.1700000762939453,2.194000005722046,2.135999917984009,2.180000066757202,22196000,2026-10-08
2003-08-04,1.862791895866394,2.197999954223633,2.2130000591278076,2.1500000953674316,2.177000045776367,16089000,2026-10-08
2003-08-05,1.7966876029968262,2.119999885559082,2.200000047683716,2.11299991607666,2.1989998817443848,11781000,2026-10-08
2003-08-06,1.7568554878234863,2.072999954223633,2.13700008392334,2.053999900817871,2.115999937057495,21908000,2026-10-08
2003-08-07,1.737363576889038,2.049999952316284,2.0959999561309814,2.0350000858306885,2.075000047683716,9344000,2026-10-08
2003-08-08,1.6170191764831543,1.9079999923706055,2.069999933242798,1.8919999599456787,2.049999952316284,28136000,2026-10-08
2003-08-11,1.6983784437179565,2.003999948501587,2.0199999809265137,1.9119999408721924,1.9119999408721924,25902000,2026-10-08
2003-08-12,1.7644832134246826,2.0820000171661377,2.0829999446868896,1.9900000095367432,1.9910000562667847,19274000,2026-10-08
2003-08-13,1.8331303596496582,2.1630001068115234,2.2019999027252197,2.078000068664551,2.078000068664551,21479000,2026-10-08
2003-08-14,1.8466894626617432,2.178999900817871,2.194999933242798,2.1440000534057617,2.1649999618530273,9231000,2026-10-08
2003-08-15,1.8424525260925293,2.1740000247955322,2.181999921798706,2.117000102996826,2.1700000762939453,3099000,2026-10-08
2003-08-18,1.9822889566421509,2.3389999866485596,2.3450000286102295,2.1670000553131104,2.1670000553131104,26844000,2026-10-08
2003-08-19,1.997543215751648,2.3570001125335693,2.365000009536743,2.2929999828338623,2.3469998836517334,14582000,2026-10-08
2003-08-20,2.0339863300323486,2.4000000953674316,2.4240000247955322,2.3320000171661377,2.3350000381469727,16490000,2026-10-08
2003-08-21,2.100938558578491,2.4790000915527344,2.5399999618530273,2.4070000648498535,2.5160000324249268,33194000,2026-10-08
2003-08-22,2.0831401348114014,2.4579999446868896,2.5840001106262207,2.4539999961853027,2.515000104904175,22417000,2026-10-08
2003-08-25,2.0678863525390625,2.440000057220459,2.4649999141693115,2.4210000038146973,2.447000026702881,13624000,2026-10-08
2003-08-26,2.053478479385376,2.4230000972747803,2.436000108718872,2.3269999027252197,2.434999942779541,19301000,2026-10-08
2003-08-27,2.1678895950317383,2.558000087738037,2.559000015258789,2.4170000553131104,2.4200000762939453,22087000,2026-10-08
2003-08-28,2.1865346431732178,2.5799999237060547,2.5989999771118164,2.552000045776367,2.555000066757202,30656000,2026-10-08
2003-08-29,2.170433282852173,2.561000108718872,2.5969998836517334,2.5480000972747803,2.569999933242798,13262000,2026-10-08
2003-09-02,2.14839768409729,2.5350000858306885,2.5769999027252197,2.4660000801086426,2.569000005722046,19245000,2026-10-08
2003-09-03,2.1246683597564697,2.506999969482422,2.5910000801086426,2.502000093460083,2.5339999198913574,25081000,2026-10-08
2003-09-04,2.1602625846862793,2.5490000247955322,2.5999999046325684,2.490000009536743,2.5999999046325684,21441000,2026-10-08
2003-09-05,2.2034850120544434,2.5999999046325684,2.6470000743865967,2.509999990463257,2.5220000743865967,19829000,2026-10-08
2003-09-08,2.2500970363616943,2.6549999713897705,2.6760001182556152,2.609999895095825,2.609999895095825,18629000,2026-10-08
2003-09-09,2.2322988510131836,2.634000062942505,2.671999931335449,2.5859999656677246,2.638000011444092,12007000,2026-10-08
2003-09-10,2.059410810470581,2.430000066757202,2.5929999351501465,2.424999952316284,2.5920000076293945,28828000,2026-10-08
2003-09-11,2.095005750656128,2.4719998836517334,2.5139999389648438,2.390000104904175,2.436000108718872,24390000,2026-10-08
2003-09-12,2.1339898109436035,2.5179998874664307,2.5350000858306885,2.4159998893737793,2.4649999141693115,21389000,2026-10-08
2003-09-15,2.1153452396392822,2.496000051498413,2.569999933242798,2.4860000610351562,2.5450000762939453,15164000,2026-10-08
2003-09-16,2.1695847511291504,2.559999942779541,2.569000005722046,2.503999948501587,2.506999969482422,16966000,2026-10-08
2003-09-17,2.1458547115325928,2.5320000648498535,2.5739998817443848,2.5220000743865967,2.553999900817871,16189000,2026-10-08
2003-09-18,2.110260486602783,2.490000009536743,2.507999897003174,2.375,2.4730000495910645,55666000,2026-10-08
2003-09-19,2.1170401573181152,2.497999906539917,2.51200008392334,2.450000047683716,2.4839999675750732,20285000,2026-10-08
2003-09-22,2.0331382751464844,2.3989999294281006,2.444999933242798,2.378000020980835,2.434000015258789,14904000,2026-10-08
2003-09-23,2.063648223876953,2.434999942779541,2.437000036239624,2.377000093460083,2.38700008392334,18191000,2026-10-08
2003-09-24,1.9433035850524902,2.2929999828338623,2.443000078201294,2.2920000553131104,2.434999942779541,17103000,2026-10-08
2003-09-25,1.9212689399719238,2.2669999599456787,2.3559999465942383,2.25600004196167,2.3010001182556152,22545000,2026-10-08
2003-09-26,1.9331343173980713,2.2809998989105225,2.374000072479248,2.2690000534057617,2.3410000801086426,29516000,2026-10-08
2003-09-29,1.9831371307373047,2.3399999141693115,2.365000009536743,2.2869999408721924,2.319999933242798,25023000,2026-10-08
2003-09-30,1.8839794397354126,2.2230000495910645,2.319999933242798,2.2149999141693115,2.2960000038146973,24002000,2026-10-08
2003-10-01,1.944998860359192,2.2950000762939453,2.309999942779541,2.240999937057495,2.25,23374000,2026-10-08
2003-10-02,1.9407614469528198,2.2899999618530273,2.3380000591278076,2.2699999809265137,2.2839999198913574,23559000,2026-10-08
2003-10-03,2.066190719604492,2.437999963760376,2.497999906539917,2.359999895095825,2.390000104904175,36737000,2026-10-08
2003-10-06,2.095005750656128,2.4719998836517334,2.4809999465942383,2.4130001068115234,2.4679999351501465,17138000,2026-10-08
2003-10-07,2.180603504180908,2.572999954223633,2.578000068664551,2.446000099182129,2.447000026702881,33601000,2026-10-08
2003-10-08,2.1848392486572266,2.578000068664551,2.615000009536743,2.5429999828338623,2.6019999980926514,32842000,2026-10-08
2003-10-09,2.198399782180786,2.5940001010894775,2.6670000553131104,2.568000078201294,2.6410000324249268,28131000,2026-10-08
2003-10-10,2.2238247394561768,2.624000072479248,2.6480000019073486,2.566999912261963,2.5999999046325684,15751000,2026-10-08
2003-10-13,2.295013427734375,2.7079999446868896,2.73799991607666,2.674999952316284,2.680999994277954,27711000,2026-10-08
2003-10-14,2.331456184387207,2.750999927520752,2.756999969482422,2.6540000438690186,2.700000047683716,18525000,2026-10-08
2003-10-15,2.3424737453460693,2.7639999389648438,2.8959999084472656,2.744999885559082,2.809999942779541,31262000,2026-10-08
2003-10-16,2.3339991569519043,2.753999948501587,2.7709999084472656,2.6640000343322754,2.7090001106262207,29431000,2026-10-08
2003-10-17,2.2161970138549805,2.615000009536743,2.750999927520752,2.5989999771118164,2.747999906539917,18693000,2026-10-08
2003-10-20,2.233147144317627,2.634999990463257,2.6489999294281006,2.5989999771118164,2.63100004196167,15688000,2026-10-08
2003-10-21,2.2933192253112793,2.7060000896453857,2.73799991607666,2.6549999713897705,2.6600000858306885,16107000,2026-10-08
2003-10-22,2.21789288520813,2.617000102996826,2.6500000953674316,2.5799999237060547,2.6489999294281006,19128000,2026-10-08
2003-10-23,2.144160270690918,2.5299999713897705,2.552000045776367,2.4749999046325684,2.4800000190734863,28294000,2026-10-08
2003-10-24,2.1322953701019287,2.5160000324249268,2.5439999103546143,2.4779999256134033,2.5169999599456787,14036000,2026-10-08
2003-10-27,2.1450068950653076,2.5309998989105225,2.5829999446868896,2.497999906539917,2.5450000762939453,19051000,2026-10-08
2003-10-28,2.4568862915039062,2.8989999294281006,2.9040000438690186,2.630000114440918,2.63100004196167,66582000,2026-10-08
2003-10-29,2.45858097076416,2.9010000228881836,2.934999942779541,2.865000009536743,2.8949999809265137,25213000,2026-10-08
2003-10-30,2.462817907333374,2.9059998989105225,2.9649999141693115,2.8949999809265137,2.9649999141693115,28521000,2026-10-08
2003-10-31,2.4365458488464355,2.875,2.940000057220459,2.8510000705718994,2.8959999084472656,25143000,2026-10-08
2003-11-03,2.5246851444244385,2.9790000915527344,2.9830000400543213,2.8970000743865967,2.9189999103546143,25796000,2026-10-08
2003-11-04,2.5263795852661133,2.9809999465942383,2.994999885559082,2.934999942779541,2.950000047683716,15881000,2026-10-08
2003-11-05,2.5865519046783447,3.052000045776367,3.053999900817871,2.934999942779541,2.9809999465942383,28403000,2026-10-08
2003-11-06,2.6102819442749023,3.0799999237060547,3.0999999046325684,3.0299999713897705,3.069000005722046,24507000,2026-10-08
2003-11-07,2.6068923473358154,3.0759999752044678,3.1389999389648438,3.059999942779541,3.0880000591278076,27730000,2026-10-08
2003-11-10,2.5518040657043457,3.010999917984009,3.0910000801086426,2.986999988555908,3.0789999961853027,22716000,2026-10-08
2003-11-11,2.536550283432007,2.993000030517578,3.0329999923706055,2.9730000495910645,2.996999979019165,14952000,2026-10-08
2003-11-12,2.6577420234680176,3.135999917984009,3.1489999294281006,2.994999885559082,3.0,25410000,2026-10-08
2003-11-13,2.6196045875549316,3.0910000801086426,3.1760001182556152,3.066999912261963,3.1579999923706055,31967000,2026-10-08
2003-11-14,2.5212953090667725,2.9749999046325684,3.0929999351501465,2.9609999656677246,3.0829999446868896,18397000,2026-10-08
2003-11-17,2.533161163330078,2.989000082015991,3.013000011444092,2.921999931335449,2.953000068664551,13306000,2026-10-08
2003-11-18,2.468750238418579,2.9130001068115234,3.0510001182556152,2.9089999198913574,3.0250000953674316,16342000,2026-10-08
2003-11-19,2.4721405506134033,2.9170000553131104,2.9639999866485596,2.875,2.930000066757202,20732000,2026-10-08
2003-11-20,2.4467153549194336,2.88700008392334,3.009000062942505,2.869999885559082,2.88700008392334,24002000,2026-10-08
2003-11-21,2.499260187149048,2.9489998817443848,2.989000082015991,2.8910000324249268,2.938999891281128,26231000,2026-10-08
2003-11-24,2.6077394485473633,3.0769999027252197,3.0769999027252197,2.933000087738037,2.986999988555908,15573000,2026-10-08
2003-11-25,2.6162145137786865,3.0869998931884766,3.132999897003174,3.055000066757202,3.069000005722046,23711000,2026-10-08
2003-11-26,2.6357064247131348,3.109999895095825,3.138000011444092,3.0329999923706055,3.115000009536743,15353000,2026-10-08
2003-11-28,2.708591938018799,3.196000099182129,3.2019999027252197,3.0929999351501465,3.0929999351501465,14239000,2026-10-08
2003-12-01,2.728930711746216,3.2200000286102295,3.249000072479248,3.177999973297119,3.2049999237060547,30638000,2026-10-08
2003-12-02,2.7924928665161133,3.2950000762939453,3.382999897003174,3.194999933242798,3.2009999752044678,44990000,2026-10-08
2003-12-03,2.778932809829712,3.2790000438690186,3.3510000705718994,3.247999906539917,3.325000047683716,35525000,2026-10-08
2003-12-04,2.784018039703369,3.2850000858306885,3.3329999446868896,3.2049999237060547,3.2720000743865967,40182000,2026-10-08
2003-12-05,2.6662168502807617,3.1459999084472656,3.247999906539917,3.130000114440918,3.2179999351501465,23192000,2026-10-08
2003-12-08,2.6611328125,3.140000104904175,3.193000078201294,3.0889999866485596,3.138000011444092,14839000,2026-10-08
2003-12-09,2.5619752407073975,3.0230000019073486,3.180000066757202,3.0139999389648438,3.1659998893737793,17028000,2026-10-08
2003-12-10,2.5373973846435547,2.99399995803833,3.078000068664551,2.930000066757202,3.0420000553131104,40098000,2026-10-08
2003-12-11,2.655198812484741,3.132999897003174,3.1589999198913574,2.9730000495910645,3.005000114440918,17638000,2026-10-08
2003-12-12,2.7424919605255127,3.2360000610351562,3.236999988555908,3.1559998989105225,3.1579999923706055,37509000,2026-10-08
2003-12-15,2.6060452461242676,3.075000047683716,3.3340001106262207,3.059999942779541,3.328000068664551,23952000,2026-10-08
2003-12-16,2.614518880844116,3.0850000381469727,3.109999895095825,2.9590001106262207,3.055999994277954,25374000,2026-10-08
2003-12-17,2.6068923473358154,3.0759999752044678,3.1029999256134033,3.000999927520752,3.0810000896453857,19253000,2026-10-08
2003-12-18,2.7153706550598145,3.2039999961853027,3.2260000705718994,3.0810000896453857,3.0850000381469727,18872000,2026-10-08
2003-12-19,2.687403678894043,3.1710000038146973,3.2179999351501465,3.1440000534057617,3.194000005722046,44409000,2026-10-08
2003-12-22,2.6636743545532227,3.1429998874664307,3.200000047683716,3.0999999046325684,3.177999973297119,22125000,2026-10-08
2003-12-23,2.711981773376465,3.200000047683716,3.2190001010894775,3.127000093460083,3.134999990463257,13112000,2026-10-08
2003-12-24,2.6882519721984863,3.171999931335449,3.200000047683716,3.1619999408721924,3.187000036239624,6498000,2026-10-08
2003-12-26,2.679776668548584,3.1619999408721924,3.2109999656677246,3.1619999408721924,3.188999891281128,5469000,2026-10-08
2003-12-29,2.770458459854126,3.2690000534057617,3.2909998893737793,3.177000045776367,3.190000057220459,15717000,2026-10-08
2003-12-30,2.7865610122680664,3.2880001068115234,3.322000026702881,3.239000082015991,3.299999952316284,15592000,2026-10-08
2003-12-31,2.73740553855896,3.2300000190734863,3.3480000495910645,3.193000078201294,3.3480000495910645,15432000,2026-10-08
2004-01-02,2.687403678894043,3.1710000038146973,3.2839999198913574,3.1649999618530273,3.2639999389648438,15287000,2026-10-08
2004-01-05,2.869615077972412,3.385999917984009,3.4159998893737793,3.1989998817443848,3.2209999561309814,23856000,2026-10-08
2004-01-06,2.854360580444336,3.368000030517578,3.4049999713897705,3.325000047683716,3.369999885559082,18648000,2026-10-08
2004-01-07,2.8306312561035156,3.3399999141693115,3.375,3.2920000553131104,3.3529999256134033,23259000,2026-10-08
2004-01-08,2.8704638481140137,3.38700008392334,3.4000000953674316,3.319999933242798,3.384999990463257,15574000,2026-10-08
2004-01-09,2.9306342601776123,3.4579999446868896,3.5309998989105225,3.3239998817443848,3.3369998931884766,36212000,2026-10-08
2004-01-12,3.0001296997070312,3.5399999618530273,3.5480000972747803,3.4240000247955322,3.4579999446868896,16062000,2026-10-08
2004-01-13,2.9069058895111084,3.430000066757202,3.549999952316284,3.3510000705718994,3.5480000972747803,34112000,2026-10-08
2004-01-14,2.8365626335144043,3.3469998836517334,3.4630000591278076,3.259999990463257,3.4519999027252197,34016000,2026-10-08
2004-01-15,2.864529848098755,3.380000114440918,3.421999931335449,3.2669999599456787,3.2899999618530273,40512000,2026-10-08
2004-01-16,2.9018208980560303,3.4240000247955322,3.444999933242798,3.3499999046325684,3.4210000038146973,23775000,2026-10-08
2004-01-20,2.939110040664673,3.4679999351501465,3.4749999046325684,3.367000102996826,3.430000066757202,17571000,2026-10-08
2004-01-21,2.8518178462982178,3.365000009536743,3.4560000896453857,3.3299999237060547,3.4509999752044678,25159000,2026-10-08
2004-01-22,2.7136762142181396,3.2019999027252197,3.450000047683716,3.2009999752044678,3.378000020980835,37351000,2026-10-08
2004-01-23,2.462817907333374,2.9059998989105225,3.2200000286102295,2.884999990463257,3.2179999351501465,83136000,2026-10-08
2004-01-26,2.411121129989624,2.8450000286102295,2.9560000896453857,2.755000114440918,2.9070000648498535,79913000,2026-10-08
2004-01-27,2.3102691173553467,2.7260000705718994,2.805999994277954,2.7100000381469727,2.8010001182556152,62401000,2026-10-08
2004-01-28,2.335693836212158,2.75600004196167,2.8289999961853027,2.7260000705718994,2.753999948501587,48011000,2026-10-08
2004-01-29,2.24670672416687,2.6510000228881836,2.7750000953674316,2.572000026702881,2.7669999599456787,65111000,2026-10-08
2004-01-30,2.2543342113494873,2.6600000858306885,2.7060000896453857,2.625999927520752,2.6570000648498535,32793000,2026-10-08
2004-02-02,2.2348430156707764,2.63700008392334,2.75,2.615999937057495,2.7290000915527344,35847000,2026-10-08
2004-02-03,2.2517921924591064,2.6570000648498535,2.687000036239624,2.614000082015991,2.614000082015991,43614000,2026-10-08
2004-02-04,2.1890769004821777,2.5829999446868896,2.634999990463257,2.558000087738037,2.6110000610351562,34599000,2026-10-08
2004-02-05,2.2136552333831787,2.611999988555908,2.6630001068115234,2.5920000076293945,2.6010000705718994,19395000,2026-10-08
2004-02-06,2.32382869720459,2.742000102996826,2.755000114440918,2.61299991607666,2.61299991607666,25905000,2026-10-08
2004-02-09,2.3119633197784424,2.7279999256134033,2.7899999618530273,2.7260000705718994,2.753999948501587,25083000,2026-10-08
2004-02-10,2.2967095375061035,2.7100000381469727,2.743000030517578,2.677000045776367,2.7170000076293945,26054000,2026-10-08
2004-02-11,2.344168186187744,2.7660000324249268,2.799999952316284,2.7170000076293945,2.7279999256134033,29961000,2026-10-08
2004-02-12,2.335693836212158,2.75600004196167,2.8410000801086426,2.75,2.7880001068115234,30950000,2026-10-08
2004-02-13,2.324676990509033,2.743000030517578,2.818000078201294,2.7190001010894775,2.7890000343322754,37360000,2026-10-08
2004-02-17,2.372983932495117,2.799999952316284,2.805000066757202,2.740000009536743,2.759999990463257,29222000,2026-10-08
2004-02-18,2.384847640991211,2.813999891281128,2.8269999027252197,2.7699999809265137,2.7960000038146973,22034000,2026-10-08
2004-02-19,2.3017942905426025,2.7160000801086426,2.950000047683716,2.7119998931884766,2.934999942779541,50582000,2026-10-08
2004-02-20,2.224672555923462,2.625,2.7049999237060547,2.5820000171661377,2.7009999752044678,36296000,2026-10-08
2004-02-23,2.117887496948242,2.499000072479248,2.638000011444092,2.4679999351501465,2.625,43216000,2026-10-08
2004-02-24,2.0780556201934814,2.4519999027252197,2.499000072479248,2.4059998989105225,2.4749999046325684,52445000,2026-10-08
2004-02-25,2.111955165863037,2.492000102996826,2.5350000858306885,2.4519999027252197,2.490000009536743,24702000,2026-10-08
2004-02-26,2.1509413719177246,2.5380001068115234,2.5850000381469727,2.443000078201294,2.497999906539917,20790000,2026-10-08
2004-02-27,2.1670424938201904,2.556999921798706,2.5799999237060547,2.503999948501587,2.5510001182556152,32284000,2026-10-08
2004-03-01,2.2348430156707764,2.63700008392334,2.6549999713897705,2.5299999713897705,2.556999921798706,33656000,2026-10-08
2004-03-02,2.230605125427246,2.631999969482422,2.7070000171661377,2.611999988555908,2.6470000743865967,25449000,2026-10-08
2004-03-03,2.1636524200439453,2.552999973297119,2.63100004196167,2.5390000343322754,2.617000102996826,22147000,2026-10-08
2004-03-04,2.2238247394561768,2.624000072479248,2.630000114440918,2.546999931335449,2.5510001182556152,16178000,2026-10-08
2004-03-05,2.123821258544922,2.50600004196167,2.634999990463257,2.496999979019165,2.5980000495910645,50160000,2026-10-08
2004-03-08,2.0195789337158203,2.382999897003174,2.562000036239624,2.371999979019165,2.5179998874664307,31786000,2026-10-08
2004-03-09,1.981441855430603,2.3380000591278076,2.388000011444092,2.2869999408721924,2.380000114440918,49335000,2026-10-08
2004-03-10,2.015341281890869,2.378000020980835,2.4549999237060547,2.3550000190734863,2.359999895095825,62354000,2026-10-08
2004-03-11,2.0433080196380615,2.4110000133514404,2.4739999771118164,2.36299991607666,2.364000082015991,43847000,2026-10-08
2004-03-12,2.108565330505371,2.48799991607666,2.48799991607666,2.4210000038146973,2.446000099182129,26848000,2026-10-08
2004-03-15,2.013645887374878,2.375999927520752,2.4749999046325684,2.372999906539917,2.4639999866485596,17653000,2026-10-08
2004-03-16,2.0390713214874268,2.4059998989105225,2.4489998817443848,2.359999895095825,2.4140000343322754,24632000,2026-10-08
2004-03-17,2.0831401348114014,2.4579999446868896,2.4660000801086426,2.421999931335449,2.427000045776367,13880000,2026-10-08
2004-03-18,2.041614532470703,2.4089999198913574,2.490999937057495,2.38100004196167,2.437000036239624,19475000,2026-10-08
2004-03-19,1.9865273237228394,2.3440001010894775,2.4570000171661377,2.328000068664551,2.4079999923706055,28880000,2026-10-08
2004-03-22,1.9416083097457886,2.2909998893737793,2.3310000896453857,2.252000093460083,2.313999891281128,23983000,2026-10-08
2004-03-23,1.9594067335128784,2.312000036239624,2.36899995803833,2.26200008392334,2.3399999141693115,28013000,2026-10-08
2004-03-24,2.045850992202759,2.4140000343322754,2.428999900817871,2.312000036239624,2.318000078201294,35478000,2026-10-08
2004-03-25,2.1144983768463135,2.494999885559082,2.5179998874664307,2.443000078201294,2.4489998817443848,43679000,2026-10-08
2004-03-26,2.1255156993865967,2.507999897003174,2.555999994277954,2.4630000591278076,2.4709999561309814,20826000,2026-10-08
2004-03-29,2.13653302192688,2.5209999084472656,2.575000047683716,2.496999979019165,2.515000104904175,16765000,2026-10-08
2004-03-30,2.1458547115325928,2.5320000648498535,2.5409998893737793,2.484999895095825,2.5199999809265137,13592000,2026-10-08
2004-03-31,2.1289052963256836,2.51200008392334,2.549999952316284,2.5,2.502000093460083,14658000,2026-10-08
2004-04-01,2.179755210876465,2.572000026702881,2.63700008392334,2.509999990463257,2.513000011444092,25353000,2026-10-08
2004-04-02,2.287386417388916,2.6989998817443848,2.7060000896453857,2.632999897003174,2.6619999408721924,20523000,2026-10-08
2004-04-05,2.3000991344451904,2.7139999866485596,2.7179999351501465,2.6449999809265137,2.684999942779541,14695000,2026-10-08
2004-04-06,2.229757785797119,2.63100004196167,2.688999891281128,2.6019999980926514,2.688999891281128,13907000,2026-10-08
2004-04-07,2.2407751083374023,2.6440000534057617,2.6740000247955322,2.578000068664551,2.625,15391000,2026-10-08
2004-04-08,2.259420156478882,2.6659998893737793,2.693000078201294,2.6449999809265137,2.678999900817871,14591000,2026-10-08
2004-04-12,2.2967095375061035,2.7100000381469727,2.7260000705718994,2.6500000953674316,2.6670000553131104,16037000,2026-10-08
2004-04-13,2.274674654006958,2.684000015258789,2.75,2.6700000762939453,2.7249999046325684,29089000,2026-10-08
2004-04-14,2.2729790210723877,2.681999921798706,2.7269999980926514,2.621999979019165,2.625,27784000,2026-10-08
2004-04-15,2.1467032432556152,2.5329999923706055,2.697999954223633,2.4719998836517334,2.678999900817871,46334000,2026-10-08
2004-04-16,2.0941579341888428,2.4709999561309814,2.515000104904175,2.433000087738037,2.506999969482422,34860000,2026-10-08
2004-04-19,2.1585679054260254,2.546999931335449,2.555999994277954,2.4639999866485596,2.4800000190734863,20840000,2026-10-08
2004-04-20,2.0763611793518066,2.450000047683716,2.5840001106262207,2.440000057220459,2.5439999103546143,21933000,2026-10-08
2004-04-21,2.0899202823638916,2.4660000801086426,2.4809999465942383,2.382999897003174,2.4709999561309814,36925000,2026-10-08
2004-04-22,2.0780556201934814,2.4519999027252197,2.4619998931884766,2.3459999561309814,2.4140000343322754,44906000,2026-10-08
2004-04-23,2.1246683597564697,2.506999969482422,2.510999917984009,2.4509999752044678,2.4509999752044678,18250000,2026-10-08
2004-04-26,2.0789027214050293,2.453000068664551,2.513000011444092,2.427999973297119,2.510999917984009,19982000,2026-10-08
2004-04-27,2.0221219062805176,2.385999917984009,2.4749999046325684,2.368000030517578,2.4709999561309814,23994000,2026-10-08
2004-04-28,1.9992387294769287,2.3589999675750732,2.4240000247955322,2.3429999351501465,2.3929998874664307,16599000,2026-10-08
2004-04-29,1.871267318725586,2.2079999446868896,2.3519999980926514,2.1689999103546143,2.3499999046325684,52179000,2026-10-08
2004-04-30,1.8704200983047485,2.2070000171661377,2.2339999675750732,2.180999994277954,2.2179999351501465,45161000,2026-10-08
2004-05-03,1.8416054248809814,2.1730000972747803,2.25,2.125,2.2119998931884766,47314000,2026-10-08
2004-05-04,1.872114658355713,2.2090001106262207,2.25,2.187999963760376,2.190000057220459,44850000,2026-10-08
2004-05-05,1.8848272562026978,2.2239999771118164,2.2699999809265137,2.2149999141693115,2.2209999561309814,41263000,2026-10-08
2004-05-06,1.8729627132415771,2.2100000381469727,2.236999988555908,2.178999900817871,2.2060000896453857,19921000,2026-10-08
2004-05-07,1.872114658355713,2.2090001106262207,2.2660000324249268,2.191999912261963,2.2019999027252197,33194000,2026-10-08
2004-05-10,1.8729627132415771,2.2100000381469727,2.246999979019165,2.1689999103546143,2.2009999752044678,34812000,2026-10-08
2004-05-11,1.952626347541809,2.303999900817871,2.308000087738037,2.246000051498413,2.252000093460083,30765000,2026-10-08
2004-05-12,1.902624249458313,2.244999885559082,2.2869999408721924,2.174999952316284,2.2669999599456787,22334000,2026-10-08
2004-05-13,1.8772000074386597,2.2149999141693115,2.252000093460083,2.196000099182129,2.247999906539917,13815000,2026-10-08
2004-05-14,1.8534702062606812,2.187000036239624,2.259999990463257,2.177999973297119,2.244999885559082,19400000,2026-10-08
2004-05-17,1.8110947608947754,2.13700008392334,2.188999891281128,2.0910000801086426,2.1389999389648438,30393000,2026-10-08
2004-05-18,1.8772000074386597,2.2149999141693115,2.246999979019165,2.1670000553131104,2.1740000247955322,20053000,2026-10-08
2004-05-19,1.904318928718567,2.246999979019165,2.3310000896453857,2.246999979019165,2.25,26929000,2026-10-08
2004-05-20,1.88143789768219,2.2200000286102295,2.2760000228881836,2.2130000591278076,2.249000072479248,13878000,2026-10-08
2004-05-21,1.9110997915267944,2.255000114440918,2.259999990463257,2.2249999046325684,2.250999927520752,9918000,2026-10-08
2004-05-24,1.9297442436218262,2.2769999504089355,2.302000045776367,2.259999990463257,2.2850000858306885,9352000,2026-10-08
2004-05-25,1.9950016736984253,2.3540000915527344,2.368000030517578,2.240000009536743,2.2809998989105225,14644000,2026-10-08
2004-05-26,2.0255117416381836,2.390000104904175,2.4000000953674316,2.3359999656677246,2.3410000801086426,15328000,2026-10-08
2004-05-27,2.0797507762908936,2.4539999961853027,2.4719998836517334,2.4049999713897705,2.4049999713897705,27267000,2026-10-08
2004-05-28,2.129753351211548,2.513000011444092,2.5299999713897705,2.450000047683716,2.4839999675750732,27215000,2026-10-08
2004-06-01,2.11365008354187,2.49399995803833,2.5309998989105225,2.450000047683716,2.4820001125335693,23503000,2026-10-08
2004-06-02,2.056868314743042,2.427000045776367,2.497999906539917,2.3910000324249268,2.497999906539917,23128000,2026-10-08
2004-06-03,1.9933063983917236,2.3519999980926514,2.4210000038146973,2.3499999046325684,2.4149999618530273,22564000,2026-10-08
2004-06-04,2.056868314743042,2.427000045776367,2.4679999351501465,2.3940000534057617,2.4040000438690186,20002000,2026-10-08
2004-06-07,2.133143424987793,2.5169999599456787,2.5169999599456787,2.443000078201294,2.443000078201294,12836000,2026-10-08
2004-06-08,2.109412670135498,2.489000082015991,2.499000072479248,2.4579999446868896,2.4790000915527344,11473000,2026-10-08
2004-06-09,2.0424609184265137,2.4100000858306885,2.4809999465942383,2.3889999389648438,2.4670000076293945,20177000,2026-10-08
2004-06-10,2.063648223876953,2.434999942779541,2.4489998817443848,2.4110000133514404,2.440000057220459,12701000,2026-10-08
2004-06-14,2.0272059440612793,2.3919999599456787,2.4189999103546143,2.378000020980835,2.4159998893737793,15145000,2026-10-08
2004-06-15,2.1000912189483643,2.4779999256134033,2.490999937057495,2.4260001182556152,2.430999994277954,15699000,2026-10-08
2004-06-16,2.0678863525390625,2.440000057220459,2.4860000610351562,2.421999931335449,2.4830000400543213,11452000,2026-10-08
2004-06-17,1.9882211685180664,2.3459999561309814,2.4240000247955322,2.325000047683716,2.4189999103546143,23312000,2026-10-08
2004-06-18,1.9882211685180664,2.3459999561309814,2.384999990463257,2.322999954223633,2.3329999446868896,20455000,2026-10-08
2004-06-21,1.9797462224960327,2.3359999656677246,2.3949999809265137,2.316999912261963,2.3399999141693115,12910000,2026-10-08
2004-06-22,2.088226079940796,2.4639999866485596,2.4639999866485596,2.3289999961853027,2.3399999141693115,20421000,2026-10-08
2004-06-23,2.1229729652404785,2.505000114440918,2.5250000953674316,2.440999984741211,2.4630000591278076,24637000,2026-10-08
2004-06-24,2.1356849670410156,2.5199999809265137,2.559000015258789,2.492000102996826,2.51200008392334,20120000,2026-10-08
2004-06-25,2.20009446144104,2.5959999561309814,2.63700008392334,2.493000030517578,2.499000072479248,32514000,2026-10-08
2004-06-28,2.1619577407836914,2.5510001182556152,2.621000051498413,2.5190000534057617,2.609999895095825,17367000,2026-10-08
2004-06-29,2.231452465057373,2.632999897003174,2.638000011444092,2.5179998874664307,2.5360000133514404,21627000,2026-10-08
2004-06-30,2.271284341812134,2.680000066757202,2.684000015258789,2.5929999351501465,2.615999937057495,24479000,2026-10-08
2004-07-01,2.141618013381958,2.5269999504089355,2.671999931335449,2.5190000534057617,2.671999931335449,32314000,2026-10-08
2004-07-02,2.0746657848358154,2.447999954223633,2.5250000953674316,2.430000066757202,2.506999969482422,32166000,2026-10-08
2004-07-06,2.002628803253174,2.36299991607666,2.450000047683716,2.3369998931884766,2.450000047683716,22075000,2026-10-08
2004-07-07,2.0399186611175537,2.4070000648498535,2.440000057220459,2.36299991607666,2.372999906539917,14304000,2026-10-08
2004-07-08,2.0712761878967285,2.444000005722046,2.496999979019165,2.374000072479248,2.385999917984009,31298000,2026-10-08
2004-07-09,2.1204309463500977,2.502000093460083,2.507999897003174,2.4590001106262207,2.4649999141693115,22994000,2026-10-08
2004-07-12,2.0560216903686523,2.4260001182556152,2.444000005722046,2.319999933242798,2.441999912261963,37303000,2026-10-08
2004-07-13,2.0272059440612793,2.3919999599456787,2.4560000896453857,2.372999906539917,2.4210000038146973,26893000,2026-10-08
2004-07-14,1.8136378526687622,2.140000104904175,2.25,2.0999999046325684,2.240000009536743,85278000,2026-10-08
2004-07-15,1.8178752660751343,2.1449999809265137,2.183000087738037,2.0950000286102295,2.1440000534057617,37650000,2026-10-08
2004-07-16,1.7551610469818115,2.071000099182129,2.184999942779541,2.058000087738037,2.174999952316284,34120000,2026-10-08
2004-07-19,1.7653300762176514,2.0829999446868896,2.118000030517578,2.0420000553131104,2.075000047683716,21390000,2026-10-08
2004-07-20,1.8110947608947754,2.13700008392334,2.13700008392334,2.056999921798706,2.069999933242798,24514000,2026-10-08
2004-07-21,1.678038477897644,1.9800000190734863,2.180000066757202,1.9800000190734863,2.1500000953674316,31038000,2026-10-08
2004-07-22,2.01025652885437,2.371999979019165,2.4519999027252197,2.124000072479248,2.130000114440918,179640000,2026-10-08
2004-07-23,1.9187264442443848,2.2639999389648438,2.4100000858306885,2.263000011444092,2.308000087738037,75621000,2026-10-08
2004-07-26,1.900081753730774,2.242000102996826,2.3010001182556152,2.2019999027252197,2.2730000019073486,43104000,2026-10-08
2004-07-27,1.951778769493103,2.302999973297119,2.322000026702881,2.2269999980926514,2.236999988555908,43750000,2026-10-08
2004-07-28,1.9255071878433228,2.2720000743865967,2.296999931335449,2.2279999256134033,2.2839999198913574,32168000,2026-10-08
2004-07-29,1.9899165630340576,2.3480000495910645,2.3529999256134033,2.3010001182556152,2.318000078201294,28529000,2026-10-08
2004-07-30,2.021273374557495,2.384999990463257,2.4179999828338623,2.3329999446868896,2.3499999046325684,23783000,2026-10-08
2004-08-02,2.016188383102417,2.378999948501587,2.384000062942505,2.3259999752044678,2.382999897003174,16744000,2026-10-08
2004-08-03,1.9060148000717163,2.249000072479248,2.384999990463257,2.246999979019165,2.382999897003174,26634000,2026-10-08
2004-08-04,1.9339818954467773,2.2820000648498535,2.308000087738037,2.2290000915527344,2.2769999504089355,21862000,2026-10-08
2004-08-05,1.8738096952438354,2.2109999656677246,2.305000066757202,2.2049999237060547,2.302000045776367,22289000,2026-10-08
2004-08-06,1.8136378526687622,2.140000104904175,2.191999912261963,2.115000009536743,2.1659998893737793,36661000,2026-10-08
2004-08-09,1.8297395706176758,2.1589999198913574,2.1710000038146973,2.115999937057495,2.1500000953674316,26096000,2026-10-08
2004-08-10,1.8687247037887573,2.2049999237060547,2.2070000171661377,2.1419999599456787,2.1600000858306885,16279000,2026-10-08
2004-08-11,1.760244607925415,2.0769999027252197,2.1449999809265137,2.0260000228881836,2.1449999809265137,47465000,2026-10-08
2004-08-12,1.7034634351730347,2.009999990463257,2.062999963760376,1.9709999561309814,2.049999952316284,55547000,2026-10-08
2004-08-13,1.6907507181167603,1.9950000047683716,2.0250000953674316,1.9869999885559082,2.0199999809265137,29259000,2026-10-08
2004-08-16,1.7305828332901,2.0420000553131104,2.069999933242798,2.00600004196167,2.0480000972747803,25669000,2026-10-08
2004-08-17,1.780585527420044,2.1010000705718994,2.132999897003174,2.056999921798706,2.068000078201294,30681000,2026-10-08
2004-08-18,1.88143789768219,2.2200000286102295,2.2300000190734863,2.0759999752044678,2.0880000591278076,49960000,2026-10-08
2004-08-19,1.8475375175476074,2.180000066757202,2.2269999980926514,2.1610000133514404,2.2009999752044678,21776000,2026-10-08
2004-08-20,1.872114658355713,2.2090001106262207,2.2230000495910645,2.1549999713897705,2.1659998893737793,16309000,2026-10-08
2004-08-23,1.8916069269180298,2.2320001125335693,2.2720000743865967,2.2039999961853027,2.2230000495910645,19517000,2026-10-08
2004-08-24,1.8204171657562256,2.1480000019073486,2.260999917984009,2.125999927520752,2.25,19846000,2026-10-08
2004-08-25,1.8653347492218018,2.2009999752044678,2.2330000400543213,2.128999948501587,2.1470000743865967,21333000,2026-10-08
2004-08-26,1.8687247037887573,2.2049999237060547,2.2070000171661377,2.1559998989105225,2.186000108718872,22472000,2026-10-08
2004-08-27,1.894996166229248,2.2360000610351562,2.25600004196167,2.200000047683716,2.2049999237060547,12788000,2026-10-08
2004-08-30,1.8432996273040771,2.174999952316284,2.236999988555908,2.1679999828338623,2.2269999980926514,10923000,2026-10-08
2004-08-31,1.8263499736785889,2.1549999713897705,2.177999973297119,2.1070001125335693,2.177000045776367,20685000,2026-10-08
2004-09-01,1.8297395706176758,2.1589999198913574,2.2190001010894775,2.131999969482422,2.1459999084472656,29572000,2026-10-08
2004-09-02,1.8288923501968384,2.1579999923706055,2.187000036239624,2.118000030517578,2.1670000553131104,34274000,2026-10-08
2004-09-03,1.7060059309005737,2.013000011444092,2.121999979019165,1.996999979019165,2.0999999046325684,36447000,2026-10-08
2004-09-07,1.7068531513214111,2.0139999389648438,2.0429999828338623,1.9850000143051147,2.0280001163482666,27454000,2026-10-08
2004-09-08,1.6958355903625488,2.000999927520752,2.059000015258789,1.9850000143051147,2.0160000324249268,23803000,2026-10-08
2004-09-09,1.800077199935913,2.124000072479248,2.1519999504089355,2.01200008392334,2.0220000743865967,50496000,2026-10-08
2004-09-10,1.8780473470687866,2.2160000801086426,2.2330000400543213,2.0959999561309814,2.127000093460083,36874000,2026-10-08
2004-09-13,1.9416083097457886,2.2909998893737793,2.309999942779541,2.2170000076293945,2.2239999771118164,36842000,2026-10-08
2004-09-14,1.9577116966247559,2.309999942779541,2.3369998931884766,2.265000104904175,2.2769999504089355,25398000,2026-10-08
2004-09-15,1.8856744766235352,2.2249999046325684,2.2920000553131104,2.2130000591278076,2.2720000743865967,16671000,2026-10-08
2004-09-16,1.8772000074386597,2.2149999141693115,2.2669999599456787,2.2009999752044678,2.2320001125335693,10266000,2026-10-08
2004-09-17,1.904318928718567,2.246999979019165,2.253999948501587,2.178999900817871,2.2209999561309814,22443000,2026-10-08
2004-09-20,1.951778769493103,2.302999973297119,2.3510000705718994,2.2339999675750732,2.249000072479248,25454000,2026-10-08
2004-09-21,1.9585597515106201,2.311000108718872,2.3269999027252197,2.2790000438690186,2.309999942779541,22987000,2026-10-08
2004-09-22,1.8797415494918823,2.2179999351501465,2.2820000648498535,2.2149999141693115,2.2780001163482666,13268000,2026-10-08
2004-09-23,1.8933019638061523,2.2339999675750732,2.2769999504089355,2.196000099182129,2.2179999351501465,14102000,2026-10-08
2004-09-24,1.8356726169586182,2.1659998893737793,2.260999917984009,2.1649999618530273,2.2320001125335693,15929000,2026-10-08
2004-09-27,1.8043147325515747,2.128999948501587,2.177999973297119,2.11299991607666,2.1600000858306885,19651000,2026-10-08
2004-09-28,1.798383116722107,2.121999979019165,2.13700008392334,2.0880000591278076,2.131999969482422,20452000,2026-10-08
2004-09-29,1.823807716369629,2.1519999504089355,2.200000047683716,2.125999927520752,2.140000104904175,28182000,2026-10-08
2004-09-30,1.8543169498443604,2.187999963760376,2.2269999980926514,2.1449999809265137,2.1559998989105225,23000000,2026-10-08
2004-10-01,1.9170315265655518,2.26200008392334,2.2850000858306885,2.2200000286102295,2.2300000190734863,24399000,2026-10-08
2004-10-04,1.9678815603256226,2.322000026702881,2.388000011444092,2.2960000038146973,2.302000045776367,35350000,2026-10-08
2004-10-05,1.962796926498413,2.315999984741211,2.3440001010894775,2.2899999618530273,2.325000047683716,31525000,2026-10-08
2004-10-06,1.944998860359192,2.2950000762939453,2.309999942779541,2.2360000610351562,2.306999921798706,21640000,2026-10-08
2004-10-07,1.904318928718567,2.246999979019165,2.2990000247955322,2.243000030517578,2.2750000953674316,18297000,2026-10-08
2004-10-08,1.8322820663452148,2.1619999408721924,2.23799991607666,2.1510000228881836,2.2239999771118164,23892000,2026-10-08
2004-10-11,1.8585541248321533,2.193000078201294,2.243000030517578,2.135999917984009,2.1689999103546143,13843000,2026-10-08
2004-10-12,1.8390634059906006,2.1700000762939453,2.187999963760376,2.125,2.1519999504089355,22462000,2026-10-08
2004-10-13,1.9144891500473022,2.259000062942505,2.2720000743865967,2.2100000381469727,2.240999937057495,42041000,2026-10-08
2004-10-14,1.8416054248809814,2.1730000972747803,2.2839999198913574,2.1670000553131104,2.2179999351501465,33355000,2026-10-08
2004-10-15,1.8432996273040771,2.174999952316284,2.2119998931884766,2.132999897003174,2.1600000858306885,14755000,2026-10-08
2004-10-18,1.8797415494918823,2.2179999351501465,2.2360000610351562,2.1429998874664307,2.1610000133514404,19038000,2026-10-08
2004-10-19,1.8992339372634888,2.240999937057495,2.299999952316284,2.2309999465942383,2.25600004196167,20614000,2026-10-08
2004-10-20,1.974660873413086,2.3299999237060547,2.3499999046325684,2.2060000896453857,2.2309999465942383,25737000,2026-10-08
2004-10-21,2.048393726348877,2.4170000553131104,2.428999900817871,2.3239998817443848,2.3399999141693115,24168000,2026-10-08
2004-10-22,2.0246641635894775,2.3889999389648438,2.453000068664551,2.3510000705718994,2.437000036239624,32246000,2026-10-08
2004-10-25,2.088226079940796,2.4639999866485596,2.505000114440918,2.364000082015991,2.375,54967000,2026-10-08
2004-10-26,2.0873782634735107,2.4630000591278076,2.5,2.430000066757202,2.4630000591278076,34628000,2026-10-08
2004-10-27,2.177212715148926,2.569000005722046,2.578000068664551,2.4549999237060547,2.4839999675750732,24540000,2026-10-08
2004-10-28,2.1958577632904053,2.5910000801086426,2.5989999771118164,2.5269999504089355,2.5409998893737793,36813000,2026-10-08
2004-10-29,2.2060279846191406,2.6029999256134033,2.6110000610351562,2.5250000953674316,2.5769999027252197,39863000,2026-10-08
2004-11-01,2.2187395095825195,2.618000030517578,2.63700008392334,2.5840001106262207,2.6019999980926514,28911000,2026-10-08
2004-11-02,2.229757785797119,2.63100004196167,2.6740000247955322,2.565999984741211,2.5850000381469727,32630000,2026-10-08
2004-11-03,2.1780600547790527,2.569999933242798,2.700000047683716,2.5510001182556152,2.700000047683716,52116000,2026-10-08
2004-11-04,2.1509413719177246,2.5380001068115234,2.565000057220459,2.490999937057495,2.5,41077000,2026-10-08
2004-11-05,2.2153499126434326,2.614000082015991,2.640000104904175,2.569999933242798,2.5910000801086426,28446000,2026-10-08
2004-11-08,2.2017903327941895,2.5980000495910645,2.63700008392334,2.561000108718872,2.565000057220459,12444000,2026-10-08
2004-11-09,2.1958577632904053,2.5910000801086426,2.614000082015991,2.553999900817871,2.559000015258789,18859000,2026-10-08
2004-11-10,2.157719612121582,2.5460000038146973,2.5850000381469727,2.5190000534057617,2.569999933242798,23655000,2026-10-08
2004-11-11,2.200942277908325,2.5969998836517334,2.609999895095825,2.5280001163482666,2.5390000343322754,10313000,2026-10-08
2004-11-12,2.238232135772705,2.6410000324249268,2.6410000324249268,2.553999900817871,2.5850000381469727,14364000,2026-10-08
2004-11-15,2.2992515563964844,2.7130000591278076,2.7200000286102295,2.6110000610351562,2.615999937057495,25740000,2026-10-08
2004-11-16,2.2933192253112793,2.7060000896453857,2.7190001010894775,2.671999931335449,2.6730000972747803,17139000,2026-10-08
2004-11-17,2.346712112426758,2.7690000534057617,2.803999900817871,2.703000068664551,2.703000068664551,30057000,2026-10-08
2004-11-18,2.3772215843200684,2.805000066757202,2.809999942779541,2.6640000343322754,2.703000068664551,26632000,2026-10-08
2004-11-19,2.283148765563965,2.694000005722046,2.7799999713897705,2.678999900817871,2.7699999809265137,19178000,2026-10-08
2004-11-22,2.2814536094665527,2.691999912261963,2.6989998817443848,2.624000072479248,2.6530001163482666,16514000,2026-10-08
2004-11-23,2.2390801906585693,2.6419999599456787,2.7249999046325684,2.6389999389648438,2.687999963760376,19224000,2026-10-08
2004-11-24,2.2729790210723877,2.681999921798706,2.686000108718872,2.6389999389648438,2.6389999389648438,11026000,2026-10-08
2004-11-26,2.2577240467071533,2.6640000343322754,2.691999912261963,2.619999885559082,2.630000114440918,3496000,2026-10-08
2004-11-29,2.233994722366333,2.635999917984009,2.693000078201294,2.621999979019165,2.6589999198913574,19941000,2026-10-08
2004-11-30,2.2043323516845703,2.6010000705718994,2.6410000324249268,2.5959999561309814,2.635999917984009,22432000,2026-10-08
2004-12-01,2.383153200149536,2.812000036239624,2.812000036239624,2.625,2.634999990463257,48608000,2026-10-08
2004-12-02,2.3958659172058105,2.8269999027252197,2.8949999809265137,2.7869999408721924,2.809000015258789,26665000,2026-10-08
2004-12-03,2.478919506072998,2.924999952316284,2.9700000286102295,2.8949999809265137,2.9010000228881836,31956000,2026-10-08
2004-12-06,2.491633892059326,2.940000057220459,2.9590001106262207,2.86299991607666,2.8959999084472656,25496000,2026-10-08
2004-12-07,2.421290874481201,2.8570001125335693,2.9690001010894775,2.8499999046325684,2.940000057220459,17311000,2026-10-08
2004-12-08,2.383153200149536,2.812000036239624,2.865000009536743,2.796999931335449,2.8499999046325684,18646000,2026-10-08
2004-12-09,2.3517963886260986,2.7750000953674316,2.818000078201294,2.680000066757202,2.742000102996826,28699000,2026-10-08
2004-12-10,2.3780689239501953,2.805999994277954,2.8410000801086426,2.7209999561309814,2.7249999046325684,18544000,2026-10-08
2004-12-13,2.414510488510132,2.8489999771118164,2.8540000915527344,2.811000108718872,2.825000047683716,11183000,2026-10-08
2004-12-14,2.445021152496338,2.884999990463257,2.9000000953674316,2.8340001106262207,2.8359999656677246,20738000,2026-10-08
2004-12-15,2.462817907333374,2.9059998989105225,2.9089999198913574,2.86899995803833,2.8940000534057617,12861000,2026-10-08
2004-12-16,2.4238340854644775,2.859999895095825,2.930999994277954,2.8239998817443848,2.8949999809265137,18807000,2026-10-08
2004-12-17,2.4263758659362793,2.86299991607666,2.9000000953674316,2.812000036239624,2.8919999599456787,20243000,2026-10-08
2004-12-20,2.384847640991211,2.813999891281128,2.881999969482422,2.7750000953674316,2.859999895095825,20766000,2026-10-08
2004-12-21,2.4195961952209473,2.8550000190734863,2.869999885559082,2.7960000038146973,2.799999952316284,14517000,2026-10-08
2004-12-22,2.3924756050109863,2.822999954223633,2.874000072479248,2.811000108718872,2.8559999465942383,11780000,2026-10-08
2004-12-23,2.3882384300231934,2.818000078201294,2.8320000171661377,2.7880001068115234,2.7990000247955322,8411000,2026-10-08
2004-12-27,2.3492543697357178,2.7720000743865967,2.8489999771118164,2.7660000324249268,2.8469998836517334,12689000,2026-10-08
2004-12-28,2.3501014709472656,2.7730000019073486,2.7899999618530273,2.744999885559082,2.7769999504089355,17887000,2026-10-08
2004-12-29,2.402646064758301,2.8350000381469727,2.8440001010894775,2.7769999504089355,2.799999952316284,12174000,2026-10-08
2004-12-30,2.4365458488464355,2.875,2.888000011444092,2.8499999046325684,2.8499999046325684,11424000,2026-10-08
2004-12-31,2.4501051902770996,2.8910000324249268,2.9159998893737793,2.869999885559082,2.875,8406000,2026-10-08
2005-01-03,2.35518741607666,2.7790000438690186,2.9059998989105225,2.7720000743865967,2.869999885559082,19988000,2026-10-08
2005-01-04,2.270437479019165,2.678999900817871,2.7960000038146973,2.617000102996826,2.747999906539917,26761000,2026-10-08
2005-01-05,2.193315267562866,2.5880000591278076,2.690000057220459,2.5810000896453857,2.617000102996826,34225000,2026-10-08
2005-01-06,2.177212715148926,2.569000005722046,2.618000030517578,2.555999994277954,2.5880000591278076,19793000,2026-10-08
2005-01-07,2.183992862701416,2.5769999027252197,2.6070001125335693,2.5390000343322754,2.5999999046325684,26788000,2026-10-08
2005-01-10,2.195010185241699,2.5899999141693115,2.634000062942505,2.5380001068115234,2.563999891281128,16781000,2026-10-08
2005-01-11,2.1670424938201904,2.556999921798706,2.61299991607666,2.5350000858306885,2.5369999408721924,19891000,2026-10-08
2005-01-12,2.260267972946167,2.6670000553131104,2.680999994277954,2.5989999771118164,2.6059999465942383,30091000,2026-10-08
2005-01-13,2.233147144317627,2.634999990463257,2.683000087738037,2.625999927520752,2.640000104904175,18128000,2026-10-08
2005-01-14,2.3051846027374268,2.7200000286102295,2.7249999046325684,2.6410000324249268,2.6419999599456787,27416000,2026-10-08
2005-01-18,2.3077268600463867,2.7230000495910645,2.7290000915527344,2.677999973297119,2.680999994277954,14930000,2026-10-08
2005-01-19,2.2204346656799316,2.619999885559082,2.7230000495910645,2.61899995803833,2.7149999141693115,20214000,2026-10-08
2005-01-20,2.231452465057373,2.632999897003174,2.7039999961853027,2.5769999027252197,2.6029999256134033,49133000,2026-10-08
2005-01-21,2.2645041942596436,2.671999931335449,2.678999900817871,2.5859999656677246,2.5999999046325684,74732000,2026-10-08
2005-01-24,2.1644997596740723,2.553999900817871,2.6740000247955322,2.5510001182556152,2.6530001163482666,25167000,2026-10-08
2005-01-25,2.2119598388671875,2.609999895095825,2.635999917984009,2.578000068664551,2.5840001106262207,18145000,2026-10-08
2005-01-26,2.245011568069458,2.6489999294281006,2.6730000972747803,2.5940001010894775,2.5999999046325684,25159000,2026-10-08
2005-01-27,2.3009464740753174,2.7149999141693115,2.734999895095825,2.63700008392334,2.63700008392334,32518000,2026-10-08
2005-01-28,2.2543342113494873,2.6600000858306885,2.7179999351501465,2.621000051498413,2.7009999752044678,20977000,2026-10-08
2005-01-31,2.267894744873047,2.6760001182556152,2.7119998931884766,2.6549999713897705,2.6549999713897705,14384000,2026-10-08
2005-02-01,2.2958619594573975,2.7090001106262207,2.7249999046325684,2.6559998989105225,2.6659998893737793,15516000,2026-10-08
2005-02-02,2.3102691173553467,2.7260000705718994,2.7309999465942383,2.683000087738037,2.697000026702881,25272000,2026-10-08
2005-02-03,2.317897081375122,2.734999895095825,2.752000093460083,2.7019999027252197,2.7170000076293945,32550000,2026-10-08
2005-02-04,2.45434308052063,2.8959999084472656,2.8989999294281006,2.7130000591278076,2.7179999351501465,30091000,2026-10-08
2005-02-07,2.4323081970214844,2.869999885559082,2.9200000762939453,2.8469998836517334,2.880000114440918,22583000,2026-10-08
2005-02-08,2.5297701358795166,2.984999895095825,3.0220000743865967,2.8499999046325684,2.868000030517578,52623000,2026-10-08
2005-02-09,2.439934730529785,2.878999948501587,2.9790000915527344,2.869999885559082,2.9600000381469727,38091000,2026-10-08
2005-02-10,2.457733392715454,2.9000000953674316,2.927999973297119,2.8489999771118164,2.9000000953674316,30417000,2026-10-08
2005-02-11,2.5280749797821045,2.9830000400543213,3.005000114440918,2.8610000610351562,2.861999988555908,36870000,2026-10-08
2005-02-14,2.5594322681427,3.0199999809265137,3.0199999809265137,2.944999933242798,2.9639999866485596,29403000,2026-10-08
2005-02-15,2.605196952819824,3.0739998817443848,3.119999885559082,3.003000020980835,3.010999917984009,40128000,2026-10-08
2005-02-16,2.591637372970581,3.058000087738037,3.0959999561309814,2.9790000915527344,3.055000066757202,44414000,2026-10-08
2005-02-17,2.541635513305664,2.999000072479248,3.0950000286102295,2.990000009536743,3.055000066757202,29137000,2026-10-08
2005-02-18,2.5441782474517822,3.002000093460083,3.0220000743865967,2.9700000286102295,3.0,20845000,2026-10-08
2005-02-22,2.5263795852661133,2.9809999465942383,3.0940001010894775,2.938999891281128,3.0,37785000,2026-10-08
2005-02-23,2.498412609100342,2.947999954223633,3.0160000324249268,2.9040000438690186,2.994999885559082,34573000,2026-10-08
2005-02-24,2.6518096923828125,3.128999948501587,3.184999942779541,2.9700000286102295,2.9820001125335693,96057000,2026-10-08
2005-02-25,2.7102861404418945,3.197999954223633,3.2070000171661377,3.0940001010894775,3.109999895095825,32825000,2026-10-08
2005-02-28,2.6645219326019287,3.1440000534057617,3.2009999752044678,3.0869998931884766,3.1630001068115234,32487000,2026-10-08
2005-03-01,2.7018115520477295,3.187999963760376,3.2260000705718994,3.1589999198913574,3.1589999198913574,40118000,2026-10-08
2005-03-02,2.6619794368743896,3.1410000324249268,3.177999973297119,3.072000026702881,3.134999990463257,55187000,2026-10-08
2005-03-03,2.5382447242736816,2.994999885559082,3.135999917984009,2.921999931335449,3.134999990463257,67545000,2026-10-08
2005-03-04,2.511125326156616,2.9630000591278076,3.069000005722046,2.9549999237060547,3.010999917984009,42224000,2026-10-08
2005-03-07,2.5323121547698975,2.98799991607666,3.069000005722046,2.9630000591278076,2.9630000591278076,38487000,2026-10-08
2005-03-08,2.500955581665039,2.9509999752044678,3.0139999389648438,2.936000108718872,2.996999979019165,32363000,2026-10-08
2005-03-09,2.4755306243896484,2.9210000038146973,3.003999948501587,2.9200000762939453,2.947999954223633,30516000,2026-10-08
2005-03-10,2.469597339630127,2.9140000343322754,2.950000047683716,2.8540000915527344,2.930000066757202,34749000,2026-10-08
2005-03-11,2.4246811866760254,2.8610000610351562,2.937999963760376,2.8499999046325684,2.927999973297119,36408000,2026-10-08
2005-03-14,2.4297661781311035,2.867000102996826,2.88700008392334,2.822000026702881,2.869999885559082,23816000,2026-10-08
2005-03-15,2.365356683731079,2.7909998893737793,2.8919999599456787,2.7790000438690186,2.875999927520752,31976000,2026-10-08
2005-03-16,2.313659191131592,2.7300000190734863,2.7909998893737793,2.7269999980926514,2.7750000953674316,32894000,2026-10-08
2005-03-17,2.346712112426758,2.7690000534057617,2.7960000038146973,2.7249999046325684,2.7279999256134033,36517000,2026-10-08
2005-03-18,2.3323047161102295,2.752000093460083,2.7899999618530273,2.7170000076293945,2.7890000343322754,25540000,2026-10-08
2005-03-21,2.363661527633667,2.7890000343322754,2.802000045776367,2.73799991607666,2.752000093460083,27484000,2026-10-08
2005-03-22,2.354339599609375,2.7780001163482666,2.8410000801086426,2.7660000324249268,2.806999921798706,25316000,2026-10-08
2005-03-23,2.368746042251587,2.7950000762939453,2.8289999961853027,2.753999948501587,2.763000011444092,17748000,2026-10-08
2005-03-24,2.3967137336730957,2.828000068664551,2.8540000915527344,2.7960000038146973,2.8010001182556152,26980000,2026-10-08
2005-03-28,2.364508867263794,2.7899999618530273,2.875,2.7890000343322754,2.8329999446868896,15263000,2026-10-08
2005-03-29,2.3577287197113037,2.7820000648498535,2.8489999771118164,2.765000104904175,2.7980000972747803,24245000,2026-10-08
2005-03-30,2.418748378753662,2.8540000915527344,2.8570001125335693,2.7909998893737793,2.7950000762939453,14291000,2026-10-08
2005-03-31,2.445868968963623,2.885999917984009,2.8959999084472656,2.8380000591278076,2.868000030517578,27615000,2026-10-08
2005-04-01,2.41196870803833,2.8459999561309814,2.924999952316284,2.828000068664551,2.9100000858306885,22672000,2026-10-08
2005-04-04,2.3755264282226562,2.802999973297119,2.861999988555908,2.756999969482422,2.861999988555908,42724000,2026-10-08
2005-04-05,2.32552433013916,2.74399995803833,2.812999963760376,2.7300000190734863,2.802999973297119,48401000,2026-10-08
2005-04-06,2.3306093215942383,2.75,2.7850000858306885,2.7320001125335693,2.7769999504089355,35561000,2026-10-08
2005-04-07,2.3568813800811768,2.7809998989105225,2.7850000858306885,2.740000009536743,2.755000114440918,22726000,2026-10-08
2005-04-08,2.372983932495117,2.799999952316284,2.8589999675750732,2.7880001068115234,2.7990000247955322,20407000,2026-10-08
2005-04-11,2.339931011199951,2.760999917984009,2.796999931335449,2.750999927520752,2.7739999294281006,27164000,2026-10-08
2005-04-12,2.354339599609375,2.7780001163482666,2.7799999713897705,2.690000057220459,2.756999969482422,34706000,2026-10-08
2005-04-13,2.2111127376556396,2.6089999675750732,2.7709999084472656,2.5999999046325684,2.765000104904175,54642000,2026-10-08
2005-04-14,2.235689640045166,2.638000011444092,2.7019999027252197,2.615999937057495,2.6989998817443848,62074000,2026-10-08
2005-04-15,2.192467212677002,2.5869998931884766,2.634999990463257,2.5450000762939453,2.619999885559082,45679000,2026-10-08
2005-04-18,2.2348430156707764,2.63700008392334,2.6600000858306885,2.572000026702881,2.5799999237060547,26522000,2026-10-08
2005-04-19,2.2890818119049072,2.7009999752044678,2.7079999446868896,2.6540000438690186,2.6589999198913574,35960000,2026-10-08
2005-04-20,2.222978115081787,2.622999906539917,2.750999927520752,2.619999885559082,2.7360000610351562,36438000,2026-10-08
2005-04-21,2.322981357574463,2.740999937057495,2.744999885559082,2.6519999504089355,2.6619999408721924,21858000,2026-10-08
2005-04-22,2.27891206741333,2.688999891281128,2.740999937057495,2.674999952316284,2.7309999465942383,15805000,2026-10-08
2005-04-25,2.3102691173553467,2.7260000705718994,2.747999906539917,2.693000078201294,2.7209999561309814,13748000,2026-10-08
2005-04-26,2.2695887088775635,2.677999973297119,2.7679998874664307,2.677999973297119,2.7260000705718994,20814000,2026-10-08
2005-04-27,2.286539316177368,2.697999954223633,2.7249999046325684,2.63700008392334,2.6589999198913574,18696000,2026-10-08
2005-04-28,2.222978115081787,2.622999906539917,2.7160000801086426,2.618000030517578,2.684999942779541,23927000,2026-10-08
2005-04-29,2.1738221645355225,2.565000057220459,2.6010000705718994,2.4240000247955322,2.5789999961853027,68866000,2026-10-08
2005-05-02,2.2017903327941895,2.5980000495910645,2.6110000610351562,2.562999963760376,2.572000026702881,22356000,2026-10-08
2005-05-03,2.2145018577575684,2.61299991607666,2.632999897003174,2.5799999237060547,2.5899999141693115,23978000,2026-10-08
2005-05-04,2.2611145973205566,2.6679999828338623,2.6760001182556152,2.609999895095825,2.622999906539917,12948000,2026-10-08
2005-05-05,2.2543342113494873,2.6600000858306885,2.700000047683716,2.638000011444092,2.6549999713897705,19737000,2026-10-08
2005-05-06,2.2534875869750977,2.6589999198913574,2.680000066757202,2.618000030517578,2.680000066757202,12855000,2026-10-08
2005-05-09,2.2543342113494873,2.6600000858306885,2.6640000343322754,2.622999906539917,2.6489999294281006,12515000,2026-10-08
2005-05-10,2.244163990020752,2.6480000019073486,2.697000026702881,2.628999948501587,2.6419999599456787,17750000,2026-10-08
2005-05-11,2.2534875869750977,2.6589999198913574,2.6659998893737793,2.5920000076293945,2.6440000534057617,17824000,2026-10-08
2005-05-12,2.244163990020752,2.6480000019073486,2.687000036239624,2.624000072479248,2.6600000858306885,18691000,2026-10-08
2005-05-13,2.3094213008880615,2.7249999046325684,2.750999927520752,2.6559998989105225,2.6559998989105225,30181000,2026-10-08
2005-05-16,2.328065872192383,2.746999979019165,2.753999948501587,2.7149999141693115,2.7249999046325684,17930000,2026-10-08
2005-05-17,2.3712892532348633,2.7980000972747803,2.7980000972747803,2.7230000495910645,2.736999988555908,17729000,2026-10-08
2005-05-18,2.406036376953125,2.8389999866485596,2.867000102996826,2.746000051498413,2.7709999084472656,25967000,2026-10-08
2005-05-19,2.410273551940918,2.8440001010894775,2.88700008392334,2.811000108718872,2.8380000591278076,17593000,2026-10-08
2005-05-20,2.4526479244232178,2.8940000534057617,2.8940000534057617,2.8269999027252197,2.8389999866485596,12070000,2026-10-08
2005-05-23,2.4331564903259277,2.871000051498413,2.8989999294281006,2.8420000076293945,2.890000104904175,16714000,2026-10-08
2005-05-24,2.504345417022705,2.9549999237060547,2.9590001106262207,2.867000102996826,2.874000072479248,22612000,2026-10-08
2005-05-25,2.4729886054992676,2.9179999828338623,2.9579999446868896,2.8910000324249268,2.9579999446868896,13988000,2026-10-08
2005-05-26,2.533161163330078,2.989000082015991,2.997999906539917,2.931999921798706,2.931999921798706,14238000,2026-10-08
2005-05-27,2.5212953090667725,2.9749999046325684,2.990000009536743,2.936000108718872,2.9790000915527344,10461000,2026-10-08
2005-05-31,2.597569704055786,3.065000057220459,3.075000047683716,2.9800000190734863,2.99399995803833,60670000,2026-10-08
2005-06-01,2.62214732170105,3.0940001010894775,3.1570000648498535,3.0169999599456787,3.0380001068115234,36744000,2026-10-08
2005-06-02,2.6933367252349854,3.177999973297119,3.177999973297119,3.0360000133514404,3.0409998893737793,23067000,2026-10-08
2005-06-03,2.6645219326019287,3.1440000534057617,3.174999952316284,3.125,3.1489999294281006,16715000,2026-10-08
2005-06-06,2.644181728363037,3.119999885559082,3.1459999084472656,3.0880000591278076,3.125999927520752,14218000,2026-10-08
2005-06-07,2.5755350589752197,3.0390000343322754,3.1579999923706055,3.0360000133514404,3.111999988555908,28228000,2026-10-08
2005-06-08,2.6060452461242676,3.075000047683716,3.0929999351501465,3.0429999828338623,3.0510001182556152,27537000,2026-10-08
2005-06-09,2.6518096923828125,3.128999948501587,3.140000104904175,3.0299999713897705,3.065000057220459,17604000,2026-10-08
2005-06-10,2.6018078327178955,3.069999933242798,3.138000011444092,3.0420000553131104,3.138000011444092,14244000,2026-10-08
2005-06-13,2.593332052230835,3.059999942779541,3.0850000381469727,3.0190000534057617,3.0390000343322754,24896000,2026-10-08
2005-06-14,2.5619752407073975,3.0230000019073486,3.058000087738037,3.002000093460083,3.046999931335449,22732000,2026-10-08
2005-06-15,2.5662128925323486,3.0280001163482666,3.055000066757202,2.9600000381469727,3.0439999103546143,21408000,2026-10-08
2005-06-16,2.5687546730041504,3.0309998989105225,3.0829999446868896,3.007999897003174,3.0199999809265137,22196000,2026-10-08
2005-06-17,2.5958750247955322,3.062999963760376,3.071000099182129,3.003000020980835,3.0450000762939453,28572000,2026-10-08
2005-06-20,2.5594322681427,3.0199999809265137,3.0480000972747803,3.0169999599456787,3.0450000762939453,11008000,2026-10-08
2005-06-21,2.5958750247955322,3.062999963760376,3.069999933242798,3.015000104904175,3.0299999713897705,21553000,2026-10-08
2005-06-22,2.6179099082946777,3.0889999866485596,3.0980000495910645,3.0510001182556152,3.071000099182129,14005000,2026-10-08
2005-06-23,2.5628223419189453,3.0239999294281006,3.1510000228881836,3.0220000743865967,3.0829999446868896,26277000,2026-10-08
2005-06-24,2.4475629329681396,2.888000011444092,3.0139999389648438,2.871000051498413,3.013000011444092,43999000,2026-10-08
2005-06-27,2.4068825244903564,2.8399999141693115,2.8970000743865967,2.8310000896453857,2.878000020980835,32454000,2026-10-08
2005-06-28,2.4407835006713867,2.880000114440918,2.880000114440918,2.8329999446868896,2.8540000915527344,22258000,2026-10-08
2005-06-29,2.45434308052063,2.8959999084472656,2.9040000438690186,2.8499999046325684,2.868000030517578,32646000,2026-10-08
2005-06-30,2.4534964561462402,2.8949999809265137,2.950000047683716,2.8929998874664307,2.8929998874664307,24552000,2026-10-08
2005-07-01,2.461123466491699,2.9040000438690186,2.9260001182556152,2.8929998874664307,2.8980000019073486,16303000,2026-10-08
2005-07-05,2.4568862915039062,2.8989999294281006,2.9609999656677246,2.875999927520752,2.9040000438690186,21508000,2026-10-08
2005-07-06,2.4433255195617676,2.882999897003174,2.931999921798706,2.868000030517578,2.8980000019073486,34674000,2026-10-08
2005-07-07,2.457733392715454,2.9000000953674316,2.928999900817871,2.859999895095825,2.865000009536743,25895000,2026-10-08
2005-07-08,2.4568862915039062,2.8989999294281006,2.9100000858306885,2.8440001010894775,2.9000000953674316,50473000,2026-10-08
2005-07-11,2.503498077392578,2.9539999961853027,2.9539999961853027,2.890000104904175,2.9100000858306885,26129000,2026-10-08
2005-07-12,2.58994197845459,3.055999994277954,3.071000099182129,2.944999933242798,2.9590001106262207,45429000,2026-10-08
2005-07-13,2.6077394485473633,3.0769999027252197,3.0999999046325684,3.0199999809265137,3.059999942779541,27999000,2026-10-08
2005-07-14,2.6204521656036377,3.0920000076293945,3.1489999294281006,3.066999912261963,3.1070001125335693,37093000,2026-10-08
2005-07-15,2.5865519046783447,3.052000045776367,3.0980000495910645,3.0360000133514404,3.0929999351501465,24933000,2026-10-08
2005-07-18,2.5941808223724365,3.061000108718872,3.065999984741211,3.0139999389648438,3.0450000762939453,17474000,2026-10-08
2005-07-19,2.6357064247131348,3.109999895095825,3.128000020980835,3.046999931335449,3.061000108718872,15043000,2026-10-08
2005-07-20,2.7585935592651367,3.255000114440918,3.260999917984009,3.0380001068115234,3.0460000038146973,58026000,2026-10-08
2005-07-21,2.5179052352905273,2.9709999561309814,3.138000011444092,2.9560000896453857,3.131999969482422,76494000,2026-10-08
2005-07-22,2.456037998199463,2.8980000019073486,2.9779999256134033,2.86899995803833,2.9700000286102295,31196000,2026-10-08
2005-07-25,2.4297661781311035,2.867000102996826,2.938999891281128,2.8440001010894775,2.9030001163482666,30249000,2026-10-08
2005-07-26,2.4085781574249268,2.8420000076293945,2.8919999599456787,2.805000066757202,2.871999979019165,31400000,2026-10-08
2005-07-27,2.3856959342956543,2.815000057220459,2.865000009536743,2.7829999923706055,2.859999895095825,31287000,2026-10-08
2005-07-28,2.3967137336730957,2.828000068664551,2.8369998931884766,2.7950000762939453,2.812999963760376,20632000,2026-10-08
2005-07-29,2.411121129989624,2.8450000286102295,2.864000082015991,2.7769999504089355,2.822000026702881,37623000,2026-10-08
2005-08-01,2.3890862464904785,2.819000005722046,2.8570001125335693,2.7920000553131104,2.8519999980926514,43691000,2026-10-08
2005-08-02,2.4662082195281982,2.9100000858306885,2.921999931335449,2.819999933242798,2.822000026702881,28827000,2026-10-08
2005-08-03,2.45434308052063,2.8959999084472656,2.924999952316284,2.865000009536743,2.88700008392334,25231000,2026-10-08
2005-08-04,2.45434308052063,2.8959999084472656,2.9049999713897705,2.865999937057495,2.875,20566000,2026-10-08
2005-08-05,2.4831578731536865,2.930000066757202,2.940000057220459,2.869999885559082,2.9000000953674316,25850000,2026-10-08
2005-08-08,2.467055082321167,2.9110000133514404,2.946000099182129,2.8889999389648438,2.930000066757202,25903000,2026-10-08
2005-08-09,2.4738361835479736,2.9189999103546143,2.933000087738037,2.880000114440918,2.9210000038146973,16951000,2026-10-08
2005-08-10,2.413662910461426,2.8480000495910645,2.937999963760376,2.8380000591278076,2.931999921798706,25830000,2026-10-08
2005-08-11,2.4568862915039062,2.8989999294281006,2.9110000133514404,2.8420000076293945,2.8489999771118164,12498000,2026-10-08
2005-08-12,2.4331564903259277,2.871000051498413,2.890000104904175,2.8450000286102295,2.8889999389648438,12779000,2026-10-08
2005-08-15,2.4712932109832764,2.9159998893737793,2.946000099182129,2.8559999465942383,2.86299991607666,14617000,2026-10-08
2005-08-16,2.410273551940918,2.8440001010894775,2.9000000953674316,2.8410000801086426,2.8970000743865967,13249000,2026-10-08
2005-08-17,2.4865481853485107,2.934000015258789,2.9860000610351562,2.9149999618530273,2.9200000762939453,31727000,2026-10-08
2005-08-18,2.484006404876709,2.930999994277954,2.9579999446868896,2.9110000133514404,2.930000066757202,13867000,2026-10-08
2005-08-19,2.492480993270874,2.940999984741211,2.9600000381469727,2.9260001182556152,2.946000099182129,11420000,2026-10-08
2005-08-22,2.549262762069702,3.007999897003174,3.009999990463257,2.940000057220459,2.940000057220459,26497000,2026-10-08
2005-08-23,2.536550283432007,2.993000030517578,3.0390000343322754,2.989000082015991,3.009000062942505,19413000,2026-10-08
2005-08-24,2.5229902267456055,2.9769999980926514,3.0339999198913574,2.9590001106262207,2.9820001125335693,19145000,2026-10-08
2005-08-25,2.548414707183838,3.006999969482422,3.009999990463257,2.9860000610351562,3.000999927520752,20910000,2026-10-08
2005-08-26,2.53061842918396,2.9860000610351562,3.006999969482422,2.9690001010894775,3.005000114440918,17299000,2026-10-08
2005-08-29,2.644181728363037,3.119999885559082,3.121000051498413,2.9649999141693115,2.9800000190734863,31843000,2026-10-08
2005-08-30,2.6602845191955566,3.1389999389648438,3.1440000534057617,3.0889999866485596,3.109999895095825,21712000,2026-10-08
2005-08-31,2.686556816101074,3.1700000762939453,3.1700000762939453,3.0850000381469727,3.125,27936000,2026-10-08
2005-09-01,2.5729925632476807,3.0360000133514404,3.134999990463257,3.0199999809265137,3.130000114440918,44655000,2026-10-08
2005-09-02,2.553499698638916,3.013000011444092,3.055000066757202,3.0,3.0429999828338623,20041000,2026-10-08
2005-09-06,2.5806195735931396,3.0450000762939453,3.065999984741211,3.009999990463257,3.0299999713897705,17060000,2026-10-08
2005-09-07,2.630622148513794,3.1040000915527344,3.114000082015991,3.0339999198913574,3.058000087738037,22318000,2026-10-08
2005-09-08,2.623842477798462,3.0959999561309814,3.117000102996826,3.0810000896453857,3.0940001010894775,38921000,2026-10-08
2005-09-09,2.6323177814483643,3.1059999465942383,3.140000104904175,3.061000108718872,3.0980000495910645,22279000,2026-10-08
2005-09-12,2.6594364643096924,3.138000011444092,3.1530001163482666,3.0920000076293945,3.0950000286102295,12142000,2026-10-08
2005-09-13,2.7001171112060547,3.186000108718872,3.2090001106262207,3.115000009536743,3.118000030517578,15965000,2026-10-08
2005-09-14,2.638249158859253,3.11299991607666,3.193000078201294,3.1010000705718994,3.186000108718872,16610000,2026-10-08
2005-09-15,2.6314697265625,3.1050000190734863,3.125,3.075000047683716,3.109999895095825,15429000,2026-10-08
2005-09-16,2.59672212600708,3.063999891281128,3.1110000610351562,3.0510001182556152,3.109999895095825,16505000,2026-10-08
2005-09-19,2.5628223419189453,3.0239999294281006,3.069000005722046,2.9860000610351562,3.055000066757202,18462000,2026-10-08
2005-09-20,2.5340073108673096,2.990000009536743,3.052000045776367,2.984999895095825,3.0260000228881836,21223000,2026-10-08
2005-09-21,2.495023250579834,2.944000005722046,2.996000051498413,2.9189999103546143,2.994999885559082,18190000,2026-10-08
2005-09-22,2.5128204822540283,2.9649999141693115,2.9790000915527344,2.9100000858306885,2.940000057220459,16607000,2026-10-08
2005-09-23,2.490784168243408,2.938999891281128,2.9549999237060547,2.8919999599456787,2.953000068664551,19383000,2026-10-08
2005-09-26,2.456037998199463,2.8980000019073486,2.9749999046325684,2.884999990463257,2.9549999237060547,26569000,2026-10-08
2005-09-27,2.457733392715454,2.9000000953674316,2.9170000553131104,2.8369998931884766,2.881999969482422,23405000,2026-10-08
2005-09-28,2.455190658569336,2.8970000743865967,2.940000057220459,2.872999906539917,2.8959999084472656,17700000,2026-10-08
2005-09-29,2.5136682987213135,2.9660000801086426,3.000999927520752,2.875999927520752,2.8910000324249268,22069000,2026-10-08
2005-09-30,2.582314968109131,3.046999931335449,3.069000005722046,2.9700000286102295,2.9739999771118164,17079000,2026-10-08
2005-10-03,2.6280786991119385,3.1010000705718994,3.132999897003174,3.046999931335449,3.059999942779541,22467000,2026-10-08
2005-10-04,2.6187565326690674,3.0899999141693115,3.131999969482422,3.0810000896453857,3.1040000915527344,20367000,2026-10-08
2005-10-05,2.6009597778320312,3.069000005722046,3.1019999980926514,3.0420000553131104,3.0799999237060547,23329000,2026-10-08
2005-10-06,2.5645172595977783,3.0260000228881836,3.0759999752044678,2.99399995803833,3.059999942779541,33839000,2026-10-08
2005-10-07,2.5696024894714355,3.0320000648498535,3.065999984741211,3.0260000228881836,3.0299999713897705,22742000,2026-10-08
2005-10-10,2.5670602321624756,3.0290000438690186,3.0409998893737793,2.9719998836517334,3.0350000858306885,30546000,2026-10-08
2005-10-11,2.5475680828094482,3.00600004196167,3.0959999561309814,2.9749999046325684,3.0329999923706055,32300000,2026-10-08
2005-10-12,2.5594322681427,3.0199999809265137,3.0889999866485596,2.9709999561309814,3.0,42981000,2026-10-08
2005-10-13,2.86029314994812,3.375,3.428999900817871,3.117000102996826,3.183000087738037,145705000,2026-10-08
2005-10-14,2.834019899368286,3.3440001010894775,3.3940000534057617,3.2860000133514404,3.3610000610351562,59267000,2026-10-08
2005-10-17,2.8001210689544678,3.303999900817871,3.3469998836517334,3.2790000438690186,3.3350000381469727,51384000,2026-10-08
2005-10-18,2.806053400039673,3.311000108718872,3.3510000705718994,3.2799999713897705,3.2820000648498535,31711000,2026-10-08
2005-10-19,2.828934669494629,3.3380000591278076,3.3399999141693115,3.2139999866485596,3.312999963760376,31268000,2026-10-08
2005-10-20,2.855207681655884,3.36899995803833,3.4119999408721924,3.3469998836517334,3.3469998836517334,40758000,2026-10-08
2005-10-21,2.9187698364257812,3.444000005722046,3.4749999046325684,3.3910000324249268,3.3989999294281006,26066000,2026-10-08
2005-10-24,2.9094479084014893,3.433000087738037,3.4590001106262207,3.3529999256134033,3.424999952316284,23757000,2026-10-08
2005-10-25,2.8840227127075195,3.4030001163482666,3.443000078201294,3.371000051498413,3.4170000553131104,16457000,2026-10-08
2005-10-26,2.822154998779297,3.3299999237060547,3.424999952316284,3.312000036239624,3.4049999713897705,27505000,2026-10-08
2005-10-27,2.761983633041382,3.259000062942505,3.3589999675750732,3.253999948501587,3.3329999446868896,25203000,2026-10-08
2005-10-28,2.7933402061462402,3.2960000038146973,3.302000045776367,3.1530001163482666,3.2320001125335693,38576000,2026-10-08
2005-10-31,2.859445571899414,3.374000072479248,3.3959999084472656,3.2880001068115234,3.2960000038146973,17639000,2026-10-08
2005-11-01,2.856055498123169,3.369999885559082,3.3980000019073486,3.3519999980926514,3.369999885559082,18578000,2026-10-08
2005-11-02,2.9526689052581787,3.4839999675750732,3.496999979019165,3.3269999027252197,3.3359999656677246,28780000,2026-10-08
2005-11-03,3.0001296997070312,3.5399999618530273,3.5769999027252197,3.493000030517578,3.5,36318000,2026-10-08
2005-11-04,2.9721622467041016,3.506999969482422,3.569999933242798,3.4649999141693115,3.5429999828338623,16521000,2026-10-08
2005-11-07,3.035724401473999,3.5820000171661377,3.6080000400543213,3.503000020980835,3.5299999713897705,18753000,2026-10-08
2005-11-08,3.0374186038970947,3.5840001106262207,3.6480000019073486,3.5510001182556152,3.555000066757202,27035000,2026-10-08
2005-11-09,3.181492805480957,3.753999948501587,3.759999990463257,3.5789999961853027,3.5880000591278076,36582000,2026-10-08
2005-11-10,3.2001380920410156,3.7760000228881836,3.825000047683716,3.752000093460083,3.803999900817871,42218000,2026-10-08
2005-11-11,3.150136709213257,3.7170000076293945,3.799999952316284,3.700000047683716,3.7660000324249268,18741000,2026-10-08
2005-11-14,3.1704747676849365,3.740999937057495,3.799999952316284,3.678999900817871,3.7109999656677246,19668000,2026-10-08
2005-11-15,3.2060697078704834,3.7829999923706055,3.799999952316284,3.7309999465942383,3.7339999675750732,21836000,2026-10-08
2005-11-16,3.1704747676849365,3.740999937057495,3.808000087738037,3.7049999237060547,3.7699999809265137,32004000,2026-10-08
2005-11-17,3.184035062789917,3.756999969482422,3.765000104904175,3.678999900817871,3.703000068664551,25322000,2026-10-08
2005-11-18,3.177255630493164,3.749000072479248,3.815000057220459,3.7360000610351562,3.7799999713897705,26626000,2026-10-08
2005-11-21,3.1357290744781494,3.700000047683716,3.755000114440918,3.680000066757202,3.75,25771000,2026-10-08
2005-11-22,3.1925106048583984,3.7669999599456787,3.7809998989105225,3.690000057220459,3.690000057220459,31494000,2026-10-08
2005-11-23,3.1781036853790283,3.75,3.819000005722046,3.75,3.7709999084472656,13120000,2026-10-08
2005-11-25,3.257767677307129,3.8440001010894775,3.8440001010894775,3.746000051498413,3.746999979019165,7003000,2026-10-08
2005-11-28,3.1408138275146484,3.7060000896453857,3.871000051498413,3.7049999237060547,3.8380000591278076,17410000,2026-10-08
2005-11-29,3.2060697078704834,3.7829999923706055,3.808000087738037,3.7249999046325684,3.73799991607666,16736000,2026-10-08
2005-11-30,3.1823413372039795,3.755000114440918,3.7980000972747803,3.6659998893737793,3.75,28429000,2026-10-08
2005-12-01,3.3179397583007812,3.9149999618530273,3.9179999828338623,3.7839999198913574,3.7839999198913574,25493000,2026-10-08
2005-12-02,3.1992905139923096,3.7750000953674316,3.8610000610351562,3.734999895095825,3.8559999465942383,46262000,2026-10-08
2005-12-05,3.172171115875244,3.743000030517578,3.7829999923706055,3.686000108718872,3.7639999389648438,23529000,2026-10-08
2005-12-06,3.2289531230926514,3.809999942779541,3.875,3.7679998874664307,3.7750000953674316,21782000,2026-10-08
2005-12-07,3.167933940887451,3.73799991607666,3.815000057220459,3.7130000591278076,3.815000057220459,18825000,2026-10-08
2005-12-08,3.087421178817749,3.6429998874664307,3.7950000762939453,3.63100004196167,3.765000104904175,23446000,2026-10-08
2005-12-09,3.076403856277466,3.630000114440918,3.640000104904175,3.559999942779541,3.630000114440918,34151000,2026-10-08
2005-12-12,3.1348814964294434,3.6989998817443848,3.7070000171661377,3.632999897003174,3.6500000953674316,16890000,2026-10-08
2005-12-13,3.13911771774292,3.7039999961853027,3.75,3.6519999504089355,3.700000047683716,22913000,2026-10-08
2005-12-14,3.1170835494995117,3.677999973297119,3.7060000896453857,3.640000104904175,3.700000047683716,15799000,2026-10-08
2005-12-15,3.1052191257476807,3.6640000343322754,3.7100000381469727,3.6579999923706055,3.6730000972747803,17716000,2026-10-08
2005-12-16,3.0535216331481934,3.6029999256134033,3.683000087738037,3.5829999446868896,3.6600000858306885,29142000,2026-10-08
2005-12-19,2.940805196762085,3.4700000286102295,3.63700008392334,3.4660000801086426,3.5999999046325684,21687000,2026-10-08
2005-12-20,2.979789972305298,3.5160000324249268,3.5380001068115234,3.444000005722046,3.4660000801086426,22684000,2026-10-08
2005-12-21,2.9569079875946045,3.489000082015991,3.568000078201294,3.4579999446868896,3.5179998874664307,13929000,2026-10-08
2005-12-22,3.1162362098693848,3.677000045776367,3.687999963760376,3.503000020980835,3.505000114440918,33290000,2026-10-08
2005-12-23,3.0958964824676514,3.6530001163482666,3.7019999027252197,3.609999895095825,3.697999954223633,11044000,2026-10-08
2005-12-27,3.042504072189331,3.5899999141693115,3.687999963760376,3.5769999027252197,3.6760001182556152,12398000,2026-10-08
2005-12-28,3.090811252593994,3.6470000743865967,3.6510000228881836,3.565000057220459,3.6089999675750732,8827000,2026-10-08
2005-12-29,3.09250545501709,3.6489999294281006,3.687000036239624,3.625,3.6449999809265137,10897000,2026-10-08
2005-12-30,3.0238587856292725,3.568000078201294,3.6489999294281006,3.568000078201294,3.6419999599456787,13313000,2026-10-08
2006-01-03,3.1094565391540527,3.6689999103546143,3.691999912261963,3.5439999103546143,3.6089999675750732,29017000,2026-10-08
2006-01-04,3.1399664878845215,3.7049999237060547,3.74399995803833,3.6559998989105225,3.690999984741211,27219000,2026-10-08
2006-01-05,3.198441982269287,3.7739999294281006,3.822000026702881,3.7260000705718994,3.7269999980926514,21960000,2026-10-08
2006-01-06,3.31115984916687,3.9070000648498535,3.9230000972747803,3.7679998874664307,3.799999952316284,27869000,2026-10-08
2006-01-09,3.344212770462036,3.946000099182129,3.9800000190734863,3.878000020980835,3.8989999294281006,26170000,2026-10-08
2006-01-10,3.2848880290985107,3.875999927520752,3.940000057220459,3.8369998931884766,3.934999942779541,26050000,2026-10-08
2006-01-11,3.3603148460388184,3.9649999141693115,3.992000102996826,3.809000015258789,3.8559999465942383,26564000,2026-10-08
2006-01-12,3.3391270637512207,3.940000057220459,3.9800000190734863,3.9030001163482666,3.9749999046325684,22896000,2026-10-08
2006-01-13,3.245055675506592,3.8289999961853027,3.88700008392334,3.7899999618530273,3.875,26149000,2026-10-08
2006-01-17,3.188272714614868,3.76200008392334,3.7939999103546143,3.7219998836517334,3.7639999389648438,24698000,2026-10-08
2006-01-18,3.247598171234131,3.8320000171661377,3.8450000286102295,3.694000005722046,3.74399995803833,41151000,2026-10-08
2006-01-19,3.716262102127075,4.385000228881836,4.400000095367432,4.203999996185303,4.215000152587891,119618000,2026-10-08
2006-01-20,3.561171054840088,4.202000141143799,4.348999977111816,4.202000141143799,4.335000038146973,38903000,2026-10-08
2006-01-23,3.5984597206115723,4.245999813079834,4.328000068664551,4.205999851226807,4.241000175476074,26867000,2026-10-08
2006-01-24,3.746771812438965,4.421000003814697,4.453999996185303,4.238999843597412,4.2870001792907715,32032000,2026-10-08
2006-01-25,3.713719606399536,4.381999969482422,4.5,4.316999912261963,4.429999828338623,34103000,2026-10-08
2006-01-26,3.851861000061035,4.545000076293945,4.545000076293945,4.39900016784668,4.434999942779541,35887000,2026-10-08
2006-01-27,3.925593852996826,4.631999969482422,4.710999965667725,4.533999919891357,4.556000232696533,46753000,2026-10-08
2006-01-30,3.971358060836792,4.685999870300293,4.710000038146973,4.635000228881836,4.65500020980835,25909000,2026-10-08
2006-01-31,3.934915781021118,4.64300012588501,4.696000099182129,4.591000080108643,4.696000099182129,31398000,2026-10-08
2006-02-01,3.973900318145752,4.689000129699707,4.744999885559082,4.617000102996826,4.623000144958496,21298000,2026-10-08
2006-02-02,3.899320125579834,4.60099983215332,4.75,4.581999778747559,4.684999942779541,27689000,2026-10-08
2006-02-03,3.917966604232788,4.623000144958496,4.699999809265137,4.550000190734863,4.605999946594238,17423000,2026-10-08
2006-02-06,3.970510482788086,4.684999942779541,4.688000202178955,4.572000026702881,4.638000011444092,20235000,2026-10-08
2006-02-07,3.928135633468628,4.635000228881836,4.710000038146973,4.559000015258789,4.702000141143799,16207000,2026-10-08
2006-02-08,4.017972946166992,4.741000175476074,4.742000102996826,4.642000198364258,4.682000160217285,23746000,2026-10-08
2006-02-09,3.9900033473968506,4.708000183105469,4.854000091552734,4.708000183105469,4.783999919891357,59931000,2026-10-08
2006-02-10,4.0705132484436035,4.802999973297119,4.802999973297119,4.554999828338623,4.702000141143799,46119000,2026-10-08
2006-02-13,3.9366092681884766,4.644999980926514,4.801000118255615,4.625,4.795000076293945,19550000,2026-10-08
2006-02-14,3.971358060836792,4.685999870300293,4.702000141143799,4.579999923706055,4.665999889373779,21899000,2026-10-08
2006-02-15,4.045938014984131,4.77400016784668,4.7820000648498535,4.609000205993652,4.666999816894531,30480000,2026-10-08
2006-02-16,3.91457462310791,4.61899995803833,4.85699987411499,4.589000225067139,4.820000171661377,43082000,2026-10-08
2006-02-17,3.7815184593200684,4.461999893188477,4.626999855041504,4.440999984741211,4.611999988555908,41224000,2026-10-08
2006-02-21,3.778130531311035,4.458000183105469,4.48199987411499,4.35699987411499,4.455999851226807,30975000,2026-10-08
2006-02-22,3.739993095397949,4.413000106811523,4.480999946594238,4.289999961853027,4.480999946594238,34988000,2026-10-08
2006-02-23,3.678126811981201,4.340000152587891,4.446000099182129,4.318999767303467,4.4039998054504395,24145000,2026-10-08
2006-02-24,3.707787036895752,4.375,4.449999809265137,4.330999851226807,4.3460001945495605,25131000,2026-10-08
2006-02-27,3.5925281047821045,4.238999843597412,4.303999900817871,4.199999809265137,4.249000072479248,56761000,2026-10-08
2006-02-28,3.6526999473571777,4.309999942779541,4.309999942779541,4.204999923706055,4.2270002365112305,36625000,2026-10-08
2006-03-01,3.7857563495635986,4.4670000076293945,4.513999938964844,4.276000022888184,4.300000190734863,46853000,2026-10-08
2006-03-02,3.812877655029297,4.499000072479248,4.545000076293945,4.423999786376953,4.464000225067139,26185000,2026-10-08
2006-03-03,3.7145676612854004,4.382999897003174,4.502999782562256,4.363999843597412,4.425000190734863,25584000,2026-10-08
2006-03-06,3.6552419662475586,4.313000202178955,4.433000087738037,4.297999858856201,4.388000011444092,17488000,2026-10-08
2006-03-07,3.576425790786743,4.21999979019165,4.334000110626221,4.1579999923706055,4.324999809265137,20985000,2026-10-08
2006-03-08,3.5425262451171875,4.179999828338623,4.25,4.09499979019165,4.2170000076293945,29246000,2026-10-08
2006-03-09,3.5120153427124023,4.144000053405762,4.255000114440918,4.142000198364258,4.199999809265137,21892000,2026-10-08
2006-03-10,3.4713358879089355,4.0960001945495605,4.173999786376953,4.057000160217285,4.1539998054504395,18348000,2026-10-08
2006-03-13,3.534897804260254,4.171000003814697,4.206999778747559,4.091000080108643,4.093999862670898,30361000,2026-10-08
2006-03-14,3.698465585708618,4.363999843597412,4.394000053405762,4.1570000648498535,4.164000034332275,34391000,2026-10-08
2006-03-15,3.847623109817505,4.539999961853027,4.546000003814697,4.3460001945495605,4.369999885559082,49076000,2026-10-08
2006-03-16,3.6357505321502686,4.289999961853027,4.548999786376953,4.289999961853027,4.545000076293945,40363000,2026-10-08
2006-03-17,3.6374449729919434,4.291999816894531,4.355999946594238,4.255000114440918,4.296999931335449,36398000,2026-10-08
2006-03-20,3.6518521308898926,4.309000015258789,4.381999969482422,4.254000186920166,4.304999828338623,17674000,2026-10-08
2006-03-21,3.576425790786743,4.21999979019165,4.3979997634887695,4.210000038146973,4.21999979019165,34230000,2026-10-08
2006-03-22,3.570492744445801,4.2129998207092285,4.242000102996826,4.117000102996826,4.15500020980835,29465000,2026-10-08
2006-03-23,3.6128673553466797,4.263000011444092,4.303999900817871,4.195000171661377,4.215000152587891,17459000,2026-10-08
2006-03-24,3.7010059356689453,4.367000102996826,4.36899995803833,4.267000198364258,4.281000137329102,16001000,2026-10-08
2006-03-27,3.658632516860962,4.316999912261963,4.427000045776367,4.314000129699707,4.361999988555908,14923000,2026-10-08
2006-03-28,3.561171054840088,4.202000141143799,4.316999912261963,4.171999931335449,4.309000015258789,22918000,2026-10-08
2006-03-29,3.648463010787964,4.304999828338623,4.313000202178955,4.189000129699707,4.209000110626221,19105000,2026-10-08
2006-03-30,3.6552419662475586,4.313000202178955,4.386000156402588,4.2769999504089355,4.309000015258789,14865000,2026-10-08
2006-03-31,3.644225835800171,4.300000190734863,4.375,4.245999813079834,4.323999881744385,13773000,2026-10-08
2006-04-03,3.668802499771118,4.328999996185303,4.400000095367432,4.269999980926514,4.313000202178955,32742000,2026-10-08
2006-04-04,3.5925281047821045,4.238999843597412,4.35099983215332,4.2270002365112305,4.348999977111816,23020000,2026-10-08
2006-04-05,3.7272789478302,4.3979997634887695,4.422999858856201,4.25,4.261000156402588,23800000,2026-10-08
2006-04-06,3.862030506134033,4.557000160217285,4.585000038146973,4.394000053405762,4.409999847412109,47183000,2026-10-08
2006-04-07,3.8374528884887695,4.5279998779296875,4.629000186920166,4.478000164031982,4.550000190734863,36600000,2026-10-08
2006-04-10,3.7832138538360596,4.464000225067139,4.514999866485596,4.409999847412109,4.460000038146973,34866000,2026-10-08
2006-04-11,3.795926094055176,4.479000091552734,4.499000072479248,4.420000076293945,4.4670000076293945,28476000,2026-10-08
2006-04-12,3.7891461849212646,4.4710001945495605,4.505000114440918,4.388999938964844,4.388999938964844,41924000,2026-10-08
2006-04-13,3.963731527328491,4.677000045776367,4.7779998779296875,4.61899995803833,4.630000114440918,85363000,2026-10-08
2006-04-17,3.8247406482696533,4.513000011444092,4.691999912261963,4.4770002365112305,4.686999797821045,27403000,2026-10-08
2006-04-18,3.9620370864868164,4.675000190734863,4.697000026702881,4.514999866485596,4.533999919891357,27970000,2026-10-08
2006-04-19,4.039157867431641,4.765999794006348,4.783999919891357,4.63100004196167,4.669000148773193,30096000,2026-10-08
2006-04-20,4.049328327178955,4.7779998779296875,4.818999767303467,4.683000087738037,4.710000038146973,36955000,2026-10-08
2006-04-21,3.925593852996826,4.631999969482422,4.835000038146973,4.610000133514404,4.775000095367432,28924000,2026-10-08
2006-04-24,3.994239330291748,4.7129998207092285,4.73799991607666,4.579999923706055,4.640999794006348,27539000,2026-10-08
2006-04-25,4.019665241241455,4.743000030517578,4.783999919891357,4.704999923706055,4.73799991607666,20691000,2026-10-08
2006-04-26,4.045088291168213,4.7729997634887695,4.800000190734863,4.715000152587891,4.747000217437744,18779000,2026-10-08
2006-04-27,4.142552375793457,4.888000011444092,4.947000026702881,4.676000118255615,4.754000186920166,44533000,2026-10-08
2006-04-28,4.142552375793457,4.888000011444092,4.914000034332275,4.822000026702881,4.875,27535000,2026-10-08
2006-05-01,4.096787452697754,4.834000110626221,4.918000221252441,4.828000068664551,4.89300012588501,23218000,2026-10-08
2006-05-02,4.113736629486084,4.854000091552734,4.914999961853027,4.800000190734863,4.8460001945495605,14992000,2026-10-08
2006-05-03,4.397647857666016,5.189000129699707,5.197999954223633,4.859000205993652,4.86899995803833,70947000,2026-10-08
2006-05-04,4.4891767501831055,5.296999931335449,5.353000164031982,5.170000076293945,5.184000015258789,54514000,2026-10-08
2006-05-05,4.533244609832764,5.348999977111816,5.374000072479248,5.248000144958496,5.301000118255615,26750000,2026-10-08
2006-05-08,4.403580665588379,5.196000099182129,5.354000091552734,5.177000045776367,5.316999912261963,24874000,2026-10-08
2006-05-09,4.517991542816162,5.330999851226807,5.3429999351501465,5.105000019073486,5.176000118255615,38207000,2026-10-08
2006-05-10,4.392561912536621,5.183000087738037,5.329999923706055,5.175000190734863,5.329999923706055,33680000,2026-10-08
2006-05-11,4.14678955078125,4.89300012588501,5.089000225067139,4.855000019073486,5.025000095367432,48280000,2026-10-08
2006-05-12,4.139162063598633,4.883999824523926,4.965000152587891,4.831999778747559,4.860000133514404,34181000,2026-10-08
2006-05-15,4.034073829650879,4.760000228881836,4.921999931335449,4.701000213623047,4.8520002365112305,23911000,2026-10-08
2006-05-16,4.108650207519531,4.8480000495910645,4.854000091552734,4.744999885559082,4.755000114440918,25256000,2026-10-08
2006-05-17,4.021359443664551,4.744999885559082,4.828999996185303,4.699999809265137,4.734000205993652,31856000,2026-10-08
2006-05-18,3.952713966369629,4.664000034332275,4.877999782562256,4.6579999923706055,4.750999927520752,21638000,2026-10-08
2006-05-19,4.034921169281006,4.761000156402588,4.800000190734863,4.6539998054504395,4.660999774932861,31039000,2026-10-08
2006-05-22,3.963731527328491,4.677000045776367,4.730000019073486,4.572000026702881,4.718999862670898,29005000,2026-10-08
2006-05-23,3.7764346599578857,4.455999851226807,4.748000144958496,4.446000099182129,4.72599983215332,31626000,2026-10-08
2006-05-24,3.8789827823638916,4.577000141143799,4.630000114440918,4.420000076293945,4.452000141143799,40230000,2026-10-08
2006-05-25,3.8298254013061523,4.519000053405762,4.638000011444092,4.461999893188477,4.625,24380000,2026-10-08
2006-05-26,3.8255879878997803,4.513999938964844,4.546999931335449,4.449999809265137,4.525000095367432,16893000,2026-10-08
2006-05-30,3.6865992546081543,4.349999904632568,4.461999893188477,4.343999862670898,4.375,29161000,2026-10-08
2006-05-31,3.795926094055176,4.479000091552734,4.482999801635742,4.349999904632568,4.416999816894531,30118000,2026-10-08
2006-06-01,3.9315261840820312,4.638999938964844,4.639999866485596,4.461999893188477,4.480000019073486,26182000,2026-10-08
2006-06-02,3.8298254013061523,4.519000053405762,4.697000026702881,4.455999851226807,4.664999961853027,24017000,2026-10-08
2006-06-05,3.7933850288391113,4.47599983215332,4.567999839782715,4.454999923706055,4.510000228881836,18786000,2026-10-08
2006-06-06,3.808637857437134,4.49399995803833,4.513999938964844,4.4039998054504395,4.464000225067139,27720000,2026-10-08
2006-06-07,3.76287579536438,4.440000057220459,4.598999977111816,4.439000129699707,4.48799991607666,30477000,2026-10-08
2006-06-08,3.677276849746704,4.339000225067139,4.459000110626221,4.232999801635742,4.423999786376953,50040000,2026-10-08
2006-06-09,3.6899898052215576,4.354000091552734,4.47599983215332,4.324999809265137,4.34499979019165,22332000,2026-10-08
2006-06-12,3.531508684158325,4.166999816894531,4.375,4.1539998054504395,4.336999893188477,20458000,2026-10-08
2006-06-13,3.5374412536621094,4.173999786376953,4.25,4.15500020980835,4.164000034332275,27382000,2026-10-08
2006-06-14,3.6637165546417236,4.322999954223633,4.425000190734863,4.181000232696533,4.181000232696533,50829000,2026-10-08
2006-06-15,3.913727283477783,4.618000030517578,4.663000106811523,4.355000019073486,4.355000019073486,43202000,2026-10-08
2006-06-16,3.817962646484375,4.505000114440918,4.613999843597412,4.4770002365112305,4.5920000076293945,26996000,2026-10-08
2006-06-19,3.7789764404296875,4.459000110626221,4.59499979019165,4.443999767303467,4.508999824523926,16230000,2026-10-08
2006-06-20,3.7603321075439453,4.436999797821045,4.546000003814697,4.401000022888184,4.465000152587891,13847000,2026-10-08
2006-06-21,3.8705050945281982,4.566999912261963,4.663000106811523,4.433000087738037,4.454999923706055,21054000,2026-10-08
2006-06-22,3.823047161102295,4.511000156402588,4.663000106811523,4.464000225067139,4.556000232696533,17798000,2026-10-08
2006-06-23,3.6433777809143066,4.298999786376953,4.498000144958496,4.2779998779296875,4.482999801635742,39979000,2026-10-08
2006-06-26,3.715414524078369,4.383999824523926,4.4039998054504395,4.297999858856201,4.309000015258789,17344000,2026-10-08
2006-06-27,3.7764346599578857,4.455999851226807,4.604000091552734,4.420000076293945,4.474999904632568,42808000,2026-10-08
2006-06-28,3.8264353275299072,4.514999866485596,4.521999835968018,4.414999961853027,4.489999771118164,18396000,2026-10-08
2006-06-29,3.967968702316284,4.682000160217285,4.682000160217285,4.428999900817871,4.499000072479248,27793000,2026-10-08
2006-06-30,3.9594924449920654,4.671999931335449,4.739999771118164,4.609000205993652,4.701000213623047,19693000,2026-10-08
2006-07-03,4.005257606506348,4.72599983215332,4.745999813079834,4.677999973297119,4.709000110626221,6617000,2026-10-08
2006-07-05,3.9001684188842773,4.6020002365112305,4.716000080108643,4.550000190734863,4.716000080108643,18747000,2026-10-08
2006-07-06,3.865421772003174,4.560999870300293,4.645999908447266,4.533999919891357,4.61899995803833,21618000,2026-10-08
2006-07-07,3.7747387886047363,4.453999996185303,4.554999828338623,4.408999919891357,4.513000011444092,27130000,2026-10-08
2006-07-10,3.6018497943878174,4.25,4.568999767303467,4.224999904632568,4.479000091552734,38796000,2026-10-08
2006-07-11,3.7798240184783936,4.460000038146973,4.461999893188477,4.176000118255615,4.195000171661377,52005000,2026-10-08
2006-07-12,3.6179540157318115,4.269000053405762,4.4670000076293945,4.193999767303467,4.453999996185303,34148000,2026-10-08
2006-07-13,3.606088161468506,4.255000114440918,4.395999908447266,4.204999923706055,4.2769999504089355,37578000,2026-10-08
2006-07-14,3.6171061992645264,4.26800012588501,4.308000087738037,4.1570000648498535,4.264999866485596,27402000,2026-10-08
2006-07-17,3.5806641578674316,4.224999904632568,4.298999786376953,4.159999847412109,4.258999824523926,24933000,2026-10-08
2006-07-18,3.5976126194000244,4.244999885559082,4.313000202178955,4.059000015258789,4.210000038146973,27747000,2026-10-08
2006-07-19,3.808637857437134,4.49399995803833,4.519000053405762,4.245999813079834,4.250999927520752,50080000,2026-10-08
2006-07-20,3.334042549133301,3.934000015258789,4.329999923706055,3.865999937057495,4.321000099182129,125993000,2026-10-08
2006-07-21,3.195054054260254,3.7699999809265137,3.8940000534057617,3.6659998893737793,3.8910000324249268,60148000,2026-10-08
2006-07-24,3.302685260772705,3.8970000743865967,3.9739999771118164,3.7850000858306885,3.7860000133514404,44646000,2026-10-08
2006-07-25,3.3145499229431152,3.9110000133514404,3.9670000076293945,3.8499999046325684,3.9260001182556152,26668000,2026-10-08
2006-07-26,3.254377841949463,3.8399999141693115,3.9140000343322754,3.805999994277954,3.9140000343322754,37285000,2026-10-08
2006-07-27,3.3577721118927,3.9619998931884766,4.026000022888184,3.8469998836517334,3.8469998836517334,40326000,2026-10-08
2006-07-28,3.481506109237671,4.107999801635742,4.146999835968018,3.9719998836517334,3.989000082015991,36915000,2026-10-08
2006-07-31,3.52557635307312,4.159999847412109,4.175000190734863,4.048999786376953,4.070000171661377,34549000,2026-10-08
2006-08-01,3.347602367401123,3.950000047683716,4.114999771118164,3.9210000038146973,4.109000205993652,28045000,2026-10-08
2006-08-02,3.4365882873535156,4.054999828338623,4.078000068664551,3.937999963760376,3.9719998836517334,26729000,2026-10-08
2006-08-03,3.505236864089966,4.136000156402588,4.190000057220459,3.9800000190734863,4.019999980926514,24772000,2026-10-08
2006-08-04,3.347602367401123,3.950000047683716,4.234000205993652,3.890000104904175,4.190000057220459,34014000,2026-10-08
2006-08-07,3.350144863128662,3.953000068664551,3.996000051498413,3.8949999809265137,3.9590001106262207,25908000,2026-10-08
2006-08-08,3.307770252227783,3.9030001163482666,3.990000009536743,3.861999988555908,3.9570000171661377,23070000,2026-10-08
2006-08-09,3.3713316917419434,3.9779999256134033,4.078000068664551,3.934999942779541,3.950000047683716,30019000,2026-10-08
2006-08-10,3.4137063026428223,4.0279998779296875,4.057000160217285,3.927999973297119,3.9590001106262207,24018000,2026-10-08
2006-08-11,3.308617353439331,3.9040000438690186,4.000999927520752,3.8610000610351562,3.999000072479248,19975000,2026-10-08
2006-08-14,3.359467029571533,3.9639999866485596,4.0279998779296875,3.865999937057495,3.940000057220459,19620000,2026-10-08
2006-08-15,3.489133358001709,4.117000102996826,4.140999794006348,4.005000114440918,4.038000106811523,22415000,2026-10-08
2006-08-16,3.5543911457061768,4.193999767303467,4.199999809265137,4.0289998054504395,4.126999855041504,29350000,2026-10-08
2006-08-17,3.4908289909362793,4.11899995803833,4.224999904632568,4.1020002365112305,4.170000076293945,27422000,2026-10-08
2006-08-18,3.529813051223755,4.164999961853027,4.183000087738037,4.046000003814697,4.107999801635742,17581000,2026-10-08
2006-08-21,3.451843500137329,4.072999954223633,4.145999908447266,4.048999786376953,4.125,19360000,2026-10-08
2006-08-22,3.4052317142486572,4.01800012588501,4.120999813079834,3.9630000591278076,4.066999912261963,26461000,2026-10-08
2006-08-23,3.440826416015625,4.059999942779541,4.098999977111816,3.9649999141693115,4.034999847412109,18859000,2026-10-08
2006-08-24,3.443368911743164,4.063000202178955,4.098999977111816,4.01200008392334,4.067999839782715,15724000,2026-10-08
2006-08-25,3.3730270862579346,3.9800000190734863,4.111000061035156,3.9739999771118164,4.034999847412109,21281000,2026-10-08
2006-08-28,3.386587142944336,3.996000051498413,4.025000095367432,3.944000005722046,3.9719998836517334,16944000,2026-10-08
2006-08-29,3.404383897781372,4.017000198364258,4.050000190734863,3.9809999465942383,4.015999794006348,37639000,2026-10-08
2006-08-30,3.65439510345459,4.311999797821045,4.359000205993652,4.031000137329102,4.043000221252441,52490000,2026-10-08
2006-08-31,3.621342897415161,4.2729997634887695,4.349999904632568,4.229000091552734,4.309999942779541,31144000,2026-10-08
2006-09-01,3.5620179176330566,4.203000068664551,4.311999797821045,4.186999797821045,4.309999942779541,26008000,2026-10-08
2006-09-05,3.5679502487182617,4.210000038146973,4.223999977111816,4.091000080108643,4.216000080108643,27794000,2026-10-08
2006-09-06,3.4128589630126953,4.0269999504089355,4.204999923706055,4.008999824523926,4.204999923706055,32698000,2026-10-08
2006-09-07,3.3645527362823486,3.9700000286102295,4.047999858856201,3.9170000553131104,4.026000022888184,43912000,2026-10-08
2006-09-08,3.342517614364624,3.944000005722046,3.997999906539917,3.9010000228881836,3.9700000286102295,28172000,2026-10-08
2006-09-11,3.3348894119262695,3.934999942779541,3.986999988555908,3.890000104904175,3.9040000438690186,33603000,2026-10-08
2006-09-12,3.6145620346069336,4.264999866485596,4.291999816894531,3.9549999237060547,3.9739999771118164,53992000,2026-10-08
2006-09-13,3.590834140777588,4.236999988555908,4.309999942779541,4.197999954223633,4.239999771118164,35008000,2026-10-08
2006-09-14,3.5569334030151367,4.197000026702881,4.265999794006348,4.164999961853027,4.205999851226807,26261000,2026-10-08
2006-09-15,3.523033380508423,4.1570000648498535,4.315999984741211,4.124000072479248,4.230000019073486,42203000,2026-10-08
2006-09-18,3.5238802433013916,4.1579999923706055,4.265999794006348,4.105000019073486,4.1539998054504395,38450000,2026-10-08
2006-09-19,3.5069308280944824,4.138000011444092,4.2179999351501465,4.061999797821045,4.178999900817871,30578000,2026-10-08
2006-09-20,3.6052401065826416,4.254000186920166,4.269000053405762,4.1620001792907715,4.188000202178955,45173000,2026-10-08
2006-09-21,3.486591339111328,4.113999843597412,4.2789998054504395,4.110000133514404,4.2789998054504395,33268000,2026-10-08
2006-09-22,3.505236864089966,4.136000156402588,4.177999973297119,4.086999893188477,4.129000186920166,31817000,2026-10-08
2006-09-25,3.8171143531799316,4.504000186920166,4.5279998779296875,4.205999851226807,4.271999835968018,66809000,2026-10-08
2006-09-26,3.876438856124878,4.573999881744385,4.591000080108643,4.459000110626221,4.5,43994000,2026-10-08
2006-09-27,3.839996099472046,4.531000137329102,4.591000080108643,4.46999979019165,4.546000003814697,43055000,2026-10-08
2006-09-28,3.8891513347625732,4.589000225067139,4.651000022888184,4.495999813079834,4.540999889373779,31765000,2026-10-08
2006-09-29,3.841691493988037,4.5329999923706055,4.611000061035156,4.514999866485596,4.590000152587891,21459000,2026-10-08
2006-10-02,3.773890733718872,4.453000068664551,4.574999809265137,4.443999767303467,4.558000087738037,28923000,2026-10-08
2006-10-03,3.804401397705078,4.488999843597412,4.49399995803833,4.368000030517578,4.431000232696533,35810000,2026-10-08
2006-10-04,3.9815282821655273,4.697999954223633,4.711999893188477,4.460999965667725,4.465000152587891,34820000,2026-10-08
2006-10-05,3.9823756217956543,4.698999881744385,4.702000141143799,4.624000072479248,4.697999954223633,24913000,2026-10-08
2006-10-06,4.041701793670654,4.769000053405762,4.834000110626221,4.626999855041504,4.684000015258789,42893000,2026-10-08
2006-10-09,4.034073829650879,4.760000228881836,4.868000030517578,4.75,4.784999847412109,40902000,2026-10-08
2006-10-10,3.98406982421875,4.701000213623047,4.7789998054504395,4.6539998054504395,4.771999835968018,36487000,2026-10-08
2006-10-11,4.0781426429748535,4.811999797821045,4.909999847412109,4.671000003814697,4.677000045776367,107987000,2026-10-08
2006-10-12,4.101025581359863,4.839000225067139,4.892000198364258,4.675000190734863,4.843999862670898,104086000,2026-10-08
2006-10-13,4.3781538009643555,5.165999889373779,5.197000026702881,4.789999961853027,4.789999961853027,92772000,2026-10-08
2006-10-16,4.413750648498535,5.208000183105469,5.243000030517578,5.10099983215332,5.173999786376953,55890000,2026-10-08
2006-10-17,4.317135810852051,5.093999862670898,5.138000011444092,4.999000072479248,5.11899995803833,50350000,2026-10-08
2006-10-18,4.1552653312683105,4.9029998779296875,5.045000076293945,4.823999881744385,5.019999980926514,44417000,2026-10-08
2006-10-19,4.218825340270996,4.978000164031982,4.997000217437744,4.841000080108643,4.879000186920166,33557000,2026-10-08
2006-10-20,4.104414463043213,4.8429999351501465,4.9629998207092285,4.724999904632568,4.958000183105469,29646000,2026-10-08
2006-10-23,4.222217559814453,4.98199987411499,5.044000148773193,4.84499979019165,4.849999904632568,39836000,2026-10-08
2006-10-24,4.199334144592285,4.954999923706055,5.014999866485596,4.915999889373779,4.974999904632568,21416000,2026-10-08
2006-10-25,4.323068141937256,5.10099983215332,5.135000228881836,4.9679999351501465,4.9720001220703125,34919000,2026-10-08
2006-10-26,4.343408584594727,5.125,5.175000190734863,5.033999919891357,5.14300012588501,27688000,2026-10-08
2006-10-27,4.1306867599487305,4.874000072479248,5.122000217437744,4.857999801635742,5.119999885559082,32495000,2026-10-08
2006-10-30,4.2306904792785645,4.992000102996826,5.074999809265137,4.853000164031982,4.855000019073486,34837000,2026-10-08
2006-10-31,4.190859794616699,4.945000171661377,5.0279998779296875,4.896999835968018,5.0279998779296875,29257000,2026-10-08
2006-11-01,4.108650207519531,4.8480000495910645,5.019000053405762,4.802999973297119,4.978000164031982,33453000,2026-10-08
2006-11-02,4.092548847198486,4.828999996185303,4.925000190734863,4.764999866485596,4.806000232696533,25240000,2026-10-08
2006-11-03,4.151874542236328,4.89900016784668,4.926000118255615,4.781000137329102,4.894999980926514,29517000,2026-10-08
2006-11-06,4.206961631774902,4.964000225067139,5.046999931335449,4.901000022888184,4.901000022888184,22287000,2026-10-08
2006-11-07,4.295101642608643,5.067999839782715,5.1620001792907715,4.952000141143799,4.952000141143799,34424000,2026-10-08
2006-11-08,4.2493367195129395,5.013999938964844,5.111000061035156,4.988999843597412,5.035999774932861,29296000,2026-10-08
2006-11-09,4.16543436050415,4.914999961853027,5.072000026702881,4.908999919891357,5.054999828338623,28080000,2026-10-08
2006-11-10,4.245945930480957,5.010000228881836,5.01200008392334,4.900000095367432,4.925000190734863,21196000,2026-10-08
2006-11-13,4.512906074523926,5.324999809265137,5.348999977111816,5.005000114440918,5.013000011444092,62995000,2026-10-08
2006-11-14,4.664609432220459,5.504000186920166,5.51800012588501,5.184999942779541,5.281000137329102,71197000,2026-10-08
2006-11-15,4.631555080413818,5.465000152587891,5.534999847412109,5.400000095367432,5.5,48126000,2026-10-08
2006-11-16,4.612910270690918,5.442999839782715,5.468999862670898,5.293000221252441,5.4670000076293945,48203000,2026-10-08
2006-11-17,4.605282783508301,5.434000015258789,5.434000015258789,5.343999862670898,5.419000148773193,28339000,2026-10-08
2006-11-20,4.796817779541016,5.659999847412109,5.704999923706055,5.40500020980835,5.442999839782715,46865000,2026-10-08
2006-11-21,4.679015159606934,5.520999908447266,5.599999904632568,5.480999946594238,5.566999912261963,38512000,2026-10-08
2006-11-22,4.724780559539795,5.574999809265137,5.599999904632568,5.486999988555908,5.551000118255615,19209000,2026-10-08
2006-11-24,4.715457439422607,5.564000129699707,5.617000102996826,5.498000144958496,5.521999835968018,10137000,2026-10-08
2006-11-27,4.49849796295166,5.308000087738037,5.547999858856201,5.300000190734863,5.5329999923706055,34963000,2026-10-08
2006-11-28,4.512906074523926,5.324999809265137,5.370999813079834,5.238999843597412,5.27400016784668,38282000,2026-10-08
2006-11-29,4.462904930114746,5.265999794006348,5.414000034332275,5.1620001792907715,5.39900016784668,45641000,2026-10-08
2006-11-30,4.457818508148193,5.260000228881836,5.311999797821045,5.175000190734863,5.23799991607666,48585000,2026-10-08
2006-12-01,4.372222900390625,5.158999919891357,5.289000034332275,5.054999828338623,5.218999862670898,47360000,2026-10-08
2006-12-04,4.55782413482666,5.377999782562256,5.414999961853027,5.109000205993652,5.138000011444092,57763000,2026-10-08
2006-12-05,4.55782413482666,5.377999782562256,5.458000183105469,5.343999862670898,5.392000198364258,34779000,2026-10-08
2006-12-06,4.542568683624268,5.360000133514404,5.440000057220459,5.304999828338623,5.357999801635742,23600000,2026-10-08
2006-12-07,4.502735614776611,5.313000202178955,5.428999900817871,5.261000156402588,5.367000102996826,31137000,2026-10-08
2006-12-08,4.488327980041504,5.296000003814697,5.380000114440918,5.201000213623047,5.2789998054504395,22916000,2026-10-08
2006-12-11,4.500194072723389,5.309999942779541,5.4019999504089355,5.261000156402588,5.308000087738037,16675000,2026-10-08
2006-12-12,4.488327980041504,5.296000003814697,5.364999771118164,5.206999778747559,5.300000190734863,19572000,2026-10-08
2006-12-13,4.387478828430176,5.177000045776367,5.3470001220703125,5.1579999923706055,5.334000110626221,29119000,2026-10-08
2006-12-14,4.5196852684021,5.333000183105469,5.392000198364258,5.190000057220459,5.205999851226807,34748000,2026-10-08
2006-12-15,4.520535945892334,5.334000110626221,5.414000034332275,5.270999908447266,5.357999801635742,35197000,2026-10-08
2006-12-18,4.529855728149414,5.34499979019165,5.454999923706055,5.318999767303467,5.380000114440918,25157000,2026-10-08
2006-12-19,4.346798896789551,5.129000186920166,5.295000076293945,5.0970001220703125,5.294000148773193,40583000,2026-10-08
2006-12-20,4.284083843231201,5.054999828338623,5.215000152587891,5.045000076293945,5.14300012588501,32899000,2026-10-08
2006-12-21,4.241707801818848,5.005000114440918,5.105999946594238,4.958000183105469,5.059999942779541,26415000,2026-10-08
2006-12-22,4.220520973205566,4.980000019073486,5.060999870300293,4.966000080108643,4.974999904632568,15276000,2026-10-08
2006-12-26,4.2493367195129395,5.013999938964844,5.048999786376953,4.965000152587891,4.9679999351501465,10163000,2026-10-08
2006-12-27,4.297642230987549,5.071000099182129,5.091000080108643,4.936999797821045,4.947000026702881,18076000,2026-10-08
2006-12-28,4.340866565704346,5.122000217437744,5.138999938964844,5.038000106811523,5.084000110626221,21022000,2026-10-08
2006-12-29,4.290013790130615,5.061999797821045,5.186999797821045,5.052000045776367,5.132999897003174,19783000,2026-10-08
2007-01-03,4.191708087921143,4.946000099182129,5.1479997634887695,4.861999988555908,5.09499979019165,44521000,2026-10-08
2007-01-04,4.40018892288208,5.191999912261963,5.236999988555908,4.994999885559082,5.010000228881836,47929000,2026-10-08
2007-01-05,4.394257068634033,5.184999942779541,5.184999942779541,5.054999828338623,5.1570000648498535,32310000,2026-10-08
2007-01-08,4.345948696136475,5.127999782562256,5.284999847412109,5.111000061035156,5.188000202178955,33635000,2026-10-08
2007-01-09,4.337474822998047,5.118000030517578,5.184999942779541,5.038000106811523,5.184999942779541,35052000,2026-10-08
2007-01-10,4.466294288635254,5.269999980926514,5.290999889373779,5.039000034332275,5.080999851226807,41623000,2026-10-08
2007-01-11,4.534095764160156,5.349999904632568,5.394999980926514,5.260000228881836,5.260000228881836,32583000,2026-10-08
2007-01-12,4.622232437133789,5.453999996185303,5.464000225067139,5.308000087738037,5.314000129699707,37991000,2026-10-08
2007-01-16,4.512906074523926,5.324999809265137,5.443999767303467,5.260000228881836,5.381999969482422,36450000,2026-10-08
2007-01-17,4.58748722076416,5.413000106811523,5.4679999351501465,5.251999855041504,5.271999835968018,54007000,2026-10-08
2007-01-18,3.9171195030212402,4.622000217437744,4.894000053405762,4.589000225067139,4.855000019073486,184038000,2026-10-08
2007-01-19,4.006951808929443,4.728000164031982,4.769000053405762,4.60699987411499,4.625,65304000,2026-10-08
2007-01-22,3.974748134613037,4.690000057220459,4.771999835968018,4.675000190734863,4.76800012588501,45325000,2026-10-08
2007-01-23,3.948474884033203,4.658999919891357,4.743000030517578,4.645999908447266,4.65500020980835,36186000,2026-10-08
2007-01-24,4.069667339324951,4.802000045776367,4.815999984741211,4.679999828338623,4.679999828338623,31206000,2026-10-08
2007-01-25,3.997628927230835,4.7170000076293945,4.800000190734863,4.686999797821045,4.763000011444092,37951000,2026-10-08
2007-01-26,4.016274929046631,4.738999843597412,4.8480000495910645,4.701000213623047,4.723999977111816,44266000,2026-10-08
2007-01-29,3.9849166870117188,4.702000141143799,4.765999794006348,4.599999904632568,4.711999893188477,43809000,2026-10-08
2007-01-30,3.9298312664031982,4.63700008392334,4.699999809265137,4.603000164031982,4.699999809265137,37243000,2026-10-08
2007-01-31,3.8823721408843994,4.580999851226807,4.61899995803833,4.480999946594238,4.599999904632568,51010000,2026-10-08
2007-02-01,3.839149236679077,4.53000020980835,4.611999988555908,4.505000114440918,4.584000110626221,44281000,2026-10-08
2007-02-02,3.87558913230896,4.572999954223633,4.614999771118164,4.5269999504089355,4.578000068664551,41532000,2026-10-08
2007-02-05,3.932373285293579,4.639999866485596,4.659999847412109,4.550000190734863,4.617000102996826,46768000,2026-10-08
2007-02-06,3.8730478286743164,4.570000171661377,4.638000011444092,4.526000022888184,4.616000175476074,38374000,2026-10-08
2007-02-07,3.9196605682373047,4.625,4.708000183105469,4.579999923706055,4.625,35353000,2026-10-08
2007-02-08,3.8730478286743164,4.570000171661377,4.63700008392334,4.567999839782715,4.631999969482422,26598000,2026-10-08
2007-02-09,3.7298223972320557,4.401000022888184,4.622000217437744,4.366000175476074,4.585000038146973,74875000,2026-10-08
2007-02-12,3.6806671619415283,4.3429999351501465,4.4120001792907715,4.333000183105469,4.392000198364258,39009000,2026-10-08
2007-02-13,3.7332115173339844,4.40500020980835,4.421000003814697,4.355000019073486,4.375,33729000,2026-10-08
2007-02-14,3.792536497116089,4.474999904632568,4.510000228881836,4.401000022888184,4.440999984741211,37070000,2026-10-08
2007-02-15,3.8255879878997803,4.513999938964844,4.558000087738037,4.460999965667725,4.460999965667725,27923000,2026-10-08
2007-02-16,3.8332135677337646,4.5229997634887695,4.5370001792907715,4.47599983215332,4.508999824523926,23183000,2026-10-08
2007-02-20,3.7391443252563477,4.4120001792907715,4.448999881744385,4.363999843597412,4.428999900817871,37507000,2026-10-08
2007-02-21,3.7823662757873535,4.4629998207092285,4.46999979019165,4.385000228881836,4.394999980926514,25980000,2026-10-08
2007-02-22,3.810333251953125,4.495999813079834,4.570000171661377,4.451000213623047,4.5,29477000,2026-10-08
2007-02-23,3.8806769847869873,4.578999996185303,4.607999801635742,4.505000114440918,4.545000076293945,47668000,2026-10-08
2007-02-26,3.943390369415283,4.6529998779296875,4.769999980926514,4.629000186920166,4.73799991607666,43486000,2026-10-08
2007-02-27,3.7866039276123047,4.4679999351501465,4.638000011444092,4.427999973297119,4.520999908447266,48069000,2026-10-08
2007-02-28,3.784909725189209,4.466000080108643,4.539999961853027,4.427000045776367,4.499000072479248,35526000,2026-10-08
2007-03-01,3.7535505294799805,4.428999900817871,4.4670000076293945,4.326000213623047,4.369999885559082,43999000,2026-10-08
2007-03-02,3.6865992546081543,4.349999904632568,4.455999851226807,4.3429999351501465,4.414999961853027,28942000,2026-10-08
2007-03-05,3.6857516765594482,4.348999977111816,4.446000099182129,4.309999942779541,4.324999809265137,46792000,2026-10-08
2007-03-06,3.707787036895752,4.375,4.409999847412109,4.3460001945495605,4.380000114440918,34055000,2026-10-08
2007-03-07,3.7560946941375732,4.432000160217285,4.506999969482422,4.355000019073486,4.383999824523926,36326000,2026-10-08
2007-03-08,3.8298254013061523,4.519000053405762,4.616000175476074,4.513000011444092,4.53000020980835,35358000,2026-10-08
2007-03-09,3.8569464683532715,4.551000118255615,4.586999893188477,4.504000186920166,4.584000110626221,33587000,2026-10-08
2007-03-12,3.921355962753296,4.626999855041504,4.639999866485596,4.546999931335449,4.554999828338623,27761000,2026-10-08
2007-03-13,3.7967731952667236,4.480000019073486,4.623000144958496,4.478000164031982,4.61899995803833,32173000,2026-10-08
2007-03-14,3.851861000061035,4.545000076293945,4.560999870300293,4.433000087738037,4.474999904632568,30916000,2026-10-08
2007-03-15,3.8645734786987305,4.559999942779541,4.589000225067139,4.517000198364258,4.5370001792907715,23881000,2026-10-08
2007-03-16,3.8594884872436523,4.553999900817871,4.573999881744385,4.47599983215332,4.541999816894531,32795000,2026-10-08
2007-03-19,3.817962646484375,4.505000114440918,4.599999904632568,4.48199987411499,4.598999977111816,29702000,2026-10-08
2007-03-20,3.871354103088379,4.567999839782715,4.567999839782715,4.474999904632568,4.50600004196167,23309000,2026-10-08
2007-03-21,3.9688167572021484,4.683000087738037,4.708000183105469,4.535999774932861,4.586999893188477,30549000,2026-10-08
2007-03-22,3.9569501876831055,4.669000148773193,4.705999851226807,4.64300012588501,4.698999881744385,21148000,2026-10-08
2007-03-23,4.010342597961426,4.73199987411499,4.796000003814697,4.6529998779296875,4.6529998779296875,28354000,2026-10-08
2007-03-26,4.074751377105713,4.808000087738037,4.815999984741211,4.723999977111816,4.752999782562256,29068000,2026-10-08
2007-03-27,4.101025581359863,4.839000225067139,4.870999813079834,4.734000205993652,4.764999866485596,30791000,2026-10-08
2007-03-28,4.083229064941406,4.817999839782715,4.900000095367432,4.789999961853027,4.808000087738037,35814000,2026-10-08
2007-03-29,3.995933771133423,4.715000152587891,4.894000053405762,4.6579999923706055,4.855000019073486,36763000,2026-10-08
2007-03-30,4.01203727722168,4.734000205993652,4.794000148773193,4.690000057220459,4.735000133514404,32401000,2026-10-08
2007-04-02,4.024750709533691,4.749000072479248,4.811999797821045,4.691999912261963,4.739999771118164,27932000,2026-10-08
2007-04-03,4.06204080581665,4.793000221252441,4.828999996185303,4.690999984741211,4.769000053405762,31079000,2026-10-08
2007-04-04,4.157805442810059,4.906000137329102,4.915999889373779,4.8420000076293945,4.8470001220703125,38972000,2026-10-08
2007-04-05,4.186622619628906,4.940000057220459,4.948999881744385,4.889999866485596,4.90500020980835,21187000,2026-10-08
2007-04-09,4.180686950683594,4.933000087738037,5.015999794006348,4.88100004196167,4.951000213623047,29805000,2026-10-08
2007-04-10,4.280693054199219,5.051000118255615,5.072999954223633,4.896999835968018,4.929999828338623,41331000,2026-10-08
2007-04-11,4.257810592651367,5.02400016784668,5.145999908447266,5.019000053405762,5.057000160217285,47865000,2026-10-08
2007-04-12,4.320525169372559,5.0980000495910645,5.189000129699707,5.081999778747559,5.0980000495910645,82425000,2026-10-08
2007-04-13,4.39510440826416,5.185999870300293,5.203999996185303,4.964000225067139,5.021999835968018,96061000,2026-10-08
2007-04-16,4.44002103805542,5.238999843597412,5.239999771118164,5.126999855041504,5.235000133514404,35475000,2026-10-08
2007-04-17,4.396799564361572,5.188000202178955,5.230000019073486,5.163000106811523,5.224999904632568,24322000,2026-10-08
2007-04-18,4.464597702026367,5.26800012588501,5.328999996185303,5.176000118255615,5.181000232696533,31691000,2026-10-08
2007-04-19,4.48239803314209,5.289000034332275,5.36299991607666,5.181000232696533,5.199999809265137,36287000,2026-10-08
2007-04-20,4.472227096557617,5.2769999504089355,5.359000205993652,5.261000156402588,5.3460001945495605,32006000,2026-10-08
2007-04-23,4.4891767501831055,5.296999931335449,5.322999954223633,5.257999897003174,5.281000137329102,20072000,2026-10-08
2007-04-24,4.526465892791748,5.341000080108643,5.367000102996826,5.285999774932861,5.334000110626221,30189000,2026-10-08
2007-04-25,4.577316761016846,5.401000022888184,5.413000106811523,5.329999923706055,5.357999801635742,27522000,2026-10-08
2007-04-26,4.653591156005859,5.491000175476074,5.49399995803833,5.369999885559082,5.376999855041504,29952000,2026-10-08
2007-04-27,4.615453720092773,5.446000099182129,5.5329999923706055,5.419000148773193,5.442999839782715,35692000,2026-10-08
2007-04-30,4.55782413482666,5.377999782562256,5.550000190734863,5.366000175476074,5.429999828338623,34466000,2026-10-08
2007-05-01,4.631555080413818,5.465000152587891,5.484000205993652,5.361999988555908,5.4029998779296875,27572000,2026-10-08
2007-05-02,4.611216068267822,5.440999984741211,5.514999866485596,5.432000160217285,5.460000038146973,28191000,2026-10-08
2007-05-03,4.654438018798828,5.492000102996826,5.525000095367432,5.434000015258789,5.441999912261963,25699000,2026-10-08
2007-05-04,4.720543384552002,5.570000171661377,5.604000091552734,5.488999843597412,5.493000030517578,30230000,2026-10-08
2007-05-07,4.671387672424316,5.51200008392334,5.570000171661377,5.5,5.546000003814697,19605000,2026-10-08
2007-05-08,4.586638450622559,5.4120001792907715,5.4770002365112305,5.376999855041504,5.474999904632568,33924000,2026-10-08
2007-05-09,4.63833475112915,5.4730000495910645,5.492000102996826,5.353000164031982,5.408999919891357,34290000,2026-10-08
2007-05-10,4.4891767501831055,5.296999931335449,5.449999809265137,5.283999919891357,5.434999942779541,40206000,2026-10-08
2007-05-11,4.57053804397583,5.39300012588501,5.4039998054504395,5.302000045776367,5.309999942779541,27461000,2026-10-08
2007-05-14,4.549349308013916,5.368000030517578,5.436999797821045,5.328000068664551,5.418000221252441,22388000,2026-10-08
2007-05-15,4.507821559906006,5.318999767303467,5.422999858856201,5.302000045776367,5.3480000495910645,31105000,2026-10-08
2007-05-16,4.379850387573242,5.168000221252441,5.23799991607666,5.089000225067139,5.190000057220459,52850000,2026-10-08
2007-05-17,4.360357284545898,5.144999980926514,5.197000026702881,5.0960001945495605,5.176000118255615,32650000,2026-10-08
2007-05-18,4.379002094268799,5.166999816894531,5.179999828338623,5.079999923706055,5.156000137329102,30498000,2026-10-08
2007-05-21,4.39595365524292,5.186999797821045,5.2779998779296875,5.131999969482422,5.156000137329102,28715000,2026-10-08
2007-05-22,4.351883888244629,5.135000228881836,5.203999996185303,5.103000164031982,5.176000118255615,39688000,2026-10-08
2007-05-23,4.306965351104736,5.081999778747559,5.210999965667725,5.073999881744385,5.164000034332275,35667000,2026-10-08
2007-05-24,4.444258213043213,5.24399995803833,5.322999954223633,5.068999767303467,5.071000099182129,81517000,2026-10-08
2007-05-25,4.490871429443359,5.298999786376953,5.315999984741211,5.203000068664551,5.249000072479248,28616000,2026-10-08
2007-05-29,4.5137529373168945,5.326000213623047,5.36899995803833,5.257999897003174,5.298999786376953,28032000,2026-10-08
2007-05-30,4.516296863555908,5.328999996185303,5.328999996185303,5.215000152587891,5.2870001792907715,31645000,2026-10-08
2007-05-31,4.552738666534424,5.372000217437744,5.416999816894531,5.318999767303467,5.323999881744385,38778000,2026-10-08
2007-06-01,4.579860210418701,5.4039998054504395,5.465000152587891,5.369999885559082,5.381999969482422,24916000,2026-10-08
2007-06-04,4.631555080413818,5.465000152587891,5.49399995803833,5.353000164031982,5.389999866485596,26993000,2026-10-08
2007-06-05,4.559519290924072,5.380000114440918,5.486000061035156,5.320000171661377,5.456999778747559,27266000,2026-10-08
2007-06-06,4.456970691680908,5.258999824523926,5.379000186920166,5.245999813079834,5.34499979019165,19925000,2026-10-08
2007-06-07,4.331544399261475,5.111000061035156,5.2729997634887695,5.099999904632568,5.23199987411499,33201000,2026-10-08
2007-06-08,4.422225475311279,5.2179999351501465,5.23199987411499,5.083000183105469,5.104000091552734,24544000,2026-10-08
2007-06-11,4.367138385772705,5.1529998779296875,5.208000183105469,5.110000133514404,5.208000183105469,24715000,2026-10-08
2007-06-12,4.405274868011475,5.197999954223633,5.295000076293945,5.09499979019165,5.120999813079834,43444000,2026-10-08
2007-06-13,4.4332404136657715,5.230999946594238,5.28000020980835,5.189000129699707,5.223999977111816,25578000,2026-10-08
2007-06-14,4.521381855010986,5.335000038146973,5.368000030517578,5.234000205993652,5.25,22828000,2026-10-08
2007-06-15,4.568841457366943,5.390999794006348,5.426000118255615,5.335000038146973,5.388000011444092,32032000,2026-10-08
2007-06-18,4.544265270233154,5.361999988555908,5.442999839782715,5.361000061035156,5.400000095367432,16995000,2026-10-08
2007-06-19,4.518840312957764,5.331999778747559,5.368000030517578,5.289999961853027,5.361999988555908,18127000,2026-10-08
2007-06-20,4.479004383087158,5.284999847412109,5.381999969482422,5.261000156402588,5.328000068664551,23634000,2026-10-08
2007-06-21,4.576468467712402,5.400000095367432,5.459000110626221,5.263000011444092,5.28000020980835,42901000,2026-10-08
2007-06-22,4.501039028167725,5.310999870300293,5.458000183105469,5.307000160217285,5.394000053405762,29675000,2026-10-08
2007-06-25,4.440869331359863,5.239999771118164,5.335000038146973,5.21999979019165,5.315999984741211,22914000,2026-10-08
2007-06-26,4.347644329071045,5.130000114440918,5.28000020980835,5.103000164031982,5.269999980926514,35985000,2026-10-08
2007-06-27,4.396799564361572,5.188000202178955,5.192999839782715,5.0879998207092285,5.104000091552734,27410000,2026-10-08
2007-06-28,4.3289995193481445,5.107999801635742,5.1570000648498535,5.080999851226807,5.105999946594238,34072000,2026-10-08
2007-06-29,4.3561201095581055,5.139999866485596,5.166999816894531,5.107999801635742,5.136000156402588,31365000,2026-10-08
2007-07-02,4.379002094268799,5.166999816894531,5.264999866485596,5.14300012588501,5.170000076293945,20889000,2026-10-08
2007-07-03,4.380697727203369,5.169000148773193,5.2210001945495605,5.1570000648498535,5.192999839782715,10145000,2026-10-08
2007-07-05,4.38917350769043,5.178999900817871,5.199999809265137,5.114999771118164,5.165999889373779,14348000,2026-10-08
2007-07-06,4.40273380279541,5.195000171661377,5.210999965667725,5.1519999504089355,5.199999809265137,13802000,2026-10-08
2007-07-09,4.412903785705566,5.206999778747559,5.275000095367432,5.1479997634887695,5.2179999351501465,17824000,2026-10-08
2007-07-10,4.3917155265808105,5.182000160217285,5.264999866485596,5.179999828338623,5.185999870300293,22109000,2026-10-08
2007-07-11,4.406970024108887,5.199999809265137,5.218999862670898,5.119999885559082,5.139999866485596,19308000,2026-10-08
2007-07-12,4.545958042144775,5.363999843597412,5.369999885559082,5.203000068664551,5.252999782562256,25646000,2026-10-08
2007-07-13,4.60274076461792,5.431000232696533,5.447999954223633,5.34499979019165,5.36899995803833,23943000,2026-10-08
2007-07-16,4.614607810974121,5.445000171661377,5.486999988555908,5.388999938964844,5.432000160217285,18614000,2026-10-08
2007-07-17,5.083271026611328,5.998000144958496,6.081999778747559,5.480000019073486,5.485000133514404,121745000,2026-10-08
2007-07-18,4.925635814666748,5.811999797821045,5.875,5.7220001220703125,5.861000061035156,57816000,2026-10-08
2007-07-19,5.001911163330078,5.9019999504089355,5.925000190734863,5.816999912261963,5.870999813079834,23238000,2026-10-08
2007-07-20,5.013774871826172,5.915999889373779,6.010000228881836,5.877999782562256,5.9070000648498535,25344000,2026-10-08
2007-07-23,4.993435859680176,5.892000198364258,6.002999782562256,5.85099983215332,5.9730000495910645,17863000,2026-10-08
2007-07-24,4.830716133117676,5.699999809265137,5.867000102996826,5.650000095367432,5.867000102996826,34997000,2026-10-08
2007-07-25,4.949365139007568,5.840000152587891,5.874000072479248,5.6020002365112305,5.745999813079834,46994000,2026-10-08
2007-07-26,4.833259582519531,5.703000068664551,5.794000148773193,5.61299991607666,5.7789998054504395,34509000,2026-10-08
2007-07-27,4.819699764251709,5.686999797821045,5.835000038146973,5.685999870300293,5.730000019073486,25753000,2026-10-08
2007-07-30,4.893430709838867,5.77400016784668,5.859000205993652,5.682000160217285,5.699999809265137,26725000,2026-10-08
2007-07-31,4.901906967163086,5.783999919891357,5.989999771118164,5.7829999923706055,5.9039998054504395,42587000,2026-10-08
2007-08-01,4.907838821411133,5.790999889373779,5.855000019073486,5.645999908447266,5.853000164031982,32536000,2026-10-08
2007-08-02,4.850209712982178,5.7230000495910645,5.8460001945495605,5.678999900817871,5.833000183105469,25903000,2026-10-08
2007-08-03,4.645962715148926,5.48199987411499,5.756999969482422,5.48199987411499,5.7230000495910645,28498000,2026-10-08
2007-08-06,4.87054967880249,5.747000217437744,5.755000114440918,5.48199987411499,5.526000022888184,35646000,2026-10-08
2007-08-07,4.880719184875488,5.758999824523926,5.809999942779541,5.623000144958496,5.748000144958496,19564000,2026-10-08
2007-08-08,4.968856334686279,5.86299991607666,5.979000091552734,5.771999835968018,5.802999973297119,34456000,2026-10-08
2007-08-09,4.687490940093994,5.531000137329102,5.920000076293945,5.48799991607666,5.800000190734863,40374000,2026-10-08
2007-08-10,4.664609432220459,5.504000186920166,5.553999900817871,5.264999866485596,5.48199987411499,36791000,2026-10-08
2007-08-13,4.589181423187256,5.414999961853027,5.629000186920166,5.401000022888184,5.548999786376953,27509000,2026-10-08
2007-08-14,4.49341344833374,5.302000045776367,5.50600004196167,5.289000034332275,5.40500020980835,22656000,2026-10-08
2007-08-15,4.36459493637085,5.150000095367432,5.375999927520752,5.138000011444092,5.199999809265137,33807000,2026-10-08
2007-08-16,4.434937000274658,5.232999801635742,5.275000095367432,5.050000190734863,5.10699987411499,36347000,2026-10-08
2007-08-17,4.586638450622559,5.4120001792907715,5.558000087738037,5.251999855041504,5.295000076293945,31881000,2026-10-08
2007-08-20,4.601892948150635,5.429999828338623,5.447999954223633,5.330999851226807,5.4029998779296875,14863000,2026-10-08
2007-08-21,4.545110702514648,5.36299991607666,5.48799991607666,5.349999904632568,5.40500020980835,18346000,2026-10-08
2007-08-22,4.621387004852295,5.453000068664551,5.48799991607666,5.307000160217285,5.4120001792907715,17433000,2026-10-08
2007-08-23,4.537482738494873,5.354000091552734,5.4770002365112305,5.336999893188477,5.46999979019165,14482000,2026-10-08
2007-08-24,4.623080730438232,5.454999923706055,5.454999923706055,5.328999996185303,5.329999923706055,13038000,2026-10-08
2007-08-27,4.55782413482666,5.377999782562256,5.448999881744385,5.2870001792907715,5.448999881744385,21174000,2026-10-08
2007-08-28,4.449345111846924,5.25,5.377999782562256,5.228000164031982,5.303999900817871,23160000,2026-10-08
2007-08-29,4.561214923858643,5.381999969482422,5.425000190734863,5.250999927520752,5.300000190734863,17217000,2026-10-08
2007-08-30,4.4552764892578125,5.256999969482422,5.372000217437744,5.244999885559082,5.3460001945495605,17768000,2026-10-08
2007-08-31,4.545110702514648,5.36299991607666,5.370999813079834,5.230000019073486,5.340000152587891,19361000,2026-10-08
2007-09-04,4.611216068267822,5.440999984741211,5.491000175476074,5.330999851226807,5.336999893188477,17575000,2026-10-08
2007-09-05,4.480700969696045,5.2870001792907715,5.449999809265137,5.243000030517578,5.425000190734863,19934000,2026-10-08
2007-09-06,4.55612850189209,5.375999927520752,5.388000011444092,5.283999919891357,5.320000171661377,14109000,2026-10-08
2007-09-07,4.416292190551758,5.210999965667725,5.327000141143799,5.171999931335449,5.310999870300293,13537000,2026-10-08
2007-09-10,4.4332404136657715,5.230999946594238,5.318999767303467,5.166999816894531,5.261000156402588,20592000,2026-10-08
2007-09-11,4.469686031341553,5.27400016784668,5.302999973297119,5.215000152587891,5.281000137329102,12276000,2026-10-08
2007-09-12,4.24001407623291,5.002999782562256,5.28000020980835,4.998000144958496,5.28000020980835,29806000,2026-10-08
2007-09-13,4.271369934082031,5.039999961853027,5.125,5.0,5.056000232696533,28847000,2026-10-08
2007-09-14,4.269677639007568,5.038000106811523,5.072000026702881,4.947999954223633,5.010000228881836,23108000,2026-10-08
2007-09-17,4.36459493637085,5.150000095367432,5.23199987411499,5.014999866485596,5.014999866485596,24653000,2026-10-08
2007-09-18,4.5137529373168945,5.326000213623047,5.34499979019165,5.14900016784668,5.165999889373779,16068000,2026-10-08
2007-09-19,4.45866584777832,5.261000156402588,5.459000110626221,5.223999977111816,5.375,20580000,2026-10-08
2007-09-20,4.4951066970825195,5.303999900817871,5.315999984741211,5.164999961853027,5.179999828338623,18801000,2026-10-08
2007-09-21,4.560367584228516,5.38100004196167,5.414000034332275,5.329999923706055,5.3480000495910645,26545000,2026-10-08
2007-09-24,4.529855728149414,5.34499979019165,5.400000095367432,5.297999858856201,5.400000095367432,17493000,2026-10-08
2007-09-25,4.591723918914795,5.418000221252441,5.448999881744385,5.309000015258789,5.320000171661377,15251000,2026-10-08
2007-09-26,4.504432678222656,5.315000057220459,5.495999813079834,5.289999961853027,5.423999786376953,23999000,2026-10-08
2007-09-27,4.479853630065918,5.285999774932861,5.360000133514404,5.224999904632568,5.327000141143799,17961000,2026-10-08
2007-09-28,4.5137529373168945,5.326000213623047,5.388999938964844,5.285999774932861,5.293000221252441,18571000,2026-10-08
2007-10-01,4.779867649078369,5.639999866485596,5.664000034332275,5.340000152587891,5.355000019073486,29559000,2026-10-08
2007-10-02,4.751899719238281,5.60699987411499,5.650000095367432,5.539000034332275,5.650000095367432,17029000,2026-10-08
2007-10-03,4.60274076461792,5.431000232696533,5.574999809265137,5.354000091552734,5.574999809265137,26928000,2026-10-08
2007-10-04,4.521381855010986,5.335000038146973,5.460000038146973,5.275000095367432,5.429999828338623,22090000,2026-10-08
2007-10-05,4.573078632354736,5.395999908447266,5.447999954223633,5.320000171661377,5.361999988555908,13179000,2026-10-08
2007-10-08,4.6137590408325195,5.443999767303467,5.499000072479248,5.355999946594238,5.40500020980835,11368000,2026-10-08
2007-10-09,4.556975841522217,5.376999855041504,5.485000133514404,5.2870001792907715,5.440000057220459,28457000,2026-10-08
2007-10-10,4.662066459655762,5.500999927520752,5.5269999504089355,5.317999839782715,5.367000102996826,37639000,2026-10-08
2007-10-11,4.5510430335998535,5.369999885559082,5.71999979019165,5.301000118255615,5.683000087738037,55949000,2026-10-08
2007-10-12,4.635794162750244,5.46999979019165,5.5879998207092285,5.422999858856201,5.422999858856201,25045000,2026-10-08
2007-10-15,4.633249759674072,5.4670000076293945,5.497000217437744,5.395999908447266,5.482999801635742,23299000,2026-10-08
2007-10-16,4.723933696746826,5.573999881744385,5.604000091552734,5.425000190734863,5.440000057220459,32172000,2026-10-08
2007-10-17,4.753594875335693,5.609000205993652,5.765999794006348,5.552999973297119,5.627999782562256,34543000,2026-10-08
2007-10-18,4.704440116882324,5.551000118255615,5.565999984741211,5.461999893188477,5.548999786376953,20284000,2026-10-08
2007-10-19,4.551889896392822,5.370999813079834,5.563000202178955,5.366000175476074,5.546000003814697,25766000,2026-10-08
2007-10-22,4.601892948150635,5.429999828338623,5.513000011444092,5.324999809265137,5.361999988555908,15648000,2026-10-08
2007-10-23,4.5840959548950195,5.408999919891357,5.428999900817871,5.250999927520752,5.360000133514404,18728000,2026-10-08
2007-10-24,4.518840312957764,5.331999778747559,5.400000095367432,5.209000110626221,5.335000038146973,21045000,2026-10-08
2007-10-25,4.239166259765625,5.001999855041504,5.318999767303467,4.947999954223633,5.318999767303467,54357000,2026-10-08
2007-10-26,4.14509391784668,4.890999794006348,5.017000198364258,4.820000171661377,4.980000019073486,42862000,2026-10-08
2007-10-29,4.287473201751709,5.059000015258789,5.059999942779541,4.906000137329102,4.921999931335449,29489000,2026-10-08
2007-10-30,4.239166259765625,5.001999855041504,5.127999782562256,4.997000217437744,5.010000228881836,26983000,2026-10-08
2007-10-31,4.254421234130859,5.019999980926514,5.034999847412109,4.939000129699707,5.0229997634887695,22003000,2026-10-08
2007-11-01,4.139162063598633,4.883999824523926,5.01800012588501,4.883999824523926,4.98799991607666,22416000,2026-10-08
2007-11-02,4.123059272766113,4.864999771118164,4.960000038146973,4.822999954223633,4.956999778747559,18986000,2026-10-08
2007-11-05,4.078989028930664,4.813000202178955,4.860000133514404,4.736000061035156,4.820000171661377,23312000,2026-10-08
2007-11-06,4.043394565582275,4.770999908447266,4.857999801635742,4.73199987411499,4.849999904632568,23090000,2026-10-08
2007-11-07,3.948474884033203,4.658999919891357,4.809999942779541,4.6570000648498535,4.7230000495910645,24682000,2026-10-08
2007-11-08,3.971358060836792,4.685999870300293,4.770999908447266,4.571000099182129,4.692999839782715,39866000,2026-10-08
2007-11-09,3.999326229095459,4.718999862670898,4.7820000648498535,4.5879998207092285,4.630000114440918,29332000,2026-10-08
2007-11-12,3.9849166870117188,4.702000141143799,4.769000053405762,4.635000228881836,4.71999979019165,22121000,2026-10-08
2007-11-13,4.059495449066162,4.789999961853027,4.828999996185303,4.702000141143799,4.710000038146973,27731000,2026-10-08
2007-11-14,4.001020431518555,4.7210001945495605,4.797999858856201,4.704999923706055,4.7829999923706055,23814000,2026-10-08
2007-11-15,3.993391752243042,4.711999893188477,4.760000228881836,4.625,4.651000022888184,30275000,2026-10-08
2007-11-16,3.8984735012054443,4.599999904632568,4.752999782562256,4.552000045776367,4.736000061035156,30095000,2026-10-08
2007-11-19,3.84847092628479,4.540999889373779,4.619999885559082,4.5,4.598999977111816,17680000,2026-10-08
2007-11-20,3.7823662757873535,4.4629998207092285,4.560999870300293,4.400000095367432,4.535999774932861,26140000,2026-10-08
2007-11-21,3.7713489532470703,4.449999809265137,4.534999847412109,4.4070000648498535,4.460000038146973,16453000,2026-10-08
2007-11-23,3.806096315383911,4.491000175476074,4.534999847412109,4.440000057220459,4.510000228881836,6740000,2026-10-08
2007-11-26,3.7043962478637695,4.370999813079834,4.525000095367432,4.370999813079834,4.50600004196167,15623000,2026-10-08
2007-11-27,3.76287579536438,4.440000057220459,4.46999979019165,4.3429999351501465,4.366000175476074,17628000,2026-10-08
2007-11-28,3.9586446285247803,4.671000003814697,4.736999988555908,4.421999931335449,4.434999942779541,25987000,2026-10-08
2007-11-29,4.012885093688965,4.735000133514404,4.800000190734863,4.630000114440918,4.718999862670898,18457000,2026-10-08
2007-11-30,3.8857598304748535,4.585000038146973,4.800000190734863,4.572000026702881,4.798999786376953,26437000,2026-10-08
2007-12-03,3.8722004890441895,4.568999767303467,4.638000011444092,4.544000148773193,4.571000099182129,14104000,2026-10-08
2007-12-04,3.84084415435791,4.5320000648498535,4.564000129699707,4.480000019073486,4.491000175476074,17871000,2026-10-08
2007-12-05,3.862879753112793,4.558000087738037,4.629000186920166,4.51800012588501,4.565999984741211,22995000,2026-10-08
2007-12-06,4.030682563781738,4.75600004196167,4.7789998054504395,4.5279998779296875,4.559999942779541,29679000,2026-10-08
2007-12-07,4.000173568725586,4.71999979019165,4.795000076293945,4.703999996185303,4.754000186920166,17001000,2026-10-08
2007-12-10,4.034921169281006,4.761000156402588,4.789999961853027,4.715000152587891,4.76800012588501,16331000,2026-10-08
2007-12-11,3.8247406482696533,4.513000011444092,4.775000095367432,4.500999927520752,4.770999908447266,33703000,2026-10-08
2007-12-12,3.8281311988830566,4.517000198364258,4.5970001220703125,4.459000110626221,4.593999862670898,22554000,2026-10-08
2007-12-13,3.7764346599578857,4.455999851226807,4.514999866485596,4.38700008392334,4.486999988555908,16802000,2026-10-08
2007-12-14,3.7501628398895264,4.425000190734863,4.4730000495910645,4.388999938964844,4.418000221252441,14446000,2026-10-08
2007-12-17,3.7433829307556152,4.416999816894531,4.5269999504089355,4.416999816894531,4.429999828338623,17893000,2026-10-08
2007-12-18,3.745076894760132,4.419000148773193,4.4670000076293945,4.377999782562256,4.448999881744385,14031000,2026-10-08
2007-12-19,3.6365981101989746,4.290999889373779,4.434000015258789,4.290999889373779,4.406000137329102,20304000,2026-10-08
2007-12-20,3.7069404125213623,4.374000072479248,4.374000072479248,4.267000198364258,4.306000232696533,18350000,2026-10-08
2007-12-21,3.76456880569458,4.441999912261963,4.46999979019165,4.38700008392334,4.459000110626221,26183000,2026-10-08
2007-12-24,3.8027074337005615,4.486999988555908,4.61899995803833,4.434999942779541,4.473999977111816,9986000,2026-10-08
2007-12-26,3.7832138538360596,4.464000225067139,4.5229997634887695,4.425000190734863,4.48799991607666,9577000,2026-10-08
2007-12-27,3.720499038696289,4.389999866485596,4.495999813079834,4.363999843597412,4.488999843597412,10267000,2026-10-08
2007-12-28,3.689142942428589,4.353000164031982,4.443999767303467,4.309999942779541,4.443999767303467,11898000,2026-10-08
2007-12-31,3.6637165546417236,4.322999954223633,4.408999919891357,4.309999942779541,4.313000202178955,10746000,2026-10-08
2008-01-02,3.6128673553466797,4.263000011444092,4.380000114440918,4.204999923706055,4.296000003814697,23139000,2026-10-08
2008-01-03,3.539982795715332,4.177000045776367,4.276000022888184,4.142000198364258,4.25600004196167,29595000,2026-10-08
2008-01-04,3.3916711807250977,4.001999855041504,4.131999969482422,3.947000026702881,4.127999782562256,27813000,2026-10-08
2008-01-07,3.4137063026428223,4.0279998779296875,4.107999801635742,3.9809999465942383,4.041999816894531,40095000,2026-10-08
2008-01-08,3.2467503547668457,3.8310000896453857,4.1570000648498535,3.8310000896453857,4.005000114440918,37222000,2026-10-08
2008-01-09,3.2950572967529297,3.888000011444092,3.8949999809265137,3.7190001010894775,3.8429999351501465,39082000,2026-10-08
2008-01-10,3.2908198833465576,3.882999897003174,3.9260001182556152,3.7909998893737793,3.8340001106262207,22455000,2026-10-08
2008-01-11,3.214545965194702,3.7929999828338623,3.8910000324249268,3.753000020980835,3.8440001010894775,22927000,2026-10-08
2008-01-14,3.350144863128662,3.953000068664551,3.992000102996826,3.822999954223633,3.822999954223633,23728000,2026-10-08
2008-01-15,3.2374277114868164,3.819999933242798,3.9670000076293945,3.7920000553131104,3.9609999656677246,30302000,2026-10-08
2008-01-16,3.4467580318450928,4.066999912261963,4.168000221252441,3.763000011444092,3.812000036239624,56422000,2026-10-08
2008-01-17,3.3662467002868652,3.9719998836517334,4.170000076293945,3.9670000076293945,4.072999954223633,35509000,2026-10-08
2008-01-18,3.5247280597686768,4.158999919891357,4.199999809265137,3.9509999752044678,4.001999855041504,42458000,2026-10-08
2008-01-22,3.386587142944336,3.996000051498413,4.11899995803833,3.930999994277954,4.002999782562256,34026000,2026-10-08
2008-01-23,3.431504011154175,4.048999786376953,4.066999912261963,3.755000114440918,3.864000082015991,40826000,2026-10-08
2008-01-24,3.480658531188965,4.10699987411499,4.24399995803833,4.035999774932861,4.048999786376953,36325000,2026-10-08
2008-01-25,3.335737466812134,3.936000108718872,4.348999977111816,3.933000087738037,4.27400016784668,46568000,2026-10-08
2008-01-28,3.3730270862579346,3.9800000190734863,3.992000102996826,3.8940000534057617,3.9489998817443848,25003000,2026-10-08
2008-01-29,3.403536319732666,4.015999794006348,4.0289998054504395,3.8329999446868896,4.014999866485596,19477000,2026-10-08
2008-01-30,3.304379463195801,3.8989999294281006,4.0289998054504395,3.875,4.010000228881836,31366000,2026-10-08
2008-01-31,3.2535297870635986,3.8389999866485596,3.943000078201294,3.7980000972747803,3.8389999866485596,33053000,2026-10-08
2008-02-01,3.4501495361328125,4.071000099182129,4.085000038146973,3.8519999980926514,3.8519999980926514,33910000,2026-10-08
2008-02-04,3.37557053565979,3.9830000400543213,4.116000175476074,3.9700000286102295,4.034999847412109,17666000,2026-10-08
2008-02-05,3.2781078815460205,3.868000030517578,3.9579999446868896,3.8510000705718994,3.9079999923706055,24004000,2026-10-08
2008-02-06,3.2170889377593994,3.7960000038146973,3.9519999027252197,3.7899999618530273,3.881999969482422,33850000,2026-10-08
2008-02-07,3.239123582839966,3.822000026702881,3.884000062942505,3.686000108718872,3.7780001163482666,24318000,2026-10-08
2008-02-08,3.2645483016967773,3.8519999980926514,3.871999979019165,3.757999897003174,3.7780001163482666,25321000,2026-10-08
2008-02-11,3.349297046661377,3.9519999027252197,3.99399995803833,3.8519999980926514,3.861999988555908,24623000,2026-10-08
2008-02-12,3.2111551761627197,3.7890000343322754,3.9820001125335693,3.7769999504089355,3.9700000286102295,32225000,2026-10-08
2008-02-13,3.356076955795288,3.9600000381469727,3.9860000610351562,3.861999988555908,3.8889999389648438,42274000,2026-10-08
2008-02-14,3.2865822315216064,3.878000020980835,3.9790000915527344,3.859999895095825,3.9700000286102295,23630000,2026-10-08
2008-02-15,3.2416656017303467,3.825000047683716,3.8949999809265137,3.74399995803833,3.8450000286102295,24286000,2026-10-08
2008-02-19,3.2831923961639404,3.874000072479248,3.9749999046325684,3.8499999046325684,3.9630000591278076,26323000,2026-10-08
2008-02-20,3.38828182220459,3.997999906539917,4.044000148773193,3.8380000591278076,3.8399999141693115,31129000,2026-10-08
2008-02-21,3.3848917484283447,3.99399995803833,4.169000148773193,3.9820001125335693,4.01800012588501,27034000,2026-10-08
2008-02-22,3.4162487983703613,4.031000137329102,4.044000148773193,3.941999912261963,4.002999782562256,15355000,2026-10-08
2008-02-25,3.4594714641571045,4.081999778747559,4.125,3.9800000190734863,4.031000137329102,21924000,2026-10-08
2008-02-26,3.5501530170440674,4.189000129699707,4.252999782562256,4.008999824523926,4.063000202178955,37108000,2026-10-08
2008-02-27,3.6365981101989746,4.290999889373779,4.307000160217285,4.178999900817871,4.236999988555908,29730000,2026-10-08
2008-02-28,3.5916805267333984,4.23799991607666,4.27400016784668,4.145999908447266,4.251999855041504,38194000,2026-10-08
2008-02-29,3.410316228866577,4.02400016784668,4.230999946594238,4.008999824523926,4.191999912261963,30243000,2026-10-08
2008-03-03,3.387434482574463,3.996999979019165,4.058000087738037,3.950000047683716,4.005000114440918,22374000,2026-10-08
2008-03-04,3.383197069168091,3.992000102996826,3.994999885559082,3.8510000705718994,3.940999984741211,23744000,2026-10-08
2008-03-05,3.362856864929199,3.9679999351501465,4.073999881744385,3.9240000247955322,3.99399995803833,26304000,2026-10-08
2008-03-06,3.2103078365325928,3.7880001068115234,3.997999906539917,3.7750000953674316,3.9590001106262207,25975000,2026-10-08
2008-03-07,3.2509875297546387,3.8359999656677246,3.9170000553131104,3.753000020980835,3.7739999294281006,32499000,2026-10-08
2008-03-10,3.168781280517578,3.739000082015991,3.8540000915527344,3.7360000610351562,3.8410000801086426,15781000,2026-10-08
2008-03-11,3.3052279949188232,3.9000000953674316,3.9100000858306885,3.7860000133514404,3.825000047683716,23486000,2026-10-08
2008-03-12,3.265395402908325,3.8529999256134033,3.9170000553131104,3.7899999618530273,3.9040000438690186,30984000,2026-10-08
2008-03-13,3.4289610385894775,4.046000003814697,4.050000190734863,3.759000062942505,3.812999963760376,35514000,2026-10-08
2008-03-14,3.266242504119873,3.8540000915527344,4.085000038146973,3.8410000801086426,4.066999912261963,26146000,2026-10-08
2008-03-17,3.1789519786834717,3.750999927520752,3.8610000610351562,3.6760001182556152,3.7939999103546143,31298000,2026-10-08
2008-03-18,3.2865822315216064,3.878000020980835,3.8970000743865967,3.7720000743865967,3.819999933242798,33839000,2026-10-08
2008-03-19,3.119626045227051,3.680999994277954,3.9210000038146973,3.677999973297119,3.9200000762939453,30862000,2026-10-08
2008-03-20,3.1272530555725098,3.690000057220459,3.7149999141693115,3.615000009536743,3.6689999103546143,31884000,2026-10-08
2008-03-24,3.2281055450439453,3.809000015258789,3.8469998836517334,3.694999933242798,3.7179999351501465,37402000,2026-10-08
2008-03-25,3.2416656017303467,3.825000047683716,3.8570001125335693,3.7720000743865967,3.7950000762939453,12997000,2026-10-08
2008-03-26,3.20098614692688,3.7769999504089355,3.816999912261963,3.7049999237060547,3.7929999828338623,20308000,2026-10-08
2008-03-27,3.185730457305908,3.759000062942505,3.8410000801086426,3.753999948501587,3.802999973297119,24467000,2026-10-08
2008-03-28,3.1975953578948975,3.7730000019073486,3.8610000610351562,3.759999990463257,3.7990000247955322,20725000,2026-10-08
2008-03-31,3.239123582839966,3.822000026702881,3.8510000705718994,3.755000114440918,3.755000114440918,17479000,2026-10-08
2008-04-01,3.389976739883423,4.0,4.060999870300293,3.9059998989105225,3.9059998989105225,37195000,2026-10-08
2008-04-02,3.4687933921813965,4.0929999351501465,4.0980000495910645,3.99399995803833,3.99399995803833,26223000,2026-10-08
2008-04-03,3.669649839401245,4.329999923706055,4.35099983215332,4.004000186920166,4.064000129699707,45702000,2026-10-08
2008-04-04,3.7086338996887207,4.375999927520752,4.434000015258789,4.276000022888184,4.340000152587891,43176000,2026-10-08
2008-04-07,3.7323641777038574,4.4039998054504395,4.4730000495910645,4.375,4.4120001792907715,37826000,2026-10-08
2008-04-08,3.560323715209961,4.201000213623047,4.320000171661377,4.177999973297119,4.314000129699707,52720000,2026-10-08
2008-04-09,3.5577805042266846,4.197999954223633,4.249000072479248,4.125999927520752,4.249000072479248,34749000,2026-10-08
2008-04-10,3.6908376216888428,4.355000019073486,4.367000102996826,4.160999774932861,4.209000110626221,33432000,2026-10-08
2008-04-11,3.474727153778076,4.099999904632568,4.331999778747559,4.078999996185303,4.294000148773193,31073000,2026-10-08
2008-04-14,3.481506109237671,4.107999801635742,4.158999919891357,4.039000034332275,4.090000152587891,24298000,2026-10-08
2008-04-15,3.4255712032318115,4.041999816894531,4.120999813079834,4.00600004196167,4.120999813079834,32559000,2026-10-08
2008-04-16,3.640834331512451,4.296000003814697,4.327000141143799,4.084000110626221,4.091000080108643,36022000,2026-10-08
2008-04-17,3.6425304412841797,4.297999858856201,4.367000102996826,4.199999809265137,4.3420000076293945,27482000,2026-10-08
2008-04-18,3.6315128803253174,4.284999847412109,4.367000102996826,4.196000099182129,4.367000102996826,52640000,2026-10-08
2008-04-21,3.61202073097229,4.26200008392334,4.294000148773193,4.202000141143799,4.251999855041504,22398000,2026-10-08
2008-04-22,3.4340462684631348,4.052000045776367,4.191999912261963,3.9690001010894775,4.159999847412109,38948000,2026-10-08
2008-04-23,3.485743761062622,4.11299991607666,4.203999996185303,4.044000148773193,4.081999778747559,39211000,2026-10-08
2008-04-24,3.6637165546417236,4.322999954223633,4.39900016784668,3.9749999046325684,3.9809999465942383,79546000,2026-10-08
2008-04-25,3.6128673553466797,4.263000011444092,4.413000106811523,4.184000015258789,4.340000152587891,28487000,2026-10-08
2008-04-28,3.5772740840911865,4.2210001945495605,4.248000144958496,4.179999828338623,4.228000164031982,24130000,2026-10-08
2008-04-29,3.522186279296875,4.156000137329102,4.245999813079834,4.13700008392334,4.203999996185303,18141000,2026-10-08
2008-04-30,3.4611656665802,4.084000110626221,4.188000202178955,4.072999954223633,4.177999973297119,27288000,2026-10-08
2008-05-01,3.6179540157318115,4.269000053405762,4.302999973297119,4.079999923706055,4.099999904632568,29130000,2026-10-08
2008-05-02,3.6230380535125732,4.275000095367432,4.369999885559082,4.230000019073486,4.321000099182129,21854000,2026-10-08
2008-05-05,3.5179476737976074,4.151000022888184,4.324999809265137,4.125999927520752,4.324999809265137,26982000,2026-10-08
2008-05-06,3.51625394821167,4.14900016784668,4.168000221252441,4.054999828338623,4.11899995803833,32435000,2026-10-08
2008-05-07,3.4128589630126953,4.0269999504089355,4.1570000648498535,4.008999824523926,4.125,24192000,2026-10-08
2008-05-08,3.3992998600006104,4.011000156402588,4.046000003814697,3.931999921798706,4.015999794006348,34075000,2026-10-08
2008-05-09,3.39760422706604,4.008999824523926,4.040999889373779,3.937999963760376,3.9579999446868896,19483000,2026-10-08
2008-05-12,3.4187915325164795,4.033999919891357,4.033999919891357,3.9000000953674316,3.9719998836517334,36056000,2026-10-08
2008-05-13,3.3925182819366455,4.002999782562256,4.057000160217285,3.9779999256134033,4.0269999504089355,28787000,2026-10-08
2008-05-14,3.5374412536621094,4.173999786376953,4.229000091552734,4.01800012588501,4.039000034332275,48615000,2026-10-08
2008-05-15,3.5484580993652344,4.186999797821045,4.190999984741211,4.067999839782715,4.190000057220459,33815000,2026-10-08
2008-05-16,3.5518484115600586,4.190999984741211,4.211999893188477,4.120999813079834,4.206999778747559,26790000,2026-10-08
2008-05-19,3.481506109237671,4.107999801635742,4.236000061035156,4.103000164031982,4.181000232696533,38319000,2026-10-08
2008-05-20,3.389976739883423,4.0,4.1479997634887695,3.9700000286102295,4.103000164031982,38886000,2026-10-08
2008-05-21,3.349297046661377,3.9519999027252197,4.067999839782715,3.944000005722046,3.990999937057495,36550000,2026-10-08
2008-05-22,3.335737466812134,3.936000108718872,4.033999919891357,3.930000066757202,3.946000099182129,31758000,2026-10-08
2008-05-23,3.2247157096862793,3.805000066757202,3.938999891281128,3.7760000228881836,3.9189999103546143,55665000,2026-10-08
2008-05-27,3.435741424560547,4.053999900817871,4.059999942779541,3.9089999198913574,3.930999994277954,68095000,2026-10-08
2008-05-28,3.419639825820923,4.034999847412109,4.058000087738037,3.9719998836517334,4.058000087738037,32474000,2026-10-08
2008-05-29,3.4170966148376465,4.0320000648498535,4.0929999351501465,4.013000011444092,4.045000076293945,24967000,2026-10-08
2008-05-30,3.4493019580841064,4.070000171661377,4.090000152587891,3.990999937057495,4.050000190734863,27702000,2026-10-08
2008-06-02,3.433198928833008,4.051000118255615,4.107999801635742,3.986999988555908,4.059000015258789,25944000,2026-10-08
2008-06-03,3.3577721118927,3.9619998931884766,4.073999881744385,3.933000087738037,4.059000015258789,41074000,2026-10-08
2008-06-04,3.362856864929199,3.9679999351501465,4.052999973297119,3.950000047683716,4.014999866485596,29583000,2026-10-08
2008-06-05,3.352687358856201,3.9560000896453857,4.065000057220459,3.9189999103546143,3.9700000286102295,26916000,2026-10-08
2008-06-06,3.2814977169036865,3.871999979019165,3.9649999141693115,3.871999979019165,3.928999900817871,30654000,2026-10-08
2008-06-09,3.2374277114868164,3.819999933242798,3.885999917984009,3.755000114440918,3.875999927520752,38014000,2026-10-08
2008-06-10,3.1230156421661377,3.684999942779541,3.7750000953674316,3.6649999618530273,3.7720000743865967,42351000,2026-10-08
2008-06-11,3.09250545501709,3.6489999294281006,3.7079999446868896,3.5999999046325684,3.6689999103546143,58793000,2026-10-08
2008-06-12,3.100133180618286,3.6579999923706055,3.7219998836517334,3.634000062942505,3.678999900817871,27536000,2026-10-08
2008-06-13,3.1365761756896973,3.7009999752044678,3.7739999294281006,3.6679999828338623,3.690000057220459,20379000,2026-10-08
2008-06-16,3.2382752895355225,3.821000099182129,3.8420000076293945,3.6510000228881836,3.6510000228881836,41465000,2026-10-08
2008-06-17,3.198441982269287,3.7739999294281006,3.8540000915527344,3.7669999599456787,3.8369998931884766,37115000,2026-10-08
2008-06-18,3.1179311275482178,3.678999900817871,3.7890000343322754,3.6670000553131104,3.7890000343322754,19880000,2026-10-08
2008-06-19,3.171322822570801,3.742000102996826,3.7839999198913574,3.6589999198913574,3.6700000762939453,28312000,2026-10-08
2008-06-20,3.1094565391540527,3.6689999103546143,3.736999988555908,3.622999906539917,3.697999954223633,29883000,2026-10-08
2008-06-23,3.0535216331481934,3.6029999256134033,3.7200000286102295,3.5980000495910645,3.688999891281128,19841000,2026-10-08
2008-06-24,3.265395402908325,3.8529999256134033,3.9200000762939453,3.759999990463257,3.7669999599456787,79544000,2026-10-08
2008-06-25,3.296752452850342,3.890000104904175,3.947999954223633,3.8610000610351562,3.8610000610351562,31734000,2026-10-08
2008-06-26,3.0992860794067383,3.6570000648498535,3.8450000286102295,3.640000104904175,3.8369998931884766,33282000,2026-10-08
2008-06-27,3.145897388458252,3.7119998931884766,3.7300000190734863,3.638000011444092,3.638000011444092,31668000,2026-10-08
2008-06-30,3.0636916160583496,3.615000009536743,3.757999897003174,3.6089999675750732,3.688999891281128,28793000,2026-10-08
2008-07-01,3.209460496902466,3.7869999408721924,3.799999952316284,3.6659998893737793,3.671999931335449,41539000,2026-10-08
2008-07-02,3.0899643898010254,3.6459999084472656,3.796999931335449,3.628999948501587,3.756999969482422,32918000,2026-10-08
2008-07-03,2.995891809463501,3.5350000858306885,3.691999912261963,3.484999895095825,3.681999921798706,22769000,2026-10-08
2008-07-07,2.987416982650757,3.5250000953674316,3.624000072479248,3.427000045776367,3.549999952316284,38086000,2026-10-08
2008-07-08,2.9721622467041016,3.506999969482422,3.5490000247955322,3.424999952316284,3.509000062942505,42675000,2026-10-08
2008-07-09,2.86029314994812,3.375,3.5950000286102295,3.3550000190734863,3.4809999465942383,37770000,2026-10-08
2008-07-10,2.8882598876953125,3.4079999923706055,3.433000087738037,3.2929999828338623,3.375,34588000,2026-10-08
2008-07-11,2.7543563842773438,3.25,3.312999963760376,3.1530001163482666,3.306999921798706,42158000,2026-10-08
2008-07-14,2.7153706550598145,3.2039999961853027,3.305000066757202,3.1619999408721924,3.265000104904175,25603000,2026-10-08
2008-07-15,2.727236270904541,3.2179999351501465,3.2730000019073486,3.132999897003174,3.200000047683716,48962000,2026-10-08
2008-07-16,2.834019899368286,3.3440001010894775,3.384999990463257,3.1710000038146973,3.2060000896453857,33575000,2026-10-08
2008-07-17,2.8577499389648438,3.371999979019165,3.3910000324249268,3.2739999294281006,3.359999895095825,22281000,2026-10-08
2008-07-18,2.819613456726074,3.3269999027252197,3.374000072479248,3.246999979019165,3.3269999027252197,20439000,2026-10-08
2008-07-21,2.919616937637329,3.444999933242798,3.506999969482422,3.359999895095825,3.365999937057495,35391000,2026-10-08
2008-07-22,2.7458815574645996,3.240000009536743,3.365999937057495,3.200000047683716,3.3519999980926514,39466000,2026-10-08
2008-07-23,2.797578811645508,3.3010001182556152,3.375,3.2219998836517334,3.257999897003174,30702000,2026-10-08
2008-07-24,2.6653692722320557,3.1449999809265137,3.328000068664551,3.130000114440918,3.322999954223633,27879000,2026-10-08
2008-07-25,2.6535048484802246,3.13100004196167,3.1540000438690186,3.0769999027252197,3.1449999809265137,25772000,2026-10-08
2008-07-28,2.605196952819824,3.0739998817443848,3.178999900817871,3.0299999713897705,3.0940001010894775,25691000,2026-10-08
2008-07-29,2.677234172821045,3.1589999198913574,3.177000045776367,3.0350000858306885,3.1040000915527344,45762000,2026-10-08
2008-07-30,2.8908023834228516,3.4110000133514404,3.496999979019165,3.2330000400543213,3.25,77947000,2026-10-08
2008-07-31,2.7874083518981934,3.2890000343322754,3.436000108718872,3.2790000438690186,3.3550000190734863,53982000,2026-10-08
2008-08-01,2.762831449508667,3.259999990463257,3.302999973297119,3.194999933242798,3.2850000858306885,41044000,2026-10-08
2008-08-04,2.7933402061462402,3.2960000038146973,3.3580000400543213,3.2750000953674316,3.3239998817443848,24446000,2026-10-08
2008-08-05,2.8840227127075195,3.4030001163482666,3.4030001163482666,3.315000057220459,3.315000057220459,24280000,2026-10-08
2008-08-06,3.0560638904571533,3.6059999465942383,3.6059999465942383,3.4070000648498535,3.436000108718872,44940000,2026-10-08
2008-08-07,3.031486988067627,3.5769999027252197,3.6710000038146973,3.5169999599456787,3.555999994277954,40201000,2026-10-08
2008-08-08,3.1425085067749023,3.7079999446868896,3.752000093460083,3.5409998893737793,3.552000045776367,41783000,2026-10-08
2008-08-11,3.3577721118927,3.9619998931884766,3.996000051498413,3.694999933242798,3.7109999656677246,54966000,2026-10-08
2008-08-12,3.351839303970337,3.9549999237060547,4.02400016784668,3.9149999618530273,3.9149999618530273,39042000,2026-10-08
2008-08-13,3.259462356567383,3.8459999561309814,4.041999816894531,3.799999952316284,4.019999980926514,56131000,2026-10-08
2008-08-14,3.2603092193603516,3.8469998836517334,3.9110000133514404,3.7950000762939453,3.9110000133514404,29592000,2026-10-08
2008-08-15,3.2645483016967773,3.8519999980926514,3.881999969482422,3.805999994277954,3.865999937057495,24022000,2026-10-08
2008-08-18,3.185730457305908,3.759000062942505,3.8959999084472656,3.7109999656677246,3.8559999465942383,25873000,2026-10-08
2008-08-19,3.163695812225342,3.7330000400543213,3.755000114440918,3.671999931335449,3.7360000610351562,23161000,2026-10-08
2008-08-20,3.1789519786834717,3.750999927520752,3.8350000381469727,3.7079999446868896,3.746999979019165,19269000,2026-10-08
2008-08-21,3.1475932598114014,3.7139999866485596,3.752000093460083,3.6630001068115234,3.7190001010894775,16424000,2026-10-08
2008-08-22,3.2459022998809814,3.8299999237060547,3.8529999256134033,3.760999917984009,3.7860000133514404,17836000,2026-10-08
2008-08-25,3.2289531230926514,3.809999942779541,3.8269999027252197,3.7760000228881836,3.7899999618530273,28073000,2026-10-08
2008-08-26,3.1645431518554688,3.7339999675750732,3.819999933242798,3.7190001010894775,3.812999963760376,30883000,2026-10-08
2008-08-27,3.1959004402160645,3.7709999084472656,3.813999891281128,3.7190001010894775,3.760999917984009,20395000,2026-10-08
2008-08-28,3.2365803718566895,3.819000005722046,3.822000026702881,3.734999895095825,3.7839999198913574,20673000,2026-10-08
2008-08-29,3.1153883934020996,3.6760001182556152,3.7860000133514404,3.635999917984009,3.7820000648498535,23700000,2026-10-08
2008-09-02,3.0501317977905273,3.5989999771118164,3.7960000038146973,3.5899999141693115,3.759000062942505,29352000,2026-10-08
2008-09-03,2.8509702682495117,3.364000082015991,3.5959999561309814,3.3469998836517334,3.5889999866485596,47531000,2026-10-08
2008-09-04,2.716219186782837,3.2049999237060547,3.359999895095825,3.183000087738037,3.296999931335449,61264000,2026-10-08
2008-09-05,2.7399487495422363,3.2330000400543213,3.2799999713897705,3.1519999504089355,3.1679999828338623,48240000,2026-10-08
2008-09-08,2.708591938018799,3.196000099182129,3.3540000915527344,3.125,3.321000099182129,40673000,2026-10-08
2008-09-09,2.6179099082946777,3.0889999866485596,3.247999906539917,3.0759999752044678,3.2249999046325684,40847000,2026-10-08
2008-09-10,2.731473684310913,3.2230000495910645,3.234999895095825,3.114000082015991,3.125,67199000,2026-10-08
2008-09-11,2.7306268215179443,3.2219998836517334,3.25600004196167,3.0910000801086426,3.174999952316284,54835000,2026-10-08
2008-09-12,2.7102861404418945,3.197999954223633,3.249000072479248,3.1429998874664307,3.2170000076293945,33801000,2026-10-08
2008-09-15,2.639096975326538,3.114000082015991,3.2230000495910645,3.0810000896453857,3.109999895095825,36465000,2026-10-08
2008-09-16,2.6662168502807617,3.1459999084472656,3.188999891281128,3.0360000133514404,3.0490000247955322,42731000,2026-10-08
2008-09-17,2.5509581565856934,3.009999990463257,3.187999963760376,3.00600004196167,3.0999999046325684,39622000,2026-10-08
2008-09-18,2.7484233379364014,3.243000030517578,3.2880001068115234,3.0,3.1080000400543213,46713000,2026-10-08
2008-09-19,2.834019899368286,3.3440001010894775,3.4119999408721924,3.2769999504089355,3.3380000591278076,42978000,2026-10-08
2008-09-22,2.6636743545532227,3.1429998874664307,3.3369998931884766,3.1429998874664307,3.3010001182556152,19488000,2026-10-08
2008-09-23,2.6246895790100098,3.0969998836517334,3.2090001106262207,3.052000045776367,3.0929999351501465,29943000,2026-10-08
2008-09-24,2.6424872875213623,3.118000030517578,3.246999979019165,3.0799999237060547,3.0810000896453857,31233000,2026-10-08
2008-09-25,2.6950316429138184,3.180000066757202,3.2230000495910645,3.128000020980835,3.135999917984009,26122000,2026-10-08
2008-09-26,2.717914342880249,3.2070000171661377,3.2170000076293945,3.049999952316284,3.0980000495910645,18996000,2026-10-08
2008-09-29,2.5848569869995117,3.049999952316284,3.1579999923706055,2.999000072479248,3.125999927520752,31246000,2026-10-08
2008-09-30,2.6687591075897217,3.1489999294281006,3.197999954223633,3.006999969482422,3.1010000705718994,36990000,2026-10-08
2008-10-01,2.5882468223571777,3.053999900817871,3.1740000247955322,3.0380001068115234,3.1040000915527344,32288000,2026-10-08
2008-10-02,2.414510488510132,2.8489999771118164,3.015000104904175,2.8469998836517334,3.010999917984009,45350000,2026-10-08
2008-10-03,2.224672555923462,2.625,2.9170000553131104,2.6110000610351562,2.878000020980835,74596000,2026-10-08
2008-10-06,2.182297468185425,2.575000047683716,2.6010000705718994,2.3980000019073486,2.5840001106262207,65087000,2026-10-08
2008-10-07,1.9170315265655518,2.26200008392334,2.63100004196167,2.249000072479248,2.6040000915527344,61332000,2026-10-08
2008-10-08,1.9543215036392212,2.305999994277954,2.4019999504089355,2.1549999713897705,2.188999891281128,54438000,2026-10-08
2008-10-09,1.878894329071045,2.2170000076293945,2.385999917984009,2.1689999103546143,2.3359999656677246,48143000,2026-10-08
2008-10-10,1.9373728036880493,2.2860000133514404,2.4159998893737793,2.0380001068115234,2.13700008392334,69122000,2026-10-08
2008-10-13,2.1221256256103516,2.503999948501587,2.510999917984009,2.364000082015991,2.424999952316284,31095000,2026-10-08
2008-10-14,1.9712711572647095,2.3259999752044678,2.5889999866485596,2.319999933242798,2.510999917984009,49833000,2026-10-08
2008-10-15,1.7797377109527588,2.0999999046325684,2.3359999656677246,2.0999999046325684,2.2920000553131104,28178000,2026-10-08
2008-10-16,1.8534702062606812,2.187000036239624,2.2039999961853027,1.9709999561309814,2.132999897003174,57074000,2026-10-08
2008-10-17,1.7899075746536255,2.111999988555908,2.200000047683716,2.0980000495910645,2.121999979019165,26953000,2026-10-08
2008-10-20,1.8941490650177002,2.234999895095825,2.246000051498413,2.1389999389648438,2.171999931335449,29758000,2026-10-08
2008-10-21,1.7619401216506958,2.0789999961853027,2.2360000610351562,2.065999984741211,2.184999942779541,30193000,2026-10-08
2008-10-22,1.6280364990234375,1.9210000038146973,2.069999933242798,1.8869999647140503,2.007999897003174,37951000,2026-10-08
2008-10-23,1.602611780166626,1.8910000324249268,2.0190000534057617,1.812000036239624,1.8569999933242798,67833000,2026-10-08
2008-10-24,1.6297311782836914,1.9229999780654907,1.9730000495910645,1.7549999952316284,1.7589999437332153,45295000,2026-10-08
2008-10-27,1.6543086767196655,1.9520000219345093,2.0460000038146973,1.8480000495910645,1.8650000095367432,41961000,2026-10-08
2008-10-28,1.7653300762176514,2.0829999446868896,2.0899999141693115,1.8960000276565552,2.006999969482422,53222000,2026-10-08
2008-10-29,1.6975311040878296,2.003000020980835,2.1089999675750732,1.9709999561309814,2.0950000286102295,31901000,2026-10-08
2008-10-30,1.7814332246780396,2.1019999980926514,2.119999885559082,2.000999927520752,2.0309998989105225,27200000,2026-10-08
2008-10-31,1.894996166229248,2.2360000610351562,2.2939999103546143,2.055000066757202,2.0889999866485596,37029000,2026-10-08
2008-11-03,1.9416083097457886,2.2909998893737793,2.3469998836517334,2.255000114440918,2.2850000858306885,25610000,2026-10-08
2008-11-04,2.099242925643921,2.4769999980926514,2.5209999084472656,2.2790000438690186,2.3350000381469727,51382000,2026-10-08
2008-11-05,1.951778769493103,2.302999973297119,2.4709999561309814,2.299999952316284,2.4489998817443848,29595000,2026-10-08
2008-11-06,1.7661778926849365,2.0840001106262207,2.3340001106262207,2.0739998817443848,2.2950000762939453,27376000,2026-10-08
2008-11-07,1.783128023147583,2.1040000915527344,2.1689999103546143,2.0510001182556152,2.119999885559082,22249000,2026-10-08
2008-11-10,1.6899032592773438,1.99399995803833,2.190000057220459,1.9789999723434448,2.180999994277954,15786000,2026-10-08
2008-11-11,1.6390539407730103,1.934000015258789,2.0179998874664307,1.8760000467300415,1.9769999980926514,26018000,2026-10-08
2008-11-12,1.5288797616958618,1.8040000200271606,1.9529999494552612,1.7920000553131104,1.9010000228881836,42969000,2026-10-08
2008-11-13,1.6576985120773315,1.9559999704360962,1.9570000171661377,1.6679999828338623,1.8029999732971191,59284000,2026-10-08
2008-11-14,1.524641990661621,1.7990000247955322,1.9259999990463257,1.746000051498413,1.909999966621399,40483000,2026-10-08
2008-11-17,1.4254851341247559,1.6820000410079956,1.8179999589920044,1.6790000200271606,1.7730000019073486,30141000,2026-10-08
2008-11-18,1.3983653783798218,1.649999976158142,1.7259999513626099,1.5700000524520874,1.6779999732971191,33761000,2026-10-08
2008-11-19,1.2712419033050537,1.5,1.687000036239624,1.496000051498413,1.6449999809265137,25155000,2026-10-08
2008-11-20,1.311073660850525,1.5470000505447388,1.718000054359436,1.472000002861023,1.4880000352859497,47872000,2026-10-08
2008-11-21,1.5102345943450928,1.781999945640564,1.7879999876022339,1.534000039100647,1.5789999961853027,59808000,2026-10-08
2008-11-24,1.6365113258361816,1.930999994277954,1.9570000171661377,1.7960000038146973,1.8049999475479126,41902000,2026-10-08
2008-11-25,1.6136289834976196,1.9040000438690186,1.9550000429153442,1.8329999446868896,1.9539999961853027,35482000,2026-10-08
2008-11-26,1.7746524810791016,2.0940001010894775,2.0999999046325684,1.8580000400543213,1.88100004196167,29423000,2026-10-08
2008-11-28,1.7119381427764893,2.0199999809265137,2.0880000591278076,1.9900000095367432,2.066999912261963,8421000,2026-10-08
2008-12-01,1.6161714792251587,1.906999945640564,1.9889999628067017,1.906999945640564,1.9809999465942383,21306000,2026-10-08
2008-12-02,1.6187138557434082,1.909999966621399,1.965000033378601,1.8530000448226929,1.8980000019073486,22918000,2026-10-08
2008-12-03,1.7254979610443115,2.0360000133514404,2.0429999828338623,1.8509999513626099,1.8680000305175781,23166000,2026-10-08
2008-12-04,1.6424440145492554,1.937999963760376,2.0869998931884766,1.8990000486373901,1.996000051498413,19243000,2026-10-08
2008-12-05,1.721260666847229,2.0309998989105225,2.0380001068115234,1.8519999980926514,1.909000039100647,22860000,2026-10-08
2008-12-08,1.7119381427764893,2.0199999809265137,2.059000015258789,1.9709999561309814,2.0350000858306885,30761000,2026-10-08
2008-12-09,1.8178752660751343,2.1449999809265137,2.296999931335449,1.9550000429153442,1.9930000305175781,52720000,2026-10-08
2008-12-10,1.8475375175476074,2.180000066757202,2.2309999465942383,2.1050000190734863,2.1700000762939453,26196000,2026-10-08
2008-12-11,1.7687206268310547,2.0869998931884766,2.2170000076293945,2.065000057220459,2.1510000228881836,18937000,2026-10-08
2008-12-12,1.9509321451187134,2.302000045776367,2.3320000171661377,2.065999984741211,2.069000005722046,35563000,2026-10-08
2008-12-15,1.8161802291870117,2.1429998874664307,2.3010001182556152,2.1019999980926514,2.3010001182556152,43128000,2026-10-08
2008-12-16,1.904318928718567,2.246999979019165,2.252000093460083,2.1440000534057617,2.177000045776367,41067000,2026-10-08
2008-12-17,1.9407614469528198,2.2899999618530273,2.3440001010894775,2.187000036239624,2.2179999351501465,32330000,2026-10-08
2008-12-18,1.856859803199768,2.190999984741211,2.319999933242798,2.1459999084472656,2.2939999103546143,28353000,2026-10-08
2008-12-19,1.8695721626281738,2.2060000896453857,2.319999933242798,2.1519999504089355,2.2300000190734863,41054000,2026-10-08
2008-12-22,1.8161802291870117,2.1429998874664307,2.2060000896453857,2.0829999446868896,2.2060000896453857,23234000,2026-10-08
2008-12-23,1.7619401216506958,2.0789999961853027,2.1559998989105225,2.0369999408721924,2.1470000743865967,21438000,2026-10-08
2008-12-24,1.7687206268310547,2.0869998931884766,2.0950000286102295,2.069000005722046,2.0769999027252197,7643000,2026-10-08
2008-12-26,1.7687206268310547,2.0869998931884766,2.1010000705718994,2.062000036239624,2.1010000705718994,7667000,2026-10-08
2008-12-29,1.7610931396484375,2.078000068664551,2.1080000400543213,2.0490000247955322,2.1040000915527344,15392000,2026-10-08
2008-12-30,1.8441468477249146,2.1760001182556152,2.200000047683716,2.0769999027252197,2.0850000381469727,25376000,2026-10-08
2008-12-31,1.8034672737121582,2.128000020980835,2.178999900817871,2.1029999256134033,2.1700000762939453,24194000,2026-10-08
2009-01-02,1.8678767681121826,2.2039999961853027,2.2179999351501465,2.065000057220459,2.1470000743865967,26209000,2026-10-08
2009-01-05,1.8636394739151,2.1989998817443848,2.2339999675750732,2.1440000534057617,2.1619999408721924,19001000,2026-10-08
2009-01-06,1.9797462224960327,2.3359999656677246,2.368000030517578,2.180000066757202,2.2360000610351562,31350000,2026-10-08
2009-01-07,1.920422077178955,2.2660000324249268,2.306999921798706,2.190000057220459,2.2980000972747803,25907000,2026-10-08
2009-01-08,1.9788987636566162,2.3350000381469727,2.3480000495910645,2.2239999771118164,2.260999917984009,25885000,2026-10-08
2009-01-09,1.991611361503601,2.3499999046325684,2.3589999675750732,2.260999917984009,2.3429999351501465,30687000,2026-10-08
2009-01-12,1.8882173299789429,2.2279999256134033,2.3420000076293945,2.188999891281128,2.3350000381469727,31769000,2026-10-08
2009-01-13,1.8331303596496582,2.1630001068115234,2.2690000534057617,2.119999885559082,2.193000078201294,33873000,2026-10-08
2009-01-14,1.7331258058547974,2.0450000762939453,2.1500000953674316,2.0329999923706055,2.117000102996826,24277000,2026-10-08
2009-01-15,1.7907558679580688,2.11299991607666,2.1500000953674316,1.975000023841858,2.0339999198913574,41885000,2026-10-08
2009-01-16,1.878894329071045,2.2170000076293945,2.246000051498413,2.115000009536743,2.174999952316284,36274000,2026-10-08
2009-01-20,1.7704157829284668,2.0889999866485596,2.2360000610351562,2.0889999866485596,2.190000057220459,32973000,2026-10-08
2009-01-21,1.7958402633666992,2.11899995803833,2.140000104904175,2.007999897003174,2.115000009536743,31899000,2026-10-08
2009-01-22,1.7424479722976685,2.055999994277954,2.1389999389648438,1.9950000047683716,2.069000005722046,30046000,2026-10-08
2009-01-23,1.856859803199768,2.190999984741211,2.2339999675750732,2.0220000743865967,2.0320000648498535,39138000,2026-10-08
2009-01-26,1.8458425998687744,2.177999973297119,2.256999969482422,2.1429998874664307,2.184999942779541,28709000,2026-10-08
2009-01-27,1.900081753730774,2.242000102996826,2.2750000953674316,2.1600000858306885,2.1700000762939453,18115000,2026-10-08
2009-01-28,2.0246641635894775,2.3889999389648438,2.427999973297119,2.2669999599456787,2.2960000038146973,40561000,2026-10-08
2009-01-29,1.7882128953933716,2.109999895095825,2.2330000400543213,2.015000104904175,2.171999931335449,90820000,2026-10-08
2009-01-30,1.7127856016159058,2.0209999084472656,2.1579999923706055,2.0,2.0850000381469727,43593000,2026-10-08
2009-02-02,1.667868733406067,1.968000054359436,2.049999952316284,1.906000018119812,2.0,54781000,2026-10-08
2009-02-03,1.6822763681411743,1.9850000143051147,1.996000051498413,1.909000039100647,1.9769999980926514,43088000,2026-10-08
2009-02-04,1.700920581817627,2.006999969482422,2.071000099182129,1.9559999704360962,2.0,33350000,2026-10-08
2009-02-05,1.7721108198165894,2.0910000801086426,2.119999885559082,1.9320000410079956,1.944000005722046,34277000,2026-10-08
2009-02-06,1.8458425998687744,2.177999973297119,2.183000087738037,2.078000068664551,2.124000072479248,26085000,2026-10-08
2009-02-09,1.8280450105667114,2.1570000648498535,2.2130000591278076,2.121000051498413,2.1670000553131104,18282000,2026-10-08
2009-02-10,1.7678723335266113,2.0859999656677246,2.249000072479248,2.069000005722046,2.134000062942505,37693000,2026-10-08
2009-02-11,1.7263457775115967,2.0369999408721924,2.111999988555908,1.9980000257492065,2.1010000705718994,29208000,2026-10-08
2009-02-12,1.7678723335266113,2.0859999656677246,2.122999906539917,1.9859999418258667,2.0160000324249268,44915000,2026-10-08
2009-02-13,1.8382149934768677,2.1689999103546143,2.203000068664551,2.0850000381469727,2.0850000381469727,35289000,2026-10-08
2009-02-17,1.693293571472168,1.9980000257492065,2.1010000705718994,1.9880000352859497,2.058000087738037,26978000,2026-10-08
2009-02-18,1.6814284324645996,1.9839999675750732,2.0339999198913574,1.9279999732971191,2.00600004196167,32437000,2026-10-08
2009-02-19,1.6127817630767822,1.902999997138977,2.010999917984009,1.9019999504089355,2.005000114440918,25569000,2026-10-08
2009-02-20,1.6602412462234497,1.9589999914169312,2.003999948501587,1.8580000400543213,1.9079999923706055,37043000,2026-10-08
2009-02-23,1.572948694229126,1.8559999465942383,1.9800000190734863,1.843000054359436,1.9570000171661377,32505000,2026-10-08
2009-02-24,1.6636309623718262,1.9630000591278076,1.975000023841858,1.8559999465942383,1.8559999465942383,35530000,2026-10-08
2009-02-25,1.73482084274292,2.046999931335449,2.1070001125335693,1.906999945640564,1.9559999704360962,56233000,2026-10-08
2009-02-26,1.7127856016159058,2.0209999084472656,2.1679999828338623,1.9989999532699585,2.0989999771118164,44434000,2026-10-08
2009-02-27,1.6576985120773315,1.9559999704360962,2.0380001068115234,1.940000057220459,1.9759999513626099,44579000,2026-10-08
2009-03-02,1.5610841512680054,1.8420000076293945,1.965000033378601,1.8320000171661377,1.9320000410079956,31836000,2026-10-08
2009-03-03,1.594136357307434,1.88100004196167,1.9119999408721924,1.8240000009536743,1.8519999980926514,40313000,2026-10-08
2009-03-04,1.6738011837005615,1.975000023841858,2.0380001068115234,1.9010000228881836,1.9199999570846558,38077000,2026-10-08
2009-03-05,1.637358546257019,1.9320000410079956,2.00600004196167,1.9129999876022339,1.9299999475479126,21900000,2026-10-08
2009-03-06,1.6348167657852173,1.9290000200271606,1.968000054359436,1.8650000095367432,1.9579999446868896,40732000,2026-10-08
2009-03-09,1.6237990856170654,1.9160000085830688,2.009000062942505,1.8880000114440918,1.9240000247955322,34635000,2026-10-08
2009-03-10,1.7254979610443115,2.0360000133514404,2.049999952316284,1.9190000295639038,1.9190000295639038,32716000,2026-10-08
2009-03-11,1.7797377109527588,2.0999999046325684,2.11899995803833,2.0,2.0280001163482666,34277000,2026-10-08
2009-03-12,1.886521816253662,2.2260000705718994,2.249000072479248,2.069000005722046,2.1019999980926514,40719000,2026-10-08
2009-03-13,1.9788987636566162,2.3350000381469727,2.36899995803833,2.2100000381469727,2.239000082015991,48332000,2026-10-08
2009-03-16,1.9127939939498901,2.256999969482422,2.390000104904175,2.2360000610351562,2.3610000610351562,45680000,2026-10-08
2009-03-17,1.9678815603256226,2.322000026702881,2.322000026702881,2.2260000705718994,2.2660000324249268,26743000,2026-10-08
2009-03-18,2.072124481201172,2.444999933242798,2.4489998817443848,2.2790000438690186,2.305000066757202,49673000,2026-10-08
2009-03-19,2.0763611793518066,2.450000047683716,2.499000072479248,2.3919999599456787,2.434999942779541,45401000,2026-10-08
2009-03-20,1.969576358795166,2.3239998817443848,2.5179998874664307,2.2790000438690186,2.4010000228881836,48800000,2026-10-08
2009-03-23,2.1187357902526855,2.5,2.5,2.3570001125335693,2.369999885559082,38553000,2026-10-08
2009-03-24,2.0433080196380615,2.4110000133514404,2.4749999046325684,2.371000051498413,2.436000108718872,37956000,2026-10-08
2009-03-25,2.0221219062805176,2.385999917984009,2.5290000438690186,2.322999954223633,2.438999891281128,39761000,2026-10-08
2009-03-26,2.1585679054260254,2.546999931335449,2.546999931335449,2.385999917984009,2.440000057220459,52587000,2026-10-08
2009-03-27,2.036529302597046,2.4030001163482666,2.4619998931884766,2.374000072479248,2.4019999504089355,32528000,2026-10-08
2009-03-30,1.8966925144195557,2.23799991607666,2.3399999141693115,2.2009999752044678,2.3369998931884766,38162000,2026-10-08
2009-03-31,1.9297442436218262,2.2769999504089355,2.3389999866485596,2.250999927520752,2.250999927520752,37313000,2026-10-08
2009-04-01,1.985679030418396,2.3429999351501465,2.364000082015991,2.2170000076293945,2.240999937057495,24197000,2026-10-08
2009-04-02,2.0805983543395996,2.4549999237060547,2.507999897003174,2.381999969482422,2.3929998874664307,30806000,2026-10-08
2009-04-03,2.1738221645355225,2.565000057220459,2.5799999237060547,2.4179999828338623,2.4570000171661377,29631000,2026-10-08
2009-04-06,2.110260486602783,2.490000009536743,2.5490000247955322,2.438999891281128,2.5490000247955322,25061000,2026-10-08
2009-04-07,1.9924583435058594,2.3510000705718994,2.446000099182129,2.322999954223633,2.446000099182129,27625000,2026-10-08
2009-04-08,2.0399186611175537,2.4070000648498535,2.4119999408721924,2.325000047683716,2.3989999294281006,24370000,2026-10-08
2009-04-09,2.1661951541900635,2.555999994277954,2.5959999561309814,2.427999973297119,2.427999973297119,37381000,2026-10-08
2009-04-13,2.144160270690918,2.5299999713897705,2.571000099182129,2.4660000801086426,2.5290000438690186,40002000,2026-10-08
2009-04-14,2.2068753242492676,2.6040000915527344,2.74399995803833,2.4670000076293945,2.5899999141693115,89077000,2026-10-08
2009-04-15,2.1712806224823,2.562000036239624,2.565999984741211,2.4619998931884766,2.558000087738037,34795000,2026-10-08
2009-04-16,2.278064250946045,2.687999963760376,2.703000068664551,2.552999973297119,2.61299991607666,29113000,2026-10-08
2009-04-17,2.3568813800811768,2.7809998989105225,2.806999921798706,2.627000093460083,2.683000087738037,35267000,2026-10-08
2009-04-20,2.1958577632904053,2.5910000801086426,2.7160000801086426,2.572000026702881,2.7139999866485596,34204000,2026-10-08
2009-04-21,2.1467032432556152,2.5329999923706055,2.6480000019073486,2.4679999351501465,2.561000108718872,48958000,2026-10-08
2009-04-22,2.1865346431732178,2.5799999237060547,2.688999891281128,2.490000009536743,2.5250000953674316,46384000,2026-10-08
2009-04-23,2.103480815887451,2.4820001125335693,2.562999963760376,2.3910000324249268,2.5460000038146973,54462000,2026-10-08
2009-04-24,2.177212715148926,2.569000005722046,2.5910000801086426,2.441999912261963,2.4570000171661377,37952000,2026-10-08
2009-04-27,2.288234233856201,2.700000047683716,2.747999906539917,2.5299999713897705,2.5439999103546143,65751000,2026-10-08
2009-04-28,2.2390801906585693,2.6419999599456787,2.7200000286102295,2.5829999446868896,2.6689999103546143,36888000,2026-10-08
2009-04-29,2.2645041942596436,2.671999931335449,2.7249999046325684,2.5920000076293945,2.6510000228881836,24888000,2026-10-08
2009-04-30,2.3628149032592773,2.7880001068115234,2.8550000190734863,2.674999952316284,2.7090001106262207,33999000,2026-10-08
2009-05-01,2.328065872192383,2.746999979019165,2.808000087738037,2.7100000381469727,2.7990000247955322,23326000,2026-10-08
2009-05-04,2.449258327484131,2.890000104904175,2.9230000972747803,2.740000009536743,2.7699999809265137,39541000,2026-10-08
2009-05-05,2.3424737453460693,2.7639999389648438,2.9130001068115234,2.746999979019165,2.9130001068115234,36854000,2026-10-08
2009-05-06,2.3721368312835693,2.7990000247955322,2.805999994277954,2.690000057220459,2.7799999713897705,31463000,2026-10-08
2009-05-07,2.265352964401245,2.6730000972747803,2.8299999237060547,2.634000062942505,2.811000108718872,34620000,2026-10-08
2009-05-08,2.1695847511291504,2.559999942779541,2.7179999351501465,2.496999979019165,2.680000066757202,51977000,2026-10-08
2009-05-11,2.1890769004821777,2.5829999446868896,2.621000051498413,2.4800000190734863,2.49399995803833,29363000,2026-10-08
2009-05-12,2.134838819503784,2.5190000534057617,2.6470000743865967,2.453000068664551,2.61899995803833,32155000,2026-10-08
2009-05-13,2.060258626937866,2.430999994277954,2.5209999084472656,2.4179999828338623,2.5,23806000,2026-10-08
2009-05-14,2.088226079940796,2.4639999866485596,2.5299999713897705,2.4519999027252197,2.4519999027252197,26196000,2026-10-08
2009-05-15,2.0670382976531982,2.438999891281128,2.50600004196167,2.4230000972747803,2.4600000381469727,15706000,2026-10-08
2009-05-18,2.179755210876465,2.572000026702881,2.5759999752044678,2.4560000896453857,2.515000104904175,22074000,2026-10-08
2009-05-19,2.2221291065216064,2.621999979019165,2.6630001068115234,2.515000104904175,2.5299999713897705,27917000,2026-10-08
2009-05-20,2.2034850120544434,2.5999999046325684,2.7070000171661377,2.5820000171661377,2.6610000133514404,23310000,2026-10-08
2009-05-21,2.153482675552368,2.5409998893737793,2.617000102996826,2.496000051498413,2.5820000171661377,34885000,2026-10-08
2009-05-22,2.077207088470459,2.4509999752044678,2.5480000972747803,2.447000026702881,2.5450000762939453,31054000,2026-10-08
2009-05-26,2.1602625846862793,2.5490000247955322,2.5889999866485596,2.4140000343322754,2.4170000553131104,31774000,2026-10-08
2009-05-27,2.1695847511291504,2.559999942779541,2.6419999599456787,2.503000020980835,2.5339999198913574,22675000,2026-10-08
2009-05-28,2.2017903327941895,2.5980000495910645,2.624000072479248,2.505000114440918,2.624000072479248,30597000,2026-10-08
2009-05-29,2.2195873260498047,2.61899995803833,2.621000051498413,2.5320000648498535,2.5929999351501465,22546000,2026-10-08
2009-06-01,2.4034934043884277,2.8359999656677246,2.8510000705718994,2.628999948501587,2.628999948501587,33067000,2026-10-08
2009-06-02,2.319591760635376,2.736999988555908,2.8239998817443848,2.7139999866485596,2.812000036239624,19010000,2026-10-08
2009-06-03,2.24924898147583,2.6540000438690186,2.7170000076293945,2.628000020980835,2.7170000076293945,29420000,2026-10-08
2009-06-04,2.288234233856201,2.700000047683716,2.7339999675750732,2.6449999809265137,2.6470000743865967,23089000,2026-10-08
2009-06-05,2.176365852355957,2.568000078201294,2.6619999408721924,2.549999952316284,2.6440000534057617,47327000,2026-10-08
2009-06-08,2.152635335922241,2.5399999618530273,2.569999933242798,2.4860000610351562,2.5360000133514404,21538000,2026-10-08
2009-06-09,2.2348430156707764,2.63700008392334,2.6670000553131104,2.563999891281128,2.565999984741211,23363000,2026-10-08
2009-06-10,2.2102649211883545,2.6080000400543213,2.671999931335449,2.5799999237060547,2.6640000343322754,27370000,2026-10-08
2009-06-11,2.183145761489868,2.5759999752044678,2.6540000438690186,2.559000015258789,2.630000114440918,22235000,2026-10-08
2009-06-12,2.1729743480682373,2.563999891281128,2.6019999980926514,2.4809999465942383,2.5739998817443848,19910000,2026-10-08
2009-06-15,2.098395824432373,2.4760000705718994,2.5339999198913574,2.4230000972747803,2.515000104904175,26075000,2026-10-08
2009-06-16,2.05008864402771,2.4189999103546143,2.515000104904175,2.4100000858306885,2.496000051498413,22292000,2026-10-08
2009-06-17,2.0899202823638916,2.4660000801086426,2.492000102996826,2.3429999351501465,2.4860000610351562,29624000,2026-10-08
2009-06-18,2.072124481201172,2.444999933242798,2.486999988555908,2.4179999828338623,2.4660000801086426,16796000,2026-10-08
2009-06-19,2.0822930335998535,2.4570000171661377,2.497999906539917,2.440000057220459,2.4839999675750732,23123000,2026-10-08
2009-06-22,2.0382239818573,2.4049999713897705,2.4760000705718994,2.4049999713897705,2.437999963760376,28849000,2026-10-08
2009-06-23,2.0043227672576904,2.365000009536743,2.4240000247955322,2.3499999046325684,2.4240000247955322,33342000,2026-10-08
2009-06-24,2.053478479385376,2.4230000972747803,2.447000026702881,2.3510000705718994,2.3519999980926514,28452000,2026-10-08
2009-06-25,2.0975475311279297,2.4749999046325684,2.4800000190734863,2.380000114440918,2.4179999828338623,20355000,2026-10-08
2009-06-26,2.099242925643921,2.4769999980926514,2.5329999923706055,2.4489998817443848,2.4560000896453857,15473000,2026-10-08
2009-06-29,2.1560256481170654,2.5439999103546143,2.5490000247955322,2.443000078201294,2.444000005722046,27724000,2026-10-08
2009-06-30,2.2034850120544434,2.5999999046325684,2.6050000190734863,2.5329999923706055,2.559999942779541,39850000,2026-10-08
2009-07-01,2.233147144317627,2.634999990463257,2.690999984741211,2.617000102996826,2.6440000534057617,47343000,2026-10-08
2009-07-02,2.28399658203125,2.694999933242798,2.7160000801086426,2.5940001010894775,2.625,52126000,2026-10-08
2009-07-06,2.321287155151367,2.739000082015991,2.7829999923706055,2.6760001182556152,2.7170000076293945,45640000,2026-10-08
2009-07-07,2.2221291065216064,2.621999979019165,2.7790000438690186,2.619999885559082,2.7190001010894775,38341000,2026-10-08
2009-07-08,2.2119598388671875,2.609999895095825,2.671999931335449,2.5510001182556152,2.6419999599456787,29114000,2026-10-08
2009-07-09,2.2619621753692627,2.6689999103546143,2.7090001106262207,2.638000011444092,2.6519999504089355,33842000,2026-10-08
2009-07-10,2.22721529006958,2.628000020980835,2.7109999656677246,2.5880000591278076,2.6519999504089355,35935000,2026-10-08
2009-07-13,2.3517963886260986,2.7750000953674316,2.7760000228881836,2.5920000076293945,2.6459999084472656,37599000,2026-10-08
2009-07-14,2.400951862335205,2.8329999446868896,2.8570001125335693,2.7730000019073486,2.7799999713897705,35282000,2026-10-08
2009-07-15,2.4848530292510986,2.931999921798706,2.9579999446868896,2.865000009536743,2.872999906539917,55458000,2026-10-08
2009-07-16,2.5314650535583496,2.986999988555908,3.0,2.8980000019073486,2.9200000762939453,26800000,2026-10-08
2009-07-17,2.5602800846099854,3.0209999084472656,3.0239999294281006,2.9130001068115234,2.9730000495910645,23189000,2026-10-08
2009-07-20,2.5882468223571777,3.053999900817871,3.0739998817443848,3.000999927520752,3.000999927520752,16156000,2026-10-08
2009-07-21,2.6085875034332275,3.078000068664551,3.078000068664551,2.996000051498413,3.055000066757202,24172000,2026-10-08
2009-07-22,2.6662168502807617,3.1459999084472656,3.184999942779541,3.0350000858306885,3.065000057220459,25538000,2026-10-08
2009-07-23,2.7501189708709717,3.244999885559082,3.25,3.1040000915527344,3.177000045776367,23306000,2026-10-08
2009-07-24,2.7136762142181396,3.2019999027252197,3.2300000190734863,3.1500000953674316,3.2039999961853027,23382000,2026-10-08
2009-07-27,2.7874083518981934,3.2890000343322754,3.2890000343322754,3.177000045776367,3.194000005722046,21153000,2026-10-08
2009-07-28,2.7518136501312256,3.246999979019165,3.316999912261963,3.2119998931884766,3.253999948501587,27867000,2026-10-08
2009-07-29,2.725541591644287,3.2160000801086426,3.249000072479248,3.1689999103546143,3.240999937057495,27684000,2026-10-08
2009-07-30,2.5289227962493896,2.9839999675750732,3.3570001125335693,2.9590001106262207,3.316999912261963,71701000,2026-10-08
2009-07-31,2.5475680828094482,3.00600004196167,3.0910000801086426,2.9860000610351562,3.003999948501587,40451000,2026-10-08
2009-08-03,2.590789794921875,3.056999921798706,3.0910000801086426,3.0139999389648438,3.059999942779541,27678000,2026-10-08
2009-08-04,2.5560426712036133,3.0160000324249268,3.0490000247955322,2.997999906539917,3.0309998989105225,25651000,2026-10-08
2009-08-05,2.5348541736602783,2.990999937057495,3.058000087738037,2.9760000705718994,3.009999990463257,26765000,2026-10-08
2009-08-06,2.508582592010498,2.9600000381469727,3.0390000343322754,2.934999942779541,2.992000102996826,17301000,2026-10-08
2009-08-07,2.492480993270874,2.940999984741211,3.0199999809265137,2.930000066757202,3.005000114440918,23096000,2026-10-08
2009-08-10,2.455190658569336,2.8970000743865967,2.9630000591278076,2.859999895095825,2.934999942779541,17330000,2026-10-08
2009-08-11,2.4068825244903564,2.8399999141693115,2.936000108718872,2.8350000381469727,2.8949999809265137,23155000,2026-10-08
2009-08-12,2.5280749797821045,2.9830000400543213,3.005000114440918,2.8469998836517334,2.8469998836517334,35593000,2026-10-08
2009-08-13,2.5687546730041504,3.0309998989105225,3.0339999198913574,2.940999984741211,2.994999885559082,25923000,2026-10-08
2009-08-14,2.4721405506134033,2.9170000553131104,3.01200008392334,2.888000011444092,2.996999979019165,23517000,2026-10-08
2009-08-17,2.3975608348846436,2.8289999961853027,2.878000020980835,2.805000066757202,2.8610000610351562,18955000,2026-10-08
2009-08-18,2.462817907333374,2.9059998989105225,2.9070000648498535,2.8399999141693115,2.8420000076293945,20577000,2026-10-08
2009-08-19,2.4806160926818848,2.927000045776367,2.934999942779541,2.8480000495910645,2.8540000915527344,16460000,2026-10-08
2009-08-20,2.492480993270874,2.940999984741211,2.9719998836517334,2.9170000553131104,2.9210000038146973,14771000,2026-10-08
2009-08-21,2.5382447242736816,2.994999885559082,3.005000114440918,2.9030001163482666,2.9679999351501465,12922000,2026-10-08
2009-08-24,2.500955581665039,2.9509999752044678,3.0399999618530273,2.938999891281128,2.994999885559082,15031000,2026-10-08
2009-08-25,2.535702705383301,2.992000102996826,3.013000011444092,2.937000036239624,2.9519999027252197,15996000,2026-10-08
2009-08-26,2.59926438331604,3.066999912261963,3.0789999961853027,2.950000047683716,2.950000047683716,22882000,2026-10-08
2009-08-27,2.59672212600708,3.063999891281128,3.072999954223633,2.9839999675750732,3.0309998989105225,15079000,2026-10-08
2009-08-28,2.655198812484741,3.132999897003174,3.190999984741211,3.0869998931884766,3.1080000400543213,19894000,2026-10-08
2009-08-31,2.6018078327178955,3.069999933242798,3.1500000953674316,3.059999942779541,3.1500000953674316,20275000,2026-10-08
2009-09-01,2.5518040657043457,3.010999917984009,3.1670000553131104,3.003999948501587,3.059999942779541,26389000,2026-10-08
2009-09-02,2.5560426712036133,3.0160000324249268,3.049999952316284,2.9790000915527344,3.009999990463257,17416000,2026-10-08
2009-09-03,2.597569704055786,3.065000057220459,3.071000099182129,2.98799991607666,3.0220000743865967,14227000,2026-10-08
2009-09-04,2.67299747467041,3.1540000438690186,3.1540000438690186,3.0959999561309814,3.125,24184000,2026-10-08
2009-09-08,2.731473684310913,3.2230000495910645,3.256999969482422,3.171999931335449,3.2290000915527344,27531000,2026-10-08
2009-09-09,2.834019899368286,3.3440001010894775,3.3589999675750732,3.194999933242798,3.2290000915527344,37587000,2026-10-08
2009-09-10,2.9653825759887695,3.499000072479248,3.505000114440918,3.3299999237060547,3.3320000171661377,40378000,2026-10-08
2009-09-11,2.945890188217163,3.4760000705718994,3.505000114440918,3.4159998893737793,3.497999906539917,31489000,2026-10-08
2009-09-14,2.9840269088745117,3.5209999084472656,3.5390000343322754,3.430999994277954,3.434999942779541,34239000,2026-10-08
2009-09-15,2.9111428260803223,3.434999942779541,3.5390000343322754,3.4159998893737793,3.503999948501587,37984000,2026-10-08
2009-09-16,2.90012526512146,3.421999931335449,3.4690001010894775,3.384999990463257,3.4690001010894775,25696000,2026-10-08
2009-09-17,2.800969123840332,3.305000066757202,3.4539999961853027,3.305000066757202,3.4159998893737793,24476000,2026-10-08
2009-09-18,2.8874130249023438,3.4070000648498535,3.434000015258789,3.3299999237060547,3.3320000171661377,22883000,2026-10-08
2009-09-21,2.884871244430542,3.4040000438690186,3.453000068664551,3.371999979019165,3.3989999294281006,15760000,2026-10-08
2009-09-22,2.942500114440918,3.4719998836517334,3.48799991607666,3.3970000743865967,3.421999931335449,15171000,2026-10-08
2009-09-23,2.9179224967956543,3.443000078201294,3.5439999103546143,3.441999912261963,3.50600004196167,19291000,2026-10-08
2009-09-24,2.8797850608825684,3.3980000019073486,3.4670000076293945,3.328000068664551,3.4539999961853027,21173000,2026-10-08
2009-09-25,2.86029314994812,3.375,3.4170000553131104,3.3469998836517334,3.365000009536743,13746000,2026-10-08
2009-09-28,2.9018208980560303,3.4240000247955322,3.4830000400543213,3.371999979019165,3.3940000534057617,16300000,2026-10-08
2009-09-29,2.8450379371643066,3.3570001125335693,3.446000099182129,3.3489999771118164,3.4189999103546143,12396000,2026-10-08
2009-09-30,2.8950400352478027,3.4159998893737793,3.4730000495910645,3.3589999675750732,3.372999906539917,31038000,2026-10-08
2009-10-01,2.784865379333496,3.2860000133514404,3.430000066757202,3.2660000324249268,3.3919999599456787,26229000,2026-10-08
2009-10-02,2.7543563842773438,3.25,3.305999994277954,3.2170000076293945,3.257999897003174,19339000,2026-10-08
2009-10-05,2.8331732749938965,3.3429999351501465,3.375,3.2360000610351562,3.2360000610351562,31044000,2026-10-08
2009-10-06,2.9119908809661865,3.436000108718872,3.4839999675750732,3.3499999046325684,3.364000082015991,22337000,2026-10-08
2009-10-07,2.8874130249023438,3.4070000648498535,3.427000045776367,3.374000072479248,3.4200000762939453,28232000,2026-10-08
2009-10-08,2.9331774711608887,3.4609999656677246,3.4800000190734863,3.3589999675750732,3.4560000896453857,29750000,2026-10-08
2009-10-09,3.0670812129974365,3.61899995803833,3.638000011444092,3.515000104904175,3.5230000019073486,42772000,2026-10-08
2009-10-12,3.2128498554229736,3.7909998893737793,3.803999900817871,3.638000011444092,3.6549999713897705,60180000,2026-10-08
2009-10-13,3.213698148727417,3.7920000553131104,3.8510000705718994,3.7679998874664307,3.8510000705718994,76027000,2026-10-08
2009-10-14,3.2060697078704834,3.7829999923706055,3.799999952316284,3.694999933242798,3.799999952316284,65569000,2026-10-08
2009-10-15,3.1704747676849365,3.740999937057495,3.744999885559082,3.6579999923706055,3.7090001106262207,34971000,2026-10-08
2009-10-16,3.0899643898010254,3.6459999084472656,3.7330000400543213,3.5799999237060547,3.7219998836517334,36801000,2026-10-08
2009-10-19,3.120473861694336,3.681999921798706,3.7230000495910645,3.615000009536743,3.6419999599456787,24905000,2026-10-08
2009-10-20,3.1357290744781494,3.700000047683716,3.7809998989105225,3.638000011444092,3.684000015258789,29747000,2026-10-08
2009-10-21,3.038266897201538,3.5850000381469727,3.7190001010894775,3.5840001106262207,3.671999931335449,40440000,2026-10-08
2009-10-22,3.1442034244537354,3.7100000381469727,3.746000051498413,3.61899995803833,3.686000108718872,52395000,2026-10-08
2009-10-23,3.078946113586426,3.632999897003174,3.742000102996826,3.6050000190734863,3.7290000915527344,27607000,2026-10-08
2009-10-26,3.0374186038970947,3.5840001106262207,3.694999933242798,3.552000045776367,3.6579999923706055,21121000,2026-10-08
2009-10-27,2.9365673065185547,3.4649999141693115,3.6570000648498535,3.4509999752044678,3.6110000610351562,23662000,2026-10-08
2009-10-28,2.8365626335144043,3.3469998836517334,3.490000009536743,3.3399999141693115,3.4739999771118164,28856000,2026-10-08
2009-10-29,2.978093385696411,3.5139999389648438,3.5169999599456787,3.3589999675750732,3.375,33881000,2026-10-08
2009-10-30,2.8577499389648438,3.371999979019165,3.4830000400543213,3.365000009536743,3.4779999256134033,39551000,2026-10-08
2009-11-02,2.8840227127075195,3.4030001163482666,3.4519999027252197,3.321000099182129,3.3929998874664307,28065000,2026-10-08
2009-11-03,2.817918062210083,3.325000047683716,3.3610000610351562,3.2739999294281006,3.3610000610351562,23605000,2026-10-08
2009-11-04,2.822154998779297,3.3299999237060547,3.4079999923706055,3.325000047683716,3.3440001010894775,15463000,2026-10-08
2009-11-05,2.8891069889068604,3.4089999198913574,3.440000057220459,3.3570001125335693,3.374000072479248,18256000,2026-10-08
2009-11-06,2.893343925476074,3.4140000343322754,3.4730000495910645,3.3489999771118164,3.3910000324249268,13701000,2026-10-08
2009-11-09,2.949279308319092,3.4800000190734863,3.499000072479248,3.428999900817871,3.428999900817871,17730000,2026-10-08
2009-11-10,2.951822280883789,3.4830000400543213,3.559999942779541,3.4649999141693115,3.493000030517578,21026000,2026-10-08
2009-11-11,3.0187745094299316,3.562000036239624,3.61299991607666,3.5160000324249268,3.5169999599456787,12437000,2026-10-08
2009-11-12,2.9814844131469727,3.5179998874664307,3.6089999675750732,3.51200008392334,3.555999994277954,10484000,2026-10-08
2009-11-13,3.0128426551818848,3.555000066757202,3.6019999980926514,3.50600004196167,3.515000104904175,17608000,2026-10-08
2009-11-16,3.073862075805664,3.627000093460083,3.640000104904175,3.5739998817443848,3.5820000171661377,12611000,2026-10-08
2009-11-17,3.1153883934020996,3.6760001182556152,3.677999973297119,3.5940001010894775,3.628000020980835,17600000,2026-10-08
2009-11-18,3.0204691886901855,3.563999891281128,3.6760001182556152,3.559000015258789,3.6670000553131104,17586000,2026-10-08
2009-11-19,2.9069058895111084,3.430000066757202,3.509000062942505,3.4089999198913574,3.509000062942505,17672000,2026-10-08
2009-11-20,2.8831756114959717,3.4019999504089355,3.4489998817443848,3.3889999389648438,3.4010000228881836,18058000,2026-10-08
2009-11-23,2.945042371749878,3.4749999046325684,3.5369999408721924,3.447999954223633,3.4549999237060547,14476000,2026-10-08
2009-11-24,2.937415599822998,3.4660000801086426,3.500999927520752,3.430999994277954,3.4800000190734863,13909000,2026-10-08
2009-11-25,2.9619925022125244,3.494999885559082,3.5179998874664307,3.4739999771118164,3.484999895095825,9451000,2026-10-08
2009-11-27,2.9230077266693115,3.4489998817443848,3.4839999675750732,3.3570001125335693,3.3989999294281006,5687000,2026-10-08
2009-11-30,2.8806324005126953,3.3989999294281006,3.437999963760376,3.3550000190734863,3.4070000648498535,13552000,2026-10-08
2009-12-01,2.9619925022125244,3.494999885559082,3.5209999084472656,3.4059998989105225,3.4059998989105225,24367000,2026-10-08
2009-12-02,3.119626045227051,3.680999994277954,3.7060000896453857,3.4719998836517334,3.4760000705718994,37567000,2026-10-08
2009-12-03,3.202680826187134,3.7790000438690186,3.816999912261963,3.684999942779541,3.697999954223633,42364000,2026-10-08
2009-12-04,3.2374277114868164,3.819999933242798,3.859999895095825,3.746000051498413,3.816999912261963,30339000,2026-10-08
2009-12-07,3.2399704456329346,3.822999954223633,3.8519999980926514,3.7739999294281006,3.8320000171661377,20215000,2026-10-08
2009-12-08,3.2721750736236572,3.8610000610351562,3.885999917984009,3.756999969482422,3.805000066757202,19807000,2026-10-08
2009-12-09,3.256920099258423,3.8429999351501465,3.8589999675750732,3.799999952316284,3.8550000190734863,16327000,2026-10-08
2009-12-10,3.2713277339935303,3.859999895095825,3.9200000762939453,3.8459999561309814,3.8529999256134033,13749000,2026-10-08
2009-12-11,3.223867654800415,3.803999900817871,3.9149999618530273,3.7860000133514404,3.86899995803833,19895000,2026-10-08
2009-12-14,3.2992942333221436,3.8929998874664307,3.8989999294281006,3.808000087738037,3.8459999561309814,14601000,2026-10-08
2009-12-15,3.296752452850342,3.890000104904175,3.9079999923706055,3.8429999351501465,3.9079999923706055,10928000,2026-10-08
2009-12-16,3.307770252227783,3.9030001163482666,3.9579999446868896,3.880000114440918,3.8940000534057617,15671000,2026-10-08
2009-12-17,3.2272579669952393,3.808000087738037,3.8940000534057617,3.805999994277954,3.8940000534057617,13320000,2026-10-08
2009-12-18,3.2230210304260254,3.802999973297119,3.8550000190734863,3.7869999408721924,3.819999933242798,30456000,2026-10-08
2009-12-21,3.3187875747680664,3.9159998893737793,3.943000078201294,3.8239998817443848,3.8239998817443848,12879000,2026-10-08
2009-12-22,3.295905351638794,3.8889999389648438,3.9800000190734863,3.884000062942505,3.924999952316284,12706000,2026-10-08
2009-12-23,3.2814977169036865,3.871999979019165,3.9210000038146973,3.865000009536743,3.8910000324249268,13222000,2026-10-08
2009-12-24,3.297600030899048,3.8910000324249268,3.8980000019073486,3.869999885559082,3.8980000019073486,2523000,2026-10-08
2009-12-28,3.257767677307129,3.8440001010894775,3.9079999923706055,3.8239998817443848,3.8940000534057617,9204000,2026-10-08
2009-12-29,3.2891252040863037,3.88100004196167,3.88100004196167,3.819000005722046,3.859999895095825,13707000,2026-10-08
2009-12-30,3.345907211303711,3.947999954223633,3.9539999961853027,3.874000072479248,3.874000072479248,10817000,2026-10-08
2009-12-31,3.323024034500122,3.9210000038146973,3.9630000591278076,3.9210000038146973,3.9609999656677246,8028000,2026-10-08
2010-01-04,3.3798065185546875,3.98799991607666,4.045000076293945,3.9519999027252197,3.9700000286102295,18569000,2026-10-08
2010-01-05,3.356924295425415,3.9609999656677246,3.9800000190734863,3.9089999198913574,3.9790000915527344,14633000,2026-10-08
2010-01-06,3.341669797897339,3.943000078201294,4.013000011444092,3.934000015258789,3.9630000591278076,21583000,2026-10-08
2010-01-07,3.335737466812134,3.936000108718872,3.9749999046325684,3.8919999599456787,3.924999952316284,14434000,2026-10-08
2010-01-08,3.419639825820923,4.034999847412109,4.058000087738037,3.9110000133514404,3.933000087738037,20221000,2026-10-08
2010-01-11,3.5111682415008545,4.14300012588501,4.156000137329102,4.071000099182129,4.091000080108643,34921000,2026-10-08
2010-01-12,3.2831923961639404,3.874000072479248,4.0920000076293945,3.865000009536743,4.081999778747559,36048000,2026-10-08
2010-01-13,3.293362855911255,3.885999917984009,3.9159998893737793,3.7679998874664307,3.9000000953674316,29064000,2026-10-08
2010-01-14,3.249293327331543,3.8340001106262207,3.8919999599456787,3.799999952316284,3.867000102996826,22223000,2026-10-08
2010-01-15,3.120473861694336,3.681999921798706,3.8489999771118164,3.6630001068115234,3.8469998836517334,27583000,2026-10-08
2010-01-19,3.13911771774292,3.7039999961853027,3.7269999980926514,3.6679999828338623,3.694000005722046,22908000,2026-10-08
2010-01-20,3.1357290744781494,3.700000047683716,3.7130000591278076,3.5940001010894775,3.6600000858306885,23245000,2026-10-08
2010-01-21,3.09250545501709,3.6489999294281006,3.796999931335449,3.6389999389648438,3.690000057220459,21558000,2026-10-08
2010-01-22,2.906057834625244,3.428999900817871,3.6589999198913574,3.427999973297119,3.5999999046325684,32324000,2026-10-08
2010-01-25,2.9569079875946045,3.489000082015991,3.5199999809265137,3.434999942779541,3.441999912261963,22612000,2026-10-08
2010-01-26,2.9662301540374756,3.5,3.563999891281128,3.4489998817443848,3.4760000705718994,31216000,2026-10-08
2010-01-27,3.0119950771331787,3.553999900817871,3.559000015258789,3.434000015258789,3.4509999752044678,30201000,2026-10-08
2010-01-28,2.828934669494629,3.3380000591278076,3.5920000076293945,3.321000099182129,3.563999891281128,71122000,2026-10-08
2010-01-29,2.797578811645508,3.3010001182556152,3.4000000953674316,3.259999990463257,3.378000020980835,44188000,2026-10-08
2010-02-01,2.849275588989258,3.361999988555908,3.377000093460083,3.302999973297119,3.315000057220459,28803000,2026-10-08
2010-02-02,2.8755476474761963,3.3929998874664307,3.4110000133514404,3.3519999980926514,3.3929998874664307,39574000,2026-10-08
2010-02-03,2.814527988433838,3.321000099182129,3.4000000953674316,3.299999952316284,3.365000009536743,43592000,2026-10-08
2010-02-04,2.7331690788269043,3.2249999046325684,3.2920000553131104,3.2070000171661377,3.2780001163482666,35130000,2026-10-08
2010-02-05,2.82130765914917,3.3289999961853027,3.3329999446868896,3.2160000801086426,3.236999988555908,31611000,2026-10-08
2010-02-08,2.7941884994506836,3.296999931335449,3.369999885559082,3.2660000324249268,3.321000099182129,20906000,2026-10-08
2010-02-09,2.855207681655884,3.36899995803833,3.4010000228881836,3.302000045776367,3.328000068664551,29964000,2026-10-08
2010-02-10,2.855207681655884,3.36899995803833,3.4230000972747803,3.2980000972747803,3.375999927520752,15889000,2026-10-08
2010-02-11,2.946737289428711,3.4769999980926514,3.496000051498413,3.328000068664551,3.359999895095825,27243000,2026-10-08
2010-02-12,2.9704673290252686,3.505000114440918,3.546999931335449,3.38100004196167,3.4140000343322754,27274000,2026-10-08
2010-02-16,3.026402235031128,3.571000099182129,3.5739998817443848,3.5329999923706055,3.5450000762939453,23116000,2026-10-08
2010-02-17,2.98911190032959,3.5269999504089355,3.5980000495910645,3.496999979019165,3.5980000495910645,20592000,2026-10-08
2010-02-18,2.9772465229034424,3.513000011444092,3.5199999809265137,3.4260001182556152,3.509000062942505,29237000,2026-10-08
2010-02-19,3.0221643447875977,3.565999984741211,3.569000005722046,3.4719998836517334,3.492000102996826,23852000,2026-10-08
2010-02-22,2.987416982650757,3.5250000953674316,3.5889999866485596,3.5169999599456787,3.569000005722046,19564000,2026-10-08
2010-02-23,2.8094429969787598,3.315000057220459,3.5199999809265137,3.2760000228881836,3.505000114440918,67531000,2026-10-08
2010-02-24,2.8577499389648438,3.371999979019165,3.430000066757202,3.3310000896453857,3.3389999866485596,58201000,2026-10-08
2010-02-25,2.8611409664154053,3.375999927520752,3.388000011444092,3.2669999599456787,3.3259999752044678,31368000,2026-10-08
2010-02-26,2.8738534450531006,3.3910000324249268,3.3980000019073486,3.2980000972747803,3.371000051498413,18657000,2026-10-08
2010-03-01,2.978093385696411,3.5139999389648438,3.5230000019073486,3.4089999198913574,3.4089999198913574,22760000,2026-10-08
2010-03-02,3.006909132003784,3.5480000972747803,3.6089999675750732,3.5179998874664307,3.5230000019073486,32536000,2026-10-08
2010-03-03,2.9831790924072266,3.5199999809265137,3.5869998931884766,3.496999979019165,3.569999933242798,17656000,2026-10-08
2010-03-04,2.9255502223968506,3.4519999027252197,3.549999952316284,3.4260001182556152,3.5309998989105225,22828000,2026-10-08
2010-03-05,2.942500114440918,3.4719998836517334,3.50600004196167,3.4040000438690186,3.4639999866485596,22146000,2026-10-08
2010-03-08,2.9619925022125244,3.494999885559082,3.505000114440918,3.4609999656677246,3.4709999561309814,12754000,2026-10-08
2010-03-09,2.945042371749878,3.4749999046325684,3.505000114440918,3.430000066757202,3.486999988555908,16339000,2026-10-08
2010-03-10,3.0136892795562744,3.555999994277954,3.562999963760376,3.4600000381469727,3.4839999675750732,25589000,2026-10-08
2010-03-11,2.9441940784454346,3.4739999771118164,3.575000047683716,3.4519999027252197,3.5299999713897705,29127000,2026-10-08
2010-03-12,2.903514862060547,3.4260001182556152,3.503999948501587,3.4070000648498535,3.4830000400543213,29676000,2026-10-08
2010-03-15,2.7696101665496826,3.2679998874664307,3.3340001106262207,3.25600004196167,3.309000015258789,66973000,2026-10-08
2010-03-16,2.859445571899414,3.374000072479248,3.38100004196167,3.2790000438690186,3.2829999923706055,33315000,2026-10-08
2010-03-17,2.8721580505371094,3.3889999389648438,3.4189999103546143,3.3550000190734863,3.4079999923706055,31931000,2026-10-08
2010-03-18,2.8730053901672363,3.390000104904175,3.4489998817443848,3.3410000801086426,3.381999969482422,28635000,2026-10-08
2010-03-19,2.8713107109069824,3.388000011444092,3.4159998893737793,3.3450000286102295,3.4110000133514404,33597000,2026-10-08
2010-03-22,3.042504072189331,3.5899999141693115,3.5950000286102295,3.378999948501587,3.390000104904175,57714000,2026-10-08
2010-03-23,3.153526782989502,3.7209999561309814,3.7360000610351562,3.5850000381469727,3.5940001010894775,44346000,2026-10-08
2010-03-24,3.079793930053711,3.634000062942505,3.7179999351501465,3.628000020980835,3.697999954223633,28715000,2026-10-08
2010-03-25,3.13911771774292,3.7039999961853027,3.7790000438690186,3.678999900817871,3.686000108718872,38262000,2026-10-08
2010-03-26,3.0933539867401123,3.6500000953674316,3.746000051498413,3.628000020980835,3.7109999656677246,19612000,2026-10-08
2010-03-29,3.1518309116363525,3.7190001010894775,3.7300000190734863,3.674999952316284,3.680000066757202,24862000,2026-10-08
2010-03-30,3.172171115875244,3.743000030517578,3.760999917984009,3.6649999618530273,3.7300000190734863,29701000,2026-10-08
2010-03-31,3.162848472595215,3.7320001125335693,3.7669999599456787,3.680999994277954,3.693000078201294,24264000,2026-10-08
2010-04-01,3.1789519786834717,3.750999927520752,3.8299999237060547,3.7060000896453857,3.753000020980835,22799000,2026-10-08
2010-04-05,3.2535297870635986,3.8389999866485596,3.8580000400543213,3.7750000953674316,3.7780001163482666,17165000,2026-10-08
2010-04-06,3.245055675506592,3.8289999961853027,3.8589999675750732,3.796999931335449,3.802000045776367,17859000,2026-10-08
2010-04-07,3.2696335315704346,3.8580000400543213,3.878000020980835,3.752000093460083,3.809999942779541,29552000,2026-10-08
2010-04-08,3.2272579669952393,3.808000087738037,3.8350000381469727,3.763000011444092,3.8289999961853027,18412000,2026-10-08
2010-04-09,3.261157274246216,3.8480000495910645,3.8580000400543213,3.7839999198913574,3.808000087738037,14637000,2026-10-08
2010-04-12,3.2721750736236572,3.8610000610351562,3.9049999713897705,3.8289999961853027,3.8369998931884766,12569000,2026-10-08
2010-04-13,3.2806501388549805,3.871000051498413,3.884999990463257,3.8289999961853027,3.859999895095825,11244000,2026-10-08
2010-04-14,3.3891286849975586,3.999000072479248,4.013999938964844,3.9070000648498535,3.9130001068115234,28683000,2026-10-08
2010-04-15,3.35861873626709,3.9630000591278076,4.021999835968018,3.934999942779541,4.019999980926514,17036000,2026-10-08
2010-04-16,3.3848917484283447,3.99399995803833,4.0,3.9159998893737793,3.9600000381469727,22684000,2026-10-08
2010-04-19,3.3772640228271484,3.984999895095825,4.013000011444092,3.927999973297119,3.9670000076293945,23399000,2026-10-08
2010-04-20,3.4247231483459473,4.040999889373779,4.060999870300293,3.9839999675750732,4.047999858856201,21351000,2026-10-08
2010-04-21,3.3891286849975586,3.999000072479248,4.0879998207092285,3.938999891281128,4.043000221252441,24522000,2026-10-08
2010-04-22,3.575577974319458,4.218999862670898,4.249000072479248,3.861999988555908,3.9649999141693115,51088000,2026-10-08
2010-04-23,3.6357505321502686,4.289999961853027,4.314000129699707,4.210000038146973,4.25600004196167,36076000,2026-10-08
2010-04-26,3.606088161468506,4.255000114440918,4.3420000076293945,4.254000186920166,4.275000095367432,19916000,2026-10-08
2010-04-27,3.478964328765869,4.105000019073486,4.314000129699707,4.1020002365112305,4.23199987411499,30527000,2026-10-08
2010-04-28,3.5137109756469727,4.145999908447266,4.196000099182129,4.074999809265137,4.129000186920166,20916000,2026-10-08
2010-04-29,3.596766233444214,4.24399995803833,4.263000011444092,4.131999969482422,4.175000190734863,16658000,2026-10-08
2010-04-30,3.435741424560547,4.053999900817871,4.252999782562256,4.0370001792907715,4.247000217437744,24930000,2026-10-08
2010-05-03,3.527270555496216,4.1620001792907715,4.181000232696533,4.043000221252441,4.059999942779541,14508000,2026-10-08
2010-05-04,3.3815014362335205,3.990000009536743,4.0960001945495605,3.9230000972747803,4.083000183105469,32012000,2026-10-08
2010-05-05,3.2992942333221436,3.8929998874664307,3.997999906539917,3.8480000495910645,3.9679999351501465,30259000,2026-10-08
2010-05-06,3.204375982284546,3.7809998989105225,3.9509999752044678,3.552000045776367,3.8489999771118164,27737000,2026-10-08
2010-05-07,3.1323390007019043,3.696000099182129,3.828000068664551,3.5769999027252197,3.7639999389648438,30309000,2026-10-08
2010-05-10,3.308617353439331,3.9040000438690186,3.9130001068115234,3.818000078201294,3.822000026702881,24671000,2026-10-08
2010-05-11,3.306074857711792,3.9010000228881836,3.9549999237060547,3.8420000076293945,3.8570001125335693,17120000,2026-10-08
2010-05-12,3.3772640228271484,3.984999895095825,3.996999979019165,3.9049999713897705,3.927999973297119,13837000,2026-10-08
2010-05-13,3.3052279949188232,3.9000000953674316,4.019999980926514,3.882999897003174,3.947000026702881,11441000,2026-10-08
2010-05-14,3.2357332706451416,3.818000078201294,3.869999885559082,3.7360000610351562,3.86299991607666,22132000,2026-10-08
2010-05-17,3.295905351638794,3.8889999389648438,3.9159998893737793,3.7679998874664307,3.8459999561309814,19584000,2026-10-08
2010-05-18,3.2357332706451416,3.818000078201294,3.9660000801086426,3.805000066757202,3.953000068664551,21147000,2026-10-08
2010-05-19,3.2382752895355225,3.821000099182129,3.937999963760376,3.7200000286102295,3.805999994277954,27240000,2026-10-08
2010-05-20,3.13911771774292,3.7039999961853027,3.7920000553131104,3.638000011444092,3.7260000705718994,23401000,2026-10-08
2010-05-21,3.2001380920410156,3.7760000228881836,3.8529999256134033,3.6089999675750732,3.6640000343322754,28335000,2026-10-08
2010-05-24,3.1128463745117188,3.6730000972747803,3.799999952316284,3.6700000762939453,3.7260000705718994,21363000,2026-10-08
2010-05-25,3.125558614730835,3.687999963760376,3.7119998931884766,3.5329999923706055,3.553999900817871,25671000,2026-10-08
2010-05-26,3.100133180618286,3.6579999923706055,3.7760000228881836,3.6449999809265137,3.7309999465942383,21597000,2026-10-08
2010-05-27,3.214545965194702,3.7929999828338623,3.7980000972747803,3.734999895095825,3.734999895095825,22512000,2026-10-08
2010-05-28,3.2086141109466553,3.7860000133514404,3.818000078201294,3.7130000591278076,3.799999952316284,19156000,2026-10-08
2010-06-01,3.1586101055145264,3.7269999980926514,3.875,3.7260000705718994,3.7639999389648438,17720000,2026-10-08
2010-06-02,3.3535351753234863,3.9570000171661377,3.9609999656677246,3.7309999465942383,3.7309999465942383,32858000,2026-10-08
2010-06-03,3.473029851913452,4.0980000495910645,4.116000175476074,3.9690001010894775,3.9800000190734863,43780000,2026-10-08
2010-06-04,3.3094642162323,3.9049999713897705,4.085999965667725,3.890000104904175,3.9739999771118164,24903000,2026-10-08
2010-06-07,3.159459114074707,3.7279999256134033,3.950000047683716,3.7219998836517334,3.9089999198913574,34922000,2026-10-08
2010-06-08,3.1908156871795654,3.765000104904175,3.7730000019073486,3.635999917984009,3.7330000400543213,34801000,2026-10-08
2010-06-09,3.14165997505188,3.7070000171661377,3.8889999389648438,3.691999912261963,3.7790000438690186,23421000,2026-10-08
2010-06-10,3.3399746417999268,3.940999984741211,3.9489998817443848,3.8010001182556152,3.802000045776367,30264000,2026-10-08
2010-06-11,3.4026901721954346,4.014999866485596,4.020999908447266,3.8410000801086426,3.861999988555908,19517000,2026-10-08
2010-06-14,3.4238762855529785,4.039999961853027,4.103000164031982,4.0289998054504395,4.063000202178955,16480000,2026-10-08
2010-06-15,3.6026973724365234,4.250999927520752,4.263999938964844,4.051000118255615,4.064000129699707,33647000,2026-10-08
2010-06-16,3.622189521789551,4.27400016784668,4.3420000076293945,4.185999870300293,4.2129998207092285,25018000,2026-10-08
2010-06-17,3.6162571907043457,4.267000198364258,4.300000190734863,4.189000129699707,4.2769999504089355,11987000,2026-10-08
2010-06-18,3.5586276054382324,4.198999881744385,4.296000003814697,4.189000129699707,4.244999885559082,24723000,2026-10-08
2010-06-21,3.5484580993652344,4.186999797821045,4.2870001792907715,4.1579999923706055,4.256999969482422,15594000,2026-10-08
2010-06-22,3.439978837966919,4.059000015258789,4.23199987411499,4.052000045776367,4.206999778747559,21879000,2026-10-08
2010-06-23,3.4340462684631348,4.052000045776367,4.099999904632568,3.9709999561309814,4.056000232696533,24387000,2026-10-08
2010-06-24,3.387434482574463,3.996999979019165,4.052999973297119,3.9519999027252197,4.051000118255615,15792000,2026-10-08
2010-06-25,3.4111642837524414,4.025000095367432,4.071000099182129,3.937000036239624,4.021999835968018,20524000,2026-10-08
2010-06-28,3.4569289684295654,4.078999996185303,4.133999824523926,3.996000051498413,4.025000095367432,19639000,2026-10-08
2010-06-29,3.307770252227783,3.9030001163482666,3.997999906539917,3.871999979019165,3.992000102996826,25672000,2026-10-08
2010-06-30,3.2255635261535645,3.805999994277954,3.9549999237060547,3.799999952316284,3.9119999408721924,20882000,2026-10-08
2010-07-01,3.222172737121582,3.802000045776367,3.8540000915527344,3.7009999752044678,3.796999931335449,34541000,2026-10-08
2010-07-02,3.1831884384155273,3.75600004196167,3.8350000381469727,3.696000099182129,3.822999954223633,25832000,2026-10-08
2010-07-06,3.17556095123291,3.746999979019165,3.86899995803833,3.694000005722046,3.819000005722046,28373000,2026-10-08
2010-07-07,3.362856864929199,3.9679999351501465,3.9719998836517334,3.7360000610351562,3.7360000610351562,20464000,2026-10-08
2010-07-08,3.2840397357940674,3.875,4.01800012588501,3.825000047683716,4.007999897003174,34553000,2026-10-08
2010-07-09,3.362856864929199,3.9679999351501465,3.9730000495910645,3.8540000915527344,3.882999897003174,25295000,2026-10-08
2010-07-12,3.4077746868133545,4.020999908447266,4.047999858856201,3.930999994277954,3.9519999027252197,18665000,2026-10-08
2010-07-13,3.5484580993652344,4.186999797821045,4.223999977111816,4.054999828338623,4.072999954223633,34807000,2026-10-08
2010-07-14,3.58744215965271,4.232999801635742,4.375999927520752,4.172999858856201,4.23199987411499,45890000,2026-10-08
2010-07-15,3.567103624343872,4.209000110626221,4.23799991607666,4.079999923706055,4.224999904632568,26612000,2026-10-08
2010-07-16,3.393367290496826,4.004000186920166,4.201000213623047,4.000999927520752,4.201000213623047,34854000,2026-10-08
2010-07-19,3.477268934249878,4.103000164031982,4.103000164031982,3.996999979019165,4.015999794006348,17737000,2026-10-08
2010-07-20,3.4586236476898193,4.080999851226807,4.089000225067139,3.9509999752044678,4.0289998054504395,22990000,2026-10-08
2010-07-21,3.39760422706604,4.008999824523926,4.120999813079834,3.997999906539917,4.105999946594238,19171000,2026-10-08
2010-07-22,3.5213382244110107,4.15500020980835,4.183000087738037,4.059000015258789,4.068999767303467,15868000,2026-10-08
2010-07-23,3.584900379180908,4.230000019073486,4.234000205993652,4.077000141143799,4.127999782562256,13599000,2026-10-08
2010-07-26,3.6306631565093994,4.283999919891357,4.284999847412109,4.177000045776367,4.242000102996826,20096000,2026-10-08
2010-07-27,3.613715648651123,4.263999938964844,4.367000102996826,4.241000175476074,4.300000190734863,21017000,2026-10-08
2010-07-28,3.5306601524353027,4.165999889373779,4.281000137329102,4.158999919891357,4.254000186920166,18259000,2026-10-08
2010-07-29,3.6086294651031494,4.257999897003174,4.339000225067139,4.116000175476074,4.258999824523926,46177000,2026-10-08
2010-07-30,3.575577974319458,4.218999862670898,4.243000030517578,4.11299991607666,4.202000141143799,24789000,2026-10-08
2010-08-02,3.6230380535125732,4.275000095367432,4.293000221252441,4.21999979019165,4.250999927520752,15967000,2026-10-08
2010-08-03,3.560323715209961,4.201000213623047,4.25,4.179999828338623,4.248000144958496,17757000,2026-10-08
2010-08-04,3.5620179176330566,4.203000068664551,4.232999801635742,4.125999927520752,4.2220001220703125,15972000,2026-10-08
2010-08-05,3.574730157852173,4.2179999351501465,4.239999771118164,4.1529998779296875,4.182000160217285,9977000,2026-10-08
2010-08-06,3.5484580993652344,4.186999797821045,4.249000072479248,4.116000175476074,4.173999786376953,8532000,2026-10-08
2010-08-09,3.5823581218719482,4.2270002365112305,4.236999988555908,4.145999908447266,4.2170000076293945,6975000,2026-10-08
2010-08-10,3.3764166831970215,3.9839999675750732,4.160999774932861,3.9670000076293945,4.1579999923706055,37683000,2026-10-08
2010-08-11,3.240818738937378,3.8239998817443848,3.9000000953674316,3.802000045776367,3.875,30322000,2026-10-08
2010-08-12,3.1848833560943604,3.757999897003174,3.7890000343322754,3.687999963760376,3.7799999713897705,28168000,2026-10-08
2010-08-13,3.1916637420654297,3.7660000324249268,3.8329999446868896,3.755000114440918,3.755000114440918,16227000,2026-10-08
2010-08-16,3.214545965194702,3.7929999828338623,3.8399999141693115,3.7149999141693115,3.734999895095825,17321000,2026-10-08
2010-08-17,3.2679367065429688,3.8559999465942383,3.9059998989105225,3.802999973297119,3.8259999752044678,20554000,2026-10-08
2010-08-18,3.322176456451416,3.9200000762939453,3.9509999752044678,3.799999952316284,3.8399999141693115,17032000,2026-10-08
2010-08-19,3.2831923961639404,3.874000072479248,3.950000047683716,3.8510000705718994,3.888000011444092,17098000,2026-10-08
2010-08-20,3.2306478023529053,3.812000036239624,3.877000093460083,3.7709999084472656,3.865000009536743,17556000,2026-10-08
2010-08-23,3.1704747676849365,3.740999937057495,3.865000009536743,3.740999937057495,3.8420000076293945,15739000,2026-10-08
2010-08-24,3.0992860794067383,3.6570000648498535,3.700000047683716,3.5850000381469727,3.671999931335449,29418000,2026-10-08
2010-08-25,3.1357290744781494,3.700000047683716,3.7149999141693115,3.566999912261963,3.63100004196167,19122000,2026-10-08
2010-08-26,3.078946113586426,3.632999897003174,3.750999927520752,3.6070001125335693,3.734999895095825,18605000,2026-10-08
2010-08-27,3.167085647583008,3.736999988555908,3.753999948501587,3.5429999828338623,3.678999900817871,40212000,2026-10-08
2010-08-30,3.0628433227539062,3.614000082015991,3.746999979019165,3.614000082015991,3.7330000400543213,16474000,2026-10-08
2010-08-31,3.0603017807006836,3.6110000610351562,3.6579999923706055,3.569999933242798,3.5940001010894775,49091000,2026-10-08
2010-09-01,3.1187782287597656,3.680000066757202,3.8320000171661377,3.6530001163482666,3.694999933242798,39922000,2026-10-08
2010-09-02,3.1975953578948975,3.7730000019073486,3.7750000953674316,3.6730000972747803,3.674999952316284,15099000,2026-10-08
2010-09-03,3.214545965194702,3.7929999828338623,3.8410000801086426,3.742000102996826,3.819000005722046,22703000,2026-10-08
2010-09-07,3.091658592224121,3.6480000019073486,3.747999906539917,3.6440000534057617,3.746999979019165,26511000,2026-10-08
2010-09-08,3.1018285751342773,3.6600000858306885,3.687999963760376,3.5959999561309814,3.6489999294281006,23549000,2026-10-08
2010-09-09,3.0958964824676514,3.6530001163482666,3.7239999771118164,3.630000114440918,3.7109999656677246,18153000,2026-10-08
2010-09-10,3.071319580078125,3.624000072479248,3.6689999103546143,3.5390000343322754,3.6549999713897705,22354000,2026-10-08
2010-09-13,3.195054054260254,3.7699999809265137,3.7920000553131104,3.6619999408721924,3.686000108718872,21729000,2026-10-08
2010-09-14,3.2738704681396484,3.86299991607666,3.927000045776367,3.736999988555908,3.7669999599456787,26823000,2026-10-08
2010-09-15,3.329803943634033,3.928999900817871,3.937999963760376,3.8410000801086426,3.869999885559082,21921000,2026-10-08
2010-09-16,3.345907211303711,3.947999954223633,3.9690001010894775,3.877000093460083,3.927000045776367,19287000,2026-10-08
2010-09-17,3.3187875747680664,3.9159998893737793,4.01200008392334,3.9030001163482666,3.9800000190734863,24405000,2026-10-08
2010-09-20,3.3696377277374268,3.9760000705718994,3.984999895095825,3.884999990463257,3.9189999103546143,13010000,2026-10-08
2010-09-21,3.3781116008758545,3.9860000610351562,4.013000011444092,3.937999963760376,3.9670000076293945,23118000,2026-10-08
2010-09-22,3.316244602203369,3.9130001068115234,4.010000228881836,3.875999927520752,3.984999895095825,17158000,2026-10-08
2010-09-23,3.3382797241210938,3.938999891281128,3.992000102996826,3.8269999027252197,3.8610000610351562,19106000,2026-10-08
2010-09-24,3.5213382244110107,4.15500020980835,4.175000190734863,3.9679999351501465,3.99399995803833,31103000,2026-10-08
2010-09-27,3.4993042945861816,4.129000186920166,4.184000015258789,4.0879998207092285,4.1479997634887695,15407000,2026-10-08
2010-09-28,3.603546142578125,4.251999855041504,4.255000114440918,4.059999942779541,4.1519999504089355,28699000,2026-10-08
2010-09-29,3.607783079147339,4.256999969482422,4.283999919891357,4.203000068664551,4.203000068664551,33383000,2026-10-08
2010-09-30,3.5467638969421387,4.184999942779541,4.300000190734863,4.178999900817871,4.270999908447266,28477000,2026-10-08
2010-10-01,3.575577974319458,4.218999862670898,4.257999897003174,4.1539998054504395,4.230000019073486,16088000,2026-10-08
2010-10-04,3.52048921585083,4.1539998054504395,4.248000144958496,4.0960001945495605,4.248000144958496,15996000,2026-10-08
2010-10-05,3.658632516860962,4.316999912261963,4.320000171661377,4.203000068664551,4.223999977111816,24300000,2026-10-08
2010-10-06,3.5518484115600586,4.190999984741211,4.318999767303467,4.125,4.2789998054504395,25770000,2026-10-08
2010-10-07,3.5120153427124023,4.144000053405762,4.25600004196167,4.135000228881836,4.208000183105469,29037000,2026-10-08
2010-10-08,3.3848917484283447,3.99399995803833,4.051000118255615,3.677000045776367,4.0320000648498535,97627000,2026-10-08
2010-10-11,3.4187915325164795,4.033999919891357,4.098999977111816,3.9739999771118164,3.99399995803833,17717000,2026-10-08
2010-10-12,3.4738779067993164,4.098999977111816,4.117000102996826,4.002999782562256,4.01800012588501,22927000,2026-10-08
2010-10-13,3.495913505554199,4.125,4.163000106811523,4.041999816894531,4.111000061035156,20698000,2026-10-08
2010-10-14,3.496760129928589,4.125999927520752,4.179999828338623,4.0920000076293945,4.120999813079834,15294000,2026-10-08
2010-10-15,3.505236864089966,4.136000156402588,4.183000087738037,4.048999786376953,4.1570000648498535,33795000,2026-10-08
2010-10-18,3.512864351272583,4.144999980926514,4.1570000648498535,4.065000057220459,4.150000095367432,18665000,2026-10-08
2010-10-19,3.455235004425049,4.077000141143799,4.203999996185303,4.039999961853027,4.0920000076293945,31227000,2026-10-08
2010-10-20,3.495913505554199,4.125,4.136000156402588,4.067999839782715,4.10099983215332,22155000,2026-10-08
2010-10-21,3.5357446670532227,4.171999931335449,4.275000095367432,4.089000225067139,4.182000160217285,56906000,2026-10-08
2010-10-22,3.7188050746917725,4.388000011444092,4.389999866485596,4.177999973297119,4.178999900817871,27585000,2026-10-08
2010-10-25,3.814570188522339,4.500999927520752,4.5279998779296875,4.39300012588501,4.39300012588501,37723000,2026-10-08
2010-10-26,3.77728009223938,4.456999778747559,4.521999835968018,4.376999855041504,4.454999923706055,21173000,2026-10-08
2010-10-27,3.939152717590332,4.6479997634887695,4.6529998779296875,4.426000118255615,4.435999870300293,30370000,2026-10-08
2010-10-28,3.8560991287231445,4.550000190734863,4.617000102996826,4.455999851226807,4.613999843597412,28306000,2026-10-08
2010-10-29,3.8806769847869873,4.578999996185303,4.5929999351501465,4.5269999504089355,4.550000190734863,19842000,2026-10-08
2010-11-01,3.820504665374756,4.507999897003174,4.599999904632568,4.480000019073486,4.5970001220703125,19108000,2026-10-08
2010-11-02,3.896778106689453,4.5980000495910645,4.630000114440918,4.51800012588501,4.5329999923706055,15833000,2026-10-08
2010-11-03,3.9586446285247803,4.671000003814697,4.699999809265137,4.565999984741211,4.577000141143799,23993000,2026-10-08
2010-11-04,4.079837322235107,4.814000129699707,4.815000057220459,4.599999904632568,4.702000141143799,30908000,2026-10-08
2010-11-05,4.036616802215576,4.763000011444092,4.818999767303467,4.739999771118164,4.802000045776367,16099000,2026-10-08
2010-11-08,4.099329948425293,4.836999893188477,4.877999782562256,4.691999912261963,4.728000164031982,15994000,2026-10-08
2010-11-09,3.9815282821655273,4.697999954223633,4.789000034332275,4.677000045776367,4.789000034332275,34780000,2026-10-08
2010-11-10,3.9154233932495117,4.619999885559082,4.642000198364258,4.492000102996826,4.593999862670898,38612000,2026-10-08
2010-11-11,3.845080852508545,4.5370001792907715,4.568999767303467,4.449999809265137,4.493000030517578,27988000,2026-10-08
2010-11-12,3.839996099472046,4.531000137329102,4.61899995803833,4.460999965667725,4.52400016784668,18130000,2026-10-08
2010-11-15,3.8027074337005615,4.486999988555908,4.578000068664551,4.482999801635742,4.534999847412109,10843000,2026-10-08
2010-11-16,3.749315023422241,4.423999786376953,4.5279998779296875,4.39900016784668,4.453000068664551,19894000,2026-10-08
2010-11-17,3.7908413410186768,4.4730000495910645,4.505000114440918,4.421000003814697,4.427999973297119,22167000,2026-10-08
2010-11-18,3.901014566421509,4.603000164031982,4.620999813079834,4.513000011444092,4.52400016784668,26727000,2026-10-08
2010-11-19,3.94169545173645,4.651000022888184,4.664999961853027,4.584000110626221,4.5920000076293945,23753000,2026-10-08
2010-11-22,3.972205400466919,4.686999797821045,4.703999996185303,4.605000019073486,4.625999927520752,11484000,2026-10-08
2010-11-23,3.899320125579834,4.60099983215332,4.639999866485596,4.547999858856201,4.63100004196167,13260000,2026-10-08
2010-11-24,4.000173568725586,4.71999979019165,4.741000175476074,4.636000156402588,4.639999866485596,11129000,2026-10-08
2010-11-26,3.9501681327819824,4.660999774932861,4.714000225067139,4.660999774932861,4.689000129699707,3904000,2026-10-08
2010-11-29,3.911186456680298,4.614999771118164,4.663000106811523,4.553999900817871,4.625999927520752,20997000,2026-10-08
2010-11-30,3.847623109817505,4.539999961853027,4.573999881744385,4.5,4.552000045776367,20448000,2026-10-08
2010-12-01,4.04254674911499,4.769999980926514,4.833000183105469,4.613999843597412,4.632999897003174,24152000,2026-10-08
2010-12-02,4.114584922790527,4.855000019073486,4.868000030517578,4.749000072479248,4.763000011444092,15910000,2026-10-08
2010-12-03,4.171366214752197,4.921999931335449,4.943999767303467,4.823999881744385,4.843999862670898,11767000,2026-10-08
2010-12-06,4.194248676300049,4.948999881744385,4.954999923706055,4.883999824523926,4.9029998779296875,17973000,2026-10-08
2010-12-07,4.21373987197876,4.9720001220703125,5.0,4.945000171661377,4.993000030517578,19317000,2026-10-08
2010-12-08,4.255268573760986,5.020999908447266,5.035999774932861,4.931000232696533,4.968999862670898,16978000,2026-10-08
2010-12-09,4.345101833343506,5.126999855041504,5.139999866485596,5.039999961853027,5.0879998207092285,23719000,2026-10-08
2010-12-10,4.373917579650879,5.160999774932861,5.1620001792907715,5.084000110626221,5.125999927520752,19174000,2026-10-08
2010-12-13,4.417985916137695,5.2129998207092285,5.256999969482422,5.1519999504089355,5.185999870300293,27493000,2026-10-08
2010-12-14,4.434937000274658,5.232999801635742,5.290999889373779,5.2179999351501465,5.244999885559082,17866000,2026-10-08
2010-12-15,4.306965351104736,5.081999778747559,5.236000061035156,5.039999961853027,5.210999965667725,35597000,2026-10-08
2010-12-16,4.3425612449646,5.124000072479248,5.169000148773193,5.080999851226807,5.080999851226807,20933000,2026-10-08
2010-12-17,4.394257068634033,5.184999942779541,5.242000102996826,5.119999885559082,5.119999885559082,37464000,2026-10-08
2010-12-20,4.415445327758789,5.210000038146973,5.228000164031982,5.150000095367432,5.21999979019165,27412000,2026-10-08
2010-12-21,4.45443058013916,5.25600004196167,5.281000137329102,5.203999996185303,5.236000061035156,13239000,2026-10-08
2010-12-22,4.467141628265381,5.270999908447266,5.2769999504089355,5.203000068664551,5.252999782562256,11143000,2026-10-08
2010-12-23,4.416292190551758,5.210999965667725,5.260000228881836,5.197000026702881,5.256999969482422,8138000,2026-10-08
2010-12-27,4.45866584777832,5.261000156402588,5.26200008392334,5.131999969482422,5.184000015258789,8678000,2026-10-08
2010-12-28,4.439174652099609,5.23799991607666,5.27400016784668,5.185999870300293,5.263000011444092,8145000,2026-10-08
2010-12-29,4.429852485656738,5.2270002365112305,5.258999824523926,5.205999851226807,5.248000144958496,6029000,2026-10-08
2010-12-30,4.440869331359863,5.239999771118164,5.255000114440918,5.208000183105469,5.216000080108643,5707000,2026-10-08
2010-12-31,4.388324737548828,5.177999973297119,5.247000217437744,5.1620001792907715,5.2220001220703125,8419000,2026-10-08
2011-01-03,4.231538772583008,4.993000030517578,5.173999786376953,4.979000091552734,5.169000148773193,37597000,2026-10-08
2011-01-04,4.187470436096191,4.940999984741211,5.033999919891357,4.909999847412109,5.015999794006348,28917000,2026-10-08
2011-01-05,4.005257606506348,4.72599983215332,4.910999774932861,4.692999839782715,4.908999919891357,55294000,2026-10-08
2011-01-06,4.00779914855957,4.729000091552734,4.789999961853027,4.695000171661377,4.788000106811523,37462000,2026-10-08
2011-01-07,4.000173568725586,4.71999979019165,4.790999889373779,4.626999855041504,4.714000225067139,29678000,2026-10-08
2011-01-10,4.1306867599487305,4.874000072479248,4.895999908447266,4.7210001945495605,4.7210001945495605,30227000,2026-10-08
2011-01-11,4.1934027671813965,4.947999954223633,4.955999851226807,4.868000030517578,4.868000030517578,28182000,2026-10-08
2011-01-12,4.256115913391113,5.021999835968018,5.03000020980835,4.953000068664551,4.966000080108643,18798000,2026-10-08
2011-01-13,4.271369934082031,5.039999961853027,5.080999851226807,5.007999897003174,5.015999794006348,17764000,2026-10-08
2011-01-14,4.465446472167969,5.269000053405762,5.2820000648498535,5.001999855041504,5.065999984741211,37940000,2026-10-08
2011-01-18,4.444258213043213,5.24399995803833,5.2729997634887695,5.182000160217285,5.256999969482422,28339000,2026-10-08
2011-01-19,4.2925567626953125,5.065000057220459,5.214000225067139,5.052999973297119,5.208000183105469,24571000,2026-10-08
2011-01-20,4.255268573760986,5.020999908447266,5.065000057220459,4.9670000076293945,5.046000003814697,18135000,2026-10-08
2011-01-21,4.235774993896484,4.998000144958496,5.086999893188477,4.982999801635742,5.052999973297119,14742000,2026-10-08
2011-01-24,4.426462650299072,5.2230000495910645,5.224999904632568,5.0,5.013000011444092,18179000,2026-10-08
2011-01-25,4.466294288635254,5.269999980926514,5.315000057220459,5.188000202178955,5.188000202178955,28459000,2026-10-08
2011-01-26,4.58070707321167,5.40500020980835,5.428999900817871,5.230999946594238,5.300000190734863,28798000,2026-10-08
2011-01-27,4.38917350769043,5.178999900817871,5.304999828338623,5.089000225067139,5.302999973297119,45142000,2026-10-08
2011-01-28,4.206116199493408,4.9629998207092285,5.2230000495910645,4.894000053405762,5.2230000495910645,29676000,2026-10-08
2011-01-31,4.228148460388184,4.988999843597412,5.053999900817871,4.922999858856201,4.979000091552734,18008000,2026-10-08
2011-02-01,4.426462650299072,5.2230000495910645,5.28000020980835,5.0320000648498535,5.045000076293945,21374000,2026-10-08
2011-02-02,4.377308368682861,5.164999961853027,5.25,5.1570000648498535,5.201000213623047,10831000,2026-10-08
2011-02-03,4.371374607086182,5.1579999923706055,5.185999870300293,5.073999881744385,5.138999938964844,11117000,2026-10-08
2011-02-04,4.457818508148193,5.260000228881836,5.267000198364258,5.136000156402588,5.163000106811523,10186000,2026-10-08
2011-02-07,4.5137529373168945,5.326000213623047,5.4039998054504395,5.224999904632568,5.258999824523926,16616000,2026-10-08
2011-02-08,4.509517192840576,5.321000099182129,5.349999904632568,5.285999774932861,5.316999912261963,11258000,2026-10-08
2011-02-09,4.57392692565918,5.396999835968018,5.410999774932861,5.26800012588501,5.309999942779541,21323000,2026-10-08
2011-02-10,4.574772834777832,5.3979997634887695,5.418000221252441,5.303999900817871,5.361000061035156,11252000,2026-10-08
2011-02-11,4.573078632354736,5.395999908447266,5.439000129699707,5.3429999351501465,5.382999897003174,9179000,2026-10-08
2011-02-14,4.609519004821777,5.439000129699707,5.494999885559082,5.374000072479248,5.383999824523926,14414000,2026-10-08
2011-02-15,4.550195217132568,5.36899995803833,5.436999797821045,5.330999851226807,5.410999774932861,11242000,2026-10-08
2011-02-16,4.549349308013916,5.368000030517578,5.410999774932861,5.3379998207092285,5.388999938964844,8632000,2026-10-08
2011-02-17,4.658675670623779,5.497000217437744,5.525000095367432,5.3420000076293945,5.354000091552734,12032000,2026-10-08
2011-02-18,4.754443168640137,5.610000133514404,5.638000011444092,5.455999851226807,5.504000186920166,22715000,2026-10-08
2011-02-22,4.585791110992432,5.410999774932861,5.547999858856201,5.396999835968018,5.538000106811523,18681000,2026-10-08
2011-02-23,4.4213762283325195,5.2170000076293945,5.408999919891357,5.184999942779541,5.4070000648498535,17592000,2026-10-08
2011-02-24,4.512906074523926,5.324999809265137,5.3520002365112305,5.1579999923706055,5.210000038146973,17687000,2026-10-08
2011-02-25,4.6908793449401855,5.534999847412109,5.535999774932861,5.366000175476074,5.366000175476074,15600000,2026-10-08
2011-02-28,4.652743339538574,5.489999771118164,5.599999904632568,5.421000003814697,5.545000076293945,12445000,2026-10-08
2011-03-01,4.63833475112915,5.4730000495910645,5.593999862670898,5.4710001945495605,5.531000137329102,26020000,2026-10-08
2011-03-02,4.8069868087768555,5.671999931335449,5.791999816894531,5.474999904632568,5.491000175476074,33058000,2026-10-08
2011-03-03,4.948519706726074,5.839000225067139,5.909999847412109,5.739999771118164,5.75,30105000,2026-10-08
2011-03-04,4.93834924697876,5.827000141143799,5.8520002365112305,5.750999927520752,5.811999797821045,21286000,2026-10-08
2011-03-07,4.8069868087768555,5.671999931335449,5.859000205993652,5.586999893188477,5.834000110626221,17631000,2026-10-08
2011-03-08,4.901906967163086,5.783999919891357,5.861000061035156,5.626999855041504,5.658999919891357,19308000,2026-10-08
2011-03-09,4.56629753112793,5.388000011444092,5.761000156402588,5.375,5.761000156402588,29695000,2026-10-08
2011-03-10,4.390868186950684,5.181000232696533,5.336999893188477,5.129000186920166,5.304999828338623,31833000,2026-10-08
2011-03-11,4.420529842376709,5.216000080108643,5.234000205993652,5.083000183105469,5.136000156402588,24391000,2026-10-08
2011-03-14,4.406122207641602,5.198999881744385,5.315999984741211,5.146999835968018,5.190000057220459,17106000,2026-10-08
2011-03-15,4.420529842376709,5.216000080108643,5.261000156402588,4.960000038146973,5.059999942779541,21446000,2026-10-08
2011-03-16,4.327304840087891,5.105999946594238,5.267000198364258,5.050000190734863,5.188000202178955,21225000,2026-10-08
2011-03-17,4.35527229309082,5.138999938964844,5.304999828338623,5.13700008392334,5.203999996185303,16557000,2026-10-08
2011-03-18,4.306118965148926,5.080999851226807,5.214000225067139,5.031000137329102,5.193999767303467,18291000,2026-10-08
2011-03-21,4.415445327758789,5.210000038146973,5.289999961853027,5.150000095367432,5.150000095367432,12450000,2026-10-08
2011-03-22,4.3289995193481445,5.107999801635742,5.208000183105469,5.09499979019165,5.208000183105469,19940000,2026-10-08
2011-03-23,4.503584384918213,5.314000129699707,5.335000038146973,5.099999904632568,5.114999771118164,21190000,2026-10-08
2011-03-24,4.623080730438232,5.454999923706055,5.460999965667725,5.306000232696533,5.361000061035156,16312000,2026-10-08
2011-03-25,4.629012584686279,5.461999893188477,5.51800012588501,5.429999828338623,5.486999988555908,11398000,2026-10-08
2011-03-28,4.650200843811035,5.486999988555908,5.568999767303467,5.460999965667725,5.460999965667725,9779000,2026-10-08
2011-03-29,4.729017734527588,5.579999923706055,5.625,5.466000080108643,5.482999801635742,13255000,2026-10-08
2011-03-30,4.826478481292725,5.695000171661377,5.71999979019165,5.610000133514404,5.625,13081000,2026-10-08
2011-03-31,4.80190372467041,5.665999889373779,5.7210001945495605,5.61299991607666,5.697000026702881,9232000,2026-10-08
2011-04-01,4.772239685058594,5.63100004196167,5.741000175476074,5.583000183105469,5.715000152587891,11407000,2026-10-08
2011-04-04,4.652743339538574,5.489999771118164,5.678999900817871,5.458000183105469,5.678999900817871,13038000,2026-10-08
2011-04-05,4.663761615753174,5.502999782562256,5.572000026702881,5.4670000076293945,5.519999980926514,10675000,2026-10-08
2011-04-06,4.773087501525879,5.631999969482422,5.639999866485596,5.526000022888184,5.561999797821045,10875000,2026-10-08
2011-04-07,4.535789489746094,5.3520002365112305,5.499000072479248,5.1620001792907715,5.46999979019165,44635000,2026-10-08
2011-04-08,4.442563533782959,5.242000102996826,5.4070000648498535,5.199999809265137,5.382999897003174,26551000,2026-10-08
2011-04-11,4.484938621520996,5.291999816894531,5.330999851226807,5.195000171661377,5.258999824523926,17673000,2026-10-08
2011-04-12,4.40188455581665,5.193999767303467,5.26200008392334,5.176000118255615,5.249000072479248,14092000,2026-10-08
2011-04-13,4.341712951660156,5.123000144958496,5.2270002365112305,5.0269999504089355,5.208000183105469,43194000,2026-10-08
2011-04-14,4.321372032165527,5.098999977111816,5.105000019073486,4.968999862670898,5.074999809265137,24522000,2026-10-08
2011-04-15,4.398494720458984,5.190000057220459,5.224999904632568,5.052000045776367,5.086999893188477,17020000,2026-10-08
2011-04-18,4.231538772583008,4.993000030517578,5.138999938964844,4.964000225067139,5.119999885559082,22347000,2026-10-08
2011-04-19,4.2230658531188965,4.982999801635742,5.038000106811523,4.951000213623047,5.000999927520752,23465000,2026-10-08
2011-04-20,4.410360813140869,5.203999996185303,5.223999977111816,5.099999904632568,5.104000091552734,23953000,2026-10-08
2011-04-21,4.151025772094727,4.8979997634887695,5.068999767303467,4.86299991607666,5.0289998054504395,59653000,2026-10-08
2011-04-25,4.179840564727783,4.932000160217285,4.999000072479248,4.88700008392334,4.915999889373779,16815000,2026-10-08
2011-04-26,4.189162731170654,4.942999839782715,4.948999881744385,4.8460001945495605,4.934999942779541,35000000,2026-10-08
2011-04-27,4.172213554382324,4.922999858856201,4.989999771118164,4.866000175476074,4.936999797821045,21727000,2026-10-08
2011-04-28,4.123906135559082,4.866000175476074,4.934999942779541,4.791999816894531,4.9039998054504395,29957000,2026-10-08
2011-04-29,4.094244480133057,4.830999851226807,4.890999794006348,4.818999767303467,4.855000019073486,26549000,2026-10-08
2011-05-02,4.075599670410156,4.809000015258789,4.861999988555908,4.802000045776367,4.854000091552734,14346000,2026-10-08
2011-05-03,3.9789857864379883,4.695000171661377,4.8379998207092285,4.644999980926514,4.808000087738037,40000000,2026-10-08
2011-05-04,4.014577865600586,4.736999988555908,4.940999984741211,4.6479997634887695,4.8379998207092285,40600000,2026-10-08
2011-05-05,4.030682563781738,4.75600004196167,4.931000232696533,4.6620001792907715,4.675000190734863,45000000,2026-10-08
2011-05-06,4.121363639831543,4.86299991607666,4.98799991607666,4.815999984741211,4.906000137329102,75312000,2026-10-08
2011-05-09,4.0976362228393555,4.835000038146973,4.89900016784668,4.794000148773193,4.855000019073486,33601000,2026-10-08
2011-05-10,4.091701984405518,4.828000068664551,4.89900016784668,4.788000106811523,4.863999843597412,35902000,2026-10-08
2011-05-11,4.008645534515381,4.730000019073486,4.841000080108643,4.710999965667725,4.7870001792907715,34000000,2026-10-08
2011-05-12,4.0230536460876465,4.747000217437744,4.7870001792907715,4.678999900817871,4.702000141143799,37000000,2026-10-08
2011-05-13,4.022208213806152,4.745999813079834,4.7870001792907715,4.698999881744385,4.752999782562256,20197000,2026-10-08
2011-05-16,3.995086431503296,4.714000225067139,4.797999858856201,4.701000213623047,4.7270002365112305,23445000,2026-10-08
2011-05-17,3.962883710861206,4.676000118255615,4.703999996185303,4.61899995803833,4.692999839782715,24061000,2026-10-08
2011-05-18,3.9984774589538574,4.7179999351501465,4.749000072479248,4.6570000648498535,4.672999858856201,15671000,2026-10-08
2011-05-19,3.9501681327819824,4.660999774932861,4.789999961853027,4.591000080108643,4.771999835968018,33488000,2026-10-08
2011-05-20,3.999326229095459,4.718999862670898,4.73799991607666,4.605999946594238,4.658999919891357,19480000,2026-10-08
2011-05-23,3.921355962753296,4.626999855041504,4.6539998054504395,4.593999862670898,4.64300012588501,21000000,2026-10-08
2011-05-24,3.8594884872436523,4.553999900817871,4.6539998054504395,4.5370001792907715,4.632999897003174,16908000,2026-10-08
2011-05-25,3.8467752933502197,4.539000034332275,4.589000225067139,4.489999771118164,4.535999774932861,14980000,2026-10-08
2011-05-26,3.877285957336426,4.574999809265137,4.591000080108643,4.507999897003174,4.51800012588501,15459000,2026-10-08
2011-05-27,3.8950836658477783,4.5960001945495605,4.6479997634887695,4.572999954223633,4.572999954223633,11700000,2026-10-08
2011-05-31,3.9823756217956543,4.698999881744385,4.710999965667725,4.636000156402588,4.638999938964844,30132000,2026-10-08
2011-06-01,3.9315261840820312,4.638999938964844,4.888000011444092,4.61899995803833,4.697000026702881,47161000,2026-10-08
2011-06-02,3.9620370864868164,4.675000190734863,4.736999988555908,4.627999782562256,4.6620001792907715,21354000,2026-10-08
2011-06-03,3.883216619491577,4.581999778747559,4.676000118255615,4.574999809265137,4.611000061035156,16112000,2026-10-08
2011-06-06,3.845080852508545,4.5370001792907715,4.610000133514404,4.5229997634887695,4.572000026702881,13299000,2026-10-08
2011-06-07,3.899320125579834,4.60099983215332,4.644999980926514,4.543000221252441,4.574999809265137,16363000,2026-10-08
2011-06-08,3.8374528884887695,4.5279998779296875,4.5970001220703125,4.506999969482422,4.585999965667725,34470000,2026-10-08
2011-06-09,3.820504665374756,4.507999897003174,4.577000141143799,4.485000133514404,4.538000106811523,19467000,2026-10-08
2011-06-10,3.7696545124053955,4.447999954223633,4.500999927520752,4.368000030517578,4.49399995803833,25344000,2026-10-08
2011-06-13,3.746771812438965,4.421000003814697,4.494999885559082,4.414000034332275,4.461999893188477,10648000,2026-10-08
2011-06-14,3.8077926635742188,4.493000030517578,4.51800012588501,4.447000026702881,4.4670000076293945,17377000,2026-10-08
2011-06-15,3.7340588569641113,4.406000137329102,4.474999904632568,4.370999813079834,4.440000057220459,17202000,2026-10-08
2011-06-16,3.6747353076934814,4.335999965667725,4.39900016784668,4.300000190734863,4.39900016784668,26950000,2026-10-08
2011-06-17,3.5959179401397705,4.243000030517578,4.388999938964844,4.199999809265137,4.374000072479248,33608000,2026-10-08
2011-06-20,3.562866449356079,4.203999996185303,4.23799991607666,4.191999912261963,4.224999904632568,19100000,2026-10-08
2011-06-21,3.604393243789673,4.252999782562256,4.28000020980835,4.177000045776367,4.229000091552734,29686000,2026-10-08
2011-06-22,3.6374449729919434,4.291999816894531,4.3470001220703125,4.238999843597412,4.256999969482422,25408000,2026-10-08
2011-06-23,3.6730401515960693,4.334000110626221,4.343999862670898,4.201000213623047,4.236999988555908,17379000,2026-10-08
2011-06-24,3.662869691848755,4.322000026702881,4.375,4.239999771118164,4.328000068664551,28135000,2026-10-08
2011-06-27,3.672192096710205,4.333000183105469,4.376999855041504,4.247000217437744,4.307000160217285,14304000,2026-10-08
2011-06-28,3.6798202991485596,4.3420000076293945,4.35099983215332,4.309000015258789,4.3420000076293945,11686000,2026-10-08
2011-06-29,3.667107343673706,4.327000141143799,4.3979997634887695,4.309000015258789,4.349999904632568,17167000,2026-10-08
2011-06-30,3.7527053356170654,4.427999973297119,4.455999851226807,4.334000110626221,4.334000110626221,17329000,2026-10-08
2011-07-01,3.83660626411438,4.5269999504089355,4.565000057220459,4.389999866485596,4.432000160217285,15375000,2026-10-08
2011-07-05,3.773890733718872,4.453000068664551,4.541999816894531,4.422999858856201,4.5289998054504395,16818000,2026-10-08
2011-07-06,3.6637165546417236,4.322999954223633,4.431000232696533,4.303999900817871,4.427999973297119,31257000,2026-10-08
2011-07-07,3.7916905879974365,4.473999977111816,4.51200008392334,4.360000133514404,4.363999843597412,29001000,2026-10-08
2011-07-08,3.7433829307556152,4.416999816894531,4.442999839782715,4.375,4.434000015258789,20414000,2026-10-08
2011-07-11,3.80186128616333,4.486000061035156,4.626999855041504,4.440999984741211,4.484000205993652,44226000,2026-10-08
2011-07-12,3.6111721992492676,4.261000156402588,4.440000057220459,4.190000057220459,4.420000076293945,58780000,2026-10-08
2011-07-13,3.6171061992645264,4.26800012588501,4.343999862670898,4.2230000495910645,4.256999969482422,26989000,2026-10-08
2011-07-14,3.5467638969421387,4.184999942779541,4.309999942779541,4.1539998054504395,4.271999835968018,30285000,2026-10-08
2011-07-15,3.564560651779175,4.205999851226807,4.216000080108643,4.135000228881836,4.196000099182129,16851000,2026-10-08
2011-07-18,3.5094738006591797,4.140999794006348,4.208000183105469,4.078000068664551,4.189000129699707,24233000,2026-10-08
2011-07-19,3.590834140777588,4.236999988555908,4.255000114440918,4.171000003814697,4.172999858856201,14775000,2026-10-08
2011-07-20,3.570492744445801,4.2129998207092285,4.267000198364258,4.210000038146973,4.230999946594238,15397000,2026-10-08
2011-07-21,3.656090021133423,4.314000129699707,4.35699987411499,4.176000118255615,4.239999771118164,23190000,2026-10-08
2011-07-22,3.751008987426758,4.426000118255615,4.445000171661377,4.296999931335449,4.302999973297119,17134000,2026-10-08
2011-07-25,3.7306694984436035,4.4019999504089355,4.433000087738037,4.348999977111816,4.382999897003174,16730000,2026-10-08
2011-07-26,3.7145676612854004,4.382999897003174,4.459000110626221,4.369999885559082,4.386000156402588,15512000,2026-10-08
2011-07-27,3.578120231628418,4.2220001220703125,4.339000225067139,4.197000026702881,4.335000038146973,27277000,2026-10-08
2011-07-28,3.6128673553466797,4.263000011444092,4.295000076293945,4.068999767303467,4.073999881744385,44363000,2026-10-08
2011-07-29,3.4645562171936035,4.0879998207092285,4.230000019073486,4.079999923706055,4.204999923706055,45305000,2026-10-08
2011-08-01,3.453538656234741,4.074999809265137,4.177000045776367,4.035999774932861,4.15500020980835,34557000,2026-10-08
2011-08-02,3.3552298545837402,3.9590001106262207,4.060999870300293,3.9489998817443848,4.034999847412109,32541000,2026-10-08
2011-08-03,3.3806543350219727,3.989000082015991,4.019000053405762,3.9000000953674316,3.9719998836517334,20963000,2026-10-08
2011-08-04,3.184035062789917,3.756999969482422,3.9619998931884766,3.753000020980835,3.933000087738037,44038000,2026-10-08
2011-08-05,3.152678966522217,3.7200000286102295,3.9110000133514404,3.617000102996826,3.809999942779541,45726000,2026-10-08
2011-08-08,2.9984347820281982,3.5380001068115234,3.696000099182129,3.5250000953674316,3.578000068664551,39555000,2026-10-08
2011-08-09,3.137423276901245,3.7019999027252197,3.7090001106262207,3.503000020980835,3.681999921798706,52307000,2026-10-08
2011-08-10,3.09250545501709,3.6489999294281006,3.7820000648498535,3.5799999237060547,3.618000030517578,36459000,2026-10-08
2011-08-11,3.2738704681396484,3.86299991607666,3.9019999504089355,3.674999952316284,3.674999952316284,37943000,2026-10-08
2011-08-12,3.2823448181152344,3.872999906539917,3.928999900817871,3.803999900817871,3.875999927520752,33790000,2026-10-08
2011-08-15,3.37557053565979,3.9830000400543213,3.9830000400543213,3.884000062942505,3.8959999084472656,20114000,2026-10-08
2011-08-16,3.2831923961639404,3.874000072479248,3.9800000190734863,3.8529999256134033,3.947999954223633,25060000,2026-10-08
2011-08-17,3.249293327331543,3.8340001106262207,3.938999891281128,3.809000015258789,3.882999897003174,20525000,2026-10-08
2011-08-18,3.0628433227539062,3.614000082015991,3.749000072479248,3.5940001010894775,3.740999937057495,25102000,2026-10-08
2011-08-19,3.0501317977905273,3.5989999771118164,3.687000036239624,3.575000047683716,3.5789999961853027,22109000,2026-10-08
2011-08-22,3.0391135215759277,3.5859999656677246,3.697999954223633,3.572999954223633,3.683000087738037,19445000,2026-10-08
2011-08-23,3.169628381729126,3.740000009536743,3.756999969482422,3.5969998836517334,3.6029999256134033,26927000,2026-10-08
2011-08-24,3.1797988414764404,3.752000093460083,3.759999990463257,3.6649999618530273,3.7269999980926514,18874000,2026-10-08
2011-08-25,3.083184242248535,3.638000011444092,3.7690000534057617,3.609999895095825,3.7109999656677246,22365000,2026-10-08
2011-08-26,3.1611530780792236,3.7300000190734863,3.75600004196167,3.572000026702881,3.6029999256134033,15717000,2026-10-08
2011-08-29,3.2831923961639404,3.874000072479248,3.8959999084472656,3.7709999084472656,3.7839999198913574,18074000,2026-10-08
2011-08-30,3.198441982269287,3.7739999294281006,3.861999988555908,3.755000114440918,3.8469998836517334,24888000,2026-10-08
2011-08-31,3.149287700653076,3.7160000801086426,3.8299999237060547,3.690999984741211,3.805999994277954,31414000,2026-10-08
2011-09-01,3.100133180618286,3.6579999923706055,3.752000093460083,3.6500000953674316,3.747999906539917,22531000,2026-10-08
2011-09-02,3.069624423980713,3.621999979019165,3.680000066757202,3.5959999561309814,3.628999948501587,20568000,2026-10-08
2011-09-06,3.0128426551818848,3.555000066757202,3.562000036239624,3.492000102996826,3.503999948501587,25456000,2026-10-08
2011-09-07,3.1552207469940186,3.7230000495910645,3.75600004196167,3.6040000915527344,3.618000030517578,25324000,2026-10-08
2011-09-08,3.1187782287597656,3.680000066757202,3.7720000743865967,3.6429998874664307,3.703000068664551,29201000,2026-10-08
2011-09-09,3.1509838104248047,3.7179999351501465,3.7899999618530273,3.6519999504089355,3.6670000553131104,39954000,2026-10-08
2011-09-12,3.1518309116363525,3.7190001010894775,3.736999988555908,3.638000011444092,3.6549999713897705,37922000,2026-10-08
2011-09-13,3.245055675506592,3.8289999961853027,3.8389999866485596,3.7119998931884766,3.739000082015991,29226000,2026-10-08
2011-09-14,3.37557053565979,3.9830000400543213,4.038000106811523,3.8359999656677246,3.8459999561309814,48503000,2026-10-08
2011-09-15,3.3535351753234863,3.9570000171661377,4.077000141143799,3.928999900817871,4.017000198364258,35288000,2026-10-08
2011-09-16,3.3687891960144043,3.9749999046325684,4.013000011444092,3.946000099182129,3.9560000896453857,24342000,2026-10-08
2011-09-19,3.263700485229492,3.8510000705718994,3.8989999294281006,3.755000114440918,3.861999988555908,48287000,2026-10-08
2011-09-20,3.30183744430542,3.8959999084472656,3.9079999923706055,3.809999942779541,3.8499999046325684,29892000,2026-10-08
2011-09-21,3.2314951419830322,3.812999963760376,3.9200000762939453,3.812000036239624,3.875999927520752,27244000,2026-10-08
2011-09-22,3.1264069080352783,3.688999891281128,3.752000093460083,3.618000030517578,3.7049999237060547,39056000,2026-10-08
2011-09-23,3.1272530555725098,3.690000057220459,3.740999937057495,3.624000072479248,3.6649999618530273,31210000,2026-10-08
2011-09-26,3.2425127029418945,3.8259999752044678,3.8299999237060547,3.6389999389648438,3.759000062942505,39952000,2026-10-08
2011-09-27,3.312854051589966,3.9089999198913574,4.01200008392334,3.8350000381469727,3.869999885559082,25376000,2026-10-08
2011-09-28,3.2086141109466553,3.7860000133514404,3.9509999752044678,3.7799999713897705,3.936000108718872,24273000,2026-10-08
2011-09-29,3.247598171234131,3.8320000171661377,3.9170000553131104,3.74399995803833,3.8540000915527344,21319000,2026-10-08
2011-09-30,3.218782901763916,3.7980000972747803,3.878000020980835,3.753000020980835,3.7880001068115234,27785000,2026-10-08
2011-10-03,3.1069140434265137,3.6659998893737793,3.8340001106262207,3.6519999504089355,3.7739999294281006,30613000,2026-10-08
2011-10-04,3.2620058059692383,3.8489999771118164,3.8529999256134033,3.6059999465942383,3.6059999465942383,39134000,2026-10-08
2011-10-05,3.387434482574463,3.996999979019165,4.013000011444092,3.7750000953674316,3.871999979019165,27588000,2026-10-08
2011-10-06,3.453538656234741,4.074999809265137,4.103000164031982,3.927000045776367,3.9779999256134033,36765000,2026-10-08
2011-10-07,3.4594714641571045,4.081999778747559,4.135000228881836,4.0289998054504395,4.0960001945495605,24235000,2026-10-08
2011-10-10,3.5950710773468018,4.242000102996826,4.248000144958496,4.10099983215332,4.131999969482422,20664000,2026-10-08
2011-10-11,3.590834140777588,4.236999988555908,4.28000020980835,4.183000087738037,4.228000164031982,25761000,2026-10-08
2011-10-12,3.6849050521850586,4.3480000495910645,4.4070000648498535,4.28000020980835,4.289000034332275,43148000,2026-10-08
2011-10-13,3.724735736846924,4.394999980926514,4.410999774932861,4.304999828338623,4.307000160217285,20401000,2026-10-08
2011-10-14,3.7128732204437256,4.38100004196167,4.426000118255615,4.289999961853027,4.426000118255615,21331000,2026-10-08
2011-10-17,3.6204957962036133,4.271999835968018,4.375,4.254000186920166,4.364999771118164,18102000,2026-10-08
2011-10-18,3.6874473094940186,4.35099983215332,4.375999927520752,4.218999862670898,4.316999912261963,23723000,2026-10-08
2011-10-19,3.6128673553466797,4.263000011444092,4.335999965667725,4.242000102996826,4.335999965667725,23560000,2026-10-08
2011-10-20,3.3992998600006104,4.011000156402588,4.03000020980835,3.799999952316284,4.004000186920166,79750000,2026-10-08
2011-10-21,3.441673517227173,4.060999870300293,4.123000144958496,4.025000095367432,4.059000015258789,22002000,2026-10-08
2011-10-24,3.596766233444214,4.24399995803833,4.258999824523926,4.073999881744385,4.0980000495910645,32315000,2026-10-08
2011-10-25,3.5950710773468018,4.242000102996826,4.333000183105469,4.215000152587891,4.223999977111816,45587000,2026-10-08
2011-10-26,3.531508684158325,4.166999816894531,4.297999858856201,4.0929999351501465,4.270999908447266,30642000,2026-10-08
2011-10-27,3.7145676612854004,4.382999897003174,4.426000118255615,4.307000160217285,4.348999977111816,32242000,2026-10-08
2011-10-28,3.7560946941375732,4.432000160217285,4.438000202178955,4.322000026702881,4.35699987411499,19410000,2026-10-08
2011-10-31,3.6433777809143066,4.298999786376953,4.388000011444092,4.26200008392334,4.368000030517578,24050000,2026-10-08
2011-11-01,3.575577974319458,4.218999862670898,4.294000148773193,4.1539998054504395,4.183000087738037,25173000,2026-10-08
2011-11-02,3.6018497943878174,4.25,4.296000003814697,4.196000099182129,4.245999813079834,16806000,2026-10-08
2011-11-03,3.706092596054077,4.373000144958496,4.390999794006348,4.185999870300293,4.281000137329102,15320000,2026-10-08
2011-11-04,3.7145676612854004,4.382999897003174,4.423999786376953,4.2870001792907715,4.3379998207092285,19319000,2026-10-08
2011-11-07,3.697617530822754,4.36299991607666,4.374000072479248,4.257999897003174,4.367000102996826,13890000,2026-10-08
2011-11-08,3.6798202991485596,4.3420000076293945,4.442999839782715,4.298999786376953,4.410999774932861,27676000,2026-10-08
2011-11-09,3.5518484115600586,4.190999984741211,4.26800012588501,4.168000221252441,4.25,25463000,2026-10-08
2011-11-10,3.58744215965271,4.232999801635742,4.2789998054504395,4.169000148773193,4.257999897003174,16076000,2026-10-08
2011-11-11,3.803554058074951,4.48799991607666,4.504000186920166,4.263999938964844,4.288000106811523,25544000,2026-10-08
2011-11-14,3.7755861282348633,4.454999923706055,4.519999980926514,4.423999786376953,4.494999885559082,24199000,2026-10-08
2011-11-15,3.814570188522339,4.500999927520752,4.547999858856201,4.422999858856201,4.434000015258789,25458000,2026-10-08
2011-11-16,3.725583791732788,4.395999908447266,4.507999897003174,4.38700008392334,4.427999973297119,23478000,2026-10-08
2011-11-17,3.52557635307312,4.159999847412109,4.375999927520752,4.13700008392334,4.375,31795000,2026-10-08
2011-11-18,3.430657148361206,4.047999858856201,4.184000015258789,4.045000076293945,4.1620001792907715,33861000,2026-10-08
2011-11-21,3.304379463195801,3.8989999294281006,4.008999824523926,3.875,4.0,37358000,2026-10-08
2011-11-22,3.2230210304260254,3.802999973297119,3.9130001068115234,3.7950000762939453,3.8910000324249268,17586000,2026-10-08
2011-11-23,3.1331863403320312,3.697000026702881,3.802000045776367,3.696000099182129,3.7860000133514404,14330000,2026-10-08
2011-11-25,3.1153883934020996,3.6760001182556152,3.7809998989105225,3.6589999198913574,3.674999952316284,9557000,2026-10-08
2011-11-28,3.20098614692688,3.7769999504089355,3.815999984741211,3.7330000400543213,3.7660000324249268,38927000,2026-10-08
2011-11-29,3.205223560333252,3.7820000648498535,3.806999921798706,3.749000072479248,3.805999994277954,18106000,2026-10-08
2011-11-30,3.455235004425049,4.077000141143799,4.078999996185303,3.8559999465942383,3.86899995803833,33622000,2026-10-08
2011-12-01,3.5289664268493652,4.164000034332275,4.186999797821045,4.078000068664551,4.085000038146973,32252000,2026-10-08
2011-12-02,3.579815149307251,4.223999977111816,4.2729997634887695,4.1620001792907715,4.197999954223633,27371000,2026-10-08
2011-12-05,3.6315128803253174,4.284999847412109,4.367000102996826,4.243000030517578,4.2729997634887695,28754000,2026-10-08
2011-12-06,3.6323604583740234,4.285999774932861,4.349999904632568,4.245999813079834,4.289999961853027,24217000,2026-10-08
2011-12-07,3.634902238845825,4.289000034332275,4.330999851226807,4.216000080108643,4.252999782562256,12926000,2026-10-08
2011-12-08,3.5374412536621094,4.173999786376953,4.327000141143799,4.159999847412109,4.257999897003174,14145000,2026-10-08
2011-12-09,3.6128673553466797,4.263000011444092,4.290999889373779,4.113999843597412,4.190999984741211,18581000,2026-10-08
2011-12-12,3.5679502487182617,4.210000038146973,4.235000133514404,4.130000114440918,4.203000068664551,18899000,2026-10-08
2011-12-13,3.4052317142486572,4.01800012588501,4.25600004196167,4.006999969482422,4.235000133514404,28573000,2026-10-08
2011-12-14,3.345907211303711,3.947999954223633,4.051000118255615,3.9260001182556152,4.00600004196167,18663000,2026-10-08
2011-12-15,3.06538724899292,3.617000102996826,3.8589999675750732,3.549999952316284,3.8429999351501465,216831000,2026-10-08
2011-12-16,3.044198989868164,3.5920000076293945,3.6489999294281006,3.569000005722046,3.6489999294281006,78418000,2026-10-08
2011-12-19,2.954364776611328,3.4860000610351562,3.609999895095825,3.4809999465942383,3.5940001010894775,53160000,2026-10-08
2011-12-20,3.0552167892456055,3.6050000190734863,3.6470000743865967,3.5360000133514404,3.5439999103546143,83334000,2026-10-08
2011-12-21,3.1111509799957275,3.6710000038146973,3.6760001182556152,3.5320000648498535,3.5850000381469727,58255000,2026-10-08
2011-12-22,3.114541530609131,3.674999952316284,3.7109999656677246,3.6579999923706055,3.6670000553131104,42698000,2026-10-08
2011-12-23,3.1297950744628906,3.693000078201294,3.7019999027252197,3.611999988555908,3.7019999027252197,17522000,2026-10-08
2011-12-27,3.1450510025024414,3.7109999656677246,3.7860000133514404,3.6700000762939453,3.6730000972747803,23846000,2026-10-08
2011-12-28,3.1018285751342773,3.6600000858306885,3.7320001125335693,3.640000104904175,3.7039999961853027,18869000,2026-10-08
2011-12-29,3.1399664878845215,3.7049999237060547,3.7149999141693115,3.6600000858306885,3.677000045776367,14804000,2026-10-08
2011-12-30,3.137423276901245,3.7019999027252197,3.749000072479248,3.696000099182129,3.700000047683716,17165000,2026-10-08
2012-01-03,3.114541530609131,3.674999952316284,3.7790000438690186,3.6700000762939453,3.7720000743865967,27287000,2026-10-08
2012-01-04,3.1060662269592285,3.6649999618530273,3.691999912261963,3.615000009536743,3.6670000553131104,28275000,2026-10-08
2012-01-05,3.167085647583008,3.736999988555908,3.74399995803833,3.6740000247955322,3.690000057220459,35856000,2026-10-08
2012-01-06,3.206918239593506,3.7839999198913574,3.7939999103546143,3.7100000381469727,3.743000030517578,33537000,2026-10-08
2012-01-09,3.2806501388549805,3.871000051498413,3.9010000228881836,3.7880001068115234,3.7960000038146973,44247000,2026-10-08
2012-01-10,3.3052279949188232,3.9000000953674316,3.9489998817443848,3.86899995803833,3.9049999713897705,42636000,2026-10-08
2012-01-11,3.3806543350219727,3.989000082015991,3.999000072479248,3.878000020980835,3.88700008392334,50392000,2026-10-08
2012-01-12,3.3798065185546875,3.98799991607666,4.0,3.927999973297119,4.0,34632000,2026-10-08
2012-01-13,3.262852907180786,3.8499999046325684,3.9730000495910645,3.8480000495910645,3.9719998836517334,41243000,2026-10-08
2012-01-17,3.395909547805786,4.006999969482422,4.048999786376953,3.9010000228881836,3.946000099182129,60792000,2026-10-08
2012-01-18,3.5289664268493652,4.164000034332275,4.169000148773193,4.0329999923706055,4.043000221252441,64478000,2026-10-08
2012-01-19,3.586594820022583,4.23199987411499,4.306000232696533,4.160999774932861,4.169000148773193,67469000,2026-10-08
2012-01-20,3.578967809677124,4.2230000495910645,4.265999794006348,4.205999851226807,4.241000175476074,44329000,2026-10-08
2012-01-23,3.571340560913086,4.214000225067139,4.24399995803833,4.158999919891357,4.243000030517578,32780000,2026-10-08
2012-01-24,3.673887252807617,4.335000038146973,4.3420000076293945,4.2220001220703125,4.230000019073486,56529000,2026-10-08
2012-01-25,3.6908376216888428,4.355000019073486,4.369999885559082,4.249000072479248,4.311999797821045,65179000,2026-10-08
2012-01-26,3.5840532779693604,4.229000091552734,4.447000026702881,4.208000183105469,4.320000171661377,78676000,2026-10-08
2012-01-27,3.6526999473571777,4.309999942779541,4.328000068664551,4.210000038146973,4.234000205993652,52686000,2026-10-08
2012-01-30,3.599308490753174,4.247000217437744,4.284999847412109,4.214000225067139,4.275000095367432,31887000,2026-10-08
2012-01-31,3.6094765663146973,4.258999824523926,4.309999942779541,4.22599983215332,4.271999835968018,35703000,2026-10-08
2012-02-01,3.7264318466186523,4.396999835968018,4.413000106811523,4.296000003814697,4.314000129699707,52326000,2026-10-08
2012-02-02,3.7721951007843018,4.451000213623047,4.465000152587891,4.375,4.3979997634887695,40613000,2026-10-08
2012-02-03,3.745076894760132,4.419000148773193,4.504000186920166,4.4070000648498535,4.460999965667725,50394000,2026-10-08
2012-02-06,3.6637165546417236,4.322999954223633,4.395999908447266,4.293000221252441,4.388000011444092,32427000,2026-10-08
2012-02-07,3.6764299869537354,4.3379998207092285,4.3480000495910645,4.291999816894531,4.318999767303467,24258000,2026-10-08
2012-02-08,3.6967697143554688,4.361999988555908,4.394999980926514,4.328999996185303,4.333000183105469,23779000,2026-10-08
2012-02-09,3.653547525405884,4.310999870300293,4.390999794006348,4.293000221252441,4.38100004196167,31427000,2026-10-08
2012-02-10,3.58744215965271,4.232999801635742,4.270999908447266,4.209000110626221,4.260000228881836,18088000,2026-10-08
2012-02-13,3.5899858474731445,4.236000061035156,4.275000095367432,4.164999961853027,4.26200008392334,16688000,2026-10-08
2012-02-14,3.5518484115600586,4.190999984741211,4.252999782562256,4.15500020980835,4.223999977111816,26301000,2026-10-08
2012-02-15,3.5382883548736572,4.175000190734863,4.254000186920166,4.1620001792907715,4.21999979019165,21621000,2026-10-08
2012-02-16,3.6399874687194824,4.295000076293945,4.301000118255615,4.176000118255615,4.182000160217285,20927000,2026-10-08
2012-02-17,3.5577805042266846,4.197999954223633,4.331999778747559,4.190999984741211,4.322000026702881,27018000,2026-10-08
2012-02-21,3.43913197517395,4.058000087738037,4.130000114440918,4.031000137329102,4.119999885559082,40537000,2026-10-08
2012-02-22,3.4289610385894775,4.046000003814697,4.09499979019165,4.0,4.053999900817871,21367000,2026-10-08
2012-02-23,3.4323513507843018,4.050000190734863,4.065999984741211,3.993000030517578,4.034999847412109,22286000,2026-10-08
2012-02-24,3.437436819076538,4.056000232696533,4.107999801635742,4.031000137329102,4.074999809265137,26272000,2026-10-08
2012-02-27,3.445063829421997,4.065000057220459,4.0920000076293945,3.990000009536743,4.034999847412109,25866000,2026-10-08
2012-02-28,3.570492744445801,4.2129998207092285,4.2170000076293945,4.050000190734863,4.052000045776367,45615000,2026-10-08
2012-02-29,3.5340514183044434,4.170000076293945,4.218999862670898,4.1539998054504395,4.214000225067139,43184000,2026-10-08
2012-03-01,3.5374412536621094,4.173999786376953,4.215000152587891,4.146999835968018,4.176000118255615,44535000,2026-10-08
2012-03-02,3.478116989135742,4.104000091552734,4.191999912261963,4.089000225067139,4.181000232696533,35458000,2026-10-08
2012-03-05,3.347602367401123,3.950000047683716,4.0960001945495605,3.937000036239624,4.0960001945495605,71521000,2026-10-08
2012-03-06,3.350991725921631,3.9539999961853027,3.9609999656677246,3.861999988555908,3.9200000762939453,57261000,2026-10-08
2012-03-07,3.4120118618011475,4.026000022888184,4.056000232696533,3.9570000171661377,3.9769999980926514,36884000,2026-10-08
2012-03-08,3.483201265335083,4.110000133514404,4.119999885559082,4.046999931335449,4.050000190734863,21835000,2026-10-08
2012-03-09,3.555239200592041,4.195000171661377,4.199999809265137,4.10699987411499,4.10699987411499,25685000,2026-10-08
2012-03-12,3.5357446670532227,4.171999931335449,4.189000129699707,4.13700008392334,4.184999942779541,18176000,2026-10-08
2012-03-13,3.6391398906707764,4.294000148773193,4.295000076293945,4.190999984741211,4.198999881744385,35655000,2026-10-08
2012-03-14,3.6086294651031494,4.257999897003174,4.324999809265137,4.23799991607666,4.28000020980835,32425000,2026-10-08
2012-03-15,3.669649839401245,4.329999923706055,4.340000152587891,4.264999866485596,4.276000022888184,32562000,2026-10-08
2012-03-16,3.6679556369781494,4.328000068664551,4.361999988555908,4.297999858856201,4.336999893188477,31869000,2026-10-08
2012-03-19,3.6933789253234863,4.357999801635742,4.385000228881836,4.308000087738037,4.322999954223633,24719000,2026-10-08
2012-03-20,3.7357535362243652,4.4079999923706055,4.415999889373779,4.302999973297119,4.322000026702881,38136000,2026-10-08
2012-03-21,3.707787036895752,4.375,4.449999809265137,4.366000175476074,4.4079999923706055,29226000,2026-10-08
2012-03-22,3.6823620796203613,4.34499979019165,4.380000114440918,4.317999839782715,4.3480000495910645,28343000,2026-10-08
2012-03-23,3.713719606399536,4.381999969482422,4.383999824523926,4.324999809265137,4.368000030517578,27526000,2026-10-08
2012-03-26,3.770501136779785,4.448999881744385,4.461999893188477,4.396999835968018,4.410999774932861,26420000,2026-10-08
2012-03-27,3.806096315383911,4.491000175476074,4.5289998054504395,4.432000160217285,4.455999851226807,42274000,2026-10-08
2012-03-28,3.7188050746917725,4.388000011444092,4.5279998779296875,4.374000072479248,4.480000019073486,39990000,2026-10-08
2012-03-29,3.7484662532806396,4.422999858856201,4.435999870300293,4.349999904632568,4.367000102996826,18347000,2026-10-08
2012-03-30,3.7815184593200684,4.461999893188477,4.495999813079834,4.401000022888184,4.454999923706055,27444000,2026-10-08
2012-04-02,3.7433829307556152,4.416999816894531,4.454999923706055,4.374000072479248,4.438000202178955,22306000,2026-10-08
2012-04-03,3.691685199737549,4.355999946594238,4.445000171661377,4.335000038146973,4.394000053405762,23668000,2026-10-08
2012-04-04,3.5959179401397705,4.243000030517578,4.315000057220459,4.228000164031982,4.303999900817871,39330000,2026-10-08
2012-04-05,3.600154399871826,4.248000144958496,4.2769999504089355,4.224999904632568,4.224999904632568,23182000,2026-10-08
2012-04-09,3.5560848712921143,4.196000099182129,4.218999862670898,4.156000137329102,4.198999881744385,18827000,2026-10-08
2012-04-10,3.5094738006591797,4.140999794006348,4.230999946594238,4.123000144958496,4.196000099182129,28940000,2026-10-08
2012-04-11,3.6094765663146973,4.258999824523926,4.283999919891357,4.1620001792907715,4.192999839782715,32922000,2026-10-08
2012-04-12,3.6798202991485596,4.3420000076293945,4.35699987411499,4.218999862670898,4.261000156402588,33091000,2026-10-08
2012-04-13,3.574730157852173,4.2179999351501465,4.331999778747559,4.215000152587891,4.320000171661377,25997000,2026-10-08
2012-04-16,3.5721869468688965,4.215000152587891,4.260000228881836,4.190999984741211,4.255000114440918,20030000,2026-10-08
2012-04-17,3.6255805492401123,4.2779998779296875,4.314000129699707,4.223999977111816,4.223999977111816,19120000,2026-10-08
2012-04-18,3.562866449356079,4.203999996185303,4.216000080108643,4.110000133514404,4.181000232696533,34706000,2026-10-08
2012-04-19,3.5120153427124023,4.144000053405762,4.258999824523926,4.130000114440918,4.172999858856201,27086000,2026-10-08
2012-04-20,3.423030138015747,4.039000034332275,4.1539998054504395,4.03000020980835,4.1519999504089355,30194000,2026-10-08
2012-04-23,3.3815014362335205,3.990000009536743,4.002999782562256,3.9489998817443848,3.994999885559082,25545000,2026-10-08
2012-04-24,3.389976739883423,4.0,4.021999835968018,3.9809999465942383,3.9860000610351562,23145000,2026-10-08
2012-04-25,3.4467580318450928,4.066999912261963,4.085999965667725,4.006999969482422,4.052000045776367,19892000,2026-10-08
2012-04-26,3.5357446670532227,4.171999931335449,4.188000202178955,4.059000015258789,4.066999912261963,30844000,2026-10-08
2012-04-27,3.5654075145721436,4.206999778747559,4.215000152587891,4.059000015258789,4.150000095367432,28908000,2026-10-08
2012-04-30,3.531508684158325,4.166999816894531,4.201000213623047,4.163000106811523,4.195000171661377,14175000,2026-10-08
2012-05-01,3.575577974319458,4.218999862670898,4.236000061035156,4.160999774932861,4.175000190734863,20425000,2026-10-08
2012-05-02,3.5586276054382324,4.198999881744385,4.214000225067139,4.158999919891357,4.176000118255615,19606000,2026-10-08
2012-05-03,3.4899816513061523,4.118000030517578,4.215000152587891,4.099999904632568,4.192999839782715,22025000,2026-10-08
2012-05-04,3.410316228866577,4.02400016784668,4.107999801635742,4.0,4.068999767303467,26817000,2026-10-08
2012-05-07,3.400993824005127,4.013000011444092,4.060999870300293,4.0,4.0,20621000,2026-10-08
2012-05-08,3.396756887435913,4.007999897003174,4.01800012588501,3.859999895095825,3.986999988555908,36781000,2026-10-08
2012-05-09,3.438284158706665,4.057000160217285,4.09499979019165,3.9200000762939453,3.9509999752044678,31889000,2026-10-08
2012-05-10,3.4281136989593506,4.045000076293945,4.0980000495910645,3.994999885559082,4.078999996185303,26695000,2026-10-08
2012-05-11,3.510322093963623,4.142000198364258,4.21999979019165,4.047999858856201,4.091000080108643,49865000,2026-10-08
2012-05-14,3.491675853729248,4.119999885559082,4.146999835968018,4.043000221252441,4.089000225067139,22330000,2026-10-08
2012-05-15,3.4654033184051514,4.089000225067139,4.159999847412109,4.077000141143799,4.118000030517578,32435000,2026-10-08
2012-05-16,3.2942099571228027,3.88700008392334,4.00600004196167,3.869999885559082,3.99399995803833,89162000,2026-10-08
2012-05-17,3.1992905139923096,3.7750000953674316,3.9070000648498535,3.7730000019073486,3.885999917984009,61758000,2026-10-08
2012-05-18,3.184035062789917,3.756999969482422,3.8320000171661377,3.74399995803833,3.7860000133514404,37503000,2026-10-08
2012-05-21,3.2331902980804443,3.815000057220459,3.819999933242798,3.747999906539917,3.7790000438690186,30083000,2026-10-08
2012-05-22,3.239123582839966,3.822000026702881,3.865999937057495,3.7869999408721924,3.8380000591278076,28904000,2026-10-08
2012-05-23,3.2331902980804443,3.815000057220459,3.8350000381469727,3.744999885559082,3.756999969482422,37229000,2026-10-08
2012-05-24,3.1891207695007324,3.763000011444092,3.8369998931884766,3.7249999046325684,3.828000068664551,42005000,2026-10-08
2012-05-25,3.2518348693847656,3.8369998931884766,3.868000030517578,3.765000104904175,3.7679998874664307,22203000,2026-10-08
2012-05-29,3.2874293327331543,3.878999948501587,3.9000000953674316,3.815999984741211,3.8610000610351562,18833000,2026-10-08
2012-05-30,3.1992905139923096,3.7750000953674316,3.8469998836517334,3.7720000743865967,3.8469998836517334,27971000,2026-10-08
2012-05-31,3.1611530780792236,3.7300000190734863,3.7760000228881836,3.688999891281128,3.76200008392334,38344000,2026-10-08
2012-06-01,3.0619964599609375,3.61299991607666,3.750999927520752,3.6080000400543213,3.6519999504089355,72626000,2026-10-08
2012-06-04,3.0501317977905273,3.5989999771118164,3.6700000762939453,3.5929999351501465,3.61299991607666,298766000,2026-10-08
2012-06-05,3.162848472595215,3.7320001125335693,3.753999948501587,3.5840001106262207,3.6019999980926514,61420000,2026-10-08
2012-06-06,3.239123582839966,3.822000026702881,3.867000102996826,3.7690000534057617,3.8239998817443848,54008000,2026-10-08
2012-06-07,3.172171115875244,3.743000030517578,3.875,3.73799991607666,3.8350000381469727,30834000,2026-10-08
2012-06-08,3.188272714614868,3.76200008392334,3.7880001068115234,3.7179999351501465,3.7269999980926514,37409000,2026-10-08
2012-06-11,3.1484405994415283,3.7149999141693115,3.8329999446868896,3.7070000171661377,3.7839999198913574,23910000,2026-10-08
2012-06-12,3.165391445159912,3.734999895095825,3.7860000133514404,3.7079999446868896,3.75,31686000,2026-10-08
2012-06-13,3.1281003952026367,3.690999984741211,3.736999988555908,3.6670000553131104,3.7360000610351562,36714000,2026-10-08
2012-06-14,3.0958964824676514,3.6530001163482666,3.7090001106262207,3.618000030517578,3.7060000896453857,50133000,2026-10-08
2012-06-15,3.2001380920410156,3.7760000228881836,3.7839999198913574,3.638000011444092,3.640000104904175,43675000,2026-10-08
2012-06-18,3.184035062789917,3.756999969482422,3.822000026702881,3.749000072479248,3.7709999084472656,33224000,2026-10-08
2012-06-19,3.2323429584503174,3.813999891281128,3.8299999237060547,3.7809998989105225,3.802000045776367,22187000,2026-10-08
2012-06-20,3.2840397357940674,3.875,3.8970000743865967,3.805999994277954,3.819999933242798,41377000,2026-10-08
2012-06-21,3.2035279273986816,3.7799999713897705,3.8989999294281006,3.7750000953674316,3.8499999046325684,33194000,2026-10-08
2012-06-22,3.216240644454956,3.7950000762939453,3.8359999656677246,3.75600004196167,3.7720000743865967,44037000,2026-10-08
2012-06-25,3.088268518447876,3.6440000534057617,3.755000114440918,3.631999969482422,3.734999895095825,24767000,2026-10-08
2012-06-26,3.0687763690948486,3.621000051498413,3.690999984741211,3.615000009536743,3.6589999198913574,44605000,2026-10-08
2012-06-27,3.0984385013580322,3.6559998989105225,3.680999994277954,3.63100004196167,3.6440000534057617,28893000,2026-10-08
2012-06-28,3.078099489212036,3.631999969482422,3.635999917984009,3.555999994277954,3.631999969482422,30486000,2026-10-08
2012-06-29,3.198441982269287,3.7739999294281006,3.7869999408721924,3.694000005722046,3.7070000171661377,36239000,2026-10-08
2012-07-02,3.1891207695007324,3.763000011444092,3.7990000247955322,3.7139999866485596,3.7980000972747803,16506000,2026-10-08
2012-07-03,3.205223560333252,3.7820000648498535,3.7829999923706055,3.7179999351501465,3.742000102996826,14287000,2026-10-08
2012-07-05,3.134032726287842,3.697999954223633,3.7750000953674316,3.684999942779541,3.759000062942505,30312000,2026-10-08
2012-07-06,3.0077569484710693,3.5490000247955322,3.6600000858306885,3.51200008392334,3.6449999809265137,77401000,2026-10-08
2012-07-09,2.9806370735168457,3.5169999599456787,3.561000108718872,3.493000030517578,3.513000011444092,61389000,2026-10-08
2012-07-10,2.9441940784454346,3.4739999771118164,3.5429999828338623,3.447000026702881,3.497999906539917,52326000,2026-10-08
2012-07-11,2.8814799785614014,3.4000000953674316,3.489000082015991,3.3889999389648438,3.4839999675750732,49898000,2026-10-08
2012-07-12,2.86029314994812,3.375,3.3940000534057617,3.3499999046325684,3.371999979019165,44296000,2026-10-08
2012-07-13,2.900973081588745,3.4230000972747803,3.436000108718872,3.36899995803833,3.375999927520752,27955000,2026-10-08
2012-07-16,2.896735668182373,3.4179999828338623,3.434000015258789,3.365000009536743,3.4010000228881836,23303000,2026-10-08
2012-07-17,2.896735668182373,3.4179999828338623,3.437999963760376,3.367000102996826,3.430000066757202,32723000,2026-10-08
2012-07-18,2.9687721729278564,3.503000020980835,3.5230000019073486,3.3940000534057617,3.4100000858306885,45868000,2026-10-08
2012-07-19,2.9814844131469727,3.5179998874664307,3.5409998893737793,3.4820001125335693,3.5190000534057617,21959000,2026-10-08
2012-07-20,2.949279308319092,3.4800000190734863,3.509000062942505,3.4639999866485596,3.5,22945000,2026-10-08
2012-07-23,2.919616937637329,3.444999933242798,3.4590001106262207,3.385999917984009,3.4110000133514404,31595000,2026-10-08
2012-07-24,2.897583246231079,3.4189999103546143,3.4609999656677246,3.3949999809265137,3.430000066757202,27676000,2026-10-08
2012-07-25,2.9018208980560303,3.4240000247955322,3.490000009536743,3.4100000858306885,3.437999963760376,31833000,2026-10-08
2012-07-26,2.912837505340576,3.437000036239624,3.450000047683716,3.3239998817443848,3.3529999256134033,62930000,2026-10-08
2012-07-27,2.893343925476074,3.4140000343322754,3.4630000591278076,3.3529999256134033,3.443000078201294,52940000,2026-10-08
2012-07-30,2.898430585861206,3.4200000762939453,3.4820001125335693,3.4000000953674316,3.437999963760376,49125000,2026-10-08
2012-07-31,2.916226863861084,3.440999984741211,3.4700000286102295,3.4200000762939453,3.430999994277954,23743000,2026-10-08
2012-08-01,2.9170749187469482,3.441999912261963,3.4790000915527344,3.427000045776367,3.4649999141693115,28159000,2026-10-08
2012-08-02,2.8535122871398926,3.367000102996826,3.4730000495910645,3.3510000705718994,3.4100000858306885,30881000,2026-10-08
2012-08-03,2.9297876358032227,3.4570000171661377,3.48799991607666,3.4040000438690186,3.4049999713897705,26218000,2026-10-08
2012-08-06,2.9340245723724365,3.4619998931884766,3.48799991607666,3.4570000171661377,3.4639999866485596,21461000,2026-10-08
2012-08-07,3.026402235031128,3.571000099182129,3.5869998931884766,3.4690001010894775,3.4690001010894775,31118000,2026-10-08
2012-08-08,3.0136892795562744,3.555999994277954,3.575000047683716,3.5250000953674316,3.553999900817871,14791000,2026-10-08
2012-08-09,3.0136892795562744,3.555999994277954,3.5989999771118164,3.552000045776367,3.552000045776367,26708000,2026-10-08
2012-08-10,3.0119950771331787,3.553999900817871,3.5810000896453857,3.5299999713897705,3.559000015258789,15791000,2026-10-08
2012-08-13,2.98911190032959,3.5269999504089355,3.553999900817871,3.49399995803833,3.5490000247955322,13112000,2026-10-08
2012-08-14,2.951822280883789,3.4830000400543213,3.553999900817871,3.4690001010894775,3.5309998989105225,24579000,2026-10-08
2012-08-15,2.9569079875946045,3.489000082015991,3.509000062942505,3.4609999656677246,3.4609999656677246,16095000,2026-10-08
2012-08-16,2.9823319911956787,3.5190000534057617,3.5329999923706055,3.4749999046325684,3.4779999256134033,22451000,2026-10-08
2012-08-17,2.9840269088745117,3.5209999084472656,3.555999994277954,3.490000009536743,3.509999990463257,28890000,2026-10-08
2012-08-20,2.985722303390503,3.5230000019073486,3.5409998893737793,3.492000102996826,3.5239999294281006,28017000,2026-10-08
2012-08-21,2.9763996601104736,3.51200008392334,3.578000068664551,3.496999979019165,3.5269999504089355,27514000,2026-10-08
2012-08-22,2.9653825759887695,3.499000072479248,3.5239999294281006,3.4769999980926514,3.51200008392334,25868000,2026-10-08
2012-08-23,2.9280927181243896,3.4549999237060547,3.492000102996826,3.441999912261963,3.492000102996826,15306000,2026-10-08
2012-08-24,2.9340245723724365,3.4619998931884766,3.4820001125335693,3.428999900817871,3.4579999446868896,20947000,2026-10-08
2012-08-27,2.8865652084350586,3.4059998989105225,3.4639999866485596,3.4010000228881836,3.4609999656677246,22162000,2026-10-08
2012-08-28,2.9018208980560303,3.4240000247955322,3.438999891281128,3.384000062942505,3.4000000953674316,16413000,2026-10-08
2012-08-29,2.894192695617676,3.4149999618530273,3.434000015258789,3.38100004196167,3.427999973297119,22029000,2026-10-08
2012-08-30,2.8297841548919678,3.3389999866485596,3.4019999504089355,3.3389999866485596,3.3959999084472656,29196000,2026-10-08
2012-08-31,2.892498016357422,3.4130001068115234,3.431999921798706,3.3499999046325684,3.369999885559082,30583000,2026-10-08
2012-09-04,2.850123167037964,3.36299991607666,3.4119999408721924,3.318000078201294,3.4089999198913574,28683000,2026-10-08
2012-09-05,2.8187661170959473,3.3259999752044678,3.369999885559082,3.316999912261963,3.3510000705718994,40778000,2026-10-08
2012-09-06,2.906057834625244,3.428999900817871,3.453000068664551,3.3269999027252197,3.3489999771118164,32438000,2026-10-08
2012-09-07,2.942500114440918,3.4719998836517334,3.499000072479248,3.378000020980835,3.3889999389648438,30308000,2026-10-08
2012-09-10,2.9094479084014893,3.433000087738037,3.507999897003174,3.427999973297119,3.4649999141693115,22294000,2026-10-08
2012-09-11,2.8874130249023438,3.4070000648498535,3.446000099182129,3.4000000953674316,3.424999952316284,23450000,2026-10-08
2012-09-12,2.8628358840942383,3.378000020980835,3.438999891281128,3.371000051498413,3.4260001182556152,28065000,2026-10-08
2012-09-13,2.8738534450531006,3.3910000324249268,3.4000000953674316,3.3289999961853027,3.36299991607666,61497000,2026-10-08
2012-09-14,2.9111428260803223,3.434999942779541,3.4730000495910645,3.3889999389648438,3.390000104904175,46120000,2026-10-08
2012-09-17,2.8865652084350586,3.4059998989105225,3.441999912261963,3.388000011444092,3.440000057220459,19254000,2026-10-08
2012-09-18,2.856055498123169,3.369999885559082,3.4010000228881836,3.365000009536743,3.3929998874664307,26201000,2026-10-08
2012-09-19,2.784018039703369,3.2850000858306885,3.299999952316284,3.193000078201294,3.255000114440918,85649000,2026-10-08
2012-09-20,2.766221046447754,3.2639999389648438,3.2809998989105225,3.246999979019165,3.2730000019073486,39852000,2026-10-08
2012-09-21,2.789102077484131,3.2909998893737793,3.303999900817871,3.265000104904175,3.2869999408721924,58806000,2026-10-08
2012-09-24,2.7543563842773438,3.25,3.2880001068115234,3.242000102996826,3.25600004196167,31813000,2026-10-08
2012-09-25,2.6984214782714844,3.184000015258789,3.2939999103546143,3.183000087738037,3.2699999809265137,37430000,2026-10-08
2012-09-26,2.652656316757202,3.130000114440918,3.1989998817443848,3.117000102996826,3.190000057220459,44515000,2026-10-08
2012-09-27,2.6933367252349854,3.177999973297119,3.2070000171661377,3.11899995803833,3.1500000953674316,29411000,2026-10-08
2012-09-28,2.6933367252349854,3.177999973297119,3.2130000591278076,3.135999917984009,3.1689999103546143,46497000,2026-10-08
2012-10-01,2.6755387783050537,3.1570000648498535,3.2360000610351562,3.1449999809265137,3.178999900817871,43558000,2026-10-08
2012-10-02,2.72045636177063,3.2100000381469727,3.2139999866485596,3.1619999408721924,3.1700000762939453,44104000,2026-10-08
2012-10-03,2.690793514251709,3.174999952316284,3.2249999046325684,3.1549999713897705,3.2090001106262207,36803000,2026-10-08
2012-10-04,2.6933367252349854,3.177999973297119,3.190999984741211,3.132999897003174,3.184999942779541,30212000,2026-10-08
2012-10-05,2.734015941619873,3.2260000705718994,3.2809998989105225,3.191999912261963,3.191999912261963,37387000,2026-10-08
2012-10-08,2.7221508026123047,3.2119998931884766,3.24399995803833,3.181999921798706,3.2009999752044678,21780000,2026-10-08
2012-10-09,2.7229983806610107,3.2130000591278076,3.246999979019165,3.188999891281128,3.2039999961853027,35191000,2026-10-08
2012-10-10,2.7026584148406982,3.188999891281128,3.2209999561309814,3.1730000972747803,3.203000068664551,41787000,2026-10-08
2012-10-11,2.7721543312072754,3.2709999084472656,3.2790000438690186,3.197999954223633,3.2200000286102295,55695000,2026-10-08
2012-10-12,2.7509655952453613,3.246000051498413,3.2990000247955322,3.243000030517578,3.256999969482422,39196000,2026-10-08
2012-10-15,2.768763303756714,3.2669999599456787,3.2960000038146973,3.2360000610351562,3.24399995803833,28703000,2026-10-08
2012-10-16,2.834019899368286,3.3440001010894775,3.3540000915527344,3.2639999389648438,3.2820000648498535,28262000,2026-10-08
2012-10-17,2.845885753631592,3.3580000400543213,3.374000072479248,3.309000015258789,3.309999942779541,44468000,2026-10-08
2012-10-18,3.0518269538879395,3.6010000705718994,3.671999931335449,3.375,3.4000000953674316,125555000,2026-10-08
2012-10-19,2.997586727142334,3.5369999408721924,3.5999999046325684,3.505000114440918,3.5929999351501465,46533000,2026-10-08
2012-10-22,3.038266897201538,3.5850000381469727,3.6040000915527344,3.509000062942505,3.5399999618530273,45030000,2026-10-08
2012-10-23,3.0111472606658936,3.552999973297119,3.5789999961853027,3.51200008392334,3.5429999828338623,32238000,2026-10-08
2012-10-24,3.004366874694824,3.5450000762939453,3.5920000076293945,3.503000020980835,3.571000099182129,35593000,2026-10-08
2012-10-25,3.0238587856292725,3.568000078201294,3.5969998836517334,3.5450000762939453,3.5739998817443848,34081000,2026-10-08
2012-10-26,2.9967398643493652,3.5360000133514404,3.5959999561309814,3.502000093460083,3.566999912261963,39446000,2026-10-08
2012-10-31,3.0001296997070312,3.5399999618530273,3.571000099182129,3.515000104904175,3.5450000762939453,19300000,2026-10-08
2012-11-01,3.128948926925659,3.691999912261963,3.693000078201294,3.5460000038146973,3.5490000247955322,31083000,2026-10-08
2012-11-02,3.0560638904571533,3.6059999465942383,3.694999933242798,3.6050000190734863,3.690000057220459,32990000,2026-10-08
2012-11-05,3.1221683025360107,3.684000015258789,3.7170000076293945,3.5899999141693115,3.5959999561309814,25701000,2026-10-08
2012-11-06,3.1942055225372314,3.7690000534057617,3.813999891281128,3.7330000400543213,3.763000011444092,48000000,2026-10-08
2012-11-07,3.06538724899292,3.617000102996826,3.7290000915527344,3.5950000286102295,3.7269999980926514,37731000,2026-10-08
2012-11-08,3.045893669128418,3.5940001010894775,3.6530001163482666,3.5940001010894775,3.611999988555908,28821000,2026-10-08
2012-11-09,3.087421178817749,3.6429998874664307,3.697999954223633,3.5929999351501465,3.6019999980926514,28438000,2026-10-08
2012-11-12,3.108607769012451,3.6679999828338623,3.690000057220459,3.628000020980835,3.6510000228881836,19689000,2026-10-08
2012-11-13,3.077251672744751,3.63100004196167,3.671999931335449,3.621000051498413,3.630000114440918,16382000,2026-10-08
2012-11-14,3.0009772777557373,3.5409998893737793,3.6540000438690186,3.5350000858306885,3.6530001163482666,20043000,2026-10-08
2012-11-15,2.9340245723724365,3.4619998931884766,3.559000015258789,3.440000057220459,3.5480000972747803,37878000,2026-10-08
2012-11-16,2.9255502223968506,3.4519999027252197,3.4719998836517334,3.388000011444092,3.4660000801086426,44104000,2026-10-08
2012-11-19,2.939110040664673,3.4679999351501465,3.5220000743865967,3.447000026702881,3.489000082015991,28864000,2026-10-08
2012-11-20,2.9280927181243896,3.4549999237060547,3.4690001010894775,3.4130001068115234,3.4560000896453857,32771000,2026-10-08
2012-11-21,2.923854112625122,3.450000047683716,3.4719998836517334,3.430999994277954,3.4700000286102295,26745000,2026-10-08
2012-11-23,2.9950451850891113,3.5339999198913574,3.562000036239624,3.4560000896453857,3.4790000915527344,10298000,2026-10-08
2012-11-26,2.987416982650757,3.5250000953674316,3.572000026702881,3.5209999084472656,3.5209999084472656,24028000,2026-10-08
2012-11-27,2.9586021900177,3.490999937057495,3.546999931335449,3.4719998836517334,3.490000009536743,21067000,2026-10-08
2012-11-28,3.0018248558044434,3.5420000553131104,3.5460000038146973,3.434000015258789,3.4809999465942383,22264000,2026-10-08
2012-11-29,2.979789972305298,3.5160000324249268,3.5789999961853027,3.499000072479248,3.5510001182556152,19586000,2026-10-08
2012-11-30,2.9763996601104736,3.51200008392334,3.5420000553131104,3.505000114440918,3.5239999294281006,37506000,2026-10-08
2012-12-03,2.954364776611328,3.4860000610351562,3.5439999103546143,3.4790000915527344,3.5280001163482666,17973000,2026-10-08
2012-12-04,3.009451389312744,3.5510001182556152,3.555000066757202,3.4700000286102295,3.4809999465942383,26806000,2026-10-08
2012-12-05,2.988264322280884,3.5260000228881836,3.553999900817871,3.493000030517578,3.5510001182556152,27242000,2026-10-08
2012-12-06,2.9747045040130615,3.509999990463257,3.5399999618530273,3.48799991607666,3.5179998874664307,21384000,2026-10-08
2012-12-07,3.005214214324951,3.5460000038146973,3.559999942779541,3.510999917984009,3.5239999294281006,16243000,2026-10-08
2012-12-10,3.0552167892456055,3.6050000190734863,3.615000009536743,3.5280001163482666,3.5299999713897705,16554000,2026-10-08
2012-12-11,3.080641508102417,3.634999990463257,3.6649999618530273,3.5989999771118164,3.61299991607666,28526000,2026-10-08
2012-12-12,3.0552167892456055,3.6050000190734863,3.678999900817871,3.5999999046325684,3.6470000743865967,21255000,2026-10-08
2012-12-13,3.071319580078125,3.624000072479248,3.6500000953674316,3.568000078201294,3.5950000286102295,21621000,2026-10-08
2012-12-14,3.082335948944092,3.63700008392334,3.6640000343322754,3.6089999675750732,3.6089999675750732,24317000,2026-10-08
2012-12-17,3.0747079849243164,3.628000020980835,3.690999984741211,3.5959999561309814,3.634000062942505,35961000,2026-10-08
2012-12-18,3.12386417388916,3.686000108718872,3.697999954223633,3.621000051498413,3.628999948501587,26283000,2026-10-08
2012-12-19,3.0933539867401123,3.6500000953674316,3.7170000076293945,3.6489999294281006,3.683000087738037,25175000,2026-10-08
2012-12-20,3.1009812355041504,3.6589999198913574,3.684999942779541,3.624000072479248,3.6640000343322754,20516000,2026-10-08
2012-12-21,3.071319580078125,3.624000072479248,3.6500000953674316,3.5810000896453857,3.6080000400543213,90650000,2026-10-08
2012-12-24,3.1314914226531982,3.694999933242798,3.7179999351501465,3.5969998836517334,3.609999895095825,15233000,2026-10-08
2012-12-26,3.089116096496582,3.6449999809265137,3.700000047683716,3.63700008392334,3.694999933242798,14240000,2026-10-08
2012-12-27,3.049283981323242,3.5980000495910645,3.6449999809265137,3.553999900817871,3.6419999599456787,23188000,2026-10-08
2012-12-28,3.0230114459991455,3.566999912261963,3.63100004196167,3.563999891281128,3.5789999961853027,13972000,2026-10-08
2012-12-31,3.0619964599609375,3.61299991607666,3.624000072479248,3.5320000648498535,3.571000099182129,20714000,2026-10-08
2013-01-02,3.2823448181152344,3.872999906539917,3.875999927520752,3.684000015258789,3.7019999027252197,42890000,2026-10-08
2013-01-03,3.218782901763916,3.7980000972747803,3.8459999561309814,3.759000062942505,3.805999994277954,34134000,2026-10-08
2013-01-04,3.226410388946533,3.806999921798706,3.8310000896453857,3.7960000038146973,3.805000066757202,16835000,2026-10-08
2013-01-07,3.184035062789917,3.756999969482422,3.7920000553131104,3.734999895095825,3.7769999504089355,16932000,2026-10-08
2013-01-08,3.134032726287842,3.697999954223633,3.7720000743865967,3.691999912261963,3.75,17012000,2026-10-08
2013-01-09,3.160305976867676,3.7290000915527344,3.7360000610351562,3.7049999237060547,3.7100000381469727,14671000,2026-10-08
2013-01-10,3.2077653408050537,3.7850000858306885,3.828000068664551,3.76200008392334,3.7750000953674316,16389000,2026-10-08
2013-01-11,3.257767677307129,3.8440001010894775,3.8459999561309814,3.7929999828338623,3.7929999828338623,16849000,2026-10-08
2013-01-14,3.239123582839966,3.822000026702881,3.8610000610351562,3.7780001163482666,3.825000047683716,14427000,2026-10-08
2013-01-15,3.2272579669952393,3.808000087738037,3.8440001010894775,3.7890000343322754,3.7920000553131104,20204000,2026-10-08
2013-01-16,3.247598171234131,3.8320000171661377,3.8380000591278076,3.7980000972747803,3.7980000972747803,12194000,2026-10-08
2013-01-17,3.395909547805786,4.006999969482422,4.0229997634887695,3.8359999656677246,3.8359999656677246,44810000,2026-10-08
2013-01-18,3.4001471996307373,4.01200008392334,4.122000217437744,3.986999988555908,4.013000011444092,44854000,2026-10-08
2013-01-22,3.396756887435913,4.007999897003174,4.0269999504089355,3.9749999046325684,4.008999824523926,20843000,2026-10-08
2013-01-23,3.398451328277588,4.010000228881836,4.041999816894531,3.9649999141693115,4.0269999504089355,25998000,2026-10-08
2013-01-24,3.349297046661377,3.9519999027252197,4.019000053405762,3.867000102996826,3.9679999351501465,37014000,2026-10-08
2013-01-25,3.5459160804748535,4.184000015258789,4.211999893188477,3.990999937057495,3.996999979019165,55721000,2026-10-08
2013-01-28,3.5374412536621094,4.173999786376953,4.223999977111816,4.1539998054504395,4.158999919891357,33428000,2026-10-08
2013-01-29,3.5365936756134033,4.172999858856201,4.182000160217285,4.103000164031982,4.1539998054504395,20968000,2026-10-08
2013-01-30,3.5289664268493652,4.164000034332275,4.198999881744385,4.1519999504089355,4.163000106811523,16669000,2026-10-08
2013-01-31,3.486591339111328,4.113999843597412,4.195000171661377,4.104000091552734,4.177999973297119,15668000,2026-10-08
2013-02-01,3.5357446670532227,4.171999931335449,4.199999809265137,4.13700008392334,4.138000011444092,19900000,2026-10-08
2013-02-04,3.5560848712921143,4.196000099182129,4.276000022888184,4.140999794006348,4.145999908447266,39484000,2026-10-08
2013-02-05,3.6094765663146973,4.258999824523926,4.269000053405762,4.201000213623047,4.210999965667725,27598000,2026-10-08
2013-02-06,3.607783079147339,4.256999969482422,4.276000022888184,4.197000026702881,4.2270002365112305,21697000,2026-10-08
2013-02-07,3.5925281047821045,4.238999843597412,4.251999855041504,4.190000057220459,4.23199987411499,18875000,2026-10-08
2013-02-08,3.6111721992492676,4.261000156402588,4.311999797821045,4.24399995803833,4.251999855041504,14292000,2026-10-08
2013-02-11,3.619647979736328,4.270999908447266,4.284999847412109,4.230000019073486,4.270999908447266,11227000,2026-10-08
2013-02-12,3.6306631565093994,4.283999919891357,4.289000034332275,4.23799991607666,4.289000034332275,26635000,2026-10-08
2013-02-13,3.6382930278778076,4.293000221252441,4.3379998207092285,4.270999908447266,4.297999858856201,26626000,2026-10-08
2013-02-14,3.6357505321502686,4.289999961853027,4.335000038146973,4.26200008392334,4.285999774932861,20674000,2026-10-08
2013-02-15,3.6018497943878174,4.25,4.300000190734863,4.23199987411499,4.300000190734863,17864000,2026-10-08
2013-02-19,3.622189521789551,4.27400016784668,4.322000026702881,4.256999969482422,4.264999866485596,15667000,2026-10-08
2013-02-20,3.5560848712921143,4.196000099182129,4.297999858856201,4.185999870300293,4.2870001792907715,19322000,2026-10-08
2013-02-21,3.46709942817688,4.091000080108643,4.203999996185303,4.073999881744385,4.203999996185303,30264000,2026-10-08
2013-02-22,3.5620179176330566,4.203000068664551,4.2179999351501465,4.073999881744385,4.073999881744385,20884000,2026-10-08
2013-02-25,3.462862014770508,4.085999965667725,4.267000198364258,4.085000038146973,4.216000080108643,15268000,2026-10-08
2013-02-26,3.529813051223755,4.164999961853027,4.184999942779541,4.0980000495910645,4.105999946594238,21471000,2026-10-08
2013-02-27,3.6018497943878174,4.25,4.269000053405762,4.144000053405762,4.1620001792907715,17321000,2026-10-08
2013-02-28,3.584900379180908,4.230000019073486,4.285999774932861,4.228000164031982,4.251999855041504,21225000,2026-10-08
2013-03-01,3.6171061992645264,4.26800012588501,4.283999919891357,4.168000221252441,4.209000110626221,19665000,2026-10-08
2013-03-04,3.6094765663146973,4.258999824523926,4.275000095367432,4.198999881744385,4.239999771118164,17103000,2026-10-08
2013-03-05,3.65439510345459,4.311999797821045,4.392000198364258,4.271999835968018,4.291999816894531,27221000,2026-10-08
2013-03-06,3.653547525405884,4.310999870300293,4.377999782562256,4.291999816894531,4.3460001945495605,17414000,2026-10-08
2013-03-07,3.6272757053375244,4.28000020980835,4.339000225067139,4.26800012588501,4.315000057220459,12914000,2026-10-08
2013-03-08,3.6340556144714355,4.288000106811523,4.315999984741211,4.247000217437744,4.315999984741211,14551000,2026-10-08
2013-03-11,3.5942225456237793,4.241000175476074,4.284999847412109,4.228000164031982,4.263000011444092,12229000,2026-10-08
2013-03-12,3.586594820022583,4.23199987411499,4.27400016784668,4.186999797821045,4.23799991607666,16855000,2026-10-08
2013-03-13,3.57303524017334,4.216000080108643,4.248000144958496,4.171000003814697,4.248000144958496,18455000,2026-10-08
2013-03-14,3.5950710773468018,4.242000102996826,4.283999919891357,4.23199987411499,4.23799991607666,16620000,2026-10-08
2013-03-15,3.5306601524353027,4.165999889373779,4.255000114440918,4.104000091552734,4.232999801635742,36799000,2026-10-08
2013-03-18,3.4840495586395264,4.111000061035156,4.144999980926514,4.079999923706055,4.113999843597412,26440000,2026-10-08
2013-03-19,3.4679465293884277,4.0920000076293945,4.13100004196167,4.044000148773193,4.11299991607666,22966000,2026-10-08
2013-03-20,3.488285541534424,4.116000175476074,4.151000022888184,4.098999977111816,4.122000217437744,22661000,2026-10-08
2013-03-21,3.443368911743164,4.063000202178955,4.113999843597412,4.048999786376953,4.074999809265137,37881000,2026-10-08
2013-03-22,3.437436819076538,4.056000232696533,4.10099983215332,4.045000076293945,4.074999809265137,30358000,2026-10-08
2013-03-25,3.4687933921813965,4.0929999351501465,4.105999946594238,4.067999839782715,4.086999893188477,27777000,2026-10-08
2013-03-26,3.488285541534424,4.116000175476074,4.127999782562256,4.086999893188477,4.109000205993652,24093000,2026-10-08
2013-03-27,3.4654033184051514,4.089000225067139,4.099999904632568,4.044000148773193,4.084000110626221,26062000,2026-10-08
2013-03-28,3.5137109756469727,4.145999908447266,4.1539998054504395,4.072000026702881,4.093999862670898,24726000,2026-10-08
2013-04-01,3.4577760696411133,4.079999923706055,4.142000198364258,4.070000171661377,4.133999824523926,16028000,2026-10-08
2013-04-02,3.448453187942505,4.068999767303467,4.119999885559082,4.048999786376953,4.091000080108643,19924000,2026-10-08
2013-04-03,3.4298088550567627,4.046999931335449,4.109000205993652,4.019000053405762,4.085000038146973,27165000,2026-10-08
2013-04-04,3.4942188262939453,4.123000144958496,4.130000114440918,4.0269999504089355,4.044000148773193,18986000,2026-10-08
2013-04-05,3.455235004425049,4.077000141143799,4.0960001945495605,4.00600004196167,4.060999870300293,16452000,2026-10-08
2013-04-08,3.495913505554199,4.125,4.127999782562256,4.033999919891357,4.085999965667725,10999000,2026-10-08
2013-04-09,3.488285541534424,4.116000175476074,4.14900016784668,4.074999809265137,4.135000228881836,18519000,2026-10-08
2013-04-10,3.5654075145721436,4.206999778747559,4.214000225067139,4.116000175476074,4.144999980926514,13595000,2026-10-08
2013-04-11,3.6272757053375244,4.28000020980835,4.376999855041504,4.256999969482422,4.264999866485596,29702000,2026-10-08
2013-04-12,3.5433731079101562,4.181000232696533,4.260000228881836,4.13700008392334,4.241000175476074,18253000,2026-10-08
2013-04-15,3.4255712032318115,4.041999816894531,4.170000076293945,4.0320000648498535,4.146999835968018,24537000,2026-10-08
2013-04-16,3.5154058933258057,4.1479997634887695,4.1519999504089355,3.99399995803833,4.053999900817871,32974000,2026-10-08
2013-04-17,3.5171010494232178,4.150000095367432,4.234000205993652,4.122000217437744,4.13100004196167,43602000,2026-10-08
2013-04-18,3.498455762863159,4.127999782562256,4.199999809265137,4.111999988555908,4.188000202178955,26906000,2026-10-08
2013-04-19,3.52811861038208,4.163000106811523,4.191999912261963,4.083000183105469,4.13700008392334,15235000,2026-10-08
2013-04-22,3.5467638969421387,4.184999942779541,4.2270002365112305,4.067999839782715,4.165999889373779,23340000,2026-10-08
2013-04-23,3.603546142578125,4.251999855041504,4.300000190734863,4.190000057220459,4.21999979019165,23725000,2026-10-08
2013-04-24,3.64676833152771,4.302999973297119,4.323999881744385,4.242000102996826,4.24399995803833,18069000,2026-10-08
2013-04-25,3.8662686347961426,4.561999797821045,4.671999931335449,4.400000095367432,4.400000095367432,48535000,2026-10-08
2013-04-26,3.8705050945281982,4.566999912261963,4.638000011444092,4.51800012588501,4.546000003814697,42787000,2026-10-08
2013-04-29,3.862879753112793,4.558000087738037,4.586999893188477,4.541999816894531,4.570000171661377,34832000,2026-10-08
2013-04-30,3.9171195030212402,4.622000217437744,4.638999938964844,4.540999889373779,4.557000160217285,34811000,2026-10-08
2013-05-01,3.8645734786987305,4.559999942779541,4.613999843597412,4.544000148773193,4.59499979019165,25607000,2026-10-08
2013-05-02,3.8688104152679443,4.565000057220459,4.636000156402588,4.546999931335449,4.59499979019165,25599000,2026-10-08
2013-05-03,3.899320125579834,4.60099983215332,4.644999980926514,4.5879998207092285,4.6020002365112305,26579000,2026-10-08
2013-05-06,3.922203302383423,4.627999782562256,4.650000095367432,4.580999851226807,4.616000175476074,15497000,2026-10-08
2013-05-07,3.902710199356079,4.605000019073486,4.639999866485596,4.563000202178955,4.626999855041504,18676000,2026-10-08
2013-05-08,3.96712064743042,4.681000232696533,4.710000038146973,4.566999912261963,4.585000038146973,27395000,2026-10-08
2013-05-09,4.002715587615967,4.7230000495910645,4.738999843597412,4.651000022888184,4.6539998054504395,16035000,2026-10-08
2013-05-10,3.976442337036133,4.691999912261963,4.738999843597412,4.678999900817871,4.715000152587891,11353000,2026-10-08
2013-05-13,3.977290153503418,4.692999839782715,4.710999965667725,4.65500020980835,4.697999954223633,13444000,2026-10-08
2013-05-14,4.027291774749756,4.751999855041504,4.76800012588501,4.681000232696533,4.686999797821045,15674000,2026-10-08
2013-05-15,4.083229064941406,4.817999839782715,4.836999893188477,4.723999977111816,4.729000091552734,20306000,2026-10-08
2013-05-16,4.028988361358643,4.754000186920166,4.824999809265137,4.748000144958496,4.809999942779541,19435000,2026-10-08
2013-05-17,4.071362018585205,4.803999900817871,4.810999870300293,4.776000022888184,4.7769999504089355,18337000,2026-10-08
2013-05-20,4.062887668609619,4.794000148773193,4.824999809265137,4.76800012588501,4.7829999923706055,14228000,2026-10-08
2013-05-21,4.061192512512207,4.791999816894531,4.811999797821045,4.7729997634887695,4.796999931335449,10662000,2026-10-08
2013-05-22,3.9789857864379883,4.695000171661377,4.814000129699707,4.663000106811523,4.795000076293945,18004000,2026-10-08
2013-05-23,3.96712064743042,4.681000232696533,4.695000171661377,4.633999824523926,4.658999919891357,15328000,2026-10-08
2013-05-24,3.9501681327819824,4.660999774932861,4.675000190734863,4.616000175476074,4.636000156402588,9867000,2026-10-08
2013-05-28,4.027291774749756,4.751999855041504,4.7789998054504395,4.6539998054504395,4.71999979019165,12351000,2026-10-08
2013-05-29,3.9620370864868164,4.675000190734863,4.761000156402588,4.636000156402588,4.710999965667725,15086000,2026-10-08
2013-05-30,4.04254674911499,4.769999980926514,4.800000190734863,4.681000232696533,4.696000099182129,12504000,2026-10-08
2013-05-31,3.9645779132843018,4.677999973297119,4.78000020980835,4.677999973297119,4.745999813079834,18572000,2026-10-08
2013-06-03,4.08915901184082,4.824999809265137,4.913000106811523,4.739999771118164,4.75,36114000,2026-10-08
2013-06-04,4.066276550292969,4.797999858856201,4.827000141143799,4.736999988555908,4.813000202178955,20884000,2026-10-08
2013-06-05,4.006951808929443,4.728000164031982,4.808000087738037,4.7220001220703125,4.7779998779296875,19506000,2026-10-08
2013-06-06,4.014577865600586,4.736999988555908,4.7729997634887695,4.683000087738037,4.739999771118164,10607000,2026-10-08
2013-06-07,4.101871490478516,4.840000152587891,4.849999904632568,4.752999782562256,4.767000198364258,15867000,2026-10-08
2013-06-10,4.112889766693115,4.853000164031982,4.86899995803833,4.822000026702881,4.835999965667725,10536000,2026-10-08
2013-06-11,3.971358060836792,4.685999870300293,4.809999942779541,4.683000087738037,4.7779998779296875,15070000,2026-10-08
2013-06-12,3.9306774139404297,4.638000011444092,4.758999824523926,4.619999885559082,4.742000102996826,19121000,2026-10-08
2013-06-13,4.022208213806152,4.745999813079834,4.769000053405762,4.611999988555908,4.61299991607666,20548000,2026-10-08
2013-06-14,3.9900033473968506,4.708000183105469,4.793000221252441,4.701000213623047,4.75600004196167,8960000,2026-10-08
2013-06-17,4.006105899810791,4.7270002365112305,4.797999858856201,4.695000171661377,4.739999771118164,11141000,2026-10-08
2013-06-18,4.040850639343262,4.76800012588501,4.769000053405762,4.7220001220703125,4.7220001220703125,14280000,2026-10-08
2013-06-19,3.9925453662872314,4.710999965667725,4.828000068664551,4.710000038146973,4.7729997634887695,17962000,2026-10-08
2013-06-20,3.7976205348968506,4.480999946594238,4.679999828338623,4.448999881744385,4.645999908447266,42155000,2026-10-08
2013-06-21,3.813722848892212,4.5,4.5279998779296875,4.448999881744385,4.508999824523926,20764000,2026-10-08
2013-06-24,3.6874473094940186,4.35099983215332,4.47599983215332,4.335000038146973,4.458000183105469,31158000,2026-10-08
2013-06-25,3.8281311988830566,4.517000198364258,4.548999786376953,4.4019999504089355,4.434000015258789,33424000,2026-10-08
2013-06-26,3.7832138538360596,4.464000225067139,4.586999893188477,4.415999889373779,4.578000068664551,26636000,2026-10-08
2013-06-27,3.800163507461548,4.484000205993652,4.514999866485596,4.474999904632568,4.492000102996826,16117000,2026-10-08
2013-06-28,3.75778865814209,4.434000015258789,4.491000175476074,4.410999774932861,4.442999839782715,25344000,2026-10-08
2013-07-01,3.746771812438965,4.421000003814697,4.486000061035156,4.410999774932861,4.459000110626221,16917000,2026-10-08
2013-07-02,3.789992332458496,4.4720001220703125,4.564000129699707,4.414999961853027,4.426000118255615,30127000,2026-10-08
2013-07-03,3.834912061691284,4.525000095367432,4.539999961853027,4.413000106811523,4.420000076293945,13055000,2026-10-08
2013-07-05,3.896778106689453,4.5980000495910645,4.599999904632568,4.533999919891357,4.543000221252441,14621000,2026-10-08
2013-07-08,3.8688104152679443,4.565000057220459,4.626999855041504,4.541999816894531,4.607999801635742,19646000,2026-10-08
2013-07-09,4.025598049163818,4.75,4.76200008392334,4.563000202178955,4.618000030517578,37054000,2026-10-08
2013-07-10,4.196791648864746,4.952000141143799,4.96999979019165,4.760000228881836,4.761000156402588,47651000,2026-10-08
2013-07-11,4.235774993896484,4.998000144958496,5.031000137329102,4.928999900817871,4.993000030517578,27968000,2026-10-08
2013-07-12,4.27391242980957,5.043000221252441,5.059000015258789,4.992000102996826,5.0,11473000,2026-10-08
2013-07-15,4.204416751861572,4.960999965667725,5.054999828338623,4.955999851226807,5.051000118255615,21165000,2026-10-08
2013-07-16,4.1959428787231445,4.951000213623047,4.985000133514404,4.921000003814697,4.952000141143799,18193000,2026-10-08
2013-07-17,4.2340803146362305,4.995999813079834,5.034999847412109,4.97599983215332,5.005000114440918,17644000,2026-10-08
2013-07-18,4.228996753692627,4.989999771118164,5.01800012588501,4.940999984741211,4.998000144958496,12413000,2026-10-08
2013-07-19,4.287473201751709,5.059000015258789,5.060999870300293,4.960999965667725,4.98799991607666,15121000,2026-10-08
2013-07-22,4.232386589050293,4.99399995803833,5.079999923706055,4.9710001945495605,5.077000141143799,11666000,2026-10-08
2013-07-23,4.241707801818848,5.005000114440918,5.0960001945495605,4.999000072479248,5.078000068664551,18817000,2026-10-08
2013-07-24,4.156111240386963,4.9039998054504395,5.058000087738037,4.888999938964844,5.053999900817871,15996000,2026-10-08
2013-07-25,4.166280269622803,4.915999889373779,4.921999931335449,4.855999946594238,4.870999813079834,13939000,2026-10-08
2013-07-26,4.192553997039795,4.947000026702881,4.9629998207092285,4.875999927520752,4.894999980926514,12472000,2026-10-08
2013-07-29,4.131534099578857,4.875,4.935999870300293,4.85099983215332,4.935999870300293,12215000,2026-10-08
2013-07-30,4.211197376251221,4.968999862670898,4.993000030517578,4.8979997634887695,4.908999919891357,15939000,2026-10-08
2013-07-31,4.171366214752197,4.921999931335449,4.999000072479248,4.9120001792907715,4.998000144958496,17384000,2026-10-08
2013-08-01,4.312897682189941,5.089000225067139,5.099999904632568,4.922999858856201,4.984000205993652,27912000,2026-10-08
2013-08-02,4.248488903045654,5.013000011444092,5.060999870300293,4.985000133514404,5.050000190734863,19506000,2026-10-08
2013-08-05,4.199334144592285,4.954999923706055,5.01200008392334,4.942999839782715,4.9670000076293945,11212000,2026-10-08
2013-08-06,4.140009880065918,4.885000228881836,4.9720001220703125,4.868000030517578,4.942999839782715,16177000,2026-10-08
2013-08-07,4.111195087432861,4.85099983215332,4.9019999504089355,4.8480000495910645,4.872000217437744,12243000,2026-10-08
2013-08-08,4.109497547149658,4.848999977111816,4.889999866485596,4.797999858856201,4.86899995803833,15709000,2026-10-08
2013-08-09,4.04254674911499,4.769999980926514,4.86299991607666,4.756999969482422,4.833000183105469,15517000,2026-10-08
2013-08-12,4.066276550292969,4.797999858856201,4.822999954223633,4.75,4.761000156402588,14693000,2026-10-08
2013-08-13,4.109497547149658,4.848999977111816,4.860000133514404,4.7820000648498535,4.815000057220459,10121000,2026-10-08
2013-08-14,4.087464809417725,4.822999954223633,4.874000072479248,4.817999839782715,4.834000110626221,13768000,2026-10-08
2013-08-15,4.000173568725586,4.71999979019165,4.7829999923706055,4.710000038146973,4.769999980926514,17444000,2026-10-08
2013-08-16,4.054411888122559,4.783999919891357,4.802000045776367,4.708000183105469,4.710999965667725,18946000,2026-10-08
2013-08-19,4.0552592277526855,4.784999847412109,4.802999973297119,4.730999946594238,4.750999927520752,13335000,2026-10-08
2013-08-20,4.08915901184082,4.824999809265137,4.877999782562256,4.763000011444092,4.796000003814697,17041000,2026-10-08
2013-08-21,4.040004730224609,4.767000198364258,4.835000038146973,4.751999855041504,4.796000003814697,10767000,2026-10-08
2013-08-22,4.081533908843994,4.815999984741211,4.8470001220703125,4.790999889373779,4.790999889373779,5421000,2026-10-08
2013-08-23,4.0900068283081055,4.826000213623047,4.8480000495910645,4.802000045776367,4.830999851226807,7830000,2026-10-08
2013-08-26,4.058648586273193,4.789000034332275,4.8480000495910645,4.7829999923706055,4.833000183105469,8615000,2026-10-08
2013-08-27,3.9315261840820312,4.638999938964844,4.756999969482422,4.635000228881836,4.74399995803833,19848000,2026-10-08
2013-08-28,3.932373285293579,4.639999866485596,4.686999797821045,4.625,4.631999969482422,14987000,2026-10-08
2013-08-29,4.001867771148682,4.7220001220703125,4.76800012588501,4.619999885559082,4.626999855041504,11670000,2026-10-08
2013-08-30,3.9552555084228516,4.666999816894531,4.76800012588501,4.646999835968018,4.730000019073486,9997000,2026-10-08
2013-09-03,3.970510482788086,4.684999942779541,4.791999816894531,4.644000053405762,4.730000019073486,13761000,2026-10-08
2013-09-04,4.192553997039795,4.947000026702881,4.947999954223633,4.659999847412109,4.685999870300293,30561000,2026-10-08
2013-09-05,4.199334144592285,4.954999923706055,4.974999904632568,4.9029998779296875,4.938000202178955,21773000,2026-10-08
2013-09-06,4.166280269622803,4.915999889373779,4.9720001220703125,4.874000072479248,4.949999809265137,13177000,2026-10-08
2013-09-09,4.177298069000244,4.928999900817871,4.958000183105469,4.89300012588501,4.931000232696533,8933000,2026-10-08
2013-09-10,4.255268573760986,5.020999908447266,5.025000095367432,4.942999839782715,4.954999923706055,18282000,2026-10-08
2013-09-11,4.255268573760986,5.020999908447266,5.025000095367432,4.960999965667725,4.994999885559082,15204000,2026-10-08
2013-09-12,4.271369934082031,5.039999961853027,5.099999904632568,5.017000198364258,5.033999919891357,19789000,2026-10-08
2013-09-13,4.224758148193359,4.985000133514404,5.045000076293945,4.960999965667725,5.035999774932861,12181000,2026-10-08
2013-09-16,4.255268573760986,5.020999908447266,5.084000110626221,5.013000011444092,5.043000221252441,14332000,2026-10-08
2013-09-17,4.231538772583008,4.993000030517578,5.043000221252441,4.98199987411499,5.0370001792907715,10048000,2026-10-08
2013-09-18,4.256115913391113,5.021999835968018,5.033999919891357,4.959000110626221,4.993000030517578,9811000,2026-10-08
2013-09-19,4.2230658531188965,4.982999801635742,5.066999912261963,4.965000152587891,5.033999919891357,11350000,2026-10-08
2013-09-20,4.1781463623046875,4.929999828338623,5.031000137329102,4.928999900817871,4.982999801635742,17874000,2026-10-08
2013-09-23,4.1883158683776855,4.941999912261963,4.958000183105469,4.875999927520752,4.928999900817871,13930000,2026-10-08
2013-09-24,4.322219371795654,5.099999904632568,5.163000106811523,4.863999843597412,4.864999771118164,63142000,2026-10-08
2013-09-25,4.406122207641602,5.198999881744385,5.230999946594238,5.059999942779541,5.111000061035156,29123000,2026-10-08
2013-09-26,4.374765396118164,5.1620001792907715,5.230000019073486,5.140999794006348,5.223999977111816,14005000,2026-10-08
2013-09-27,4.334084987640381,5.113999843597412,5.1539998054504395,5.103000164031982,5.139999866485596,9847000,2026-10-08
2013-09-30,4.339169502258301,5.119999885559082,5.138000011444092,5.01800012588501,5.060999870300293,26651000,2026-10-08
2013-10-01,4.3730692863464355,5.159999847412109,5.195000171661377,5.118000030517578,5.132999897003174,13298000,2026-10-08
2013-10-02,4.353576183319092,5.13700008392334,5.1620001792907715,5.065999984741211,5.109000205993652,11915000,2026-10-08
2013-10-03,4.339169502258301,5.119999885559082,5.177000045776367,5.085000038146973,5.140999794006348,12957000,2026-10-08
2013-10-04,4.406970024108887,5.199999809265137,5.206999778747559,5.105000019073486,5.109000205993652,15599000,2026-10-08
2013-10-07,4.385780334472656,5.175000190734863,5.2220001220703125,5.144999980926514,5.177000045776367,14537000,2026-10-08
2013-10-08,4.300186634063721,5.073999881744385,5.21999979019165,5.065999984741211,5.189000129699707,13500000,2026-10-08
2013-10-09,4.28577995300293,5.057000160217285,5.10099983215332,4.993000030517578,5.081999778747559,15213000,2026-10-08
2013-10-10,4.467989444732666,5.271999835968018,5.2870001792907715,5.125999927520752,5.127999782562256,18496000,2026-10-08
2013-10-11,4.477311611175537,5.2829999923706055,5.289000034332275,5.209000110626221,5.2769999504089355,14817000,2026-10-08
2013-10-14,4.517144203186035,5.329999923706055,5.3420000076293945,5.248000144958496,5.284999847412109,21528000,2026-10-08
2013-10-15,4.459515571594238,5.26200008392334,5.3420000076293945,5.255000114440918,5.328000068664551,11144000,2026-10-08
2013-10-16,4.537482738494873,5.354000091552734,5.400000095367432,5.289000034332275,5.313000202178955,33511000,2026-10-08
2013-10-17,4.535789489746094,5.3520002365112305,5.364999771118164,5.302999973297119,5.303999900817871,15870000,2026-10-08
2013-10-18,4.563758373260498,5.385000228881836,5.429999828338623,5.317999839782715,5.374000072479248,17823000,2026-10-08
2013-10-21,4.565451622009277,5.38700008392334,5.448999881744385,5.361000061035156,5.419000148773193,12805000,2026-10-08
2013-10-22,4.582401752471924,5.4070000648498535,5.441999912261963,5.364999771118164,5.418000221252441,20699000,2026-10-08
2013-10-23,4.424766540527344,5.2210001945495605,5.368000030517578,5.204999923706055,5.361999988555908,32148000,2026-10-08
2013-10-24,4.491719722747803,5.300000190734863,5.547999858856201,5.269999980926514,5.49399995803833,73458000,2026-10-08
2013-10-25,4.641726016998291,5.4770002365112305,5.48199987411499,5.238999843597412,5.334000110626221,44669000,2026-10-08
2013-10-28,4.583248615264893,5.4079999923706055,5.4679999351501465,5.372000217437744,5.453000068664551,19317000,2026-10-08
2013-10-29,4.656131744384766,5.49399995803833,5.513000011444092,5.4120001792907715,5.442999839782715,28969000,2026-10-08
2013-10-30,4.605282783508301,5.434000015258789,5.510000228881836,5.394000053405762,5.502999782562256,15077000,2026-10-08
2013-10-31,4.59935188293457,5.427000045776367,5.4629998207092285,5.388999938964844,5.414999961853027,19555000,2026-10-08
2013-11-01,4.544265270233154,5.361999988555908,5.442999839782715,5.306000232696533,5.441999912261963,16209000,2026-10-08
2013-11-04,4.55612850189209,5.375999927520752,5.389999866485596,5.288000106811523,5.326000213623047,16137000,2026-10-08
2013-11-05,4.589181423187256,5.414999961853027,5.438000202178955,5.318999767303467,5.359000205993652,15942000,2026-10-08
2013-11-06,4.583248615264893,5.4079999923706055,5.449999809265137,5.3470001220703125,5.432000160217285,11496000,2026-10-08
2013-11-07,4.414597034454346,5.209000110626221,5.4079999923706055,5.198999881744385,5.394000053405762,31961000,2026-10-08
2013-11-08,4.479004383087158,5.284999847412109,5.304999828338623,5.210000038146973,5.24399995803833,18112000,2026-10-08
2013-11-11,4.467989444732666,5.271999835968018,5.284999847412109,5.199999809265137,5.232999801635742,12566000,2026-10-08
2013-11-12,4.438327312469482,5.236999988555908,5.28000020980835,5.210000038146973,5.265999794006348,11707000,2026-10-08
2013-11-13,4.4366326332092285,5.235000133514404,5.257999897003174,5.184999942779541,5.210999965667725,16526000,2026-10-08
2013-11-14,4.4332404136657715,5.230999946594238,5.28000020980835,5.2210001945495605,5.2210001945495605,14988000,2026-10-08
2013-11-15,4.45866584777832,5.261000156402588,5.26800012588501,5.168000221252441,5.252999782562256,16405000,2026-10-08
2013-11-18,4.366291522979736,5.1519999504089355,5.2829999923706055,5.132999897003174,5.2789998054504395,17338000,2026-10-08
2013-11-19,4.256115913391113,5.021999835968018,5.193999767303467,5.0,5.186999797821045,31346000,2026-10-08
2013-11-20,4.216282844543457,4.974999904632568,5.065999984741211,4.953999996185303,5.052000045776367,20095000,2026-10-08
2013-11-21,4.309508323669434,5.085000038146973,5.127999782562256,4.979000091552734,4.980000019073486,28935000,2026-10-08
2013-11-22,4.371374607086182,5.1579999923706055,5.193999767303467,5.085000038146973,5.085999965667725,19358000,2026-10-08
2013-11-25,4.397647857666016,5.189000129699707,5.201000213623047,5.113999843597412,5.179999828338623,16478000,2026-10-08
2013-11-26,4.451040267944336,5.251999855041504,5.271999835968018,5.177000045776367,5.199999809265137,17392000,2026-10-08
2013-11-27,4.424766540527344,5.2210001945495605,5.254000186920166,5.181000232696533,5.251999855041504,13717000,2026-10-08
2013-11-29,4.416292190551758,5.210999965667725,5.252999782562256,5.204999923706055,5.2230000495910645,3373000,2026-10-08
2013-12-02,4.3637471199035645,5.14900016784668,5.203000068664551,5.138000011444092,5.197999954223633,9897000,2026-10-08
2013-12-03,4.473074436187744,5.2779998779296875,5.284999847412109,5.126999855041504,5.151000022888184,24570000,2026-10-08
2013-12-04,4.343408584594727,5.125,5.27400016784668,5.09499979019165,5.242000102996826,34750000,2026-10-08
2013-12-05,4.309508323669434,5.085000038146973,5.14900016784668,5.072999954223633,5.136000156402588,15050000,2026-10-08
2013-12-06,4.335779190063477,5.116000175476074,5.165999889373779,5.089000225067139,5.135000228881836,15659000,2026-10-08
2013-12-09,4.3781538009643555,5.165999889373779,5.190999984741211,5.111999988555908,5.142000198364258,18446000,2026-10-08
2013-12-10,4.372222900390625,5.158999919891357,5.190000057220459,5.111000061035156,5.151000022888184,10967000,2026-10-08
2013-12-11,4.343408584594727,5.125,5.183000087738037,5.113999843597412,5.1529998779296875,11802000,2026-10-08
2013-12-12,4.306118965148926,5.080999851226807,5.123000144958496,5.071000099182129,5.109000205993652,15207000,2026-10-08
2013-12-13,4.328152656555176,5.10699987411499,5.144000053405762,5.074999809265137,5.10099983215332,11058000,2026-10-08
2013-12-16,4.3425612449646,5.124000072479248,5.173999786376953,5.113999843597412,5.126999855041504,8324000,2026-10-08
2013-12-17,4.422225475311279,5.2179999351501465,5.247000217437744,5.105999946594238,5.117000102996826,17225000,2026-10-08
2013-12-18,4.500194072723389,5.309999942779541,5.310999870300293,5.163000106811523,5.236999988555908,16575000,2026-10-08
2013-12-19,4.49341344833374,5.302000045776367,5.318999767303467,5.223999977111816,5.284999847412109,15068000,2026-10-08
2013-12-20,4.5679931640625,5.389999866485596,5.426000118255615,5.2829999923706055,5.303999900817871,24815000,2026-10-08
2013-12-23,4.6103692054748535,5.440000057220459,5.459000110626221,5.414999961853027,5.414999961853027,11215000,2026-10-08
2013-12-24,4.6103692054748535,5.440000057220459,5.4629998207092285,5.414999961853027,5.438000202178955,6394000,2026-10-08
2013-12-26,4.603588581085205,5.432000160217285,5.4670000076293945,5.421000003814697,5.464000225067139,7121000,2026-10-08
2013-12-27,4.591723918914795,5.418000221252441,5.464000225067139,5.392000198364258,5.434999942779541,10572000,2026-10-08
2013-12-30,4.6137590408325195,5.443999767303467,5.473999977111816,5.406000137329102,5.406000137329102,8660000,2026-10-08
2013-12-31,4.614607810974121,5.445000171661377,5.473999977111816,5.4079999923706055,5.460000038146973,7276000,2026-10-08
2014-01-02,4.572231292724609,5.394999980926514,5.433000087738037,5.36899995803833,5.4039998054504395,10529000,2026-10-08
2014-01-03,4.571384906768799,5.394000053405762,5.427999973297119,5.364999771118164,5.4029998779296875,8919000,2026-10-08
2014-01-06,4.512906074523926,5.324999809265137,5.389999866485596,5.308000087738037,5.380000114440918,11216000,2026-10-08
2014-01-07,4.568841457366943,5.390999794006348,5.421999931335449,5.306000232696533,5.3379998207092285,13483000,2026-10-08
2014-01-08,4.591723918914795,5.418000221252441,5.440000057220459,5.361000061035156,5.392000198364258,12839000,2026-10-08
2014-01-09,4.593419075012207,5.420000076293945,5.485000133514404,5.401000022888184,5.4029998779296875,12608000,2026-10-08
2014-01-10,4.65104866027832,5.48799991607666,5.499000072479248,5.427000045776367,5.442999839782715,11394000,2026-10-08
2014-01-13,4.62562370300293,5.458000183105469,5.5370001792907715,5.434000015258789,5.4679999351501465,19532000,2026-10-08
2014-01-14,4.73664665222168,5.589000225067139,5.599999904632568,5.46999979019165,5.46999979019165,26249000,2026-10-08
2014-01-15,4.741730690002441,5.59499979019165,5.6519999504089355,5.556000232696533,5.581999778747559,23053000,2026-10-08
2014-01-16,4.652743339538574,5.489999771118164,5.620999813079834,5.486999988555908,5.59499979019165,20027000,2026-10-08
2014-01-17,4.595962047576904,5.422999858856201,5.510000228881836,5.40500020980835,5.485000133514404,18430000,2026-10-08
2014-01-21,4.614607810974121,5.445000171661377,5.499000072479248,5.40500020980835,5.480000019073486,12121000,2026-10-08
2014-01-22,4.693424224853516,5.538000106811523,5.550000190734863,5.454999923706055,5.499000072479248,23302000,2026-10-08
2014-01-23,4.579860210418701,5.4039998054504395,5.53000020980835,5.395999908447266,5.526000022888184,28398000,2026-10-08
2014-01-24,4.345101833343506,5.126999855041504,5.34499979019165,5.125999927520752,5.34499979019165,45295000,2026-10-08
2014-01-27,4.3188300132751465,5.0960001945495605,5.150000095367432,5.0329999923706055,5.131999969482422,31969000,2026-10-08
2014-01-28,4.340866565704346,5.122000217437744,5.142000198364258,5.067999839782715,5.10699987411499,30701000,2026-10-08
2014-01-29,4.343408584594727,5.125,5.1579999923706055,5.071000099182129,5.10099983215332,33400000,2026-10-08
2014-01-30,4.344254493713379,5.125999927520752,5.289999961853027,5.017000198364258,5.28000020980835,52457000,2026-10-08
2014-01-31,4.2891669273376465,5.060999870300293,5.11299991607666,5.0370001792907715,5.0370001792907715,31272000,2026-10-08
2014-02-03,4.117125988006592,4.857999801635742,5.002999782562256,4.84499979019165,4.985000133514404,44473000,2026-10-08
2014-02-04,4.191708087921143,4.946000099182129,4.946000099182129,4.857999801635742,4.900000095367432,28219000,2026-10-08
2014-02-05,4.233232498168945,4.994999885559082,5.03000020980835,4.895999908447266,4.935999870300293,24173000,2026-10-08
2014-02-06,4.326457500457764,5.105000019073486,5.120999813079834,5.000999927520752,5.014999866485596,38556000,2026-10-08
2014-02-07,4.394257068634033,5.184999942779541,5.192999839782715,5.070000171661377,5.130000114440918,27006000,2026-10-08
2014-02-10,4.3730692863464355,5.159999847412109,5.201000213623047,5.126999855041504,5.170000076293945,15679000,2026-10-08
2014-02-11,4.461210250854492,5.263999938964844,5.296999931335449,5.1529998779296875,5.178999900817871,24641000,2026-10-08
2014-02-12,4.4637532234191895,5.267000198364258,5.307000160217285,5.244999885559082,5.275000095367432,15221000,2026-10-08
2014-02-13,4.399343967437744,5.190999984741211,5.205999851226807,5.034999847412109,5.173999786376953,33339000,2026-10-08
2014-02-14,4.4476494789123535,5.248000144958496,5.258999824523926,5.131999969482422,5.202000141143799,24820000,2026-10-08
2014-02-18,4.386630535125732,5.176000118255615,5.269000053405762,5.10699987411499,5.265999794006348,19285000,2026-10-08
2014-02-19,4.406122207641602,5.198999881744385,5.2179999351501465,5.156000137329102,5.164000034332275,20907000,2026-10-08
2014-02-20,4.4366326332092285,5.235000133514404,5.257999897003174,5.168000221252441,5.210000038146973,14256000,2026-10-08
2014-02-21,4.429852485656738,5.2270002365112305,5.257999897003174,5.210999965667725,5.243000030517578,23932000,2026-10-08
2014-02-24,4.459515571594238,5.26200008392334,5.296000003814697,5.235000133514404,5.235000133514404,14239000,2026-10-08
2014-02-25,4.45443058013916,5.25600004196167,5.2769999504089355,5.181000232696533,5.269000053405762,16937000,2026-10-08
2014-02-26,4.460363864898682,5.263000011444092,5.3470001220703125,5.252999782562256,5.257999897003174,17224000,2026-10-08
2014-02-27,4.392561912536621,5.183000087738037,5.251999855041504,5.1519999504089355,5.251999855041504,16196000,2026-10-08
2014-02-28,4.384087085723877,5.172999858856201,5.224999904632568,5.125,5.197999954223633,22843000,2026-10-08
2014-03-03,4.332390308380127,5.111999988555908,5.138000011444092,5.050000190734863,5.132999897003174,13839000,2026-10-08
2014-03-04,4.3188300132751465,5.0960001945495605,5.173999786376953,5.080999851226807,5.172999858856201,28476000,2026-10-08
2014-03-05,4.409512042999268,5.203000068664551,5.210999965667725,5.074999809265137,5.084000110626221,28553000,2026-10-08
2014-03-06,4.521381855010986,5.335000038146973,5.3520002365112305,5.184999942779541,5.201000213623047,31194000,2026-10-08
2014-03-07,4.521381855010986,5.335000038146973,5.392000198364258,5.316999912261963,5.355999946594238,18035000,2026-10-08
2014-03-10,4.49849796295166,5.308000087738037,5.349999904632568,5.283999919891357,5.336999893188477,16711000,2026-10-08
2014-03-11,4.486635208129883,5.294000148773193,5.361999988555908,5.269999980926514,5.328999996185303,16410000,2026-10-08
2014-03-12,4.546806812286377,5.364999771118164,5.369999885559082,5.214000225067139,5.258999824523926,15357000,2026-10-08
2014-03-13,4.485787391662598,5.293000221252441,5.415999889373779,5.239999771118164,5.375999927520752,18788000,2026-10-08
2014-03-14,4.457818508148193,5.260000228881836,5.309000015258789,5.25,5.298999786376953,19161000,2026-10-08
2014-03-17,4.514601707458496,5.327000141143799,5.359000205993652,5.302000045776367,5.302000045776367,12798000,2026-10-08
2014-03-18,4.646812438964844,5.482999801635742,5.485000133514404,5.320000171661377,5.329999923706055,17593000,2026-10-08
2014-03-19,4.6179962158203125,5.448999881744385,5.52400016784668,5.4029998779296875,5.482999801635742,15540000,2026-10-08
2014-03-20,4.782410144805908,5.64300012588501,5.644999980926514,5.413000106811523,5.449999809265137,24040000,2026-10-08
2014-03-21,4.77732515335083,5.63700008392334,5.690000057220459,5.598999977111816,5.690000057220459,29609000,2026-10-08
2014-03-24,4.779867649078369,5.639999866485596,5.689000129699707,5.553999900817871,5.671000003814697,18887000,2026-10-08
2014-03-25,4.795969486236572,5.658999919891357,5.716000080108643,5.627999782562256,5.663000106811523,18343000,2026-10-08
2014-03-26,4.673930644989014,5.514999866485596,5.7129998207092285,5.510000228881836,5.697999954223633,23234000,2026-10-08
2014-03-27,4.615453720092773,5.446000099182129,5.539000034332275,5.429999828338623,5.511000156402588,14752000,2026-10-08
2014-03-28,4.6179962158203125,5.448999881744385,5.544000148773193,5.434000015258789,5.4629998207092285,22111000,2026-10-08
2014-03-31,4.661218643188477,5.5,5.5329999923706055,5.46999979019165,5.502999782562256,13270000,2026-10-08
2014-04-01,4.7137627601623535,5.561999797821045,5.572999954223633,5.479000091552734,5.513000011444092,13275000,2026-10-08
2014-04-02,4.828176021575928,5.697000026702881,5.708000183105469,5.544000148773193,5.576000213623047,28423000,2026-10-08
2014-04-03,4.888345241546631,5.76800012588501,5.894000053405762,5.699999809265137,5.704999923706055,37386000,2026-10-08
2014-04-04,4.745967864990234,5.599999904632568,5.809999942779541,5.568999767303467,5.800000190734863,18892000,2026-10-08
2014-04-07,4.646812438964844,5.482999801635742,5.614999771118164,5.434000015258789,5.581999778747559,15143000,2026-10-08
2014-04-08,4.619690895080566,5.451000213623047,5.525000095367432,5.401000022888184,5.505000114440918,17737000,2026-10-08
2014-04-09,4.745967864990234,5.599999904632568,5.6020002365112305,5.446000099182129,5.480999946594238,22705000,2026-10-08
2014-04-10,4.497653007507324,5.307000160217285,5.605999946594238,5.293000221252441,5.5929999351501465,36946000,2026-10-08
2014-04-11,4.460363864898682,5.263000011444092,5.386000156402588,5.25,5.289000034332275,24568000,2026-10-08
2014-04-14,4.461210250854492,5.263999938964844,5.364999771118164,5.210999965667725,5.323999881744385,16594000,2026-10-08
2014-04-15,4.438327312469482,5.236999988555908,5.300000190734863,5.105000019073486,5.276000022888184,29313000,2026-10-08
2014-04-16,4.416292190551758,5.210999965667725,5.2179999351501465,5.053999900817871,5.116000175476074,35323000,2026-10-08
2014-04-17,4.469686031341553,5.27400016784668,5.302000045776367,5.205999851226807,5.2170000076293945,22457000,2026-10-08
2014-04-21,4.472227096557617,5.2769999504089355,5.314000129699707,5.204999923706055,5.302000045776367,17714000,2026-10-08
2014-04-22,4.495954990386963,5.304999828338623,5.375999927520752,5.239999771118164,5.263999938964844,27225000,2026-10-08
2014-04-23,4.428155899047852,5.224999904632568,5.363999843597412,5.198999881744385,5.300000190734863,24635000,2026-10-08
2014-04-24,4.937500476837158,5.826000213623047,5.859000205993652,5.589000225067139,5.729000091552734,84230000,2026-10-08
2014-04-25,4.77732515335083,5.63700008392334,5.75,5.60099983215332,5.74399995803833,38870000,2026-10-08
2014-04-28,4.790036201477051,5.6519999504089355,5.7129998207092285,5.544000148773193,5.656000137329102,22779000,2026-10-08
2014-04-29,4.768848419189453,5.626999855041504,5.7210001945495605,5.605000019073486,5.688000202178955,18536000,2026-10-08
2014-04-30,4.8824143409729,5.761000156402588,5.857999801635742,5.690000057220459,5.77400016784668,32802000,2026-10-08
2014-05-01,4.847668170928955,5.71999979019165,5.826000213623047,5.686999797821045,5.7729997634887695,19503000,2026-10-08
2014-05-02,4.874786853790283,5.751999855041504,5.790999889373779,5.679999828338623,5.71999979019165,15019000,2026-10-08
2014-05-05,4.848514556884766,5.7210001945495605,5.736999988555908,5.666999816894531,5.701000213623047,10098000,2026-10-08
2014-05-06,4.805292129516602,5.670000076293945,5.757999897003174,5.6539998054504395,5.697000026702881,11112000,2026-10-08
2014-05-07,4.818853378295898,5.685999870300293,5.724999904632568,5.611000061035156,5.664000034332275,20150000,2026-10-08
2014-05-08,4.82393741607666,5.691999912261963,5.776000022888184,5.645999908447266,5.693999767303467,16473000,2026-10-08
2014-05-09,4.845970630645752,5.7179999351501465,5.718999862670898,5.623000144958496,5.681000232696533,20324000,2026-10-08
2014-05-12,4.936654090881348,5.824999809265137,5.831999778747559,5.739999771118164,5.757999897003174,16896000,2026-10-08
2014-05-13,4.8510565757751465,5.723999977111816,5.836999893188477,5.7170000076293945,5.824999809265137,15278000,2026-10-08
2014-05-14,4.773934364318848,5.632999897003174,5.723999977111816,5.620999813079834,5.703999996185303,14430000,2026-10-08
2014-05-15,4.734100341796875,5.585999965667725,5.64900016784668,5.539999961853027,5.64900016784668,19367000,2026-10-08
2014-05-16,4.959536552429199,5.8520002365112305,5.8979997634887695,5.619999885559082,5.639999866485596,36664000,2026-10-08
2014-05-19,4.995977878570557,5.894999980926514,5.923999786376953,5.809999942779541,5.816999912261963,22822000,2026-10-08
2014-05-20,4.9866557121276855,5.883999824523926,5.922999858856201,5.835000038146973,5.879000186920166,12426000,2026-10-08
2014-05-21,5.038352966308594,5.945000171661377,5.96999979019165,5.89300012588501,5.906000137329102,18726000,2026-10-08
2014-05-22,5.017165184020996,5.920000076293945,5.997000217437744,5.910999774932861,5.960000038146973,15641000,2026-10-08
2014-05-23,5.136661529541016,6.060999870300293,6.09499979019165,5.933000087738037,5.954999923706055,22858000,2026-10-08
2014-05-27,5.2383623123168945,6.181000232696533,6.182000160217285,6.046999931335449,6.048999786376953,24006000,2026-10-08
2014-05-28,5.233276844024658,6.175000190734863,6.210999965667725,6.151000022888184,6.197999954223633,14111000,2026-10-08
2014-05-29,5.2358198165893555,6.177999973297119,6.190000057220459,6.131999969482422,6.182000160217285,17766000,2026-10-08
2014-05-30,5.257853031158447,6.203999996185303,6.2220001220703125,6.130000114440918,6.176000118255615,11928000,2026-10-08
2014-06-02,5.280736446380615,6.230999946594238,6.270999908447266,6.177000045776367,6.224999904632568,15287000,2026-10-08
2014-06-03,5.479050159454346,6.465000152587891,6.473999977111816,6.224999904632568,6.247000217437744,44337000,2026-10-08
2014-06-04,5.471424102783203,6.455999851226807,6.506999969482422,6.431000232696533,6.443999767303467,22749000,2026-10-08
2014-06-05,5.510406017303467,6.501999855041504,6.535999774932861,6.4019999504089355,6.479000091552734,16961000,2026-10-08
2014-06-06,5.5087127685546875,6.5,6.538000106811523,6.485000133514404,6.517000198364258,13291000,2026-10-08
2014-06-09,5.527409076690674,6.504000186920166,6.574999809265137,6.495999813079834,6.5329999923706055,13595000,2026-10-08
2014-06-10,5.54185676574707,6.520999908447266,6.5289998054504395,6.4629998207092285,6.478000164031982,12995000,2026-10-08
2014-06-11,5.560554027557373,6.543000221252441,6.550000190734863,6.480999946594238,6.494999885559082,11785000,2026-10-08
2014-06-12,5.568203449249268,6.552000045776367,6.5929999351501465,6.505000114440918,6.5289998054504395,14125000,2026-10-08
2014-06-13,5.583498954772949,6.570000171661377,6.625,6.506999969482422,6.568999767303467,14975000,2026-10-08
2014-06-16,5.650636196136475,6.64900016784668,6.669000148773193,6.519999980926514,6.519999980926514,15808000,2026-10-08
2014-06-17,5.663384914398193,6.664000034332275,6.689000129699707,6.610000133514404,6.63100004196167,12712000,2026-10-08
2014-06-18,5.6548871994018555,6.6539998054504395,6.679999828338623,6.585000038146973,6.679999828338623,10884000,2026-10-08
2014-06-19,5.616641521453857,6.609000205993652,6.689000129699707,6.558000087738037,6.664000034332275,17158000,2026-10-08
2014-06-20,5.635339736938477,6.63100004196167,6.714000225067139,6.609000205993652,6.636000156402588,23910000,2026-10-08
2014-06-23,5.742420196533203,6.756999969482422,6.784999847412109,6.682000160217285,6.691999912261963,15835000,2026-10-08
2014-06-24,5.648937225341797,6.646999835968018,6.747000217437744,6.633999824523926,6.7230000495910645,13785000,2026-10-08
2014-06-25,5.6582841873168945,6.6579999923706055,6.684000015258789,6.5879998207092285,6.646999835968018,13252000,2026-10-08
2014-06-26,5.651485919952393,6.650000095367432,6.692999839782715,6.5920000076293945,6.689000129699707,8521000,2026-10-08
2014-06-27,5.689728260040283,6.695000171661377,6.729000091552734,6.63700008392334,6.645999908447266,15091000,2026-10-08
2014-06-30,5.743270397186279,6.757999897003174,6.798999786376953,6.682000160217285,6.718999862670898,14608000,2026-10-08
2014-07-01,5.831653594970703,6.861999988555908,6.9120001792907715,6.789999961853027,6.800000190734863,17770000,2026-10-08
2014-07-02,5.838454723358154,6.869999885559082,6.894999980926514,6.821000099182129,6.823999881744385,10250000,2026-10-08
2014-07-03,5.864797592163086,6.901000022888184,6.947000026702881,6.888999938964844,6.9079999923706055,13671000,2026-10-08
2014-07-07,5.830803871154785,6.861000061035156,6.929999828338623,6.815999984741211,6.888000011444092,13514000,2026-10-08
2014-07-08,5.9208879470825195,6.9670000076293945,7.065999984741211,6.755000114440918,6.8460001945495605,37651000,2026-10-08
2014-07-09,6.078110218048096,7.1519999504089355,7.183000087738037,6.968999862670898,6.968999862670898,34780000,2026-10-08
2014-07-10,6.041568279266357,7.109000205993652,7.150000095367432,6.989999771118164,7.0370001792907715,17758000,2026-10-08
2014-07-11,6.0789594650268555,7.1529998779296875,7.156000137329102,7.072000026702881,7.119999885559082,11678000,2026-10-08
2014-07-14,6.087459087371826,7.163000106811523,7.199999809265137,7.116000175476074,7.199999809265137,14451000,2026-10-08
2014-07-15,6.046665668487549,7.114999771118164,7.203000068664551,7.065999984741211,7.166999816894531,18222000,2026-10-08
2014-07-16,6.046665668487549,7.114999771118164,7.224999904632568,7.078999996185303,7.144000053405762,28270000,2026-10-08
2014-07-17,6.010121822357178,7.072000026702881,7.13700008392334,7.041999816894531,7.089000225067139,15334000,2026-10-08
2014-07-18,6.092557430267334,7.169000148773193,7.175000190734863,7.057000160217285,7.0879998207092285,14772000,2026-10-08
2014-07-21,6.114654064178467,7.195000171661377,7.241000175476074,7.120999813079834,7.168000221252441,11057000,2026-10-08
2014-07-22,6.083209037780762,7.1579999923706055,7.228000164031982,7.13100004196167,7.214000225067139,16033000,2026-10-08
2014-07-23,6.00587272644043,7.066999912261963,7.169000148773193,7.017000198364258,7.168000221252441,20503000,2026-10-08
2014-07-24,5.940435886383057,6.989999771118164,7.098999977111816,6.973999977111816,7.0929999351501465,19132000,2026-10-08
2014-07-25,5.907291889190674,6.951000213623047,6.954999923706055,6.803999900817871,6.933000087738037,44950000,2026-10-08
2014-07-28,5.874995708465576,6.913000106811523,6.980999946594238,6.804999828338623,6.973999977111816,15262000,2026-10-08
2014-07-29,5.846950531005859,6.880000114440918,7.013999938964844,6.870999813079834,6.940999984741211,14024000,2026-10-08
2014-07-30,5.76961612701416,6.789000034332275,6.991000175476074,6.747000217437744,6.928999900817871,35350000,2026-10-08
2014-07-31,5.948934078216553,7.0,7.291999816894531,6.670000076293945,6.794000148773193,69820000,2026-10-08
2014-08-01,5.948084831237793,6.999000072479248,7.025000095367432,6.900000095367432,6.955999851226807,27766000,2026-10-08
2014-08-04,5.9344868659973145,6.982999801635742,7.058000087738037,6.916999816894531,6.985000133514404,16449000,2026-10-08
2014-08-05,5.891993522644043,6.933000087738037,7.014999866485596,6.888000011444092,6.941999912261963,13562000,2026-10-08
2014-08-06,5.925137996673584,6.9720001220703125,7.059999942779541,6.900000095367432,6.915999889373779,18500000,2026-10-08
2014-08-07,5.752618312835693,6.769000053405762,7.025000095367432,6.750999927520752,6.998000144958496,25273000,2026-10-08
2014-08-08,5.8070068359375,6.833000183105469,6.839000225067139,6.75,6.789999961853027,12609000,2026-10-08
2014-08-11,5.8783955574035645,6.916999816894531,7.00600004196167,6.86299991607666,6.86299991607666,15609000,2026-10-08
2014-08-12,5.823155879974365,6.8520002365112305,6.921999931335449,6.801000118255615,6.896999835968018,13329000,2026-10-08
2014-08-13,5.847801685333252,6.88100004196167,6.934000015258789,6.85099983215332,6.873000144958496,10702000,2026-10-08
2014-08-14,5.831653594970703,6.861999988555908,6.926000118255615,6.841000080108643,6.875999927520752,10585000,2026-10-08
2014-08-15,5.919188976287842,6.965000152587891,7.017000198364258,6.85099983215332,6.908999919891357,25708000,2026-10-08
2014-08-18,6.00587272644043,7.066999912261963,7.072999954223633,6.931000232696533,7.0,13804000,2026-10-08
2014-08-19,6.0432658195495605,7.111000061035156,7.1539998054504395,7.072000026702881,7.080999851226807,13595000,2026-10-08
2014-08-20,6.087459087371826,7.163000106811523,7.184000015258789,7.080999851226807,7.0920000076293945,9542000,2026-10-08
2014-08-21,6.118901252746582,7.199999809265137,7.211999893188477,7.133999824523926,7.1519999504089355,9455000,2026-10-08
2014-08-22,6.077260971069336,7.151000022888184,7.234000205993652,7.140999794006348,7.198999881744385,7117000,2026-10-08
2014-08-25,6.100208759307861,7.177999973297119,7.210000038146973,7.13100004196167,7.193999767303467,5804000,2026-10-08
2014-08-26,6.033068656921387,7.098999977111816,7.215000152587891,7.0920000076293945,7.183000087738037,15467000,2026-10-08
2014-08-27,6.056862831115723,7.126999855041504,7.150000095367432,7.0929999351501465,7.124000072479248,9107000,2026-10-08
2014-08-28,6.107854843139648,7.186999797821045,7.190999984741211,7.035999774932861,7.117000102996826,9318000,2026-10-08
2014-08-29,6.1112542152404785,7.190999984741211,7.24399995803833,7.114999771118164,7.216000080108643,10886000,2026-10-08
2014-09-02,6.082359313964844,7.1570000648498535,7.244999885559082,7.138999938964844,7.210000038146973,13044000,2026-10-08
2014-09-03,6.110404014587402,7.190000057220459,7.2170000076293945,7.113999843597412,7.170000076293945,12134000,2026-10-08
2014-09-04,6.073010444641113,7.145999908447266,7.257999897003174,7.142000198364258,7.190999984741211,12101000,2026-10-08
2014-09-05,6.116353988647461,7.197000026702881,7.198999881744385,7.118000030517578,7.132999897003174,4959000,2026-10-08
2014-09-08,6.130838394165039,7.196000099182129,7.288000106811523,7.150000095367432,7.164999961853027,10185000,2026-10-08
2014-09-09,6.118055820465088,7.181000232696533,7.235000133514404,7.160999774932861,7.170000076293945,20250000,2026-10-08
2014-09-10,6.132540225982666,7.197999954223633,7.300000190734863,7.142000198364258,7.170000076293945,16976000,2026-10-08
2014-09-11,6.187068462371826,7.26200008392334,7.28000020980835,7.1620001792907715,7.173999786376953,17719000,2026-10-08
2014-09-12,6.104426383972168,7.164999961853027,7.263999938964844,7.1579999923706055,7.263000011444092,9879000,2026-10-08
2014-09-15,6.145322322845459,7.2129998207092285,7.239999771118164,7.144999980926514,7.216000080108643,15701000,2026-10-08
2014-09-16,6.312309741973877,7.408999919891357,7.415999889373779,7.135000228881836,7.199999809265137,23784000,2026-10-08
2014-09-17,6.4239182472229,7.539999961853027,7.572000026702881,7.369999885559082,7.369999885559082,28986000,2026-10-08
2014-09-18,6.540639877319336,7.677000045776367,7.690999984741211,7.520999908447266,7.561999797821045,19944000,2026-10-08
2014-09-19,6.470775604248047,7.59499979019165,7.735000133514404,7.593999862670898,7.703999996185303,17473000,2026-10-08
2014-09-22,6.38557767868042,7.494999885559082,7.573999881744385,7.46999979019165,7.571000099182129,15865000,2026-10-08
2014-09-23,6.338720798492432,7.440000057220459,7.546999931335449,7.425000190734863,7.51200008392334,12313000,2026-10-08
2014-09-24,6.436697483062744,7.554999828338623,7.589000225067139,7.468999862670898,7.468999862670898,16171000,2026-10-08
2014-09-25,6.362576007843018,7.4679999351501465,7.550000190734863,7.400000095367432,7.550000190734863,18826000,2026-10-08
2014-09-26,6.407731056213379,7.520999908447266,7.553999900817871,7.455999851226807,7.501999855041504,13760000,2026-10-08
2014-09-29,6.409433364868164,7.5229997634887695,7.568999767303467,7.436999797821045,7.464000225067139,11288000,2026-10-08
2014-09-30,6.364278793334961,7.46999979019165,7.547999858856201,7.429999828338623,7.5289998054504395,10003000,2026-10-08
2014-10-01,6.190474987030029,7.265999794006348,7.48799991607666,7.258999824523926,7.468999862670898,18762000,2026-10-08
2014-10-02,6.1589531898498535,7.229000091552734,7.270999908447266,7.079999923706055,7.24399995803833,24727000,2026-10-08
2014-10-03,6.197291851043701,7.27400016784668,7.3379998207092285,7.23199987411499,7.263000011444092,14257000,2026-10-08
2014-10-06,6.376206398010254,7.484000205993652,7.571000099182129,7.3460001945495605,7.353000164031982,34570000,2026-10-08
2014-10-07,6.233075141906738,7.315999984741211,7.480000019073486,7.315999984741211,7.428999900817871,17889000,2026-10-08
2014-10-08,6.339572906494141,7.440999984741211,7.448999881744385,7.243000030517578,7.330999851226807,15915000,2026-10-08
2014-10-09,6.181955337524414,7.25600004196167,7.434999942779541,7.2230000495910645,7.4039998054504395,19135000,2026-10-08
2014-10-10,5.615391254425049,6.591000080108643,7.181000232696533,6.578000068664551,7.181000232696533,80725000,2026-10-08
2014-10-13,5.626465320587158,6.604000091552734,6.860000133514404,6.589000225067139,6.771999835968018,36704000,2026-10-08
2014-10-14,5.770449638366699,6.7729997634887695,6.808000087738037,6.644000053405762,6.644000053405762,22937000,2026-10-08
2014-10-15,5.958738803863525,6.99399995803833,7.013999938964844,6.651000022888184,6.6570000648498535,38634000,2026-10-08
2014-10-16,5.93743896484375,6.968999862670898,7.008999824523926,6.841000080108643,6.868000030517578,22410000,2026-10-08
2014-10-17,5.894839763641357,6.919000148773193,7.116000175476074,6.895999908447266,7.046000003814697,18175000,2026-10-08
2014-10-20,6.076310157775879,7.131999969482422,7.132999897003174,6.859000205993652,6.934000015258789,18388000,2026-10-08
2014-10-21,6.236484050750732,7.320000171661377,7.372000217437744,7.0329999923706055,7.160999774932861,33135000,2026-10-08
2014-10-22,6.123167514801025,7.186999797821045,7.370999813079834,7.166999816894531,7.330999851226807,28464000,2026-10-08
2014-10-23,6.44436502456665,7.564000129699707,7.64300012588501,7.23799991607666,7.23799991607666,39695000,2026-10-08
2014-10-24,6.437549114227295,7.556000232696533,7.666999816894531,7.526000022888184,7.640999794006348,18972000,2026-10-08
2014-10-27,6.394949913024902,7.50600004196167,7.59499979019165,7.4720001220703125,7.547999858856201,15501000,2026-10-08
2014-10-28,6.451180934906006,7.572000026702881,7.577000141143799,7.51200008392334,7.556000232696533,16243000,2026-10-08
2014-10-29,6.457996368408203,7.579999923706055,7.59499979019165,7.531000137329102,7.559999942779541,18058000,2026-10-08
2014-10-30,6.479297637939453,7.605000019073486,7.625999927520752,7.486000061035156,7.567999839782715,18114000,2026-10-08
2014-10-31,6.633504867553711,7.785999774932861,7.836999893188477,7.710000038146973,7.723999977111816,21676000,2026-10-08
2014-11-03,6.742557525634766,7.914000034332275,7.9720001220703125,7.764999866485596,7.77400016784668,14543000,2026-10-08
2014-11-04,6.7595977783203125,7.934000015258789,8.045999526977539,7.872000217437744,7.90500020980835,18494000,2026-10-08
2014-11-05,6.793676376342773,7.973999977111816,8.015999794006348,7.869999885559082,7.998000144958496,13745000,2026-10-08
2014-11-06,6.780897617340088,7.959000110626221,8.017999649047852,7.920000076293945,7.979000091552734,9977000,2026-10-08
2014-11-07,6.724666595458984,7.89300012588501,7.9710001945495605,7.781000137329102,7.9670000076293945,9999000,2026-10-08
2014-11-10,6.809013366699219,7.992000102996826,8.003999710083008,7.89900016784668,7.900000095367432,16386000,2026-10-08
2014-11-11,6.814123630523682,7.998000144958496,8.128000259399414,7.979000091552734,8.01099967956543,8356000,2026-10-08
2014-11-12,6.728072166442871,7.896999835968018,7.974999904632568,7.855000019073486,7.938000202178955,15682000,2026-10-08
2014-11-13,6.717850208282471,7.885000228881836,7.999000072479248,7.8480000495910645,7.923999786376953,17266000,2026-10-08
2014-11-14,6.7996416091918945,7.980999946594238,8.0,7.840000152587891,7.875,16245000,2026-10-08
2014-11-17,6.627542018890381,7.7789998054504395,7.949999809265137,7.706999778747559,7.940999984741211,22115000,2026-10-08
2014-11-18,6.755336761474609,7.928999900817871,7.973999977111816,7.796999931335449,7.797999858856201,13500000,2026-10-08
2014-11-19,6.688880920410156,7.85099983215332,7.968999862670898,7.803999900817871,7.947000026702881,11126000,2026-10-08
2014-11-20,6.699958324432373,7.863999843597412,7.890999794006348,7.791999816894531,7.800000190734863,14119000,2026-10-08
2014-11-21,6.700809478759766,7.864999771118164,7.9679999351501465,7.835000038146973,7.956999778747559,14722000,2026-10-08
2014-11-24,6.814975738525391,7.999000072479248,8.130999565124512,7.877999782562256,7.877999782562256,20527000,2026-10-08
2014-11-25,6.898468971252441,8.097000122070312,8.128999710083008,8.02400016784668,8.027999877929688,15853000,2026-10-08
2014-11-26,7.0024094581604,8.218999862670898,8.22700023651123,8.097000122070312,8.102999687194824,11150000,2026-10-08
2014-11-28,7.040752410888672,8.263999938964844,8.34000015258789,8.1899995803833,8.246000289916992,8843000,2026-10-08
2014-12-01,6.961514472961426,8.170999526977539,8.286999702453613,8.130000114440918,8.199999809265137,12801000,2026-10-08
2014-12-02,7.01433801651001,8.232999801635742,8.246000289916992,8.11400032043457,8.159000396728516,10851000,2026-10-08
2014-12-03,7.17365837097168,8.420000076293945,8.463000297546387,8.277000427246094,8.282999992370605,15905000,2026-10-08
2014-12-04,7.17365837097168,8.420000076293945,8.569999694824219,8.357000350952148,8.413999557495117,17452000,2026-10-08
2014-12-05,7.182178497314453,8.430000305175781,8.470000267028809,8.378000259399414,8.418000221252441,9337000,2026-10-08
2014-12-08,7.0327630043029785,8.237000465393066,8.427000045776367,8.166000366210938,8.423999786376953,17409000,2026-10-08
2014-12-09,7.025079727172852,8.227999687194824,8.234999656677246,8.036999702453613,8.154000282287598,20339000,2026-10-08
2014-12-10,6.8047966957092285,7.96999979019165,8.21399974822998,7.954999923706055,8.192000389099121,25590000,2026-10-08
2014-12-11,6.813336372375488,7.980000019073486,8.100000381469727,7.949999809265137,7.998000144958496,14766000,2026-10-08
2014-12-12,6.6920976638793945,7.8379998207092285,7.997000217437744,7.834000110626221,7.955999851226807,17524000,2026-10-08
2014-12-15,6.6878275871276855,7.833000183105469,8.020999908447266,7.74399995803833,7.9120001792907715,27887000,2026-10-08
2014-12-16,6.560611724853516,7.684000015258789,7.934999942779541,7.684000015258789,7.7829999923706055,22186000,2026-10-08
2014-12-17,6.6878275871276855,7.833000183105469,7.835999965667725,7.632999897003174,7.703000068664551,22759000,2026-10-08
2014-12-18,6.900423526763916,8.081999778747559,8.097999572753906,7.927999973297119,8.055999755859375,18026000,2026-10-08
2014-12-19,6.873102188110352,8.050000190734863,8.152000427246094,7.978000164031982,8.090999603271484,62790000,2026-10-08
2014-12-22,6.962751865386963,8.154999732971191,8.182999610900879,8.079999923706055,8.079999923706055,16429000,2026-10-08
2014-12-23,6.96445894241333,8.156999588012695,8.265999794006348,8.131999969482422,8.230999946594238,21982000,2026-10-08
2014-12-24,6.926892280578613,8.11299991607666,8.194000244140625,8.104000091552734,8.164999961853027,6662000,2026-10-08
2014-12-26,6.912377834320068,8.095999717712402,8.166999816894531,8.092000007629395,8.130999565124512,5184000,2026-10-08
2014-12-29,6.885909557342529,8.0649995803833,8.142000198364258,8.048999786376953,8.083999633789062,6743000,2026-10-08
2014-12-30,6.825288772583008,7.99399995803833,8.079000473022461,7.959000110626221,8.015999794006348,11782000,2026-10-08
2014-12-31,6.774061679840088,7.934000015258789,8.069999694824219,7.926000118255615,8.03600025177002,9921000,2026-10-08
2015-01-02,6.783452987670898,7.945000171661377,8.019000053405762,7.883999824523926,7.986999988555908,8306000,2026-10-08
2015-01-05,6.700634479522705,7.8480000495910645,7.939000129699707,7.822000026702881,7.927000045776367,14408000,2026-10-08
2015-01-06,6.5887861251831055,7.7170000076293945,7.873000144958496,7.639999866485596,7.855999946594238,23414000,2026-10-08
2015-01-07,6.6229400634765625,7.756999969482422,7.8429999351501465,7.704999923706055,7.729000091552734,15085000,2026-10-08
2015-01-08,6.794552803039551,7.958000183105469,7.9679999351501465,7.800000190734863,7.828000068664551,18713000,2026-10-08
2015-01-09,6.8073601722717285,7.9730000495910645,8.032999992370605,7.920000076293945,7.941999912261963,14618000,2026-10-08
2015-01-12,6.6007399559021,7.730999946594238,7.949999809265137,7.710999965667725,7.949999809265137,21542000,2026-10-08
2015-01-13,6.536705493927002,7.656000137329102,7.888000011444092,7.567999839782715,7.809000015258789,16532000,2026-10-08
2015-01-14,6.493162631988525,7.605000019073486,7.664999961853027,7.548999786376953,7.552999973297119,13507000,2026-10-08
2015-01-15,6.5469512939453125,7.668000221252441,7.781000137329102,7.638999938964844,7.669000148773193,21477000,2026-10-08
2015-01-16,6.62379264831543,7.757999897003174,7.791999816894531,7.625999927520752,7.6479997634887695,23135000,2026-10-08
2015-01-20,6.702341079711914,7.849999904632568,7.883999824523926,7.704999923706055,7.791999816894531,15311000,2026-10-08
2015-01-21,6.833827018737793,8.003999710083008,8.071999549865723,7.7870001792907715,7.857999801635742,19332000,2026-10-08
2015-01-22,6.903839588165283,8.086000442504883,8.092000007629395,7.86299991607666,8.029999732971191,16032000,2026-10-08
2015-01-23,6.866271018981934,8.041999816894531,8.0600004196167,7.874000072479248,7.960000038146973,21025000,2026-10-08
2015-01-26,6.931161403656006,8.118000030517578,8.12600040435791,7.968999862670898,8.059000015258789,16412000,2026-10-08
2015-01-27,6.8432183265686035,8.015000343322754,8.093999862670898,7.973999977111816,8.010000228881836,14573000,2026-10-08
2015-01-28,6.806506156921387,7.9720001220703125,8.189000129699707,7.960000038146973,8.104000091552734,23806000,2026-10-08
2015-01-29,6.819312572479248,7.986999988555908,8.215999603271484,7.75600004196167,8.0,32648000,2026-10-08
2015-01-30,6.526458740234375,7.644000053405762,7.941999912261963,7.638000011444092,7.89900016784668,34629000,2026-10-08
2015-02-02,6.545241355895996,7.665999889373779,7.701000213623047,7.5,7.676000118255615,22221000,2026-10-08
2015-02-03,6.628061294555664,7.763000011444092,7.765999794006348,7.636000156402588,7.686999797821045,21841000,2026-10-08
2015-02-04,6.61184024810791,7.74399995803833,7.831999778747559,7.697999954223633,7.751999855041504,21131000,2026-10-08
2015-02-05,6.662212371826172,7.802999973297119,7.818999767303467,7.73199987411499,7.776000022888184,17298000,2026-10-08
2015-02-06,6.671604633331299,7.814000129699707,7.945000171661377,7.7789998054504395,7.804999828338623,13139000,2026-10-08
2015-02-09,6.632330417633057,7.76800012588501,7.798999786376953,7.697999954223633,7.770999908447266,16165000,2026-10-08
2015-02-10,6.879932403564453,8.057999610900879,8.085000038146973,7.798999786376953,7.835999965667725,24135000,2026-10-08
2015-02-11,6.881640434265137,8.0600004196167,8.076000213623047,8.015000343322754,8.057999610900879,19682000,2026-10-08
2015-02-12,6.9251837730407715,8.111000061035156,8.111000061035156,8.026000022888184,8.074999809265137,15684000,2026-10-08
2015-02-13,7.01910400390625,8.220999717712402,8.223999977111816,8.11299991607666,8.13700008392334,18350000,2026-10-08
2015-02-17,6.993489742279053,8.190999984741211,8.237000465393066,8.112000465393066,8.222999572753906,12331000,2026-10-08
2015-02-18,6.994342803955078,8.192000389099121,8.23799991607666,8.142000198364258,8.199999809265137,8794000,2026-10-08
2015-02-19,7.092529773712158,8.307000160217285,8.321000099182129,8.163000106811523,8.166999816894531,10926000,2026-10-08
2015-02-20,7.158272743225098,8.383999824523926,8.425000190734863,8.26200008392334,8.291999816894531,25414000,2026-10-08
2015-02-23,7.101922988891602,8.317999839782715,8.380000114440918,8.258999824523926,8.354000091552734,10069000,2026-10-08
2015-02-24,7.1915693283081055,8.42300033569336,8.430000305175781,8.277999877929688,8.324999809265137,18509000,2026-10-08
2015-02-25,7.1318039894104,8.352999687194824,8.449000358581543,8.324999809265137,8.416999816894531,12667000,2026-10-08
2015-02-26,7.11899995803833,8.338000297546387,8.434000015258789,8.295999526977539,8.345999717712402,9811000,2026-10-08
2015-02-27,7.040448188781738,8.246000289916992,8.32800006866455,8.222000122070312,8.319999694824219,13268000,2026-10-08
2015-03-02,7.212915420532227,8.447999954223633,8.447999954223633,8.29699993133545,8.305000305175781,11105000,2026-10-08
2015-03-03,6.983243465423584,8.178999900817871,8.416000366210938,8.156999588012695,8.36299991607666,26559000,2026-10-08
2015-03-04,6.904693126678467,8.086999893188477,8.163000106811523,8.0600004196167,8.116999626159668,12487000,2026-10-08
2015-03-05,6.896151542663574,8.07699966430664,8.177000045776367,8.02299976348877,8.116000175476074,12922000,2026-10-08
2015-03-06,6.844926834106445,8.017000198364258,8.083999633789062,7.9730000495910645,8.024999618530273,13909000,2026-10-08
2015-03-09,6.912531852722168,8.07800006866455,8.092000007629395,7.978000164031982,7.994999885559082,13184000,2026-10-08
2015-03-10,6.671214580535889,7.796000003814697,8.057000160217285,7.796000003814697,8.005000114440918,20889000,2026-10-08
2015-03-11,6.697741985321045,7.827000141143799,7.90500020980835,7.809000015258789,7.823999881744385,13958000,2026-10-08
2015-03-12,6.650678634643555,7.771999835968018,7.814000129699707,7.706999778747559,7.7779998779296875,21092000,2026-10-08
2015-03-13,6.73539400100708,7.870999813079834,7.886000156402588,7.711999893188477,7.755000114440918,18281000,2026-10-08
2015-03-16,6.836369037628174,7.988999843597412,7.995999813079834,7.900000095367432,7.923999786376953,9998000,2026-10-08
2015-03-17,6.758498191833496,7.8979997634887695,7.959000110626221,7.85099983215332,7.949999809265137,9500000,2026-10-08
2015-03-18,6.630997180938721,7.749000072479248,7.874000072479248,7.492000102996826,7.8420000076293945,47567000,2026-10-08
2015-03-19,6.7559332847595215,7.894999980926514,7.89900016784668,7.672999858856201,7.749000072479248,24026000,2026-10-08
2015-03-20,6.779892444610596,7.922999858856201,7.9629998207092285,7.824999809265137,7.942999839782715,26079000,2026-10-08
2015-03-23,6.711433410644531,7.8429999351501465,7.927999973297119,7.826000213623047,7.896999835968018,13312000,2026-10-08
2015-03-24,6.7396721839904785,7.875999927520752,7.951000213623047,7.829999923706055,7.849999904632568,16894000,2026-10-08
2015-03-25,6.225383281707764,7.275000095367432,7.855999946594238,7.269999980926514,7.854000091552734,43596000,2026-10-08
2015-03-26,6.088468551635742,7.114999771118164,7.209000110626221,6.992000102996826,7.201000213623047,51612000,2026-10-08
2015-03-27,6.164628028869629,7.203999996185303,7.247000217437744,7.0879998207092285,7.136000156402588,34169000,2026-10-08
2015-03-30,6.177462577819824,7.218999862670898,7.275000095367432,7.15500020980835,7.26800012588501,20833000,2026-10-08
2015-03-31,6.01059627532959,7.02400016784668,7.197999954223633,6.9070000648498535,7.170000076293945,42951000,2026-10-08
2015-04-01,6.012307643890381,7.026000022888184,7.085999965667725,6.98799991607666,7.059000015258789,26242000,2026-10-08
2015-04-02,6.054239273071289,7.074999809265137,7.114999771118164,6.988999843597412,7.03000020980835,21636000,2026-10-08
2015-04-06,6.1911540031433105,7.235000133514404,7.248000144958496,6.955999851226807,6.989999771118164,27765000,2026-10-08
2015-04-07,6.090178966522217,7.117000102996826,7.309999942779541,7.116000175476074,7.24399995803833,35556000,2026-10-08
2015-04-08,6.232229709625244,7.2829999923706055,7.309999942779541,7.117000102996826,7.125,21739000,2026-10-08
2015-04-09,6.260468006134033,7.315999984741211,7.327000141143799,7.23199987411499,7.247000217437744,13823000,2026-10-08
2015-04-10,6.25533390045166,7.309999942779541,7.328000068664551,7.258999824523926,7.328000068664551,11998000,2026-10-08
2015-04-13,6.221104621887207,7.269999980926514,7.3979997634887695,7.245999813079834,7.308000087738037,12498000,2026-10-08
2015-04-14,6.161203384399414,7.199999809265137,7.2729997634887695,7.169000148773193,7.271999835968018,20283000,2026-10-08
2015-04-15,6.197144985198975,7.242000102996826,7.306000232696533,7.186999797821045,7.209000110626221,24805000,2026-10-08
2015-04-16,6.1432342529296875,7.178999900817871,7.2230000495910645,7.124000072479248,7.176000118255615,24513000,2026-10-08
2015-04-17,6.046538352966309,7.065999984741211,7.177000045776367,7.035999774932861,7.123000144958496,19208000,2026-10-08
2015-04-20,6.160348892211914,7.198999881744385,7.241000175476074,7.099999904632568,7.105000019073486,28954000,2026-10-08
2015-04-21,6.660945415496826,7.783999919891357,8.164999961853027,7.64900016784668,8.08899974822998,101817000,2026-10-08
2015-04-22,6.705445289611816,7.835999965667725,7.872000217437744,7.668000221252441,7.843999862670898,28432000,2026-10-08
2015-04-23,6.595911502838135,7.708000183105469,7.816999912261963,7.681000232696533,7.749000072479248,24088000,2026-10-08
2015-04-24,6.563394546508789,7.670000076293945,7.708000183105469,7.573999881744385,7.677000045776367,29538000,2026-10-08
2015-04-27,6.531734466552734,7.632999897003174,7.7829999923706055,7.618000030517578,7.706999778747559,24830000,2026-10-08
2015-04-28,6.536866188049316,7.638999938964844,7.685999870300293,7.5329999923706055,7.620999813079834,17274000,2026-10-08
2015-04-29,6.5360107421875,7.638000011444092,7.698999881744385,7.577000141143799,7.583000183105469,17954000,2026-10-08
2015-04-30,6.467553615570068,7.558000087738037,7.659999847412109,7.501999855041504,7.603000164031982,16383000,2026-10-08
2015-05-01,6.608748912811279,7.7230000495910645,7.735000133514404,7.60099983215332,7.609000205993652,14840000,2026-10-08
2015-05-04,6.579653739929199,7.689000129699707,7.743000030517578,7.676000118255615,7.71999979019165,11097000,2026-10-08
2015-05-05,6.469265460968018,7.559999942779541,7.659999847412109,7.519999980926514,7.659999847412109,17460000,2026-10-08
2015-05-06,6.435035228729248,7.519999980926514,7.64900016784668,7.453000068664551,7.578000068664551,15272000,2026-10-08
2015-05-07,6.456429481506348,7.545000076293945,7.576000213623047,7.474999904632568,7.495999813079834,17241000,2026-10-08
2015-05-08,6.590778350830078,7.702000141143799,7.715000152587891,7.576000213623047,7.5970001220703125,14478000,2026-10-08
2015-05-11,6.684050559997559,7.810999870300293,7.879000186920166,7.671000003814697,7.7179999351501465,19483000,2026-10-08
2015-05-12,6.571950912475586,7.679999828338623,7.78000020980835,7.584000110626221,7.78000020980835,14315000,2026-10-08
2015-05-13,6.609601974487305,7.723999977111816,7.795000076293945,7.685999870300293,7.685999870300293,13871000,2026-10-08
2015-05-14,6.696032524108887,7.824999809265137,7.855000019073486,7.729000091552734,7.76800012588501,16783000,2026-10-08
2015-05-15,6.737105846405029,7.873000144958496,7.953000068664551,7.849999904632568,7.866000175476074,13368000,2026-10-08
2015-05-18,6.79957389831543,7.946000099182129,7.974999904632568,7.876999855041504,7.940999984741211,13032000,2026-10-08
2015-05-19,6.912531852722168,8.07800006866455,8.241999626159668,8.0,8.003000259399414,24399000,2026-10-08
2015-05-20,6.876590251922607,8.03600025177002,8.118000030517578,8.01099967956543,8.07800006866455,14257000,2026-10-08
2015-05-21,6.951037406921387,8.123000144958496,8.140999794006348,8.001999855041504,8.031999588012695,11783000,2026-10-08
2015-05-22,6.9382004737854,8.107999801635742,8.199000358581543,8.097999572753906,8.098999977111816,15856000,2026-10-08
2015-05-26,6.880867958068848,8.041000366210938,8.154999732971191,7.99399995803833,8.071000099182129,14730000,2026-10-08
2015-05-27,7.073403358459473,8.265999794006348,8.293000221252441,8.032999992370605,8.057000160217285,26300000,2026-10-08
2015-05-28,7.0494465827941895,8.23799991607666,8.335000038146973,8.210000038146973,8.26099967956543,12596000,2026-10-08
2015-05-29,7.038320541381836,8.225000381469727,8.3149995803833,8.1899995803833,8.23799991607666,19687000,2026-10-08
2015-06-01,7.135873794555664,8.33899974822998,8.376999855041504,8.229000091552734,8.277000427246094,29734000,2026-10-08
2015-06-02,7.126460075378418,8.32800006866455,8.402000427246094,8.229999542236328,8.293000221252441,21320000,2026-10-08
2015-06-03,7.146998882293701,8.35200023651123,8.392000198364258,8.293000221252441,8.350000381469727,21742000,2026-10-08
2015-06-04,7.099932670593262,8.29699993133545,8.345999717712402,8.230999946594238,8.288999557495117,14521000,2026-10-08
2015-06-05,7.140151500701904,8.343999862670898,8.369999885559082,8.220000267028809,8.307000160217285,10863000,2026-10-08
2015-06-08,7.063717842102051,8.225000381469727,8.401000022888184,8.196999549865723,8.399999618530273,14189000,2026-10-08
2015-06-09,7.040529727935791,8.197999954223633,8.262999534606934,8.069000244140625,8.204000473022461,19460000,2026-10-08
2015-06-10,7.097211837768555,8.263999938964844,8.284000396728516,8.20199966430664,8.255000114440918,11724000,2026-10-08
2015-06-11,7.088622570037842,8.253999710083008,8.338000297546387,8.222000122070312,8.300000190734863,10326000,2026-10-08
2015-06-12,6.995871543884277,8.145999908447266,8.229999542236328,8.121999740600586,8.20300006866455,10442000,2026-10-08
2015-06-15,6.978696823120117,8.12600040435791,8.128999710083008,7.953000068664551,8.090999603271484,24474000,2026-10-08
2015-06-16,7.089481353759766,8.255000114440918,8.258999824523926,8.097000122070312,8.116000175476074,14183000,2026-10-08
2015-06-17,7.063717842102051,8.225000381469727,8.295999526977539,8.192999839782715,8.206000328063965,18824000,2026-10-08
2015-06-18,7.20284366607666,8.38700008392334,8.414999961853027,8.251999855041504,8.26200008392334,15114000,2026-10-08
2015-06-19,7.147879600524902,8.322999954223633,8.439000129699707,8.319000244140625,8.39900016784668,18091000,2026-10-08
2015-06-22,7.185668468475342,8.366999626159668,8.42300033569336,8.279000282287598,8.376999855041504,11205000,2026-10-08
2015-06-23,7.195112705230713,8.378000259399414,8.423999786376953,8.333999633789062,8.36299991607666,12040000,2026-10-08
2015-06-24,7.146164417266846,8.321000099182129,8.388999938964844,8.29699993133545,8.359000205993652,10899000,2026-10-08
2015-06-25,7.190822124481201,8.373000144958496,8.434000015258789,8.319999694824219,8.361000061035156,14579000,2026-10-08
2015-06-26,7.1161065101623535,8.28600025177002,8.425999641418457,8.237000465393066,8.324000358581543,31096000,2026-10-08
2015-06-29,6.887661457061768,8.020000457763672,8.206999778747559,7.995999813079834,8.182999610900879,16886000,2026-10-08
2015-06-30,6.986424922943115,8.135000228881836,8.211999893188477,8.083999633789062,8.119999885559082,17076000,2026-10-08
2015-07-01,7.065436363220215,8.22700023651123,8.413000106811523,8.182000160217285,8.291999816894531,18436000,2026-10-08
2015-07-02,7.147879600524902,8.322999954223633,8.329999923706055,8.194000244140625,8.244999885559082,15203000,2026-10-08
2015-07-06,6.968390941619873,8.11400032043457,8.347999572753906,8.088000297546387,8.222000122070312,30652000,2026-10-08
2015-07-07,6.8842267990112305,8.015999794006348,8.095999717712402,7.7729997634887695,8.08899974822998,28643000,2026-10-08
2015-07-08,6.69442892074585,7.795000076293945,7.998000144958496,7.77400016784668,7.955999851226807,23072000,2026-10-08
2015-07-09,6.666947364807129,7.763000011444092,8.036999702453613,7.758999824523926,7.985000133514404,18493000,2026-10-08
2015-07-10,6.744239807128906,7.853000164031982,7.888999938964844,7.767000198364258,7.822999954223633,18258000,2026-10-08
2015-07-13,6.807791233062744,7.927000045776367,7.978000164031982,7.796000003814697,7.900000095367432,22200000,2026-10-08
2015-07-14,6.857603073120117,7.985000133514404,8.072999954223633,7.809999942779541,7.949999809265137,38670000,2026-10-08
2015-07-15,6.826686859130859,7.948999881744385,8.024999618530273,7.875,7.98799991607666,20047000,2026-10-08
2015-07-16,6.642899990081787,7.735000133514404,7.959000110626221,7.551000118255615,7.934000015258789,38768000,2026-10-08
2015-07-17,6.635171413421631,7.72599983215332,7.754000186920166,7.690000057220459,7.750999927520752,16614000,2026-10-08
2015-07-20,6.619710922241211,7.708000183105469,7.822999954223633,7.697999954223633,7.793000221252441,9702000,2026-10-08
2015-07-21,6.64461612701416,7.736999988555908,7.822999954223633,7.684000015258789,7.699999809265137,12674000,2026-10-08
2015-07-22,6.568183422088623,7.6479997634887695,7.688000202178955,7.50600004196167,7.656000137329102,14198000,2026-10-08
2015-07-23,6.614559650421143,7.702000141143799,7.809999942779541,7.642000198364258,7.670000076293945,12397000,2026-10-08
2015-07-24,6.479725360870361,7.545000076293945,7.7129998207092285,7.48799991607666,7.692999839782715,17053000,2026-10-08
2015-07-27,6.479725360870361,7.545000076293945,7.591000080108643,7.38100004196167,7.48199987411499,15533000,2026-10-08
2015-07-28,6.677253246307373,7.775000095367432,7.828999996185303,7.478000164031982,7.570000171661377,23232000,2026-10-08
2015-07-29,6.670380592346191,7.767000198364258,7.811999797821045,7.5970001220703125,7.811999797821045,29778000,2026-10-08
2015-07-30,6.74767541885376,7.85699987411499,8.086999893188477,7.834000110626221,7.843999862670898,33939000,2026-10-08
2015-07-31,6.601676940917969,7.686999797821045,7.978000164031982,7.651000022888184,7.895999908447266,25138000,2026-10-08
2015-08-03,6.504631519317627,7.573999881744385,7.688000202178955,7.5329999923706055,7.671000003814697,26468000,2026-10-08
2015-08-04,6.2770466804504395,7.309000015258789,7.586999893188477,7.288000106811523,7.443999767303467,35074000,2026-10-08
2015-08-05,6.359491348266602,7.40500020980835,7.458000183105469,7.328999996185303,7.343999862670898,22138000,2026-10-08
2015-08-06,6.228094100952148,7.251999855041504,7.441999912261963,7.229000091552734,7.441999912261963,19518000,2026-10-08
2015-08-07,6.219506740570068,7.242000102996826,7.243000030517578,7.13700008392334,7.215000152587891,17656000,2026-10-08
2015-08-10,6.429914951324463,7.486999988555908,7.51800012588501,7.293000221252441,7.334000110626221,20717000,2026-10-08
2015-08-11,6.2693190574646,7.300000190734863,7.443999767303467,7.288000106811523,7.425000190734863,20358000,2026-10-08
2015-08-12,6.2358245849609375,7.261000156402588,7.306000232696533,7.080999851226807,7.195000171661377,24953000,2026-10-08
2015-08-13,6.184293746948242,7.201000213623047,7.340000152587891,7.192999839782715,7.275000095367432,19086000,2026-10-08
2015-08-14,6.244411945343018,7.270999908447266,7.355000019073486,7.080999851226807,7.189000129699707,38619000,2026-10-08
2015-08-17,6.388692378997803,7.439000129699707,7.453000068664551,7.21999979019165,7.261000156402588,19816000,2026-10-08
2015-08-18,6.206624984741211,7.2270002365112305,7.4720001220703125,7.203999996185303,7.456999778747559,19713000,2026-10-08
2015-08-19,6.218648433685303,7.241000175476074,7.339000225067139,7.145999908447266,7.224999904632568,19078000,2026-10-08
2015-08-20,6.099272727966309,7.1020002365112305,7.192999839782715,7.083000183105469,7.172999858856201,25867000,2026-10-08
2015-08-21,5.990203857421875,6.974999904632568,7.188000202178955,6.96999979019165,7.025000095367432,29157000,2026-10-08
2015-08-24,5.781513214111328,6.73199987411499,7.066999912261963,6.284999847412109,6.633999824523926,32114000,2026-10-08
2015-08-25,5.788382053375244,6.739999771118164,7.0929999351501465,6.739999771118164,7.025000095367432,35038000,2026-10-08
2015-08-26,6.076084613800049,7.074999809265137,7.090000152587891,6.7820000648498535,6.9770002365112305,27564000,2026-10-08
2015-08-27,6.278765678405762,7.310999870300293,7.357999801635742,7.119999885559082,7.156000137329102,30664000,2026-10-08
2015-08-28,6.262447357177734,7.291999816894531,7.396999835968018,7.229000091552734,7.27400016784668,16046000,2026-10-08
2015-08-31,6.249565601348877,7.2769999504089355,7.341000080108643,7.189000129699707,7.260000228881836,11821000,2026-10-08
2015-09-01,5.9738850593566895,6.955999851226807,7.202000141143799,6.915999889373779,7.083000183105469,19881000,2026-10-08
2015-09-02,6.106143474578857,7.110000133514404,7.11299991607666,6.9629998207092285,7.0970001220703125,12089000,2026-10-08
2015-09-03,6.161967754364014,7.175000190734863,7.2769999504089355,7.127999782562256,7.201000213623047,15824000,2026-10-08
2015-09-04,6.015355587005615,6.974999904632568,7.098999977111816,6.960000038146973,7.026000022888184,18806000,2026-10-08
2015-09-08,6.263731002807617,7.263000011444092,7.293000221252441,7.11899995803833,7.11899995803833,18308000,2026-10-08
2015-09-09,6.087799072265625,7.059000015258789,7.372000217437744,7.044000148773193,7.303999900817871,19142000,2026-10-08
2015-09-10,6.200775623321533,7.190000057220459,7.293000221252441,7.043000221252441,7.054999828338623,17903000,2026-10-08
2015-09-11,6.194738864898682,7.183000087738037,7.190000057220459,7.03000020980835,7.0920000076293945,15237000,2026-10-08
2015-09-14,6.2525200843811035,7.25,7.269000053405762,7.185999870300293,7.2170000076293945,18145000,2026-10-08
2015-09-15,6.383606910705566,7.4019999504089355,7.431000232696533,7.2170000076293945,7.294000148773193,14642000,2026-10-08
2015-09-16,6.447428226470947,7.47599983215332,7.492000102996826,7.360000133514404,7.39900016784668,11371000,2026-10-08
2015-09-17,6.264594554901123,7.263999938964844,7.414000034332275,7.24399995803833,7.414000034332275,17403000,2026-10-08
2015-09-18,6.142131805419922,7.122000217437744,7.245999813079834,7.0929999351501465,7.158999919891357,19755000,2026-10-08
2015-09-21,5.870469093322754,6.807000160217285,7.1529998779296875,6.743000030517578,7.1529998779296875,36020000,2026-10-08
2015-09-22,5.66090202331543,6.564000129699707,6.703000068664551,6.517000198364258,6.681000232696533,40471000,2026-10-08
2015-09-23,5.492730617523193,6.36899995803833,6.581999778747559,6.361999988555908,6.553999900817871,33153000,2026-10-08
2015-09-24,5.466858863830566,6.339000225067139,6.389999866485596,6.119999885559082,6.309000015258789,43570000,2026-10-08
2015-09-25,5.440122127532959,6.308000087738037,6.51800012588501,6.25600004196167,6.468999862670898,33469000,2026-10-08
2015-09-28,5.327145576477051,6.177000045776367,6.317999839782715,6.177000045776367,6.2729997634887695,24131000,2026-10-08
2015-09-29,5.421151161193848,6.285999774932861,6.35099983215332,6.164999961853027,6.204999923706055,31335000,2026-10-08
2015-09-30,5.6341681480407715,6.5329999923706055,6.551000118255615,6.361999988555908,6.36299991607666,25783000,2026-10-08
2015-10-01,5.557413578033447,6.443999767303467,6.663000106811523,6.322000026702881,6.5279998779296875,31789000,2026-10-08
2015-10-02,5.664350509643555,6.567999839782715,6.571000099182129,6.322000026702881,6.334000110626221,23124000,2026-10-08
2015-10-05,5.641929626464844,6.541999816894531,6.603000164031982,6.421000003814697,6.433000087738037,25914000,2026-10-08
2015-10-06,5.627267360687256,6.525000095367432,6.553999900817871,6.426000118255615,6.501999855041504,21602000,2026-10-08
2015-10-07,5.740245342254639,6.656000137329102,6.710999965667725,6.510000228881836,6.598999977111816,25198000,2026-10-08
2015-10-08,5.804925441741943,6.730999946594238,6.736000061035156,6.543000221252441,6.591000080108643,13979000,2026-10-08
2015-10-09,5.732483386993408,6.646999835968018,6.749000072479248,6.629000186920166,6.690000057220459,11809000,2026-10-08
2015-10-12,5.733346939086914,6.6479997634887695,6.708000183105469,6.610000133514404,6.644999980926514,7882000,2026-10-08
2015-10-13,5.573797702789307,6.4629998207092285,6.638000011444092,6.458000183105469,6.578999996185303,16985000,2026-10-08
2015-10-14,5.8032002449035645,6.729000091552734,6.827000141143799,6.410999774932861,6.458000183105469,36145000,2026-10-08
2015-10-15,5.817862510681152,6.745999813079834,6.840000152587891,6.6020002365112305,6.775000095367432,24294000,2026-10-08
2015-10-16,5.888581275939941,6.828000068664551,6.836999893188477,6.65500020980835,6.749000072479248,21959000,2026-10-08
2015-10-19,5.833384990692139,6.763999938964844,6.9029998779296875,6.711999893188477,6.7829999923706055,15109000,2026-10-08
2015-10-20,6.039501667022705,7.002999782562256,7.198999881744385,6.650000095367432,6.6579999923706055,54848000,2026-10-08
2015-10-21,6.105046272277832,7.078999996185303,7.736000061035156,7.050000190734863,7.25,187054000,2026-10-08
2015-10-22,6.262005805969238,7.261000156402588,7.441999912261963,7.10099983215332,7.158999919891357,71814000,2026-10-08
2015-10-23,6.431039810180664,7.456999778747559,7.495999813079834,7.2820000648498535,7.406000137329102,55229000,2026-10-08
2015-10-26,6.4741621017456055,7.506999969482422,7.508999824523926,7.343999862670898,7.410999774932861,35194000,2026-10-08
2015-10-27,6.476749420166016,7.510000228881836,7.550000190734863,7.461999893188477,7.4770002365112305,31665000,2026-10-08
2015-10-28,6.531944274902344,7.573999881744385,7.61899995803833,7.421000003814697,7.567999839782715,37430000,2026-10-08
2015-10-29,6.5405683517456055,7.584000110626221,7.598999977111816,7.4679999351501465,7.500999927520752,23868000,2026-10-08
2015-10-30,6.605247974395752,7.658999919891357,7.679999828338623,7.52400016784668,7.584000110626221,22504000,2026-10-08
2015-11-02,6.606110095977783,7.659999847412109,7.706999778747559,7.5920000076293945,7.682000160217285,26884000,2026-10-08
2015-11-03,6.583688735961914,7.633999824523926,7.668000221252441,7.551000118255615,7.660999774932861,28306000,2026-10-08
2015-11-04,6.641469478607178,7.701000213623047,7.701000213623047,7.579999923706055,7.683000087738037,26430000,2026-10-08
2015-11-05,6.646642684936523,7.706999778747559,7.798999786376953,7.583000183105469,7.7230000495910645,31772000,2026-10-08
2015-11-06,6.631983757019043,7.690000057220459,7.745999813079834,7.580999851226807,7.706999778747559,23623000,2026-10-08
2015-11-09,6.6406073570251465,7.699999809265137,7.718999862670898,7.603000164031982,7.663000106811523,24723000,2026-10-08
2015-11-10,6.5905866622924805,7.642000198364258,7.742000102996826,7.60099983215332,7.670000076293945,21710000,2026-10-08
2015-11-11,6.625085830688477,7.682000160217285,7.75600004196167,7.5929999351501465,7.6570000648498535,14372000,2026-10-08
2015-11-12,6.506070137023926,7.544000148773193,7.650000095367432,7.500999927520752,7.60699987411499,19582000,2026-10-08
2015-11-13,6.5172810554504395,7.557000160217285,7.6529998779296875,7.548999786376953,7.583000183105469,29494000,2026-10-08
2015-11-16,6.675966262817383,7.741000175476074,7.75,7.500999927520752,7.5320000648498535,20528000,2026-10-08
2015-11-17,6.706150531768799,7.776000022888184,7.867000102996826,7.697999954223633,7.741000175476074,19744000,2026-10-08
2015-11-18,6.763933181762695,7.8429999351501465,7.854000091552734,7.7179999351501465,7.752999782562256,15222000,2026-10-08
2015-11-19,6.7199506759643555,7.791999816894531,7.867000102996826,7.751999855041504,7.8379998207092285,21253000,2026-10-08
2015-11-20,6.759620666503906,7.8379998207092285,7.9039998054504395,7.791999816894531,7.84499979019165,16078000,2026-10-08
2015-11-23,6.639743804931641,7.698999881744385,7.853000164031982,7.681000232696533,7.829999923706055,17595000,2026-10-08
2015-11-24,6.665618419647217,7.729000091552734,7.769000053405762,7.6479997634887695,7.693999767303467,14523000,2026-10-08
2015-11-25,6.664754867553711,7.728000164031982,7.770999908447266,7.676000118255615,7.72599983215332,10917000,2026-10-08
2015-11-27,6.694939136505127,7.763000011444092,7.797999858856201,7.705999851226807,7.744999885559082,4621000,2026-10-08
2015-11-30,6.744097709655762,7.820000171661377,7.85099983215332,7.728000164031982,7.809999942779541,15733000,2026-10-08
2015-12-01,6.8639726638793945,7.959000110626221,7.960999965667725,7.821000099182129,7.829999923706055,20829000,2026-10-08
2015-12-02,6.782905578613281,7.864999771118164,7.991000175476074,7.855000019073486,7.923999786376953,20615000,2026-10-08
2015-12-03,6.592312335968018,7.644000053405762,7.9730000495910645,7.614999771118164,7.938000202178955,23134000,2026-10-08
2015-12-04,6.699252605438232,7.76800012588501,7.804999828338623,7.640999794006348,7.666999816894531,22788000,2026-10-08
2015-12-07,6.743404865264893,7.789000034332275,7.849999904632568,7.693999767303467,7.756999969482422,17712000,2026-10-08
2015-12-08,6.96071195602417,8.039999961853027,8.069999694824219,7.735000133514404,7.9039998054504395,45033000,2026-10-08
2015-12-09,6.780633926391602,7.831999778747559,8.039999961853027,7.781000137329102,8.022000312805176,23930000,2026-10-08
2015-12-10,6.928677082061768,8.003000259399414,8.067999839782715,7.809000015258789,7.873000144958496,23251000,2026-10-08
2015-12-11,6.829981327056885,7.888999938964844,7.9670000076293945,7.853000164031982,7.9039998054504395,21772000,2026-10-08
2015-12-14,6.714836120605469,7.75600004196167,7.938000202178955,7.666999816894531,7.9079999923706055,19494000,2026-10-08
2015-12-15,6.920019626617432,7.993000030517578,8.0649995803833,7.849999904632568,7.894000053405762,23596000,2026-10-08
2015-12-16,6.94772481918335,8.024999618530273,8.081999778747559,7.828000068664551,8.04800033569336,18288000,2026-10-08
2015-12-17,6.813533306121826,7.869999885559082,8.079000473022461,7.866000175476074,8.048999786376953,15367000,2026-10-08
2015-12-18,6.6698150634765625,7.703999996185303,7.834000110626221,7.689000129699707,7.802000045776367,34096000,2026-10-08
2015-12-21,6.817862510681152,7.875,7.88100004196167,7.715000152587891,7.796000003814697,16266000,2026-10-08
2015-12-22,6.942530155181885,8.019000053405762,8.024999618530273,7.823999881744385,7.948999881744385,14855000,2026-10-08
2015-12-23,6.9624433517456055,8.041999816894531,8.085000038146973,8.005999565124512,8.055999755859375,10406000,2026-10-08
2015-12-24,6.959844589233398,8.038999557495117,8.07800006866455,8.015000343322754,8.020999908447266,4284000,2026-10-08
2015-12-28,6.928677082061768,8.003000259399414,8.017000198364258,7.89300012588501,8.017000198364258,10854000,2026-10-08
2015-12-29,6.991012096405029,8.074999809265137,8.128999710083008,7.9770002365112305,8.050999641418457,13386000,2026-10-08
2015-12-30,6.940800666809082,8.017000198364258,8.123000144958496,7.9770002365112305,8.074999809265137,8644000,2026-10-08
2015-12-31,6.875866889953613,7.941999912261963,8.048999786376953,7.925000190734863,8.01099967956543,10780000,2026-10-08
2016-01-04,6.729552745819092,7.7729997634887695,7.821000099182129,7.683000087738037,7.7769999504089355,26391000,2026-10-08
2016-01-05,6.765915393829346,7.815000057220459,7.855000019073486,7.704999923706055,7.815999984741211,19118000,2026-10-08
2016-01-06,6.368531703948975,7.355999946594238,7.710000038146973,7.251999855041504,7.650000095367432,46047000,2026-10-08
2016-01-07,6.208368301391602,7.171000003814697,7.3520002365112305,7.145999908447266,7.210000038146973,34499000,2026-10-08
2016-01-08,6.101877212524414,7.047999858856201,7.25600004196167,6.942999839782715,7.23799991607666,47360000,2026-10-08
2016-01-11,6.1425676345825195,7.09499979019165,7.13700008392334,6.9670000076293945,7.11299991607666,29843000,2026-10-08
2016-01-12,6.184989929199219,7.144000053405762,7.295000076293945,7.0320000648498535,7.251999855041504,25095000,2026-10-08
2016-01-13,5.980671405792236,6.9079999923706055,7.230000019073486,6.88100004196167,7.160999774932861,31269000,2026-10-08
2016-01-14,6.229145526885986,7.195000171661377,7.283999919891357,6.888000011444092,6.978000164031982,46090000,2026-10-08
2016-01-15,5.883706569671631,6.796000003814697,6.925000190734863,6.613999843597412,6.925000190734863,61037000,2026-10-08
2016-01-19,5.84041690826416,6.745999813079834,6.96999979019165,6.696000099182129,6.9070000648498535,29119000,2026-10-08
2016-01-20,6.023092746734619,6.956999778747559,7.035999774932861,6.702000141143799,6.741000175476074,44482000,2026-10-08
2016-01-21,5.897557735443115,6.811999797821045,7.004000186920166,6.757999897003174,6.994999885559082,39357000,2026-10-08
2016-01-22,5.949504375457764,6.872000217437744,7.046000003814697,6.816999912261963,6.954999923706055,22860000,2026-10-08
2016-01-25,5.88716983795166,6.800000190734863,6.916999816894531,6.7829999923706055,6.916999816894531,25886000,2026-10-08
2016-01-26,5.951235294342041,6.874000072479248,6.892000198364258,6.744999885559082,6.806000232696533,17938000,2026-10-08
2016-01-27,5.8438801765441895,6.75,6.919000148773193,6.723999977111816,6.880000114440918,23587000,2026-10-08
2016-01-28,6.012703895568848,6.945000171661377,7.099999904632568,6.814000129699707,6.85099983215332,42352000,2026-10-08
2016-01-29,6.2152934074401855,7.178999900817871,7.244999885559082,7.002999782562256,7.002999782562256,39171000,2026-10-08
2016-02-01,6.287149429321289,7.26200008392334,7.330999851226807,7.105999946594238,7.119999885559082,27221000,2026-10-08
2016-02-02,6.107936382293701,7.054999828338623,7.223999977111816,7.01200008392334,7.159999847412109,34602000,2026-10-08
2016-02-03,6.1823930740356445,7.140999794006348,7.179999828338623,6.933000087738037,7.132999897003174,33201000,2026-10-08
2016-02-04,6.187588214874268,7.146999835968018,7.206999778747559,7.056000232696533,7.136000156402588,22061000,2026-10-08
2016-02-05,5.9711480140686035,6.896999835968018,7.118000030517578,6.803999900817871,7.085999965667725,29782000,2026-10-08
2016-02-08,5.720943927764893,6.607999801635742,6.835999965667725,6.5,6.798999786376953,25055000,2026-10-08
2016-02-09,5.677656173706055,6.558000087738037,6.639999866485596,6.419000148773193,6.507999897003174,29534000,2026-10-08
2016-02-10,5.668996810913086,6.547999858856201,6.668000221252441,6.510000228881836,6.599999904632568,33111000,2026-10-08
2016-02-11,5.559045314788818,6.421000003814697,6.534999847412109,6.309999942779541,6.441999912261963,39753000,2026-10-08
2016-02-12,5.718345642089844,6.605000019073486,6.6620001792907715,6.425000190734863,6.491000175476074,20491000,2026-10-08
2016-02-16,5.850805759429932,6.757999897003174,6.8470001220703125,6.665999889373779,6.681000232696533,28055000,2026-10-08
2016-02-17,5.995391368865967,6.925000190734863,6.932000160217285,6.7789998054504395,6.811999797821045,32347000,2026-10-08
2016-02-18,5.867257118225098,6.7769999504089355,6.955999851226807,6.7729997634887695,6.955999851226807,26092000,2026-10-08
2016-02-19,6.040408611297607,6.9770002365112305,7.14300012588501,6.938000202178955,6.952000141143799,41125000,2026-10-08
2016-02-22,6.089756488800049,7.033999919891357,7.145999908447266,6.948999881744385,7.019000053405762,36590000,2026-10-08
2016-02-23,5.993656158447266,6.922999858856201,7.034999847412109,6.894999980926514,6.9720001220703125,19528000,2026-10-08
2016-02-24,6.101877212524414,7.047999858856201,7.052999973297119,6.818999767303467,6.875999927520752,19880000,2026-10-08
2016-02-25,6.270700931549072,7.243000030517578,7.245999813079834,7.013999938964844,7.052000045776367,29375000,2026-10-08
2016-02-26,6.390174865722656,7.38100004196167,7.415999889373779,7.249000072479248,7.285999774932861,29899000,2026-10-08
2016-02-29,6.346023082733154,7.329999923706055,7.461999893188477,7.309000015258789,7.339000225067139,25501000,2026-10-08
2016-03-01,6.542548656463623,7.557000160217285,7.593999862670898,7.308000087738037,7.349999904632568,29376000,2026-10-08
2016-03-02,6.454241752624512,7.454999923706055,7.590000152587891,7.382999897003174,7.533999919891357,24210000,2026-10-08
2016-03-03,6.4819464683532715,7.486999988555908,7.5,7.389999866485596,7.454999923706055,14015000,2026-10-08
2016-03-04,6.435194492340088,7.433000087738037,7.525000095367432,7.381999969482422,7.521999835968018,16242000,2026-10-08
2016-03-07,6.522992134094238,7.504000186920166,7.507999897003174,7.359000205993652,7.376999855041504,22362000,2026-10-08
2016-03-08,6.375214576721191,7.334000110626221,7.508999824523926,7.327000141143799,7.473999977111816,32819000,2026-10-08
2016-03-09,6.416070938110352,7.38100004196167,7.440000057220459,7.306000232696533,7.355000019073486,16431000,2026-10-08
2016-03-10,6.539506912231445,7.5229997634887695,7.5960001945495605,7.382999897003174,7.413000106811523,29652000,2026-10-08
2016-03-11,6.621218204498291,7.617000102996826,7.650000095367432,7.521999835968018,7.568999767303467,21392000,2026-10-08
2016-03-14,6.686413288116455,7.691999912261963,7.699999809265137,7.556000232696533,7.565999984741211,15623000,2026-10-08
2016-03-15,6.707277774810791,7.716000080108643,7.748000144958496,7.6529998779296875,7.705999851226807,23473000,2026-10-08
2016-03-16,6.763779163360596,7.781000137329102,7.785999774932861,7.650000095367432,7.710000038146973,23516000,2026-10-08
2016-03-17,6.889822959899902,7.926000118255615,7.949999809265137,7.748000144958496,7.85699987411499,26618000,2026-10-08
2016-03-18,6.903730869293213,7.941999912261963,8.00100040435791,7.882999897003174,7.956999778747559,26734000,2026-10-08
2016-03-21,6.933286666870117,7.97599983215332,7.980000019073486,7.894999980926514,7.919000148773193,15537000,2026-10-08
2016-03-22,6.969794750213623,8.017999649047852,8.043000221252441,7.910999774932861,8.005000114440918,14955000,2026-10-08
2016-03-23,6.8985161781311035,7.935999870300293,8.00100040435791,7.932000160217285,7.985000133514404,20111000,2026-10-08
2016-03-24,6.856790065765381,7.888000011444092,7.889999866485596,7.749000072479248,7.874000072479248,21566000,2026-10-08
2016-03-28,6.878522872924805,7.913000106811523,7.959000110626221,7.888999938964844,7.947000026702881,15731000,2026-10-08
2016-03-29,7.122786998748779,8.194000244140625,8.204999923706055,7.875,7.913000106811523,32982000,2026-10-08
2016-03-30,7.144519805908203,8.218999862670898,8.35099983215332,8.185999870300293,8.255999565124512,26588000,2026-10-08
2016-03-31,7.180159091949463,8.260000228881836,8.305999755859375,8.093999862670898,8.180999755859375,38577000,2026-10-08
2016-04-01,7.208844184875488,8.293000221252441,8.314000129699707,8.168999671936035,8.227999687194824,29086000,2026-10-08
2016-04-04,7.194066047668457,8.276000022888184,8.29800033569336,8.182999610900879,8.29800033569336,20483000,2026-10-08
2016-04-05,7.101054668426514,8.168999671936035,8.27299976348877,8.156000137329102,8.182000160217285,18806000,2026-10-08
2016-04-06,7.181897163391113,8.26200008392334,8.270000457763672,8.12600040435791,8.154000282287598,21872000,2026-10-08
2016-04-07,7.060201168060303,8.121999740600586,8.25,8.045000076293945,8.206999778747559,25002000,2026-10-08
2016-04-08,7.051506519317627,8.112000465393066,8.244999885559082,8.069000244140625,8.204000473022461,17133000,2026-10-08
2016-04-11,7.074105739593506,8.137999534606934,8.229999542236328,8.128999710083008,8.229000091552734,16303000,2026-10-08
2016-04-12,7.0758466720581055,8.140000343322754,8.199999809265137,8.029000282287598,8.170000076293945,23999000,2026-10-08
2016-04-13,7.198411464691162,8.281000137329102,8.281999588012695,8.163999557495117,8.218000411987305,25626000,2026-10-08
2016-04-14,7.094101905822754,8.16100025177002,8.229999542236328,8.071999549865723,8.164999961853027,27628000,2026-10-08
2016-04-15,7.096709251403809,8.163999557495117,8.189000129699707,8.03499984741211,8.10200023651123,28808000,2026-10-08
2016-04-18,7.1332173347473145,8.206000328063965,8.241999626159668,8.111000061035156,8.166999816894531,27070000,2026-10-08
2016-04-19,7.194936275482178,8.277000427246094,8.307000160217285,8.178999900817871,8.25,29296000,2026-10-08
2016-04-20,7.186243534088135,8.267000198364258,8.300000190734863,8.079000473022461,8.236000061035156,40791000,2026-10-08
2016-04-21,7.025428771972656,8.081999778747559,8.383000373840332,8.020999908447266,8.270999908447266,39953000,2026-10-08
2016-04-22,7.010651588439941,8.0649995803833,8.180999755859375,8.008999824523926,8.076000213623047,22231000,2026-10-08
2016-04-25,6.973273277282715,8.022000312805176,8.092000007629395,7.953000068664551,8.071999549865723,22319000,2026-10-08
2016-04-26,6.975880146026611,8.024999618530273,8.140000343322754,7.974999904632568,8.057999610900879,27111000,2026-10-08
2016-04-27,7.038467884063721,8.097000122070312,8.116000175476074,7.96999979019165,8.03499984741211,37842000,2026-10-08
2016-04-28,6.7942047119140625,7.815999984741211,8.038000106811523,7.796000003814697,7.99399995803833,32342000,2026-10-08
2016-04-29,6.6412129402160645,7.639999866485596,7.795000076293945,7.567999839782715,7.7829999923706055,45481000,2026-10-08
2016-05-02,6.657728672027588,7.658999919891357,7.7179999351501465,7.578000068664551,7.639999866485596,37206000,2026-10-08
2016-05-03,6.582971096038818,7.572999954223633,7.629000186920166,7.535999774932861,7.572999954223633,33256000,2026-10-08
2016-05-04,6.510820388793945,7.489999771118164,7.624000072479248,7.461999893188477,7.541999816894531,34570000,2026-10-08
2016-05-05,6.523861408233643,7.505000114440918,7.583000183105469,7.480000019073486,7.504000186920166,28724000,2026-10-08
2016-05-06,6.514297962188721,7.49399995803833,7.53000020980835,7.422999858856201,7.484000205993652,23526000,2026-10-08
2016-05-09,6.488220691680908,7.464000225067139,7.539999961853027,7.432000160217285,7.5,24404000,2026-10-08
2016-05-10,6.6020965576171875,7.59499979019165,7.5980000495910645,7.454999923706055,7.49399995803833,27559000,2026-10-08
2016-05-11,6.572540283203125,7.560999870300293,7.609000205993652,7.531000137329102,7.541999816894531,19133000,2026-10-08
2016-05-12,6.510820388793945,7.489999771118164,7.603000164031982,7.408999919891357,7.583000183105469,23329000,2026-10-08
2016-05-13,6.462142467498779,7.434000015258789,7.498000144958496,7.421000003814697,7.4730000495910645,21518000,2026-10-08
2016-05-16,6.385647773742676,7.3460001945495605,7.390999794006348,7.199999809265137,7.218999862670898,41157000,2026-10-08
2016-05-17,6.357831001281738,7.314000129699707,7.390999794006348,7.291999816894531,7.364999771118164,33567000,2026-10-08
2016-05-18,6.429978370666504,7.396999835968018,7.47599983215332,7.296000003814697,7.324999809265137,23346000,2026-10-08
2016-05-19,6.373477935791016,7.331999778747559,7.40500020980835,7.298999786376953,7.366000175476074,18216000,2026-10-08
2016-05-20,6.665551662445068,7.668000221252441,7.699999809265137,7.501999855041504,7.5269999504089355,34951000,2026-10-08
2016-05-23,6.677721977233887,7.682000160217285,7.735000133514404,7.614999771118164,7.664999961853027,32350000,2026-10-08
2016-05-24,6.890691757202148,7.927000045776367,7.958000183105469,7.751999855041504,7.761000156402588,35927000,2026-10-08
2016-05-25,7.008044242858887,8.062000274658203,8.081000328063965,7.920000076293945,7.960000038146973,29496000,2026-10-08
2016-05-26,7.0428147315979,8.10200023651123,8.119000434875488,8.027999877929688,8.043999671936035,19299000,2026-10-08
2016-05-27,7.212320327758789,8.29699993133545,8.33899974822998,8.118000030517578,8.119999885559082,37361000,2026-10-08
2016-05-31,7.198411464691162,8.281000137329102,8.303999900817871,8.20199966430664,8.262999534606934,25743000,2026-10-08
2016-06-01,7.226230621337891,8.312999725341797,8.322999954223633,8.20199966430664,8.253999710083008,21976000,2026-10-08
2016-06-02,7.269693374633789,8.36299991607666,8.430999755859375,8.274999618530273,8.303999900817871,28289000,2026-10-08
2016-06-03,7.2236223220825195,8.3100004196167,8.338000297546387,8.251999855041504,8.32800006866455,16469000,2026-10-08
2016-06-06,7.181746959686279,8.232000350952148,8.343000411987305,8.21500015258789,8.322999954223633,15165000,2026-10-08
2016-06-07,7.2384514808654785,8.29699993133545,8.326000213623047,8.229999542236328,8.28499984741211,16950000,2026-10-08
2016-06-08,7.275094985961914,8.33899974822998,8.354000091552734,8.267999649047852,8.288999557495117,12600000,2026-10-08
2016-06-09,7.296032905578613,8.36299991607666,8.369000434875488,8.213000297546387,8.267000198364258,15744000,2026-10-08
2016-06-10,7.18610954284668,8.237000465393066,8.26200008392334,8.178999900817871,8.229000091552734,16472000,2026-10-08
2016-06-13,7.152083873748779,8.197999954223633,8.28499984741211,8.119999885559082,8.154999732971191,14150000,2026-10-08
2016-06-14,7.151211261749268,8.196999549865723,8.225000381469727,8.121000289916992,8.168000221252441,14777000,2026-10-08
2016-06-15,7.195705413818359,8.248000144958496,8.321000099182129,8.192000389099121,8.258999824523926,16324000,2026-10-08
2016-06-16,7.212281227111816,8.267000198364258,8.281000137329102,8.13599967956543,8.175000190734863,13147000,2026-10-08
2016-06-17,7.231473445892334,8.288999557495117,8.289999961853027,8.173999786376953,8.25100040435791,23625000,2026-10-08
2016-06-20,7.352739334106445,8.428000450134277,8.475000381469727,8.357000350952148,8.397000312805176,26427000,2026-10-08
2016-06-21,7.385890483856201,8.465999603271484,8.5,8.406999588012695,8.468000411987305,13293000,2026-10-08
2016-06-22,7.472259998321533,8.5649995803833,8.58899974822998,8.435999870300293,8.446000099182129,24757000,2026-10-08
2016-06-23,7.605742931365967,8.718000411987305,8.718999862670898,8.614999771118164,8.628000259399414,26069000,2026-10-08
2016-06-24,7.178255558013916,8.227999687194824,8.579999923706055,8.227999687194824,8.298999786376953,57407000,2026-10-08
2016-06-27,6.975855350494385,7.995999813079834,8.182999610900879,7.914999961853027,8.135000228881836,30005000,2026-10-08
2016-06-28,7.125038146972656,8.166999816894531,8.168999671936035,8.050999641418457,8.100000381469727,23907000,2026-10-08
2016-06-29,7.171276092529297,8.220000267028809,8.369000434875488,8.126999855041504,8.253000259399414,41046000,2026-10-08
2016-06-30,7.333547592163086,8.406000137329102,8.406000137329102,8.218000411987305,8.281000137329102,28456000,2026-10-08
2016-07-01,7.239326000213623,8.29800033569336,8.395000457763672,8.279000282287598,8.395000457763672,17317000,2026-10-08
2016-07-05,7.144232273101807,8.189000129699707,8.272000312805176,8.097999572753906,8.270999908447266,18344000,2026-10-08
2016-07-06,7.150338172912598,8.196000099182129,8.217000007629395,8.067999839782715,8.149999618530273,19814000,2026-10-08
2016-07-07,7.157317638397217,8.204000473022461,8.321000099182129,8.152999877929688,8.217000007629395,18297000,2026-10-08
2016-07-08,7.405083179473877,8.48799991607666,8.527999877929688,8.262999534606934,8.288999557495117,26671000,2026-10-08
2016-07-11,7.53158712387085,8.633000373840332,8.668000221252441,8.5,8.54699993133545,19219000,2026-10-08
2016-07-12,7.698219299316406,8.824000358581543,8.831000328063965,8.699999809265137,8.72599983215332,23584000,2026-10-08
2016-07-13,7.7313690185546875,8.862000465393066,8.937000274658203,8.821999549865723,8.848999977111816,20752000,2026-10-08
2016-07-14,7.666810512542725,8.788000106811523,8.975000381469727,8.781999588012695,8.951000213623047,24625000,2026-10-08
2016-07-15,7.725264072418213,8.854999542236328,8.883999824523926,8.762999534606934,8.819000244140625,18341000,2026-10-08
2016-07-18,7.793313503265381,8.932999610900879,8.968999862670898,8.842000007629395,8.961999893188477,18090000,2026-10-08
2016-07-19,7.808142185211182,8.949999809265137,9.0,8.815999984741211,8.878000259399414,16981000,2026-10-08
2016-07-20,7.957328796386719,9.121000289916992,9.149999618530273,8.946000099182129,9.0,25363000,2026-10-08
2016-07-21,7.792436599731445,8.932000160217285,9.133999824523926,8.899999618530273,9.11299991607666,21625000,2026-10-08
2016-07-22,7.856126308441162,9.005000114440918,9.034000396728516,8.89900016784668,8.968999862670898,12803000,2026-10-08
2016-07-25,7.907597064971924,9.064000129699707,9.069999694824219,8.96399974822998,9.005999565124512,12959000,2026-10-08
2016-07-26,7.9913482666015625,9.15999984741211,9.218000411987305,9.03600025177002,9.119999885559082,25704000,2026-10-08
2016-07-27,8.022760391235352,9.196000099182129,9.229000091552734,9.097000122070312,9.220000267028809,26717000,2026-10-08
2016-07-28,8.120466232299805,9.307999610900879,9.380000114440918,9.15999984741211,9.293999671936035,28245000,2026-10-08
2016-07-29,7.831696033477783,8.97700023651123,9.305000305175781,8.967000007629395,9.305000305175781,32595000,2026-10-08
2016-08-01,7.920682430267334,9.079000473022461,9.095999717712402,8.979000091552734,9.017000198364258,16605000,2026-10-08
2016-08-02,7.82820987701416,8.972999572753906,9.109000205993652,8.895999908447266,9.060999870300293,22353000,2026-10-08
2016-08-03,7.920682430267334,9.079000473022461,9.079999923706055,8.918999671936035,8.934000015258789,22028000,2026-10-08
2016-08-04,8.02013874053955,9.192999839782715,9.199999809265137,9.03600025177002,9.083000183105469,21359000,2026-10-08
2016-08-05,8.135298728942871,9.324999809265137,9.329999923706055,9.175000190734863,9.199999809265137,15073000,2026-10-08
2016-08-08,8.089058876037598,9.272000312805176,9.329999923706055,9.24899959564209,9.315999984741211,15654000,2026-10-08
2016-08-09,8.138789176940918,9.329000473022461,9.345000267028809,9.262999534606934,9.29699993133545,13334000,2026-10-08
2016-08-10,7.774117946624756,8.91100025177002,9.319000244140625,8.812999725341797,9.305999755859375,70457000,2026-10-08
2016-08-11,7.75492525100708,8.888999938964844,8.987000465393066,8.857999801635742,8.914999961853027,47197000,2026-10-08
2016-08-12,7.780228137969971,8.918000221252441,9.019000053405762,8.85099983215332,8.906000137329102,20880000,2026-10-08
2016-08-15,7.916321754455566,9.074000358581543,9.13700008392334,8.90999984741211,8.916999816894531,21240000,2026-10-08
2016-08-16,7.839550971984863,8.986000061035156,9.093999862670898,8.984000205993652,9.043000221252441,20370000,2026-10-08
2016-08-17,7.870082855224609,9.020999908447266,9.067999839782715,8.949999809265137,8.956999778747559,19616000,2026-10-08
2016-08-18,7.932898998260498,9.093000411987305,9.109999656677246,9.0,9.050000190734863,16543000,2026-10-08
2016-08-19,8.130066871643066,9.319000244140625,9.359999656677246,9.145999908447266,9.225000381469727,27564000,2026-10-08
2016-08-22,8.130936622619629,9.319999694824219,9.369999885559082,9.239999771118164,9.281000137329102,15401000,2026-10-08
2016-08-23,8.190260887145996,9.387999534606934,9.48799991607666,9.347000122070312,9.4350004196167,25309000,2026-10-08
2016-08-24,8.086443901062012,9.269000053405762,9.416999816894531,9.234000205993652,9.390000343322754,16116000,2026-10-08
2016-08-25,8.151871681213379,9.343999862670898,9.395000457763672,9.260000228881836,9.279000282287598,16897000,2026-10-08
2016-08-26,8.184152603149414,9.380999565124512,9.414999961853027,9.276000022888184,9.340999603271484,16892000,2026-10-08
2016-08-29,8.230390548706055,9.434000015258789,9.57699966430664,9.300999641418457,9.38599967956543,17031000,2026-10-08
2016-08-30,8.111742973327637,9.29800033569336,9.475000381469727,9.27400016784668,9.454999923706055,22246000,2026-10-08
2016-08-31,8.141406059265137,9.331999778747559,9.347999572753906,9.230999946594238,9.300000190734863,17341000,2026-10-08
2016-09-01,8.255694389343262,9.463000297546387,9.47700023651123,9.279000282287598,9.359999656677246,18994000,2026-10-08
2016-09-02,8.232134819030762,9.435999870300293,9.541000366210938,9.369000434875488,9.52400016784668,16194000,2026-10-08
2016-09-06,8.174559593200684,9.369999885559082,9.484999656677246,9.312000274658203,9.387999534606934,19756000,2026-10-08
2016-09-07,8.204216957092285,9.404000282287598,9.447999954223633,9.33899974822998,9.345000267028809,24651000,2026-10-08
2016-09-08,8.163214683532715,9.357000350952148,9.423999786376953,9.315999984741211,9.350000381469727,11960000,2026-10-08
2016-09-09,7.954706192016602,9.118000030517578,9.291999816894531,9.104999542236328,9.263999938964844,26965000,2026-10-08
2016-09-12,8.163902282714844,9.32699966430664,9.359000205993652,8.979999542236328,8.984999656677246,18557000,2026-10-08
2016-09-13,8.012478828430176,9.154000282287598,9.317000389099121,9.098999977111816,9.246000289916992,23689000,2026-10-08
2016-09-14,8.01510238647461,9.156999588012695,9.21399974822998,9.093000411987305,9.178000450134277,25953000,2026-10-08
2016-09-15,8.171781539916992,9.336000442504883,9.369999885559082,9.156999588012695,9.156999588012695,26426000,2026-10-08
2016-09-16,8.13676929473877,9.295999526977539,9.383999824523926,9.194000244140625,9.317999839782715,20910000,2026-10-08
2016-09-19,8.065869331359863,9.21500015258789,9.385000228881836,9.1899995803833,9.378000259399414,16126000,2026-10-08
2016-09-20,8.050992012023926,9.197999954223633,9.310999870300293,9.17199993133545,9.265000343322754,18698000,2026-10-08
2016-09-21,8.165654182434082,9.329000473022461,9.331000328063965,9.180000305175781,9.251999855041504,18465000,2026-10-08
2016-09-22,8.113136291503906,9.269000053405762,9.387999534606934,9.208999633789062,9.357999801635742,26505000,2026-10-08
2016-09-23,8.033489227294922,9.178000450134277,9.295000076293945,9.17199993133545,9.243000030517578,17246000,2026-10-08
2016-09-26,8.00109577178955,9.140999794006348,9.173999786376953,9.097000122070312,9.151000022888184,17027000,2026-10-08
2016-09-27,8.097387313842773,9.25100040435791,9.263999938964844,9.055999755859375,9.055999755859375,16801000,2026-10-08
2016-09-28,8.135016441345215,9.293999671936035,9.319999694824219,9.218000411987305,9.272000312805176,12275000,2026-10-08
2016-09-29,8.16040325164795,9.322999954223633,9.40999984741211,9.248000144958496,9.289999961853027,31040000,2026-10-08
2016-09-30,8.289947509765625,9.470999717712402,9.538999557495117,9.342000007629395,9.366999626159668,31943000,2026-10-08
2016-10-03,8.279444694519043,9.458999633789062,9.532999992370605,9.407999992370605,9.414999961853027,20125000,2026-10-08
2016-10-04,8.300451278686523,9.482999801635742,9.539999961853027,9.425999641418457,9.456000328063965,26870000,2026-10-08
2016-10-05,8.417741775512695,9.616999626159668,9.649999618530273,9.4399995803833,9.470999717712402,31943000,2026-10-08
2016-10-06,8.769609451293945,10.019000053405762,10.04699993133545,9.781999588012695,9.885000228881836,102746000,2026-10-08
2016-10-07,8.783614158630371,10.03499984741211,10.08899974822998,9.881999969482422,9.986000061035156,57971000,2026-10-08
2016-10-10,8.941168785095215,10.21500015258789,10.244000434875488,10.060999870300293,10.097000122070312,34845000,2026-10-08
2016-10-11,8.717090606689453,9.958999633789062,10.163999557495117,9.86400032043457,10.16100025177002,49126000,2026-10-08
2016-10-12,8.637439727783203,9.868000030517578,9.909000396728516,9.680999755859375,9.819000244140625,39608000,2026-10-08
2016-10-13,8.554286003112793,9.77299976348877,9.812000274658203,9.690999984741211,9.812000274658203,34514000,2026-10-08
2016-10-14,8.597179412841797,9.821999549865723,9.916000366210938,9.812999725341797,9.831999778747559,26809000,2026-10-08
2016-10-17,8.583169937133789,9.805999755859375,9.91100025177002,9.748000144958496,9.788999557495117,22069000,2026-10-08
2016-10-18,8.706589698791504,9.946999549865723,9.968999862670898,9.854999542236328,9.904999732971191,28860000,2026-10-08
2016-10-19,8.728473663330078,9.972000122070312,10.017999649047852,9.920000076293945,9.967000007629395,42824000,2026-10-08
2016-10-20,8.485138893127441,9.694000244140625,10.095999717712402,9.586999893188477,10.0,79213000,2026-10-08
2016-10-21,8.543781280517578,9.76099967956543,9.913000106811523,9.673999786376953,9.675999641418457,43299000,2026-10-08
2016-10-24,8.663702964782715,9.89799976348877,9.930000305175781,9.800999641418457,9.845000267028809,20647000,2026-10-08
2016-10-25,8.584922790527344,9.807999610900879,9.916999816894531,9.791000366210938,9.913999557495117,22177000,2026-10-08
2016-10-26,8.566540718078613,9.786999702453613,9.868000030517578,9.73900032043457,9.77299976348877,23556000,2026-10-08
2016-10-27,8.464133262634277,9.670000076293945,9.890000343322754,9.652000427246094,9.859000205993652,23278000,2026-10-08
2016-10-28,8.421242713928223,9.621000289916992,9.779999732971191,9.60200023651123,9.722000122070312,16037000,2026-10-08
2016-10-31,8.47813606262207,9.685999870300293,9.741000175476074,9.63599967956543,9.690999984741211,20068000,2026-10-08
2016-11-01,8.407236099243164,9.604999542236328,9.743000030517578,9.508999824523926,9.715999603271484,25338000,2026-10-08
2016-11-02,8.389729499816895,9.585000038146973,9.663000106811523,9.479999542236328,9.586999893188477,28461000,2026-10-08
2016-11-03,8.336339950561523,9.52400016784668,9.593999862670898,9.494000434875488,9.586999893188477,23438000,2026-10-08
2016-11-04,8.315330505371094,9.5,9.616999626159668,9.369000434875488,9.4350004196167,22269000,2026-10-08
2016-11-07,8.622562408447266,9.85099983215332,9.857999801635742,9.645999908447266,9.64799976348877,36571000,2026-10-08
2016-11-08,8.67595100402832,9.911999702453613,9.96500015258789,9.791000366210938,9.85099983215332,15031000,2026-10-08
2016-11-09,8.578794479370117,9.800999641418457,9.824000358581543,9.628000259399414,9.678999900817871,19643000,2026-10-08
2016-11-10,8.400235176086426,9.597000122070312,9.944000244140625,9.48900032043457,9.812999725341797,27073000,2026-10-08
2016-11-11,8.533282279968262,9.74899959564209,9.763999938964844,9.510000228881836,9.581999778747559,16933000,2026-10-08
2016-11-14,8.622562408447266,9.85099983215332,9.892000198364258,9.75100040435791,9.779999732971191,17691000,2026-10-08
2016-11-15,8.851012229919434,10.112000465393066,10.145999908447266,9.916999816894531,9.991999626159668,19964000,2026-10-08
2016-11-16,8.861517906188965,10.12399959564209,10.128999710083008,10.008000373840332,10.07699966430664,12919000,2026-10-08
2016-11-17,9.085592269897461,10.380000114440918,10.385000228881836,10.071999549865723,10.157999992370605,18394000,2026-10-08
2016-11-18,9.16524600982666,10.470999717712402,10.725000381469727,10.314000129699707,10.343999862670898,37095000,2026-10-08
2016-11-21,9.299165725708008,10.62399959564209,10.628999710083008,10.465999603271484,10.491000175476074,21359000,2026-10-08
2016-11-22,9.34030818939209,10.670999526977539,10.737000465393066,10.607000350952148,10.687999725341797,19796000,2026-10-08
2016-11-23,9.361310958862305,10.694999694824219,10.706000328063965,10.569999694824219,10.670000076293945,14553000,2026-10-08
2016-11-25,9.412955284118652,10.753999710083008,10.772000312805176,10.630999565124512,10.694999694824219,7896000,2026-10-08
2016-11-28,9.345558166503906,10.677000045776367,10.803999900817871,10.668999671936035,10.741999626159668,20463000,2026-10-08
2016-11-29,9.415578842163086,10.756999969482422,10.819999694824219,10.656999588012695,10.729000091552734,22709000,2026-10-08
2016-11-30,9.27991008758545,10.60200023651123,10.798999786376953,10.600000381469727,10.755000114440918,18767000,2026-10-08
2016-12-01,8.628687858581543,9.857999801635742,10.571999549865723,9.779000282287598,10.5649995803833,67595000,2026-10-08
2016-12-02,8.795867919921875,10.048999786376953,10.152000427246094,9.835000038146973,9.918999671936035,28442000,2026-10-08
2016-12-05,8.96304988861084,10.239999771118164,10.279999732971191,10.057999610900879,10.142000198364258,29873000,2026-10-08
2016-12-06,9.019947052001953,10.305000305175781,10.39799976348877,10.187999725341797,10.39799976348877,24204000,2026-10-08
2016-12-07,9.326300621032715,10.654999732971191,10.654999732971191,10.269000053405762,10.298999786376953,27800000,2026-10-08
2016-12-08,9.378816604614258,10.71500015258789,10.763999938964844,10.574999809265137,10.609999656677246,12613000,2026-10-08
2016-12-09,9.110980033874512,10.409000396728516,10.720000267028809,10.322999954223633,10.656000137329102,22276000,2026-10-08
2016-12-12,9.110097885131836,10.36299991607666,10.437999725341797,10.300999641418457,10.33899974822998,12616000,2026-10-08
2016-12-13,9.147900581359863,10.406000137329102,10.486000061035156,10.371000289916992,10.416000366210938,13706000,2026-10-08
2016-12-14,9.181304931640625,10.444000244140625,10.54699993133545,10.366999626159668,10.39799976348877,14092000,2026-10-08
2016-12-15,9.32898998260498,10.612000465393066,10.668000221252441,10.401000022888184,10.461999893188477,14374000,2026-10-08
2016-12-16,9.18217945098877,10.444999694824219,10.687999725341797,10.428000450134277,10.609999656677246,26211000,2026-10-08
2016-12-19,9.405476570129395,10.699000358581543,10.859999656677246,10.652999877929688,10.67300033569336,22227000,2026-10-08
2016-12-20,9.393169403076172,10.6850004196167,10.819000244140625,10.651000022888184,10.819000244140625,13103000,2026-10-08
2016-12-21,9.360642433166504,10.64799976348877,10.75,10.640999794006348,10.668000221252441,11676000,2026-10-08
2016-12-22,9.467011451721191,10.769000053405762,10.819000244140625,10.6850004196167,10.687000274658203,13865000,2026-10-08
2016-12-23,9.499539375305176,10.805999755859375,10.812000274658203,10.706000328063965,10.741999626159668,10003000,2026-10-08
2016-12-27,9.584811210632324,10.902999877929688,10.954999923706055,10.82800006866455,10.854000091552734,7937000,2026-10-08
2016-12-28,9.456461906433105,10.756999969482422,11.03499984741211,10.75100040435791,10.989999771118164,10963000,2026-10-08
2016-12-29,9.419539451599121,10.71500015258789,10.751999855041504,10.637999534606934,10.748000144958496,12156000,2026-10-08
2016-12-30,9.294710159301758,10.572999954223633,10.996999740600586,10.529999732971191,10.788999557495117,8979000,2026-10-08
2017-01-03,9.42920970916748,10.72599983215332,10.855999946594238,10.579000473022461,10.668000221252441,19372000,2026-10-08
2017-01-04,9.434486389160156,10.732000350952148,10.810999870300293,10.690999984741211,10.76099967956543,12974000,2026-10-08
2017-01-05,9.413387298583984,10.708000183105469,10.878000259399414,10.706999778747559,10.751999855041504,16343000,2026-10-08
2017-01-06,9.459097862243652,10.760000228881836,10.788000106811523,10.607999801635742,10.687999725341797,12036000,2026-10-08
2017-01-09,9.569866180419922,10.88599967956543,10.984999656677246,10.779000282287598,10.779999732971191,14401000,2026-10-08
2017-01-10,9.535582542419434,10.847000122070312,10.89900016784668,10.777999877929688,10.897000312805176,13177000,2026-10-08
2017-01-11,9.581294059753418,10.89900016784668,10.899999618530273,10.777000427246094,10.868000030517578,12718000,2026-10-08
2017-01-12,9.509208679199219,10.817000389099121,10.87399959564209,10.680000305175781,10.87399959564209,9962000,2026-10-08
2017-01-13,9.717554092407227,11.053999900817871,11.109999656677246,10.86299991607666,10.871000289916992,14986000,2026-10-08
2017-01-17,9.590965270996094,10.90999984741211,11.0600004196167,10.845999717712402,11.032999992370605,15027000,2026-10-08
2017-01-18,9.779091835021973,11.12399959564209,11.128999710083008,10.932999610900879,10.996000289916992,17156000,2026-10-08
2017-01-19,9.743927001953125,11.083999633789062,11.241000175476074,11.050000190734863,11.138999938964844,18704000,2026-10-08
2017-01-20,9.876675605773926,11.234999656677246,11.282999992370605,11.133999824523926,11.190999984741211,17275000,2026-10-08
2017-01-23,9.913594245910645,11.277000427246094,11.41100025177002,11.220999717712402,11.300999641418457,25202000,2026-10-08
2017-01-24,10.077986717224121,11.46399974822998,11.484999656677246,11.3100004196167,11.3100004196167,17293000,2026-10-08
2017-01-25,10.278422355651855,11.692000389099121,11.720999717712402,11.45199966430664,11.654000282287598,34975000,2026-10-08
2017-01-26,10.050734519958496,11.432999610900879,11.616000175476074,11.28600025177002,11.503000259399414,37892000,2026-10-08
2017-01-27,10.394462585449219,11.824000358581543,11.913999557495117,11.53499984741211,11.562000274658203,36180000,2026-10-08
2017-01-30,10.197542190551758,11.600000381469727,11.699999809265137,11.472000122070312,11.678000450134277,26173000,2026-10-08
2017-01-31,10.09732723236084,11.486000061035156,11.63599967956543,11.45199966430664,11.595999717712402,23845000,2026-10-08
2017-02-01,10.350506782531738,11.77400016784668,11.776000022888184,11.552000045776367,11.590999603271484,21155000,2026-10-08
2017-02-02,10.305671691894531,11.722999572753906,11.795000076293945,11.61400032043457,11.75,12034000,2026-10-08
2017-02-03,10.342595100402832,11.765000343322754,11.817000389099121,11.690999984741211,11.75,11287000,2026-10-08
2017-02-06,10.299516677856445,11.715999603271484,11.800000190734863,11.684000015258789,11.800000190734863,11389000,2026-10-08
2017-02-07,10.285453796386719,11.699999809265137,11.788000106811523,11.614999771118164,11.788000106811523,35541000,2026-10-08
2017-02-08,10.186114311218262,11.586999893188477,11.75100040435791,11.569999694824219,11.75,23344000,2026-10-08
2017-02-09,10.197542190551758,11.600000381469727,11.645999908447266,11.574000358581543,11.645999908447266,13572000,2026-10-08
2017-02-10,10.196662902832031,11.598999977111816,11.657999992370605,11.494999885559082,11.656999588012695,15428000,2026-10-08
2017-02-13,10.220399856567383,11.62600040435791,11.767000198364258,11.616999626159668,11.70199966430664,9434000,2026-10-08
2017-02-14,10.165014266967773,11.562999725341797,11.626999855041504,11.468999862670898,11.600000381469727,12144000,2026-10-08
2017-02-15,10.217761039733887,11.623000144958496,11.63700008392334,11.503000259399414,11.58899974822998,13444000,2026-10-08
2017-02-16,10.071832656860352,11.456999778747559,11.682999610900879,11.319999694824219,11.680000305175781,31087000,2026-10-08
2017-02-17,10.100841522216797,11.489999771118164,11.489999771118164,11.364999771118164,11.428999900817871,21121000,2026-10-08
2017-02-21,10.357539176940918,11.781999588012695,11.795999526977539,11.482000350952148,11.489999771118164,23757000,2026-10-08
2017-02-22,10.42435073852539,11.857999801635742,11.859000205993652,11.701000213623047,11.762999534606934,16106000,2026-10-08
2017-02-23,10.349623680114746,11.77299976348877,11.930999755859375,11.652000427246094,11.928000450134277,13509000,2026-10-08
2017-02-24,10.4428129196167,11.878999710083008,11.880999565124512,11.569999694824219,11.663000106811523,12681000,2026-10-08
2017-02-27,10.486767768859863,11.928999900817871,11.9399995803833,11.777000427246094,11.82699966430664,16313000,2026-10-08
2017-02-28,10.420833587646484,11.854000091552734,11.942000389099121,11.8149995803833,11.902999877929688,23343000,2026-10-08
2017-03-01,10.520170211791992,11.967000007629395,11.991000175476074,11.831000328063965,11.897000312805176,23292000,2026-10-08
2017-03-02,10.415558815002441,11.847999572753906,11.95199966430664,11.8100004196167,11.894000053405762,11032000,2026-10-08
2017-03-03,10.427865028381348,11.862000465393066,11.883999824523926,11.75100040435791,11.833000183105469,10085000,2026-10-08
2017-03-06,10.444635391235352,11.836000442504883,11.845000267028809,11.640000343322754,11.729000091552734,14058000,2026-10-08
2017-03-07,10.362564086914062,11.743000030517578,11.890000343322754,11.717000007629395,11.836999893188477,14372000,2026-10-08
2017-03-08,10.389037132263184,11.77299976348877,11.829000473022461,11.725000381469727,11.777000427246094,8267000,2026-10-08
2017-03-09,10.373153686523438,11.755000114440918,11.809000015258789,11.694000244140625,11.75,7229000,2026-10-08
2017-03-10,10.642303466796875,12.0600004196167,12.088000297546387,11.836999893188477,11.836999893188477,18991000,2026-10-08
2017-03-13,10.801141738891602,12.239999771118164,12.265000343322754,12.0,12.0600004196167,18040000,2026-10-08
2017-03-14,10.796728134155273,12.234999656677246,12.255000114440918,12.116999626159668,12.206999778747559,12561000,2026-10-08
2017-03-15,10.957331657409668,12.416999816894531,12.449000358581543,12.225000381469727,12.253999710083008,26203000,2026-10-08
2017-03-16,11.116174697875977,12.597000122070312,12.621000289916992,12.416999816894531,12.449999809265137,21504000,2026-10-08
2017-03-17,11.161177635192871,12.64799976348877,12.744000434875488,12.616000175476074,12.687000274658203,19718000,2026-10-08
2017-03-20,11.19471263885498,12.685999870300293,12.765999794006348,12.633000373840332,12.663999557495117,14134000,2026-10-08
2017-03-21,10.966157913208008,12.427000045776367,12.763999938964844,12.399999618530273,12.72599983215332,18545000,2026-10-08
2017-03-22,11.065875053405762,12.539999961853027,12.543000221252441,12.395999908447266,12.407999992370605,12229000,2026-10-08
2017-03-23,11.061460494995117,12.53499984741211,12.628000259399414,12.482000350952148,12.524999618530273,11623000,2026-10-08
2017-03-24,11.248541831970215,12.746999740600586,12.9350004196167,12.67199993133545,12.715999603271484,19983000,2026-10-08
2017-03-27,11.27766227722168,12.779999732971191,12.83899974822998,12.5649995803833,12.60200023651123,13431000,2026-10-08
2017-03-28,11.273247718811035,12.774999618530273,12.854999542236328,12.71399974822998,12.74899959564209,12393000,2026-10-08
2017-03-29,11.284722328186035,12.788000106811523,12.800000190734863,12.715999603271484,12.774999618530273,9668000,2026-10-08
2017-03-30,11.35708236694336,12.869999885559082,12.914999961853027,12.789999961853027,12.789999961853027,9267000,2026-10-08
2017-03-31,11.327079772949219,12.836000442504883,12.899999618530273,12.800999641418457,12.829000473022461,12756000,2026-10-08
2017-04-03,11.33237075805664,12.842000007629395,12.89799976348877,12.755000114440918,12.862000465393066,11490000,2026-10-08
2017-04-04,11.373846054077148,12.888999938964844,12.892999649047852,12.763999938964844,12.79800033569336,9960000,2026-10-08
2017-04-05,11.275012016296387,12.777000427246094,13.012999534606934,12.767000198364258,12.949999809265137,13753000,2026-10-08
2017-04-06,11.371201515197754,12.88599967956543,12.890999794006348,12.684000015258789,12.769000053405762,13100000,2026-10-08
2017-04-07,11.41003131866455,12.930000305175781,12.982000350952148,12.819999694824219,12.883000373840332,6957000,2026-10-08
2017-04-10,11.365906715393066,12.880000114440918,12.975000381469727,12.835000038146973,12.906999588012695,10264000,2026-10-08
2017-04-11,11.227362632751465,12.722999572753906,12.878000259399414,12.532999992370605,12.836000442504883,15669000,2026-10-08
2017-04-12,11.132941246032715,12.616000175476074,12.767000198364258,12.550999641418457,12.746000289916992,12909000,2026-10-08
2017-04-13,11.045576095581055,12.517000198364258,12.727999687194824,12.491000175476074,12.579999923706055,13629000,2026-10-08
2017-04-17,11.236189842224121,12.732999801635742,12.746000289916992,12.574000358581543,12.574000358581543,11737000,2026-10-08
2017-04-18,11.245013236999512,12.743000030517578,12.781000137329102,12.597000122070312,12.678000450134277,21109000,2026-10-08
2017-04-19,12.01626968383789,13.616999626159668,13.640000343322754,13.25,13.38599967956543,58010000,2026-10-08
2017-04-20,12.297769546508789,13.935999870300293,13.970999717712402,13.640999794006348,13.699999809265137,31459000,2026-10-08
2017-04-21,12.352479934692383,13.998000144958496,14.02299976348877,13.755000114440918,13.914999961853027,32609000,2026-10-08
2017-04-24,12.575739860534668,14.25100040435791,14.288000106811523,14.11299991607666,14.258000373840332,22187000,2026-10-08
2017-04-25,12.862536430358887,14.576000213623047,14.595999717712402,14.25100040435791,14.371000289916992,24000000,2026-10-08
2017-04-26,12.840472221374512,14.550999641418457,14.611000061035156,14.399999618530273,14.557000160217285,19078000,2026-10-08
2017-04-27,12.97195816040039,14.699999809265137,14.800000190734863,14.609999656677246,14.628000259399414,15898000,2026-10-08
2017-04-28,12.782234191894531,14.484999656677246,14.715999603271484,14.454000473022461,14.649999618530273,20597000,2026-10-08
2017-05-01,13.167861938476562,14.92199993133545,14.934000015258789,14.571999549865723,14.593000411987305,20931000,2026-10-08
2017-05-02,13.17668628692627,14.932000160217285,14.99899959564209,14.767000198364258,14.979999542236328,20695000,2026-10-08
2017-05-03,13.243752479553223,15.008000373840332,15.029999732971191,14.85200023651123,14.954999923706055,19378000,2026-10-08
2017-05-04,13.290520668029785,15.060999870300293,15.065999984741211,14.892000198364258,14.993000030517578,15114000,2026-10-08
2017-05-05,13.264047622680664,15.031000137329102,15.100000381469727,14.842000007629395,15.095999717712402,15727000,2026-10-08
2017-05-08,13.159040451049805,14.911999702453613,15.079000473022461,14.89900016784668,15.003000259399414,14962000,2026-10-08
2017-05-09,13.284342765808105,15.053999900817871,15.074999809265137,14.942999839782715,14.951000213623047,15844000,2026-10-08
2017-05-10,13.161684036254883,14.914999961853027,15.149999618530273,14.909000396728516,15.11299991607666,18767000,2026-10-08
2017-05-11,13.229633331298828,14.991999626159668,15.01200008392334,14.793999671936035,14.888999938964844,17925000,2026-10-08
2017-05-12,13.199628829956055,14.958000183105469,15.012999534606934,14.807999610900879,14.970999717712402,15755000,2026-10-08
2017-05-15,13.348761558532715,15.126999855041504,15.168000221252441,14.996000289916992,15.006999969482422,18549000,2026-10-08
2017-05-16,13.462593078613281,15.255999565124512,15.256999969482422,15.053999900817871,15.187000274658203,22594000,2026-10-08
2017-05-17,12.995784759521484,14.72700023651123,15.100000381469727,14.72599983215332,15.083999633789062,22919000,2026-10-08
2017-05-18,13.219924926757812,14.980999946594238,15.01200008392334,14.512999534606934,14.668000221252441,27717000,2026-10-08
2017-05-19,13.448479652404785,15.239999771118164,15.3100004196167,15.064000129699707,15.156000137329102,34689000,2026-10-08
2017-05-22,13.493485450744629,15.291000366210938,15.338000297546387,15.114999771118164,15.274999618530273,19235000,2026-10-08
2017-05-23,13.539369583129883,15.343000411987305,15.409000396728516,15.119000434875488,15.333000183105469,15163000,2026-10-08
2017-05-24,13.490837097167969,15.288000106811523,15.425999641418457,15.229000091552734,15.404999732971191,14540000,2026-10-08
2017-05-25,13.580848693847656,15.390000343322754,15.437000274658203,15.253999710083008,15.368000030517578,19061000,2026-10-08
2017-05-26,13.688506126403809,15.51200008392334,15.543999671936035,15.309000015258789,15.348999977111816,20056000,2026-10-08
2017-05-30,13.842931747436523,15.687000274658203,15.777000427246094,15.5,15.545000076293945,20770000,2026-10-08
2017-05-31,13.692916870117188,15.517000198364258,15.74899959564209,15.472000122070312,15.704000473022461,28944000,2026-10-08
2017-06-01,13.804987907409668,15.644000053405762,15.652999877929688,15.494999885559082,15.526000022888184,14658000,2026-10-08
2017-06-02,14.007949829101562,15.87399959564209,15.883000373840332,15.701000213623047,15.71500015258789,18457000,2026-10-08
2017-06-05,14.184940338134766,16.02899932861328,16.049999237060547,15.807000160217285,15.888999938964844,18203000,2026-10-08
2017-06-06,14.248656272888184,16.10099983215332,16.41200065612793,15.968000411987305,16.02400016784668,24067000,2026-10-08
2017-06-07,14.362815856933594,16.229999542236328,16.268999099731445,16.099000930786133,16.20599937438965,20813000,2026-10-08
2017-06-08,14.599100112915039,16.496999740600586,16.499000549316406,16.246999740600586,16.3439998626709,23194000,2026-10-08
2017-06-09,13.962818145751953,15.777999877929688,16.704999923706055,15.437999725341797,16.53499984741211,38340000,2026-10-08
2017-06-12,13.673437118530273,15.451000213623047,15.586000442504883,14.875,15.550999641418457,54739000,2026-10-08
2017-06-13,13.727420806884766,15.51200008392334,15.791000366210938,15.289999961853027,15.666000366210938,27608000,2026-10-08
2017-06-14,13.517683982849121,15.274999618530273,15.595999717712402,15.041000366210938,15.53499984741211,28307000,2026-10-08
2017-06-15,13.139811515808105,14.847999572753906,15.076000213623047,14.760000228881836,14.958000183105469,41609000,2026-10-08
2017-06-16,13.115915298461914,14.821000099182129,15.097000122070312,14.765999794006348,14.883000373840332,41134000,2026-10-08
2017-06-19,13.362817764282227,15.100000381469727,15.194999694824219,14.989999771118164,15.019000053405762,30814000,2026-10-08
2017-06-20,13.284055709838867,15.01099967956543,15.293999671936035,14.95300006866455,15.149999618530273,24595000,2026-10-08
2017-06-21,13.355738639831543,15.092000007629395,15.125,14.914999961853027,15.031000137329102,18855000,2026-10-08
2017-06-22,13.277860641479492,15.003999710083008,15.241999626159668,14.95199966430664,15.151000022888184,15814000,2026-10-08
2017-06-23,13.431844711303711,15.178000450134277,15.281999588012695,14.95199966430664,14.980999946594238,30741000,2026-10-08
2017-06-26,13.184944152832031,14.89900016784668,15.361000061035156,14.836000442504883,15.246000289916992,26066000,2026-10-08
2017-06-27,12.798215866088867,14.461999893188477,14.857000350952148,14.444000244140625,14.826000213623047,34089000,2026-10-08
2017-06-28,13.082286834716797,14.782999992370605,14.817000389099121,14.279999732971191,14.517000198364258,29102000,2026-10-08
2017-06-29,12.597331047058105,14.234999656677246,14.649999618530273,14.00100040435791,14.607999801635742,31112000,2026-10-08
2017-06-30,12.515914916992188,14.142999649047852,14.357000350952148,14.083000183105469,14.336999893188477,29387000,2026-10-08
2017-07-03,12.326536178588867,13.928999900817871,14.338000297546387,13.923999786376953,14.270999908447266,15697000,2026-10-08
2017-07-05,12.613260269165039,14.253000259399414,14.270000457763672,13.994000434875488,14.041999816894531,26189000,2026-10-08
2017-07-06,12.733614921569824,14.388999938964844,14.472000122070312,14.067000389099121,14.144000053405762,27967000,2026-10-08
2017-07-07,13.108835220336914,14.812999725341797,14.968000411987305,14.644000053405762,14.699999809265137,29563000,2026-10-08
2017-07-10,13.348658561706543,15.083999633789062,15.10099983215332,14.78600025177002,14.873000144958496,22790000,2026-10-08
2017-07-11,13.603527069091797,15.371999740600586,15.482000350952148,15.10099983215332,15.130999565124512,27538000,2026-10-08
2017-07-12,13.679631233215332,15.458000183105469,15.635000228881836,15.291999816894531,15.541000366210938,17827000,2026-10-08
2017-07-13,13.7114896774292,15.494000434875488,15.630999565124512,15.416000366210938,15.505000114440918,14611000,2026-10-08
2017-07-14,13.92033863067627,15.729999542236328,15.76099967956543,15.496000289916992,15.569000244140625,14598000,2026-10-08
2017-07-17,13.892021179199219,15.697999954223633,15.831000328063965,15.574999809265137,15.777999877929688,16579000,2026-10-08
2017-07-18,14.101754188537598,15.9350004196167,15.958999633789062,15.62399959564209,15.699999809265137,18320000,2026-10-08
2017-07-19,14.533612251281738,16.42300033569336,16.454999923706055,16.024999618530273,16.049999237060547,27117000,2026-10-08
2017-07-20,14.584050178527832,16.479999542236328,16.511999130249023,16.18199920654297,16.49799919128418,23759000,2026-10-08
2017-07-21,14.47166633605957,16.35300064086914,16.392000198364258,16.229000091552734,16.392000198364258,18474000,2026-10-08
2017-07-24,14.523877143859863,16.41200065612793,16.468000411987305,16.315000534057617,16.350000381469727,14457000,2026-10-08
2017-07-25,14.553967475891113,16.445999145507812,16.48200035095215,16.24799919128418,16.408000946044922,20828000,2026-10-08
2017-07-26,14.897331237792969,16.833999633789062,16.8439998626709,16.52199935913086,16.540000915527344,33108000,2026-10-08
2017-07-27,14.580514907836914,16.47599983215332,17.0,16.12700080871582,16.892000198364258,56652000,2026-10-08
2017-07-28,14.300870895385742,16.15999984741211,16.496999740600586,16.077999114990234,16.424999237060547,27400000,2026-10-08
2017-07-31,14.111492156982422,15.946000099182129,16.299999237060547,15.878999710083008,16.260000228881836,24377000,2026-10-08
2017-08-01,13.93449878692627,15.746000289916992,16.048999786376953,15.717000007629395,16.04400062561035,25925000,2026-10-08
2017-08-02,13.411490440368652,15.154999732971191,15.89799976348877,14.97700023651123,15.897000312805176,47872000,2026-10-08
2017-08-03,13.176979064941406,14.890000343322754,15.14900016784668,14.826000213623047,14.949999809265137,31461000,2026-10-08
2017-08-04,13.278743743896484,15.005000114440918,15.22599983215332,14.836000442504883,14.9350004196167,21538000,2026-10-08
2017-08-07,13.791139602661133,15.583999633789062,15.59000015258789,15.003999710083008,15.045000076293945,27518000,2026-10-08
2017-08-08,13.78316879272461,15.574999809265137,15.78600025177002,15.404999732971191,15.585000038146973,27532000,2026-10-08
2017-08-09,13.7344970703125,15.520000457763672,15.63599967956543,15.336999893188477,15.545999526977539,19564000,2026-10-08
2017-08-10,13.22476577758789,14.944000244140625,15.418999671936035,14.904000282287598,15.38599967956543,26134000,2026-10-08
2017-08-11,13.651310920715332,15.425999641418457,15.442999839782715,14.982000350952148,14.984999656677246,17909000,2026-10-08
2017-08-14,14.030957221984863,15.854999542236328,15.892000198364258,15.621000289916992,15.65999984741211,21272000,2026-10-08
2017-08-15,14.177862167358398,16.020999908447266,16.06100082397461,15.777000427246094,15.859000205993652,18174000,2026-10-08
2017-08-16,14.444233894348145,16.32200050354004,16.518999099731445,16.06399917602539,16.145000457763672,50988000,2026-10-08
2017-08-17,14.022994041442871,15.845999717712402,16.35700035095215,15.829999923706055,16.25,19605000,2026-10-08
2017-08-18,14.202637672424316,16.048999786376953,16.187000274658203,15.835000038146973,16.020000457763672,19246000,2026-10-08
2017-08-21,14.017684936523438,15.84000015258789,16.145999908447266,15.70199966430664,16.11199951171875,15548000,2026-10-08
2017-08-22,14.49644660949707,16.381000518798828,16.41699981689453,15.920999526977539,15.920999526977539,25223000,2026-10-08
2017-08-23,14.309720039367676,16.170000076293945,16.39699935913086,16.073999404907227,16.31399917602539,18158000,2026-10-08
2017-08-24,14.054851531982422,15.881999969482422,16.280000686645508,15.809000015258789,16.22100067138672,14737000,2026-10-08
2017-08-25,13.969897270202637,15.78600025177002,15.996999740600586,15.652000427246094,15.930000305175781,12719000,2026-10-08
2017-08-28,14.218567848205566,16.066999435424805,16.104000091552734,15.77400016784668,15.833000183105469,12582000,2026-10-08
2017-08-29,14.36458969116211,16.23200035095215,16.284000396728516,15.8100004196167,15.862000465393066,12321000,2026-10-08
2017-08-30,14.600871086120605,16.499000549316406,16.5,16.177000045776367,16.243000030517578,15713000,2026-10-08
2017-08-31,14.688477516174316,16.597999572753906,16.73200035095215,16.51799964904785,16.562000274658203,17924000,2026-10-08
2017-09-01,14.766356468200684,16.68600082397461,16.915000915527344,16.54400062561035,16.601999282836914,15706000,2026-10-08
2017-09-05,14.522109985351562,16.40999984741211,16.639999389648438,16.25200080871582,16.569000244140625,15383000,2026-10-08
2017-09-06,14.602640151977539,16.500999450683594,16.584999084472656,16.304000854492188,16.524999618530273,19421000,2026-10-08
2017-09-07,14.919451713562012,16.858999252319336,16.8700008392334,16.483999252319336,16.533000946044922,13570000,2026-10-08
2017-09-08,14.668127059936523,16.575000762939453,16.8700008392334,16.530000686645508,16.77400016784668,17296000,2026-10-08
2017-09-11,15.040693283081055,16.996000289916992,17.065000534057617,16.740999221801758,16.750999450683594,18828000,2026-10-08
2017-09-12,15.23235034942627,17.16699981689453,17.256000518798828,16.89299964904785,17.02199935913086,16897000,2026-10-08
2017-09-13,15.219040870666504,17.152000427246094,17.249000549316406,16.988000869750977,17.229000091552734,14271000,2026-10-08
2017-09-14,15.31309700012207,17.257999420166016,17.437000274658203,17.02899932861328,17.083999633789062,19422000,2026-10-08
2017-09-15,15.349470138549805,17.298999786376953,17.413000106811523,17.184999465942383,17.26099967956543,26911000,2026-10-08
2017-09-18,15.73279094696045,17.731000900268555,17.81800079345703,17.395000457763672,17.44099998474121,28200000,2026-10-08
2017-09-19,15.715930938720703,17.711999893188477,17.80299949645996,17.600000381469727,17.756999969482422,21471000,2026-10-08
2017-09-20,15.35213851928711,17.302000045776367,17.763999938964844,17.040000915527344,17.740999221801758,23419000,2026-10-08
2017-09-21,15.286478042602539,17.22800064086914,17.354000091552734,17.01300048828125,17.316999435424805,21657000,2026-10-08
2017-09-22,15.681325912475586,17.67300033569336,17.695999145507812,17.139999389648438,17.17099952697754,15828000,2026-10-08
2017-09-25,15.09925651550293,17.017000198364258,17.600000381469727,17.0,17.600000381469727,22130000,2026-10-08
2017-09-26,15.034480094909668,16.944000244140625,17.266000747680664,16.75200080871582,17.23200035095215,25498000,2026-10-08
2017-09-27,15.917346954345703,17.93899917602539,18.062999725341797,17.305999755859375,17.510000228881836,30403000,2026-10-08
2017-09-28,16.13296890258789,18.18199920654297,18.20800018310547,17.768999099731445,17.858999252319336,20617000,2026-10-08
2017-09-29,16.418672561645508,18.503999710083008,18.523000717163086,18.142000198364258,18.290000915527344,17893000,2026-10-08
2017-10-02,16.499420166015625,18.594999313354492,18.756999969482422,18.344999313354492,18.503999710083008,21015000,2026-10-08
2017-10-03,16.403587341308594,18.48699951171875,18.670000076293945,18.281999588012695,18.650999069213867,14826000,2026-10-08
2017-10-04,16.416908264160156,18.50200080871582,18.527000427246094,18.209999084472656,18.39699935913086,23646000,2026-10-08
2017-10-05,16.221691131591797,18.281999588012695,18.55699920654297,18.07900047302246,18.527000427246094,15893000,2026-10-08
2017-10-06,16.400035858154297,18.482999801635742,18.503000259399414,18.236000061035156,18.257999420166016,10168000,2026-10-08
2017-10-09,16.384960174560547,18.465999603271484,18.594999313354492,18.37299919128418,18.5,11131000,2026-10-08
2017-10-10,16.40625762939453,18.489999771118164,18.635000228881836,18.19499969482422,18.613000869750977,15708000,2026-10-08
2017-10-11,16.519824981689453,18.618000030517578,18.621000289916992,18.395000457763672,18.422000885009766,16279000,2026-10-08
2017-10-12,16.59169578552246,18.698999404907227,18.910999298095703,18.611000061035156,18.611000061035156,21387000,2026-10-08
2017-10-13,16.849910736083984,18.989999771118164,19.0310001373291,18.75200080871582,18.86400032043457,15571000,2026-10-08
2017-10-16,17.068180084228516,19.236000061035156,19.385000228881836,19.034000396728516,19.100000381469727,28363000,2026-10-08
2017-10-17,17.262502670288086,19.454999923706055,19.548999786376953,19.190000534057617,19.509000778198242,38370000,2026-10-08
2017-10-18,17.789554595947266,20.048999786376953,20.090999603271484,19.312000274658203,19.70800018310547,53963000,2026-10-08
2017-10-19,17.833038330078125,20.097999572753906,20.100000381469727,19.493000030517578,19.839000701904297,30195000,2026-10-08
2017-10-20,18.21990203857422,20.534000396728516,20.634000778198242,20.243999481201172,20.25,31052000,2026-10-08
2017-10-23,18.268709182739258,20.589000701904297,20.840999603271484,20.405000686645508,20.621999740600586,28426000,2026-10-08
2017-10-24,18.264265060424805,20.583999633789062,20.676000595092773,20.32699966430664,20.66699981689453,19756000,2026-10-08
2017-10-25,18.01848602294922,20.30699920654297,20.579999923706055,19.899999618530273,20.579999923706055,26620000,2026-10-08
2017-10-26,18.347667694091797,20.67799949645996,20.864999771118164,20.42799949645996,20.469999313354492,18692000,2026-10-08
2017-10-27,18.4559268951416,20.799999237060547,20.84000015258789,20.450000762939453,20.805999755859375,19847000,2026-10-08
2017-10-30,18.29621124267578,20.6200008392334,20.81999969482422,20.450000762939453,20.687000274658203,13895000,2026-10-08
2017-10-31,18.50650405883789,20.85700035095215,21.009000778198242,20.652000427246094,20.732999801635742,16464000,2026-10-08
2017-11-01,18.005176544189453,20.29199981689453,21.045000076293945,20.054000854492188,21.045000076293945,28064000,2026-10-08
2017-11-02,18.35122299194336,20.68199920654297,20.70199966430664,20.150999069213867,20.299999237060547,23658000,2026-10-08
2017-11-03,18.373411178588867,20.707000732421875,20.795000076293945,20.50200080871582,20.719999313354492,18828000,2026-10-08
2017-11-06,18.33791732788086,20.66699981689453,20.78700065612793,20.440000534057617,20.756999969482422,22484000,2026-10-08
2017-11-07,18.561519622802734,20.91900062561035,20.985000610351562,20.649999618530273,20.658000946044922,13602000,2026-10-08
2017-11-08,18.743412017822266,21.124000549316406,21.141000747680664,20.687999725341797,20.920000076293945,15650000,2026-10-08
2017-11-09,18.304195404052734,20.628999710083008,20.982999801635742,20.325000762939453,20.937999725341797,21251000,2026-10-08
2017-11-10,18.40180206298828,20.73900032043457,20.764999389648438,20.45599937438965,20.586000442504883,17156000,2026-10-08
2017-11-13,18.5650634765625,20.92300033569336,20.937000274658203,20.45599937438965,20.53700065612793,14576000,2026-10-08
2017-11-14,18.512710571289062,20.86400032043457,20.940000534057617,20.655000686645508,20.875999450683594,10052000,2026-10-08
2017-11-15,18.443500518798828,20.785999298095703,21.084999084472656,20.604999542236328,21.0,21778000,2026-10-08
2017-11-16,18.919095993041992,21.32200050354004,21.472000122070312,20.850000381469727,20.85099983215332,22595000,2026-10-08
2017-11-17,18.675092697143555,21.047000885009766,21.700000762939453,20.954999923706055,21.687000274658203,19602000,2026-10-08
2017-11-20,19.08591079711914,21.510000228881836,21.621000289916992,21.155000686645508,21.172000885009766,19494000,2026-10-08
2017-11-21,19.423973083496094,21.891000747680664,21.969999313354492,21.65399932861328,21.71500015258789,21494000,2026-10-08
2017-11-22,19.09212303161621,21.517000198364258,21.950000762939453,21.423999786376953,21.920000076293945,18829000,2026-10-08
2017-11-24,19.239418029785156,21.683000564575195,21.75200080871582,21.562999725341797,21.607999801635742,8085000,2026-10-08
2017-11-27,18.715906143188477,21.093000411987305,21.34600067138672,20.799999237060547,21.256999969482422,27327000,2026-10-08
2017-11-28,18.911996841430664,21.31399917602539,21.538999557495117,20.972999572753906,21.163000106811523,24966000,2026-10-08
2017-11-29,17.270488739013672,19.464000701904297,21.187000274658203,18.926000595092773,21.165000915527344,79810000,2026-10-08
2017-11-30,17.065521240234375,19.232999801635742,19.87299919128418,19.131000518798828,19.740999221801758,50477000,2026-10-08
2017-12-01,16.664461135864258,18.7810001373291,19.12700080871582,18.069000244140625,19.0,56596000,2026-10-08
2017-12-04,16.037132263183594,18.073999404907227,18.983999252319336,17.950000762939453,18.9689998626709,53518000,2026-10-08
2017-12-05,16.062938690185547,18.05299949645996,18.677000045776367,17.579999923706055,18.0,51648000,2026-10-08
2017-12-06,16.392152786254883,18.42300033569336,18.43199920654297,17.75,17.905000686645508,39916000,2026-10-08
2017-12-07,16.830812454223633,18.916000366210938,19.011999130249023,18.57699966430664,18.708999633789062,33346000,2026-10-08
2017-12-08,16.590564727783203,18.645999908447266,19.299999237060547,18.60300064086914,19.125,34763000,2026-10-08
2017-12-11,16.510488510131836,18.555999755859375,18.81999969482422,18.399999618530273,18.77199935913086,28030000,2026-10-08
2017-12-12,16.15546989440918,18.156999588012695,18.53700065612793,18.11400032043457,18.454999923706055,22072000,2026-10-08
2017-12-13,16.132341384887695,18.131000518798828,18.48200035095215,18.128000259399414,18.174999237060547,32287000,2026-10-08
2017-12-14,16.202627182006836,18.209999084472656,18.44300079345703,18.099000930786133,18.1299991607666,29567000,2026-10-08
2017-12-15,16.578115463256836,18.631999969482422,18.746000289916992,18.180999755859375,18.32900047302246,39779000,2026-10-08
2017-12-18,16.82279396057129,18.906999588012695,19.08099937438965,18.670000076293945,18.764999389648438,34140000,2026-10-08
2017-12-19,16.559431076049805,18.611000061035156,18.941999435424805,18.565000534057617,18.812999725341797,23914000,2026-10-08
2017-12-20,16.80143928527832,18.882999420166016,19.18400001525879,18.729999542236328,19.09000015258789,32906000,2026-10-08
2017-12-21,16.51760482788086,18.56399917602539,18.915000915527344,18.475000381469727,18.878999710083008,26719000,2026-10-08
2017-12-22,16.611034393310547,18.66900062561035,18.798999786376953,18.40999984741211,18.524999618530273,15804000,2026-10-08
2017-12-26,16.39927101135254,18.430999755859375,18.66900062561035,18.231000900268555,18.426000595092773,17065000,2026-10-08
2017-12-27,16.49358558654785,18.53700065612793,18.702999114990234,18.399999618530273,18.47599983215332,16105000,2026-10-08
2017-12-28,16.508710861206055,18.554000854492188,18.700000762939453,18.489999771118164,18.5939998626709,13101000,2026-10-08
2017-12-29,16.377914428710938,18.406999588012695,18.672000885009766,18.402000427246094,18.558000564575195,13810000,2026-10-08
2018-01-02,16.84147834777832,18.92799949645996,18.95199966430664,18.386999130249023,18.514999389648438,20373000,2026-10-08
2018-01-03,17.127986907958984,19.25,19.381999969482422,18.961999893188477,19.06800079345703,25833000,2026-10-08
2018-01-04,17.20629119873047,19.33799934387207,19.684999465942383,19.315000534057617,19.5,22272000,2026-10-08
2018-01-05,17.474998474121094,19.639999389648438,19.718000411987305,19.44499969482422,19.489999771118164,17130000,2026-10-08
2018-01-08,17.606678009033203,19.788000106811523,19.948999404907227,19.625,19.632999420166016,27627000,2026-10-08
2018-01-09,17.5791015625,19.756999969482422,19.975000381469727,19.336999893188477,19.82200050354004,29550000,2026-10-08
2018-01-10,17.05324935913086,19.166000366210938,19.523000717163086,19.02899932861328,19.43400001525879,35108000,2026-10-08
2018-01-11,16.82724952697754,18.91200065612793,19.281999588012695,18.840999603271484,19.20599937438965,28164000,2026-10-08
2018-01-12,16.772974014282227,18.85099983215332,19.13800048828125,18.829999923706055,18.91200065612793,27881000,2026-10-08
2018-01-16,16.940248489379883,19.038999557495117,19.582000732421875,18.84000015258789,19.218000411987305,42511000,2026-10-08
2018-01-17,18.247314453125,20.507999420166016,20.56599998474121,19.375,19.452999114990234,64971000,2026-10-08
2018-01-18,18.280237197875977,20.545000076293945,20.635000228881836,19.97599983215332,20.299999237060547,41988000,2026-10-08
2018-01-19,18.465303421020508,20.753000259399414,20.7549991607666,20.309999465942383,20.584999084472656,26150000,2026-10-08
2018-01-22,18.613008499145508,20.91900062561035,20.983999252319336,20.719999313354492,20.84000015258789,28231000,2026-10-08
2018-01-23,19.136188507080078,21.506999969482422,21.513999938964844,21.0,21.10300064086914,43397000,2026-10-08
2018-01-24,18.661052703857422,20.972999572753906,21.41900062561035,20.6560001373291,21.41900062561035,54649000,2026-10-08
2018-01-25,17.72857666015625,19.924999237060547,21.847999572753906,19.899999618530273,21.600000381469727,82788000,2026-10-08
2018-01-26,18.02398109436035,20.256999969482422,20.642000198364258,20.027999877929688,20.19499969482422,47616000,2026-10-08
2018-01-29,17.436738967895508,19.597000122070312,20.22800064086914,19.327999114990234,20.124000549316406,40060000,2026-10-08
2018-01-30,17.00164031982422,19.107999801635742,19.52899932861328,18.924999237060547,19.209999084472656,37946000,2026-10-08
2018-01-31,17.04079246520996,19.152000427246094,19.382999420166016,19.024999618530273,19.291000366210938,28384000,2026-10-08
2018-02-01,16.826364517211914,18.910999298095703,19.413000106811523,18.81999969482422,19.0,30535000,2026-10-08
2018-02-02,15.93214225769043,17.9060001373291,18.68199920654297,17.836999893188477,18.67099952697754,55276000,2026-10-08
2018-02-05,15.157159805297852,17.03499984741211,18.290000915527344,17.031999588012695,17.549999237060547,58953000,2026-10-08
2018-02-06,15.868081092834473,17.833999633789062,17.899999618530273,16.73200035095215,16.850000381469727,58903000,2026-10-08
2018-02-07,15.27104663848877,17.163000106811523,17.94300079345703,17.15999984741211,17.58300018310547,34033000,2026-10-08
2018-02-08,14.43466567993164,16.222999572753906,17.30699920654297,16.22100067138672,17.266000747680664,49344000,2026-10-08
2018-02-09,14.75854206085205,16.586999893188477,16.729000091552734,15.682999610900879,16.582000732421875,59371000,2026-10-08
2018-02-12,15.388498306274414,17.295000076293945,17.447999954223633,16.726999282836914,16.840999603271484,41507000,2026-10-08
2018-02-13,15.353796005249023,17.256000518798828,17.273000717163086,16.812000274658203,17.156999588012695,28416000,2026-10-08
2018-02-14,16.283599853515625,18.301000595092773,18.30900001525879,17.100000381469727,17.139999389648438,58370000,2026-10-08
2018-02-15,16.523834228515625,18.570999145507812,18.577999114990234,17.91200065612793,18.297000885009766,41792000,2026-10-08
2018-02-16,16.71958351135254,18.791000366210938,19.121000289916992,18.46500015258789,18.47599983215332,43356000,2026-10-08
2018-02-20,17.21162223815918,19.3439998626709,19.604999542236328,18.641000747680664,18.69300079345703,32965000,2026-10-08
2018-02-21,16.837032318115234,18.92300033569336,19.5,18.920000076293945,19.454999923706055,32713000,2026-10-08
2018-02-22,16.75962257385254,18.836000442504883,19.04400062561035,18.69300079345703,19.016000747680664,17529000,2026-10-08
2018-02-23,17.181379318237305,19.309999465942383,19.367000579833984,18.861000061035156,19.02400016784668,22273000,2026-10-08
2018-02-26,17.655622482299805,19.843000411987305,19.89699935913086,19.315000534057617,19.457000732421875,23631000,2026-10-08
2018-02-27,17.214298248291016,19.347000122070312,19.979000091552734,19.336999893188477,19.815000534057617,28223000,2026-10-08
2018-02-28,17.071044921875,19.18600082397461,19.66699981689453,19.132999420166016,19.444000244140625,36083000,2026-10-08
2018-03-01,16.91177749633789,19.006999969482422,19.56399917602539,18.812000274658203,19.249000549316406,30036000,2026-10-08
2018-03-02,17.308610916137695,19.452999114990234,19.48900032043457,18.215999603271484,18.5049991607666,27758000,2026-10-08
2018-03-05,17.679645538330078,19.8700008392334,20.00200080871582,19.124000549316406,19.283000946044922,32924000,2026-10-08
2018-03-06,18.5484561920166,20.79400062561035,20.950000762939453,19.951000213623047,20.013999938964844,76363000,2026-10-08
2018-03-07,18.887426376342773,21.173999786376953,21.236000061035156,20.413999557495117,20.58300018310547,56256000,2026-10-08
2018-03-08,18.97662925720215,21.27400016784668,21.493999481201172,21.094999313354492,21.399999618530273,37804000,2026-10-08
2018-03-09,20.065773010253906,22.4950008392334,22.607999801635742,21.393999099731445,21.42799949645996,66568000,2026-10-08
2018-03-12,20.395811080932617,22.864999771118164,23.0,22.299999237060547,22.549999237060547,49288000,2026-10-08
2018-03-13,19.97835350036621,22.39699935913086,23.488000869750977,22.243000030517578,23.003999710083008,49462000,2026-10-08
2018-03-14,19.859716415405273,22.263999938964844,22.613000869750977,22.106000900268555,22.299999237060547,32919000,2026-10-08
2018-03-15,19.898962020874023,22.308000564575195,22.700000762939453,22.2549991607666,22.399999618530273,24462000,2026-10-08
2018-03-16,19.795490264892578,22.191999435424805,22.5,22.128999710083008,22.417999267578125,24958000,2026-10-08
2018-03-19,19.408353805541992,21.757999420166016,21.90399932861328,21.204999923706055,21.836000442504883,40981000,2026-10-08
2018-03-20,19.546615600585938,21.913000106811523,22.118999481201172,21.795000076293945,21.849000930786133,22238000,2026-10-08
2018-03-21,20.00600242614746,22.42799949645996,22.781999588012695,22.10099983215332,22.187000274658203,35675000,2026-10-08
2018-03-22,19.16216468811035,21.48200035095215,22.292999267578125,21.46500015258789,22.049999237060547,32495000,2026-10-08
2018-03-23,18.074804306030273,20.26300048828125,21.547000885009766,20.256000518798828,21.405000686645508,52235000,2026-10-08
2018-03-26,19.17464828491211,21.496000289916992,21.50200080871582,20.726999282836914,21.065000534057617,34588000,2026-10-08
2018-03-27,18.073911666870117,20.261999130249023,21.945999145507812,20.06599998474121,21.92300033569336,42923000,2026-10-08
2018-03-28,17.50212860107422,19.621000289916992,20.174999237060547,19.426000595092773,19.96299934387207,35239000,2026-10-08
2018-03-29,18.122079849243164,20.31599998474121,20.75,19.697999954223633,19.809999465942383,35782000,2026-10-08
2018-04-02,17.293399810791016,19.386999130249023,20.288999557495117,19.135000228881836,20.14900016784668,35505000,2026-10-08
2018-04-03,17.65913200378418,19.797000885009766,19.957000732421875,19.393999099731445,19.79199981689453,26824000,2026-10-08
2018-04-04,17.989164352416992,20.16699981689453,20.266000747680664,19.049999237060547,19.049999237060547,36997000,2026-10-08
2018-04-05,17.395978927612305,19.50200080871582,20.340999603271484,19.22100067138672,20.26799964904785,35339000,2026-10-08
2018-04-06,17.006175994873047,19.065000534057617,19.62700080871582,18.909000396728516,19.090999603271484,31239000,2026-10-08
2018-04-09,17.22650146484375,19.312000274658203,19.972000122070312,19.211000442504883,19.283000946044922,26567000,2026-10-08
2018-04-10,17.855371475219727,20.017000198364258,20.20599937438965,19.613000869750977,19.891000747680664,27077000,2026-10-08
2018-04-11,17.916913986206055,20.086000442504883,20.34600067138672,19.770999908447266,19.825000762939453,24498000,2026-10-08
2018-04-12,18.377193450927734,20.601999282836914,20.694000244140625,20.225000381469727,20.381999969482422,30843000,2026-10-08
2018-04-13,18.173812866210938,20.374000549316406,20.857999801635742,20.277000427246094,20.854999542236328,21614000,2026-10-08
2018-04-16,18.15686798095703,20.354999542236328,20.590999603271484,20.15999984741211,20.524999618530273,19411000,2026-10-08
2018-04-17,18.94005012512207,21.232999801635742,21.28499984741211,20.625999450683594,20.722000122070312,60845000,2026-10-08
2018-04-18,18.17650032043457,20.37700080871582,20.45599937438965,19.649999618530273,20.02400016784668,91149000,2026-10-08
2018-04-19,16.982986450195312,19.038999557495117,20.11400032043457,18.878999710083008,19.857999801635742,87734000,2026-10-08
2018-04-20,17.118562698364258,19.19099998474121,19.506000518798828,18.999000549316406,19.070999145507812,49807000,2026-10-08
2018-04-23,17.114099502563477,19.18600082397461,19.639999389648438,19.04400062561035,19.350000381469727,34889000,2026-10-08
2018-04-24,16.575336456298828,18.582000732421875,19.54400062561035,18.26099967956543,19.386999130249023,50347000,2026-10-08
2018-04-25,16.651153564453125,18.66699981689453,18.95800018310547,18.16699981689453,18.599000930786133,31248000,2026-10-08
2018-04-26,16.98387336730957,19.040000915527344,19.298999786376953,18.881999969482422,19.089000701904297,36113000,2026-10-08
2018-04-27,16.703781127929688,18.72599983215332,19.268999099731445,18.559999465942383,19.22800064086914,30448000,2026-10-08
2018-04-30,16.507539749145508,18.506000518798828,18.888999938964844,18.395999908447266,18.735000610351562,29902000,2026-10-08
2018-05-01,16.982986450195312,19.038999557495117,19.058000564575195,18.374000549316406,18.413999557495117,28337000,2026-10-08
2018-05-02,16.905376434326172,18.95199966430664,19.19499969482422,18.82900047302246,19.02899932861328,21948000,2026-10-08
2018-05-03,16.897356033325195,18.94300079345703,19.05299949645996,18.56100082397461,18.774999618530273,21815000,2026-10-08
2018-05-04,17.436124801635742,19.547000885009766,19.687999725341797,18.76300048828125,18.799999237060547,32827000,2026-10-08
2018-05-07,17.25861358642578,19.347999572753906,19.69499969482422,19.27199935913086,19.611000061035156,33047000,2026-10-08
2018-05-08,17.3817081451416,19.486000061035156,19.575000762939453,19.20599937438965,19.260000228881836,21481000,2026-10-08
2018-05-09,17.815229415893555,19.972000122070312,20.00200080871582,19.514999389648438,19.559999465942383,23909000,2026-10-08
2018-05-10,18.197900772094727,20.400999069213867,20.43899917602539,20.066999435424805,20.12299919128418,18903000,2026-10-08
2018-05-11,17.978464126586914,20.155000686645508,20.47599983215332,20.089000701904297,20.242000579833984,19455000,2026-10-08
2018-05-14,18.19968032836914,20.402999877929688,20.992000579833984,20.31999969482422,20.510000228881836,33437000,2026-10-08
2018-05-15,18.035558700561523,20.2189998626709,20.43000030517578,19.976999282836914,20.340999603271484,19214000,2026-10-08
2018-05-16,18.456581115722656,20.69099998474121,20.819000244140625,20.266000747680664,20.340999603271484,22545000,2026-10-08
2018-05-17,18.137239456176758,20.33300018310547,20.636999130249023,20.17300033569336,20.56599998474121,26077000,2026-10-08
2018-05-18,17.437910079956055,19.548999786376953,19.788000106811523,19.218000411987305,19.524999618530273,52501000,2026-10-08
2018-05-21,17.8286075592041,19.98699951171875,20.0939998626709,19.649999618530273,19.93400001525879,25346000,2026-10-08
2018-05-22,18.106021881103516,20.29800033569336,20.531999588012695,20.200000762939453,20.225000381469727,27788000,2026-10-08
2018-05-23,18.135461807250977,20.33099937438965,20.39699935913086,19.979999542236328,19.99799919128418,19699000,2026-10-08
2018-05-24,18.230012893676758,20.437000274658203,20.4950008392334,20.07900047302246,20.354999542236328,21240000,2026-10-08
2018-05-25,18.02128028869629,20.202999114990234,20.388999938964844,20.118000030517578,20.29800033569336,22637000,2026-10-08
2018-05-29,17.865182876586914,20.027999877929688,20.291000366210938,19.826000213623047,20.027999877929688,20495000,2026-10-08
2018-05-30,18.00344467163086,20.183000564575195,20.474000930786133,20.06999969482422,20.21299934387207,28121000,2026-10-08
2018-05-31,17.6778564453125,19.81800079345703,20.209999084472656,19.78499984741211,20.06599998474121,30783000,2026-10-08
2018-06-01,18.079269409179688,20.26799964904785,20.378000259399414,19.868999481201172,20.0,34371000,2026-10-08
2018-06-04,18.2496337890625,20.458999633789062,20.594999313354492,20.05900001525879,20.246999740600586,28059000,2026-10-08
2018-06-05,18.101661682128906,20.18400001525879,20.547000885009766,20.14299964904785,20.465999603271484,25079000,2026-10-08
2018-06-06,17.901668548583984,19.961000442504883,20.25200080871582,19.687999725341797,20.24799919128418,39254000,2026-10-08
2018-06-07,16.934873580932617,18.882999420166016,19.277999877929688,18.481000900268555,19.22599983215332,127752000,2026-10-08
2018-06-08,16.863136291503906,18.80299949645996,18.82900047302246,18.540000915527344,18.613000869750977,52726000,2026-10-08
2018-06-11,16.4757022857666,18.371000289916992,18.783000946044922,18.319000244140625,18.764999389648438,54434000,2026-10-08
2018-06-12,16.764484405517578,18.69300079345703,18.70199966430664,18.334999084472656,18.489999771118164,36615000,2026-10-08
2018-06-13,16.554622650146484,18.458999633789062,18.850000381469727,18.402999877929688,18.42099952697754,44895000,2026-10-08
2018-06-14,16.247905731201172,18.117000579833984,18.655000686645508,18.097000122070312,18.517000198364258,43866000,2026-10-08
2018-06-15,16.000385284423828,17.840999603271484,18.09000015258789,17.799999237060547,17.926000595092773,43553000,2026-10-08
2018-06-18,15.622815132141113,17.420000076293945,17.670000076293945,17.399999618530273,17.663000106811523,45187000,2026-10-08
2018-06-19,15.546581268310547,17.334999084472656,17.482999801635742,17.051000595092773,17.09000015258789,37362000,2026-10-08
2018-06-20,15.65330982208252,17.45400047302246,17.628999710083008,17.319000244140625,17.54800033569336,27759000,2026-10-08
2018-06-21,15.788729667663574,17.604999542236328,17.924999237060547,17.538999557495117,17.816999435424805,32827000,2026-10-08
2018-06-22,15.667655944824219,17.469999313354492,17.760000228881836,17.29400062561035,17.749000549316406,29503000,2026-10-08
2018-06-25,15.3367280960083,17.10099983215332,17.299999237060547,16.761999130249023,17.22100067138672,36180000,2026-10-08
2018-06-26,15.59859848022461,17.39299964904785,17.575000762939453,17.173999786376953,17.552000045776367,35058000,2026-10-08
2018-06-27,15.22821044921875,16.979999542236328,17.548999786376953,16.979000091552734,17.5,26858000,2026-10-08
2018-06-28,15.32417106628418,17.086999893188477,17.11400032043457,16.636999130249023,16.801000595092773,33546000,2026-10-08
2018-06-29,15.50174331665039,17.28499984741211,17.483999252319336,17.224000930786133,17.2549991607666,32016000,2026-10-08
2018-07-02,15.519682884216309,17.30500030517578,17.32699966430664,16.861000061035156,16.999000549316406,21153000,2026-10-08
2018-07-03,14.999517440795898,16.725000381469727,17.350000381469727,16.68899917602539,17.319000244140625,20484000,2026-10-08
2018-07-05,15.409369468688965,17.18199920654297,17.229999542236328,16.929000854492188,16.930999755859375,23862000,2026-10-08
2018-07-06,15.592321395874023,17.38599967956543,17.409000396728516,16.899999618530273,17.1299991607666,23543000,2026-10-08
2018-07-09,15.875725746154785,17.70199966430664,17.711999893188477,17.229999542236328,17.572999954223633,20559000,2026-10-08
2018-07-10,15.820114135742188,17.639999389648438,17.792999267578125,17.510000228881836,17.70199966430664,19771000,2026-10-08
2018-07-11,15.179780960083008,16.926000595092773,17.599000930786133,16.881999969482422,17.450000762939453,34509000,2026-10-08
2018-07-12,15.36452579498291,17.131999969482422,17.341999053955078,16.972000122070312,17.01099967956543,26871000,2026-10-08
2018-07-13,15.40667724609375,17.179000854492188,17.420000076293945,17.12700080871582,17.22599983215332,21323000,2026-10-08
2018-07-16,15.40667724609375,17.179000854492188,17.290000915527344,17.07699966430664,17.11199951171875,18735000,2026-10-08
2018-07-17,15.895450592041016,17.724000930786133,17.804000854492188,17.05299949645996,17.05299949645996,24194000,2026-10-08
2018-07-18,16.261356353759766,18.131999969482422,18.38800048828125,17.905000686645508,18.304000854492188,32971000,2026-10-08
2018-07-19,15.984236717224121,17.822999954223633,18.14699935913086,17.783000946044922,18.01099967956543,20152000,2026-10-08
2018-07-20,15.946572303771973,17.7810001373291,17.8439998626709,17.59000015258789,17.81800079345703,17208000,2026-10-08
2018-07-23,15.680212020874023,17.483999252319336,17.649999618530273,17.152999877929688,17.6299991607666,22954000,2026-10-08
2018-07-24,15.5501708984375,17.339000701904297,17.91900062561035,17.299999237060547,17.618000030517578,23002000,2026-10-08
2018-07-25,15.497261047363281,17.280000686645508,17.437999725341797,17.04400062561035,17.349000930786133,22323000,2026-10-08
2018-07-26,15.897247314453125,17.72599983215332,17.763999938964844,17.200000762939453,17.22599983215332,38416000,2026-10-08
2018-07-27,17.04159927368164,19.00200080871582,19.344999313354492,18.45599937438965,18.5,80737000,2026-10-08
2018-07-30,16.84609031677246,18.784000396728516,19.0,18.58799934387207,18.948999404907227,34120000,2026-10-08
2018-07-31,17.097206115722656,19.06399917602539,19.670000076293945,18.974000930786133,19.006999969482422,34177000,2026-10-08
2018-08-01,16.707082748413086,18.628999710083008,19.079999923706055,18.583999633789062,18.98699951171875,25590000,2026-10-08
2018-08-02,16.77972412109375,18.709999084472656,18.808000564575195,18.36199951171875,18.378000259399414,18192000,2026-10-08
2018-08-03,16.796768188476562,18.729000091552734,18.80900001525879,18.58300018310547,18.68000030517578,15075000,2026-10-08
2018-08-06,16.888242721557617,18.83099937438965,18.857999801635742,18.615999221801758,18.621000289916992,17930000,2026-10-08
2018-08-07,16.673004150390625,18.590999603271484,18.898000717163086,18.364999771118164,18.875,27277000,2026-10-08
2018-08-08,17.04159927368164,19.00200080871582,19.049999237060547,18.47100067138672,18.5049991607666,21288000,2026-10-08
2018-08-09,16.545654296875,18.448999404907227,18.763999938964844,18.27400016784668,18.667999267578125,32915000,2026-10-08
2018-08-10,15.972587585449219,17.809999465942383,18.14299964904785,17.743999481201172,18.05699920654297,29623000,2026-10-08
2018-08-13,15.977063179016113,17.815000534057617,17.90999984741211,17.604999542236328,17.88599967956543,21843000,2026-10-08
2018-08-14,15.846129417419434,17.66900062561035,17.96500015258789,17.642000198364258,17.857999801635742,19201000,2026-10-08
2018-08-15,15.49994945526123,17.283000946044922,17.48200035095215,17.089000701904297,17.444000244140625,29154000,2026-10-08
2018-08-16,15.63088321685791,17.429000854492188,17.670000076293945,17.229999542236328,17.38800048828125,26004000,2026-10-08
2018-08-17,15.238072395324707,16.990999221801758,17.11199951171875,16.631999969482422,17.086000442504883,42193000,2026-10-08
2018-08-20,15.360942840576172,17.128000259399414,17.201000213623047,16.69700050354004,16.957000732421875,25374000,2026-10-08
2018-08-21,15.639854431152344,17.43899917602539,17.549999237060547,17.158000946044922,17.22599983215332,27194000,2026-10-08
2018-08-22,15.522371292114258,17.308000564575195,17.509000778198242,17.270000457763672,17.343000411987305,17181000,2026-10-08
2018-08-23,15.4945650100708,17.277000427246094,17.44499969482422,17.229999542236328,17.259000778198242,22220000,2026-10-08
2018-08-24,15.46677017211914,17.246000289916992,17.415000915527344,17.143999099731445,17.40399932861328,20123000,2026-10-08
2018-08-27,15.803079605102539,17.621000289916992,17.808000564575195,17.295000076293945,17.299999237060547,31687000,2026-10-08
2018-08-28,15.61743450164795,17.413999557495117,17.43199920654297,17.079999923706055,17.322999954223633,35476000,2026-10-08
2018-08-29,15.481118202209473,17.261999130249023,17.493999481201172,17.187000274658203,17.327999114990234,23196000,2026-10-08
2018-08-30,15.467662811279297,17.246999740600586,17.461999893188477,17.21500015258789,17.25,21550000,2026-10-08
2018-08-31,15.523268699645996,17.30900001525879,17.466999053955078,17.172000885009766,17.22800064086914,22122000,2026-10-08
2018-09-04,15.42192554473877,17.195999145507812,17.29199981689453,16.833999633789062,17.174999237060547,26060000,2026-10-08
2018-09-05,15.429096221923828,17.20400047302246,17.23200035095215,16.91699981689453,17.06100082397461,29233000,2026-10-08
2018-09-06,14.35379409790039,16.0049991607666,17.084999084472656,15.99899959564209,17.030000686645508,56661000,2026-10-08
2018-09-07,14.3116455078125,15.958000183105469,16.142000198364258,15.85200023651123,15.859999656677246,31932000,2026-10-08
2018-09-10,14.300883293151855,15.946000099182129,16.145000457763672,15.824999809265137,16.14299964904785,22927000,2026-10-08
2018-09-11,14.033577919006348,15.539999961853027,15.619999885559082,15.319000244140625,15.5,35012000,2026-10-08
2018-09-12,13.579337120056152,15.036999702453613,15.180000305175781,14.902000427246094,15.024999618530273,50018000,2026-10-08
2018-09-13,13.827680587768555,15.312000274658203,15.440999984741211,15.10200023651123,15.199999809265137,31504000,2026-10-08
2018-09-14,13.858381271362305,15.345999717712402,15.574000358581543,15.189000129699707,15.37600040435791,24852000,2026-10-08
2018-09-17,13.735569953918457,15.210000038146973,15.442000389099121,15.182000160217285,15.284000396728516,19409000,2026-10-08
2018-09-18,13.875541687011719,15.364999771118164,15.54699993133545,15.236000061035156,15.236000061035156,15270000,2026-10-08
2018-09-19,13.834002494812012,15.319000244140625,15.53600025177002,15.272000312805176,15.53600025177002,21014000,2026-10-08
2018-09-20,14.02274227142334,15.527999877929688,15.704000473022461,15.432999610900879,15.486000061035156,24502000,2026-10-08
2018-09-21,14.058863639831543,15.567999839782715,15.654999732971191,15.35099983215332,15.35099983215332,41910000,2026-10-08
2018-09-24,13.973978042602539,15.473999977111816,15.529000282287598,15.25100040435791,15.496000289916992,19800000,2026-10-08
2018-09-25,13.662419319152832,15.128999710083008,15.50100040435791,15.050999641418457,15.50100040435791,34302000,2026-10-08
2018-09-26,13.438462257385254,14.880999565124512,15.175999641418457,14.753999710083008,14.805000305175781,34514000,2026-10-08
2018-09-27,13.59739875793457,15.057000160217285,15.173999786376953,14.854000091552734,15.020999908447266,22384000,2026-10-08
2018-09-28,13.699445724487305,15.170000076293945,15.329999923706055,14.913999557495117,15.04800033569336,21552000,2026-10-08
2018-10-01,13.56760025024414,15.02400016784668,15.185999870300293,14.918000221252441,15.062999725341797,23595000,2026-10-08
2018-10-02,13.643455505371094,15.107999801635742,15.484999656677246,14.928000450134277,14.949999809265137,28033000,2026-10-08
2018-10-03,13.741890907287598,15.217000007629395,15.331000328063965,15.022000312805176,15.184000015258789,16745000,2026-10-08
2018-10-04,13.456521987915039,14.901000022888184,15.100000381469727,14.762999534606934,15.097000122070312,26982000,2026-10-08
2018-10-05,13.356282234191895,14.789999961853027,15.045000076293945,14.680000305175781,14.876999855041504,23365000,2026-10-08
2018-10-08,13.191924095153809,14.607999801635742,14.91100025177002,14.529999732971191,14.720000267028809,24404000,2026-10-08
2018-10-09,13.046530723571777,14.446999549865723,14.600000381469727,14.135000228881836,14.562000274658203,39021000,2026-10-08
2018-10-10,12.622993469238281,13.977999687194824,14.366999626159668,13.87600040435791,14.239999771118164,45539000,2026-10-08
2018-10-11,12.427934646606445,13.76200008392334,14.288000106811523,13.598999977111816,14.07800006866455,39716000,2026-10-08
2018-10-12,12.968870162963867,14.361000061035156,14.663999557495117,14.07699966430664,14.29800033569336,37654000,2026-10-08
2018-10-15,12.86953353881836,14.25100040435791,14.418999671936035,14.03600025177002,14.199999809265137,26998000,2026-10-08
2018-10-16,13.118776321411133,14.527000427246094,14.645000457763672,14.32699966430664,14.42199993133545,45363000,2026-10-08
2018-10-17,13.291260719299316,14.718000411987305,15.395999908447266,14.619999885559082,15.25,87861000,2026-10-08
2018-10-18,13.102521896362305,14.508999824523926,14.654000282287598,14.340999603271484,14.567999839782715,43263000,2026-10-08
2018-10-19,13.11245346069336,14.520000457763672,14.854999542236328,14.442000389099121,14.562000274658203,41175000,2026-10-08
2018-10-22,13.028470039367676,14.427000045776367,14.758999824523926,14.36400032043457,14.67300033569336,27412000,2026-10-08
2018-10-23,13.219922065734863,14.638999938964844,14.765999794006348,13.958000183105469,13.960000038146973,38654000,2026-10-08
2018-10-24,12.58055305480957,13.930999755859375,14.52299976348877,13.914999961853027,14.425000190734863,39102000,2026-10-08
2018-10-25,12.87404727935791,14.255999565124512,14.404999732971191,13.939000129699707,14.100000381469727,31346000,2026-10-08
2018-10-26,12.5615873336792,13.90999984741211,14.22599983215332,13.656000137329102,13.845999717712402,37699000,2026-10-08
2018-10-29,12.261773109436035,13.57800006866455,14.251999855041504,13.342000007629395,14.07800006866455,37667000,2026-10-08
2018-10-30,12.57694149017334,13.927000045776367,14.107999801635742,13.486000061035156,13.583000183105469,40181000,2026-10-08
2018-10-31,12.799092292785645,14.17300033569336,14.307000160217285,14.022000312805176,14.166000366210938,28055000,2026-10-08
2018-11-01,13.71389389038086,15.185999870300293,15.204000473022461,14.25,14.263999938964844,57921000,2026-10-08
2018-11-02,13.682287216186523,15.151000022888184,15.40999984741211,15.006999969482422,15.293000221252441,29116000,2026-10-08
2018-11-05,13.33009147644043,14.76099967956543,15.149999618530273,14.54699993133545,15.131999969482422,22178000,2026-10-08
2018-11-06,13.732858657836914,15.206999778747559,15.23900032043457,14.649999618530273,14.678000450134277,32368000,2026-10-08
2018-11-07,13.6985445022583,15.168999671936035,15.399999618530273,15.116999626159668,15.39900016784668,25775000,2026-10-08
2018-11-08,13.697641372680664,15.168000221252441,15.331000328063965,14.923999786376953,14.987000465393066,12459000,2026-10-08
2018-11-09,13.351767539978027,14.78499984741211,15.086000442504883,14.689000129699707,14.956999778747559,18722000,2026-10-08
2018-11-12,12.905655860900879,14.291000366210938,14.60099983215332,14.206999778747559,14.555000305175781,24391000,2026-10-08
2018-11-13,12.999573707580566,14.395000457763672,14.713000297546387,14.310999870300293,14.506999969482422,28856000,2026-10-08
2018-11-14,12.890304565429688,14.27400016784668,14.765999794006348,14.157999992370605,14.562000274658203,24399000,2026-10-08
2018-11-15,13.220820426940918,14.640000343322754,14.777999877929688,14.15999984741211,14.217000007629395,32110000,2026-10-08
2018-11-16,13.365313529968262,14.800000190734863,15.065999984741211,14.161999702453613,14.251999855041504,37911000,2026-10-08
2018-11-19,12.980607986450195,14.37399959564209,14.857999801635742,14.354999542236328,14.689000129699707,25399000,2026-10-08
2018-11-20,12.954419136047363,14.345000267028809,14.91100025177002,13.987000465393066,14.02400016784668,52282000,2026-10-08
2018-11-21,13.051045417785645,14.45199966430664,14.758000373840332,14.434000015258789,14.592000007629395,22895000,2026-10-08
2018-11-23,12.998668670654297,14.394000053405762,14.720999717712402,14.288999557495117,14.288999557495117,8669000,2026-10-08
2018-11-26,13.25694751739502,14.680000305175781,14.696000099182129,14.416999816894531,14.649999618530273,15651000,2026-10-08
2018-11-27,13.25965404510498,14.682999610900879,14.779000282287598,14.48900032043457,14.541000366210938,20098000,2026-10-08
2018-11-28,13.892699241638184,15.383999824523926,15.392000198364258,14.50100040435791,14.758999824523926,31957000,2026-10-08
2018-11-29,13.794267654418945,15.274999618530273,15.491999626159668,15.182000160217285,15.232000350952148,19321000,2026-10-08
2018-11-30,14.174457550048828,15.696000099182129,15.718000411987305,15.083000183105469,15.300000190734863,36878000,2026-10-08
2018-12-03,14.541097640991211,16.101999282836914,16.28700065612793,15.824999809265137,16.100000381469727,36837000,2026-10-08
2018-12-04,13.61091136932373,14.968999862670898,15.899999618530273,14.85099983215332,15.852999687194824,52282000,2026-10-08
2018-12-06,13.250842094421387,14.572999954223633,14.741000175476074,14.204999923706055,14.5,55664000,2026-10-08
2018-12-07,12.550698280334473,13.803000450134277,14.569000244140625,13.744000434875488,14.562000274658203,30846000,2026-10-08
2018-12-10,12.531604766845703,13.781999588012695,13.92199993133545,13.515999794006348,13.730999946594238,27340000,2026-10-08
2018-12-11,12.57434368133545,13.829000473022461,14.47700023651123,13.73900032043457,14.041000366210938,22135000,2026-10-08
2018-12-12,12.588888168334961,13.845000267028809,14.175999641418457,13.739999771118164,14.107000350952148,30169000,2026-10-08
2018-12-13,12.617077827453613,13.87600040435791,14.055999755859375,13.77299976348877,13.951000213623047,16696000,2026-10-08
2018-12-14,12.308833122253418,13.536999702453613,13.746999740600586,13.392000198364258,13.61299991607666,33849000,2026-10-08
2018-12-17,12.33702278137207,13.567999839782715,13.918000221252441,13.394000053405762,13.503000259399414,24680000,2026-10-08
2018-12-18,12.541605949401855,13.793000221252441,14.234999656677246,13.628000259399414,13.70300006866455,25001000,2026-10-08
2018-12-19,11.922393798828125,13.112000465393066,14.043000221252441,12.993000030517578,13.559000015258789,36244000,2026-10-08
2018-12-20,11.666885375976562,12.831000328063965,13.295000076293945,12.664999961853027,13.211999893188477,43698000,2026-10-08
2018-12-21,11.562317848205566,12.715999603271484,13.199000358581543,12.673999786376953,12.91100025177002,39131000,2026-10-08
2018-12-24,11.209519386291504,12.32800006866455,12.741999626159668,12.321999549865723,12.656999588012695,13052000,2026-10-08
2018-12-26,11.89693546295166,13.083999633789062,13.093999862670898,12.263999938964844,12.496999740600586,32388000,2026-10-08
2018-12-27,12.118793487548828,13.32800006866455,13.329000473022461,12.75100040435791,12.791000366210938,18137000,2026-10-08
2018-12-28,12.31337833404541,13.541999816894531,13.803999900817871,13.331999778747559,13.359999656677246,22876000,2026-10-08
2018-12-31,12.381576538085938,13.616999626159668,13.789999961853027,13.430999755859375,13.678000450134277,15972000,2026-10-08
2019-01-02,12.575249671936035,13.829999923706055,13.96500015258789,13.34000015258789,13.345999717712402,17126000,2026-10-08
2019-01-03,11.968767166137695,13.163000106811523,13.635000228881836,13.135000228881836,13.520000457763672,21111000,2026-10-08
2019-01-04,12.55342960357666,13.805999755859375,13.824000358581543,13.335000038146973,13.409000396728516,21270000,2026-10-08
2019-01-07,12.665266990661621,13.928999900817871,14.107000350952148,13.73900032043457,13.847000122070312,13940000,2026-10-08
2019-01-08,12.450679779052734,13.692999839782715,14.04699993133545,13.336000442504883,14.02299976348877,27463000,2026-10-08
2019-01-09,13.093534469604492,14.399999618530273,14.467000007629395,13.82800006866455,13.871000289916992,33367000,2026-10-08
2019-01-10,13.145364761352539,14.456999778747559,14.557000160217285,14.138999938964844,14.309000015258789,20094000,2026-10-08
2019-01-11,13.103535652160645,14.41100025177002,14.706999778747559,14.289999961853027,14.395000457763672,22813000,2026-10-08
2019-01-14,12.768926620483398,14.043000221252441,14.232000350952148,13.86299991607666,14.225000381469727,32391000,2026-10-08
2019-01-15,12.729825973510742,14.0,14.236000061035156,13.887999534606934,14.131999969482422,14539000,2026-10-08
2019-01-16,12.616168022155762,13.875,14.175000190734863,13.86400032043457,14.013999938964844,19124000,2026-10-08
2019-01-17,12.88985824584961,14.175999641418457,14.194999694824219,13.664999961853027,13.79699993133545,18445000,2026-10-08
2019-01-18,13.416328430175781,14.755000114440918,14.98799991607666,14.3100004196167,14.329000473022461,37802000,2026-10-08
2019-01-22,12.719825744628906,13.98900032043457,14.652999877929688,13.843000411987305,14.635000228881836,37249000,2026-10-08
2019-01-23,12.668907165527344,13.932999610900879,14.22700023651123,13.758000373840332,14.067000389099121,35068000,2026-10-08
2019-01-24,14.657487869262695,16.1200008392334,16.218000411987305,15.001999855041504,15.024999618530273,134214000,2026-10-08
2019-01-25,15.047560691833496,16.548999786376953,16.680999755859375,15.975000381469727,16.30299949645996,71585000,2026-10-08
2019-01-28,15.099398612976074,16.606000900268555,16.700000762939453,15.899999618530273,16.0,45139000,2026-10-08
2019-01-29,15.002099990844727,16.499000549316406,16.996999740600586,16.391000747680664,16.93400001525879,34212000,2026-10-08
2019-01-30,15.542207717895508,17.093000411987305,17.253000259399414,16.665000915527344,16.743000030517578,38807000,2026-10-08
2019-01-31,15.41945743560791,16.95800018310547,17.290000915527344,16.785999298095703,16.961000442504883,30481000,2026-10-08
2019-02-01,15.709516525268555,17.277000427246094,17.350000381469727,16.94300079345703,17.020000457763672,28917000,2026-10-08
2019-02-04,15.744980812072754,17.31599998474121,17.395000457763672,17.08799934387207,17.2450008392334,17386000,2026-10-08
2019-02-05,15.793169975280762,17.368999481201172,17.444000244140625,17.170000076293945,17.257999420166016,24743000,2026-10-08
2019-02-06,16.103229522705078,17.709999084472656,18.05299949645996,17.399999618530273,17.433000564575195,33794000,2026-10-08
2019-02-07,15.977752685546875,17.57200050354004,17.670000076293945,17.326000213623047,17.50200080871582,21664000,2026-10-08
2019-02-08,15.939563751220703,17.530000686645508,17.56399917602539,17.165000915527344,17.26799964904785,17042000,2026-10-08
2019-02-11,15.99593448638916,17.591999053955078,17.700000762939453,17.483999252319336,17.562999725341797,16828000,2026-10-08
2019-02-12,16.298721313476562,17.924999237060547,18.013999938964844,17.729999542236328,17.799999237060547,19631000,2026-10-08
2019-02-13,16.458759307861328,18.10099983215332,18.29599952697754,17.92799949645996,18.007999420166016,20281000,2026-10-08
2019-02-14,16.487857818603516,18.132999420166016,18.52400016784668,18.006000518798828,18.006000518798828,20012000,2026-10-08
2019-02-15,16.466026306152344,18.108999252319336,18.315000534057617,17.93400001525879,18.20199966430664,23138000,2026-10-08
2019-02-19,16.395105361938477,18.0310001373291,18.299999237060547,18.02199935913086,18.0939998626709,15516000,2026-10-08
2019-02-20,16.56787109375,18.22100067138672,18.31999969482422,18.055999755859375,18.117000579833984,21972000,2026-10-08
2019-02-21,16.259628295898438,17.881999969482422,18.284000396728516,17.85700035095215,18.2189998626709,19141000,2026-10-08
2019-02-22,16.295995712280273,17.922000885009766,17.990999221801758,17.510000228881836,17.643999099731445,27103000,2026-10-08
2019-02-25,16.33055305480957,17.959999084472656,18.238000869750977,17.941999435424805,18.229999542236328,18380000,2026-10-08
2019-02-26,16.235984802246094,17.856000900268555,18.031999588012695,17.81999969482422,17.888999938964844,15063000,2026-10-08
2019-02-27,16.112314224243164,17.719999313354492,17.820999145507812,17.43199920654297,17.763999938964844,17586000,2026-10-08
2019-02-28,16.01139259338379,17.608999252319336,17.70400047302246,17.489999771118164,17.615999221801758,16597000,2026-10-08
2019-03-01,16.07140350341797,17.674999237060547,17.9060001373291,17.589000701904297,17.767000198364258,15136000,2026-10-08
2019-03-04,16.164154052734375,17.777000427246094,18.02899932861328,17.6560001373291,17.735000610351562,22781000,2026-10-08
2019-03-05,15.779525756835938,17.354000091552734,17.726999282836914,17.225000381469727,17.695999145507812,25756000,2026-10-08
2019-03-06,15.383997917175293,16.91900062561035,17.39299964904785,16.81800079345703,17.350000381469727,30124000,2026-10-08
2019-03-07,15.199411392211914,16.715999603271484,16.854000091552734,16.48900032043457,16.85099983215332,24467000,2026-10-08
2019-03-08,15.351264953613281,16.882999420166016,16.94099998474121,16.360000610351562,16.469999313354492,19439000,2026-10-08
2019-03-11,15.640410423278809,17.201000213623047,17.308000564575195,16.95199966430664,16.96299934387207,20297000,2026-10-08
2019-03-12,15.644957542419434,17.20599937438965,17.320999145507812,17.09000015258789,17.285999298095703,16354000,2026-10-08
2019-03-13,15.494924545288086,17.041000366210938,17.31100082397461,17.000999450683594,17.31100082397461,21585000,2026-10-08
2019-03-14,16.05139923095703,17.652999877929688,17.843000411987305,17.100000381469727,17.100000381469727,36232000,2026-10-08
2019-03-15,16.58423614501953,18.23900032043457,18.79599952697754,18.03499984741211,18.134000778198242,61230000,2026-10-08
2019-03-18,16.385107040405273,18.020000457763672,18.336999893188477,17.85099983215332,18.18199920654297,20343000,2026-10-08
2019-03-19,16.407976150512695,17.934999465942383,18.232999801635742,17.89900016784668,18.027999877929688,20884000,2026-10-08
2019-03-20,16.077716827392578,17.573999404907227,18.069000244140625,17.459999084472656,17.91699981689453,20673000,2026-10-08
2019-03-21,16.815088272094727,18.3799991607666,18.659000396728516,17.57900047302246,17.57900047302246,31033000,2026-10-08
2019-03-22,16.417125701904297,17.94499969482422,18.444000244140625,17.898000717163086,18.231000900268555,22045000,2026-10-08
2019-03-25,16.384191513061523,17.909000396728516,18.079999923706055,17.69300079345703,17.902999877929688,12734000,2026-10-08
2019-03-26,16.47201919555664,18.0049991607666,18.270000457763672,17.899999618530273,17.974000930786133,16499000,2026-10-08
2019-03-27,16.25153350830078,17.763999938964844,18.079999923706055,17.709999084472656,18.017000198364258,13905000,2026-10-08
2019-03-28,16.07222557067871,17.56800079345703,17.89900016784668,17.410999298095703,17.777000427246094,16656000,2026-10-08
2019-03-29,16.376869201660156,17.900999069213867,17.979000091552734,17.70800018310547,17.777000427246094,15830000,2026-10-08
2019-04-01,16.897424697875977,18.469999313354492,18.500999450683594,18.145000457763672,18.200000762939453,17987000,2026-10-08
2019-04-02,16.857175827026367,18.426000595092773,18.58099937438965,18.302000045776367,18.506999969482422,13618000,2026-10-08
2019-04-03,17.523191452026367,19.15399932861328,19.308000564575195,18.62299919128418,18.76300048828125,32450000,2026-10-08
2019-04-04,17.476531982421875,19.10300064086914,19.381999969482422,18.930999755859375,18.958999633789062,21427000,2026-10-08
2019-04-05,17.853450775146484,19.514999389648438,19.57900047302246,19.200000762939453,19.320999145507812,21467000,2026-10-08
2019-04-08,17.70981788635254,19.357999801635742,19.461999893188477,19.134000778198242,19.360000610351562,17132000,2026-10-08
2019-04-09,17.42438507080078,19.04599952697754,19.19499969482422,18.91699981689453,19.18199920654297,17347000,2026-10-08
2019-04-10,17.45914649963379,19.083999633789062,19.160999298095703,18.860000610351562,18.979999542236328,14505000,2026-10-08
2019-04-11,17.502145767211914,19.131000518798828,19.347000122070312,19.049999237060547,19.131000518798828,11942000,2026-10-08
2019-04-12,17.755563735961914,19.408000946044922,19.530000686645508,19.246999740600586,19.410999298095703,11619000,2026-10-08
2019-04-15,17.639379501342773,19.2810001373291,19.33799934387207,18.9950008392334,19.33799934387207,14193000,2026-10-08
2019-04-16,17.804969787597656,19.461999893188477,19.687999725341797,19.386999130249023,19.450000762939453,15514000,2026-10-08
2019-04-17,17.957748413085938,19.628999710083008,19.797000885009766,19.429000854492188,19.733999252319336,16936000,2026-10-08
2019-04-18,17.81868553161621,19.476999282836914,19.72800064086914,19.44700050354004,19.67300033569336,14098000,2026-10-08
2019-04-22,17.859853744506836,19.52199935913086,19.674999237060547,19.30900001525879,19.628999710083008,11771000,2026-10-08
2019-04-23,17.81960105895996,19.47800064086914,19.624000549316406,19.34000015258789,19.5,20486000,2026-10-08
2019-04-24,17.879987716674805,19.54400062561035,19.99799919128418,19.458999633789062,19.514999389648438,26018000,2026-10-08
2019-04-25,18.761903762817383,20.507999420166016,20.950000762939453,20.25,20.299999237060547,47583000,2026-10-08
2019-04-26,18.881750106811523,20.638999938964844,20.7189998626709,19.959999084472656,20.299999237060547,28652000,2026-10-08
2019-04-29,18.8570556640625,20.61199951171875,20.773000717163086,20.437999725341797,20.67300033569336,16077000,2026-10-08
2019-04-30,18.976898193359375,20.743000030517578,20.881000518798828,20.52899932861328,20.62299919128418,16043000,2026-10-08
2019-05-01,18.65944480895996,20.395999908447266,20.90399932861328,20.388999938964844,20.804000854492188,11369000,2026-10-08
2019-05-02,18.922922134399414,20.68400001525879,20.738000869750977,20.34000015258789,20.395999908447266,13401000,2026-10-08
2019-05-03,19.00891876220703,20.777999877929688,20.881000518798828,20.617000579833984,20.73900032043457,12578000,2026-10-08
2019-05-06,18.712507247924805,20.45400047302246,20.527999877929688,19.875,20.033000946044922,12830000,2026-10-08
2019-05-07,18.291667938232422,19.993999481201172,20.19099998474121,19.485000610351562,20.089000701904297,29342000,2026-10-08
2019-05-08,18.270627975463867,19.97100067138672,20.170000076293945,19.708999633789062,19.850000381469727,15551000,2026-10-08
2019-05-09,18.17182159423828,19.863000869750977,19.996999740600586,19.30299949645996,19.600000381469727,19390000,2026-10-08
2019-05-10,18.105043411254883,19.790000915527344,19.950000762939453,19.392000198364258,19.708999633789062,17561000,2026-10-08
2019-05-13,17.226774215698242,18.829999923706055,19.201000213623047,18.694000244140625,19.1299991607666,28563000,2026-10-08
2019-05-14,17.60552406311035,19.243999481201172,19.4060001373291,18.94700050354004,19.04599952697754,16563000,2026-10-08
2019-05-15,17.883644104003906,19.54800033569336,19.790000915527344,19.065000534057617,19.115999221801758,16087000,2026-10-08
2019-05-16,17.79032325744629,19.445999145507812,19.648000717163086,19.06599998474121,19.20400047302246,17612000,2026-10-08
2019-05-17,17.762880325317383,19.416000366210938,20.0,19.299999237060547,19.30900001525879,24442000,2026-10-08
2019-05-20,16.803199768066406,18.367000579833984,18.96500015258789,18.27400016784668,18.86400032043457,32441000,2026-10-08
2019-05-21,17.099609375,18.69099998474121,18.861000061035156,18.548999786376953,18.660999298095703,20314000,2026-10-08
2019-05-22,17.124313354492188,18.718000411987305,18.85300064086914,18.514999389648438,18.538000106811523,11325000,2026-10-08
2019-05-23,16.96604347229004,18.545000076293945,18.58799934387207,18.226999282836914,18.3799991607666,18492000,2026-10-08
2019-05-24,16.641267776489258,18.190000534057617,18.79800033569336,18.170000076293945,18.67799949645996,21382000,2026-10-08
2019-05-28,16.368640899658203,17.892000198364258,18.399999618530273,17.864999771118164,18.354000091552734,25526000,2026-10-08
2019-05-29,16.247873306274414,17.760000228881836,17.84000015258789,17.469999313354492,17.71299934387207,25662000,2026-10-08
2019-05-30,16.34119415283203,17.86199951171875,18.219999313354492,17.75200080871582,17.795000076293945,12630000,2026-10-08
2019-05-31,15.974331855773926,17.461000442504883,17.95800018310547,17.452999114990234,17.631000518798828,15766000,2026-10-08
2019-06-03,15.774898529052734,17.243000030517578,17.7450008392334,17.104000091552734,17.54800033569336,24126000,2026-10-08
2019-06-04,16.50586700439453,18.04199981689453,18.079999923706055,17.275999069213867,17.45400047302246,23986000,2026-10-08
2019-06-05,16.67969512939453,18.23200035095215,18.31599998474121,17.89299964904785,18.115999221801758,19468000,2026-10-08
2019-06-06,16.891935348510742,18.464000701904297,18.524999618530273,18.165000915527344,18.235000610351562,15890000,2026-10-08
2019-06-07,17.078567504882812,18.667999267578125,18.926000595092773,18.46299934387207,18.562999725341797,16194000,2026-10-08
2019-06-10,17.489343643188477,19.117000579833984,19.37700080871582,18.80900001525879,18.80900001525879,16890000,2026-10-08
2019-06-11,17.475543975830078,18.992000579833984,19.52899932861328,18.937000274658203,19.490999221801758,14779000,2026-10-08
2019-06-12,16.55170440673828,17.988000869750977,18.422000885009766,17.881999969482422,18.336999893188477,26863000,2026-10-08
2019-06-13,16.580224990844727,18.018999099731445,18.22100067138672,17.875,18.083999633789062,16484000,2026-10-08
2019-06-14,16.268301010131836,17.68000030517578,17.746000289916992,17.350000381469727,17.631999969482422,21876000,2026-10-08
2019-06-17,15.873550415039062,17.250999450683594,17.679000854492188,17.238000869750977,17.679000854492188,19722000,2026-10-08
2019-06-18,16.603233337402344,18.04400062561035,18.405000686645508,17.44300079345703,17.49799919128418,23698000,2026-10-08
2019-06-19,16.693405151367188,18.142000198364258,18.336999893188477,17.941999435424805,18.166000366210938,12339000,2026-10-08
2019-06-20,16.927125930786133,18.395999908447266,18.64900016784668,18.236000061035156,18.507999420166016,11268000,2026-10-08
2019-06-21,16.841552734375,18.30299949645996,18.5,18.243000030517578,18.268999099731445,19916000,2026-10-08
2019-06-24,16.679609298706055,18.12700080871582,18.297000885009766,18.06100082397461,18.208999633789062,16784000,2026-10-08
2019-06-25,16.178125381469727,17.582000732421875,18.16200065612793,17.558000564575195,18.12299919128418,20799000,2026-10-08
2019-06-26,16.68052864074707,18.128000259399414,18.253999710083008,17.858999252319336,17.937000274658203,19941000,2026-10-08
2019-06-27,17.126802444458008,18.613000869750977,18.679000854492188,18.274999618530273,18.288999557495117,18912000,2026-10-08
2019-06-28,17.28414535522461,18.784000396728516,18.974000930786133,18.708999633789062,18.9689998626709,23367000,2026-10-08
2019-07-01,17.606201171875,19.134000778198242,19.795000076293945,18.91200065612793,19.457000732421875,23652000,2026-10-08
2019-07-02,17.224334716796875,18.7189998626709,19.097000122070312,18.552000045776367,19.097000122070312,15263000,2026-10-08
2019-07-03,17.00994873046875,18.486000061035156,18.788999557495117,18.458999633789062,18.73900032043457,10480000,2026-10-08
2019-07-05,16.897682189941406,18.36400032043457,18.41699981689453,18.110000610351562,18.31800079345703,19537000,2026-10-08
2019-07-08,16.69156837463379,18.139999389648438,18.242000579833984,17.892000198364258,17.920000076293945,14965000,2026-10-08
2019-07-09,16.84615135192871,18.308000564575195,18.40399932861328,17.990999221801758,18.009000778198242,17438000,2026-10-08
2019-07-10,16.951053619384766,18.422000885009766,18.95800018310547,18.371999740600586,18.53499984741211,17782000,2026-10-08
2019-07-11,17.012704849243164,18.48900032043457,18.573999404907227,18.23200035095215,18.573999404907227,16132000,2026-10-08
2019-07-12,17.59699821472168,19.124000549316406,19.2810001373291,18.547000885009766,18.64699935913086,19750000,2026-10-08
2019-07-15,17.735942840576172,19.274999618530273,19.374000549316406,19.108999252319336,19.236000061035156,10092000,2026-10-08
2019-07-16,17.465415954589844,18.981000900268555,19.256000518798828,18.940000534057617,19.10700035095215,11091000,2026-10-08
2019-07-17,17.641164779663086,19.172000885009766,19.25,18.81100082397461,19.045000076293945,15796000,2026-10-08
2019-07-18,18.240188598632812,19.822999954223633,20.010000228881836,19.215999603271484,19.308000564575195,21088000,2026-10-08
2019-07-19,18.26226806640625,19.847000122070312,20.079999923706055,19.69300079345703,20.02899932861328,15318000,2026-10-08
2019-07-22,19.066484451293945,20.72100067138672,20.78700065612793,20.28700065612793,20.288000106811523,23575000,2026-10-08
2019-07-23,19.301122665405273,20.97599983215332,21.0,20.63599967956543,20.760000228881836,19498000,2026-10-08
2019-07-24,19.965473175048828,21.697999954223633,21.849000930786133,20.900999069213867,21.0,31408000,2026-10-08
2019-07-25,19.392221450805664,21.075000762939453,21.427000045776367,21.006999969482422,21.368000030517578,20844000,2026-10-08
2019-07-26,19.392221450805664,21.075000762939453,21.290000915527344,20.954999923706055,21.145000457763672,11249000,2026-10-08
2019-07-29,19.398658752441406,21.082000732421875,21.117000579833984,20.78499984741211,21.0310001373291,10921000,2026-10-08
2019-07-30,19.44466209411621,21.131999969482422,21.273000717163086,20.756000518798828,20.863000869750977,9560000,2026-10-08
2019-07-31,19.195301055908203,20.861000061035156,21.236000061035156,20.615999221801758,21.06999969482422,26525000,2026-10-08
2019-08-01,18.933061599731445,20.576000213623047,21.770000457763672,20.405000686645508,20.788999557495117,29749000,2026-10-08
2019-08-02,18.779396057128906,20.409000396728516,20.590999603271484,20.047000885009766,20.43199920654297,24246000,2026-10-08
2019-08-05,17.807710647583008,19.35300064086914,19.875999450683594,19.16200065612793,19.775999069213867,22825000,2026-10-08
2019-08-06,17.8988094329834,19.45199966430664,19.965999603271484,19.312000274658203,19.722999572753906,20037000,2026-10-08
2019-08-07,18.074556350708008,19.64299964904785,19.735000610351562,19.070999145507812,19.2450008392334,21443000,2026-10-08
2019-08-08,18.53923225402832,20.148000717163086,20.23900032043457,19.836999893188477,20.10099983215332,17327000,2026-10-08
2019-08-09,17.97241973876953,19.531999588012695,20.027999877929688,19.441999435424805,19.93400001525879,18801000,2026-10-08
2019-08-12,18.063514709472656,19.631000518798828,19.718000411987305,19.3799991607666,19.43899917602539,13060000,2026-10-08
2019-08-13,18.926620483398438,20.569000244140625,20.655000686645508,19.509000778198242,19.631000518798828,22814000,2026-10-08
2019-08-14,18.265024185180664,19.850000381469727,20.15399932861328,19.72599983215332,19.934999465942383,19203000,2026-10-08
2019-08-15,18.304594039916992,19.89299964904785,20.0939998626709,19.645000457763672,19.972999572753906,10367000,2026-10-08
2019-08-16,18.873245239257812,20.51099967956543,20.632999420166016,19.836999893188477,19.89299964904785,19249000,2026-10-08
2019-08-19,19.143770217895508,20.80500030517578,21.121999740600586,20.71500015258789,21.0,13950000,2026-10-08
2019-08-20,19.02507209777832,20.676000595092773,20.87299919128418,20.533000946044922,20.820999145507812,8549000,2026-10-08
2019-08-21,19.13825035095215,20.798999786376953,20.95800018310547,20.691999435424805,20.910999298095703,9280000,2026-10-08
2019-08-22,19.36553192138672,21.04599952697754,21.152000427246094,20.606000900268555,20.81800079345703,9905000,2026-10-08
2019-08-23,18.438940048217773,20.038999557495117,20.950000762939453,19.975000381469727,20.764999389648438,20312000,2026-10-08
2019-08-26,18.526351928710938,20.134000778198242,20.55299949645996,20.003999710083008,20.43199920654297,12502000,2026-10-08
2019-08-27,18.38188934326172,19.976999282836914,20.343000411987305,19.81399917602539,20.343000411987305,12917000,2026-10-08
2019-08-28,18.704858779907227,20.327999114990234,20.381000518798828,19.715999603271484,19.965999603271484,11954000,2026-10-08
2019-08-29,19.10788917541504,20.766000747680664,21.0,20.628000259399414,20.700000762939453,18173000,2026-10-08
2019-08-30,19.37013053894043,21.051000595092773,21.30500030517578,20.93400001525879,21.13800048828125,11943000,2026-10-08
2019-09-03,19.59372901916504,21.29400062561035,21.400999069213867,20.902000427246094,21.100000381469727,18529000,2026-10-08
2019-09-04,20.39057731628418,22.15999984741211,22.222000122070312,21.523000717163086,21.527999877929688,24032000,2026-10-08
2019-09-05,20.86353874206543,22.673999786376953,23.22599983215332,22.554000854492188,22.716999053955078,28373000,2026-10-08
2019-09-06,20.972110748291016,22.79199981689453,22.993999481201172,22.510000228881836,22.711000442504883,16807000,2026-10-08
2019-09-09,21.194799423217773,23.034000396728516,23.263999938964844,22.816999435424805,22.972000122070312,21948000,2026-10-08
2019-09-10,21.342016220092773,23.194000244140625,23.200000762939453,22.64900016784668,22.96500015258789,17274000,2026-10-08
2019-09-11,21.532487869262695,23.400999069213867,23.475000381469727,23.055999755859375,23.218000411987305,18288000,2026-10-08
2019-09-12,21.611621856689453,23.48699951171875,23.634000778198242,23.16900062561035,23.5,12308000,2026-10-08
2019-09-13,21.67511749267578,23.555999755859375,23.790000915527344,23.393999099731445,23.663000106811523,15982000,2026-10-08
2019-09-16,21.618057250976562,23.493999481201172,23.70800018310547,23.062000274658203,23.27899932861328,11596000,2026-10-08
2019-09-17,21.78736686706543,23.67799949645996,23.68000030517578,23.239999771118164,23.41900062561035,14291000,2026-10-08
2019-09-18,21.86650848388672,23.763999938964844,23.868999481201172,23.43199920654297,23.500999450683594,14916000,2026-10-08
2019-09-19,21.794734954833984,23.68600082397461,23.889999389648438,23.535999298095703,23.8799991607666,12526000,2026-10-08
2019-09-20,21.652114868164062,23.5310001373291,23.940000534057617,23.33099937438965,23.72100067138672,33206000,2026-10-08
2019-09-23,21.921710968017578,23.823999404907227,24.009000778198242,23.437999725341797,23.5,12025000,2026-10-08
2019-09-24,21.702714920043945,23.586000442504883,24.0,23.43199920654297,23.920000076293945,18180000,2026-10-08
2019-09-25,22.23089027404785,24.15999984741211,24.195999145507812,23.277000427246094,23.298999786376953,17063000,2026-10-08
2019-09-26,22.344064712524414,24.283000946044922,24.49799919128418,24.110000610351562,24.184999465942383,16684000,2026-10-08
2019-09-27,21.170866012573242,23.007999420166016,23.881000518798828,22.746000289916992,23.881000518798828,29409000,2026-10-08
2019-09-30,21.372474670410156,23.111000061035156,23.33099937438965,22.729000091552734,22.972999572753906,15435000,2026-10-08
2019-10-01,21.305891036987305,23.038999557495117,23.55299949645996,22.820999145507812,23.299999237060547,14934000,2026-10-08
2019-10-02,21.08486557006836,22.799999237060547,22.95800018310547,22.594999313354492,22.718000411987305,14757000,2026-10-08
2019-10-03,21.18197250366211,22.905000686645508,23.011999130249023,22.517000198364258,22.93199920654297,13616000,2026-10-08
2019-10-04,21.572221755981445,23.32699966430664,23.340999603271484,22.94300079345703,23.017000198364258,10613000,2026-10-08
2019-10-07,21.46771812438965,23.214000701904297,23.450000762939453,23.191999435424805,23.316999435424805,11285000,2026-10-08
2019-10-08,21.0571231842041,22.770000457763672,23.125,22.5,22.98699951171875,15028000,2026-10-08
2019-10-09,21.559274673461914,23.312999725341797,23.474000930786133,23.10700035095215,23.200000762939453,15739000,2026-10-08
2019-10-10,21.697067260742188,23.461999893188477,23.740999221801758,23.216999053955078,23.259000778198242,12887000,2026-10-08
2019-10-11,21.925487518310547,23.708999633789062,24.027999877929688,23.660999298095703,23.981000900268555,11995000,2026-10-08
2019-10-14,21.8505802154541,23.628000259399414,23.829999923706055,23.56399917602539,23.642000198364258,7703000,2026-10-08
2019-10-15,22.384174346923828,24.204999923706055,24.357999801635742,23.68000030517578,23.775999069213867,17932000,2026-10-08
2019-10-16,21.71001434326172,23.47599983215332,23.98900032043457,23.375999450683594,23.799999237060547,19413000,2026-10-08
2019-10-17,21.833932876586914,23.610000610351562,24.02899932861328,23.527999877929688,23.888999938964844,12808000,2026-10-08
2019-10-18,21.611988067626953,23.3700008392334,23.56999969482422,23.023000717163086,23.56999969482422,15238000,2026-10-08
2019-10-21,22.05218505859375,23.84600067138672,23.98699951171875,23.524999618530273,23.697999954223633,12152000,2026-10-08
2019-10-22,21.723888397216797,23.490999221801758,24.0049991607666,23.483999252319336,23.958999633789062,9901000,2026-10-08
2019-10-23,21.563899993896484,23.31800079345703,23.54800033569336,23.114999771118164,23.256999969482422,19786000,2026-10-08
2019-10-24,24.5620174407959,26.559999465942383,26.584999084472656,25.19499969482422,25.2450008392334,56831000,2026-10-08
2019-10-25,24.973546981811523,27.0049991607666,27.062999725341797,26.301000595092773,26.5,25072000,2026-10-08
2019-10-28,26.009292602539062,28.125,28.200000762939453,27.209999084472656,27.253999710083008,25281000,2026-10-08
2019-10-29,25.56909942626953,27.64900016784668,28.288000106811523,27.55699920654297,28.047000885009766,20796000,2026-10-08
2019-10-30,25.66805076599121,27.756000518798828,27.836000442504883,27.399999618530273,27.641000747680664,11725000,2026-10-08
2019-10-31,25.065092086791992,27.104000091552734,27.753999710083008,26.722999572753906,27.679000854492188,26993000,2026-10-08
2019-11-01,25.7327880859375,27.826000213623047,27.85099983215332,27.229999542236328,27.381999969482422,15453000,2026-10-08
2019-11-04,25.717985153198242,27.809999465942383,28.172000885009766,27.44099998474121,28.0,12904000,2026-10-08
2019-11-05,25.704120635986328,27.795000076293945,28.082000732421875,27.43899917602539,27.954999923706055,14839000,2026-10-08
2019-11-06,25.47846794128418,27.551000595092773,27.672000885009766,27.024999618530273,27.645999908447266,16907000,2026-10-08
2019-11-07,25.3489990234375,27.410999298095703,27.829999923706055,27.229999542236328,27.825000762939453,11067000,2026-10-08
2019-11-08,25.21675682067871,27.26799964904785,27.325000762939453,26.90999984741211,27.1299991607666,13730000,2026-10-08
2019-11-11,25.085445404052734,27.125999450683594,27.31100082397461,26.863000869750977,26.965999603271484,11794000,2026-10-08
2019-11-12,24.9698429107666,27.000999450683594,27.656999588012695,26.899999618530273,27.559999465942383,11061000,2026-10-08
2019-11-13,25.1964168548584,27.246000289916992,27.28700065612793,26.767000198364258,26.886999130249023,8611000,2026-10-08
2019-11-14,25.439632415771484,27.509000778198242,27.58099937438965,27.08099937438965,27.18000030517578,12029000,2026-10-08
2019-11-15,26.234010696411133,28.368000030517578,28.586999893188477,28.0,28.013999938964844,21264000,2026-10-08
2019-11-18,26.143383026123047,28.270000457763672,28.57699966430664,28.079999923706055,28.275999069213867,13662000,2026-10-08
2019-11-19,25.594070434570312,27.676000595092773,28.457000732421875,27.658000946044922,28.457000732421875,13654000,2026-10-08
2019-11-20,25.350847244262695,27.413000106811523,27.72599983215332,27.040000915527344,27.597999572753906,12661000,2026-10-08
2019-11-21,24.404804229736328,26.389999389648438,26.968000411987305,26.290000915527344,26.57200050354004,24070000,2026-10-08
2019-11-22,24.227251052856445,26.197999954223633,26.66699981689453,26.011999130249023,26.54800033569336,12736000,2026-10-08
2019-11-25,24.877368927001953,26.900999069213867,27.006000518798828,26.367000579833984,26.406999588012695,19885000,2026-10-08
2019-11-26,24.92823028564453,26.95599937438965,27.141000747680664,26.722000122070312,27.0,17898000,2026-10-08
2019-11-27,25.055845260620117,27.0939998626709,27.20599937438965,26.937999725341797,27.079999923706055,8744000,2026-10-08
2019-11-29,24.67576789855957,26.683000564575195,27.079999923706055,26.57900047302246,27.079999923706055,7590000,2026-10-08
2019-12-02,24.316028594970703,26.29400062561035,26.648000717163086,26.132999420166016,26.648000717163086,13166000,2026-10-08
2019-12-03,23.844396591186523,25.784000396728516,26.15999984741211,25.549999237060547,25.679000854492188,15947000,2026-10-08
2019-12-04,24.309553146362305,26.28700065612793,26.444000244140625,26.136999130249023,26.274999618530273,12073000,2026-10-08
2019-12-05,24.489885330200195,26.48200035095215,26.524999618530273,26.243000030517578,26.46500015258789,11038000,2026-10-08
2019-12-06,24.95597267150879,26.986000061035156,27.257999420166016,26.684999465942383,26.799999237060547,13589000,2026-10-08
2019-12-09,24.78581428527832,26.802000045776367,27.22100067138672,26.70599937438965,27.131000518798828,10272000,2026-10-08
2019-12-10,24.982715606689453,26.89900016784668,27.163000106811523,26.718000411987305,26.850000381469727,11830000,2026-10-08
2019-12-11,25.578048706054688,27.540000915527344,27.604999542236328,26.851999282836914,26.875,15579000,2026-10-08
2019-12-12,26.44179344177246,28.469999313354492,28.55299949645996,27.409000396728516,27.44499969482422,18276000,2026-10-08
2019-12-13,26.186384201049805,28.19499969482422,28.886999130249023,28.051000595092773,28.388999938964844,22786000,2026-10-08
2019-12-16,26.399999618530273,28.424999237060547,28.8439998626709,28.424999237060547,28.614999771118164,15263000,2026-10-08
2019-12-17,26.986980438232422,29.05699920654297,29.125,28.533000946044922,28.649999618530273,21018000,2026-10-08
2019-12-18,26.750141143798828,28.802000045776367,29.225000381469727,28.68899917602539,29.041000366210938,14116000,2026-10-08
2019-12-19,27.23959732055664,29.32900047302246,29.340999603271484,28.827999114990234,29.06100082397461,13324000,2026-10-08
2019-12-20,27.622251510620117,29.740999221801758,29.93899917602539,29.371999740600586,29.77899932861328,33509000,2026-10-08
2019-12-23,27.347335815429688,29.44499969482422,29.899999618530273,29.427000045776367,29.83799934387207,11609000,2026-10-08
2019-12-24,27.35011863708496,29.447999954223633,29.607999801635742,29.211999893188477,29.569000244140625,3866000,2026-10-08
2019-12-26,27.390979766845703,29.492000579833984,29.531999588012695,29.31399917602539,29.496999740600586,6220000,2026-10-08
2019-12-27,27.277685165405273,29.3700008392334,29.636999130249023,29.277000427246094,29.591999053955078,6082000,2026-10-08
2019-12-30,27.169944763183594,29.253999710083008,29.320999145507812,28.763999938964844,29.250999450683594,8506000,2026-10-08
2019-12-31,27.15694236755371,29.239999771118164,29.259000778198242,28.851999282836914,29.149999618530273,9154000,2026-10-08
2020-01-02,27.666831970214844,29.788999557495117,29.979999542236328,29.448999404907227,29.577999114990234,15064000,2026-10-08
2020-01-03,27.369630813598633,29.4689998626709,29.680999755859375,29.172000885009766,29.204999923706055,9622000,2026-10-08
2020-01-06,26.858802795410156,28.91900062561035,29.202999114990234,28.753999710083008,28.979000091552734,13405000,2026-10-08
2020-01-07,27.51358413696289,29.624000549316406,29.854000091552734,29.13800048828125,29.173999786376953,15595000,2026-10-08
2020-01-08,27.86001205444336,29.996999740600586,30.16699981689453,29.520000457763672,29.74799919128418,15537000,2026-10-08
2020-01-09,27.670541763305664,29.792999267578125,30.38800048828125,29.350000381469727,30.211999893188477,13748000,2026-10-08
2020-01-10,27.33711814880371,29.43400001525879,30.128000259399414,29.295000076293945,29.910999298095703,14052000,2026-10-08
2020-01-13,27.611099243164062,29.729000091552734,29.732999801635742,29.250999450683594,29.437999725341797,13994000,2026-10-08
2020-01-14,27.93338394165039,30.076000213623047,30.437000274658203,29.673999786376953,30.013999938964844,17319000,2026-10-08
2020-01-15,27.708620071411133,29.833999633789062,30.05500030517578,29.672000885009766,29.92799949645996,10829000,2026-10-08
2020-01-16,28.4154052734375,30.594999313354492,30.72599983215332,30.094999313354492,30.18199920654297,16068000,2026-10-08
2020-01-17,28.605802536010742,30.799999237060547,30.849000930786133,30.215999603271484,30.704999923706055,19299000,2026-10-08
2020-01-21,28.66895866394043,30.868000030517578,31.19099998474121,30.731000900268555,30.819000244140625,15000000,2026-10-08
2020-01-22,28.9160099029541,31.134000778198242,31.535999298095703,31.075000762939453,31.100000381469727,15040000,2026-10-08
2020-01-23,29.01631736755371,31.242000579833984,31.26799964904785,30.7549991607666,31.200000762939453,15566000,2026-10-08
2020-01-24,28.470203399658203,30.65399932861328,31.67300033569336,30.371000289916992,31.589000701904297,16322000,2026-10-08
2020-01-27,27.286041259765625,29.378999710083008,29.868000030517578,29.268999099731445,29.702999114990234,19109000,2026-10-08
2020-01-28,28.019756317138672,30.16900062561035,30.325000762939453,29.336000442504883,29.878000259399414,18150000,2026-10-08
2020-01-29,27.697481155395508,29.82200050354004,30.39900016784668,29.590999603271484,30.222999572753906,18080000,2026-10-08
2020-01-30,28.879789352416992,31.094999313354492,31.899999618530273,30.576000213623047,31.84000015258789,39431000,2026-10-08
2020-01-31,27.696548461914062,29.820999145507812,30.89699935913086,29.726999282836914,30.799999237060547,24365000,2026-10-08
2020-02-03,28.646671295166016,30.8439998626709,30.95800018310547,30.0,30.0,19454000,2026-10-08
2020-02-04,30.221847534179688,32.540000915527344,32.68199920654297,31.61199951171875,31.6560001373291,25310000,2026-10-08
2020-02-05,30.24228858947754,32.5620002746582,33.25299835205078,32.369998931884766,33.12300109863281,21572000,2026-10-08
2020-02-06,30.047239303588867,32.35200119018555,32.685001373291016,32.29999923706055,32.599998474121094,12625000,2026-10-08
2020-02-07,29.293087005615234,31.540000915527344,32.12799835205078,31.472000122070312,32.0629997253418,16026000,2026-10-08
2020-02-10,29.70452880859375,31.982999801635742,31.98900032043457,31.299999237060547,31.398000717163086,10884000,2026-10-08
2020-02-11,30.246915817260742,32.56700134277344,32.68299865722656,32.2869987487793,32.2869987487793,15207000,2026-10-08
2020-02-12,31.07815933227539,33.46200180053711,33.518001556396484,32.79999923706055,32.79999923706055,16872000,2026-10-08
2020-02-13,31.724573135375977,34.15800094604492,34.43199920654297,33.36199951171875,33.505001068115234,21102000,2026-10-08
2020-02-14,31.51282501220703,33.93000030517578,34.42100143432617,33.67599868774414,34.14899826049805,11099000,2026-10-08
2020-02-18,30.21627426147461,32.534000396728516,33.20000076293945,32.29999923706055,32.32400131225586,27494000,2026-10-08
2020-02-19,31.00664520263672,33.3849983215332,33.54100036621094,33.029998779296875,33.11800003051758,15396000,2026-10-08
2020-02-20,30.50882911682129,32.8489990234375,33.40399932861328,32.402000427246094,33.19499969482422,18878000,2026-10-08
2020-02-21,29.423114776611328,31.68000030517578,32.70399856567383,31.52400016784668,32.62200164794922,21606000,2026-10-08
2020-02-24,27.905515670776367,30.04599952697754,30.5310001373291,29.511999130249023,29.920000076293945,31022000,2026-10-08
2020-02-25,27.140216827392578,29.222000122070312,30.690000534057617,28.93899917602539,30.582000732421875,25498000,2026-10-08
2020-02-26,27.547021865844727,29.65999984741211,30.46299934387207,29.461999893188477,29.624000549316406,23796000,2026-10-08
2020-02-27,26.534671783447266,28.56999969482422,29.375999450683594,28.201000213623047,28.56399917602539,28722000,2026-10-08
2020-02-28,27.25259780883789,29.343000411987305,29.44499969482422,27.365999221801758,27.582000732421875,31956000,2026-10-08
2020-03-02,27.89344596862793,30.033000946044922,30.05500030517578,28.402000427246094,29.663999557495117,23473000,2026-10-08
2020-03-03,27.06963539123535,29.145999908447266,30.829999923706055,28.858999252319336,30.030000686645508,25103000,2026-10-08
2020-03-04,28.442346572875977,30.624000549316406,30.6299991607666,29.3799991607666,29.886999130249023,19170000,2026-10-08
2020-03-05,27.78199005126953,29.913000106811523,30.96500015258789,29.600000381469727,29.78499984741211,20370000,2026-10-08
2020-03-06,27.34362030029297,29.44099998474121,29.867000579833984,28.524999618530273,29.07699966430664,20486000,2026-10-08
2020-03-09,24.853618621826172,26.760000228881836,28.326000213623047,26.722999572753906,27.299999237060547,26495000,2026-10-08
2020-03-10,26.70835304260254,28.756999969482422,28.785999298095703,26.743999481201172,27.56800079345703,23725000,2026-10-08
2020-03-11,25.692285537719727,27.663000106811523,28.448999404907227,27.257999420166016,27.854000091552734,31441000,2026-10-08
2020-03-12,22.090553283691406,23.78499984741211,26.55900001525879,23.7450008392334,25.707000732421875,36844000,2026-10-08
2020-03-13,24.313072204589844,26.17799949645996,26.29400062561035,24.26300048828125,25.399999618530273,26920000,2026-10-08
2020-03-16,19.832735061645508,21.354000091552734,24.57699966430664,21.308000564575195,22.381999969482422,30960000,2026-10-08
2020-03-17,21.296464920043945,22.93000030517578,23.783000946044922,20.37299919128418,21.707000732421875,36694000,2026-10-08
2020-03-18,18.030941009521484,19.413999557495117,21.534000396728516,18.13800048828125,20.3439998626709,36072000,2026-10-08
2020-03-19,18.111740112304688,19.500999450683594,20.139999389648438,18.70199966430664,19.052000045776367,33439000,2026-10-08
2020-03-20,17.45046615600586,18.788999557495117,22.413999557495117,18.711000442504883,20.000999450683594,39045000,2026-10-08
2020-03-23,17.9111328125,19.28499984741211,19.9950008392334,18.583999633789062,19.06800079345703,30272000,2026-10-08
2020-03-24,21.549419403076172,23.06399917602539,23.26300048828125,20.73699951171875,20.948999404907227,29212000,2026-10-08
2020-03-25,21.821311950683594,23.354999542236328,25.01099967956543,22.83099937438965,23.18199920654297,28374000,2026-10-08
2020-03-26,24.324384689331055,26.034000396728516,26.097999572753906,23.5,24.01799964904785,31663000,2026-10-08
2020-03-27,22.537946701049805,24.121999740600586,26.288000106811523,24.040000915527344,25.334999084472656,32033000,2026-10-08
2020-03-30,23.853485107421875,25.530000686645508,25.792999267578125,24.124000549316406,24.645999908447266,21298000,2026-10-08
2020-03-31,22.423952102661133,24.0,25.499000549316406,23.80900001525879,25.225000381469727,27836000,2026-10-08
2020-04-01,20.866416931152344,22.33300018310547,23.719999313354492,22.020999908447266,22.895000457763672,24655000,2026-10-08
2020-04-02,20.60854721069336,22.05699920654297,22.63599967956543,21.591999053955078,21.95800018310547,18914000,2026-10-08
2020-04-03,20.382444381713867,21.815000534057617,22.444000244140625,21.32900047302246,22.305999755859375,14906000,2026-10-08
2020-04-06,23.42835807800293,25.075000762939453,25.239999771118164,22.908000946044922,23.16200065612793,33272000,2026-10-08
2020-04-07,23.93944549560547,25.621999740600586,26.5,25.143999099731445,26.417999267578125,25778000,2026-10-08
2020-04-08,24.923288345336914,26.674999237060547,27.226999282836914,25.732999801635742,25.98900032043457,18923000,2026-10-08
2020-04-09,24.131914138793945,25.827999114990234,27.742000579833984,25.576000213623047,27.170000076293945,26173000,2026-10-08
2020-04-13,24.178630828857422,25.878000259399414,25.93000030517578,25.02400016784668,25.621000289916992,14107000,2026-10-08
2020-04-14,25.461463928222656,27.250999450683594,27.448999404907227,26.358999252319336,26.6200008392334,16268000,2026-10-08
2020-04-15,24.55516242980957,26.2810001373291,26.639999389648438,25.854999542236328,26.600000381469727,15428000,2026-10-08
2020-04-16,25.29328727722168,27.070999145507812,27.493999481201172,26.32900047302246,27.000999450683594,20778000,2026-10-08
2020-04-17,26.069719314575195,27.902000427246094,28.02199935913086,27.14699935913086,27.81599998474121,18316000,2026-10-08
2020-04-20,24.921424865722656,26.67300033569336,27.492000579833984,26.634000778198242,27.30299949645996,17823000,2026-10-08
2020-04-21,22.76311683654785,24.363000869750977,26.340999603271484,24.256999969482422,26.242000579833984,29990000,2026-10-08
2020-04-22,25.39325714111328,27.17799949645996,27.336999893188477,25.54599952697754,25.54599952697754,35658000,2026-10-08
2020-04-23,24.662607192993164,26.395999908447266,27.64699935913086,26.27899932861328,26.885000228881836,26249000,2026-10-08
2020-04-24,24.915817260742188,26.66699981689453,26.868000030517578,25.81100082397461,26.85300064086914,15289000,2026-10-08
2020-04-27,24.704654693603516,26.44099998474121,27.44300079345703,26.288000106811523,27.020000457763672,21361000,2026-10-08
2020-04-28,24.465471267700195,26.184999465942383,27.14900016784668,25.94700050354004,27.023000717163086,17316000,2026-10-08
2020-04-29,26.160348892211914,27.999000549316406,28.19499969482422,26.517000198364258,26.799999237060547,21558000,2026-10-08
2020-04-30,23.85161590576172,25.527999877929688,27.569000244140625,25.47100067138672,27.5,38871000,2026-10-08
2020-05-01,21.958663940429688,23.50200080871582,24.700000762939453,22.9689998626709,24.67300033569336,57151000,2026-10-08
2020-05-04,21.911941528320312,23.45199966430664,23.49799919128418,23.13800048828125,23.398000717163086,26313000,2026-10-08
2020-05-05,22.68650245666504,24.2810001373291,25.20400047302246,23.989999771118164,24.06100082397461,22686000,2026-10-08
2020-05-06,22.850008010864258,24.45599937438965,25.448999404907227,24.400999069213867,24.934999465942383,23508000,2026-10-08
2020-05-07,23.13685417175293,24.76300048828125,25.375999450683594,24.709999084472656,25.0,15417000,2026-10-08
2020-05-08,24.797157287597656,26.540000915527344,26.636999130249023,25.20599937438965,25.290000915527344,28381000,2026-10-08
2020-05-11,24.50096893310547,26.222999572753906,26.518999099731445,25.90999984741211,26.246999740600586,17626000,2026-10-08
2020-05-12,23.917015075683594,25.597999572753906,26.69099998474121,25.570999145507812,26.527000427246094,17645000,2026-10-08
2020-05-13,23.189167022705078,24.819000244140625,25.724000930786133,24.17799949645996,25.59600067138672,25459000,2026-10-08
2020-05-14,25.133516311645508,26.899999618530273,26.999000549316406,24.034000396728516,24.356000900268555,35760000,2026-10-08
2020-05-15,23.530202865600586,25.18400001525879,25.80900001525879,24.881000518798828,25.274999618530273,36819000,2026-10-08
2020-05-18,24.056236267089844,25.746999740600586,26.298999786376953,25.34600067138672,25.948999404907227,26604000,2026-10-08
2020-05-19,24.447721481323242,26.166000366210938,26.81999969482422,25.641000747680664,25.78499984741211,19015000,2026-10-08
2020-05-20,25.336271286010742,27.117000579833984,27.341999053955078,26.711999893188477,26.799999237060547,20597000,2026-10-08
2020-05-21,24.358020782470703,26.06999969482422,27.128999710083008,26.0,27.024999618530273,17727000,2026-10-08
2020-05-22,24.39912986755371,26.11400032043457,26.382999420166016,25.76300048828125,26.236000061035156,17559000,2026-10-08
2020-05-26,24.886856079101562,26.63599967956543,27.204999923706055,26.583999633789062,26.950000762939453,19099000,2026-10-08
2020-05-27,25.79783058166504,27.611000061035156,27.645999908447266,25.820999145507812,26.832000732421875,24587000,2026-10-08
2020-05-28,24.929828643798828,26.68199920654297,27.981000900268555,26.53700065612793,27.299999237060547,22868000,2026-10-08
2020-05-29,25.56985092163086,27.367000579833984,27.579999923706055,26.608999252319336,27.051000595092773,27947000,2026-10-08
2020-06-01,25.31757926940918,27.097000122070312,27.62700080871582,26.986000061035156,27.059999465942383,13785000,2026-10-08
2020-06-02,25.363361358642578,27.145999908447266,27.349000930786133,26.709999084472656,27.240999221801758,16974000,2026-10-08
2020-06-03,26.805036544799805,28.68899917602539,29.0,27.55500030517578,27.85099983215332,24278000,2026-10-08
2020-06-04,27.26752471923828,29.18400001525879,29.360000610351562,28.31599998474121,28.55299949645996,20592000,2026-10-08
2020-06-05,28.489633560180664,30.492000579833984,31.0,29.937999725341797,29.98900032043457,24996000,2026-10-08
2020-06-08,27.804771423339844,29.759000778198242,30.80299949645996,29.621000289916992,30.684999465942383,16894000,2026-10-08
2020-06-09,28.247644424438477,30.232999801635742,30.57699966430664,29.31100082397461,29.565000534057617,16321000,2026-10-08
2020-06-10,28.151409149169922,30.1299991607666,30.466999053955078,29.94499969482422,30.141000747680664,16073000,2026-10-08
2020-06-11,26.388320922851562,28.243000030517578,29.863000869750977,28.187999725341797,29.229000091552734,20625000,2026-10-08
2020-06-12,26.58359718322754,28.45199966430664,29.440000534057617,27.666000366210938,29.280000686645508,21638000,2026-10-08
2020-06-15,27.202129364013672,29.11400032043457,29.173999786376953,27.451000213623047,27.584999084472656,21095000,2026-10-08
2020-06-16,28.655147552490234,30.54800033569336,30.875,29.966999053955078,30.347999572753906,25483000,2026-10-08
2020-06-17,29.433717727661133,31.378000259399414,31.444000244140625,30.761999130249023,31.05900001525879,18442000,2026-10-08
2020-06-18,29.529396057128906,31.479999542236328,31.773000717163086,31.253000259399414,31.400999069213867,12740000,2026-10-08
2020-06-19,29.571609497070312,31.524999618530273,32.512001037597656,31.354000091552734,32.029998779296875,26102000,2026-10-08
2020-06-22,29.294889450073242,31.229999542236328,31.483999252319336,30.70599937438965,31.200000762939453,15410000,2026-10-08
2020-06-23,29.64008903503418,31.597999572753906,31.9060001373291,31.25,31.50200080871582,17647000,2026-10-08
2020-06-24,28.68328285217285,30.577999114990234,31.663000106811523,30.39699935913086,31.104000091552734,17909000,2026-10-08
2020-06-25,29.323030471801758,31.260000228881836,31.33799934387207,30.06100082397461,30.816999435424805,15935000,2026-10-08
2020-06-26,28.377485275268555,30.25200080871582,31.268999099731445,30.035999298095703,31.239999771118164,42337000,2026-10-08
2020-06-29,28.934682846069336,30.84600067138672,30.899999618530273,30.06100082397461,30.375,14762000,2026-10-08
2020-06-30,30.341739654541016,32.34600067138672,32.58000183105469,30.89299964904785,31.118999481201172,27896000,2026-10-08
2020-07-01,29.780786514282227,31.74799919128418,32.277000427246094,31.61199951171875,32.21500015258789,15271000,2026-10-08
2020-07-02,30.364248275756836,32.369998931884766,32.744998931884766,31.86400032043457,32.2859992980957,17112000,2026-10-08
2020-07-06,31.420482635498047,33.49599838256836,33.69900131225586,32.89799880981445,33.000999450683594,14148000,2026-10-08
2020-07-07,30.757286071777344,32.78900146484375,33.72700119018555,32.75,33.2130012512207,12765000,2026-10-08
2020-07-08,31.311664581298828,33.380001068115234,33.540000915527344,32.93899917602539,33.27899932861328,9896000,2026-10-08
2020-07-09,31.495515823364258,33.57600021362305,33.893001556396484,33.10499954223633,33.736000061035156,16599000,2026-10-08
2020-07-10,31.891382217407227,33.99800109863281,34.02899932861328,33.064998626708984,33.50899887084961,14324000,2026-10-08
2020-07-13,31.624975204467773,33.7140007019043,35.02399826049805,33.685001373291016,34.29999923706055,21604000,2026-10-08
2020-07-14,32.46169662475586,34.60599899291992,34.750999450683594,33.13999938964844,33.606998443603516,20188000,2026-10-08
2020-07-15,32.19529724121094,34.321998596191406,34.880001068115234,33.56100082397461,34.707000732421875,16370000,2026-10-08
2020-07-16,32.35100555419922,34.487998962402344,34.67100143432617,33.888999938964844,34.027000427246094,11828000,2026-10-08
2020-07-17,32.48140335083008,34.62699890136719,34.83300018310547,34.1150016784668,34.7859992980957,11290000,2026-10-08
2020-07-20,33.18304443359375,35.375,35.59400177001953,34.20100021362305,34.62699890136719,12483000,2026-10-08
2020-07-21,33.489784240722656,35.70199966430664,36.220001220703125,35.23400115966797,35.73699951171875,17436000,2026-10-08
2020-07-22,33.95317840576172,36.19599914550781,36.29999923706055,35.650001525878906,35.99700164794922,10365000,2026-10-08
2020-07-23,33.283424377441406,35.481998443603516,36.75600051879883,35.090999603271484,35.8849983215332,17249000,2026-10-08
2020-07-24,32.4298095703125,34.571998596191406,34.79999923706055,33.62799835205078,34.42100143432617,20028000,2026-10-08
2020-07-27,33.58921813964844,35.80799865722656,36.007999420166016,34.667999267578125,34.74399948120117,17521000,2026-10-08
2020-07-28,32.73091506958008,34.893001556396484,35.893001556396484,34.86000061035156,35.46099853515625,13324000,2026-10-08
2020-07-29,33.84718322753906,36.08300018310547,36.183998107910156,34.900001525878906,35.209999084472656,21673000,2026-10-08
2020-07-30,35.5084342956543,37.854000091552734,38.14799880981445,36.70800018310547,36.77799987792969,25678000,2026-10-08
2020-07-31,35.378990173339844,37.715999603271484,38.01599884033203,36.92900085449219,37.95600128173828,20391000,2026-10-08
2020-08-03,35.77766036987305,38.14099884033203,38.77000045776367,37.917999267578125,38.08000183105469,15178000,2026-10-08
2020-08-04,36.11065673828125,38.49599838256836,38.57500076293945,38.02199935913086,38.21799850463867,11482000,2026-10-08
2020-08-05,35.970890045166016,38.34700012207031,38.70899963378906,38.22800064086914,38.45800018310547,8460000,2026-10-08
2020-08-06,35.43996810913086,37.78099822998047,37.959999084472656,37.07899856567383,37.70000076293945,16996000,2026-10-08
2020-08-07,34.93623733520508,37.24399948120117,38.16899871826172,36.64500045776367,37.8380012512207,13854000,2026-10-08
2020-08-10,35.247676849365234,37.57600021362305,37.68199920654297,36.915000915527344,37.24399948120117,9292000,2026-10-08
2020-08-11,34.61449432373047,36.9010009765625,38.08700180053711,36.73899841308594,37.88600158691406,11101000,2026-10-08
2020-08-12,35.78797149658203,38.152000427246094,38.327999114990234,36.99300003051758,37.21799850463867,12230000,2026-10-08
2020-08-13,35.36585998535156,37.70199966430664,38.244998931884766,37.4379997253418,38.000999450683594,10764000,2026-10-08
2020-08-14,35.04880142211914,37.36399841308594,38.499000549316406,37.29999923706055,37.900001525878906,13446000,2026-10-08
2020-08-17,35.5590934753418,37.90800094604492,38.41699981689453,37.28099822998047,37.654998779296875,14184000,2026-10-08
2020-08-18,35.13603973388672,37.457000732421875,38.27000045776367,37.292999267578125,38.19499969482422,10473000,2026-10-08
2020-08-19,34.91279983520508,37.21900177001953,37.61899948120117,36.82600021362305,37.40299987792969,10746000,2026-10-08
2020-08-20,33.62861633300781,35.849998474121094,36.34000015258789,35.527000427246094,36.0099983215332,22140000,2026-10-08
2020-08-21,33.15397262573242,35.34400177001953,35.67100143432617,35.03300094604492,35.59199905395508,25555000,2026-10-08
2020-08-24,32.92696762084961,35.10200119018555,36.06700134277344,34.731998443603516,35.939998626708984,16823000,2026-10-08
2020-08-25,33.065792083740234,35.25,35.630001068115234,35.04999923706055,35.30500030517578,13102000,2026-10-08
2020-08-26,33.000125885009766,35.18000030517578,35.400001525878906,34.80699920654297,35.255001068115234,11947000,2026-10-08
2020-08-27,32.029266357421875,34.14500045776367,35.486000061035156,33.85900115966797,35.486000061035156,19022000,2026-10-08
2020-08-28,32.904441833496094,35.077999114990234,35.19900131225586,34.14500045776367,34.26599884033203,15962000,2026-10-08
2020-08-31,31.5499267578125,33.63399887084961,34.915000915527344,33.624000549316406,34.85499954223633,25334000,2026-10-08
2020-09-01,31.945785522460938,34.055999755859375,34.650001525878906,33.75699996948242,33.95500183105469,20873000,2026-10-08
2020-09-02,34.022586822509766,36.27000045776367,36.513999938964844,34.42499923706055,34.597999572753906,27631000,2026-10-08
2020-09-03,32.036773681640625,34.15299987792969,35.72999954223633,33.939998626708984,35.72999954223633,25566000,2026-10-08
2020-09-04,31.24787712097168,33.3120002746582,33.9900016784668,31.9689998626709,33.900001525878906,24709000,2026-10-08
2020-09-08,28.39624786376953,30.27199935913086,31.645999908447266,30.2189998626709,31.09600067138672,31138000,2026-10-08
2020-09-09,28.22646713256836,30.090999603271484,31.180999755859375,30.033000946044922,31.09600067138672,30867000,2026-10-08
2020-09-10,27.907527923583984,29.750999450683594,30.570999145507812,29.577999114990234,30.375999450683594,20852000,2026-10-08
2020-09-11,27.57734489440918,29.39900016784668,30.333999633789062,29.22800064086914,30.054000854492188,17272000,2026-10-08
2020-09-14,28.649518966674805,30.54199981689453,30.86199951171875,29.96299934387207,30.177000045776367,19547000,2026-10-08
2020-09-15,28.978763580322266,30.89299964904785,31.281999588012695,30.299999237060547,31.06100082397461,17141000,2026-10-08
2020-09-16,28.76020622253418,30.65999984741211,31.437999725341797,30.586000442504883,31.16699981689453,14157000,2026-10-08
2020-09-17,28.693607330322266,30.589000701904297,30.858999252319336,29.617000579833984,29.617000579833984,19136000,2026-10-08
2020-09-18,28.817426681518555,30.72100067138672,31.08300018310547,30.18899917602539,30.826000213623047,26603000,2026-10-08
2020-09-21,29.544403076171875,31.496000289916992,31.781999588012695,30.06999969482422,30.507999420166016,18802000,2026-10-08
2020-09-22,29.894287109375,31.868999481201172,31.972999572753906,31.018999099731445,31.83300018310547,15072000,2026-10-08
2020-09-23,29.737646102905273,31.70199966430664,32.75899887084961,31.586000442504883,32.237998962402344,22289000,2026-10-08
2020-09-24,30.689748764038086,32.71699905395508,33.417999267578125,31.402000427246094,31.402000427246094,22068000,2026-10-08
2020-09-25,30.98053550720215,33.027000427246094,33.18899917602539,32.20000076293945,32.47200012207031,15512000,2026-10-08
2020-09-28,31.575252532958984,33.6609992980957,33.78499984741211,32.869998931884766,33.141998291015625,17928000,2026-10-08
2020-09-29,31.801252365112305,33.770999908447266,34.25600051879883,33.37900161743164,33.393001556396484,17997000,2026-10-08
2020-09-30,31.240018844604492,33.17499923706055,33.823001861572266,33.02000045776367,33.52399826049805,19892000,2026-10-08
2020-10-01,31.934967041015625,33.91299819946289,33.92499923706055,33.31399917602539,33.91400146484375,16935000,2026-10-08
2020-10-02,30.953744888305664,32.87099838256836,33.58599853515625,32.85599899291992,32.93600082397461,11960000,2026-10-08
2020-10-05,32.226890563964844,34.222999572753906,34.30500030517578,33.26100158691406,33.29999923706055,15403000,2026-10-08
2020-10-06,32.10918045043945,34.097999572753906,35.108001708984375,33.941001892089844,34.09600067138672,14251000,2026-10-08
2020-10-07,32.560245513916016,34.57699966430664,35.150001525878906,34.35100173950195,34.7400016784668,11084000,2026-10-08
2020-10-08,33.46989059448242,35.542999267578125,35.56700134277344,34.70000076293945,34.83700180053711,11930000,2026-10-08
2020-10-09,34.155433654785156,36.270999908447266,36.465999603271484,35.91699981689453,36.09000015258789,11957000,2026-10-08
2020-10-12,34.8522834777832,37.01100158691406,37.3390007019043,36.7130012512207,36.94300079345703,14547000,2026-10-08
2020-10-13,35.23648452758789,37.41899871826172,37.849998474121094,36.7400016784668,37.20000076293945,12292000,2026-10-08
2020-10-14,35.24119186401367,37.42399978637695,38.19599914550781,37.020999908447266,37.53200149536133,14145000,2026-10-08
2020-10-15,35.35890197753906,37.54899978637695,37.630001068115234,35.891998291015625,36.277000427246094,16829000,2026-10-08
2020-10-16,34.367305755615234,36.49599838256836,37.650001525878906,36.46500015258789,37.650001525878906,15911000,2026-10-08
2020-10-19,34.236419677734375,36.356998443603516,36.965999603271484,36.20100021362305,36.75,13590000,2026-10-08
2020-10-20,34.236419677734375,36.356998443603516,36.85100173950195,36.25,36.599998474121094,9326000,2026-10-08
2020-10-21,34.52363204956055,36.6619987487793,37.099998474121094,36.20199966430664,36.30799865722656,16811000,2026-10-08
2020-10-22,33.71285629272461,35.80099868774414,36.33300018310547,35.30799865722656,36.0359992980957,22331000,2026-10-08
2020-10-23,33.32770538330078,35.391998291015625,36.25,35.03200149536133,36.0,12317000,2026-10-08
2020-10-26,32.73540115356445,34.76300048828125,35.34700012207031,34.33000183105469,35.0359992980957,12365000,2026-10-08
2020-10-27,32.37754821777344,34.382999420166016,34.96699905395508,34.25400161743164,34.85300064086914,10757000,2026-10-08
2020-10-28,31.913314819335938,33.88999938964844,34.45399856567383,33.33100128173828,33.69300079345703,16392000,2026-10-08
2020-10-29,33.26555633544922,35.32600021362305,35.819000244140625,33.880001068115234,33.902000427246094,16077000,2026-10-08
2020-10-30,32.212764739990234,34.20800018310547,35.27199935913086,33.82699966430664,34.80500030517578,17499000,2026-10-08
2020-11-02,33.04804229736328,35.095001220703125,35.446998596191406,34.518001556396484,34.8120002746582,13428000,2026-10-08
2020-11-03,34.891822814941406,37.053001403808594,37.31700134277344,35.512001037597656,35.66899871826172,17162000,2026-10-08
2020-11-04,35.815608978271484,38.034000396728516,38.31999969482422,36.72800064086914,37.388999938964844,15280000,2026-10-08
2020-11-05,37.63963317871094,39.97100067138672,40.034000396728516,38.845001220703125,39.0,18129000,2026-10-08
2020-11-06,38.55398178100586,40.94200134277344,41.20100021362305,39.584999084472656,39.987998962402344,14738000,2026-10-08
2020-11-09,39.199974060058594,41.62799835205078,43.599998474121094,41.58100128173828,42.5,19352000,2026-10-08
2020-11-10,38.40803146362305,40.7869987487793,41.57400131225586,40.44599914550781,40.909000396728516,14856000,2026-10-08
2020-11-11,39.926963806152344,42.400001525878906,42.861000061035156,41.0,41.198001861572266,14416000,2026-10-08
2020-11-12,39.40526580810547,41.84600067138672,42.599998474121094,41.6349983215332,42.48500061035156,9502000,2026-10-08
2020-11-13,40.14447021484375,42.63100051879883,42.974998474121094,42.409000396728516,42.52299880981445,11360000,2026-10-08
2020-11-16,41.36677169799805,43.92900085449219,43.96500015258789,42.707000732421875,43.08000183105469,13465000,2026-10-08
2020-11-17,40.673702239990234,43.19300079345703,43.78200149536133,42.89500045776367,43.54999923706055,9919000,2026-10-08
2020-11-18,40.523040771484375,43.03300094604492,43.88399887084961,43.0,43.611000061035156,13047000,2026-10-08
2020-11-19,41.21516418457031,43.768001556396484,43.887001037597656,42.5,42.895999908447266,11248000,2026-10-08
2020-11-20,40.834720611572266,43.36399841308594,44.49599838256836,43.3380012512207,43.849998474121094,14456000,2026-10-08
2020-11-23,42.25666427612305,44.874000549316406,44.98699951171875,43.505001068115234,43.65800094604492,10885000,2026-10-08
2020-11-24,42.040061950683594,44.64400100708008,45.11199951171875,44.07500076293945,45.0,12009000,2026-10-08
2020-11-25,42.072086334228516,44.678001403808594,44.952999114990234,44.04999923706055,44.845001220703125,8489000,2026-10-08
2020-11-27,42.99116516113281,45.65399932861328,46.0620002746582,44.981998443603516,45.01900100708008,7279000,2026-10-08
2020-11-30,42.625789642333984,45.26599884033203,45.68899917602539,44.560001373291016,45.52000045776367,14341000,2026-10-08
2020-12-01,44.03736114501953,46.76499938964844,46.94900131225586,45.75899887084961,46.00600051879883,14019000,2026-10-08
2020-12-02,45.12687683105469,47.922000885009766,48.097999572753906,46.55500030517578,46.625999450683594,18113000,2026-10-08
2020-12-03,45.583587646484375,48.40700149536133,49.17499923706055,47.922000885009766,48.013999938964844,15955000,2026-10-08
2020-12-04,47.08179473876953,49.99800109863281,50.15999984741211,48.61600112915039,48.694000244140625,17551000,2026-10-08
2020-12-07,47.901039123535156,50.86800003051758,50.94499969482422,49.53499984741211,49.94300079345703,15650000,2026-10-08
2020-12-08,48.305118560791016,51.16600036621094,51.665000915527344,50.53499984741211,50.5620002746582,13287000,2026-10-08
2020-12-09,46.62181091308594,49.382999420166016,51.46799850463867,48.97200012207031,50.90399932861328,19997000,2026-10-08
2020-12-10,46.274383544921875,49.01499938964844,49.619998931884766,48.47999954223633,48.994998931884766,13031000,2026-10-08
2020-12-11,46.42071533203125,49.16999816894531,49.428001403808594,48.37300109863281,48.84700012207031,14950000,2026-10-08
2020-12-14,46.43675994873047,49.1870002746582,50.097999572753906,49.018001556396484,49.569000244140625,10545000,2026-10-08
2020-12-15,46.763423919677734,49.53300094604492,50.32500076293945,49.266998291015625,50.0,11857000,2026-10-08
2020-12-16,46.57271194458008,49.33100128173828,49.64799880981445,48.928001403808594,49.60100173950195,15148000,2026-10-08
2020-12-17,45.905250549316406,48.624000549316406,49.1879997253418,48.2859992980957,48.9640007019043,14335000,2026-10-08
2020-12-18,45.407718658447266,48.09700012207031,48.57099914550781,47.77000045776367,48.42399978637695,25877000,2026-10-08
2020-12-21,45.621070861816406,48.323001861572266,48.47100067138672,46.874000549316406,46.9119987487793,17031000,2026-10-08
2020-12-22,45.028194427490234,47.69499969482422,48.17399978637695,47.34000015258789,47.94300079345703,9663000,2026-10-08
2020-12-23,44.47873306274414,47.112998962402344,48.07899856567383,47.090999603271484,47.96200180053711,7206000,2026-10-08
2020-12-24,45.348236083984375,48.034000396728516,48.034000396728516,47.290000915527344,47.36800003051758,3330000,2026-10-08
2020-12-28,44.947959899902344,47.61000061035156,48.74300003051758,47.5359992980957,48.55799865722656,6928000,2026-10-08
2020-12-29,44.67604064941406,47.321998596191406,47.70199966430664,46.900001525878906,47.566001892089844,9017000,2026-10-08
2020-12-30,45.73625564575195,48.44499969482422,48.83399963378906,47.61199951171875,47.83700180053711,8819000,2026-10-08
2020-12-31,44.586360931396484,47.22700119018555,48.39799880981445,46.54999923706055,48.22999954223633,16630000,2026-10-08
2021-01-04,45.12920379638672,47.801998138427734,49.19599914550781,47.332000732421875,47.814998626708984,17686000,2026-10-08
2021-01-05,46.68977737426758,49.45500183105469,49.882999420166016,47.94499969482422,47.94499969482422,16099000,2026-10-08
2021-01-06,46.872928619384766,49.64899826049805,50.57099914550781,48.900001525878906,49.053001403808594,13342000,2026-10-08
2021-01-07,48.569454193115234,51.44599914550781,51.77199935913086,50.665000915527344,50.733001708984375,12981000,2026-10-08
2021-01-08,47.35820388793945,50.16299819946289,52.224998474121094,49.80699920654297,51.400001525878906,14419000,2026-10-08
2021-01-11,48.760162353515625,51.64799880981445,51.99100112915039,49.35499954223633,49.551998138427734,11892000,2026-10-08
2021-01-12,50.64456558227539,53.64400100708008,53.7859992980957,51.893001556396484,52.02299880981445,18790000,2026-10-08
2021-01-13,49.706138610839844,52.650001525878906,53.42399978637695,52.319000244140625,53.42399978637695,13613000,2026-10-08
2021-01-14,52.660179138183594,55.77899932861328,57.051998138427734,54.23400115966797,54.2400016784668,20034000,2026-10-08
2021-01-15,51.691551208496094,54.75299835205078,55.46900177001953,53.72800064086914,55.29800033569336,15264000,2026-10-08
2021-01-19,54.758880615234375,58.00199890136719,58.24800109863281,55.86899948120117,55.983001708984375,20351000,2026-10-08
2021-01-20,53.15205001831055,56.29999923706055,58.54199981689453,55.957000732421875,58.36399841308594,18510000,2026-10-08
2021-01-21,53.264400482177734,56.41899871826172,57.029998779296875,55.16999816894531,56.939998626708984,12402000,2026-10-08
2021-01-22,53.232295989990234,56.3849983215332,57.55799865722656,55.71200180053711,56.277000427246094,11998000,2026-10-08
2021-01-25,53.6014404296875,56.7760009765625,57.56100082397461,55.26599884033203,57.1349983215332,16753000,2026-10-08
2021-01-26,52.175865173339844,55.26599884033203,57.12900161743164,55.040000915527344,57.027000427246094,14310000,2026-10-08
2021-01-27,48.62421417236328,51.50400161743164,54.49700164794922,51.20100021362305,53.86000061035156,22525000,2026-10-08
2021-01-28,47.89820861816406,50.73500061035156,52.79999923706055,50.400001525878906,52.637001037597656,24901000,2026-10-08
2021-01-29,45.689048767089844,48.39500045776367,50.590999603271484,48.10499954223633,50.500999450683594,28250000,2026-10-08
2021-02-01,47.3411979675293,50.14500045776367,50.5,48.69200134277344,49.10499954223633,16938000,2026-10-08
2021-02-02,48.72145080566406,51.606998443603516,51.744998931884766,50.5,51.25,14587000,2026-10-08
2021-02-03,47.613101959228516,50.43299865722656,52.14899826049805,50.14799880981445,52.0099983215332,16049000,2026-10-08
2021-02-04,49.04811096191406,51.952999114990234,52.04999923706055,50.013999938964844,50.45000076293945,14012000,2026-10-08
2021-02-05,48.12574005126953,50.97600173950195,52.5,50.917999267578125,52.45199966430664,12367000,2026-10-08
2021-02-08,50.29902267456055,53.27799987792969,53.334999084472656,51.41600036621094,51.5,14658000,2026-10-08
2021-02-09,49.85530090332031,52.80799865722656,54.099998474121094,52.68899917602539,53.5620002746582,9441000,2026-10-08
2021-02-10,50.272586822509766,53.25,53.66699981689453,52.12799835205078,53.29999923706055,8682000,2026-10-08
2021-02-11,54.02156066894531,57.22100067138672,57.65700149536133,53.917999267578125,54.0,29727000,2026-10-08
2021-02-12,55.338558197021484,58.61600112915039,59.77399826049805,56.5,57.018001556396484,20121000,2026-10-08
2021-02-16,55.87007522583008,59.17900085449219,60.36000061035156,58.70000076293945,59.0,14520000,2026-10-08
2021-02-17,55.31494903564453,58.590999603271484,58.94300079345703,57.099998474121094,58.36899948120117,14530000,2026-10-08
2021-02-18,54.54646682739258,57.777000427246094,58.23400115966797,56.70899963378906,57.86399841308594,11371000,2026-10-08
2021-02-19,56.49506378173828,59.840999603271484,60.20000076293945,58.86899948120117,59.4379997253418,16986000,2026-10-08
2021-02-22,53.605220794677734,56.779998779296875,59.26300048828125,56.56999969482422,58.93899917602539,16155000,2026-10-08
2021-02-23,53.1190071105957,56.26499938964844,56.88100051879883,53.64099884033203,55.654998779296875,17167000,2026-10-08
2021-02-24,56.35251235961914,59.689998626708984,59.7869987487793,55.400001525878906,55.61600112915039,15170000,2026-10-08
2021-02-25,51.702880859375,54.76499938964844,59.24599838256836,54.4630012512207,59.0,26750000,2026-10-08
2021-02-26,53.547630310058594,56.71900177001953,57.465999603271484,54.516998291015625,55.69300079345703,17836000,2026-10-08
2021-03-01,56.5328254699707,59.88100051879883,60.04999923706055,57.560001373291016,57.65599822998047,17656000,2026-10-08
2021-03-02,54.1301155090332,57.33599853515625,59.875999450683594,57.2400016784668,59.4010009765625,14636000,2026-10-08
2021-03-03,52.040863037109375,55.12300109863281,58.15800094604492,55.000999450683594,57.07500076293945,16318000,2026-10-08
2021-03-04,49.92422103881836,52.88100051879883,55.99800109863281,51.143001556396484,54.85599899291992,25420000,2026-10-08
2021-03-05,51.70759582519531,54.77000045776367,55.012001037597656,51.62699890136719,54.266998291015625,22160000,2026-10-08
2021-03-08,47.450721740722656,50.26100158691406,55.45199966430664,50.16699981689453,54.28099822998047,19138000,2026-10-08
2021-03-09,51.312034606933594,54.35100173950195,54.68000030517578,52.354000091552734,52.59000015258789,17266000,2026-10-08
2021-03-10,48.96975326538086,51.869998931884766,55.19900131225586,51.57400131225586,54.86600112915039,19725000,2026-10-08
2021-03-11,50.545440673828125,53.53900146484375,54.242000579833984,52.904998779296875,53.387001037597656,16127000,2026-10-08
2021-03-12,49.54753112792969,52.481998443603516,52.775001525878906,51.68000030517578,52.5,14337000,2026-10-08
2021-03-15,50.673831939697266,53.67499923706055,53.731998443603516,52.025001525878906,52.15999984741211,10670000,2026-10-08
2021-03-16,51.783931732177734,54.71799850463867,56.016998291015625,53.935001373291016,54.250999450683594,15265000,2026-10-08
2021-03-17,52.335670471191406,55.30099868774414,55.81800079345703,53.0,53.88800048828125,13585000,2026-10-08
2021-03-18,51.02588653564453,53.91699981689453,55.582000732421875,53.33300018310547,54.2130012512207,25177000,2026-10-08
2021-03-19,51.32304763793945,54.23099899291992,55.0989990234375,53.2599983215332,54.194000244140625,23792000,2026-10-08
2021-03-22,53.000022888183594,56.00299835205078,56.75899887084961,55.00400161743164,55.400001525878906,14442000,2026-10-08
2021-03-23,51.521785736083984,54.441001892089844,56.45899963378906,54.354000091552734,56.43199920654297,14295000,2026-10-08
2021-03-24,52.28267288208008,55.244998931884766,57.57500076293945,55.16299819946289,57.06700134277344,19697000,2026-10-08
2021-03-25,51.86437225341797,54.803001403808594,55.1609992980957,52.50199890136719,54.48699951171875,14463000,2026-10-08
2021-03-26,55.290260314941406,58.42300033569336,58.47700119018555,54.904998779296875,54.97200012207031,18716000,2026-10-08
2021-03-29,53.971004486083984,57.02899932861328,58.25199890136719,55.974998474121094,58.23400115966797,17598000,2026-10-08
2021-03-30,54.18583297729492,57.25600051879883,57.685001373291016,56.21200180053711,56.5,9049000,2026-10-08
2021-03-31,56.33222198486328,59.52399826049805,60.3489990234375,58.349998474121094,58.400001525878906,23698000,2026-10-08
2021-04-01,60.50196838378906,63.93000030517578,64.0,61.012001037597656,61.12300109863281,24634000,2026-10-08
2021-04-05,62.53668212890625,66.08000183105469,66.5999984741211,63.95600128173828,64.97000122070312,23454000,2026-10-08
2021-04-06,61.74928283691406,65.24800109863281,66.66400146484375,64.4000015258789,66.0,23236000,2026-10-08
2021-04-07,62.345516204833984,65.87799835205078,66.74199676513672,65.0479965209961,65.24800109863281,14689000,2026-10-08
2021-04-08,63.21805953979492,66.80000305175781,66.9000015258789,65.4010009765625,66.7020034790039,12045000,2026-10-08
2021-04-09,62.65024185180664,66.19999694824219,66.88999938964844,65.6719970703125,66.51599884033203,12734000,2026-10-08
2021-04-12,61.54014205932617,65.0270004272461,65.95999908447266,64.5,65.86599731445312,15811000,2026-10-08
2021-04-13,61.04045867919922,64.4990005493164,65.7229995727539,63.779998779296875,65.55599975585938,13501000,2026-10-08
2021-04-14,60.60891342163086,64.04299926757812,65.19000244140625,63.400001525878906,64.09300231933594,8945000,2026-10-08
2021-04-15,61.46728515625,64.94999694824219,65.1780014038086,63.784000396728516,64.802001953125,10900000,2026-10-08
2021-04-16,60.919315338134766,64.37100219726562,65.2300033569336,64.08300018310547,65.08200073242188,11136000,2026-10-08
2021-04-19,58.83917236328125,62.17300033569336,64.83399963378906,60.93000030517578,64.37200164794922,24219000,2026-10-08
2021-04-20,58.015830993652344,61.303001403808594,62.50899887084961,60.81999969482422,61.67399978637695,13724000,2026-10-08
2021-04-21,60.68651580810547,64.125,64.125,61.74399948120117,61.95800018310547,20740000,2026-10-08
2021-04-22,58.158729553222656,61.45399856567383,64.99400329589844,61.099998474121094,64.38999938964844,24367000,2026-10-08
2021-04-23,59.38429260253906,62.749000549316406,63.0,61.356998443603516,62.07699966430664,14888000,2026-10-08
2021-04-26,60.86820983886719,64.31700134277344,64.33499908447266,62.37300109863281,62.69300079345703,12987000,2026-10-08
2021-04-27,61.03004837036133,64.48799896240234,64.9000015258789,63.97999954223633,64.73600006103516,9919000,2026-10-08
2021-04-28,60.3836669921875,63.80500030517578,64.4000015258789,63.35300064086914,64.4000015258789,7380000,2026-10-08
2021-04-29,60.66000747680664,64.09700012207031,64.30000305175781,62.95199966430664,64.1969985961914,8938000,2026-10-08
2021-04-30,58.71804428100586,62.04499816894531,63.749000549316406,61.981998443603516,63.04199981689453,13667000,2026-10-08
2021-05-03,58.414249420166016,61.7239990234375,63.0,61.37799835205078,62.926998138427734,11582000,2026-10-08
2021-05-04,57.377967834472656,60.62900161743164,60.95500183105469,59.02000045776367,60.8380012512207,15878000,2026-10-08
2021-05-05,57.82370376586914,61.099998474121094,62.0989990234375,60.33599853515625,61.73099899291992,9835000,2026-10-08
2021-05-06,58.43317413330078,61.74399948120117,61.915000915527344,60.14099884033203,60.91600036621094,11911000,2026-10-08
2021-05-07,59.672935485839844,63.05400085449219,63.47999954223633,61.81999969482422,62.5989990234375,10335000,2026-10-08
2021-05-10,55.50035858154297,58.64500045776367,62.40700149536133,58.61600112915039,62.14099884033203,17659000,2026-10-08
2021-05-11,56.066287994384766,59.24300003051758,59.51499938964844,56.292999267578125,56.85599899291992,19469000,2026-10-08
2021-05-12,52.77668762207031,55.766998291015625,57.77199935913086,55.58000183105469,57.5,24293000,2026-10-08
2021-05-13,55.33757400512695,58.472999572753906,59.43899917602539,57.018001556396484,57.29600143432617,29402000,2026-10-08
2021-05-14,57.06565475463867,60.29899978637695,60.94300079345703,57.79999923706055,59.599998474121094,15485000,2026-10-08
2021-05-17,56.0322265625,59.207000732421875,59.27199935913086,57.599998474121094,59.03900146484375,16791000,2026-10-08
2021-05-18,55.347049713134766,58.483001708984375,60.132999420166016,58.4739990234375,59.79199981689453,11679000,2026-10-08
2021-05-19,56.99090576171875,60.220001220703125,60.308998107910156,56.60300064086914,56.90999984741211,15769000,2026-10-08
2021-05-20,59.31142044067383,62.672000885009766,63.400001525878906,60.439998626708984,60.7599983215332,19741000,2026-10-08
2021-05-21,58.11709976196289,61.40999984741211,62.54800033569336,61.02000045776367,62.345001220703125,14747000,2026-10-08
2021-05-24,60.06095504760742,63.4640007019043,64.15299987792969,62.20199966430664,62.53499984741211,14088000,2026-10-08
2021-05-25,60.603233337402344,64.03700256347656,65.20700073242188,63.82400131225586,64.0999984741211,15017000,2026-10-08
2021-05-26,60.38271713256836,63.80400085449219,64.65799713134766,63.236000061035156,64.177001953125,12621000,2026-10-08
2021-05-27,61.107643127441406,64.56999969482422,65.12300109863281,63.48699951171875,63.48699951171875,22452000,2026-10-08
2021-05-28,61.50039291381836,64.98500061035156,65.53199768066406,64.79900360107422,65.30000305175781,8414000,2026-10-08
2021-06-01,61.423744201660156,64.90399932861328,67.37999725341797,64.75,65.5999984741211,12760000,2026-10-08
2021-06-02,61.41901779174805,64.89900207519531,65.58699798583984,64.25,64.76799774169922,9195000,2026-10-08
2021-06-03,60.16884231567383,63.577999114990234,64.26000213623047,63.119998931884766,63.85499954223633,11786000,2026-10-08
2021-06-04,62.01710510253906,65.53099822998047,65.62300109863281,64.18000030517578,64.4010009765625,10443000,2026-10-08
2021-06-07,61.47483825683594,64.95800018310547,65.25,64.30000305175781,65.16200256347656,8127000,2026-10-08
2021-06-08,60.33635330200195,63.755001068115234,65.8290023803711,63.433998107910156,65.80000305175781,8856000,2026-10-08
2021-06-09,60.0088996887207,63.409000396728516,64.34200286865234,63.31100082397461,64.11299896240234,6594000,2026-10-08
2021-06-10,60.641082763671875,64.0770034790039,64.69999694824219,63.18000030517578,63.18000030517578,8440000,2026-10-08
2021-06-11,60.76790237426758,64.21099853515625,64.29499816894531,63.483001708984375,64.16300201416016,10244000,2026-10-08
2021-06-14,61.53731155395508,65.02400207519531,65.11399841308594,63.819000244140625,64.1719970703125,10188000,2026-10-08
2021-06-15,61.0195426940918,64.3479995727539,65.4000015258789,64.18099975585938,64.69200134277344,6380000,2026-10-08
2021-06-16,60.570068359375,63.874000549316406,65.08899688720703,63.255001068115234,64.56800079345703,10738000,2026-10-08
2021-06-17,60.668678283691406,63.97800064086914,64.69999694824219,62.869998931884766,63.64500045776367,8548000,2026-10-08
2021-06-18,58.096961975097656,61.26599884033203,63.15800094604492,60.888999938964844,63.0099983215332,21139000,2026-10-08
2021-06-21,58.66213607788086,61.86199951171875,62.39699935913086,60.858001708984375,61.44499969482422,9930000,2026-10-08
2021-06-22,58.96274948120117,62.17900085449219,62.6150016784668,60.92499923706055,61.75199890136719,7199000,2026-10-08
2021-06-23,59.19317626953125,62.422000885009766,63.31999969482422,62.33399963378906,62.5,6796000,2026-10-08
2021-06-24,60.21731185913086,63.50199890136719,63.76100158691406,63.18000030517578,63.38100051879883,7681000,2026-10-08
2021-06-25,59.78300094604492,63.04399871826172,63.632999420166016,62.571998596191406,63.5,12496000,2026-10-08
2021-06-28,61.34954833984375,64.69599914550781,64.9530029296875,63.66899871826172,63.676998138427734,9633000,2026-10-08
2021-06-29,61.80757141113281,65.17900085449219,65.46499633789062,64.4010009765625,64.69000244140625,7976000,2026-10-08
2021-06-30,61.70420837402344,65.06999969482422,65.18299865722656,64.34100341796875,65.1259994506836,8033000,2026-10-08
2021-07-01,60.03239440917969,63.30699920654297,64.93800354003906,63.12200164794922,64.76699829101562,11343000,2026-10-08
2021-07-02,59.87781524658203,63.14400100708008,64.125,62.70000076293945,64.02300262451172,7426000,2026-10-08
2021-07-06,58.97317123413086,62.189998626708984,63.770999908447266,61.44499969482422,63.14400100708008,10240000,2026-10-08
2021-07-07,58.18515396118164,61.35900115966797,62.94200134277344,60.97700119018555,62.909000396728516,8622000,2026-10-08
2021-07-08,57.46826171875,60.60300064086914,61.349998474121094,59.42100143432617,60.06399917602539,10218000,2026-10-08
2021-07-09,58.114986419677734,61.28499984741211,61.43299865722656,60.28799819946289,60.78099822998047,8372000,2026-10-08
2021-07-12,59.30696487426758,62.54199981689453,62.926998138427734,61.69599914550781,61.750999450683594,17315000,2026-10-08
2021-07-13,59.23583984375,62.46699905395508,62.599998474121094,61.55500030517578,62.27399826049805,10834000,2026-10-08
2021-07-14,58.591957092285156,61.78799819946289,64.05000305175781,61.6349983215332,63.209999084472656,11507000,2026-10-08
2021-07-15,57.9149055480957,61.07400131225586,62.099998474121094,60.358001708984375,61.47800064086914,12497000,2026-10-08
2021-07-16,55.80404281616211,58.847999572753906,61.599998474121094,58.599998474121094,61.279998779296875,13538000,2026-10-08
2021-07-19,56.092315673828125,59.152000427246094,59.189998626708984,57.53300094604492,57.79899978637695,14567000,2026-10-08
2021-07-20,57.56877517700195,60.70899963378906,61.178001403808594,58.819000244140625,59.59400177001953,15558000,2026-10-08
2021-07-21,60.428768157958984,63.724998474121094,63.87799835205078,60.82099914550781,60.82099914550781,16374000,2026-10-08
2021-07-22,60.303592681884766,63.59299850463867,63.819000244140625,63.05400085449219,63.207000732421875,12520000,2026-10-08
2021-07-23,60.71514892578125,64.0270004272461,64.46499633789062,63.35100173950195,64.1719970703125,10317000,2026-10-08
2021-07-26,60.72652816772461,64.03900146484375,64.7959976196289,63.525001525878906,64.12300109863281,8782000,2026-10-08
2021-07-27,59.03860855102539,62.25899887084961,63.72600173950195,60.7599983215332,63.500999450683594,14912000,2026-10-08
2021-07-28,60.21540451049805,63.5,63.79999923706055,62.34299850463867,62.512001037597656,12160000,2026-10-08
2021-07-29,58.757911682128906,61.9630012512207,62.24700164794922,59.70600128173828,61.05699920654297,29139000,2026-10-08
2021-07-30,60.443939208984375,63.74100112915039,63.75,61.06700134277344,61.099998474121094,16511000,2026-10-08
2021-08-02,60.8602409362793,64.18000030517578,65.9489974975586,64.0999984741211,64.62000274658203,13923000,2026-10-08
2021-08-03,61.21300506591797,64.552001953125,64.93399810791016,63.64699935913086,64.5479965209961,6844000,2026-10-08
2021-08-04,61.616947174072266,64.97799682617188,65.46499633789062,64.1500015258789,64.88200378417969,11120000,2026-10-08
2021-08-05,61.226261138916016,64.56600189208984,65.36100006103516,64.27100372314453,65.17900085449219,5961000,2026-10-08
2021-08-06,61.44437789916992,64.7959976196289,64.83499908447266,64.19999694824219,64.26000213623047,6065000,2026-10-08
2021-08-09,60.73696517944336,64.05000305175781,65.03299713134766,63.900001525878906,65.0,7831000,2026-10-08
2021-08-10,58.524635314941406,61.71699905395508,64.12200164794922,61.51100158691406,64.08000183105469,16249000,2026-10-08
2021-08-11,57.704383850097656,60.85200119018555,62.191001892089844,59.61600112915039,61.999000549316406,17557000,2026-10-08
2021-08-12,55.332740783691406,58.35100173950195,59.845001220703125,57.814998626708984,59.834999084472656,25136000,2026-10-08
2021-08-13,55.03877639770508,58.04100036621094,58.83399963378906,57.71699905395508,58.32500076293945,17663000,2026-10-08
2021-08-16,55.84102249145508,58.887001037597656,59.051998138427734,57.749000549316406,57.98699951171875,12692000,2026-10-08
2021-08-17,54.90411376953125,57.89899826049805,58.74700164794922,57.090999603271484,58.19300079345703,12701000,2026-10-08
2021-08-18,54.00517272949219,56.95100021362305,58.55699920654297,56.91400146484375,57.79999923706055,8827000,2026-10-08
2021-08-19,54.728694915771484,57.7140007019043,57.92399978637695,56.167999267578125,56.5359992980957,11057000,2026-10-08
2021-08-20,53.669471740722656,56.59700012207031,58.54999923706055,55.983001708984375,58.347999572753906,16962000,2026-10-08
2021-08-23,55.40766143798828,58.43000030517578,58.63999938964844,57.2400016784668,57.263999938964844,13697000,2026-10-08
2021-08-24,55.529029846191406,58.55799865722656,59.400001525878906,58.17300033569336,58.69200134277344,9510000,2026-10-08
2021-08-25,55.831539154052734,58.87699890136719,59.47999954223633,58.64699935913086,58.71900177001953,9010000,2026-10-08
2021-08-26,55.507240295410156,58.53499984741211,59.42900085449219,58.33700180053711,58.79999923706055,8624000,2026-10-08
2021-08-27,57.80583953857422,60.95899963378906,61.319000244140625,58.91600036621094,58.92499923706055,14981000,2026-10-08
2021-08-30,57.654117584228516,60.79899978637695,61.779998779296875,60.244998931884766,61.479000091552734,9763000,2026-10-08
2021-08-31,57.353519439697266,60.481998443603516,60.887001037597656,59.70000076293945,60.887001037597656,10715000,2026-10-08
2021-09-01,56.87558364868164,59.97800064086914,60.89899826049805,59.91400146484375,60.79399871826172,7046000,2026-10-08
2021-09-02,57.09558868408203,60.209999084472656,60.78499984741211,59.915000915527344,60.27199935913086,8571000,2026-10-08
2021-09-03,57.912052154541016,61.07099914550781,61.33399963378906,59.599998474121094,60.20199966430664,10294000,2026-10-08
2021-09-07,56.250667572021484,59.319000244140625,60.56399917602539,58.79999923706055,59.915000915527344,23316000,2026-10-08
2021-09-08,55.335594177246094,58.354000091552734,59.159000396728516,57.63800048828125,59.14400100708008,17215000,2026-10-08
2021-09-09,56.29050064086914,59.361000061035156,59.69200134277344,57.900001525878906,58.099998474121094,15391000,2026-10-08
2021-09-10,56.71723175048828,59.81100082397461,61.21200180053711,59.6510009765625,60.2130012512207,15575000,2026-10-08
2021-09-13,57.72808074951172,60.87699890136719,61.49399948120117,59.95600128173828,60.29100036621094,13132000,2026-10-08
2021-09-14,57.22834777832031,60.349998474121094,61.13999938964844,59.862998962402344,60.06100082397461,11812000,2026-10-08
2021-09-15,57.986976623535156,61.150001525878906,61.1870002746582,59.70899963378906,60.09199905395508,11420000,2026-10-08
2021-09-16,58.399452209472656,61.584999084472656,61.715999603271484,59.97999954223633,60.38600158691406,13524000,2026-10-08
2021-09-17,57.74799728393555,60.89799880981445,61.62300109863281,60.36399841308594,61.494998931884766,20142000,2026-10-08
2021-09-20,55.93963623046875,58.99100112915039,59.505001068115234,58.108001708984375,59.4900016784668,13241000,2026-10-08
2021-09-21,55.5897331237793,58.62200164794922,59.428001403808594,57.83000183105469,59.23699951171875,16045000,2026-10-08
2021-09-22,57.000762939453125,60.11000061035156,60.37300109863281,58.888999938964844,59.400001525878906,10350000,2026-10-08
2021-09-23,58.08747863769531,61.25600051879883,61.79399871826172,59.67300033569336,60.058998107910156,11004000,2026-10-08
2021-09-24,58.079898834228516,61.24800109863281,61.380001068115234,60.13100051879883,60.4640007019043,7273000,2026-10-08
2021-09-27,58.62078857421875,61.66699981689453,62.19900131225586,60.22800064086914,60.29800033569336,10892000,2026-10-08
2021-09-28,55.70243453979492,58.59700012207031,60.63600158691406,58.49800109863281,59.60599899291992,20885000,2026-10-08
2021-09-29,53.9476203918457,56.750999450683594,58.900001525878906,56.685001373291016,58.611000061035156,16577000,2026-10-08
2021-09-30,54.1035270690918,56.915000915527344,57.75299835205078,56.792999267578125,57.32899856567383,10938000,2026-10-08
2021-10-01,54.158653259277344,56.972999572753906,57.3650016784668,56.060001373291016,57.11199951171875,11157000,2026-10-08
2021-10-04,52.29643249511719,55.013999938964844,56.650001525878906,54.83300018310547,56.59700012207031,16407000,2026-10-08
2021-10-05,52.8439826965332,55.59000015258789,56.327999114990234,55.0620002746582,55.667999267578125,12056000,2026-10-08
2021-10-06,52.44757080078125,55.17300033569336,55.790000915527344,54.483001708984375,55.0,15908000,2026-10-08
2021-10-07,52.83638000488281,55.582000732421875,56.41400146484375,55.42599868774414,56.40299987792969,10535000,2026-10-08
2021-10-08,52.2983283996582,55.01599884033203,55.994998931884766,54.90800094604492,55.86199951171875,8671000,2026-10-08
2021-10-11,52.51506042480469,55.24399948120117,56.14699935913086,54.80099868774414,54.8129997253418,8923000,2026-10-08
2021-10-12,51.97703170776367,54.678001403808594,55.81800079345703,54.22800064086914,55.78499984741211,12766000,2026-10-08
2021-10-13,51.751739501953125,54.441001892089844,55.81700134277344,54.30799865722656,55.29600143432617,12538000,2026-10-08
2021-10-14,53.9875602722168,56.792999267578125,56.80799865722656,55.426998138427734,55.86000061035156,15499000,2026-10-08
2021-10-15,53.65864944458008,56.446998596191406,56.85100173950195,56.138999938964844,56.650001525878906,13248000,2026-10-08
2021-10-18,54.060752868652344,56.869998931884766,56.944000244140625,55.87300109863281,56.0,12474000,2026-10-08
2021-10-19,54.26322555541992,57.08300018310547,57.79999923706055,56.58300018310547,56.91400146484375,14995000,2026-10-08
2021-10-20,53.75655746459961,56.54999923706055,57.277000427246094,56.40599822998047,57.060001373291016,16933000,2026-10-08
2021-10-21,52.798343658447266,55.54199981689453,55.58700180053711,53.500999450683594,54.48899841308594,30650000,2026-10-08
2021-10-22,52.923828125,55.67399978637695,57.58100128173828,55.43000030517578,56.0,18770000,2026-10-08
2021-10-25,52.47038650512695,55.196998596191406,56.20100021362305,54.939998626708984,55.80500030517578,12826000,2026-10-08
2021-10-26,52.18235778808594,54.89400100708008,55.92399978637695,54.62900161743164,55.6879997253418,11734000,2026-10-08
2021-10-27,52.62723922729492,55.36199951171875,56.05400085449219,54.61899948120117,54.801998138427734,11838000,2026-10-08
2021-10-28,53.79933166503906,56.595001220703125,57.99399948120117,56.340999603271484,56.374000549316406,22325000,2026-10-08
2021-10-29,53.57308578491211,56.356998443603516,56.715999603271484,55.619998931884766,55.83399963378906,13381000,2026-10-08
2021-11-01,54.44668960571289,57.2760009765625,57.29199981689453,56.13600158691406,56.5,10724000,2026-10-08
2021-11-02,54.587379455566406,57.42399978637695,57.79999923706055,57.20000076293945,57.4739990234375,8970000,2026-10-08
2021-11-03,55.26801300048828,58.13999938964844,58.3489990234375,56.939998626708984,57.50600051879883,7908000,2026-10-08
2021-11-04,56.91541290283203,59.87300109863281,59.90999984741211,57.97200012207031,58.29999923706055,17965000,2026-10-08
2021-11-05,58.059932708740234,61.07699966430664,61.29999923706055,59.72800064086914,60.090999603271484,21028000,2026-10-08
2021-11-08,57.898338317871094,60.90700149536133,62.000999450683594,60.387001037597656,61.5,12598000,2026-10-08
2021-11-09,59.118900299072266,62.191001892089844,62.305999755859375,60.90299987792969,61.0,12041000,2026-10-08
2021-11-10,57.58557891845703,60.577999114990234,62.22800064086914,60.38999938964844,61.45399856567383,10898000,2026-10-08
2021-11-11,58.33845520019531,61.369998931884766,61.93000030517578,60.974998474121094,61.35900115966797,8198000,2026-10-08
2021-11-12,59.357505798339844,62.44200134277344,62.790000915527344,61.349998474121094,61.7400016784668,10591000,2026-10-08
2021-11-15,59.91265869140625,63.0260009765625,64.43900299072266,62.507999420166016,63.20000076293945,13534000,2026-10-08
2021-11-16,60.29289627075195,63.42599868774414,63.79999923706055,62.44300079345703,62.91699981689453,8523000,2026-10-08
2021-11-17,59.94783020019531,63.0629997253418,63.880001068115234,62.62799835205078,63.42599868774414,9066000,2026-10-08
2021-11-18,60.439292907714844,63.58000183105469,63.72700119018555,62.479000091552734,63.69900131225586,10002000,2026-10-08
2021-11-19,61.26631546020508,64.44999694824219,65.69999694824219,63.3129997253418,63.63999938964844,18332000,2026-10-08
2021-11-22,61.475440979003906,64.66999816894531,66.10600280761719,64.21199798583984,65.09200286865234,18759000,2026-10-08
2021-11-23,62.865230560302734,66.13200378417969,66.23100280761719,64.1259994506836,64.80000305175781,17531000,2026-10-08
2021-11-24,62.81486129760742,66.0790023803711,66.15399932861328,64.52799987792969,65.4000015258789,12152000,2026-10-08
2021-11-26,61.02675247192383,64.197998046875,65.40899658203125,63.840999603271484,65.14600372314453,8377000,2026-10-08
2021-11-29,64.6922836303711,68.05400085449219,68.22899627685547,64.9020004272461,65.1500015258789,19639000,2026-10-08
2021-11-30,64.62669372558594,67.98500061035156,69.30000305175781,66.81400299072266,67.53299713134766,27254000,2026-10-08
2021-12-01,65.9271011352539,69.35299682617188,71.18299865722656,68.43699645996094,69.2699966430664,25249000,2026-10-08
2021-12-02,62.884246826171875,66.1520004272461,68.49500274658203,65.58899688720703,68.28600311279297,23006000,2026-10-08
2021-12-03,62.87948989868164,66.14700317382812,67.0989990234375,65.18499755859375,66.87999725341797,13856000,2026-10-08
2021-12-06,63.458404541015625,66.75599670410156,67.0770034790039,64.24299621582031,66.49299621582031,12665000,2026-10-08
2021-12-07,67.12677764892578,70.61499786376953,70.95600128173828,67.69999694824219,67.85099792480469,16016000,2026-10-08
2021-12-08,67.87584686279297,71.40299987792969,71.83100128173828,70.5,70.5,11634000,2026-10-08
2021-12-09,66.48418426513672,69.93900299072266,71.99099731445312,69.72699737548828,70.875,10828000,2026-10-08
2021-12-10,67.10871887207031,70.59600067138672,71.41000366210938,69.45500183105469,71.16699981689453,8793000,2026-10-08
2021-12-13,65.11339569091797,68.49700164794922,70.80500030517578,68.4000015258789,70.75499725341797,12440000,2026-10-08
2021-12-14,64.70755004882812,67.9209976196289,68.33899688720703,66.81400299072266,67.46199798583984,13892000,2026-10-08
2021-12-15,66.43191528320312,69.73100280761719,69.87999725341797,66.53800201416016,68.0,13627000,2026-10-08
2021-12-16,63.95206832885742,67.12799835205078,70.73500061035156,66.66400146484375,70.177001953125,13775000,2026-10-08
2021-12-17,63.75105667114258,66.91699981689453,67.78900146484375,66.06400299072266,66.5,15633000,2026-10-08
2021-12-20,62.98033142089844,66.10800170898438,67.3010025024414,65.38999938964844,65.88500213623047,9110000,2026-10-08
2021-12-21,65.07530975341797,68.30699920654297,68.70600128173828,66.51399993896484,67.95500183105469,13405000,2026-10-08
2021-12-22,65.85173034667969,69.12200164794922,69.2030029296875,67.29199981689453,67.8479995727539,10424000,2026-10-08
2021-12-23,66.5662612915039,69.87200164794922,70.69400024414062,69.33799743652344,69.447998046875,8674000,2026-10-08
2021-12-27,68.91747283935547,72.33999633789062,72.4000015258789,70.27899932861328,70.27899932861328,10143000,2026-10-08
2021-12-28,68.22203826904297,71.61000061035156,72.83799743652344,71.46399688720703,72.5,7816000,2026-10-08
2021-12-29,69.23664093017578,72.67500305175781,72.81700134277344,71.61000061035156,71.86900329589844,6902000,2026-10-08
2021-12-30,68.4344711303711,71.83300018310547,72.80000305175781,71.71800231933594,72.80000305175781,5216000,2026-10-08
2021-12-31,68.5125961303711,71.91500091552734,72.58699798583984,71.7229995727539,71.83100128173828,7138000,2026-10-08
2022-01-03,69.11373901367188,72.5459976196289,73.10600280761719,71.18299865722656,72.11299896240234,10602000,2026-10-08
2022-01-04,67.8314208984375,71.19999694824219,73.18499755859375,70.24500274658203,72.6729965209961,14566000,2026-10-08
2022-01-05,65.9079360961914,69.18099975585938,71.48999786376953,69.06099700927734,71.27899932861328,13994000,2026-10-08
2022-01-06,66.87014770507812,70.19100189208984,70.56900024414062,68.69599914550781,69.3499984741211,11896000,2026-10-08
2022-01-07,63.762489318847656,66.92900085449219,70.3219985961914,66.83899688720703,69.78800201416016,15698000,2026-10-08
2022-01-10,63.28614807128906,66.42900085449219,66.78199768066406,64.32099914550781,65.86199951171875,16246000,2026-10-08
2022-01-11,64.13593292236328,67.32099914550781,67.3550033569336,65.20099639892578,65.28199768066406,9189000,2026-10-08
2022-01-12,65.38492584228516,68.63200378417969,68.9020004272461,67.43199920654297,67.90799713134766,9286000,2026-10-08
2022-01-13,65.42779541015625,68.677001953125,73.06600189208984,68.33300018310547,70.5,29135000,2026-10-08
2022-01-14,69.52911376953125,72.98200225830078,73.07499694824219,68.18000030517578,68.35700225830078,19416000,2026-10-08
2022-01-18,64.68850708007812,67.9010009765625,71.73999786376953,67.64299774169922,71.66600036621094,20069000,2026-10-08
2022-01-19,61.23215103149414,64.27300262451172,69.86799621582031,64.20500183105469,69.08499908447266,18340000,2026-10-08
2022-01-20,59.035247802734375,61.96699905395508,65.79900360107422,61.75199890136719,65.46900177001953,19444000,2026-10-08
2022-01-21,57.71290588378906,60.57899856567383,63.67300033569336,60.44499969482422,61.619998931884766,22222000,2026-10-08
2022-01-24,59.24007034301758,62.18199920654297,62.32400131225586,57.55099868774414,58.5,24890000,2026-10-08
2022-01-25,56.040000915527344,58.823001861572266,60.444000244140625,58.099998474121094,60.013999938964844,18846000,2026-10-08
2022-01-26,56.84406661987305,59.66699981689453,61.422000885009766,58.03799819946289,60.35200119018555,23637000,2026-10-08
2022-01-27,52.90279006958008,55.529998779296875,60.04999923706055,55.073001861572266,59.4900016784668,30943000,2026-10-08
2022-01-28,53.45915603637695,56.11399841308594,56.11600112915039,53.0,55.36199951171875,20024000,2026-10-08
2022-01-31,56.20100021362305,58.992000579833984,58.99700164794922,55.68299865722656,56.35599899291992,19000000,2026-10-08
2022-02-01,56.15812301635742,58.946998596191406,59.3849983215332,57.20000076293945,59.0,11355000,2026-10-08
2022-02-02,58.282615661621094,61.176998138427734,61.33000183105469,59.00699996948242,59.797000885009766,16622000,2026-10-08
2022-02-03,56.090492248535156,58.875999450683594,60.555999755859375,58.57699966430664,59.698001861572266,20076000,2026-10-08
2022-02-04,55.16733169555664,57.90700149536133,58.95500183105469,57.36399841308594,58.650001525878906,14462000,2026-10-08
2022-02-07,54.43376541137695,57.137001037597656,58.96099853515625,56.89799880981445,58.106998443603516,10859000,2026-10-08
2022-02-08,54.90248489379883,57.62900161743164,57.75699996948242,56.060001373291016,56.65299987792969,12958000,2026-10-08
2022-02-09,57.87010955810547,60.74399948120117,61.04999923706055,58.303001403808594,58.90700149536133,12072000,2026-10-08
2022-02-10,56.67257308959961,59.48699951171875,61.5989990234375,58.79899978637695,58.874000549316406,15148000,2026-10-08
2022-02-11,53.34960174560547,55.999000549316406,59.99399948120117,55.53799819946289,59.500999450683594,15785000,2026-10-08
2022-02-14,53.183834075927734,55.82500076293945,56.90399932861328,54.76599884033203,56.06700134277344,13459000,2026-10-08
2022-02-15,56.57254409790039,59.38199996948242,59.676998138427734,56.941001892089844,56.941001892089844,14344000,2026-10-08
2022-02-16,56.34866714477539,59.14699935913086,59.540000915527344,57.72700119018555,58.448001861572266,8048000,2026-10-08
2022-02-17,55.31404113769531,58.06100082397461,59.52199935913086,57.922000885009766,58.71799850463867,12909000,2026-10-08
2022-02-18,54.30229187011719,56.999000549316406,58.2239990234375,56.32899856567383,58.08100128173828,12481000,2026-10-08
2022-02-22,53.32386779785156,55.97200012207031,57.73500061035156,55.09199905395508,56.099998474121094,12194000,2026-10-08
2022-02-23,51.67287063598633,54.23899841308594,57.10499954223633,54.124000549316406,56.67300033569336,12435000,2026-10-08
2022-02-24,53.62492370605469,56.28799819946289,56.409000396728516,51.95500183105469,52.5099983215332,15628000,2026-10-08
2022-02-25,54.60810470581055,57.31999969482422,57.38800048828125,55.611000061035156,56.42100143432617,10847000,2026-10-08
2022-02-28,53.479164123535156,56.1349983215332,57.11399841308594,55.020999908447266,56.64099884033203,14065000,2026-10-08
2022-03-01,51.499488830566406,54.05699920654297,56.2400016784668,53.51599884033203,55.805999755859375,16089000,2026-10-08
2022-03-02,52.78084182739258,55.402000427246094,55.823001861572266,54.090999603271484,54.72700119018555,12451000,2026-10-08
2022-03-03,51.779571533203125,54.35100173950195,56.04999923706055,53.869998931884766,56.04999923706055,10339000,2026-10-08
2022-03-04,50.0904541015625,52.577999114990234,54.20199966430664,51.96099853515625,53.874000549316406,14386000,2026-10-08
2022-03-07,46.60075759887695,48.915000915527344,53.35300064086914,48.87099838256836,52.7599983215332,21396000,2026-10-08
2022-03-08,46.716983795166016,49.0369987487793,51.11199951171875,47.904998779296875,48.95600128173828,21558000,2026-10-08
2022-03-09,49.28351974487305,51.73099899291992,52.22100067138672,50.387001037597656,50.939998626708984,14437000,2026-10-08
2022-03-10,47.35528564453125,49.707000732421875,50.70100021362305,48.82600021362305,50.47800064086914,11106000,2026-10-08
2022-03-11,46.052005767822266,48.3390007019043,51.21699905395508,48.257999420166016,51.154998779296875,10389000,2026-10-08
2022-03-14,44.681087493896484,46.900001525878906,49.05799865722656,46.60599899291992,48.82899856567383,15870000,2026-10-08
2022-03-15,46.326881408691406,48.47200012207031,48.69499969482422,47.15599822998047,47.516998291015625,12455000,2026-10-08
2022-03-16,49.17213439941406,51.44900131225586,51.4630012512207,49.0,49.630001068115234,16659000,2026-10-08
2022-03-17,50.30277633666992,52.63199996948242,52.659000396728516,50.755001068115234,51.016998291015625,13627000,2026-10-08
2022-03-18,52.05370330810547,54.4640007019043,54.74800109863281,52.29999923706055,52.516998291015625,22237000,2026-10-08
2022-03-21,51.31013488769531,53.68600082397461,54.428001403808594,52.58700180053711,53.79999923706055,10517000,2026-10-08
2022-03-22,52.256317138671875,54.67599868774414,55.28499984741211,53.79999923706055,53.79999923706055,10664000,2026-10-08
2022-03-23,50.74910354614258,53.0989990234375,54.79999923706055,53.058998107910156,54.0369987487793,9835000,2026-10-08
2022-03-24,53.16046142578125,55.62200164794922,55.66999816894531,53.17900085449219,53.72999954223633,12124000,2026-10-08
2022-03-25,53.026649475097656,55.481998443603516,55.69300079345703,54.516998291015625,55.51599884033203,7531000,2026-10-08
2022-03-28,53.26462936401367,55.73099899291992,55.7859992980957,54.09299850463867,54.957000732421875,7338000,2026-10-08
2022-03-29,54.37520980834961,56.893001556396484,57.479000091552734,55.816001892089844,56.84000015258789,11139000,2026-10-08
2022-03-30,52.4283561706543,54.85599899291992,57.0989990234375,54.53300094604492,56.22200012207031,12981000,2026-10-08
2022-03-31,51.38182067871094,53.76100158691406,55.750999450683594,53.7140007019043,54.999000549316406,14703000,2026-10-08
2022-04-01,50.219627380371094,52.54499816894531,54.57699966430664,51.707000732421875,54.12200164794922,12084000,2026-10-08
2022-04-04,51.184932708740234,53.55500030517578,53.67599868774414,52.435001373291016,52.632999420166016,8777000,2026-10-08
2022-04-05,48.1351432800293,50.36399841308594,53.0,50.005001068115234,52.861000061035156,19670000,2026-10-08
2022-04-06,47.612361907958984,49.81700134277344,50.56999969482422,48.80699920654297,49.39099884033203,15845000,2026-10-08
2022-04-07,48.10647201538086,50.33399963378906,50.87699890136719,49.27199935913086,49.73400115966797,10095000,2026-10-08
2022-04-08,46.988258361816406,49.16400146484375,50.0880012512207,49.08300018310547,49.80099868774414,10449000,2026-10-08
2022-04-11,45.470542907714844,47.57600021362305,48.803001403808594,47.520999908447266,48.7140007019043,16953000,2026-10-08
2022-04-12,44.63330078125,46.70000076293945,48.79499816894531,46.47700119018555,48.10200119018555,16778000,2026-10-08
2022-04-13,45.169471740722656,47.26100158691406,47.73099899291992,46.78799819946289,46.965999603271484,11396000,2026-10-08
2022-04-14,43.59727096557617,45.61600112915039,47.400001525878906,45.58399963378906,47.34199905395508,13648000,2026-10-08
2022-04-18,44.97258377075195,47.05500030517578,47.29999923706055,45.099998474121094,45.12799835205078,16631000,2026-10-08
2022-04-19,45.79834747314453,47.91899871826172,48.27799987792969,46.60300064086914,46.928001403808594,12144000,2026-10-08
2022-04-20,46.01435470581055,48.14500045776367,50.48099899291992,47.96799850463867,49.26599884033203,20233000,2026-10-08
2022-04-21,44.873207092285156,46.95100021362305,49.7599983215332,46.849998474121094,48.867000579833984,22794000,2026-10-08
2022-04-22,44.26343536376953,46.3129997253418,47.23099899291992,46.0369987487793,46.70000076293945,20282000,2026-10-08
2022-04-25,45.533607482910156,47.641998291015625,48.0359992980957,45.9119987487793,46.04800033569336,14124000,2026-10-08
2022-04-26,43.69857406616211,45.72200012207031,47.03099822998047,45.67100143432617,46.66400146484375,14974000,2026-10-08
2022-04-27,43.65652847290039,45.678001403808594,46.858001708984375,44.95000076293945,45.441001892089844,12413000,2026-10-08
2022-04-28,46.30489730834961,48.44900131225586,48.96099853515625,46.26100158691406,46.82600021362305,16784000,2026-10-08
2022-04-29,44.51478576660156,46.57600021362305,49.14400100708008,46.486000061035156,47.5,14050000,2026-10-08
2022-05-02,45.81077575683594,47.93199920654297,47.97600173950195,45.917999267578125,46.72800064086914,12866000,2026-10-08
2022-05-03,46.39091491699219,48.53900146484375,48.86399841308594,47.31999969482422,47.65999984741211,9578000,2026-10-08
2022-05-04,48.35306167602539,50.59199905395508,50.76300048828125,47.74100112915039,48.71699905395508,11962000,2026-10-08
2022-05-05,46.00192642211914,48.13199996948242,49.79899978637695,47.30799865722656,49.439998626708984,14578000,2026-10-08
2022-05-06,45.70660400390625,47.823001861572266,48.95100021362305,46.49399948120117,47.672000885009766,10680000,2026-10-08
2022-05-09,42.73615264892578,44.71500015258789,46.23899841308594,44.25299835205078,45.99599838256836,18487000,2026-10-08
2022-05-10,43.88017272949219,45.9119987487793,46.90999984741211,44.652000427246094,46.09700012207031,14134000,2026-10-08
2022-05-11,42.74092483520508,44.720001220703125,46.900001525878906,44.608001708984375,45.4900016784668,11793000,2026-10-08
2022-05-12,44.00537109375,46.042999267578125,46.207000732421875,44.5,44.678001403808594,15558000,2026-10-08
2022-05-13,47.0150260925293,49.19200134277344,49.529998779296875,46.5,46.560001373291016,19093000,2026-10-08
2022-05-16,46.11184310913086,48.24700164794922,49.30500030517578,47.900001525878906,48.641998291015625,9689000,2026-10-08
2022-05-17,48.9599494934082,51.22700119018555,51.637001037597656,49.005001068115234,49.50199890136719,16356000,2026-10-08
2022-05-18,45.634925842285156,47.74800109863281,50.849998474121094,47.46200180053711,50.051998138427734,17105000,2026-10-08
2022-05-19,45.12359619140625,47.2130012512207,48.597999572753906,47.11000061035156,47.95000076293945,11193000,2026-10-08
2022-05-20,45.313785552978516,47.4119987487793,48.415000915527344,45.04600143432617,48.04199981689453,17158000,2026-10-08
2022-05-23,46.19116973876953,48.33000183105469,48.59400177001953,47.20500183105469,47.62900161743164,10578000,2026-10-08
2022-05-24,45.01273727416992,47.09700012207031,48.05099868774414,46.573001861572266,47.749000549316406,9431000,2026-10-08
2022-05-25,46.60022735595703,48.757999420166016,49.16299819946289,46.5369987487793,46.56100082397461,12887000,2026-10-08
2022-05-26,48.66749572753906,50.92100143432617,51.34400177001953,48.09400177001953,48.18899917602539,12922000,2026-10-08
2022-05-27,50.75197982788086,53.10200119018555,53.73699951171875,51.525001525878906,51.72200012207031,16526000,2026-10-08
2022-05-31,49.70161437988281,52.00299835205078,52.599998474121094,51.042999267578125,52.46900177001953,15011000,2026-10-08
2022-06-01,48.34063720703125,50.57899856567383,52.5,49.95600128173828,52.321998596191406,10261000,2026-10-08
2022-06-02,50.0141487121582,52.33000183105469,52.37900161743164,50.20500183105469,50.305999755859375,11600000,2026-10-08
2022-06-03,49.12339401245117,51.39799880981445,52.12699890136719,50.92100143432617,51.26900100708008,13304000,2026-10-08
2022-06-06,49.341304779052734,51.625999450683594,53.28900146484375,51.369998931884766,52.66699981689453,7852000,2026-10-08
2022-06-07,50.027530670166016,52.34400177001953,52.49700164794922,50.834999084472656,50.94200134277344,11502000,2026-10-08
2022-06-08,48.94657897949219,51.2130012512207,52.40700149536133,50.79499816894531,52.1870002746582,9009000,2026-10-08
2022-06-09,47.161251068115234,49.345001220703125,51.34000015258789,49.316001892089844,50.30799865722656,8652000,2026-10-08
2022-06-10,45.34151077270508,47.441001892089844,48.83599853515625,47.38100051879883,48.52000045776367,10987000,2026-10-08
2022-06-13,42.72945022583008,44.70800018310547,46.22999954223633,44.51900100708008,45.500999450683594,14833000,2026-10-08
2022-06-14,43.13125991821289,44.97700119018555,45.54100036621094,44.5099983215332,45.33000183105469,11689000,2026-10-08
2022-06-15,43.50237274169922,45.36399841308594,46.27799987792969,44.44599914550781,44.97700119018555,15659000,2026-10-08
2022-06-16,40.11341094970703,41.83000183105469,44.303001403808594,41.26900100708008,44.15599822998047,19042000,2026-10-08
2022-06-17,40.224639892578125,41.94599914550781,42.422000885009766,41.138999938964844,41.71200180053711,17917000,2026-10-08
2022-06-21,41.52692413330078,43.30400085449219,44.231998443603516,42.69900131225586,42.724998474121094,12126000,2026-10-08
2022-06-22,40.81632614135742,42.5629997253418,43.46799850463867,42.051998138427734,42.32699966430664,11078000,2026-10-08
2022-06-23,40.667686462402344,42.40800094604492,43.1349983215332,41.542999267578125,43.1349983215332,9030000,2026-10-08
2022-06-24,43.171539306640625,45.01900100708008,45.04100036621094,43.119998931884766,43.23400115966797,14217000,2026-10-08
2022-06-27,43.1331787109375,44.979000091552734,45.722999572753906,44.625,45.61199951171875,7695000,2026-10-08
2022-06-28,42.02750015258789,43.82600021362305,45.926998138427734,43.676998138427734,45.13800048828125,9379000,2026-10-08
2022-06-29,40.95249938964844,42.70500183105469,43.400001525878906,42.5,43.244998931884766,11751000,2026-10-08
2022-06-30,40.866188049316406,42.6150016784668,43.67399978637695,41.5,41.902000427246094,10663000,2026-10-08
2022-07-01,37.86272048950195,39.483001708984375,41.470001220703125,38.6510009765625,40.90999984741211,29500000,2026-10-08
2022-07-05,37.28158950805664,38.87699890136719,39.099998474121094,37.58700180053711,37.96699905395508,26882000,2026-10-08
2022-07-06,37.56160354614258,39.16899871826172,39.68000030517578,38.36600112915039,39.10300064086914,12516000,2026-10-08
2022-07-07,39.78544235229492,41.487998962402344,41.742000579833984,40.20199966430664,40.321998596191406,13753000,2026-10-08
2022-07-08,39.8084602355957,41.512001037597656,41.71799850463867,40.5359992980957,40.917999267578125,9213000,2026-10-08
2022-07-11,38.5896110534668,40.24100112915039,41.00299835205078,39.845001220703125,40.90599822998047,11137000,2026-10-08
2022-07-12,38.921417236328125,40.58700180053711,41.09299850463867,40.178001403808594,40.4900016784668,9538000,2026-10-08
2022-07-13,39.510215759277344,41.20100021362305,41.435001373291016,39.599998474121094,39.612998962402344,9220000,2026-10-08
2022-07-14,40.211219787597656,41.93199920654297,42.308998107910156,40.11899948120117,40.82600021362305,11114000,2026-10-08
2022-07-15,40.960174560546875,42.7130012512207,42.73899841308594,41.20100021362305,42.41600036621094,13375000,2026-10-08
2022-07-18,40.579471588134766,42.316001892089844,43.7859992980957,41.96900177001953,43.78499984741211,9080000,2026-10-08
2022-07-19,42.8598747253418,44.694000244140625,44.76900100708008,42.99399948120117,43.0989990234375,14888000,2026-10-08
2022-07-20,44.601348876953125,46.5099983215332,46.8380012512207,44.439998626708984,44.59700012207031,18505000,2026-10-08
2022-07-21,45.65908432006836,47.612998962402344,47.71699905395508,46.15999984741211,46.87699890136719,13812000,2026-10-08
2022-07-22,44.49489974975586,46.39899826049805,47.77399826049805,46.099998474121094,47.50400161743164,13265000,2026-10-08
2022-07-25,43.86774444580078,45.744998931884766,45.83100128173828,44.737998962402344,45.0260009765625,11483000,2026-10-08
2022-07-26,42.887691497802734,44.722999572753906,45.694000244140625,44.5369987487793,45.27799987792969,11291000,2026-10-08
2022-07-27,44.846839904785156,46.76599884033203,47.13399887084961,45.39899826049805,45.42300033569336,16886000,2026-10-08
2022-07-28,46.50393295288086,48.49399948120117,48.71200180053711,45.334999084472656,46.441001892089844,23813000,2026-10-08
2022-07-29,47.99702835083008,50.05099868774414,50.599998474121094,47.6510009765625,47.79100036621094,24772000,2026-10-08
2022-08-01,48.21664047241211,50.279998779296875,50.599998474121094,48.680999755859375,48.893001556396484,20002000,2026-10-08
2022-08-02,48.20225524902344,50.26499938964844,50.92300033569336,48.957000732421875,49.641998291015625,14588000,2026-10-08
2022-08-03,50.31581497192383,52.46900177001953,52.88199996948242,50.47999954223633,50.63399887084961,22118000,2026-10-08
2022-08-04,51.00242614746094,53.185001373291016,53.23500061035156,52.180999755859375,52.2869987487793,16144000,2026-10-08
2022-08-05,49.86318588256836,51.99700164794922,52.814998626708984,50.88600158691406,52.106998443603516,10452000,2026-10-08
2022-08-08,48.86297607421875,50.95399856567383,52.255001068115234,49.861000061035156,51.380001068115234,10173000,2026-10-08
2022-08-09,45.013710021972656,46.939998626708984,48.862998962402344,45.70399856567383,48.80500030517578,28792000,2026-10-08
2022-08-10,47.4638557434082,49.494998931884766,49.5629997253418,47.051998138427734,48.12699890136719,19799000,2026-10-08
2022-08-11,47.704551696777344,49.74599838256836,51.77399826049805,49.20000076293945,49.604000091552734,18041000,2026-10-08
2022-08-12,49.7308464050293,51.85900115966797,51.95199966430664,49.946998596191406,50.196998596191406,12588000,2026-10-08
2022-08-15,49.606170654296875,51.729000091552734,52.2599983215332,50.917999267578125,51.62799835205078,9659000,2026-10-08
2022-08-16,48.941612243652344,51.0359992980957,51.98699951171875,50.7400016784668,51.630001068115234,12301000,2026-10-08
2022-08-17,47.71414566040039,49.75600051879883,50.41699981689453,48.58300018310547,50.222999572753906,14021000,2026-10-08
2022-08-18,48.25020217895508,50.314998626708984,50.900001525878906,49.21500015258789,49.7760009765625,12763000,2026-10-08
2022-08-19,45.72237014770508,47.67900085449219,49.400001525878906,47.61600112915039,49.266998291015625,20104000,2026-10-08
2022-08-22,43.87924575805664,45.75699996948242,46.87699890136719,45.582000732421875,46.55099868774414,14652000,2026-10-08
2022-08-23,44.49299240112305,46.39699935913086,46.95899963378906,45.82600021362305,45.84600067138672,8103000,2026-10-08
2022-08-24,44.40092849731445,46.30099868774414,46.512001037597656,45.70399856567383,46.391998291015625,6849000,2026-10-08
2022-08-25,45.85663604736328,47.819000244140625,47.84600067138672,46.362998962402344,46.362998962402344,9490000,2026-10-08
2022-08-26,43.47072982788086,45.33100128173828,47.85100173950195,45.16999816894531,47.819000244140625,15863000,2026-10-08
2022-08-29,42.629722595214844,44.45399856567383,45.53799819946289,44.374000549316406,44.82600021362305,10082000,2026-10-08
2022-08-30,42.45136260986328,44.268001556396484,45.12099838256836,43.483001708984375,44.9010009765625,14187000,2026-10-08
2022-08-31,41.99393081665039,43.79100036621094,44.323001861572266,43.279998779296875,44.23400115966797,12324000,2026-10-08
2022-09-01,41.4310188293457,43.20399856567383,43.308998107910156,41.8380012512207,42.44900131225586,18830000,2026-10-08
2022-09-02,41.255531311035156,43.020999908447266,44.34199905395508,42.744998931884766,43.643001556396484,13680000,2026-10-08
2022-09-06,40.9246940612793,42.67599868774414,43.375,42.1870002746582,42.9379997253418,11633000,2026-10-08
2022-09-07,41.427181243896484,43.20000076293945,43.69300079345703,42.20399856567383,42.900001525878906,12013000,2026-10-08
2022-09-08,42.11379623413086,43.91600036621094,44.46799850463867,42.4010009765625,42.534000396728516,14205000,2026-10-08
2022-09-09,43.22811508178711,45.077999114990234,45.2859992980957,44.54100036621094,44.7400016784668,12933000,2026-10-08
2022-09-12,42.8943977355957,44.72999954223633,45.347999572753906,44.209999084472656,44.729000091552734,9988000,2026-10-08
2022-09-13,40.47856903076172,42.04800033569336,43.215999603271484,41.81999969482422,42.900001525878906,18942000,2026-10-08
2022-09-14,40.60177993774414,42.17599868774414,42.66600036621094,41.46200180053711,42.4010009765625,10615000,2026-10-08
2022-09-15,39.80084228515625,41.34400177001953,42.23400115966797,40.770999908447266,41.86600112915039,11987000,2026-10-08
2022-09-16,39.394596099853516,40.922000885009766,41.387001037597656,40.31999969482422,40.82600021362305,18613000,2026-10-08
2022-09-19,39.394596099853516,40.922000885009766,41.387001037597656,40.321998596191406,40.321998596191406,9364000,2026-10-08
2022-09-20,38.83431625366211,40.34000015258789,40.529998779296875,39.944000244140625,40.345001220703125,8927000,2026-10-08
2022-09-21,38.377037048339844,39.8650016784668,41.8380012512207,39.84400177001953,40.4900016784668,10621000,2026-10-08
2022-09-22,37.239158630371094,38.68299865722656,39.667999267578125,38.582000732421875,39.44499969482422,15202000,2026-10-08
2022-09-23,36.63555908203125,38.055999755859375,38.388999938964844,37.358001708984375,38.24300003051758,14622000,2026-10-08
2022-09-26,35.757598876953125,37.14400100708008,38.52899932861328,37.11199951171875,38.06800079345703,11251000,2026-10-08
2022-09-27,36.26396560668945,37.66999816894531,38.165000915527344,36.933998107910156,37.986000061035156,11831000,2026-10-08
2022-09-28,36.7404899597168,38.165000915527344,38.361000061035156,37.22600173950195,37.34199905395508,10841000,2026-10-08
2022-09-29,35.67192840576172,37.05500030517578,37.542999267578125,36.42300033569336,37.51599884033203,15439000,2026-10-08
2022-09-30,35.233909606933594,36.599998474121094,37.35200119018555,35.79999923706055,35.82500076293945,19091000,2026-10-08
2022-10-03,37.513526916503906,38.96799850463867,39.67599868774414,37.071998596191406,37.22999954223633,25300000,2026-10-08
2022-10-04,38.56765365600586,40.0629997253418,40.849998474121094,39.750999450683594,40.27799987792969,20566000,2026-10-08
2022-10-05,38.498348236083984,39.99100112915039,40.47100067138672,38.500999450683594,39.194000244140625,14070000,2026-10-08
2022-10-06,38.27595901489258,39.7599983215332,40.74399948120117,39.520999908447266,39.861000061035156,13586000,2026-10-08
2022-10-07,36.08491897583008,37.48400115966797,38.86600112915039,37.178001403808594,38.66699981689453,20796000,2026-10-08
2022-10-10,33.762939453125,35.071998596191406,37.03099822998047,34.04199981689453,36.99800109863281,39506000,2026-10-08
2022-10-11,31.484294891357422,32.70500183105469,35.02399826049805,32.23099899291992,34.529998779296875,53132000,2026-10-08
2022-10-12,31.188749313354492,32.39799880981445,33.09199905395508,32.316001892089844,32.875999450683594,36663000,2026-10-08
2022-10-13,32.789676666259766,34.06100082397461,34.47200012207031,29.958999633789062,30.246999740600586,45293000,2026-10-08
2022-10-14,30.319454193115234,31.4950008392334,34.0989990234375,31.43000030517578,34.06100082397461,30398000,2026-10-08
2022-10-17,30.364700317382812,31.54199981689453,32.91899871826172,31.270999908447266,32.70100021362305,51439000,2026-10-08
2022-10-18,31.003917694091797,32.20600128173828,33.183998107910156,31.56999969482422,32.70600128173828,25077000,2026-10-08
2022-10-19,31.775981903076172,33.007999420166016,33.21900177001953,31.867000579833984,32.24100112915039,26915000,2026-10-08
2022-10-20,34.25872039794922,35.58700180053711,36.69200134277344,33.40399932861328,34.0620002746582,58751000,2026-10-08
2022-10-21,35.550628662109375,36.92900085449219,37.2859992980957,35.49700164794922,35.49700164794922,27665000,2026-10-08
2022-10-24,36.00019836425781,37.395999908447266,37.71699905395508,36.452999114990234,37.042999267578125,20117000,2026-10-08
2022-10-25,36.56818389892578,37.986000061035156,38.6510009765625,37.50199890136719,37.50199890136719,17499000,2026-10-08
2022-10-26,37.120750427246094,38.560001373291016,39.3849983215332,37.37799835205078,37.42499923706055,24178000,2026-10-08
2022-10-27,37.45865249633789,38.9109992980957,39.79600143432617,38.14899826049805,38.895999908447266,22885000,2026-10-08
2022-10-28,39.045127868652344,40.558998107910156,40.69499969482422,38.95199966430664,39.05099868774414,18155000,2026-10-08
2022-10-31,38.967159271240234,40.47800064086914,41.04999923706055,39.91899871826172,40.48699951171875,18772000,2026-10-08
2022-11-01,39.730560302734375,41.270999908447266,41.696998596191406,40.64699935913086,41.29999923706055,15682000,2026-10-08
2022-11-02,38.07572555541992,39.551998138427734,42.10499954223633,39.47700119018555,41.15599822998047,21731000,2026-10-08
2022-11-03,37.873558044433594,39.34199905395508,39.946998596191406,38.47200012207031,38.869998931884766,16563000,2026-10-08
2022-11-04,40.38806915283203,41.95399856567383,42.0099983215332,40.42499923706055,40.98500061035156,24227000,2026-10-08
2022-11-07,41.87348175048828,43.49700164794922,43.56100082397461,41.92399978637695,42.349998474121094,18842000,2026-10-08
2022-11-08,42.82556915283203,44.486000061035156,44.89500045776367,43.07899856567383,44.29999923706055,22260000,2026-10-08
2022-11-09,41.6588020324707,43.27399826049805,44.31999969482422,43.01300048828125,43.58700180053711,17040000,2026-10-08
2022-11-10,46.72922134399414,48.54100036621094,48.577999114990234,45.50400161743164,45.9630012512207,37191000,2026-10-08
2022-11-11,48.21269607543945,50.082000732421875,50.45500183105469,48.01599884033203,48.196998596191406,26080000,2026-10-08
2022-11-14,46.275794982910156,48.06999969482422,50.0369987487793,47.98699951171875,49.564998626708984,23472000,2026-10-08
2022-11-15,47.24231719970703,49.07400131225586,50.27000045776367,48.21500015258789,50.108001708984375,22206000,2026-10-08
2022-11-16,43.83830642700195,45.53799819946289,46.4640007019043,45.21200180053711,45.89699935913086,30079000,2026-10-08
2022-11-17,44.39472579956055,46.11600112915039,46.46500015258789,44.5,44.63199996948242,15369000,2026-10-08
2022-11-18,43.965370178222656,45.66999816894531,47.125999450683594,44.86399841308594,47.07099914550781,17363000,2026-10-08
2022-11-21,43.33482360839844,45.01499938964844,45.349998474121094,44.441001892089844,45.10599899291992,9349000,2026-10-08
2022-11-22,43.86139678955078,45.5620002746582,45.638999938964844,44.417999267578125,45.24100112915039,14115000,2026-10-08
2022-11-23,44.41783142089844,46.13999938964844,46.874000549316406,45.60100173950195,45.70899963378906,8235000,2026-10-08
2022-11-25,43.63324737548828,45.32500076293945,45.89400100708008,45.32500076293945,45.63399887084961,3789000,2026-10-08
2022-11-28,42.66865158081055,44.323001861572266,45.13399887084961,44.14699935913086,44.619998931884766,11824000,2026-10-08
2022-11-29,42.555057525634766,44.20500183105469,45.029998779296875,44.007999420166016,44.70399856567383,9030000,2026-10-08
2022-11-30,45.47483825683594,47.237998962402344,47.23899841308594,44.12799835205078,44.78799819946289,22328000,2026-10-08
2022-12-01,44.5853385925293,46.31399917602539,47.93199920654297,45.67399978637695,47.93199920654297,13779000,2026-10-08
2022-12-02,44.058753967285156,45.766998291015625,46.02299880981445,45.040000915527344,45.07400131225586,11022000,2026-10-08
2022-12-05,43.57067108154297,45.2599983215332,46.26900100708008,44.862998962402344,45.57400131225586,10886000,2026-10-08
2022-12-06,42.65517807006836,44.308998107910156,45.40999984741211,43.89799880981445,45.2869987487793,9253000,2026-10-08
2022-12-07,42.76973342895508,44.428001403808594,45.279998779296875,43.96200180053711,44.11899948120117,11129000,2026-10-08
2022-12-08,43.801719665527344,45.5,45.75199890136719,44.40599822998047,44.7869987487793,12370000,2026-10-08
2022-12-09,43.339637756347656,45.02000045776367,45.763999938964844,44.44200134277344,44.94900131225586,9542000,2026-10-08
2022-12-12,44.696998596191406,46.43000030517578,46.444000244140625,44.89500045776367,46.00299835205078,12138000,2026-10-08
2022-12-13,45.98842239379883,47.59400177001953,49.064998626708984,47.00400161743164,48.55400085449219,15369000,2026-10-08
2022-12-14,45.24440002441406,46.82400131225586,48.1879997253418,46.42300033569336,47.48500061035156,12108000,2026-10-08
2022-12-15,43.10122299194336,44.60599899291992,45.972999572753906,44.40299987792969,45.60200119018555,15531000,2026-10-08
2022-12-16,42.89444351196289,44.391998291015625,44.79899978637695,43.8129997253418,44.28900146484375,17715000,2026-10-08
2022-12-19,42.38909149169922,43.86899948120117,44.28499984741211,43.209999084472656,44.233001708984375,10645000,2026-10-08
2022-12-20,42.260581970214844,43.736000061035156,44.10900115966797,43.26499938964844,43.34000015258789,9097000,2026-10-08
2022-12-21,43.27611541748047,44.7869987487793,45.08100128173828,44.007999420166016,44.13199996948242,9464000,2026-10-08
2022-12-22,39.5308723449707,40.9109992980957,43.32099914550781,39.70600128173828,43.189998626708984,31757000,2026-10-08
2022-12-23,39.82171630859375,41.21200180053711,41.24700164794922,40.05500030517578,40.5620002746582,10546000,2026-10-08
2022-12-27,39.178192138671875,40.54600143432617,41.1609992980957,40.47600173950195,40.79999923706055,11120000,2026-10-08
2022-12-28,38.92116165161133,40.279998779296875,40.775001525878906,39.92900085449219,40.34299850463867,8731000,2026-10-08
2022-12-29,40.642066955566406,42.06100082397461,42.25699996948242,40.810001373291016,40.97100067138672,12309000,2026-10-08
2022-12-30,40.612125396728516,42.029998779296875,42.058998107910156,41.08399963378906,41.257999420166016,7321000,2026-10-08
2023-01-03,40.03236770629883,41.43000030517578,43.0099983215332,40.72700119018555,42.97200012207031,13249000,2026-10-08
2023-01-04,40.82083511352539,42.24599838256836,42.82699966430664,41.64699935913086,42.16400146484375,10525000,2026-10-08
2023-01-05,40.29905700683594,41.70600128173828,42.45800018310547,41.2599983215332,41.5620002746582,9834000,2026-10-08
2023-01-06,43.0248908996582,44.527000427246094,44.73400115966797,42.0359992980957,42.91400146484375,14810000,2026-10-08
2023-01-09,43.716732025146484,45.24300003051758,46.34000015258789,44.46200180053711,45.119998931884766,14079000,2026-10-08
2023-01-10,44.313880920410156,45.861000061035156,45.88100051879883,44.715999603271484,44.80799865722656,10676000,2026-10-08
2023-01-11,44.863685607910156,46.43000030517578,46.44499969482422,44.55699920654297,44.77000045776367,15429000,2026-10-08
2023-01-12,45.41832733154297,47.00400161743164,47.553001403808594,45.34000015258789,46.999000549316406,14299000,2026-10-08
2023-01-13,45.76908493041992,47.367000579833984,47.481998443603516,46.22999954223633,46.22999954223633,12025000,2026-10-08
2023-01-17,45.5101203918457,47.0989990234375,47.367000579833984,46.3390007019043,46.99100112915039,9474000,2026-10-08
2023-01-18,45.113948822021484,46.68899917602539,48.34700012207031,46.652000427246094,47.71799850463867,11939000,2026-10-08
2023-01-19,43.85780715942383,45.388999938964844,46.47700119018555,45.3650016784668,46.22999954223633,10887000,2026-10-08
2023-01-20,45.65602493286133,47.25,47.26599884033203,45.68199920654297,45.909000396728516,12599000,2026-10-08
2023-01-23,47.422359466552734,49.077999114990234,49.88399887084961,47.23899841308594,47.47999954223633,16545000,2026-10-08
2023-01-24,47.10542297363281,48.75,49.172000885009766,48.387001037597656,48.520999908447266,9723000,2026-10-08
2023-01-25,47.1923828125,48.84000015258789,49.138999938964844,46.70000076293945,47.21900177001953,17697000,2026-10-08
2023-01-26,48.09584045410156,49.775001525878906,49.86600112915039,47.400001525878906,48.474998474121094,24658000,2026-10-08
2023-01-27,46.65900802612305,48.28799819946289,49.792999267578125,48.25699996948242,48.79899978637695,17116000,2026-10-08
2023-01-30,46.24834442138672,47.862998962402344,48.37900161743164,47.340999603271484,47.63600158691406,15608000,2026-10-08
2023-01-31,48.322914123535156,50.0099983215332,50.02000045776367,48.0,48.071998596191406,18132000,2026-10-08
2023-02-01,51.2371711730957,53.0260009765625,53.40299987792969,49.8489990234375,49.86899948120117,24886000,2026-10-08
2023-02-02,52.278812408447266,54.104000091552734,54.8849983215332,52.98500061035156,53.90399932861328,20193000,2026-10-08
2023-02-03,51.139583587646484,52.92499923706055,53.994998931884766,52.64799880981445,52.93000030517578,12684000,2026-10-08
2023-02-06,50.337581634521484,52.095001220703125,53.0,51.82500076293945,52.189998626708984,10082000,2026-10-08
2023-02-07,51.525115966796875,53.32400131225586,53.65800094604492,51.683998107910156,52.18899917602539,12541000,2026-10-08
2023-02-08,50.0438346862793,51.79100036621094,53.327999114990234,51.45399856567383,52.900001525878906,11435000,2026-10-08
2023-02-09,49.812896728515625,51.551998138427734,53.29999923706055,51.236000061035156,52.79899978637695,10732000,2026-10-08
2023-02-10,48.796390533447266,50.5,51.3849983215332,49.84299850463867,51.09600067138672,10364000,2026-10-08
2023-02-13,49.30754089355469,51.02899932861328,51.09700012207031,50.23099899291992,50.82500076293945,8892000,2026-10-08
2023-02-14,49.87956619262695,51.62099838256836,52.0880012512207,49.90700149536133,50.29100036621094,9487000,2026-10-08
2023-02-15,50.2738037109375,52.02899932861328,52.064998626708984,50.39500045776367,50.67100143432617,8541000,2026-10-08
2023-02-16,48.44176483154297,50.132999420166016,51.479000091552734,50.034000396728516,50.814998626708984,10906000,2026-10-08
2023-02-17,47.89389419555664,49.566001892089844,49.92300033569336,48.750999450683594,49.92300033569336,13841000,2026-10-08
2023-02-21,46.21549606323242,47.82899856567383,49.20000076293945,47.70600128173828,48.79999923706055,12458000,2026-10-08
2023-02-22,46.114044189453125,47.7239990234375,48.52299880981445,47.430999755859375,48.11000061035156,10418000,2026-10-08
2023-02-23,46.90057373046875,48.53799819946289,49.29199981689453,47.345001220703125,49.073001861572266,12271000,2026-10-08
2023-02-24,46.24641418457031,47.861000061035156,48.382999420166016,47.36800003051758,47.72600173950195,10353000,2026-10-08
2023-02-27,46.642578125,48.270999908447266,49.09199905395508,48.117000579833984,48.972999572753906,7905000,2026-10-08
2023-02-28,46.96145248413086,48.60100173950195,49.34600067138672,47.922000885009766,48.25600051879883,10899000,2026-10-08
2023-03-01,47.435882568359375,49.09199905395508,49.742000579833984,48.72200012207031,48.994998931884766,8566000,2026-10-08
2023-03-02,47.345062255859375,48.99800109863281,49.409000396728516,47.428001403808594,47.900001525878906,8731000,2026-10-08
2023-03-03,47.50642776489258,49.165000915527344,49.31999969482422,48.00699996948242,48.891998291015625,16844000,2026-10-08
2023-03-06,46.88511276245117,48.52199935913086,49.941001892089844,48.27799987792969,49.47600173950195,9731000,2026-10-08
2023-03-07,46.34787368774414,47.965999603271484,48.926998138427734,47.672000885009766,48.676998138427734,9382000,2026-10-08
2023-03-08,47.675514221191406,49.34000015258789,49.54800033569336,48.172000885009766,48.20899963378906,10541000,2026-10-08
2023-03-09,47.37404251098633,49.02799987792969,50.38100051879883,48.82600021362305,49.14500045776367,13287000,2026-10-08
2023-03-10,46.26670455932617,47.88199996948242,49.60599899291992,47.35300064086914,49.444000244140625,11804000,2026-10-08
2023-03-13,46.090843200683594,47.70000076293945,48.367000579833984,46.702999114990234,46.90700149536133,9427000,2026-10-08
2023-03-14,47.90480422973633,49.39799880981445,49.970001220703125,48.4630012512207,48.513999938964844,13106000,2026-10-08
2023-03-15,47.232749938964844,48.70500183105469,48.89899826049805,47.39899826049805,48.62900161743164,12145000,2026-10-08
2023-03-16,49.961692810058594,51.51900100708008,51.59199905395508,48.04600143432617,48.29399871826172,17754000,2026-10-08
2023-03-17,49.29932403564453,50.83599853515625,51.9900016784668,50.38100051879883,51.51900100708008,17026000,2026-10-08
2023-03-20,49.77743148803711,51.32899856567383,51.555999755859375,50.57400131225586,51.04999923706055,7553000,2026-10-08
2023-03-21,49.20235824584961,50.736000061035156,52.15700149536133,49.810001373291016,51.694000244140625,10286000,2026-10-08
2023-03-22,49.09955978393555,50.630001068115234,52.5,50.58300018310547,50.69900131225586,12139000,2026-10-08
2023-03-23,50.776302337646484,52.35900115966797,53.25600051879883,51.33300018310547,51.43899917602539,15379000,2026-10-08
2023-03-24,48.68838119506836,50.20600128173828,51.74100112915039,49.87799835205078,51.5,13960000,2026-10-08
2023-03-27,48.07838821411133,49.57699966430664,50.97999954223633,49.46799850463867,50.82600021362305,11071000,2026-10-08
2023-03-28,47.04170608520508,48.507999420166016,49.654998779296875,47.87699890136719,49.540000915527344,14636000,2026-10-08
2023-03-29,50.015995025634766,51.57500076293945,52.11600112915039,49.22600173950195,49.45399856567383,20722000,2026-10-08
2023-03-30,51.52981185913086,53.13600158691406,53.2760009765625,52.19599914550781,52.361000061035156,20558000,2026-10-08
2023-03-31,51.40956115722656,53.012001037597656,53.308998107910156,52.53900146484375,52.763999938964844,11637000,2026-10-08
2023-04-03,50.574581146240234,52.1510009765625,52.62099838256836,51.46200180053711,52.409000396728516,11100000,2026-10-08
2023-04-04,48.904640197753906,50.42900085449219,52.4109992980957,50.124000549316406,52.29999923706055,12698000,2026-10-08
2023-04-05,47.85631561279297,49.347999572753906,49.9900016784668,48.645999908447266,49.9900016784668,16073000,2026-10-08
2023-04-06,47.88637924194336,49.37900161743164,49.638999938964844,48.04499816894531,48.604000091552734,9652000,2026-10-08
2023-04-10,49.21204376220703,50.74599838256836,51.14400100708008,48.60599899291992,48.62200164794922,13389000,2026-10-08
2023-04-11,49.21689987182617,50.750999450683594,51.17599868774414,50.564998626708984,51.029998779296875,9080000,2026-10-08
2023-04-12,48.20446014404297,49.707000732421875,51.367000579833984,49.61199951171875,51.33399963378906,9728000,2026-10-08
2023-04-13,48.32859420776367,49.834999084472656,50.20800018310547,49.04999923706055,49.94900131225586,12971000,2026-10-08
2023-04-14,48.57006072998047,50.08399963378906,50.58599853515625,49.25899887084961,49.70899963378906,9245000,2026-10-08
2023-04-17,47.776790618896484,49.26599884033203,49.50299835205078,48.31100082397461,48.999000549316406,12478000,2026-10-08
2023-04-18,48.03960037231445,49.5369987487793,50.04399871826172,48.9109992980957,49.47600173950195,8993000,2026-10-08
2023-04-19,47.61775588989258,49.10200119018555,49.39099884033203,48.27399826049805,48.597999572753906,17221000,2026-10-08
2023-04-20,51.06044387817383,52.652000427246094,53.650001525878906,50.81100082397461,51.09600067138672,40480000,2026-10-08
2023-04-21,50.155643463134766,51.71900177001953,52.43299865722656,51.382999420166016,52.41899871826172,14387000,2026-10-08
2023-04-24,49.88313293457031,51.4379997253418,51.80799865722656,50.63800048828125,51.5369987487793,10247000,2026-10-08
2023-04-25,48.461456298828125,49.97200012207031,51.6619987487793,49.94599914550781,51.154998779296875,13711000,2026-10-08
2023-04-26,48.2364616394043,49.7400016784668,50.770999908447266,49.51599884033203,50.32500076293945,12949000,2026-10-08
2023-04-27,50.32050704956055,51.888999938964844,51.95100021362305,49.34199905395508,50.35499954223633,19831000,2026-10-08
2023-04-28,50.82381820678711,52.40800094604492,52.446998596191406,51.25199890136719,51.92599868774414,11458000,2026-10-08
2023-05-01,50.799564361572266,52.382999420166016,53.14899826049805,52.1349983215332,52.387001037597656,8383000,2026-10-08
2023-05-02,50.61046600341797,52.1879997253418,52.66899871826172,51.426998138427734,52.375,9466000,2026-10-08
2023-05-03,49.899627685546875,51.45500183105469,52.70000076293945,51.30099868774414,52.250999450683594,13628000,2026-10-08
2023-05-04,49.675601959228516,51.2239990234375,51.564998626708984,50.71900177001953,51.50600051879883,7802000,2026-10-08
2023-05-05,51.3746452331543,52.97600173950195,53.10900115966797,51.652000427246094,51.900001525878906,14018000,2026-10-08
2023-05-08,51.086631774902344,52.67900085449219,53.152000427246094,52.32099914550781,53.0,7957000,2026-10-08
2023-05-09,50.017940521240234,51.57699966430664,51.992000579833984,51.209999084472656,51.95800018310547,10002000,2026-10-08
2023-05-10,51.136077880859375,52.72999954223633,53.14699935913086,52.005001068115234,52.4119987487793,10968000,2026-10-08
2023-05-11,51.15354537963867,52.74800109863281,53.082000732421875,52.066001892089844,52.84400177001953,7162000,2026-10-08
2023-05-12,51.1166877746582,52.709999084472656,53.349998474121094,52.138999938964844,53.0,9168000,2026-10-08
2023-05-15,53.55760192871094,55.22700119018555,55.249000549316406,52.994998931884766,53.0,17454000,2026-10-08
2023-05-16,54.20347595214844,55.893001556396484,56.41899871826172,54.92900085449219,55.03300094604492,17385000,2026-10-08
2023-05-17,55.67558288574219,57.4109992980957,58.0260009765625,56.01100158691406,56.45100021362305,16672000,2026-10-08
2023-05-18,58.064144134521484,59.874000549316406,60.02899932861328,57.400001525878906,57.400001525878906,19223000,2026-10-08
2023-05-19,57.10599899291992,58.88600158691406,59.569000244140625,58.83000183105469,59.5260009765625,12253000,2026-10-08
2023-05-22,56.738460540771484,58.50699996948242,59.167999267578125,58.17399978637695,58.47999954223633,10423000,2026-10-08
2023-05-23,55.61545944213867,57.3489990234375,58.14699935913086,57.21200180053711,58.01100158691406,10667000,2026-10-08
2023-05-24,54.87649154663086,56.58700180053711,56.91400146484375,55.941001892089844,56.354000091552734,13255000,2026-10-08
2023-05-25,58.38998031616211,60.209999084472656,60.67900085449219,57.99300003051758,58.599998474121094,20554000,2026-10-08
2023-05-26,60.925933837890625,62.82500076293945,63.30099868774414,59.99800109863281,60.5,21989000,2026-10-08
2023-05-30,61.091758728027344,62.99599838256836,64.45999908447266,61.91999816894531,64.0,13656000,2026-10-08
2023-05-31,59.805850982666016,61.66999816894531,63.03300094604492,61.388999938964844,61.8390007019043,26891000,2026-10-08
2023-06-01,60.11229705810547,61.986000061035156,62.54800033569336,60.46699905395508,61.66999816894531,14556000,2026-10-08
2023-06-02,59.51200866699219,61.367000579833984,62.19900131225586,60.775001525878906,62.0,11814000,2026-10-08
2023-06-05,58.730369567871094,60.56100082397461,61.38999938964844,60.301998138427734,61.15700149536133,10441000,2026-10-08
2023-06-06,59.36944580078125,61.220001220703125,61.571998596191406,59.37799835205078,59.60599899291992,11062000,2026-10-08
2023-06-07,59.23174285888672,61.077999114990234,62.12300109863281,60.75699996948242,61.29199981689453,12027000,2026-10-08
2023-06-08,59.59637451171875,61.45399856567383,61.61899948120117,60.45000076293945,61.194000244140625,9108000,2026-10-08
2023-06-09,58.82539749145508,60.659000396728516,62.111000061035156,60.57600021362305,61.82600021362305,10669000,2026-10-08
2023-06-12,60.85610580444336,62.75299835205078,62.85499954223633,60.724998474121094,61.26599884033203,15094000,2026-10-08
2023-06-13,60.83034133911133,62.55400085449219,62.972999572753906,61.59000015258789,62.5,11759000,2026-10-08
2023-06-14,61.26696014404297,63.00299835205078,63.071998596191406,61.30500030517578,62.0,11219000,2026-10-08
2023-06-15,60.388851165771484,62.099998474121094,62.51300048828125,61.641998291015625,61.77000045776367,18624000,2026-10-08
2023-06-16,59.57685470581055,61.26499938964844,62.39899826049805,61.0369987487793,62.36199951171875,26787000,2026-10-08
2023-06-20,59.73536682128906,61.428001403808594,61.86800003051758,60.79600143432617,61.08100128173828,9811000,2026-10-08
2023-06-21,58.910728454589844,60.58000183105469,61.58000183105469,60.23099899291992,60.92900085449219,8987000,2026-10-08
2023-06-22,60.27895736694336,61.98699951171875,62.448001861572266,59.84199905395508,60.11000061035156,11735000,2026-10-08
2023-06-23,59.198570251464844,60.875999450683594,61.1349983215332,60.137001037597656,60.95000076293945,10806000,2026-10-08
2023-06-26,60.32370376586914,62.03300094604492,63.340999603271484,61.36899948120117,61.415000915527344,13440000,2026-10-08
2023-06-27,63.127262115478516,64.91600036621094,65.02300262451172,62.20100021362305,62.374000549316406,13355000,2026-10-08
2023-06-28,62.448490142822266,64.21800231933594,64.96700286865234,63.59700012207031,63.999000549316406,11806000,2026-10-08
2023-06-29,62.27151107788086,64.03600311279297,64.79000091552734,63.599998474121094,64.76200103759766,14023000,2026-10-08
2023-06-30,62.514617919921875,64.28600311279297,64.88700103759766,63.89099884033203,64.43299865722656,10867000,2026-10-08
2023-07-03,63.30521774291992,65.0989990234375,65.10099792480469,63.8849983215332,64.28600311279297,6219000,2026-10-08
2023-07-05,61.1259651184082,62.858001708984375,64.60800170898438,62.849998474121094,64.40699768066406,11052000,2026-10-08
2023-07-06,60.388851165771484,62.099998474121094,62.27399826049805,61.16600036621094,61.74399948120117,12975000,2026-10-08
2023-07-07,60.08447265625,61.7869987487793,62.93600082397461,61.694000244140625,62.1870002746582,7288000,2026-10-08
2023-07-10,61.034549713134766,62.763999938964844,63.02799987792969,61.7599983215332,62.0,12882000,2026-10-08
2023-07-11,60.23520278930664,61.94200134277344,63.013999938964844,60.82600021362305,62.85499954223633,12028000,2026-10-08
2023-07-12,60.544437408447266,62.2599983215332,62.900001525878906,61.77899932861328,62.895999908447266,13032000,2026-10-08
2023-07-13,62.07118225097656,63.83000183105469,64.20800018310547,62.70000076293945,62.70000076293945,10887000,2026-10-08
2023-07-14,62.09646224975586,63.85599899291992,64.71800231933594,63.59199905395508,64.21199798583984,9191000,2026-10-08
2023-07-17,64.18819427490234,66.00700378417969,66.38300323486328,63.5,63.5,13834000,2026-10-08
2023-07-18,63.78657150268555,65.59400177001953,66.0989990234375,64.86799621582031,65.42400360107422,10231000,2026-10-08
2023-07-19,62.247196197509766,64.01100158691406,65.4209976196289,63.821998596191406,65.24500274658203,9326000,2026-10-08
2023-07-20,59.85594177246094,61.551998138427734,62.98699951171875,61.26100158691406,62.970001220703125,16720000,2026-10-08
2023-07-21,60.64459991455078,62.362998962402344,62.69499969482422,61.79899978637695,61.95199966430664,25742000,2026-10-08
2023-07-24,62.14216232299805,63.90299987792969,64.25900268554688,62.900001525878906,62.94900131225586,11475000,2026-10-08
2023-07-25,63.23228454589844,65.02400207519531,65.43800354003906,63.80500030517578,63.90299987792969,9087000,2026-10-08
2023-07-26,62.46696853637695,64.23699951171875,64.83399963378906,63.2140007019043,64.2020034790039,13614000,2026-10-08
2023-07-27,68.26079559326172,70.19499969482422,71.59400177001953,67.33200073242188,67.5,33900000,2026-10-08
2023-07-28,70.13858795166016,72.1259994506836,72.40699768066406,70.55999755859375,71.02899932861328,18500000,2026-10-08
2023-07-31,69.86922454833984,71.8489990234375,72.65299987792969,71.37200164794922,72.14600372314453,11332000,2026-10-08
2023-08-01,69.61734771728516,71.58999633789062,71.9489974975586,70.84400177001953,70.88500213623047,9528000,2026-10-08
2023-08-02,66.69805908203125,68.58799743652344,70.7249984741211,68.36000061035156,70.5199966430664,14973000,2026-10-08
2023-08-03,67.42547607421875,69.33599853515625,69.5009994506836,67.75199890136719,68.12100219726562,12155000,2026-10-08
2023-08-04,67.14344787597656,69.0459976196289,70.26300048828125,68.65299987792969,69.33599853515625,6652000,2026-10-08
2023-08-07,68.5924072265625,70.53600311279297,70.65599822998047,69.12300109863281,69.80000305175781,6848000,2026-10-08
2023-08-08,67.68219757080078,69.5999984741211,69.84300231933594,68.66799926757812,69.56099700927734,8094000,2026-10-08
2023-08-09,66.71460723876953,68.6050033569336,69.99500274658203,68.56900024414062,69.677001953125,8139000,2026-10-08
2023-08-10,66.7476577758789,68.63899993896484,70.0979995727539,68.08799743652344,69.16300201416016,9376000,2026-10-08
2023-08-11,63.40050506591797,65.1969985961914,67.2490005493164,65.13999938964844,67.08100128173828,16035000,2026-10-08
2023-08-14,64.88154602050781,66.72000122070312,66.72599792480469,64.69999694824219,65.0999984741211,13017000,2026-10-08
2023-08-15,63.77585983276367,65.58300018310547,66.58100128173828,65.46499633789062,66.12000274658203,6713000,2026-10-08
2023-08-16,62.84815216064453,64.62899780273438,65.98699951171875,64.56900024414062,65.94599914550781,8088000,2026-10-08
2023-08-17,63.068904876708984,64.85600280761719,65.9209976196289,64.67500305175781,65.01799774169922,8914000,2026-10-08
2023-08-18,63.49483871459961,65.29399871826172,65.6729965209961,63.946998596191406,64.26300048828125,9336000,2026-10-08
2023-08-21,65.07994842529297,66.92400360107422,67.22599792480469,65.37200164794922,65.5,9083000,2026-10-08
2023-08-22,64.8445816040039,66.68199920654297,68.05500030517578,66.41500091552734,67.73999786376953,6273000,2026-10-08
2023-08-23,65.94053649902344,67.80899810791016,68.16999816894531,66.48500061035156,66.64399719238281,8713000,2026-10-08
2023-08-24,63.78560256958008,65.59300231933594,69.1719970703125,65.28600311279297,69.06600189208984,11349000,2026-10-08
2023-08-25,64.2076416015625,66.0270004272461,66.63600158691406,64.6510009765625,65.8759994506836,7601000,2026-10-08
2023-08-28,64.79595947265625,66.63200378417969,67.47599792480469,66.16500091552734,66.97599792480469,6092000,2026-10-08
2023-08-29,66.5784683227539,68.46499633789062,69.16799926757812,66.18399810791016,66.31800079345703,10398000,2026-10-08
2023-08-30,66.76127624511719,68.65299987792969,68.9260025024414,67.2300033569336,68.375,9026000,2026-10-08
2023-08-31,68.30455017089844,70.23999786376953,70.44000244140625,68.06600189208984,68.06600189208984,16816000,2026-10-08
2023-09-01,68.26175689697266,70.19599914550781,71.19100189208984,69.80999755859375,70.9280014038086,6454000,2026-10-08
2023-09-05,68.14604187011719,70.0770034790039,70.74700164794922,69.5199966430664,69.82499694824219,5199000,2026-10-08
2023-09-06,67.70552062988281,69.6240005493164,70.84500122070312,68.77400207519531,69.71600341796875,9013000,2026-10-08
2023-09-07,65.80535888671875,67.66999816894531,68.16100311279297,66.5,68.0999984741211,12039000,2026-10-08
2023-09-08,65.044921875,66.88800048828125,68.0459976196289,66.6510009765625,67.3499984741211,9023000,2026-10-08
2023-09-11,64.53926086425781,66.36799621582031,67.53700256347656,65.10399627685547,67.36199951171875,9529000,2026-10-08
2023-09-12,63.66335678100586,65.2699966430664,66.4530029296875,65.18900299072266,65.41899871826172,8924000,2026-10-08
2023-09-13,64.24466705322266,65.86599731445312,66.70999908447266,65.28600311279297,65.7509994506836,8777000,2026-10-08
2023-09-14,64.02717590332031,65.64299774169922,66.75,65.0999984741211,66.7239990234375,10359000,2026-10-08
2023-09-15,60.77718734741211,62.31100082397461,64.79299926757812,61.777000427246094,64.697998046875,31613000,2026-10-08
2023-09-18,62.00032043457031,63.564998626708984,63.64899826049805,61.82099914550781,62.07699966430664,12598000,2026-10-08
2023-09-19,60.97616195678711,62.51499938964844,63.67599868774414,62.17300033569336,63.564998626708984,10945000,2026-10-08
2023-09-20,60.362648010253906,61.88600158691406,63.27399826049805,61.72999954223633,62.75,8468000,2026-10-08
2023-09-21,59.536502838134766,61.03900146484375,61.8129997253418,60.89899826049805,61.02399826049805,11694000,2026-10-08
2023-09-22,60.38703155517578,61.9109992980957,62.89400100708008,61.54999923706055,61.99700164794922,12743000,2026-10-08
2023-09-25,60.5313835144043,62.058998107910156,62.30099868774414,61.362998962402344,61.52899932861328,7635000,2026-10-08
2023-09-26,59.10829544067383,60.599998474121094,61.551998138427734,60.35200119018555,61.194000244140625,10590000,2026-10-08
2023-09-27,59.880794525146484,61.391998291015625,61.77199935913086,60.26300048828125,61.19900131225586,11951000,2026-10-08
2023-09-28,61.20732498168945,62.75199890136719,63.053001403808594,60.76300048828125,61.09700012207031,11734000,2026-10-08
2023-09-29,61.134178161621094,62.676998138427734,63.736000061035156,62.50699996948242,63.650001525878906,7707000,2026-10-08
2023-10-02,61.535057067871094,63.0880012512207,64.0999984741211,62.301998138427734,62.724998474121094,9882000,2026-10-08
2023-10-03,60.28949737548828,61.81100082397461,63.70000076293945,61.290000915527344,63.007999420166016,10197000,2026-10-08
2023-10-04,61.681365966796875,63.237998962402344,63.400001525878906,62.20199966430664,62.439998626708984,9588000,2026-10-08
2023-10-05,61.0424919128418,62.58300018310547,63.38800048828125,62.02899932861328,63.29800033569336,7537000,2026-10-08
2023-10-06,61.2648811340332,62.81100082397461,63.20800018310547,60.922000885009766,62.06700134277344,10649000,2026-10-08
2023-10-09,61.223907470703125,62.76900100708008,63.08700180053711,61.47600173950195,62.124000549316406,6921000,2026-10-08
2023-10-10,61.87644577026367,63.4379997253418,64.29499816894531,62.827999114990234,63.34600067138672,6741000,2026-10-08
2023-10-11,62.593345642089844,64.1729965209961,64.32499694824219,63.39500045776367,64.09500122070312,6615000,2026-10-08
2023-10-12,63.883792877197266,65.49600219726562,66.5,64.52100372314453,64.53500366210938,13285000,2026-10-08
2023-10-13,62.924007415771484,64.51200103759766,66.43900299072266,64.19999694824219,66.0999984741211,12292000,2026-10-08
2023-10-16,63.4682731628418,65.06999969482422,65.56300354003906,64.41200256347656,64.78199768066406,9990000,2026-10-08
2023-10-17,63.39512252807617,64.99500274658203,65.34400177001953,62.645999908447266,63.81399917602539,10340000,2026-10-08
2023-10-18,62.643089294433594,64.2239990234375,64.51499938964844,62.62799835205078,63.79999923706055,13346000,2026-10-08
2023-10-19,58.7132682800293,60.19499969482422,63.25,60.020999908447266,62.69499969482422,25078000,2026-10-08
2023-10-20,58.55720520019531,60.03499984741211,60.82099914550781,59.84199905395508,60.369998931884766,13013000,2026-10-08
2023-10-23,58.48209762573242,59.95800018310547,60.729000091552734,58.93899917602539,59.630001068115234,8106000,2026-10-08
2023-10-24,58.91518020629883,60.402000427246094,61.13399887084961,59.89400100708008,60.52199935913086,9659000,2026-10-08
2023-10-25,56.8980827331543,58.33399963378906,59.854000091552734,58.106998443603516,59.66899871826172,11332000,2026-10-08
2023-10-26,57.07267379760742,58.51300048828125,60.45800018310547,58.35200119018555,58.90999984741211,11976000,2026-10-08
2023-10-27,56.96440887451172,58.402000427246094,59.35499954223633,58.077999114990234,58.43000030517578,9497000,2026-10-08
2023-10-30,56.91368865966797,58.349998474121094,59.33700180053711,57.71900177001953,58.24100112915039,8657000,2026-10-08
2023-10-31,57.37406921386719,58.821998596191406,59.077999114990234,57.44200134277344,58.632999420166016,8179000,2026-10-08
2023-11-01,59.17267608642578,60.66600036621094,60.763999938964844,58.87699890136719,59.2869987487793,10439000,2026-10-08
2023-11-02,60.793766021728516,62.327999114990234,63.14099884033203,61.81999969482422,62.25,13560000,2026-10-08
2023-11-03,61.84717559814453,63.40800094604492,63.941001892089844,62.68899917602539,62.91999816894531,9832000,2026-10-08
2023-11-06,62.331947326660156,63.904998779296875,63.95800018310547,62.8120002746582,63.40800094604492,6929000,2026-10-08
2023-11-07,62.547508239746094,64.1259994506836,64.70899963378906,63.66899871826172,64.0,8192000,2026-10-08
2023-11-08,63.16395568847656,64.75800323486328,64.91200256347656,64.10800170898438,64.45999908447266,7304000,2026-10-08
2023-11-09,63.42536163330078,65.0260009765625,66.8499984741211,64.85099792480469,65.0,12196000,2026-10-08
2023-11-10,66.85578918457031,68.54299926757812,68.78700256347656,65.63500213623047,66.10800170898438,13734000,2026-10-08
2023-11-13,65.6853256225586,67.34300231933594,68.0009994506836,67.05500030517578,68.0,8158000,2026-10-08
2023-11-14,67.78143310546875,69.49199676513672,69.61799621582031,68.39099884033203,69.0999984741211,9555000,2026-10-08
2023-11-15,68.07208251953125,69.79000091552734,69.95600128173828,69.15299987792969,69.81999969482422,6295000,2026-10-08
2023-11-16,68.31983184814453,70.04399871826172,70.63400268554688,69.58399963378906,69.9000015258789,10047000,2026-10-08
2023-11-17,68.31007385253906,70.03399658203125,70.15599822998047,68.80000305175781,69.15599822998047,10265000,2026-10-08
2023-11-20,70.144775390625,71.91500091552734,72.0999984741211,69.73300170898438,69.73300170898438,10264000,2026-10-08
2023-11-21,68.99578094482422,70.73699951171875,71.60299682617188,70.3479995727539,71.60299682617188,8709000,2026-10-08
2023-11-22,69.97993469238281,71.74600219726562,72.822998046875,71.33999633789062,71.5,7819000,2026-10-08
2023-11-24,69.98383331298828,71.75,72.21299743652344,71.5,71.64800262451172,3006000,2026-10-08
2023-11-27,70.4666519165039,72.24500274658203,73.0989990234375,71.06800079345703,71.5,6819000,2026-10-08
2023-11-28,69.29032897949219,71.03900146484375,71.74299621582031,70.4489974975586,71.23300170898438,9053000,2026-10-08
2023-11-29,69.64147186279297,71.39900207519531,72.5469970703125,71.30500030517578,72.0,8125000,2026-10-08
2023-11-30,69.82974243164062,71.59200286865234,71.87999725341797,70.63700103759766,71.87999725341797,12922000,2026-10-08
2023-12-01,70.43055725097656,72.20800018310547,72.25900268554688,70.81199645996094,71.20800018310547,6919000,2026-10-08
2023-12-04,69.25814819335938,71.00599670410156,71.65499877929688,70.20500183105469,71.55999755859375,9036000,2026-10-08
2023-12-05,67.99795532226562,69.71399688720703,69.99500274658203,68.71800231933594,69.63400268554688,12201000,2026-10-08
2023-12-06,67.77655029296875,69.48699951171875,70.99800109863281,69.34700012207031,70.89900207519531,6348000,2026-10-08
2023-12-07,69.06016540527344,70.8030014038086,71.03199768066406,69.72100067138672,70.31600189208984,9009000,2026-10-08
2023-12-08,68.58611297607422,70.31700134277344,71.11699676513672,69.9020004272461,69.94599914550781,7944000,2026-10-08
2023-12-11,71.74830627441406,73.55899810791016,73.79900360107422,70.83999633789062,71.02400207519531,15849000,2026-10-08
2023-12-12,71.51847076416016,73.1240005493164,73.87999725341797,72.71099853515625,73.30000305175781,12019000,2026-10-08
2023-12-13,71.85198211669922,73.46499633789062,74.05899810791016,72.14900207519531,73.29499816894531,8889000,2026-10-08
2023-12-14,75.03650665283203,76.72100067138672,77.12799835205078,73.87799835205078,74.03600311279297,17234000,2026-10-08
2023-12-15,75.65167999267578,77.3499984741211,77.96800231933594,76.75700378417969,76.93299865722656,17817000,2026-10-08
2023-12-18,75.30154418945312,76.99199676513672,77.9000015258789,75.7509994506836,77.55999755859375,8841000,2026-10-08
2023-12-19,76.38618469238281,78.10099792480469,78.18399810791016,76.87300109863281,77.22200012207031,8906000,2026-10-08
2023-12-20,73.83545684814453,75.49299621582031,78.05000305175781,75.44200134277344,77.20500183105469,11409000,2026-10-08
2023-12-21,75.9861831665039,77.69200134277344,77.92500305175781,76.3499984741211,77.8499984741211,9349000,2026-10-08
2023-12-22,76.28643798828125,77.9990005493164,78.41000366210938,77.36199951171875,77.69200134277344,5251000,2026-10-08
2023-12-26,77.82390594482422,79.57099914550781,79.98699951171875,78.30400085449219,78.30400085449219,6941000,2026-10-08
2023-12-27,77.74762725830078,79.49299621582031,80.12899780273438,79.02999877929688,79.9000015258789,7623000,2026-10-08
2023-12-28,77.23319244384766,78.96700286865234,79.87200164794922,78.9010009765625,79.77999877929688,6007000,2026-10-08
2023-12-29,76.60626220703125,78.32599639892578,79.00900268554688,77.80000305175781,78.7509994506836,5191000,2026-10-08
2024-01-02,73.28482055664062,74.93000030517578,76.93800354003906,74.20700073242188,76.875,11136000,2026-10-08
2024-01-03,72.0749740600586,73.69300079345703,74.30000305175781,72.96600341796875,73.19999694824219,9224000,2026-10-08
2024-01-04,71.50281524658203,73.10800170898438,74.49099731445312,72.32499694824219,72.5780029296875,10330000,2026-10-08
2024-01-05,71.63191986083984,73.23999786376953,74.2249984741211,72.86000061035156,73.45700073242188,8219000,2026-10-08
2024-01-08,74.05355834960938,75.71600341796875,75.7699966430664,73.63400268554688,73.63400268554688,10889000,2026-10-08
2024-01-09,73.55084991455078,75.2020034790039,75.68399810791016,74.46499633789062,74.63300323486328,5904000,2026-10-08
2024-01-10,73.32296752929688,74.96900177001953,75.48400115966797,73.6510009765625,75.37799835205078,8376000,2026-10-08
2024-01-11,74.35088348388672,76.0199966430664,76.13700103759766,74.21700286865234,74.96099853515625,7742000,2026-10-08
2024-01-12,74.29905700683594,75.96700286865234,76.33499908447266,75.48600006103516,76.072998046875,4972000,2026-10-08
2024-01-16,74.44283294677734,76.11399841308594,76.88999938964844,74.802001953125,75.42900085449219,6847000,2026-10-08
2024-01-17,73.63691711425781,75.29000091552734,75.43000030517578,74.20099639892578,75.28299713134766,9631000,2026-10-08
2024-01-18,76.84000396728516,78.56500244140625,78.83899688720703,77.1780014038086,77.58999633789062,14863000,2026-10-08
2024-01-19,80.81771850585938,82.63200378417969,82.85600280761719,79.47200012207031,79.86799621582031,18628000,2026-10-08
2024-01-22,81.52385711669922,83.35399627685547,84.66100311279297,82.76699829101562,82.91300201416016,13652000,2026-10-08
2024-01-23,81.21577453613281,83.03900146484375,83.197998046875,82.14700317382812,82.96099853515625,8243000,2026-10-08
2024-01-24,82.9537582397461,84.81600189208984,85.86399841308594,83.84600067138672,85.0,19276000,2026-10-08
2024-01-25,84.65945434570312,86.55999755859375,90.00900268554688,86.47000122070312,87.69999694824219,31073000,2026-10-08
2024-01-26,82.06179809570312,83.90399932861328,86.0,83.66300201416016,85.30000305175781,16751000,2026-10-08
2024-01-29,82.72295379638672,84.58000183105469,84.68699645996094,83.4000015258789,83.56999969482422,9904000,2026-10-08
2024-01-30,81.74392700195312,83.5790023803711,84.9990005493164,83.1969985961914,84.10900115966797,10696000,2026-10-08
2024-01-31,80.70523834228516,82.51699829101562,83.78099822998047,81.56700134277344,82.19999694824219,9969000,2026-10-08
2024-02-01,81.3937759399414,83.22100067138672,83.60700225830078,82.40399932861328,83.18499755859375,7633000,2026-10-08
2024-02-02,82.02852630615234,83.87000274658203,84.63800048828125,82.72899627685547,82.72899627685547,7629000,2026-10-08
2024-02-05,83.26282501220703,85.13200378417969,85.73300170898438,83.2490005493164,83.87899780273438,8651000,2026-10-08
2024-02-06,81.6294937133789,83.46199798583984,85.73999786376953,82.37999725341797,85.29000091552734,10546000,2026-10-08
2024-02-07,82.99092102050781,84.85399627685547,85.79900360107422,83.3219985961914,83.77200317382812,8570000,2026-10-08
2024-02-08,84.5381851196289,86.43599700927734,86.95899963378906,84.61399841308594,85.19999694824219,8627000,2026-10-08
2024-02-09,89.15650177001953,91.15799713134766,91.38200378417969,87.48600006103516,88.0,18363000,2026-10-08
2024-02-12,88.8063735961914,90.80000305175781,92.4219970703125,90.4010009765625,90.55000305175781,12542000,2026-10-08
2024-02-13,87.2992172241211,89.25900268554688,90.11199951171875,87.1969985961914,87.52999877929688,12595000,2026-10-08
2024-02-14,89.55945587158203,91.56999969482422,92.89700317382812,90.76799774169922,90.86299896240234,11849000,2026-10-08
2024-02-15,89.37167358398438,91.37799835205078,92.15399932861328,90.65499877929688,91.7750015258789,8529000,2026-10-08
2024-02-16,90.56978607177734,92.60299682617188,95.5989990234375,92.34300231933594,94.04100036621094,13280000,2026-10-08
2024-02-20,88.06696319580078,90.04399871826172,92.54100036621094,89.10099792480469,91.89199829101562,10890000,2026-10-08
2024-02-21,88.21269226074219,90.19300079345703,90.22200012207031,88.67500305175781,89.50199890136719,7123000,2026-10-08
2024-02-22,92.3625259399414,94.43599700927734,94.93299865722656,92.5270004272461,93.0,12639000,2026-10-08
2024-02-23,90.81136322021484,92.8499984741211,95.00499725341797,92.61900329589844,94.71399688720703,6868000,2026-10-08
2024-02-26,91.81483459472656,93.8759994506836,94.69499969482422,93.302001953125,93.66000366210938,6091000,2026-10-08
2024-02-27,91.02945709228516,93.072998046875,94.40299987792969,92.822998046875,94.03800201416016,6303000,2026-10-08
2024-02-28,90.24115753173828,92.26699829101562,92.41000366210938,91.28500366210938,91.7239990234375,6150000,2026-10-08
2024-02-29,91.76494598388672,93.82499694824219,94.18199920654297,92.62200164794922,93.64700317382812,13084000,2026-10-08
2024-03-01,95.99791717529297,98.15299987792969,98.24500274658203,94.36499786376953,94.5,11111000,2026-10-08
2024-03-04,95.60572814941406,97.75199890136719,99.38600158691406,97.3479995727539,99.11699676513672,9016000,2026-10-08
2024-03-05,94.19539642333984,96.30999755859375,97.9000015258789,95.19000244140625,96.9990005493164,13083000,2026-10-08
2024-03-06,96.03020477294922,98.18599700927734,98.98500061035156,97.2249984741211,97.66799926757812,14329000,2026-10-08
2024-03-07,97.2732925415039,99.45700073242188,100.73899841308594,98.78500366210938,98.9010009765625,10974000,2026-10-08
2024-03-08,93.56456756591797,95.66500091552734,99.58100128173828,95.572998046875,99.27200317382812,13313000,2026-10-08
2024-03-11,91.07543182373047,93.12000274658203,94.38500213623047,92.06199645996094,94.31099700927734,13267000,2026-10-08
2024-03-12,93.19550323486328,95.08300018310547,95.08799743652344,92.8010025024414,93.34700012207031,13512000,2026-10-08
2024-03-13,90.83135986328125,92.6709976196289,94.06999969482422,92.09100341796875,93.70099639892578,10080000,2026-10-08
2024-03-14,90.73040771484375,92.56800079345703,93.78500366210938,91.62999725341797,93.3949966430664,9964000,2026-10-08
2024-03-15,89.20237731933594,91.00900268554688,92.02100372314453,90.55999755859375,90.88800048828125,19745000,2026-10-08
2024-03-18,90.69122314453125,92.52799987792969,93.49500274658203,91.99700164794922,92.24099731445312,7510000,2026-10-08
2024-03-19,91.25675201416016,93.1050033569336,93.28800201416016,90.91100311279297,91.39900207519531,7029000,2026-10-08
2024-03-20,93.02397155761719,94.90799713134766,94.99199676513672,92.33899688720703,92.5999984741211,8493000,2026-10-08
2024-03-21,96.3064956665039,98.25700378417969,100.43000030517578,97.5999984741211,98.30999755859375,14078000,2026-10-08
2024-03-22,95.84877014160156,97.79000091552734,99.052001953125,97.60199737548828,98.4749984741211,6901000,2026-10-08
2024-03-25,95.21754455566406,97.14600372314453,98.25199890136719,96.22799682617188,96.22799682617188,7405000,2026-10-08
2024-03-26,94.80294799804688,96.7229995727539,98.94400024414062,96.68900299072266,98.05000305175781,8589000,2026-10-08
2024-03-27,94.65005493164062,96.56700134277344,97.5479965209961,95.4800033569336,97.28199768066406,5896000,2026-10-08
2024-03-28,95.22833251953125,97.15699768066406,97.38999938964844,96.16300201416016,96.59600067138672,6639000,2026-10-08
2024-04-01,96.23003387451172,98.17900085449219,99.49199676513672,97.0999984741211,97.2030029296875,6514000,2026-10-08
2024-04-02,94.812744140625,96.73300170898438,97.29000091552734,95.69999694824219,96.69999694824219,9071000,2026-10-08
2024-04-03,95.89482879638672,97.83699798583984,98.81300354003906,96.00299835205078,96.18499755859375,7302000,2026-10-08
2024-04-04,93.27391052246094,95.16300201416016,100.18399810791016,94.4000015258789,99.25900268554688,9919000,2026-10-08
2024-04-05,94.9352798461914,96.85800170898438,97.77300262451172,96.05000305175781,96.58999633789062,8048000,2026-10-08
2024-04-08,94.8058853149414,96.72599792480469,97.71399688720703,96.09500122070312,97.41400146484375,5609000,2026-10-08
2024-04-09,95.40180969238281,97.33399963378906,98.197998046875,95.802001953125,98.03099822998047,5207000,2026-10-08
2024-04-10,94.25503540039062,96.16400146484375,97.5,95.48500061035156,95.89800262451172,5976000,2026-10-08
2024-04-11,96.39569091796875,98.3479995727539,98.51899719238281,96.06800079345703,96.40299987792969,7055000,2026-10-08
2024-04-12,93.80416870117188,95.7040023803711,96.92500305175781,95.19999694824219,96.3030014038086,9893000,2026-10-08
2024-04-15,92.7387466430664,94.61699676513672,98.12300109863281,93.7490005493164,97.58799743652344,7691000,2026-10-08
2024-04-16,94.41088104248047,96.322998046875,96.63099670410156,94.6780014038086,94.88400268554688,5448000,2026-10-08
2024-04-17,89.4150619506836,91.22599792480469,95.2490005493164,91.0260009765625,95.0,16686000,2026-10-08
2024-04-18,87.12738800048828,88.89199829101562,90.93299865722656,88.43900299072266,90.9229965209961,23074000,2026-10-08
2024-04-19,85.2974624633789,87.0250015258789,89.96800231933594,86.19499969482422,89.49400329589844,13545000,2026-10-08
2024-04-22,85.08377838134766,86.80699920654297,87.8740005493164,85.7979965209961,87.63999938964844,18563000,2026-10-08
2024-04-23,86.9803695678711,88.74199676513672,89.43000030517578,86.80999755859375,87.80000305175781,9823000,2026-10-08
2024-04-24,86.73239135742188,88.48899841308594,91.58599853515625,88.22699737548828,90.73400115966797,19491000,2026-10-08
2024-04-25,88.35748291015625,90.14700317382812,91.24700164794922,88.65699768066406,90.93299865722656,13093000,2026-10-08
2024-04-26,90.70003509521484,92.53700256347656,93.00299835205078,89.78700256347656,89.83999633789062,13971000,2026-10-08
2024-04-29,91.03720092773438,92.88099670410156,93.02799987792969,91.51000213623047,92.15399932861328,9025000,2026-10-08
2024-04-30,87.66549682617188,89.44100189208984,93.4530029296875,89.39299774169922,92.38600158691406,9737000,2026-10-08
2024-05-01,85.08672332763672,86.80999755859375,89.98999786376953,86.3949966430664,88.30799865722656,11878000,2026-10-08
2024-05-02,86.61380004882812,88.36799621582031,88.51799774169922,86.20899963378906,88.10399627685547,7245000,2026-10-08
2024-05-03,89.0494613647461,90.85299682617188,91.26200103759766,89.55500030517578,89.83999633789062,8752000,2026-10-08
2024-05-06,90.61869049072266,92.4540023803711,92.55000305175781,91.05699920654297,91.52799987792969,7545000,2026-10-08
2024-05-07,89.67479705810547,91.49099731445312,93.0,91.33399963378906,92.76100158691406,6746000,2026-10-08
2024-05-08,89.51504516601562,91.3280029296875,91.4000015258789,89.9000015258789,90.31700134277344,5539000,2026-10-08
2024-05-09,88.95243072509766,90.75399780273438,91.7020034790039,90.09600067138672,91.7020034790039,5767000,2026-10-08
2024-05-10,89.72480010986328,91.54199981689453,93.12000274658203,91.2239990234375,91.82599639892578,5100000,2026-10-08
2024-05-13,88.58487701416016,90.37899780273438,92.06600189208984,90.24500274658203,92.06600189208984,7394000,2026-10-08
2024-05-14,89.4425048828125,91.25399780273438,91.39299774169922,89.6520004272461,89.9000015258789,5751000,2026-10-08
2024-05-15,92.89360046386719,94.7750015258789,94.84400177001953,91.71199798583984,92.44000244140625,7133000,2026-10-08
2024-05-16,92.41824340820312,94.29000091552734,95.50700378417969,94.25,95.00499725341797,8124000,2026-10-08
2024-05-17,89.3964614868164,91.20700073242188,95.48500061035156,90.58200073242188,95.24299621582031,9106000,2026-10-08
2024-05-20,92.3339614868164,94.2040023803711,95.0,91.35299682617188,91.43900299072266,6650000,2026-10-08
2024-05-21,94.4863510131836,96.4000015258789,97.37300109863281,94.18299865722656,97.16600036621094,14234000,2026-10-08
2024-05-22,94.65985870361328,96.5770034790039,97.28800201416016,94.93499755859375,97.12300109863281,8938000,2026-10-08
2024-05-23,93.91100311279297,95.81300354003906,99.26599884033203,95.24500274658203,99.12200164794922,10576000,2026-10-08
2024-05-24,95.13031005859375,97.05699920654297,98.25399780273438,96.10900115966797,96.40799713134766,7196000,2026-10-08
2024-05-28,95.19793701171875,97.1259994506836,97.5719985961914,95.85900115966797,97.5,9942000,2026-10-08
2024-05-29,93.43171691894531,95.3239974975586,96.08399963378906,95.2020034790039,95.75299835205078,8802000,2026-10-08
2024-05-30,93.1827621459961,95.06999969482422,96.11799621582031,94.14700317382812,95.19999694824219,10577000,2026-10-08
2024-05-31,91.39301300048828,93.24400329589844,94.97200012207031,90.31500244140625,94.87300109863281,15598000,2026-10-08
2024-06-03,91.70568084716797,93.56300354003906,95.23899841308594,91.12799835205078,94.6969985961914,6806000,2026-10-08
2024-06-04,90.4412841796875,92.27300262451172,93.6969985961914,91.0260009765625,93.2020034790039,6672000,2026-10-08
2024-06-05,95.2430191040039,97.1719970703125,97.25599670410156,94.72100067138672,94.88400268554688,11660000,2026-10-08
2024-06-06,94.30895233154297,96.21900177001953,97.42900085449219,95.4260025024414,96.2020034790039,8045000,2026-10-08
2024-06-07,94.36090850830078,96.27200317382812,97.22599792480469,95.5459976196289,97.22599792480469,5813000,2026-10-08
2024-06-10,98.31578826904297,100.30699920654297,100.8499984741211,95.50199890136719,95.5250015258789,10591000,2026-10-08
2024-06-11,97.99038696289062,99.9749984741211,100.0999984741211,97.95500183105469,99.90399932861328,7123000,2026-10-08
2024-06-12,101.70319366455078,103.76300048828125,104.08999633789062,100.59600067138672,101.13600158691406,15063000,2026-10-08
2024-06-13,101.78846740722656,103.8499984741211,104.4800033569336,102.19400024414062,102.71700286865234,9582000,2026-10-08
2024-06-14,101.54146575927734,103.5979995727539,104.20700073242188,102.30500030517578,102.5,6205000,2026-10-08
2024-06-17,105.04254913330078,107.16999816894531,107.33899688720703,103.0,103.0,10497000,2026-10-08
2024-06-18,106.9947509765625,108.95800018310547,110.18099975585938,106.86499786376953,107.10099792480469,11927000,2026-10-08
2024-06-20,104.21866607666016,106.13099670410156,109.33899688720703,105.02200317382812,109.19200134277344,14615000,2026-10-08
2024-06-21,103.1424331665039,105.03500366210938,106.45700073242188,103.87100219726562,105.99700164794922,16514000,2026-10-08
2024-06-24,100.59615325927734,102.44200134277344,105.7040023803711,102.20700073242188,104.79199981689453,10415000,2026-10-08
2024-06-25,103.39282989501953,105.29000091552734,105.4520034790039,101.24500274658203,102.4739990234375,8646000,2026-10-08
2024-06-26,103.67367553710938,105.57599639892578,106.91200256347656,104.22699737548828,105.36000061035156,8787000,2026-10-08
2024-06-27,103.68055725097656,105.58300018310547,108.47599792480469,104.80500030517578,107.625,9148000,2026-10-08
2024-06-28,104.56629180908203,106.48500061035156,108.6719970703125,105.2969970703125,106.50499725341797,12237000,2026-10-08
2024-07-01,104.15192413330078,106.06300354003906,107.19200134277344,104.05000305175781,106.22599792480469,6145000,2026-10-08
2024-07-02,105.34893798828125,107.28199768066406,107.34200286865234,104.65399932861328,104.89199829101562,5504000,2026-10-08
2024-07-03,106.32307434082031,108.27400207519531,109.11900329589844,106.09100341796875,107.0,4308000,2026-10-08
2024-07-05,106.8199462890625,108.77999877929688,109.4469985961914,107.50800323486328,109.03600311279297,5599000,2026-10-08
2024-07-08,108.17606353759766,110.16100311279297,110.58599853515625,108.52400207519531,108.83899688720703,7275000,2026-10-08
2024-07-09,109.25035095214844,111.25499725341797,111.86799621582031,110.02400207519531,110.61000061035156,6242000,2026-10-08
2024-07-10,110.69877624511719,112.7300033569336,112.94999694824219,110.67500305175781,111.60700225830078,7749000,2026-10-08
2024-07-11,104.08415222167969,105.99400329589844,113.0,105.9489974975586,112.97699737548828,13516000,2026-10-08
2024-07-12,105.0543441772461,106.98200225830078,109.33999633789062,105.25199890136719,105.6989974975586,9459000,2026-10-08
2024-07-15,104.984619140625,106.91100311279297,108.19100189208984,106.25900268554688,106.98200225830078,7911000,2026-10-08
2024-07-16,105.66022491455078,107.5989990234375,108.23400115966797,106.28199768066406,107.56199645996094,6284000,2026-10-08
2024-07-17,95.02437591552734,96.76799774169922,101.91500091552734,96.71900177001953,101.91500091552734,21142000,2026-10-08
2024-07-18,93.5435562133789,95.26000213623047,98.41799926757812,93.53600311279297,98.41799926757812,16199000,2026-10-08
2024-07-19,90.05850219726562,91.71099853515625,96.69999694824219,91.55000305175781,95.9540023803711,14103000,2026-10-08
2024-07-22,95.94547271728516,97.70600128173828,98.12300109863281,93.0780029296875,94.19999694824219,13319000,2026-10-08
2024-07-23,94.23978424072266,95.96900177001953,97.72799682617188,95.60099792480469,96.3759994506836,6710000,2026-10-08
2024-07-24,89.34754943847656,90.98699951171875,95.2239990234375,90.87899780273438,95.0,13159000,2026-10-08
2024-07-25,86.81896209716797,88.41200256347656,91.76599884033203,88.19599914550781,91.09200286865234,19318000,2026-10-08
2024-07-26,87.85199737548828,89.46399688720703,90.86599731445312,88.90399932861328,90.80999755859375,11679000,2026-10-08
2024-07-29,87.62614440917969,89.23400115966797,93.13300323486328,89.0790023803711,90.91899871826172,8251000,2026-10-08
2024-07-30,83.94567108154297,85.48600006103516,90.50700378417969,85.35099792480469,90.0,13399000,2026-10-08
2024-07-31,90.46406555175781,92.1240005493164,92.4739990234375,88.05000305175781,89.3499984741211,19419000,2026-10-08
2024-08-01,81.536865234375,83.03299713134766,87.98500061035156,81.25499725341797,85.4749984741211,28880000,2026-10-08
2024-08-02,74.92520141601562,76.30000305175781,80.54299926757812,75.80000305175781,80.0,27073000,2026-10-08
2024-08-05,75.65087127685547,77.03900146484375,79.38500213623047,72.0,74.06800079345703,23639000,2026-10-08
2024-08-06,75.62926483154297,77.01699829101562,79.49800109863281,76.58599853515625,77.50399780273438,12832000,2026-10-08
2024-08-07,73.4571304321289,74.80500030517578,80.32599639892578,74.33599853515625,79.79900360107422,12823000,2026-10-08
2024-08-08,78.47309112548828,79.91300201416016,80.11799621582031,76.0,78.0199966430664,14911000,2026-10-08
2024-08-09,79.33429718017578,80.79000091552734,81.63400268554688,79.15599822998047,80.80000305175781,12528000,2026-10-08
2024-08-12,79.62789916992188,81.08899688720703,82.2509994506836,79.8219985961914,80.74400329589844,7256000,2026-10-08
2024-08-13,82.56107330322266,84.07599639892578,84.2239990234375,81.27400207519531,81.5,15018000,2026-10-08
2024-08-14,83.00984191894531,84.53299713134766,85.66899871826172,82.7249984741211,84.8759994506836,8602000,2026-10-08
2024-08-15,87.40618133544922,89.01000213623047,89.51000213623047,85.86699676513672,86.46700286865234,12064000,2026-10-08
2024-08-16,85.5443344116211,87.11399841308594,88.14099884033203,86.0,87.15399932861328,11232000,2026-10-08
2024-08-19,86.54006958007812,88.12799835205078,88.19599914550781,84.80999755859375,86.5,10306000,2026-10-08
2024-08-20,84.73126220703125,86.28600311279297,88.20500183105469,85.6259994506836,88.06500244140625,9951000,2026-10-08
2024-08-21,85.75939178466797,87.33300018310547,87.6989974975586,86.04399871826172,86.94999694824219,8452000,2026-10-08
2024-08-22,82.06615447998047,83.5719985961914,87.69999694824219,83.0,87.4990005493164,13665000,2026-10-08
2024-08-23,83.21015930175781,84.73699951171875,86.20700073242188,83.52899932861328,85.0999984741211,10671000,2026-10-08
2024-08-26,80.41544342041016,81.89099884033203,84.33999633789062,81.50399780273438,84.0999984741211,11154000,2026-10-08
2024-08-27,80.56568908691406,82.04399871826172,82.88500213623047,79.94000244140625,81.06700134277344,8911000,2026-10-08
2024-08-28,79.06031799316406,80.51100158691406,82.15499877929688,79.94300079345703,81.99299621582031,11739000,2026-10-08
2024-08-29,78.29534149169922,79.73200225830078,82.69599914550781,79.3740005493164,81.83999633789062,12437000,2026-10-08
2024-08-30,80.62166595458984,82.10099792480469,82.37699890136719,80.30400085449219,82.35900115966797,12427000,2026-10-08
2024-09-03,75.19227600097656,76.5719985961914,80.66500091552734,76.1510009765625,80.55599975585938,16690000,2026-10-08
2024-09-04,75.06659698486328,76.44400024414062,77.28199768066406,74.2770004272461,75.25299835205078,9434000,2026-10-08
2024-09-05,74.22994232177734,75.59200286865234,76.9000015258789,74.76799774169922,75.0250015258789,8197000,2026-10-08
2024-09-06,72.06075286865234,73.38300323486328,75.63899993896484,73.01799774169922,75.25199890136719,15530000,2026-10-08
2024-09-09,72.10787963867188,73.43099975585938,74.41600036621094,72.30000305175781,74.28900146484375,11506000,2026-10-08
2024-09-10,71.83784484863281,73.15599822998047,74.0250015258789,71.66200256347656,73.85399627685547,13518000,2026-10-08
2024-09-11,75.3032455444336,76.68499755859375,76.91000366210938,72.24099731445312,73.19999694824219,22202000,2026-10-08
2024-09-12,73.43061828613281,74.77799987792969,76.55000305175781,74.3489990234375,76.53399658203125,15067000,2026-10-08
2024-09-13,75.58509063720703,76.97200012207031,77.25499725341797,75.4000015258789,75.5790023803711,8713000,2026-10-08
2024-09-16,74.48035430908203,75.84700012207031,76.06500244140625,74.5,75.14600372314453,12521000,2026-10-08
2024-09-17,75.45252227783203,76.60399627685547,77.5999984741211,75.69999694824219,77.25599670410156,11458000,2026-10-08
2024-09-18,74.45081329345703,75.58699798583984,78.0,75.26699829101562,77.97000122070312,11523000,2026-10-08
2024-09-19,77.72090148925781,78.90699768066406,80.06500244140625,78.31099700927734,79.58000183105469,15943000,2026-10-08
2024-09-20,76.15677642822266,77.31900024414062,78.0,76.1500015258789,77.625,29262000,2026-10-08
2024-09-23,77.22937774658203,78.40799713134766,78.58699798583984,77.31999969482422,77.70099639892578,7389000,2026-10-08
2024-09-24,77.91690826416016,79.10600280761719,79.79900360107422,78.13999938964844,79.5999984741211,9895000,2026-10-08
2024-09-25,79.16682434082031,80.375,81.28199768066406,78.8270034790039,78.9000015258789,11680000,2026-10-08
2024-09-26,83.47606658935547,84.75,86.31900024414062,82.5,86.25800323486328,20680000,2026-10-08
2024-09-27,81.46870422363281,82.71199798583984,85.38099670410156,82.0780029296875,85.38099670410156,13895000,2026-10-08
2024-09-30,80.38128662109375,81.60800170898438,83.0989990234375,80.41400146484375,82.15899658203125,10983000,2026-10-08
2024-10-01,78.53941345214844,79.73799896240234,82.18499755859375,78.68699645996094,81.7509994506836,14368000,2026-10-08
2024-10-02,80.18528747558594,81.40899658203125,83.03700256347656,79.99700164794922,80.4000015258789,14324000,2026-10-08
2024-10-03,79.89078521728516,81.11000061035156,82.12000274658203,79.87999725341797,79.93000030517578,6725800,2026-10-08
2024-10-04,80.3143310546875,81.54000091552734,83.08999633789062,80.48999786376953,82.97000122070312,7574100,2026-10-08
2024-10-07,79.39830017089844,80.61000061035156,81.41999816894531,80.05999755859375,80.58000183105469,7542700,2026-10-08
2024-10-08,79.79228973388672,81.01000213623047,81.61000061035156,79.80000305175781,80.69999694824219,6913500,2026-10-08
2024-10-09,81.6144790649414,82.86000061035156,83.45999908447266,80.72000122070312,80.76000213623047,9078600,2026-10-08
2024-10-10,80.82649993896484,82.05999755859375,82.94999694824219,81.0199966430664,81.54000091552734,7159500,2026-10-08
2024-10-11,81.64404296875,82.88999938964844,83.73999786376953,81.27999877929688,81.48999786376953,6530300,2026-10-08
2024-10-14,84.41178131103516,85.69999694824219,86.30000305175781,83.76000213623047,83.7699966430664,8155000,2026-10-08
2024-10-15,75.21219635009766,76.36000061035156,86.55999755859375,75.91000366210938,85.80000305175781,25611300,2026-10-08
2024-10-16,73.02555084228516,74.13999938964844,77.5,73.87000274658203,77.1500015258789,20469200,2026-10-08
2024-10-17,72.04058074951172,73.13999938964844,76.5999984741211,73.02999877929688,76.45999908447266,20940600,2026-10-08
2024-10-18,71.7450942993164,72.83999633789062,74.2300033569336,72.44999694824219,74.2300033569336,18493400,2026-10-08
2024-10-21,71.7450942993164,72.83999633789062,73.0999984741211,72.08000183105469,72.62000274658203,12374900,2026-10-08
2024-10-22,71.9026870727539,73.0,73.41000366210938,71.43000030517578,72.66999816894531,13307000,2026-10-08
2024-10-23,71.76478576660156,72.86000061035156,73.47000122070312,71.55999755859375,72.37000274658203,20569100,2026-10-08
2024-10-24,75.41903686523438,76.56999969482422,77.4800033569336,74.44999694824219,76.18000030517578,23196200,2026-10-08
2024-10-25,76.51234436035156,77.68000030517578,79.5999984741211,77.08000183105469,77.47000122070312,14591100,2026-10-08
2024-10-28,74.31585693359375,75.44999694824219,78.02999877929688,75.18000030517578,77.16999816894531,10175800,2026-10-08
2024-10-29,77.13286590576172,78.30999755859375,78.73999786376953,75.44000244140625,75.8499984741211,12540800,2026-10-08
2024-10-30,75.30081939697266,76.44999694824219,77.19999694824219,75.8499984741211,76.86000061035156,11076800,2026-10-08
2024-10-31,73.2323989868164,74.3499984741211,76.0999984741211,73.44999694824219,76.0999984741211,13044900,2026-10-08
2024-11-01,73.6756362915039,74.80000305175781,75.47000122070312,74.05999755859375,74.36000061035156,10317500,2026-10-08
2024-11-04,73.05510711669922,74.16999816894531,74.9800033569336,73.76000213623047,74.43000030517578,7773000,2026-10-08
2024-11-05,75.25157928466797,76.4000015258789,76.79000091552734,74.5199966430664,74.5199966430664,8004900,2026-10-08
2024-11-06,75.62586212158203,76.77999877929688,78.08999633789062,75.2300033569336,77.68000030517578,15034800,2026-10-08
2024-11-07,78.01934051513672,79.20999908447266,79.47000122070312,77.3499984741211,78.05999755859375,11523600,2026-10-08
2024-11-08,77.02452087402344,78.19999694824219,79.36000061035156,77.47000122070312,78.83000183105469,7527100,2026-10-08
2024-11-11,75.0250473022461,76.16999816894531,77.88999938964844,74.8499984741211,77.43000030517578,10306200,2026-10-08
2024-11-12,74.5621109008789,75.69999694824219,76.66999816894531,74.66000366210938,76.41999816894531,9672300,2026-10-08
2024-11-13,72.73990631103516,73.8499984741211,75.06999969482422,73.51000213623047,74.5,11618100,2026-10-08
2024-11-14,73.66577911376953,74.79000091552734,75.63999938964844,74.5,75.44999694824219,9993900,2026-10-08
2024-11-15,68.99703216552734,70.05000305175781,72.70999908447266,69.98999786376953,71.6500015258789,14577400,2026-10-08
2024-11-18,69.50921630859375,70.56999969482422,70.80000305175781,69.63999938964844,69.88999938964844,11514900,2026-10-08
2024-11-19,69.115234375,70.16999816894531,70.5199966430664,69.55999755859375,70.05000305175781,7445900,2026-10-08
2024-11-20,68.99703216552734,70.05000305175781,70.22000122070312,68.87000274658203,70.01000213623047,8816900,2026-10-08
2024-11-21,72.03073120117188,73.12999725341797,73.44999694824219,70.83000183105469,71.19000244140625,14509000,2026-10-08
2024-11-22,71.54810333251953,72.63999938964844,73.2699966430664,71.5999984741211,72.61000061035156,8666500,2026-10-08
2024-11-25,72.60202026367188,73.70999908447266,74.02999877929688,71.63999938964844,74.01000213623047,16714200,2026-10-08
2024-11-26,71.59735107421875,72.69000244140625,74.47000122070312,72.0,74.11000061035156,7385200,2026-10-08
2024-11-27,70.49418640136719,71.56999969482422,72.87000274658203,70.41999816894531,72.7300033569336,7846700,2026-10-08
2024-11-29,72.76945495605469,73.87999725341797,75.7699966430664,73.66000366210938,73.8499984741211,10736500,2026-10-08
2024-12-02,77.32987976074219,78.51000213623047,78.86000061035156,73.86000061035156,73.87999725341797,20059300,2026-10-08
2024-12-03,77.16242218017578,78.33999633789062,78.69999694824219,77.04000091552734,77.69999694824219,9884600,2026-10-08
2024-12-04,77.08362579345703,78.26000213623047,79.83000183105469,77.61000061035156,79.54000091552734,9380400,2026-10-08
2024-12-05,74.0794677734375,75.20999908447266,77.87999725341797,74.6500015258789,77.87999725341797,12921600,2026-10-08
2024-12-06,75.43872833251953,76.58999633789062,76.69000244140625,74.69000244140625,75.13999938964844,8330000,2026-10-08
2024-12-09,76.28580474853516,77.44999694824219,78.25,75.66999816894531,76.47000122070312,10742200,2026-10-08
2024-12-10,74.00066375732422,75.12999725341797,78.25,74.41999816894531,78.13999938964844,10620100,2026-10-08
2024-12-11,77.29069519042969,78.2300033569336,78.72000122070312,75.43000030517578,76.31999969482422,14116900,2026-10-08
2024-12-12,74.6725082397461,75.58000183105469,77.36000061035156,74.94999694824219,77.25,8641500,2026-10-08
2024-12-13,75.34432983398438,76.26000213623047,77.31999969482422,75.44000244140625,76.37999725341797,10818700,2026-10-08
2024-12-16,76.89549255371094,77.83000183105469,78.12999725341797,75.31999969482422,76.2699966430664,12749600,2026-10-08
2024-12-17,76.87572479248047,77.80999755859375,78.73999786376953,77.41999816894531,77.88999938964844,14167900,2026-10-08
2024-12-18,74.29705810546875,75.19999694824219,79.30999755859375,74.62000274658203,78.04000091552734,15804700,2026-10-08
2024-12-19,70.35498046875,71.20999908447266,72.91000366210938,70.16000366210938,72.75,17426400,2026-10-08
2024-12-20,70.92802429199219,71.79000091552734,73.47000122070312,70.30000305175781,70.54000091552734,29404500,2026-10-08
2024-12-23,72.91389465332031,73.80000305175781,73.98999786376953,72.0,72.3499984741211,10406700,2026-10-08
2024-12-24,72.94352722167969,73.83000183105469,74.16999816894531,73.2300033569336,74.06999969482422,5611700,2026-10-08
2024-12-26,73.10159301757812,73.98999786376953,74.55999755859375,73.0,73.25,6297400,2026-10-08
2024-12-27,72.51868438720703,73.4000015258789,73.76000213623047,72.63999938964844,73.30000305175781,5444100,2026-10-08
2024-12-30,71.28368377685547,72.1500015258789,72.58999633789062,71.2699966430664,72.0,10381700,2026-10-08
2024-12-31,71.36273193359375,72.2300033569336,72.80000305175781,71.54000091552734,72.4000015258789,7195200,2026-10-08
2025-01-02,71.5702133178711,72.44000244140625,73.91999816894531,71.73999786376953,72.70999908447266,8075100,2026-10-08
2025-01-03,74.20816040039062,75.11000061035156,75.27999877929688,72.97000122070312,73.18000030517578,8980100,2026-10-08
2025-01-06,77.04369354248047,77.9800033569336,80.1500015258789,77.0,77.18000030517578,15164600,2026-10-08
2025-01-07,76.5892105102539,77.5199966430664,80.13999938964844,76.88999938964844,78.86000061035156,10896600,2026-10-08
2025-01-08,76.11498260498047,77.04000091552734,77.75,76.23999786376953,77.41999816894531,8690800,2026-10-08
2025-01-10,73.75366973876953,74.6500015258789,76.2300033569336,74.31999969482422,76.0199966430664,11957600,2026-10-08
2025-01-13,73.55608367919922,74.44999694824219,74.58000183105469,72.55999755859375,73.16999816894531,8321800,2026-10-08
2025-01-14,74.15875244140625,75.05999755859375,75.12999725341797,73.58999633789062,75.04000091552734,9033100,2026-10-08
2025-01-15,75.23567199707031,76.1500015258789,77.2699966430664,75.44999694824219,75.86000061035156,11085800,2026-10-08
2025-01-16,78.26880645751953,79.22000122070312,82.83000183105469,78.30999755859375,78.88999938964844,19156600,2026-10-08
2025-01-17,79.33583068847656,80.30000305175781,81.80999755859375,79.5999984741211,81.41000366210938,10351000,2026-10-08
2025-01-21,80.52142333984375,81.5,82.43000030517578,79.91999816894531,80.81999969482422,10978300,2026-10-08
2025-01-22,82.25041961669922,83.25,85.19000244140625,82.41999816894531,82.43000030517578,14716600,2026-10-08
2025-01-23,80.25466918945312,81.2300033569336,81.38999938964844,79.44999694824219,80.75,11383300,2026-10-08
2025-01-24,78.72328186035156,79.68000030517578,81.69999694824219,78.9800033569336,81.69999694824219,9091900,2026-10-08
2025-01-27,74.72190856933594,75.62999725341797,76.83000183105469,73.41000366210938,76.79000091552734,19881300,2026-10-08
2025-01-28,73.6153564453125,74.51000213623047,75.66999816894531,73.5999984741211,75.11000061035156,13597700,2026-10-08
2025-01-29,74.24767303466797,75.1500015258789,77.48999786376953,74.47000122070312,77.44999694824219,14558900,2026-10-08
2025-01-30,79.76067352294922,80.7300033569336,82.08999633789062,77.58999633789062,79.75,24878500,2026-10-08
2025-01-31,80.07683563232422,81.05000305175781,84.22000122070312,80.8499984741211,81.08999633789062,18832500,2026-10-08
2025-02-03,79.22715759277344,80.19000244140625,81.55999755859375,78.5,78.97000122070312,14537700,2026-10-08
2025-02-04,78.95051574707031,79.91000366210938,80.58000183105469,78.97000122070312,79.0,9538800,2026-10-08
2025-02-05,80.95614624023438,81.94000244140625,82.11000061035156,78.62000274658203,79.0999984741211,10738000,2026-10-08
2025-02-06,81.83545684814453,82.83000183105469,83.05999755859375,80.93000030517578,81.1500015258789,9903200,2026-10-08
2025-02-07,81.34146118164062,82.33000183105469,83.51000213623047,81.79000091552734,83.19000244140625,9833600,2026-10-08
2025-02-10,82.72466278076172,83.7300033569336,84.66999816894531,82.55999755859375,83.55000305175781,13613100,2026-10-08
2025-02-11,82.26029968261719,83.26000213623047,84.5,82.9800033569336,83.05999755859375,8903400,2026-10-08
2025-02-12,80.59058380126953,81.56999969482422,82.13999938964844,80.48999786376953,81.27999877929688,7973000,2026-10-08
2025-02-13,82.29981994628906,83.30000305175781,83.66000366210938,81.44999694824219,81.58000183105469,7845900,2026-10-08
2025-02-14,81.75641632080078,82.75,83.61000061035156,81.72000122070312,82.6500015258789,9149500,2026-10-08
2025-02-18,85.54043579101562,86.58000183105469,86.80999755859375,83.37000274658203,84.91000366210938,16205500,2026-10-08
2025-02-19,86.60746002197266,87.66000366210938,89.80000305175781,85.75,86.30000305175781,15588000,2026-10-08
2025-02-20,87.95111846923828,89.0199966430664,91.72000122070312,88.55999755859375,89.9800033569336,16888400,2026-10-08
2025-02-21,84.98714447021484,86.0199966430664,90.22000122070312,85.72000122070312,89.63999938964844,12860900,2026-10-08
2025-02-24,82.3393325805664,83.33999633789062,86.70999908447266,83.22000122070312,86.44999694824219,11728700,2026-10-08
2025-02-25,79.3259506225586,80.29000091552734,83.69999694824219,79.93000030517578,83.05999755859375,19088100,2026-10-08
2025-02-26,80.3238296508789,81.30000305175781,82.93000030517578,80.6500015258789,81.69000244140625,12427500,2026-10-08
2025-02-27,75.25543212890625,76.16999816894531,82.16999816894531,76.04000091552734,81.6500015258789,14830200,2026-10-08
2025-02-28,75.8185806274414,76.73999786376953,78.18000030517578,75.37000274658203,76.75,22608300,2026-10-08
2025-03-03,74.87010192871094,75.77999877929688,79.75,74.55000305175781,77.94000244140625,14787100,2026-10-08
2025-03-04,75.52218627929688,76.44000244140625,78.47000122070312,74.08000183105469,76.02999877929688,15417700,2026-10-08
2025-03-05,78.3365478515625,79.05000305175781,79.41000366210938,75.5199966430664,76.76000213623047,15404800,2026-10-08
2025-03-06,75.77983093261719,76.47000122070312,78.56999969482422,75.86000061035156,77.12999725341797,13195500,2026-10-08
2025-03-07,78.29692077636719,79.01000213623047,79.48999786376953,75.33999633789062,76.6500015258789,14160300,2026-10-08
2025-03-10,73.14383697509766,73.80999755859375,77.37999725341797,72.69999694824219,76.9000015258789,16652700,2026-10-08
2025-03-11,72.69790649414062,73.36000061035156,75.38999938964844,72.44999694824219,74.08000183105469,12617500,2026-10-08
2025-03-12,75.89875030517578,76.58999633789062,77.66000366210938,75.16999816894531,75.30999755859375,12702100,2026-10-08
2025-03-13,74.58075714111328,75.26000213623047,77.2699966430664,74.55000305175781,76.11000061035156,9746200,2026-10-08
2025-03-14,77.97978973388672,78.69000244140625,79.08000183105469,76.5199966430664,76.76000213623047,11862000,2026-10-08
2025-03-17,77.60323333740234,78.30999755859375,79.13999938964844,77.11000061035156,77.11000061035156,9555200,2026-10-08
2025-03-18,76.66181182861328,77.36000061035156,77.83999633789062,76.16999816894531,77.4800033569336,8094700,2026-10-08
2025-03-19,77.2266616821289,77.93000030517578,79.4800033569336,76.86000061035156,77.37000274658203,8907200,2026-10-08
2025-03-20,76.85009002685547,77.55000305175781,78.0999984741211,76.44000244140625,76.69000244140625,10689100,2026-10-08
2025-03-21,75.155517578125,75.83999633789062,76.37000274658203,75.2699966430664,76.0,20062000,2026-10-08
2025-03-24,77.2861099243164,77.98999786376953,78.77999877929688,77.37999725341797,77.73999786376953,7954800,2026-10-08
2025-03-25,76.96900177001953,77.66999816894531,78.37000274658203,77.47000122070312,77.8499984741211,6437300,2026-10-08
2025-03-26,75.45281219482422,76.13999938964844,77.86000061035156,75.12999725341797,77.75,7325600,2026-10-08
2025-03-27,74.13482666015625,74.80999755859375,76.06999969482422,74.3499984741211,75.88999938964844,8441800,2026-10-08
2025-03-28,71.95466613769531,72.61000061035156,75.30000305175781,72.2300033569336,74.62999725341797,9541500,2026-10-08
2025-03-31,72.04386138916016,72.69999694824219,72.8499984741211,70.44000244140625,71.5999984741211,11778100,2026-10-08
2025-04-01,72.17269134521484,72.83000183105469,72.8499984741211,70.75,72.04000091552734,9066200,2026-10-08
2025-04-02,73.1141128540039,73.77999877929688,74.80000305175781,71.55999755859375,71.72000122070312,7641400,2026-10-08
2025-04-03,64.6313705444336,65.22000122070312,70.55000305175781,65.11000061035156,70.22000122070312,19479400,2026-10-08
2025-04-04,58.556697845458984,59.09000015258789,63.06999969482422,57.970001220703125,62.5099983215332,26250900,2026-10-08
2025-04-07,61.63862991333008,62.20000076293945,66.0999984741211,56.31999969482422,57.91999816894531,28191400,2026-10-08
2025-04-08,59.70622253417969,60.25,66.11000061035156,58.7400016784668,64.6500015258789,19560800,2026-10-08
2025-04-09,70.46821594238281,71.11000061035156,71.87000274658203,59.91999816894531,60.689998626708984,29544700,2026-10-08
2025-04-10,65.8304443359375,66.43000030517578,68.0,63.27000045776367,68.0,20011800,2026-10-08
2025-04-11,66.8709716796875,67.4800033569336,67.95999908447266,64.58000183105469,65.69000244140625,14706200,2026-10-08
2025-04-14,67.24754333496094,67.86000061035156,69.36000061035156,66.91000366210938,68.63999938964844,9945000,2026-10-08
2025-04-15,67.82231140136719,68.44000244140625,69.54000091552734,67.94999694824219,68.08999633789062,10674200,2026-10-08
2025-04-16,64.55209350585938,65.13999938964844,66.81999969482422,62.95000076293945,65.23999786376953,17845300,2026-10-08
2025-04-17,63.184547424316406,63.7599983215332,65.37999725341797,63.47999954223633,65.33999633789062,13847700,2026-10-08
2025-04-21,61.82691192626953,62.38999938964844,62.66999816894531,61.13999938964844,62.36000061035156,14302900,2026-10-08
2025-04-22,62.907073974609375,63.47999954223633,64.0199966430664,62.560001373291016,62.970001220703125,10857300,2026-10-08
2025-04-23,66.12774658203125,66.7300033569336,68.01000213623047,66.33999633789062,66.80999755859375,18214700,2026-10-08
2025-04-24,70.26011657714844,70.9000015258789,71.20999908447266,67.55000305175781,69.66999816894531,18159400,2026-10-08
2025-04-25,70.7754135131836,71.41999816894531,72.29000091552734,70.29000091552734,70.33000183105469,9751500,2026-10-08
2025-04-28,70.92406463623047,71.56999969482422,71.94000244140625,70.04000091552734,70.94999694824219,10255000,2026-10-08
2025-04-29,70.26011657714844,70.9000015258789,71.66000366210938,70.22000122070312,70.88999938964844,8583800,2026-10-08
2025-04-30,71.02315521240234,71.66999816894531,71.83999633789062,68.52999877929688,68.88999938964844,11233900,2026-10-08
2025-05-01,71.08261108398438,71.7300033569336,73.52999877929688,71.4000015258789,72.18000030517578,14147600,2026-10-08
2025-05-02,73.84744262695312,74.5199966430664,75.48999786376953,73.69000244140625,74.25,13339400,2026-10-08
2025-05-05,73.2429428100586,73.91000366210938,74.9000015258789,73.77999877929688,73.87999725341797,6960800,2026-10-08
2025-05-06,72.49971771240234,73.16000366210938,73.87999725341797,72.58999633789062,72.58999633789062,6892700,2026-10-08
2025-05-07,74.38256072998047,75.05999755859375,75.30000305175781,72.91000366210938,73.44000244140625,9984700,2026-10-08
2025-05-08,74.22400665283203,74.9000015258789,76.41999816894531,74.81999969482422,76.0999984741211,10469400,2026-10-08
2025-05-09,74.67986297607422,75.36000061035156,76.30000305175781,74.6500015258789,75.69000244140625,7037000,2026-10-08
2025-05-12,81.5076675415039,82.25,82.55000305175781,80.66999816894531,80.66999816894531,17456900,2026-10-08
2025-05-13,84.48059844970703,85.25,85.77999877929688,82.25,82.36000061035156,11920200,2026-10-08
2025-05-14,84.20310974121094,84.97000122070312,86.04000091552734,84.33000183105469,85.13999938964844,8654500,2026-10-08
2025-05-15,84.02474975585938,84.79000091552734,85.26000213623047,83.5,84.2300033569336,9058000,2026-10-08
2025-05-16,83.6679916381836,84.43000030517578,84.45999908447266,82.52999877929688,84.41000366210938,10100400,2026-10-08
2025-05-19,83.0634994506836,83.81999969482422,84.44999694824219,82.54000091552734,82.69999694824219,9222300,2026-10-08
2025-05-20,83.52925872802734,84.29000091552734,84.3499984741211,83.05000305175781,83.52999877929688,6913300,2026-10-08
2025-05-21,82.04280090332031,82.79000091552734,84.77999877929688,82.2300033569336,83.20999908447266,8082700,2026-10-08
2025-05-22,81.81487274169922,82.55999755859375,83.81999969482422,82.05000305175781,82.63999938964844,6241600,2026-10-08
2025-05-23,80.32839965820312,81.05999755859375,81.38999938964844,79.77999877929688,80.12000274658203,8276700,2026-10-08
2025-05-27,83.18241882324219,83.94000244140625,84.12000274658203,82.30999755859375,83.04000091552734,9530200,2026-10-08
2025-05-28,83.24188232421875,84.0,85.02999877929688,83.58000183105469,83.9800033569336,9464100,2026-10-08
2025-05-29,83.40043640136719,84.16000366210938,86.26000213623047,83.61000061035156,85.8499984741211,8238500,2026-10-08
2025-05-30,80.06084442138672,80.79000091552734,83.80999755859375,79.48999786376953,83.66999816894531,19191600,2026-10-08
2025-06-02,81.73558807373047,82.4800033569336,82.52999877929688,80.43000030517578,80.58000183105469,8246300,2026-10-08
2025-06-03,82.90494537353516,83.66000366210938,84.01000213623047,81.94999694824219,82.06999969482422,8920700,2026-10-08
2025-06-04,84.00492095947266,84.7699966430664,85.04000091552734,83.48999786376953,84.20999908447266,7992200,2026-10-08
2025-06-05,84.14366912841797,84.91000366210938,86.33999633789062,84.33999633789062,85.5,10907700,2026-10-08
2025-06-06,85.57067108154297,86.3499984741211,87.58000183105469,85.86000061035156,86.26000213623047,7877800,2026-10-08
2025-06-09,87.50306701660156,88.30000305175781,89.33000183105469,87.0199966430664,87.0999984741211,14496200,2026-10-08
2025-06-10,90.17869567871094,91.0,91.37000274658203,88.33999633789062,88.79000091552734,11118900,2026-10-08
2025-06-11,90.12913513183594,90.94999694824219,91.98999786376953,89.87000274658203,91.38999938964844,10646500,2026-10-08
2025-06-12,90.83274841308594,91.66000366210938,91.9000015258789,90.48999786376953,90.62000274658203,5989700,2026-10-08
2025-06-13,88.71205139160156,89.5199966430664,91.2300033569336,88.18000030517578,88.7699966430664,10979000,2026-10-08
2025-06-16,92.56695556640625,93.41000366210938,93.58000183105469,90.86000061035156,90.94999694824219,11642100,2026-10-08
2025-06-17,91.82372283935547,92.66000366210938,95.0199966430664,92.55000305175781,93.33999633789062,10229500,2026-10-08
2025-06-18,91.63495635986328,92.23999786376953,93.5999984741211,91.80000305175781,93.05000305175781,9373900,2026-10-08
2025-06-20,89.89643859863281,90.48999786376953,93.43000030517578,87.75,93.05000305175781,22925200,2026-10-08
2025-06-23,91.00909423828125,91.61000061035156,92.76000213623047,90.29000091552734,91.37000274658203,12551300,2026-10-08
2025-06-24,95.00272369384766,95.62999725341797,95.7699966430664,93.2300033569336,93.2300033569336,12838800,2026-10-08
2025-06-25,95.39016723632812,96.0199966430664,97.37000274658203,95.31999969482422,96.25,8690500,2026-10-08
2025-06-26,96.20478057861328,96.83999633789062,96.93000030517578,95.83999633789062,96.27999877929688,9477500,2026-10-08
2025-06-27,96.56242370605469,97.19999694824219,98.0199966430664,96.38999938964844,97.04000091552734,10781000,2026-10-08
2025-06-30,96.70149993896484,97.33999633789062,97.66999816894531,96.8499984741211,97.55000305175781,8218300,2026-10-08
2025-07-01,96.17498016357422,96.80999755859375,97.31999969482422,94.48999786376953,96.58999633789062,9760300,2026-10-08
2025-07-02,98.1817398071289,98.83000183105469,98.94999694824219,95.19999694824219,95.8499984741211,11023000,2026-10-08
2025-07-03,98.161865234375,98.80999755859375,99.5,98.66000366210938,98.83000183105469,5028900,2026-10-08
2025-07-07,97.49625396728516,98.13999938964844,98.91999816894531,97.70999908447266,98.36000061035156,7239600,2026-10-08
2025-07-08,99.17518615722656,99.83000183105469,100.29000091552734,98.22000122070312,98.83000183105469,9570200,2026-10-08
2025-07-09,99.15530395507812,99.80999755859375,101.08999633789062,98.91000366210938,99.80000305175781,7323000,2026-10-08
2025-07-10,100.39710998535156,101.05999755859375,101.6500015258789,100.18000030517578,100.91999816894531,6569800,2026-10-08
2025-07-11,101.0627212524414,101.7300033569336,102.02999877929688,100.2699966430664,100.33000183105469,6203800,2026-10-08
2025-07-14,98.966552734375,99.62000274658203,101.0,98.77999877929688,100.56999969482422,12938100,2026-10-08
2025-07-15,100.40703582763672,101.06999969482422,102.19000244140625,100.61000061035156,101.54000091552734,9190600,2026-10-08
2025-07-16,99.71163940429688,100.37000274658203,100.41999816894531,96.19000244140625,97.72000122070312,15369700,2026-10-08
2025-07-17,100.1288833618164,100.79000091552734,101.37999725341797,98.26000213623047,99.45999908447266,9745900,2026-10-08
2025-07-18,99.9997329711914,100.66000366210938,101.7300033569336,100.36000061035156,101.23999786376953,8115500,2026-10-08
2025-07-21,101.07263946533203,101.73999786376953,102.58999633789062,100.7300033569336,100.87999725341797,7026700,2026-10-08
2025-07-22,97.04920959472656,97.69000244140625,101.12000274658203,97.04000091552734,101.0,14170100,2026-10-08
2025-07-23,96.46308898925781,97.0999984741211,98.37999725341797,96.4000015258789,98.26000213623047,12013900,2026-10-08
2025-07-24,97.13861846923828,97.77999877929688,98.62000274658203,97.02999877929688,97.56999969482422,9076600,2026-10-08
2025-07-25,96.3239974975586,96.95999908447266,97.33000183105469,96.31999969482422,96.69999694824219,8914400,2026-10-08
2025-07-28,97.9731216430664,98.62000274658203,99.52999877929688,97.91999816894531,98.9800033569336,8156100,2026-10-08
2025-07-29,98.29102325439453,98.94000244140625,100.22000122070312,98.02999877929688,99.38999938964844,7283700,2026-10-08
2025-07-30,98.44002532958984,99.08999633789062,100.6500015258789,97.94999694824219,99.5199966430664,12529400,2026-10-08
2025-07-31,94.21791076660156,94.83999633789062,95.62999725341797,90.94000244140625,91.0199966430664,27661800,2026-10-08
2025-08-01,95.73786926269531,96.37000274658203,96.66000366210938,92.47000122070312,92.70999908447266,16601000,2026-10-08
2025-08-04,97.76448822021484,98.41000366210938,98.80999755859375,96.63999938964844,97.43000030517578,11876700,2026-10-08
2025-08-05,96.04582977294922,96.68000030517578,99.3499984741211,95.62000274658203,98.77999877929688,12100100,2026-10-08
2025-08-06,95.3106918334961,95.94000244140625,96.47000122070312,94.2699966430664,96.30000305175781,10631900,2026-10-08
2025-08-07,98.4996337890625,99.1500015258789,100.19000244140625,97.97000122070312,98.5999984741211,9572300,2026-10-08
2025-08-08,101.08258056640625,101.75,102.2300033569336,98.98999786376953,99.1500015258789,8765100,2026-10-08
2025-08-11,101.33094024658203,102.0,104.1500015258789,101.70999908447266,103.9000015258789,8637000,2026-10-08
2025-08-12,104.58942413330078,105.27999877929688,105.63999938964844,101.38999938964844,102.6500015258789,11885800,2026-10-08
2025-08-13,106.03984832763672,106.73999786376953,107.48999786376953,105.44999694824219,106.5,12118600,2026-10-08
2025-08-14,106.67565155029297,107.37999725341797,108.0199966430664,105.58999633789062,106.19999694824219,11163800,2026-10-08
2025-08-15,98.8572769165039,99.51000213623047,105.88999938964844,99.26000213623047,104.68000030517578,23155700,2026-10-08
2025-08-18,98.23140716552734,98.87999725341797,99.80000305175781,98.4000015258789,99.0,15119300,2026-10-08
2025-08-19,99.6718978881836,100.33000183105469,100.62999725341797,98.19999694824219,98.83000183105469,11622900,2026-10-08
2025-08-20,98.4996337890625,99.1500015258789,101.0199966430664,97.31999969482422,100.98999786376953,14287700,2026-10-08
2025-08-21,97.76448822021484,98.41000366210938,99.8499984741211,97.13999938964844,98.76000213623047,10706500,2026-10-08
2025-08-22,99.42353820800781,100.08000183105469,102.55000305175781,98.58999633789062,99.05000305175781,9689700,2026-10-08
2025-08-25,100.61565399169922,101.27999877929688,101.75,99.9000015258789,99.9800033569336,5438500,2026-10-08
2025-08-26,102.95024871826172,103.62999725341797,103.98999786376953,101.0999984741211,101.30000305175781,11781100,2026-10-08
2025-08-27,102.989990234375,103.66999816894531,103.77999877929688,102.37000274658203,103.16999816894531,7214700,2026-10-08
2025-08-28,103.4072265625,104.08999633789062,104.9000015258789,102.95999908447266,104.0,7375200,2026-10-08
2025-08-29,99.49308013916016,100.1500015258789,102.69000244140625,98.80999755859375,101.91000366210938,12178800,2026-10-08
2025-09-02,96.39353942871094,97.02999877929688,97.2699966430664,94.11000061035156,95.7699966430664,14695200,2026-10-08
2025-09-03,97.09889221191406,97.73999786376953,97.86000061035156,96.44000244140625,97.02999877929688,11023300,2026-10-08
2025-09-04,99.76130676269531,100.41999816894531,101.11000061035156,97.16000366210938,97.66000366210938,8822400,2026-10-08
2025-09-05,102.27471923828125,102.94999694824219,103.01000213623047,100.68000030517578,101.69999694824219,8142000,2026-10-08
2025-09-08,104.38079833984375,105.06999969482422,106.37000274658203,104.4800033569336,105.01000213623047,7972700,2026-10-08
2025-09-09,104.87752532958984,105.56999969482422,105.81999969482422,104.45999908447266,104.91000366210938,7264300,2026-10-08
2025-09-10,106.6557846069336,107.36000061035156,107.77999877929688,104.61000061035156,106.69999694824219,12279400,2026-10-08
2025-09-11,114.82186126708984,115.58000183105469,115.9000015258789,108.29000091552734,108.3499984741211,20296100,2026-10-08
2025-09-12,116.19281768798828,116.95999908447266,117.5,115.87999725341797,115.91999816894531,11060500,2026-10-08
2025-09-15,118.42804718017578,119.20999908447266,119.33000183105469,117.02999877929688,117.80000305175781,9785700,2026-10-08
2025-09-16,119.6797866821289,120.47000122070312,120.97000122070312,118.66999816894531,119.9800033569336,9897200,2026-10-08
2025-09-17,121.10041809082031,121.9000015258789,123.27999877929688,119.51000213623047,120.81999969482422,10996100,2026-10-08
2025-09-18,125.49140930175781,126.31999969482422,128.6999969482422,125.04000091552734,126.55000305175781,13763900,2026-10-08
2025-09-19,126.08747863769531,126.91999816894531,127.80000305175781,125.0,126.36000061035156,24271900,2026-10-08
2025-09-22,131.33285522460938,132.1999969482422,132.6300048828125,129.16000366210938,129.8000030517578,13403700,2026-10-08
2025-09-23,131.06460571289062,131.92999267578125,133.57000732421875,129.36000061035156,129.75,12051100,2026-10-08
2025-09-24,127.73003387451172,128.32000732421875,130.22999572753906,127.0199966430664,130.0,12435900,2026-10-08
2025-09-25,127.54090118408203,128.1300048828125,129.05999755859375,125.0199966430664,126.44000244140625,9621700,2026-10-08
2025-09-26,127.73998260498047,128.3300018310547,128.75999450683594,126.37000274658203,127.94000244140625,8789000,2026-10-08
2025-09-29,130.48728942871094,131.08999633789062,133.36000061035156,131.02999877929688,133.0800018310547,11015500,2026-10-08
2025-09-30,133.28436279296875,133.89999389648438,134.2100067138672,130.80999755859375,131.35000610351562,10328800,2026-10-08
2025-10-01,142.13348388671875,142.7899932861328,143.08999633789062,131.94000244140625,132.41000366210938,15549100,2026-10-08
2025-10-02,146.31417846679688,146.99000549316406,147.35000610351562,143.7100067138672,146.97000122070312,16417100,2026-10-08
2025-10-03,145.13961791992188,145.80999755859375,147.91000366210938,144.60000610351562,145.82000732421875,8970300,2026-10-08
2025-10-06,148.4642333984375,149.14999389648438,153.6999969482422,149.1199951171875,149.89999389648438,11217100,2026-10-08
2025-10-07,139.7047119140625,140.35000610351562,149.36000061035156,139.5,149.22999572753906,16549800,2026-10-08
2025-10-08,141.8846435546875,142.5399932861328,142.8800048828125,137.61000061035156,137.91000366210938,13695700,2026-10-08
2025-10-09,140.3517303466797,141.0,142.86000061035156,140.5800018310547,141.75,8102500,2026-10-08
2025-10-10,130.76600646972656,131.3699951171875,141.8000030517578,131.02000427246094,140.60000610351562,18749000,2026-10-08
2025-10-13,137.1763916015625,137.80999755859375,138.89999389648438,136.5800018310547,138.08999633789062,10048100,2026-10-08
2025-10-14,137.67408752441406,138.30999755859375,140.9199981689453,134.0399932861328,134.10000610351562,10509700,2026-10-08
2025-10-15,144.11434936523438,144.77999877929688,145.22000122070312,141.10000610351562,144.0,9722700,2026-10-08
2025-10-16,141.71543884277344,142.3699951171875,147.5800018310547,140.3699951171875,147.5800018310547,11650300,2026-10-08
2025-10-17,140.85935974121094,141.50999450683594,142.64999389648438,139.82000732421875,142.25999450683594,6389800,2026-10-08
2025-10-20,143.3876953125,144.0500030517578,146.47999572753906,143.42999267578125,143.49000549316406,8919400,2026-10-08
2025-10-21,144.37315368652344,145.0399932861328,145.44000244140625,142.47000122070312,143.97999572753906,8855600,2026-10-08
2025-10-22,140.60057067871094,141.25,145.75,136.86000061035156,144.89999389648438,16927800,2026-10-08
2025-10-23,146.8616485595703,147.5399932861328,148.4600067138672,137.3699951171875,138.0,13336600,2026-10-08
2025-10-24,150.9826202392578,151.67999267578125,153.2100067138672,148.0,149.91000366210938,10966400,2026-10-08
2025-10-27,156.17860412597656,156.89999389648438,158.25,155.74000549316406,156.13999938964844,13313100,2026-10-08
2025-10-28,154.9044952392578,155.6199951171875,156.1300048828125,154.27999877929688,155.52000427246094,7939700,2026-10-08
2025-10-29,159.93128967285156,160.6699981689453,163.08999633789062,158.08999633789062,158.25,12783300,2026-10-08
2025-10-30,160.26971435546875,161.00999450683594,165.22000122070312,160.3000030517578,162.3699951171875,10440600,2026-10-08
2025-10-31,156.7360382080078,157.4600067138672,164.05999755859375,156.60000610351562,162.5500030517578,9652100,2026-10-08
2025-11-03,160.49867248535156,161.24000549316406,162.24000549316406,159.0,159.99000549316406,7302400,2026-10-08
2025-11-04,155.0637664794922,155.77999877929688,161.08999633789062,155.16000366210938,155.6300048828125,11211100,2026-10-08
2025-11-05,164.29115295410156,165.0500030517578,166.9199981689453,157.0,157.57000732421875,11130200,2026-10-08
2025-11-06,161.44430541992188,162.19000244140625,165.2100067138672,160.19000244140625,163.38999938964844,9640100,2026-10-08
2025-11-07,158.61737060546875,159.35000610351562,159.9499969482422,153.1999969482422,159.8300018310547,11609300,2026-10-08
2025-11-10,165.60508728027344,166.3699951171875,167.14999389648438,163.6999969482422,164.55999755859375,10030600,2026-10-08
2025-11-11,158.44813537597656,159.17999267578125,164.6199951171875,157.7100067138672,164.1699981689453,9144600,2026-10-08
2025-11-12,160.67784118652344,161.4199981689453,162.16000366210938,158.47999572753906,161.30999755859375,8950000,2026-10-08
2025-11-13,152.61508178710938,153.32000732421875,160.30999755859375,151.72999572753906,158.88999938964844,13693700,2026-10-08
2025-11-14,147.57833862304688,148.25999450683594,152.9499969482422,145.3699951171875,147.50999450683594,15076100,2026-10-08
2025-11-17,146.78204345703125,147.4600067138672,153.80999755859375,145.94000244140625,147.30999755859375,10487800,2026-10-08
2025-11-18,142.58143615722656,143.24000549316406,147.44000244140625,142.5,145.25,12706700,2026-10-08
2025-11-19,148.11585998535156,148.8000030517578,150.39999389648438,145.50999450683594,146.77000427246094,9818300,2026-10-08
2025-11-20,138.9481964111328,139.58999633789062,154.3699951171875,138.3000030517578,153.4600067138672,13695500,2026-10-08
2025-11-21,141.994140625,142.64999389648438,144.41000366210938,135.5,139.8000030517578,14654600,2026-10-08
2025-11-24,149.68861389160156,150.3800048828125,152.55999755859375,144.42999267578125,145.60000610351562,23096000,2026-10-08
2025-11-25,151.23146057128906,151.92999267578125,152.8000030517578,145.5,149.5500030517578,9691500,2026-10-08
2025-11-26,154.4267120361328,155.13999938964844,156.97000122070312,152.5,152.97000122070312,8398100,2026-10-08
2025-11-28,155.2827606201172,156.0,156.1999969482422,153.8300018310547,156.1999969482422,4919200,2026-10-08
2025-12-01,154.0783233642578,154.7899932861328,156.7899932861328,153.25,154.85000610351562,7416700,2026-10-08
2025-12-02,157.4626922607422,158.19000244140625,159.4499969482422,155.66000366210938,155.85000610351562,10711900,2026-10-08
2025-12-03,159.27731323242188,159.75,160.10000610351562,153.14999389648438,156.88999938964844,9964300,2026-10-08
2025-12-04,156.6251678466797,157.08999633789062,158.52000427246094,154.9199981689453,157.0500030517578,8834700,2026-10-08
2025-12-05,158.23040771484375,158.6999969482422,161.0500030517578,157.8800048828125,159.00999450683594,7834100,2026-10-08
2025-12-08,162.2584686279297,162.74000549316406,164.6199951171875,160.85000610351562,161.97999572753906,10170500,2026-10-08
2025-12-09,165.31936645507812,165.80999755859375,166.36000061035156,160.75,160.75,8127000,2026-10-08
2025-12-10,167.76211547851562,168.25999450683594,169.69000244140625,162.5399932861328,165.08999633789062,9259600,2026-10-08
2025-12-11,168.21080017089844,168.7100067138672,169.14999389648438,160.32000732421875,165.66000366210938,10000000,2026-10-08
2025-12-12,160.04501342773438,160.52000427246094,167.8000030517578,159.08999633789062,166.83999633789062,11414800,2026-10-08
2025-12-15,163.81382751464844,164.3000030517578,166.8699951171875,162.16000366210938,163.39999389648438,10258800,2026-10-08
2025-12-16,162.77691650390625,163.25999450683594,166.19000244140625,160.7899932861328,164.5,8078600,2026-10-08
2025-12-17,154.5214080810547,154.97999572753906,164.52000427246094,153.60000610351562,163.86000061035156,12277800,2026-10-08
2025-12-18,164.21266174316406,164.6999969482422,168.2899932861328,162.0,163.19000244140625,14006400,2026-10-08
2025-12-19,171.76026916503906,172.27000427246094,173.5800018310547,166.0800018310547,166.0800018310547,38469400,2026-10-08
2025-12-22,174.7414093017578,175.25999450683594,175.9600067138672,171.49000549316406,175.67999267578125,11436100,2026-10-08
2025-12-23,174.6417236328125,175.16000366210938,177.2899932861328,174.77999877929688,175.25999450683594,6483000,2026-10-08
2025-12-24,176.8052978515625,177.3300018310547,177.55999755859375,175.1999969482422,175.25999450683594,2598900,2026-10-08
2025-12-26,177.54312133789062,178.07000732421875,179.8000030517578,177.8000030517578,178.42999267578125,5238900,2026-10-08
2025-12-29,175.349609375,175.8699951171875,179.22999572753906,174.75,176.5,6663300,2026-10-08
2025-12-30,173.2657928466797,173.77999877929688,177.36000061035156,173.58999633789062,176.5399932861328,5670800,2026-10-08
2025-12-31,170.67347717285156,171.17999267578125,174.91000366210938,170.75999450683594,174.49000549316406,4935800,2026-10-08
2026-01-02,184.51242065429688,185.05999755859375,185.77999877929688,177.5,177.85000610351562,11957400,2026-10-08
2026-01-05,194.18370056152344,194.75999450683594,198.36000061035156,190.1199951171875,190.1199951171875,16268200,2026-10-08
2026-01-06,206.34762573242188,206.9600067138672,210.4499969482422,197.14999389648438,197.7899932861328,18787600,2026-10-08
2026-01-07,202.4790802001953,203.0800018310547,205.3800048828125,199.8000030517578,202.5800018310547,15121000,2026-10-08
2026-01-08,200.36537170410156,200.9600067138672,203.22000122070312,195.0399932861328,202.8699951171875,13928600,2026-10-08
2026-01-09,217.71388244628906,218.36000061035156,219.58999633789062,202.72000122070312,204.66000366210938,16758600,2026-10-08
2026-01-12,219.74783325195312,220.39999389648438,222.5800018310547,215.17999267578125,216.1199951171875,10749100,2026-10-08
2026-01-13,213.74566650390625,214.3800048828125,220.57000732421875,213.38999938964844,219.4199981689453,12737000,2026-10-08
2026-01-14,208.1721954345703,208.7899932861328,211.30999755859375,206.61000061035156,211.1300048828125,18187200,2026-10-08
2026-01-15,216.82652282714844,217.47000122070312,229.57000732421875,217.2100067138672,228.14999389648438,15249800,2026-10-08
2026-01-16,222.30027770996094,222.9600067138672,225.69000244140625,219.0,221.89999389648438,14392700,2026-10-08
2026-01-20,221.7519073486328,222.41000366210938,226.14999389648438,217.61000061035156,218.2100067138672,11601700,2026-10-08
2026-01-21,227.71420288085938,228.38999938964844,232.89999389648438,220.66000366210938,223.0500030517578,12454800,2026-10-08
2026-01-22,220.0469512939453,220.6999969482422,236.10000610351562,219.75999450683594,235.55999755859375,11958600,2026-10-08
2026-01-23,217.29513549804688,217.94000244140625,223.36000061035156,213.8699951171875,217.8699951171875,10156800,2026-10-08
2026-01-26,222.21054077148438,222.8699951171875,225.35000610351562,215.92999267578125,218.97999572753906,10625600,2026-10-08
2026-01-27,237.75440979003906,238.4600067138672,239.5,228.75999450683594,230.6300048828125,12005900,2026-10-08
2026-01-28,238.87109375,239.5800018310547,243.99000549316406,237.13999938964844,241.27000427246094,15630600,2026-10-08
2026-01-29,247.43568420410156,248.1699981689453,251.3800048828125,236.82000732421875,245.61000061035156,16801600,2026-10-08
2026-01-30,232.7692108154297,233.4600067138672,251.8699951171875,232.0,244.25999450683594,18352900,2026-10-08
2026-02-02,236.79725646972656,237.5,242.9499969482422,232.0,233.3300018310547,13299300,2026-10-08
2026-02-03,229.4191436767578,230.10000610351562,246.6199951171875,226.8800048828125,244.88999938964844,13500400,2026-10-08
2026-02-04,209.1592559814453,209.77999877929688,231.11000061035156,205.11000061035156,229.8699951171875,19608000,2026-10-08
2026-02-05,212.6788330078125,213.30999755859375,215.85000610351562,204.57000732421875,208.1300048828125,10928900,2026-10-08
2026-02-06,230.32644653320312,231.00999450683594,232.4499969482422,218.75999450683594,220.6699981689453,13848800,2026-10-08
2026-02-09,228.60157775878906,229.27999877929688,231.32000732421875,223.38999938964844,229.00999450683594,9976700,2026-10-08
2026-02-10,225.93946838378906,226.61000061035156,229.30999755859375,220.25,229.27999877929688,7909500,2026-10-08
2026-02-11,234.42428588867188,235.1199951171875,240.33999633789062,230.0399932861328,235.5500030517578,9555800,2026-10-08
2026-02-12,230.60562133789062,231.2899932861328,238.91000366210938,229.63999938964844,236.3300018310547,10662100,2026-10-08
2026-02-13,234.8330841064453,235.52999877929688,242.77999877929688,233.38999938964844,236.17999267578125,9905400,2026-10-08
2026-02-17,234.8829345703125,235.5800018310547,238.14999389648438,228.8800048828125,231.4499969482422,7368500,2026-10-08
2026-02-18,239.37957763671875,240.08999633789062,245.27000427246094,234.10000610351562,236.3800048828125,10095400,2026-10-08
2026-02-19,236.68756103515625,237.38999938964844,237.9199981689453,231.4199981689453,234.07000732421875,6384200,2026-10-08
2026-02-20,244.19529724121094,244.9199981689453,245.75999450683594,236.97000122070312,237.5500030517578,8601200,2026-10-08
2026-02-23,241.5531463623047,242.27000427246094,249.39999389648438,237.3699951171875,245.35000610351562,9488000,2026-10-08
2026-02-24,243.5272674560547,244.25,247.75999450683594,238.97999572753906,243.4499969482422,9087100,2026-10-08
2026-02-25,248.74179077148438,249.47999572753906,256.67999267578125,248.38999938964844,249.88999938964844,9835400,2026-10-08
2026-02-26,238.36260986328125,239.07000732421875,248.5,230.6999969482422,246.02999877929688,10700300,2026-10-08
2026-02-27,233.1979217529297,233.88999938964844,240.10000610351562,232.67999267578125,233.4600067138672,12988900,2026-10-08
2026-03-02,230.3164825439453,231.0,233.8300018310547,227.22999572753906,229.27999877929688,10294000,2026-10-08
2026-03-03,216.6271209716797,217.27000427246094,224.1199951171875,215.7899932861328,223.77000427246094,12442300,2026-10-08
2026-03-04,222.59657287597656,222.99000549316406,225.1199951171875,219.0,221.7100067138672,8614400,2026-10-08
2026-03-05,214.3012237548828,214.67999267578125,222.41000366210938,208.1300048828125,218.41000366210938,10241000,2026-10-08
2026-03-06,198.97830200195312,199.3300018310547,211.24000549316406,198.4499969482422,205.4499969482422,13597800,2026-10-08
2026-03-09,210.77743530273438,211.14999389648438,211.5,194.0800018310547,195.0,13421000,2026-10-08
2026-03-10,214.85023498535156,215.22999572753906,220.82000732421875,210.8800048828125,211.0,10699700,2026-10-08
2026-03-11,218.48382568359375,218.8699951171875,221.6199951171875,214.0,214.4499969482422,7160500,2026-10-08
2026-03-12,209.12039184570312,209.49000549316406,215.1699981689453,208.0,213.6699981689453,9932900,2026-10-08
2026-03-13,211.82559204101562,212.1999969482422,218.0,211.22999572753906,212.33999633789062,8906500,2026-10-08
2026-03-16,219.01287841796875,219.39999389648438,221.4600067138672,215.9499969482422,217.9499969482422,9533100,2026-10-08
2026-03-17,226.07041931152344,226.47000122070312,226.7100067138672,218.5500030517578,220.52999877929688,10043700,2026-10-08
2026-03-18,224.3135223388672,224.7100067138672,232.32000732421875,222.97999572753906,226.74000549316406,12478800,2026-10-08
2026-03-19,233.57716369628906,233.99000549316406,235.13999938964844,215.0,218.1699981689453,10101900,2026-10-08
2026-03-20,227.9570770263672,228.36000061035156,236.83999633789062,222.0500030517578,234.32000732421875,26176400,2026-10-08
2026-03-23,232.89834594726562,233.30999755859375,239.52000427246094,227.07000732421875,230.38999938964844,9506200,2026-10-08
2026-03-24,238.4185791015625,238.83999633789062,241.3699951171875,230.16000366210938,230.16000366210938,7388000,2026-10-08
2026-03-25,233.03810119628906,233.4499969482422,237.10000610351562,227.36000061035156,236.14999389648438,8330600,2026-10-08
2026-03-26,211.24661254882812,211.6199951171875,226.88999938964844,211.3800048828125,225.74000549316406,13460500,2026-10-08
2026-03-27,211.0369873046875,211.41000366210938,217.0,209.0,209.6699981689453,8503300,2026-10-08
2026-03-30,199.5772247314453,199.92999267578125,216.2899932861328,198.60000610351562,214.55999755859375,11921000,2026-10-08
2026-03-31,213.2830352783203,213.66000366210938,213.83999633789062,203.00999450683594,206.0,11725000,2026-10-08
2026-04-01,221.6182861328125,222.00999450683594,225.5,215.0,215.4499969482422,10697600,2026-10-08
2026-04-02,218.05458068847656,218.44000244140625,222.00999450683594,208.8000030517578,208.83999633789062,6805400,2026-10-08
2026-04-06,220.26068115234375,220.64999389648438,221.55999755859375,216.52999877929688,220.1300048828125,4031200,2026-10-08
2026-04-07,223.95416259765625,224.35000610351562,224.49000549316406,216.5,218.24000549316406,6818400,2026-10-08
2026-04-08,246.0550994873047,246.49000549316406,249.19000244140625,241.49000549316406,242.75,11023000,2026-10-08
2026-04-09,258.303466796875,258.760009765625,259.0,247.35000610351562,248.3300018310547,9757800,2026-10-08
2026-04-10,263.19482421875,263.6600036621094,268.2300109863281,259.3299865722656,263.19000244140625,9124700,2026-10-08
2026-04-13,266.84832763671875,267.32000732421875,267.5400085449219,260.8500061035156,263.1199951171875,8773600,2026-10-08
2026-04-14,271.9293518066406,272.4100036621094,273.5,264.8999938964844,271.8599853515625,8500600,2026-10-08
2026-04-15,264.692138671875,265.1600036621094,267.989990234375,255.47999572753906,267.0,11324200,2026-10-08
2026-04-16,260.49957275390625,260.9599914550781,266.25,259.17999267578125,263.4800109863281,7829400,2026-10-08
2026-04-17,267.12786865234375,267.6000061035156,268.760009765625,262.4200134277344,267.9700012207031,8465400,2026-10-08
2026-04-20,262.6956787109375,263.1600036621094,267.6499938964844,262.5400085449219,267.1000061035156,5989900,2026-10-08
2026-04-21,257.9141540527344,258.3699951171875,265.6000061035156,256.7099914550781,263.80999755859375,7830300,2026-10-08
2026-04-22,265.0814514160156,265.54998779296875,266.1400146484375,257.3999938964844,261.7099914550781,9803300,2026-10-08
2026-04-23,258.1037902832031,258.55999755859375,272.82000732421875,253.27999877929688,265.04998779296875,12269100,2026-10-08
2026-04-24,267.3075256347656,267.7799987792969,275.8399963378906,266.8800048828125,267.5,12313200,2026-10-08
2026-04-27,259.0121765136719,259.4700012207031,268.8299865722656,256.30999755859375,267.760009765625,8095400,2026-10-08
2026-04-28,250.78672790527344,251.22999572753906,253.6999969482422,243.0399932861328,251.97999572753906,11499500,2026-10-08
2026-04-29,248.3111114501953,248.75,253.9600067138672,241.60000610351562,253.1699981689453,9585300,2026-10-08
2026-04-30,257.4049987792969,257.8599853515625,258.5799865722656,248.66000366210938,252.38999938964844,10381100,2026-10-08
2026-05-01,256.2670593261719,256.7200012207031,260.44000244140625,250.1199951171875,255.13999938964844,8094500,2026-10-08
2026-05-04,258.1138000488281,258.57000732421875,263.0799865722656,254.9499969482422,256.69000244140625,6497400,2026-10-08
2026-05-05,275.3133544921875,275.79998779296875,280.0,266.6400146484375,266.6400146484375,11884000,2026-10-08
2026-05-06,296.64569091796875,297.1700134277344,297.8699951171875,285.8500061035156,287.0,14788600,2026-10-08
2026-05-07,286.01446533203125,286.5199890136719,298.0,283.1400146484375,297.0299987792969,9704500,2026-10-08
2026-05-08,293.53118896484375,294.04998779296875,297.4200134277344,287.5199890136719,295.7200012207031,8996700,2026-10-08
2026-05-11,295.5276184082031,296.04998779296875,300.0,292.510009765625,292.510009765625,9150000,2026-10-08
2026-05-12,288.7296447753906,289.239990234375,290.3500061035156,277.7699890136719,287.2200012207031,9341800,2026-10-08
2026-05-13,294.9187316894531,295.44000244140625,298.9800109863281,287.17999267578125,295.2699890136719,8633100,2026-10-08
2026-05-14,298.6221923828125,299.1499938964844,302.0,293.010009765625,296.3299865722656,6404900,2026-10-08
2026-05-15,284.2176513671875,284.7200012207031,289.44000244140625,276.4800109863281,289.44000244140625,9643200,2026-10-08
2026-05-18,277.46954345703125,277.9599914550781,294.55999755859375,273.0799865722656,292.739990234375,8562200,2026-10-08
2026-05-19,272.8976745605469,273.3800048828125,278.7300109863281,263.7099914550781,267.95001220703125,8308600,2026-10-08
2026-05-20,291.57464599609375,292.0899963378906,293.6300048828125,277.5199890136719,279.5799865722656,8574200,2026-10-08
2026-05-21,301.70672607421875,302.239990234375,303.17999267578125,291.79998779296875,292.6700134277344,9162400,2026-10-08
2026-05-22,304.8112487792969,305.3500061035156,309.9800109863281,303.17999267578125,305.7300109863281,7854700,2026-10-08
2026-05-26,322.11065673828125,322.67999267578125,323.9800109863281,309.6499938964844,314.7699890136719,9763600,2026-10-08
2026-05-27,318.3672790527344,318.92999267578125,333.3299865722656,314.2799987792969,331.6700134277344,8819300,2026-10-08
2026-05-28,317.4389343261719,318.0,322.6400146484375,308.739990234375,317.45001220703125,8402800,2026-10-08
2026-05-29,317.6186218261719,318.17999267578125,324.25,316.80999755859375,322.0,10872200,2026-10-08
2026-06-01,316.56048583984375,317.1199951171875,320.8299865722656,307.0400085449219,309.2699890136719,8052800,2026-10-08
2026-06-02,333.8199768066406,334.4100036621094,335.54998779296875,320.8599853515625,324.4200134277344,8632400,2026-10-08
2026-06-03,343.1035461425781,343.7099914550781,346.19000244140625,332.1300048828125,335.04998779296875,8630900,2026-10-08
2026-06-04,335.8164367675781,336.4100036621094,342.3699951171875,324.7099914550781,329.75,8277000,2026-10-08
2026-06-05,302.7449035644531,303.2799987792969,323.4200134277344,302.739990234375,320.3699951171875,13309000,2026-10-08
2026-06-08,323.8775634765625,324.45001220703125,330.67999267578125,315.0,318.54998779296875,11465100,2026-10-08
2026-06-09,326.5827941894531,327.1600036621094,349.0899963378906,306.010009765625,335.5,14466800,2026-10-08
2026-06-10,321.2322082519531,321.79998779296875,348.1600036621094,318.95001220703125,323.2900085449219,14088500,2026-10-08
2026-06-11,361.88037109375,362.5199890136719,364.80999755859375,336.20001220703125,336.6400146484375,14984000,2026-10-08
2026-06-12,366.1628112792969,366.80999755859375,373.82000732421875,354.8900146484375,359.3900146484375,9253300,2026-10-08
2026-06-15,388.23382568359375,388.9200134277344,393.07000732421875,382.3900146484375,385.989990234375,13459800,2026-10-08
2026-06-16,368.6883544921875,369.3399963378906,393.0,368.7699890136719,385.1400146484375,12054900,2026-10-08
2026-06-17,373.78289794921875,374.17999267578125,397.6300048828125,373.239990234375,382.0,10900800,2026-10-08
2026-06-18,388.6271667480469,389.0400085449219,401.0,386.8999938964844,397.2200012207031,22686600,2026-10-08
2026-06-22,409.10540771484375,409.5400085449219,409.75,392.0799865722656,398.3900146484375,14638600,2026-10-08
2026-06-23,370.9359436035156,371.3299865722656,377.1000061035156,365.260009765625,369.7099914550781,16065200,2026-10-08
2026-06-24,374.4022521972656,374.79998779296875,376.9800109863281,361.4100036621094,366.8699951171875,12016700,2026-10-08
2026-06-25,401.3935852050781,401.82000732421875,407.989990234375,372.29998779296875,407.989990234375,16824000,2026-10-08
2026-06-26,378.6877136230469,379.0899963378906,389.8800048828125,374.30999755859375,385.5,19733700,2026-10-08
2026-06-29,410.47393798828125,410.9100036621094,414.9800109863281,379.1000061035156,383.010009765625,14049600,2026-10-08
2026-06-30,432.8701477050781,433.3299865722656,438.5,414.010009765625,416.2900085449219,16885100,2026-10-08
2026-07-01,390.8448181152344,391.260009765625,415.489990234375,381.0,404.9700012207031,18699300,2026-10-08
2026-07-02,351.0370788574219,351.4100036621094,392.5,342.4800109863281,391.05999755859375,18954700,2026-10-08
2026-07-06,349.828369140625,350.20001220703125,366.0799865722656,348.2699890136719,365.3399963378906,13581700,2026-10-08
2026-07-07,325.7839050292969,326.1300048828125,330.75,313.1000061035156,322.4100036621094,15530600,2026-10-08
2026-07-08,332.79644775390625,333.1499938964844,337.5,322.7200012207031,325.4700012207031,8029400,2026-10-08
2026-07-09,352.79522705078125,353.1700134277344,369.95001220703125,350.05999755859375,365.1300048828125,12119700,2026-10-08
2026-07-10,349.9582214355469,350.3299865722656,354.7300109863281,338.1300048828125,341.3599853515625,6890900,2026-10-08
2026-07-13,329.5699157714844,329.9200134277344,337.9800109863281,326.8999938964844,335.0,9770500,2026-10-08
2026-07-14,345.73272705078125,346.1000061035156,354.6600036621094,338.8800048828125,354.6600036621094,10699100,2026-10-08
2026-07-15,335.07403564453125,335.42999267578125,357.25,319.7900085449219,357.25,10257300,2026-10-08
2026-07-16,320.619384765625,320.9599914550781,336.67999267578125,315.1600036621094,324.989990234375,10641300,2026-10-08
2026-07-17,312.9674987792969,313.29998779296875,322.07000732421875,298.6499938964844,303.8299865722656,12805700,2026-10-08
2026-07-20,306.4344787597656,306.760009765625,324.45001220703125,305.260009765625,321.1499938964844,8074400,2026-10-08
2026-07-21,321.6582946777344,322.0,328.1400146484375,313.2900085449219,328.1300048828125,11936500,2026-10-08
2026-07-22,318.951171875,319.2900085449219,322.25,310.54998779296875,310.54998779296875,6344700,2026-10-08
2026-07-23,319.4406433105469,319.7799987792969,325.8800048828125,314.3500061035156,315.5,8106900,2026-10-08
2026-07-24,304.8861083984375,305.2099914550781,319.70001220703125,301.67999267578125,312.6199951171875,9278400,2026-10-08
2026-07-27,291.300537109375,291.6099853515625,309.5,278.45001220703125,306.30999755859375,14117600,2026-10-08
2026-07-28,269.3238830566406,269.6099853515625,277.29998779296875,258.5299987792969,275.1700134277344,16097700,2026-10-08
2026-07-29,252.08221435546875,252.35000610351562,273.4599914550781,250.5,264.510009765625,16103100,2026-10-08
2026-07-30,297.404052734375,297.7200012207031,319.5,294.25,318.2900085449219,22085800,2026-10-08
2026-07-31,292.70904541015625,293.0199890136719,318.3999938964844,292.92999267578125,315.3699951171875,12561200,2026-10-08
2026-08-03,294.2973327636719,294.6099853515625,295.92999267578125,276.8399963378906,283.3399963378906,10010900,2026-10-08
2026-08-04,317.4028015136719,317.739990234375,320.25,306.1600036621094,308.8299865722656,15796600,2026-10-08
2026-08-05,307.0937805175781,307.4200134277344,323.6400146484375,305.3599853515625,318.5400085449219,9302000,2026-10-08
2026-08-06,305.44549560546875,305.7699890136719,314.1600036621094,293.6499938964844,300.0,7430400,2026-10-08
2026-08-07,311.01959228515625,311.3500061035156,315.5899963378906,303.8299865722656,311.8699951171875,6714100,2026-10-08
2026-08-10,306.0748291015625,306.3999938964844,319.989990234375,305.5,319.5,7022800,2026-10-08
2026-08-11,311.07952880859375,311.4100036621094,316.8599853515625,309.3500061035156,315.0299987792969,7669400,2026-10-08
2026-08-12,325.763916015625,326.1099853515625,329.489990234375,323.5,326.8399963378906,8075600,2026-10-08
2026-08-13,336.6523742675781,337.010009765625,345.1199951171875,324.010009765625,327.6199951171875,8901000,2026-10-08
2026-08-14,332.0072937011719,332.3599853515625,342.0,326.55999755859375,332.3599853515625,7422900,2026-10-08
2026-08-17,343.4751281738281,343.8399963378906,345.2799987792969,333.3999938964844,337.8699951171875,8505600,2026-10-08
2026-08-18,327.572021484375,327.9200134277344,329.07000732421875,317.4100036621094,324.17999267578125,10210000,2026-10-08
2026-08-19,306.84405517578125,307.1700134277344,328.57000732421875,305.0799865722656,328.5199890136719,10861500,2026-10-08
2026-08-20,310.2004699707031,310.5299987792969,312.5400085449219,302.95001220703125,305.2300109863281,6802600,2026-10-08
2026-08-21,313.6667785644531,314.0,319.1000061035156,303.8500061035156,317.8599853515625,5940400,2026-10-08
2026-08-24,309.8408508300781,310.1700134277344,311.44000244140625,297.7799987792969,307.94000244140625,8608400,2026-10-08
2026-08-25,314.3260803222656,314.6600036621094,318.6099853515625,307.8599853515625,316.20001220703125,5018300,2026-10-08
2026-08-26,312.5479736328125,312.8800048828125,315.7200012207031,308.04998779296875,314.6099853515625,4113500,2026-10-08
2026-08-27,318.2419128417969,318.5799865722656,321.4100036621094,310.44000244140625,318.8800048828125,6555900,2026-10-08
2026-08-28,301.5796203613281,301.8999938964844,318.2900085449219,301.04998779296875,318.0299987792969,8057600,2026-10-08
2026-08-31,301.1700439453125,301.489990234375,303.3999938964844,298.7699890136719,303.19000244140625,6949300,2026-10-08
2026-09-01,289.8920593261719,290.20001220703125,296.3399963378906,286.5899963378906,294.55999755859375,8249700,2026-10-08
2026-09-02,288.0140380859375,288.32000732421875,292.19000244140625,284.3999938964844,291.5,4840600,2026-10-08
2026-09-03,292.34942626953125,292.6600036621094,292.7799987792969,278.0400085449219,283.7300109863281,7207100,2026-10-08
2026-09-04,307.3235168457031,307.6499938964844,310.29998779296875,297.3800048828125,303.4700012207031,8355500,2026-10-08
2026-09-08,320.0799865722656,320.4200134277344,321.7699890136719,312.0299987792969,314.489990234375,8937400,2026-10-08
2026-09-09,315.50482177734375,315.8399963378906,322.2099914550781,312.760009765625,319.260009765625,5580100,2026-10-08
2026-09-10,297.6937561035156,298.010009765625,307.0299987792969,297.010009765625,302.1499938964844,10597400,2026-10-08
2026-09-11,297.9035339355469,298.2200012207031,303.69000244140625,294.5400085449219,303.45001220703125,9364200,2026-10-08
2026-09-14,273.19976806640625,273.489990234375,280.20001220703125,273.239990234375,275.0,13682900,2026-10-08
2026-09-15,270.5825500488281,270.8699951171875,278.6099853515625,265.3699951171875,278.6099853515625,8930500,2026-10-08
2026-09-16,268.9443054199219,269.2300109863281,277.7799987792969,265.75,277.1300048828125,7603200,2026-10-08
2026-09-17,269.0242004394531,269.30999755859375,281.3999938964844,266.8999938964844,280.4599914550781,11273200,2026-10-08
2026-09-18,287.8042297363281,288.1099853515625,288.2699890136719,272.6400146484375,274.4100036621094,19636000,2026-10-08
2026-09-21,301.959228515625,302.2799987792969,305.69000244140625,290.0400085449219,292.489990234375,11336000,2026-10-08
2026-09-22,310.6300048828125,310.9599914550781,311.3900146484375,296.0799865722656,296.82000732421875,9294800,2026-10-08
2026-09-23,307.2799987792969,307.2799987792969,309.75,298.55999755859375,307.5,9644600,2026-10-08
2026-09-24,307.1600036621094,307.1600036621094,307.2200012207031,298.8599853515625,301.8599853515625,7900100,2026-10-08
2026-09-25,315.2099914550781,315.2099914550781,317.1300048828125,307.5,309.17999267578125,8138100,2026-10-08
2026-09-28,314.4700012207031,314.4700012207031,316.30999755859375,305.5,313.8800048828125,9178800,2026-10-08
2026-09-29,323.8599853515625,323.8599853515625,328.32000732421875,319.1499938964844,323.6300048828125,7964600,2026-10-08
2026-09-30,328.510009765625,328.510009765625,330.5,322.05999755859375,324.6499938964844,7704400,2026-10-08
2026-10-01,340.1000061035156,340.1000061035156,341.6400146484375,331.04998779296875,332.0,8700100,2026-10-08
2026-10-02,347.489990234375,347.489990234375,352.55999755859375,344.7699890136719,350.0,7457400,2026-10-08
2026-10-05,345.79998779296875,345.79998779296875,351.3699951171875,341.70001220703125,346.8800048828125,6117500,2026-10-08
2026-10-06,333.8900146484375,333.8900146484375,346.8999938964844,330.8500061035156,345.1000061035156,7659800,2026-10-08
2026-10-07,329.510009765625,329.510009765625,329.75,321.1099853515625,322.05999755859375,6387800,2026-10-08
2026-10-08,317.2149963378906,317.2149963378906,331.7900085449219,316.67999267578125,320.760009765625,5683333,2026-10-08
